model,model_norm,brand,device_name,drawings_declared,drawings_found,has_pdf,parts_count,has_parts_list,catalog_status,header_confidence,action_required
75662,75662,FALA,75662,1,1,TAK,0,NIE,pdf-only,,OCR / ręczne wyciągnięcie listy części
75663,75663,FALA,75663,1,1,TAK,0,NIE,pdf-only,,OCR / ręczne wyciągnięcie listy części
75664,75664,FALA,75664,1,1,TAK,0,NIE,pdf-only,,OCR / ręczne wyciągnięcie listy części
75665,75665,FALA,75665,1,1,TAK,0,NIE,pdf-only,,OCR / ręczne wyciągnięcie listy części
75670,75670,FALA,75670,1,1,TAK,0,NIE,pdf-only,,OCR / ręczne wyciągnięcie listy części
75671,75671,FALA,75671,1,1,TAK,0,NIE,pdf-only,,OCR / ręczne wyciągnięcie listy części
75672,75672,FALA,75672,1,1,TAK,0,NIE,pdf-only,,OCR / ręczne wyciągnięcie listy części
75673,75673,FALA,75673,1,1,TAK,0,NIE,pdf-only,,OCR / ręczne wyciągnięcie listy części
75674,75674,FALA,75674,1,1,TAK,0,NIE,pdf-only,,OCR / ręczne wyciągnięcie listy części
75685,75685,FALA,75685,1,1,TAK,0,NIE,pdf-only,,OCR / ręczne wyciągnięcie listy części
75686,75686,FALA,75686,1,1,TAK,0,NIE,pdf-only,,OCR / ręczne wyciągnięcie listy części
75687,75687,FALA,75687,1,1,TAK,0,NIE,pdf-only,,OCR / ręczne wyciągnięcie listy części
75688,75688,FALA,75688,1,1,TAK,0,NIE,pdf-only,,OCR / ręczne wyciągnięcie listy części
75689,75689,FALA,75689,1,1,TAK,0,NIE,pdf-only,,OCR / ręczne wyciągnięcie listy części
75705,75705,FALA,75705 75706 75707 75708 75709 75710 75711 75712,1,1,TAK,0,NIE,pdf-only,,OCR / ręczne wyciągnięcie listy części
75716,75716,FALA,75716,1,1,TAK,0,NIE,pdf-only,,OCR / ręczne wyciągnięcie listy części
75719,75719,FALA,75719,1,1,TAK,0,NIE,pdf-only,,OCR / ręczne wyciągnięcie listy części
75740,75740,FALA,75740,1,1,TAK,0,NIE,pdf-only,,OCR / ręczne wyciągnięcie listy części
75742,75742,FALA,75742,1,1,TAK,0,NIE,pdf-only,,OCR / ręczne wyciągnięcie listy części
75743,75743,FALA,75743,1,1,TAK,0,NIE,pdf-only,,OCR / ręczne wyciągnięcie listy części
75745,75745,FALA,75745,1,1,TAK,0,NIE,pdf-only,,OCR / ręczne wyciągnięcie listy części
75747,75747,FALA,75747,1,1,TAK,0,NIE,pdf-only,,OCR / ręczne wyciągnięcie listy części
75748,75748,FALA,75748,1,1,TAK,0,NIE,pdf-only,,OCR / ręczne wyciągnięcie listy części
75749,75749,FALA,75749,1,1,TAK,0,NIE,pdf-only,,OCR / ręczne wyciągnięcie listy części
75760,75760,FALA,75760,1,1,TAK,0,NIE,pdf-only,,OCR / ręczne wyciągnięcie listy części
75762,75762,FALA,75762,1,1,TAK,0,NIE,pdf-only,,OCR / ręczne wyciągnięcie listy części
75763,75763,FALA,75763,1,1,TAK,0,NIE,pdf-only,,OCR / ręczne wyciągnięcie listy części
75764,75764,FALA,75764,1,1,TAK,0,NIE,pdf-only,,OCR / ręczne wyciągnięcie listy części
75765,75765,FALA,75765,1,1,TAK,0,NIE,pdf-only,,OCR / ręczne wyciągnięcie listy części
75767,75767,FALA,75767,1,1,TAK,0,NIE,pdf-only,,OCR / ręczne wyciągnięcie listy części
75768,75768,FALA,75768,1,1,TAK,0,NIE,pdf-only,,OCR / ręczne wyciągnięcie listy części
75770,75770,FALA,75770,1,1,TAK,0,NIE,pdf-only,,OCR / ręczne wyciągnięcie listy części
75772,75772,FALA,75772,1,1,TAK,0,NIE,pdf-only,,OCR / ręczne wyciągnięcie listy części
75773,75773,FALA,75773,1,1,TAK,0,NIE,pdf-only,,OCR / ręczne wyciągnięcie listy części
75774,75774,FALA,75774,1,1,TAK,0,NIE,pdf-only,,OCR / ręczne wyciągnięcie listy części
75775,75775,FALA,75775 75776 75777 75778 75779,2,2,TAK,0,NIE,pdf-only,,OCR / ręczne wyciągnięcie listy części
75804,75804,FALA,75804,1,1,TAK,0,NIE,pdf-only,,OCR / ręczne wyciągnięcie listy części
75805,75805,FALA,75805,1,1,TAK,0,NIE,pdf-only,,OCR / ręczne wyciągnięcie listy części
75807,75807,FALA,75807,1,1,TAK,0,NIE,pdf-only,,OCR / ręczne wyciągnięcie listy części
75808,75808,FALA,75808,1,1,TAK,0,NIE,pdf-only,,OCR / ręczne wyciągnięcie listy części
75809,75809,FALA,75809,1,1,TAK,0,NIE,pdf-only,,OCR / ręczne wyciągnięcie listy części
75811,75811,FALA,75811,1,1,TAK,0,NIE,pdf-only,,OCR / ręczne wyciągnięcie listy części
75812,75812,FALA,75812,1,1,TAK,0,NIE,pdf-only,,OCR / ręczne wyciągnięcie listy części
75813,75813,FALA,75813,1,1,TAK,0,NIE,pdf-only,,OCR / ręczne wyciągnięcie listy części
75814,75814,FALA,75814,1,1,TAK,0,NIE,pdf-only,,OCR / ręczne wyciągnięcie listy części
75815,75815,FALA,75815,1,1,TAK,0,NIE,pdf-only,,OCR / ręczne wyciągnięcie listy części
75816,75816,FALA,75816,1,1,TAK,0,NIE,pdf-only,,OCR / ręczne wyciągnięcie listy części
75817,75817,FALA,75817,1,1,TAK,0,NIE,pdf-only,,OCR / ręczne wyciągnięcie listy części
75818,75818,FALA,75818,1,1,TAK,0,NIE,pdf-only,,OCR / ręczne wyciągnięcie listy części
75827,75827,FALA,75827,1,1,TAK,0,NIE,pdf-only,,OCR / ręczne wyciągnięcie listy części
75828,75828,FALA,75828,1,1,TAK,0,NIE,pdf-only,,OCR / ręczne wyciągnięcie listy części
75829,75829,FALA,75829,1,1,TAK,0,NIE,pdf-only,,OCR / ręczne wyciągnięcie listy części
75830,75830,FALA,75830,1,1,TAK,0,NIE,pdf-only,,OCR / ręczne wyciągnięcie listy części
75831,75831,FALA,75831,1,1,TAK,0,NIE,pdf-only,,OCR / ręczne wyciągnięcie listy części
75832,75832,FALA,75832,1,1,TAK,0,NIE,pdf-only,,OCR / ręczne wyciągnięcie listy części
75833,75833,FALA,75833,1,1,TAK,0,NIE,pdf-only,,OCR / ręczne wyciągnięcie listy części
75835,75835,FALA,75835,1,1,TAK,0,NIE,pdf-only,,OCR / ręczne wyciągnięcie listy części
75836,75836,FALA,75836,1,1,TAK,0,NIE,pdf-only,,OCR / ręczne wyciągnięcie listy części
75837,75837,FALA,75837,1,1,TAK,0,NIE,pdf-only,,OCR / ręczne wyciągnięcie listy części
75838,75838,FALA,75838,1,1,TAK,0,NIE,pdf-only,,OCR / ręczne wyciągnięcie listy części
75880,75880,FALA,75880,1,1,TAK,0,NIE,pdf-only,,OCR / ręczne wyciągnięcie listy części
75881,75881,FALA,75881,1,1,TAK,0,NIE,pdf-only,,OCR / ręczne wyciągnięcie listy części
75882,75882,FALA,75882,1,1,TAK,0,NIE,pdf-only,,OCR / ręczne wyciągnięcie listy części
75883,75883,FALA,75883,1,1,TAK,0,NIE,pdf-only,,OCR / ręczne wyciągnięcie listy części
75884,75884,FALA,75884,1,1,TAK,0,NIE,pdf-only,,OCR / ręczne wyciągnięcie listy części
75885,75885,FALA,75885,1,1,TAK,0,NIE,pdf-only,,OCR / ręczne wyciągnięcie listy części
75886,75886,FALA,75886,1,1,TAK,0,NIE,pdf-only,,OCR / ręczne wyciągnięcie listy części
75887,75887,FALA,75887,1,1,TAK,0,NIE,pdf-only,,OCR / ręczne wyciągnięcie listy części
75888,75888,FALA,75888,1,1,TAK,0,NIE,pdf-only,,OCR / ręczne wyciągnięcie listy części
75889,75889,FALA,75889,1,1,TAK,0,NIE,pdf-only,,OCR / ręczne wyciągnięcie listy części
75921,75921,FALA,75921,1,1,TAK,0,NIE,pdf-only,,OCR / ręczne wyciągnięcie listy części
75923,75923,FALA,75923,1,1,TAK,0,NIE,pdf-only,,OCR / ręczne wyciągnięcie listy części
75924,75924,FALA,75924,1,1,TAK,0,NIE,pdf-only,,OCR / ręczne wyciągnięcie listy części
75930,75930,FALA,75930,1,1,TAK,0,NIE,pdf-only,,OCR / ręczne wyciągnięcie listy części
75931,75931,FALA,75931,1,1,TAK,0,NIE,pdf-only,,OCR / ręczne wyciągnięcie listy części
75932,75932,FALA,75932,1,1,TAK,0,NIE,pdf-only,,OCR / ręczne wyciągnięcie listy części
75944,75944,FALA,75944,1,1,TAK,0,NIE,pdf-only,,OCR / ręczne wyciągnięcie listy części
75945,75945,FALA,75945,1,1,TAK,0,NIE,pdf-only,,OCR / ręczne wyciągnięcie listy części
75951,75951,FALA,75951,1,1,TAK,0,NIE,pdf-only,,OCR / ręczne wyciągnięcie listy części
75953,75953,FALA,75953,1,1,TAK,0,NIE,pdf-only,,OCR / ręczne wyciągnięcie listy części
75977,75977,FALA,75977,1,1,TAK,0,NIE,pdf-only,,OCR / ręczne wyciągnięcie listy części
75978,75978,FALA,75978,1,1,TAK,0,NIE,pdf-only,,OCR / ręczne wyciągnięcie listy części
75979,75979,FALA,75979,1,1,TAK,0,NIE,pdf-only,,OCR / ręczne wyciągnięcie listy części
75980,75980,FALA,75980,1,1,TAK,0,NIE,pdf-only,,OCR / ręczne wyciągnięcie listy części
75981,75981,FALA,75981,1,1,TAK,0,NIE,pdf-only,,OCR / ręczne wyciągnięcie listy części
75982,75982,FALA,75982,1,1,TAK,0,NIE,pdf-only,,OCR / ręczne wyciągnięcie listy części
75983,75983,FALA,75983,1,1,TAK,0,NIE,pdf-only,,OCR / ręczne wyciągnięcie listy części
75984,75984,FALA,75984,1,1,TAK,0,NIE,pdf-only,,OCR / ręczne wyciągnięcie listy części
79410,79410,FLO,79410,1,1,TAK,0,NIE,pdf-only,,OCR / ręczne wyciągnięcie listy części
79413,79413,FLO,79413,1,1,TAK,0,NIE,pdf-only,,OCR / ręczne wyciągnięcie listy części
79415,79415,FLO,79415,1,1,TAK,0,NIE,pdf-only,,OCR / ręczne wyciągnięcie listy części
79416,79416,FLO,79416,1,1,TAK,0,NIE,pdf-only,,OCR / ręczne wyciągnięcie listy części
79420,79420,FLO,79420,1,1,TAK,0,NIE,pdf-only,,OCR / ręczne wyciągnięcie listy części
79442,79442,FLO,79442,1,1,TAK,0,NIE,pdf-only,,OCR / ręczne wyciągnięcie listy części
79444,79444,FLO,rysunek części FLO (PDF Drive),1,1,TAK,0,NIE,pdf-only,,OCR / ręczne wyciągnięcie listy części
79448,79448,FLO,79448,1,1,TAK,0,NIE,pdf-only,,OCR / ręczne wyciągnięcie listy części
79456,79456,FLO,79456,1,1,TAK,0,NIE,pdf-only,,OCR / ręczne wyciągnięcie listy części
79467,79467,FLO,rysunek części FLO (PDF Drive),1,1,TAK,0,NIE,pdf-only,,OCR / ręczne wyciągnięcie listy części
79473,79473,FLO,79473,1,1,TAK,0,NIE,pdf-only,,OCR / ręczne wyciągnięcie listy części
79474,79474,FLO,79474,1,1,TAK,0,NIE,pdf-only,,OCR / ręczne wyciągnięcie listy części
79475,79475,FLO,79475,1,1,TAK,0,NIE,pdf-only,,OCR / ręczne wyciągnięcie listy części
79476,79476,FLO,79476,1,1,TAK,0,NIE,pdf-only,,OCR / ręczne wyciągnięcie listy części
79477,79477,FLO,79477,1,1,TAK,0,NIE,pdf-only,,OCR / ręczne wyciągnięcie listy części
79478,79478,FLO,79478,1,1,TAK,0,NIE,pdf-only,,OCR / ręczne wyciągnięcie listy części
79479,79479,FLO,79479,1,1,TAK,0,NIE,pdf-only,,OCR / ręczne wyciągnięcie listy części
79481,79481,FLO,79481,1,1,TAK,0,NIE,pdf-only,,OCR / ręczne wyciągnięcie listy części
79482,79482,FLO,79482,1,1,TAK,0,NIE,pdf-only,,OCR / ręczne wyciągnięcie listy części
79484,79484,FLO,79484,1,1,TAK,0,NIE,pdf-only,,OCR / ręczne wyciągnięcie listy części
79487,79487,FLO,79487,1,1,TAK,0,NIE,pdf-only,,OCR / ręczne wyciągnięcie listy części
79493,79493,FLO,79493,1,1,TAK,0,NIE,pdf-only,,OCR / ręczne wyciągnięcie listy części
89610,89610,FLO,89610,1,1,TAK,0,NIE,pdf-only,,OCR / ręczne wyciągnięcie listy części
89611,89611,FLO,89611,1,1,TAK,0,NIE,pdf-only,,OCR / ręczne wyciągnięcie listy części
66841,66841,LUND,66841,1,1,TAK,0,NIE,pdf-only,,OCR / ręczne wyciągnięcie listy części
66842,66842,LUND,66842,1,1,TAK,0,NIE,pdf-only,,OCR / ręczne wyciągnięcie listy części
66930,66930,LUND,66930,1,1,TAK,0,NIE,pdf-only,,OCR / ręczne wyciągnięcie listy części
66932,66932,LUND,66932,1,1,TAK,0,NIE,pdf-only,,OCR / ręczne wyciągnięcie listy części
66934,66934,LUND,66934,1,1,TAK,0,NIE,pdf-only,,OCR / ręczne wyciągnięcie listy części
66936,66936,LUND,66936,1,1,TAK,0,NIE,pdf-only,,OCR / ręczne wyciągnięcie listy części
66940,66940,LUND,66940,1,1,TAK,0,NIE,pdf-only,,OCR / ręczne wyciągnięcie listy części
66950,66950,LUND,66950,1,1,TAK,0,NIE,pdf-only,,OCR / ręczne wyciągnięcie listy części
67026,67026,LUND,67026,1,1,TAK,0,NIE,pdf-only,,OCR / ręczne wyciągnięcie listy części
67032,67032,LUND,67032,1,1,TAK,0,NIE,pdf-only,,OCR / ręczne wyciągnięcie listy części
67033,67033,LUND,67033,1,1,TAK,0,NIE,pdf-only,,OCR / ręczne wyciągnięcie listy części
67034,67034,LUND,67034,1,1,TAK,0,NIE,pdf-only,,OCR / ręczne wyciągnięcie listy części
67090,67090,LUND,67090,1,1,TAK,0,NIE,pdf-only,,OCR / ręczne wyciągnięcie listy części
67091,67091,LUND,67091,1,1,TAK,0,NIE,pdf-only,,OCR / ręczne wyciągnięcie listy części
67092,67092,LUND,67092,1,1,TAK,0,NIE,pdf-only,,OCR / ręczne wyciągnięcie listy części
67110,67110,LUND,67110,1,1,TAK,0,NIE,pdf-only,,OCR / ręczne wyciągnięcie listy części
67111,67111,LUND,67111,1,1,TAK,0,NIE,pdf-only,,OCR / ręczne wyciągnięcie listy części
67112,67112,LUND,67112,1,1,TAK,0,NIE,pdf-only,,OCR / ręczne wyciągnięcie listy części
67113,67113,LUND,67113,1,1,TAK,0,NIE,pdf-only,,OCR / ręczne wyciągnięcie listy części
67120,67120,LUND,67120,1,1,TAK,0,NIE,pdf-only,,OCR / ręczne wyciągnięcie listy części
67121,67121,LUND,67121,1,1,TAK,0,NIE,pdf-only,,OCR / ręczne wyciągnięcie listy części
67125,67125,LUND,67125,1,1,TAK,0,NIE,pdf-only,,OCR / ręczne wyciągnięcie listy części
67180,67180,LUND,67180,1,1,TAK,0,NIE,pdf-only,,OCR / ręczne wyciągnięcie listy części
67200,67200,LUND,67200,1,1,TAK,0,NIE,pdf-only,,OCR / ręczne wyciągnięcie listy części
67201,67201,LUND,67201,1,1,TAK,0,NIE,pdf-only,,OCR / ręczne wyciągnięcie listy części
67220,67220,LUND,67220,1,1,TAK,0,NIE,pdf-only,,OCR / ręczne wyciągnięcie listy części
67221,67221,LUND,67221,1,1,TAK,0,NIE,pdf-only,,OCR / ręczne wyciągnięcie listy części
67230,67230,LUND,67230,1,1,TAK,0,NIE,pdf-only,,OCR / ręczne wyciągnięcie listy części
67231,67231,LUND,67231,1,1,TAK,0,NIE,pdf-only,,OCR / ręczne wyciągnięcie listy części
67292,67292,LUND,67292,1,1,TAK,0,NIE,pdf-only,,OCR / ręczne wyciągnięcie listy części
67293,67293,LUND,67293,1,1,TAK,0,NIE,pdf-only,,OCR / ręczne wyciągnięcie listy części
67420,67420,LUND,67420,1,1,TAK,0,NIE,pdf-only,,OCR / ręczne wyciągnięcie listy części
67422,67422,LUND,67422,1,1,TAK,0,NIE,pdf-only,,OCR / ręczne wyciągnięcie listy części
67423,67423,LUND,67423,1,1,TAK,0,NIE,pdf-only,,OCR / ręczne wyciągnięcie listy części
67424,67424,LUND,67424,1,1,TAK,0,NIE,pdf-only,,OCR / ręczne wyciągnięcie listy części
67450,67450,LUND,67450,1,1,TAK,0,NIE,pdf-only,,OCR / ręczne wyciągnięcie listy części
67451,67451,LUND,67451,1,1,TAK,0,NIE,pdf-only,,OCR / ręczne wyciągnięcie listy części
67453,67453,LUND,67453,1,1,TAK,0,NIE,pdf-only,,OCR / ręczne wyciągnięcie listy części
67455,67455,LUND,67455,1,1,TAK,0,NIE,pdf-only,,OCR / ręczne wyciągnięcie listy części
67456,67456,LUND,67456,1,1,TAK,0,NIE,pdf-only,,OCR / ręczne wyciągnięcie listy części
67457,67457,LUND,67457,1,1,TAK,0,NIE,pdf-only,,OCR / ręczne wyciągnięcie listy części
67458,67458,LUND,67458,1,1,TAK,0,NIE,pdf-only,,OCR / ręczne wyciągnięcie listy części
67460,67460,LUND,67460,1,1,TAK,0,NIE,pdf-only,,OCR / ręczne wyciągnięcie listy części
67470,67470,LUND,67470,1,1,TAK,0,NIE,pdf-only,,OCR / ręczne wyciągnięcie listy części
67480,67480,LUND,67480,1,1,TAK,0,NIE,pdf-only,,OCR / ręczne wyciągnięcie listy części
67500,67500,LUND,67500,1,1,TAK,0,NIE,pdf-only,,OCR / ręczne wyciągnięcie listy części
67501,67501,LUND,67501,1,1,TAK,0,NIE,pdf-only,,OCR / ręczne wyciągnięcie listy części
67520,67520,LUND,67520,1,1,TAK,0,NIE,pdf-only,,OCR / ręczne wyciągnięcie listy części
67521,67521,LUND,67521,1,1,TAK,0,NIE,pdf-only,,OCR / ręczne wyciągnięcie listy części
67522,67522,LUND,67522,1,1,TAK,0,NIE,pdf-only,,OCR / ręczne wyciągnięcie listy części
67523,67523,LUND,67523,1,1,TAK,0,NIE,pdf-only,,OCR / ręczne wyciągnięcie listy części
67525,67525,LUND,67525,1,1,TAK,0,NIE,pdf-only,,OCR / ręczne wyciągnięcie listy części
67526,67526,LUND,67526,1,1,TAK,0,NIE,pdf-only,,OCR / ręczne wyciągnięcie listy części
67527,67527,LUND,67527,1,1,TAK,0,NIE,pdf-only,,OCR / ręczne wyciągnięcie listy części
67528,67528,LUND,67528,1,1,TAK,0,NIE,pdf-only,,OCR / ręczne wyciągnięcie listy części
67530,67530,LUND,67530,1,1,TAK,0,NIE,pdf-only,,OCR / ręczne wyciągnięcie listy części
67570,67570,LUND,67570,1,1,TAK,0,NIE,pdf-only,,OCR / ręczne wyciągnięcie listy części
67571,67571,LUND,67571,1,1,TAK,0,NIE,pdf-only,,OCR / ręczne wyciągnięcie listy części
67572,67572,LUND,67572,1,1,TAK,0,NIE,pdf-only,,OCR / ręczne wyciągnięcie listy części
67573,67573,LUND,67573,1,1,TAK,0,NIE,pdf-only,,OCR / ręczne wyciągnięcie listy części
67574,67574,LUND,67574,1,1,TAK,0,NIE,pdf-only,,OCR / ręczne wyciągnięcie listy części
67575,67575,LUND,67575,1,1,TAK,0,NIE,pdf-only,,OCR / ręczne wyciągnięcie listy części
67576,67576,LUND,67576,1,1,TAK,0,NIE,pdf-only,,OCR / ręczne wyciągnięcie listy części
67580,67580,LUND,67580,1,1,TAK,0,NIE,pdf-only,,OCR / ręczne wyciągnięcie listy części
67581,67581,LUND,67581,1,1,TAK,0,NIE,pdf-only,,OCR / ręczne wyciągnięcie listy części
67582,67582,LUND,67582,1,1,TAK,0,NIE,pdf-only,,OCR / ręczne wyciągnięcie listy części
67584,67584,LUND,67584,1,1,TAK,0,NIE,pdf-only,,OCR / ręczne wyciągnięcie listy części
67590,67590,LUND,67590,1,1,TAK,0,NIE,pdf-only,,OCR / ręczne wyciągnięcie listy części
67640,67640,LUND,67640,1,1,TAK,0,NIE,pdf-only,,OCR / ręczne wyciągnięcie listy części
67641,67641,LUND,67641,1,1,TAK,0,NIE,pdf-only,,OCR / ręczne wyciągnięcie listy części
67642,67642,LUND,67642,1,1,TAK,0,NIE,pdf-only,,OCR / ręczne wyciągnięcie listy części
67660,67660,LUND,67660,1,1,TAK,0,NIE,pdf-only,,OCR / ręczne wyciągnięcie listy części
67661,67661,LUND,67661,1,1,TAK,0,NIE,pdf-only,,OCR / ręczne wyciągnięcie listy części
67700,67700,LUND,67700,1,1,TAK,0,NIE,pdf-only,,OCR / ręczne wyciągnięcie listy części
67701,67701,LUND,67701,1,1,TAK,0,NIE,pdf-only,,OCR / ręczne wyciągnięcie listy części
67702,67702,LUND,67702,1,1,TAK,0,NIE,pdf-only,,OCR / ręczne wyciągnięcie listy części
67703,67703,LUND,67703,1,1,TAK,0,NIE,pdf-only,,OCR / ręczne wyciągnięcie listy części
67704,67704,LUND,67704,1,1,TAK,0,NIE,pdf-only,,OCR / ręczne wyciągnięcie listy części
67705,67705,LUND,67705,1,1,TAK,0,NIE,pdf-only,,OCR / ręczne wyciągnięcie listy części
67707,67707,LUND,67707,1,1,TAK,0,NIE,pdf-only,,OCR / ręczne wyciągnięcie listy części
67780,67780,LUND,67780,1,1,TAK,0,NIE,pdf-only,,OCR / ręczne wyciągnięcie listy części
67781,67781,LUND,67781,1,1,TAK,0,NIE,pdf-only,,OCR / ręczne wyciągnięcie listy części
67790,67790,LUND,67790,1,1,TAK,0,NIE,pdf-only,,OCR / ręczne wyciągnięcie listy części
67805,67805,LUND,67805,1,1,TAK,0,NIE,pdf-only,,OCR / ręczne wyciągnięcie listy części
67810,67810,LUND,67810,1,1,TAK,0,NIE,pdf-only,,OCR / ręczne wyciągnięcie listy części
67811,67811,LUND,67811,1,1,TAK,0,NIE,pdf-only,,OCR / ręczne wyciągnięcie listy części
67812,67812,LUND,67812,1,1,TAK,0,NIE,pdf-only,,OCR / ręczne wyciągnięcie listy części
67813,67813,LUND,67813,1,1,TAK,0,NIE,pdf-only,,OCR / ręczne wyciągnięcie listy części
67814,67814,LUND,67814,1,1,TAK,0,NIE,pdf-only,,OCR / ręczne wyciągnięcie listy części
67815,67815,LUND,67815,1,1,TAK,0,NIE,pdf-only,,OCR / ręczne wyciągnięcie listy części
67840,67840,LUND,67840,1,1,TAK,0,NIE,pdf-only,,OCR / ręczne wyciągnięcie listy części
67841,67841,LUND,67841,1,1,TAK,0,NIE,pdf-only,,OCR / ręczne wyciągnięcie listy części
67850,67850,LUND,67850,1,1,TAK,0,NIE,pdf-only,,OCR / ręczne wyciągnięcie listy części
67851,67851,LUND,67851,1,1,TAK,0,NIE,pdf-only,,OCR / ręczne wyciągnięcie listy części
67853,67853,LUND,67853,1,1,TAK,0,NIE,pdf-only,,OCR / ręczne wyciągnięcie listy części
67860,67860,LUND,67860,1,1,TAK,0,NIE,pdf-only,,OCR / ręczne wyciągnięcie listy części
67880,67880,LUND,67880,1,1,TAK,0,NIE,pdf-only,,OCR / ręczne wyciągnięcie listy części
67882,67882,LUND,67882,1,1,TAK,0,NIE,pdf-only,,OCR / ręczne wyciągnięcie listy części
67900,67900,LUND,67900,1,1,TAK,0,NIE,pdf-only,,OCR / ręczne wyciągnięcie listy części
67901,67901,LUND,67901,1,1,TAK,0,NIE,pdf-only,,OCR / ręczne wyciągnięcie listy części
67950,67950,LUND,67950,1,1,TAK,0,NIE,pdf-only,,OCR / ręczne wyciągnięcie listy części
67961,67961,LUND,67961,1,1,TAK,0,NIE,pdf-only,,OCR / ręczne wyciągnięcie listy części
68010,68010,LUND,68010,1,1,TAK,0,NIE,pdf-only,,OCR / ręczne wyciągnięcie listy części
68011,68011,LUND,68011,1,1,TAK,0,NIE,pdf-only,,OCR / ręczne wyciągnięcie listy części
68015,68015,LUND,68015,1,1,TAK,0,NIE,pdf-only,,OCR / ręczne wyciągnięcie listy części
68016,68016,LUND,68016,1,1,TAK,0,NIE,pdf-only,,OCR / ręczne wyciągnięcie listy części
68032,68032,LUND,68032,1,1,TAK,0,NIE,pdf-only,,OCR / ręczne wyciągnięcie listy części
68033,68033,LUND,68033,1,1,TAK,0,NIE,pdf-only,,OCR / ręczne wyciągnięcie listy części
68050,68050,LUND,68050,1,1,TAK,0,NIE,pdf-only,,OCR / ręczne wyciągnięcie listy części
68051,68051,LUND,68051,1,1,TAK,0,NIE,pdf-only,,OCR / ręczne wyciągnięcie listy części
68052,68052,LUND,68052,1,1,TAK,0,NIE,pdf-only,,OCR / ręczne wyciągnięcie listy części
68053,68053,LUND,68053,1,1,TAK,0,NIE,pdf-only,,OCR / ręczne wyciągnięcie listy części
68090,68090,LUND,68090,1,1,TAK,0,NIE,pdf-only,,OCR / ręczne wyciągnięcie listy części
68100,68100,LUND,68100,1,1,TAK,0,NIE,pdf-only,,OCR / ręczne wyciągnięcie listy części
68115,68115,LUND,68115,1,1,TAK,0,NIE,pdf-only,,OCR / ręczne wyciągnięcie listy części
68116,68116,LUND,68116,1,1,TAK,0,NIE,pdf-only,,OCR / ręczne wyciągnięcie listy części
68172,68172,LUND,68172,1,1,TAK,0,NIE,pdf-only,,OCR / ręczne wyciągnięcie listy części
68173,68173,LUND,68173,1,1,TAK,0,NIE,pdf-only,,OCR / ręczne wyciągnięcie listy części
68174,68174,LUND,68174,1,1,TAK,0,NIE,pdf-only,,OCR / ręczne wyciągnięcie listy części
68193,68193,LUND,68193,1,1,TAK,0,NIE,pdf-only,,OCR / ręczne wyciągnięcie listy części
68194,68194,LUND,68194,1,1,TAK,0,NIE,pdf-only,,OCR / ręczne wyciągnięcie listy części
68195,68195,LUND,68195,1,1,TAK,0,NIE,pdf-only,,OCR / ręczne wyciągnięcie listy części
68206,68206,LUND,68206 68207 68208 68209,1,1,TAK,0,NIE,pdf-only,,OCR / ręczne wyciągnięcie listy części
68216,68216,LUND,68216,1,1,TAK,0,NIE,pdf-only,,OCR / ręczne wyciągnięcie listy części
68217,68217,LUND,68217,1,1,TAK,0,NIE,pdf-only,,OCR / ręczne wyciągnięcie listy części
68218,68218,LUND,68218,1,1,TAK,0,NIE,pdf-only,,OCR / ręczne wyciągnięcie listy części
68219,68219,LUND,68219 68223,1,1,TAK,0,NIE,pdf-only,,OCR / ręczne wyciągnięcie listy części
68250,68250,LUND,68250,1,1,TAK,0,NIE,pdf-only,,OCR / ręczne wyciągnięcie listy części
68251,68251,LUND,68251,1,1,TAK,0,NIE,pdf-only,,OCR / ręczne wyciągnięcie listy części
68260,68260,LUND,68260,1,1,TAK,0,NIE,pdf-only,,OCR / ręczne wyciągnięcie listy części
68270,68270,LUND,68270,1,1,TAK,0,NIE,pdf-only,,OCR / ręczne wyciągnięcie listy części
68271,68271,LUND,68271,1,1,TAK,0,NIE,pdf-only,,OCR / ręczne wyciągnięcie listy części
68272,68272,LUND,68272,1,1,TAK,0,NIE,pdf-only,,OCR / ręczne wyciągnięcie listy części
68273,68273,LUND,68273,1,1,TAK,0,NIE,pdf-only,,OCR / ręczne wyciągnięcie listy części
68280,68280,LUND,68280,1,1,TAK,0,NIE,pdf-only,,OCR / ręczne wyciągnięcie listy części
68281,68281,LUND,68281,1,1,TAK,0,NIE,pdf-only,,OCR / ręczne wyciągnięcie listy części
68477,68477,LUND,68477,1,1,TAK,0,NIE,pdf-only,,OCR / ręczne wyciągnięcie listy części
68480,68480,LUND,68480,1,1,TAK,0,NIE,pdf-only,,OCR / ręczne wyciągnięcie listy części
68481,68481,LUND,68481,1,1,TAK,0,NIE,pdf-only,,OCR / ręczne wyciągnięcie listy części
68501,68501,LUND,68501,1,1,TAK,0,NIE,pdf-only,,OCR / ręczne wyciągnięcie listy części
68502,68502,LUND,68502,1,1,TAK,0,NIE,pdf-only,,OCR / ręczne wyciągnięcie listy części
68510,68510,LUND,68510,1,1,TAK,0,NIE,pdf-only,,OCR / ręczne wyciągnięcie listy części
68650,68650,LUND,68650,1,1,TAK,0,NIE,pdf-only,,OCR / ręczne wyciągnięcie listy części
68651,68651,LUND,68651,1,1,TAK,0,NIE,pdf-only,,OCR / ręczne wyciągnięcie listy części
68652,68652,LUND,68652,1,1,TAK,0,NIE,pdf-only,,OCR / ręczne wyciągnięcie listy części
68791,68791,LUND,68791,1,1,TAK,0,NIE,pdf-only,,OCR / ręczne wyciągnięcie listy części
68792,68792,LUND,68792,1,1,TAK,0,NIE,pdf-only,,OCR / ręczne wyciągnięcie listy części
68793,68793,LUND,68793,1,1,TAK,0,NIE,pdf-only,,OCR / ręczne wyciągnięcie listy części
70280,70280,LUND,70280,1,1,TAK,0,NIE,pdf-only,,OCR / ręczne wyciągnięcie listy części
71500,71500,LUND,71500,1,1,TAK,0,NIE,pdf-only,,OCR / ręczne wyciągnięcie listy części
72928,72928,LUND,72928,1,1,TAK,0,NIE,pdf-only,,OCR / ręczne wyciągnięcie listy części
72930,72930,LUND,72930,1,1,TAK,0,NIE,pdf-only,,OCR / ręczne wyciągnięcie listy części
73056,73056,LUND,73056,1,1,TAK,0,NIE,pdf-only,,OCR / ręczne wyciągnięcie listy części
73060,73060,LUND,rysunek części LUND (PDF Drive),1,1,TAK,0,NIE,pdf-only,,OCR / ręczne wyciągnięcie listy części
73200,73200,LUND,73200,1,1,TAK,0,NIE,pdf-only,,OCR / ręczne wyciągnięcie listy części
73201,73201,LUND,73201,1,1,TAK,0,NIE,pdf-only,,OCR / ręczne wyciągnięcie listy części
73202,73202,LUND,73202,1,1,TAK,0,NIE,pdf-only,,OCR / ręczne wyciągnięcie listy części
73203,73203,LUND,73203,1,1,TAK,0,NIE,pdf-only,,OCR / ręczne wyciągnięcie listy części
73400,73400,LUND,73400,1,1,TAK,0,NIE,pdf-only,,OCR / ręczne wyciągnięcie listy części
73403,73403,LUND,73403,1,1,TAK,0,NIE,pdf-only,,OCR / ręczne wyciągnięcie listy części
73410,73410,LUND,73410,1,1,TAK,0,NIE,pdf-only,,OCR / ręczne wyciągnięcie listy części
73420,73420,LUND,73420,1,1,TAK,0,NIE,pdf-only,,OCR / ręczne wyciągnięcie listy części
73470,73470,LUND,73470,1,1,TAK,0,NIE,pdf-only,,OCR / ręczne wyciągnięcie listy części
73473,73473,LUND,73473,1,1,TAK,0,NIE,pdf-only,,OCR / ręczne wyciągnięcie listy części
79004,79004,LUND,rysunek części LUND (PDF Drive),1,1,TAK,0,NIE,pdf-only,,OCR / ręczne wyciągnięcie listy części
79024,79024,LUND,rysunek części LUND (PDF Drive),1,1,TAK,0,NIE,pdf-only,,OCR / ręczne wyciągnięcie listy części
79096,79096,LUND,rysunek części LUND (PDF Drive),1,1,TAK,0,NIE,pdf-only,,OCR / ręczne wyciągnięcie listy części
79098,79098,LUND,rysunek części LUND (PDF Drive),1,1,TAK,0,NIE,pdf-only,,OCR / ręczne wyciągnięcie listy części
79106,79106,LUND,rysunek części LUND (PDF Drive),1,1,TAK,0,NIE,pdf-only,,OCR / ręczne wyciągnięcie listy części
77990,77990,STHOR,77990,1,1,TAK,0,NIE,pdf-only,,OCR / ręczne wyciągnięcie listy części
78080,78080,STHOR,78080,1,1,TAK,0,NIE,pdf-only,,OCR / ręczne wyciągnięcie listy części
78081,78081,STHOR,78081,1,1,TAK,0,NIE,pdf-only,,OCR / ręczne wyciągnięcie listy części
78082,78082,STHOR,78082,1,1,TAK,0,NIE,pdf-only,,OCR / ręczne wyciągnięcie listy części
78084,78084,STHOR,78084,1,1,TAK,0,NIE,pdf-only,,OCR / ręczne wyciągnięcie listy części
78085,78085,STHOR,78085,1,1,TAK,0,NIE,pdf-only,,OCR / ręczne wyciągnięcie listy części
78090,78090,STHOR,78090,1,1,TAK,0,NIE,pdf-only,,OCR / ręczne wyciągnięcie listy części
78091,78091,STHOR,78091,1,1,TAK,0,NIE,pdf-only,,OCR / ręczne wyciągnięcie listy części
78107,78107,STHOR,78107,1,1,TAK,0,NIE,pdf-only,,OCR / ręczne wyciągnięcie listy części
78113,78113,STHOR,78113,1,1,TAK,0,NIE,pdf-only,,OCR / ręczne wyciągnięcie listy części
78123,78123,STHOR,78123,1,1,TAK,0,NIE,pdf-only,,OCR / ręczne wyciągnięcie listy części
78124,78124,STHOR,78124,1,1,TAK,0,NIE,pdf-only,,OCR / ręczne wyciągnięcie listy części
78125,78125,STHOR,78125,1,1,TAK,0,NIE,pdf-only,,OCR / ręczne wyciągnięcie listy części
78136,78136,STHOR,78136,1,1,TAK,0,NIE,pdf-only,,OCR / ręczne wyciągnięcie listy części
78137,78137,STHOR,78137,1,1,TAK,0,NIE,pdf-only,,OCR / ręczne wyciągnięcie listy części
78138,78138,STHOR,78138,1,1,TAK,0,NIE,pdf-only,,OCR / ręczne wyciągnięcie listy części
78139,78139,STHOR,78139,1,1,TAK,0,NIE,pdf-only,,OCR / ręczne wyciągnięcie listy części
78143,78143,STHOR,78143,1,1,TAK,0,NIE,pdf-only,,OCR / ręczne wyciągnięcie listy części
78151,78151,STHOR,78151,1,1,TAK,0,NIE,pdf-only,,OCR / ręczne wyciągnięcie listy części
78158,78158,STHOR,78158,1,1,TAK,0,NIE,pdf-only,,OCR / ręczne wyciągnięcie listy części
78180,78180,STHOR,78180,1,1,TAK,0,NIE,pdf-only,,OCR / ręczne wyciągnięcie listy części
78181,78181,STHOR,78181,1,1,TAK,0,NIE,pdf-only,,OCR / ręczne wyciągnięcie listy części
78184,78184,STHOR,78184,1,1,TAK,0,NIE,pdf-only,,OCR / ręczne wyciągnięcie listy części
78185,78185,STHOR,78185,1,1,TAK,0,NIE,pdf-only,,OCR / ręczne wyciągnięcie listy części
78186,78186,STHOR,78186,1,1,TAK,0,NIE,pdf-only,,OCR / ręczne wyciągnięcie listy części
78187,78187,STHOR,78187,1,1,TAK,0,NIE,pdf-only,,OCR / ręczne wyciągnięcie listy części
78190,78190,STHOR,78190,1,1,TAK,0,NIE,pdf-only,,OCR / ręczne wyciągnięcie listy części
78203,78203,STHOR,78203,1,1,TAK,0,NIE,pdf-only,,OCR / ręczne wyciągnięcie listy części
78204,78204,STHOR,78204,1,1,TAK,0,NIE,pdf-only,,OCR / ręczne wyciągnięcie listy części
78210,78210,STHOR,78210,1,1,TAK,0,NIE,pdf-only,,OCR / ręczne wyciągnięcie listy części
78211,78211,STHOR,78211,1,1,TAK,0,NIE,pdf-only,,OCR / ręczne wyciągnięcie listy części
78641,78641,STHOR,78641,1,1,TAK,0,NIE,pdf-only,,OCR / ręczne wyciągnięcie listy części
78854,78854,STHOR,78854,1,1,TAK,0,NIE,pdf-only,,OCR / ręczne wyciągnięcie listy części
78855,78855,STHOR,78855,1,1,TAK,0,NIE,pdf-only,,OCR / ręczne wyciągnięcie listy części
78910,78910,STHOR,78910,1,1,TAK,0,NIE,pdf-only,,OCR / ręczne wyciągnięcie listy części
78911,78911,STHOR,78911,1,1,TAK,0,NIE,pdf-only,,OCR / ręczne wyciągnięcie listy części
78970,78970,STHOR,78970,1,1,TAK,0,NIE,pdf-only,,OCR / ręczne wyciągnięcie listy części
78972,78972,STHOR,78972,1,1,TAK,0,NIE,pdf-only,,OCR / ręczne wyciągnięcie listy części
78974,78974,STHOR,78974,1,1,TAK,0,NIE,pdf-only,,OCR / ręczne wyciągnięcie listy części
78981,78981,STHOR,78981,1,1,TAK,0,NIE,pdf-only,,OCR / ręczne wyciągnięcie listy części
78982,78982,STHOR,78982,1,1,TAK,0,NIE,pdf-only,,OCR / ręczne wyciągnięcie listy części
78983,78983,STHOR,78983,1,1,TAK,0,NIE,pdf-only,,OCR / ręczne wyciągnięcie listy części
78992,78992,STHOR,78992,1,1,TAK,0,NIE,pdf-only,,OCR / ręczne wyciągnięcie listy części
78995,78995,STHOR,78995,1,1,TAK,0,NIE,pdf-only,,OCR / ręczne wyciągnięcie listy części
78997,78997,STHOR,78997,1,1,TAK,0,NIE,pdf-only,,OCR / ręczne wyciągnięcie listy części
79002,79002,STHOR,79002,1,1,TAK,0,NIE,pdf-only,,OCR / ręczne wyciągnięcie listy części
79005,79005,STHOR,rysunek części STHOR (PDF Drive),1,1,TAK,0,NIE,pdf-only,,OCR / ręczne wyciągnięcie listy części
79007,79007,STHOR,79007,1,1,TAK,0,NIE,pdf-only,,OCR / ręczne wyciągnięcie listy części
79012,79012,STHOR,79012,1,1,TAK,0,NIE,pdf-only,,OCR / ręczne wyciągnięcie listy części
79013,79013,STHOR,79013,1,1,TAK,0,NIE,pdf-only,,OCR / ręczne wyciągnięcie listy części
79015,79015,STHOR,79015,1,1,TAK,0,NIE,pdf-only,,OCR / ręczne wyciągnięcie listy części
79018,79018,STHOR,79018,1,1,TAK,0,NIE,pdf-only,,OCR / ręczne wyciągnięcie listy części
79023,79023,STHOR,79023,1,1,TAK,0,NIE,pdf-only,,OCR / ręczne wyciągnięcie listy części
79026,79026,STHOR,79026,1,1,TAK,0,NIE,pdf-only,,OCR / ręczne wyciągnięcie listy części
79030,79030,STHOR,rysunek części STHOR (PDF Drive),1,1,TAK,0,NIE,pdf-only,,OCR / ręczne wyciągnięcie listy części
79031,79031,STHOR,79031,1,1,TAK,0,NIE,pdf-only,,OCR / ręczne wyciągnięcie listy części
79032,79032,STHOR,79032,1,1,TAK,0,NIE,pdf-only,,OCR / ręczne wyciągnięcie listy części
79033,79033,STHOR,79033,1,1,TAK,0,NIE,pdf-only,,OCR / ręczne wyciągnięcie listy części
79034,79034,STHOR,79034,1,1,TAK,0,NIE,pdf-only,,OCR / ręczne wyciągnięcie listy części
79036,79036,STHOR,79036,1,1,TAK,0,NIE,pdf-only,,OCR / ręczne wyciągnięcie listy części
79046,79046,STHOR,79046,1,1,TAK,0,NIE,pdf-only,,OCR / ręczne wyciągnięcie listy części
79047,79047,STHOR,79047,1,1,TAK,0,NIE,pdf-only,,OCR / ręczne wyciągnięcie listy części
79048,79048,STHOR,79048,1,1,TAK,0,NIE,pdf-only,,OCR / ręczne wyciągnięcie listy części
79049,79049,STHOR,79049,1,1,TAK,0,NIE,pdf-only,,OCR / ręczne wyciągnięcie listy części
79053,79053,STHOR,79053,1,1,TAK,0,NIE,pdf-only,,OCR / ręczne wyciągnięcie listy części
79054,79054,STHOR,79054,1,1,TAK,0,NIE,pdf-only,,OCR / ręczne wyciągnięcie listy części
79056,79056,STHOR,79056,1,1,TAK,0,NIE,pdf-only,,OCR / ręczne wyciągnięcie listy części
79071,79071,STHOR,79071,1,1,TAK,0,NIE,pdf-only,,OCR / ręczne wyciągnięcie listy części
79076,79076,STHOR,79076,1,1,TAK,0,NIE,pdf-only,,OCR / ręczne wyciągnięcie listy części
79090,79090,STHOR,79090,1,1,TAK,0,NIE,pdf-only,,OCR / ręczne wyciągnięcie listy części
79093,79093,STHOR,79093,1,1,TAK,0,NIE,pdf-only,,OCR / ręczne wyciągnięcie listy części
79094,79094,STHOR,79094,1,1,TAK,0,NIE,pdf-only,,OCR / ręczne wyciągnięcie listy części
79095,79095,STHOR,rysunek części STHOR (PDF Drive),1,1,TAK,0,NIE,pdf-only,,OCR / ręczne wyciągnięcie listy części
79099,79099,STHOR,79099,1,1,TAK,0,NIE,pdf-only,,OCR / ręczne wyciągnięcie listy części
79100,79100,STHOR,79100,1,1,TAK,0,NIE,pdf-only,,OCR / ręczne wyciągnięcie listy części
79101,79101,STHOR,79101,1,1,TAK,0,NIE,pdf-only,,OCR / ręczne wyciągnięcie listy części
79104,79104,STHOR,79104,1,1,TAK,0,NIE,pdf-only,,OCR / ręczne wyciągnięcie listy części
79105,79105,STHOR,79105,1,1,TAK,0,NIE,pdf-only,,OCR / ręczne wyciągnięcie listy części
79108,79108,STHOR,rysunek części STHOR (PDF Drive),1,1,TAK,0,NIE,pdf-only,,OCR / ręczne wyciągnięcie listy części
79109,79109,STHOR,79109,1,1,TAK,0,NIE,pdf-only,,OCR / ręczne wyciągnięcie listy części
79113,79113,STHOR,79113,1,1,TAK,0,NIE,pdf-only,,OCR / ręczne wyciągnięcie listy części
79114,79114,STHOR,79114,1,1,TAK,0,NIE,pdf-only,,OCR / ręczne wyciągnięcie listy części
79116,79116,STHOR,79116,1,1,TAK,0,NIE,pdf-only,,OCR / ręczne wyciągnięcie listy części
79118,79118,STHOR,79118,1,1,TAK,0,NIE,pdf-only,,OCR / ręczne wyciągnięcie listy części
79119,79119,STHOR,rysunek części STHOR (PDF Drive),1,1,TAK,0,NIE,pdf-only,,OCR / ręczne wyciągnięcie listy części
79120,79120,STHOR,79120,1,1,TAK,0,NIE,pdf-only,,OCR / ręczne wyciągnięcie listy części
79123,79123,STHOR,79123,1,1,TAK,0,NIE,pdf-only,,OCR / ręczne wyciągnięcie listy części
79124,79124,STHOR,79124,1,1,TAK,0,NIE,pdf-only,,OCR / ręczne wyciągnięcie listy części
79125,79125,STHOR,79125,1,1,TAK,0,NIE,pdf-only,,OCR / ręczne wyciągnięcie listy części
79129,79129,STHOR,79129,1,1,TAK,0,NIE,pdf-only,,OCR / ręczne wyciągnięcie listy części
79135,79135,STHOR,79135,1,1,TAK,0,NIE,pdf-only,,OCR / ręczne wyciągnięcie listy części
79140,79140,STHOR,rysunek części STHOR (PDF Drive),1,1,TAK,0,NIE,pdf-only,,OCR / ręczne wyciągnięcie listy części
79141,79141,STHOR,79141,1,1,TAK,0,NIE,pdf-only,,OCR / ręczne wyciągnięcie listy części
79143,79143,STHOR,79143,1,1,TAK,0,NIE,pdf-only,,OCR / ręczne wyciągnięcie listy części
79150,79150,STHOR,79150,1,1,TAK,0,NIE,pdf-only,,OCR / ręczne wyciągnięcie listy części
79151,79151,STHOR,rysunek części STHOR (PDF Drive),1,1,TAK,0,NIE,pdf-only,,OCR / ręczne wyciągnięcie listy części
79237,79237,STHOR,79237,1,1,TAK,0,NIE,pdf-only,,OCR / ręczne wyciągnięcie listy części
79238,79238,STHOR,79238,1,1,TAK,0,NIE,pdf-only,,OCR / ręczne wyciągnięcie listy części
79239,79239,STHOR,79239,1,1,TAK,0,NIE,pdf-only,,OCR / ręczne wyciągnięcie listy części
79240,79240,STHOR,79240,1,1,TAK,0,NIE,pdf-only,,OCR / ręczne wyciągnięcie listy części
79248,79248,STHOR,79248,1,1,TAK,0,NIE,pdf-only,,OCR / ręczne wyciągnięcie listy części
79249,79249,STHOR,79249,1,1,TAK,0,NIE,pdf-only,,OCR / ręczne wyciągnięcie listy części
79252,79252,STHOR,79252,1,1,TAK,0,NIE,pdf-only,,OCR / ręczne wyciągnięcie listy części
79253,79253,STHOR,79253,1,1,TAK,0,NIE,pdf-only,,OCR / ręczne wyciągnięcie listy części
79254,79254,STHOR,79254,1,1,TAK,0,NIE,pdf-only,,OCR / ręczne wyciągnięcie listy części
79257,79257,STHOR,79257,1,1,TAK,0,NIE,pdf-only,,OCR / ręczne wyciągnięcie listy części
79275,79275,STHOR,79275,1,1,TAK,0,NIE,pdf-only,,OCR / ręczne wyciągnięcie listy części
79307,79307,STHOR,79307,1,1,TAK,0,NIE,pdf-only,,OCR / ręczne wyciągnięcie listy części
79309,79309,STHOR,79309,1,1,TAK,0,NIE,pdf-only,,OCR / ręczne wyciągnięcie listy części
79314,79314,STHOR,79314,1,1,TAK,0,NIE,pdf-only,,OCR / ręczne wyciągnięcie listy części
79318,79318,STHOR,79318,1,1,TAK,0,NIE,pdf-only,,OCR / ręczne wyciągnięcie listy części
79319,79319,STHOR,79319,1,1,TAK,0,NIE,pdf-only,,OCR / ręczne wyciągnięcie listy części
79320,79320,STHOR,79320,1,1,TAK,0,NIE,pdf-only,,OCR / ręczne wyciągnięcie listy części
79322,79322,STHOR,79322,1,1,TAK,0,NIE,pdf-only,,OCR / ręczne wyciągnięcie listy części
79324,79324,STHOR,79324,1,1,TAK,0,NIE,pdf-only,,OCR / ręczne wyciągnięcie listy części
79325,79325,STHOR,79325,1,1,TAK,0,NIE,pdf-only,,OCR / ręczne wyciągnięcie listy części
79326,79326,STHOR,79326,1,1,TAK,0,NIE,pdf-only,,OCR / ręczne wyciągnięcie listy części
79327,79327,STHOR,79327,1,1,TAK,0,NIE,pdf-only,,OCR / ręczne wyciągnięcie listy części
79328,79328,STHOR,79328,1,1,TAK,0,NIE,pdf-only,,OCR / ręczne wyciągnięcie listy części
79329,79329,STHOR,79329,1,1,TAK,0,NIE,pdf-only,,OCR / ręczne wyciągnięcie listy części
79332,79332,STHOR,79332,1,1,TAK,0,NIE,pdf-only,,OCR / ręczne wyciągnięcie listy części
79334,79334,STHOR,79334,1,1,TAK,0,NIE,pdf-only,,OCR / ręczne wyciągnięcie listy części
79350,79350,STHOR,79350,1,1,TAK,0,NIE,pdf-only,,OCR / ręczne wyciągnięcie listy części
79352,79352,STHOR,79352,1,1,TAK,0,NIE,pdf-only,,OCR / ręczne wyciągnięcie listy części
79353,79353,STHOR,79353,1,1,TAK,0,NIE,pdf-only,,OCR / ręczne wyciągnięcie listy części
79354,79354,STHOR,rysunek części STHOR (PDF Drive),1,1,TAK,0,NIE,pdf-only,,OCR / ręczne wyciągnięcie listy części
79355,79355,STHOR,79355,1,1,TAK,0,NIE,pdf-only,,OCR / ręczne wyciągnięcie listy części
79358,79358,STHOR,79358,1,1,TAK,0,NIE,pdf-only,,OCR / ręczne wyciągnięcie listy części
79363,79363,STHOR,79363,1,1,TAK,0,NIE,pdf-only,,OCR / ręczne wyciągnięcie listy części
79364,79364,STHOR,79364,1,1,TAK,0,NIE,pdf-only,,OCR / ręczne wyciągnięcie listy części
79376,79376,STHOR,79376,1,1,TAK,0,NIE,pdf-only,,OCR / ręczne wyciągnięcie listy części
79379,79379,STHOR,79379,1,1,TAK,0,NIE,pdf-only,,OCR / ręczne wyciągnięcie listy części
79382,79382,STHOR,79382,1,1,TAK,0,NIE,pdf-only,,OCR / ręczne wyciągnięcie listy części
79383,79383,STHOR,79383,1,1,TAK,0,NIE,pdf-only,,OCR / ręczne wyciągnięcie listy części
79385,79385,STHOR,79385,1,1,TAK,0,NIE,pdf-only,,OCR / ręczne wyciągnięcie listy części
79500,79500,STHOR,79500,1,1,TAK,0,NIE,pdf-only,,OCR / ręczne wyciągnięcie listy części
79725,79725,STHOR,79725,1,1,TAK,0,NIE,pdf-only,,OCR / ręczne wyciągnięcie listy części
79734,79734,STHOR,79734,1,1,TAK,0,NIE,pdf-only,,OCR / ręczne wyciągnięcie listy części
79771,79771,STHOR,79771,1,1,TAK,0,NIE,pdf-only,,OCR / ręczne wyciągnięcie listy części
79772,79772,STHOR,79772,1,1,TAK,0,NIE,pdf-only,,OCR / ręczne wyciągnięcie listy części
79773,79773,STHOR,79773,1,1,TAK,0,NIE,pdf-only,,OCR / ręczne wyciągnięcie listy części
79774,79774,STHOR,79774,1,1,TAK,0,NIE,pdf-only,,OCR / ręczne wyciągnięcie listy części
79775,79775,STHOR,79775,1,1,TAK,0,NIE,pdf-only,,OCR / ręczne wyciągnięcie listy części
79781,79781,STHOR,79781,1,1,TAK,0,NIE,pdf-only,,OCR / ręczne wyciągnięcie listy części
79782,79782,STHOR,79782,1,1,TAK,0,NIE,pdf-only,,OCR / ręczne wyciągnięcie listy części
79783,79783,STHOR,79783,1,1,TAK,0,NIE,pdf-only,,OCR / ręczne wyciągnięcie listy części
79790,79790,STHOR,79790,1,1,TAK,0,NIE,pdf-only,,OCR / ręczne wyciągnięcie listy części
79791,79791,STHOR,79791,1,1,TAK,0,NIE,pdf-only,,OCR / ręczne wyciągnięcie listy części
79792,79792,STHOR,79792,1,1,TAK,0,NIE,pdf-only,,OCR / ręczne wyciągnięcie listy części
79810,79810,STHOR,79810,1,1,TAK,0,NIE,pdf-only,,OCR / ręczne wyciągnięcie listy części
79811,79811,STHOR,79811,1,1,TAK,0,NIE,pdf-only,,OCR / ręczne wyciągnięcie listy części
79812,79812,STHOR,79812,1,1,TAK,0,NIE,pdf-only,,OCR / ręczne wyciągnięcie listy części
79880,79880,STHOR,79880,1,1,TAK,0,NIE,pdf-only,,OCR / ręczne wyciągnięcie listy części
79909,79909,STHOR,79909,1,1,TAK,0,NIE,pdf-only,,OCR / ręczne wyciągnięcie listy części
79926,79926,STHOR,79926,1,1,TAK,0,NIE,pdf-only,,OCR / ręczne wyciągnięcie listy części
79927,79927,STHOR,79927,1,1,TAK,0,NIE,pdf-only,,OCR / ręczne wyciągnięcie listy części
79928,79928,STHOR,79928,1,1,TAK,0,NIE,pdf-only,,OCR / ręczne wyciągnięcie listy części
79929,79929,STHOR,79929,1,1,TAK,0,NIE,pdf-only,,OCR / ręczne wyciągnięcie listy części
79930,79930,STHOR,79930,1,1,TAK,0,NIE,pdf-only,,OCR / ręczne wyciągnięcie listy części
79931,79931,STHOR,79931,1,1,TAK,0,NIE,pdf-only,,OCR / ręczne wyciągnięcie listy części
79932,79932,STHOR,79932,1,1,TAK,0,NIE,pdf-only,,OCR / ręczne wyciągnięcie listy części
79933,79933,STHOR,79933,1,1,TAK,0,NIE,pdf-only,,OCR / ręczne wyciągnięcie listy części
79943,79943,STHOR,79943,1,1,TAK,0,NIE,pdf-only,,OCR / ręczne wyciągnięcie listy części
79944,79944,STHOR,79944,1,1,TAK,0,NIE,pdf-only,,OCR / ręczne wyciągnięcie listy części
80012,80012,STHOR,80012,1,1,TAK,0,NIE,pdf-only,,OCR / ręczne wyciągnięcie listy części
80022,80022,STHOR,80022,1,1,TAK,0,NIE,pdf-only,,OCR / ręczne wyciągnięcie listy części
80032,80032,STHOR,80032,1,1,TAK,0,NIE,pdf-only,,OCR / ręczne wyciągnięcie listy części
80042,80042,STHOR,80042,1,1,TAK,0,NIE,pdf-only,,OCR / ręczne wyciągnięcie listy części
80052,80052,STHOR,80052,1,1,TAK,0,NIE,pdf-only,,OCR / ręczne wyciągnięcie listy części
80062,80062,STHOR,80062,1,1,TAK,0,NIE,pdf-only,,OCR / ręczne wyciągnięcie listy części
80072,80072,STHOR,80072,1,1,TAK,0,NIE,pdf-only,,OCR / ręczne wyciągnięcie listy części
80082,80082,STHOR,80082,1,1,TAK,0,NIE,pdf-only,,OCR / ręczne wyciągnięcie listy części
80111,80111,STHOR,80111,1,1,TAK,0,NIE,pdf-only,,OCR / ręczne wyciągnięcie listy części
80220,80220,STHOR,80220,1,1,TAK,0,NIE,pdf-only,,OCR / ręczne wyciągnięcie listy części
80330,80330,STHOR,80330,1,1,TAK,0,NIE,pdf-only,,OCR / ręczne wyciągnięcie listy części
80340,80340,STHOR,80340,1,1,TAK,0,NIE,pdf-only,,OCR / ręczne wyciągnięcie listy części
80350,80350,STHOR,80350,1,1,TAK,0,NIE,pdf-only,,OCR / ręczne wyciągnięcie listy części
80412,80412,STHOR,80412,1,1,TAK,0,NIE,pdf-only,,OCR / ręczne wyciągnięcie listy części
80450,80450,STHOR,80450,1,1,TAK,0,NIE,pdf-only,,OCR / ręczne wyciągnięcie listy części
80902,80902,STHOR,80902,1,1,TAK,0,NIE,pdf-only,,OCR / ręczne wyciągnięcie listy części
80970,80970,STHOR,80970,1,1,TAK,0,NIE,pdf-only,,OCR / ręczne wyciągnięcie listy części
09903,09903,VOREL,09903,1,1,TAK,0,NIE,pdf-only,,OCR / ręczne wyciągnięcie listy części
53575,53575,VOREL,"GRZECHOTKA POWLEKANA WYGIĘTA 1/4""",1,1,TAK,0,NIE,pdf-only,high,OCR / ręczne wyciągnięcie listy części
53576,53576,VOREL,53576,1,1,TAK,0,NIE,pdf-only,,OCR / ręczne wyciągnięcie listy części
53577,53577,VOREL,53577,1,1,TAK,0,NIE,pdf-only,,OCR / ręczne wyciągnięcie listy części
55820,55820,VOREL,55820,1,1,TAK,0,NIE,pdf-only,,OCR / ręczne wyciągnięcie listy części
57090,57090,VOREL,57090,1,1,TAK,0,NIE,pdf-only,,OCR / ręczne wyciągnięcie listy części
57091,57091,VOREL,57091,1,1,TAK,0,NIE,pdf-only,,OCR / ręczne wyciągnięcie listy części
57092,57092,VOREL,57092,1,1,TAK,0,NIE,pdf-only,,OCR / ręczne wyciągnięcie listy części
57097,57097,VOREL,57097,1,1,TAK,0,NIE,pdf-only,,OCR / ręczne wyciągnięcie listy części
58539,58539,VOREL,58539,1,1,TAK,0,NIE,pdf-only,,OCR / ręczne wyciągnięcie listy części
58540,58540,VOREL,58540,1,1,TAK,0,NIE,pdf-only,,OCR / ręczne wyciągnięcie listy części
58550,58550,VOREL,58550,1,1,TAK,0,NIE,pdf-only,,OCR / ręczne wyciągnięcie listy części
58643,58643,VOREL,58643,1,1,TAK,0,NIE,pdf-only,,OCR / ręczne wyciągnięcie listy części
58661,58661,VOREL,58661,1,1,TAK,0,NIE,pdf-only,,OCR / ręczne wyciągnięcie listy części
58687,58687,VOREL,58687,1,1,TAK,0,NIE,pdf-only,,OCR / ręczne wyciągnięcie listy części
58689,58689,VOREL,58689,1,1,TAK,0,NIE,pdf-only,,OCR / ręczne wyciągnięcie listy części
58690,58690,VOREL,58690,1,1,TAK,0,NIE,pdf-only,,OCR / ręczne wyciągnięcie listy części
58691,58691,VOREL,58691,1,1,TAK,0,NIE,pdf-only,,OCR / ręczne wyciągnięcie listy części
58700,58700,VOREL,58700,1,1,TAK,0,NIE,pdf-only,,OCR / ręczne wyciągnięcie listy części
81070,81070,YATO,81070,1,1,TAK,0,NIE,pdf-only,,OCR / ręczne wyciągnięcie listy części
81101,81101,YATO,81101,1,1,TAK,0,NIE,pdf-only,,OCR / ręczne wyciągnięcie listy części
81110,81110,YATO,81110,1,1,TAK,0,NIE,pdf-only,,OCR / ręczne wyciągnięcie listy części
81617,81617,YATO,81617,1,1,TAK,0,NIE,pdf-only,,OCR / ręczne wyciągnięcie listy części
81618,81618,YATO,81618,1,1,TAK,0,NIE,pdf-only,,OCR / ręczne wyciągnięcie listy części
82541,82541,YATO,82541,1,1,TAK,0,NIE,pdf-only,,OCR / ręczne wyciągnięcie listy części
82542,82542,YATO,82542,1,1,TAK,0,NIE,pdf-only,,OCR / ręczne wyciągnięcie listy części
82543,82543,YATO,82543,1,1,TAK,0,NIE,pdf-only,,OCR / ręczne wyciągnięcie listy części
82544,82544,YATO,82544,1,1,TAK,0,NIE,pdf-only,,OCR / ręczne wyciągnięcie listy części
82550,82550,YATO,82550,1,1,TAK,0,NIE,pdf-only,,OCR / ręczne wyciągnięcie listy części
82942,82942,YATO,82942,1,1,TAK,0,NIE,pdf-only,,OCR / ręczne wyciągnięcie listy części
99657,99657,YATO,99657,1,1,TAK,0,NIE,pdf-only,,OCR / ręczne wyciągnięcie listy części
99658,99658,YATO,99658,1,1,TAK,0,NIE,pdf-only,,OCR / ręczne wyciągnięcie listy części
YT-05855,YT05855,YATO,YT-05855,1,1,TAK,0,NIE,pdf-only,,OCR / ręczne wyciągnięcie listy części
YT-05856,YT05856,YATO,YT-05856,1,1,TAK,0,NIE,pdf-only,,OCR / ręczne wyciągnięcie listy części
YT-06845,YT06845,YATO,YT-06845,1,1,TAK,0,NIE,pdf-only,,OCR / ręczne wyciągnięcie listy części
YT-07020,YT07020,YATO,YT-07020 YT-07021,1,1,TAK,0,NIE,pdf-only,,OCR / ręczne wyciągnięcie listy części
YT-07021,YT07021,YATO,YT-07020 YT-07021,1,1,TAK,0,NIE,pdf-only,,OCR / ręczne wyciągnięcie listy części
YT-07057,YT07057,YATO,YT-07057,1,1,TAK,0,NIE,pdf-only,,OCR / ręczne wyciągnięcie listy części
YT-07067,YT07067,YATO,YT-07067,1,1,TAK,0,NIE,pdf-only,,OCR / ręczne wyciągnięcie listy części
YT-07068,YT07068,YATO,YT-07068,1,1,TAK,0,NIE,pdf-only,,OCR / ręczne wyciągnięcie listy części
YT-07069,YT07069,YATO,YT-07069,1,1,TAK,0,NIE,pdf-only,,OCR / ręczne wyciągnięcie listy części
YT-07190,YT07190,YATO,YT-07190,1,1,TAK,0,NIE,pdf-only,,OCR / ręczne wyciągnięcie listy części
YT-07195,YT07195,YATO,YT-07195,1,1,TAK,0,NIE,pdf-only,,OCR / ręczne wyciągnięcie listy części
YT-0750,YT0750,YATO,YT-0750,1,1,TAK,0,NIE,pdf-only,,OCR / ręczne wyciągnięcie listy części
YT-0751,YT0751,YATO,YT-0751,1,1,TAK,0,NIE,pdf-only,,OCR / ręczne wyciągnięcie listy części
YT-0752,YT0752,YATO,YT-0752,1,1,TAK,0,NIE,pdf-only,,OCR / ręczne wyciągnięcie listy części
YT-0756,YT0756,YATO,YT-0756,1,1,TAK,0,NIE,pdf-only,,OCR / ręczne wyciągnięcie listy części
YT-0762,YT0762,YATO,YT-0762,1,1,TAK,0,NIE,pdf-only,,OCR / ręczne wyciągnięcie listy części
YT-0767,YT0767,YATO,YT-0767,1,1,TAK,0,NIE,pdf-only,,OCR / ręczne wyciągnięcie listy części
YT-0780,YT0780,YATO,YT-0780,1,1,TAK,0,NIE,pdf-only,,OCR / ręczne wyciągnięcie listy części
YT-0781,YT0781,YATO,YT-0781,1,1,TAK,0,NIE,pdf-only,,OCR / ręczne wyciągnięcie listy części
YT-08502,YT08502,YATO,YT-08502,1,1,TAK,0,NIE,pdf-only,,OCR / ręczne wyciągnięcie listy części
YT-08505,YT08505,YATO,YT-08505,1,1,TAK,0,NIE,pdf-only,,OCR / ręczne wyciągnięcie listy części
YT-08518,YT08518,YATO,YT-08518,1,1,TAK,0,NIE,pdf-only,,OCR / ręczne wyciągnięcie listy części
YT-09201,YT09201,YATO,YT-09201,1,1,TAK,0,NIE,pdf-only,,OCR / ręczne wyciągnięcie listy części
YT-09202,YT09202,YATO,YT-09202,1,1,TAK,0,NIE,pdf-only,,OCR / ręczne wyciągnięcie listy części
YT-09203,YT09203,YATO,YT-09203,1,1,TAK,0,NIE,pdf-only,,OCR / ręczne wyciągnięcie listy części
YT-09204,YT09204,YATO,YT-09204,1,1,TAK,0,NIE,pdf-only,,OCR / ręczne wyciągnięcie listy części
YT-09205,YT09205,YATO,YT-09205,1,1,TAK,0,NIE,pdf-only,,OCR / ręczne wyciągnięcie listy części
YT-09206,YT09206,YATO,YT-09206,1,1,TAK,0,NIE,pdf-only,,OCR / ręczne wyciągnięcie listy części
YT-09211,YT09211,YATO,YT-09211,1,1,TAK,0,NIE,pdf-only,,OCR / ręczne wyciągnięcie listy części
YT-09212,YT09212,YATO,YT-09212,1,1,TAK,0,NIE,pdf-only,,OCR / ręczne wyciągnięcie listy części
YT-09213,YT09213,YATO,YT-09213,1,1,TAK,0,NIE,pdf-only,,OCR / ręczne wyciągnięcie listy części
YT-09220,YT09220,YATO,YT-09220,1,1,TAK,0,NIE,pdf-only,,OCR / ręczne wyciągnięcie listy części
YT-09221,YT09221,YATO,YT-09221,1,1,TAK,0,NIE,pdf-only,,OCR / ręczne wyciągnięcie listy części
YT-09222,YT09222,YATO,YT-09222,1,1,TAK,0,NIE,pdf-only,,OCR / ręczne wyciągnięcie listy części
YT-09223,YT09223,YATO,YT-09223,1,1,TAK,0,NIE,pdf-only,,OCR / ręczne wyciągnięcie listy części
YT-09224,YT09224,YATO,YT-09224,1,1,TAK,0,NIE,pdf-only,,OCR / ręczne wyciągnięcie listy części
YT-09240,YT09240,YATO,YT-09240,1,1,TAK,0,NIE,pdf-only,,OCR / ręczne wyciągnięcie listy części
YT-09510,YT09510,YATO,YT-09510,1,1,TAK,0,NIE,pdf-only,,OCR / ręczne wyciągnięcie listy części
YT-09511,YT09511,YATO,YT-09511,1,1,TAK,0,NIE,pdf-only,,OCR / ręczne wyciągnięcie listy części
YT-09513,YT09513,YATO,YT-09513,1,1,TAK,0,NIE,pdf-only,,OCR / ręczne wyciągnięcie listy części
YT-09515,YT09515,YATO,YT-09515,1,1,TAK,0,NIE,pdf-only,,OCR / ręczne wyciągnięcie listy części
YT-09516,YT09516,YATO,YT-09516,1,1,TAK,0,NIE,pdf-only,,OCR / ręczne wyciągnięcie listy części
YT-09525,YT09525,YATO,YT-09525,1,1,TAK,0,NIE,pdf-only,,OCR / ręczne wyciągnięcie listy części
YT-09528,YT09528,YATO,YT-09528,1,1,TAK,0,NIE,pdf-only,,OCR / ręczne wyciągnięcie listy części
YT-0953,YT0953,YATO,YT-0953,1,1,TAK,0,NIE,pdf-only,,OCR / ręczne wyciągnięcie listy części
YT-09540,YT09540,YATO,YT-09540,1,1,TAK,0,NIE,pdf-only,,OCR / ręczne wyciągnięcie listy części
YT-09544,YT09544,YATO,YT-09544,1,1,TAK,0,NIE,pdf-only,,OCR / ręczne wyciągnięcie listy części
YT-09545,YT09545,YATO,YT-09545,1,1,TAK,0,NIE,pdf-only,,OCR / ręczne wyciągnięcie listy części
YT-09546,YT09546,YATO,YT-09546,1,1,TAK,0,NIE,pdf-only,,OCR / ręczne wyciągnięcie listy części
YT-09547,YT09547,YATO,YT-09547,1,1,TAK,0,NIE,pdf-only,,OCR / ręczne wyciągnięcie listy części
YT-09564,YT09564,YATO,YT-09564,1,1,TAK,0,NIE,pdf-only,,OCR / ręczne wyciągnięcie listy części
YT-09571,YT09571,YATO,YT-09571,1,1,TAK,0,NIE,pdf-only,,OCR / ręczne wyciągnięcie listy części
YT-09575,YT09575,YATO,YT-09575,1,1,TAK,0,NIE,pdf-only,,OCR / ręczne wyciągnięcie listy części
YT-0959,YT0959,YATO,YT-0959,1,1,TAK,0,NIE,pdf-only,,OCR / ręczne wyciągnięcie listy części
YT-0960,YT0960,YATO,YT-0960,1,1,TAK,0,NIE,pdf-only,,OCR / ręczne wyciągnięcie listy części
YT-09615,YT09615,YATO,YT-09615,1,1,TAK,0,NIE,pdf-only,,OCR / ręczne wyciągnięcie listy części
YT-09620,YT09620,YATO,YT-09620,1,1,TAK,0,NIE,pdf-only,,OCR / ręczne wyciągnięcie listy części
YT-09633,YT09633,YATO,YT-09633,1,1,TAK,0,NIE,pdf-only,,OCR / ręczne wyciągnięcie listy części
YT-09676,YT09676,YATO,YT-09676,1,1,TAK,0,NIE,pdf-only,,OCR / ręczne wyciągnięcie listy części
YT-09715,YT09715,YATO,YT-09715,1,1,TAK,0,NIE,pdf-only,,OCR / ręczne wyciągnięcie listy części
YT-09730,YT09730,YATO,YT-09730,1,1,TAK,0,NIE,pdf-only,,OCR / ręczne wyciągnięcie listy części
YT-09738,YT09738,YATO,YT-09738,1,1,TAK,0,NIE,pdf-only,,OCR / ręczne wyciągnięcie listy części
YT-09739,YT09739,YATO,YT-09739,1,1,TAK,0,NIE,pdf-only,,OCR / ręczne wyciągnięcie listy części
YT-0980,YT0980,YATO,YT-0980,1,1,TAK,0,NIE,pdf-only,,OCR / ręczne wyciągnięcie listy części
YT-09910,YT09910,YATO,YT-09910,1,1,TAK,0,NIE,pdf-only,,OCR / ręczne wyciągnięcie listy części
YT-09912,YT09912,YATO,YT-09912,1,1,TAK,0,NIE,pdf-only,,OCR / ręczne wyciągnięcie listy części
YT-09913,YT09913,YATO,YT-09913,1,1,TAK,0,NIE,pdf-only,,OCR / ręczne wyciągnięcie listy części
YT-09955,YT09955,YATO,YT-09955,1,1,TAK,0,NIE,pdf-only,,OCR / ręczne wyciągnięcie listy części
YT-16000,YT16000,YATO,YT-16000,1,1,TAK,0,NIE,pdf-only,,OCR / ręczne wyciągnięcie listy części
YT-17001,YT17001,YATO,YT-17001,1,1,TAK,0,NIE,pdf-only,,OCR / ręczne wyciągnięcie listy części
YT-17002,YT17002,YATO,YT-17002,1,1,TAK,0,NIE,pdf-only,,OCR / ręczne wyciągnięcie listy części
YT-17004,YT17004,YATO,YT-17004,1,1,TAK,0,NIE,pdf-only,,OCR / ręczne wyciągnięcie listy części
YT-17005,YT17005,YATO,YT-17005,1,1,TAK,0,NIE,pdf-only,,OCR / ręczne wyciągnięcie listy części
YT-17006,YT17006,YATO,YT-17006,1,1,TAK,0,NIE,pdf-only,,OCR / ręczne wyciągnięcie listy części
YT-17007,YT17007,YATO,YT-17007,1,1,TAK,0,NIE,pdf-only,,OCR / ręczne wyciągnięcie listy części
YT-17008,YT17008,YATO,YT-17008,1,1,TAK,0,NIE,pdf-only,,OCR / ręczne wyciągnięcie listy części
YT-17009,YT17009,YATO,YT-17009,1,1,TAK,0,NIE,pdf-only,,OCR / ręczne wyciągnięcie listy części
YT-1711,YT1711,YATO,YT-1711,1,1,TAK,0,NIE,pdf-only,,OCR / ręczne wyciągnięcie listy części
YT-1713,YT1713,YATO,YT-1713,1,1,TAK,0,NIE,pdf-only,,OCR / ręczne wyciągnięcie listy części
YT-1720,YT1720,YATO,YT-1720,1,1,TAK,0,NIE,pdf-only,,OCR / ręczne wyciągnięcie listy części
YT-17205,YT17205,YATO,YT-17205,1,1,TAK,0,NIE,pdf-only,,OCR / ręczne wyciągnięcie listy części
YT-17207,YT17207,YATO,YT-17207,1,1,TAK,0,NIE,pdf-only,,OCR / ręczne wyciągnięcie listy części
YT-1721,YT1721,YATO,YT-1721,1,1,TAK,0,NIE,pdf-only,,OCR / ręczne wyciągnięcie listy części
YT-17211,YT17211,YATO,YT-17211,1,1,TAK,0,NIE,pdf-only,,OCR / ręczne wyciągnięcie listy części
YT-17213,YT17213,YATO,YT-17213,1,1,TAK,0,NIE,pdf-only,,OCR / ręczne wyciągnięcie listy części
YT-17214,YT17214,YATO,YT-17214,1,1,TAK,0,NIE,pdf-only,,OCR / ręczne wyciągnięcie listy części
YT-18900,YT18900,YATO,YT-18900,1,1,TAK,0,NIE,pdf-only,,OCR / ręczne wyciągnięcie listy części
YT-21758,YT21758,YATO,YT-21758,1,1,TAK,0,NIE,pdf-only,,OCR / ręczne wyciągnięcie listy części
YT-23241,YT23241,YATO,YT-23241 YT-23242,1,1,TAK,0,NIE,pdf-only,,OCR / ręczne wyciągnięcie listy części
YT-23242,YT23242,YATO,YT-23241 YT-23242,1,1,TAK,0,NIE,pdf-only,,OCR / ręczne wyciągnięcie listy części
YT-23300,YT23300,YATO,YT-23300,1,1,TAK,0,NIE,pdf-only,,OCR / ręczne wyciągnięcie listy części
YT-23305,YT23305,YATO,YT-23305,1,1,TAK,0,NIE,pdf-only,,OCR / ręczne wyciągnięcie listy części
YT-23306,YT23306,YATO,YT-23306,1,1,TAK,0,NIE,pdf-only,,OCR / ręczne wyciągnięcie listy części
YT-23310,YT23310,YATO,YT-23310,1,1,TAK,0,NIE,pdf-only,,OCR / ręczne wyciągnięcie listy części
YT-23311,YT23311,YATO,YT-23311,1,1,TAK,0,NIE,pdf-only,,OCR / ręczne wyciągnięcie listy części
YT-23320,YT23320,YATO,YT-23320,1,1,TAK,0,NIE,pdf-only,,OCR / ręczne wyciągnięcie listy części
YT-23321,YT23321,YATO,YT-23321,1,1,TAK,0,NIE,pdf-only,,OCR / ręczne wyciągnięcie listy części
YT-2346,YT2346,YATO,YT-2346,1,1,TAK,0,NIE,pdf-only,,OCR / ręczne wyciągnięcie listy części
YT-23701,YT23701,YATO,YT-23701,1,1,TAK,0,NIE,pdf-only,,OCR / ręczne wyciągnięcie listy części
YT-25021,YT25021,YATO,YT-25021,1,1,TAK,0,NIE,pdf-only,,OCR / ręczne wyciągnięcie listy części
YT-30436,YT30436,YATO,YT-30436,1,1,TAK,0,NIE,pdf-only,,OCR / ręczne wyciągnięcie listy części
YT-30520,YT30520,YATO,YT-30520,1,1,TAK,0,NIE,pdf-only,,OCR / ręczne wyciągnięcie listy części
YT-30521,YT30521,YATO,YT-30521,1,1,TAK,0,NIE,pdf-only,,OCR / ręczne wyciągnięcie listy części
YT-30522,YT30522,YATO,YT-30522,1,1,TAK,0,NIE,pdf-only,,OCR / ręczne wyciągnięcie listy części
YT-3600,YT3600,YATO,YT-3600,1,1,TAK,0,NIE,pdf-only,,OCR / ręczne wyciągnięcie listy części
YT-36012,YT36012,YATO,YT-36012,1,1,TAK,0,NIE,pdf-only,,OCR / ręczne wyciągnięcie listy części
YT-36013,YT36013,YATO,YT-36013,1,1,TAK,0,NIE,pdf-only,,OCR / ręczne wyciągnięcie listy części
YT-3609,YT3609,YATO,YT-3609,1,1,TAK,0,NIE,pdf-only,,OCR / ręczne wyciągnięcie listy części
YT-36091,YT36091,YATO,YT-36091,1,1,TAK,0,NIE,pdf-only,,OCR / ręczne wyciągnięcie listy części
YT-36092,YT36092,YATO,YT-36092,1,1,TAK,0,NIE,pdf-only,,OCR / ręczne wyciągnięcie listy części
YT-36095,YT36095,YATO,YT-36095,1,1,TAK,0,NIE,pdf-only,,OCR / ręczne wyciągnięcie listy części
YT-3610,YT3610,YATO,YT-3610,1,1,TAK,0,NIE,pdf-only,,OCR / ręczne wyciągnięcie listy części
YT-36112,YT36112,YATO,YT-36112,1,1,TAK,0,NIE,pdf-only,,OCR / ręczne wyciągnięcie listy części
YT-36119,YT36119,YATO,YT-36119,1,1,TAK,0,NIE,pdf-only,,OCR / ręczne wyciągnięcie listy części
YT-3612,YT3612,YATO,YT-3612,1,1,TAK,0,NIE,pdf-only,,OCR / ręczne wyciągnięcie listy części
YT-36125,YT36125,YATO,YT-36125,1,1,TAK,0,NIE,pdf-only,,OCR / ręczne wyciągnięcie listy części
YT-36127,YT36127,YATO,YT-36127,1,1,TAK,0,NIE,pdf-only,,OCR / ręczne wyciągnięcie listy części
YT-36150,YT36150,YATO,YT-36150,1,1,TAK,0,NIE,pdf-only,,OCR / ręczne wyciągnięcie listy części
YT-36171,YT36171,YATO,YT-36171,1,1,TAK,0,NIE,pdf-only,,OCR / ręczne wyciągnięcie listy części
YT-36177,YT36177,YATO,YT-36177,1,1,TAK,0,NIE,pdf-only,,OCR / ręczne wyciągnięcie listy części
YT-3618,YT3618,YATO,YT-3618,2,2,TAK,0,NIE,pdf-only,,OCR / ręczne wyciągnięcie listy części
YT-372160,YT372160,YATO,YT-372160,1,1,TAK,0,NIE,pdf-only,,OCR / ręczne wyciągnięcie listy części
YT-372161,YT372161,YATO,YT-372161,1,1,TAK,0,NIE,pdf-only,,OCR / ręczne wyciągnięcie listy części
YT-372163,YT372163,YATO,YT-372163,1,1,TAK,0,NIE,pdf-only,,OCR / ręczne wyciągnięcie listy części
YT-372164,YT372164,YATO,YT-372164,1,1,TAK,0,NIE,pdf-only,,OCR / ręczne wyciągnięcie listy części
YT-372165,YT372165,YATO,YT-372165,1,1,TAK,0,NIE,pdf-only,,OCR / ręczne wyciągnięcie listy części
YT-372166,YT372166,YATO,YT-372166,1,1,TAK,0,NIE,pdf-only,,OCR / ręczne wyciągnięcie listy części
YT-372167,YT372167,YATO,YT-372167,1,1,TAK,0,NIE,pdf-only,,OCR / ręczne wyciągnięcie listy części
YT-372171,YT372171,YATO,YT-372171,1,1,TAK,0,NIE,pdf-only,,OCR / ręczne wyciągnięcie listy części
YT-372180,YT372180,YATO,YT-372180,1,1,TAK,0,NIE,pdf-only,,OCR / ręczne wyciągnięcie listy części
YT-55556,YT55556,YATO,YT-55556,1,1,TAK,0,NIE,pdf-only,,OCR / ręczne wyciągnięcie listy części
YT-55557,YT55557,YATO,YT-55557 V2,1,1,TAK,0,NIE,pdf-only,,OCR / ręczne wyciągnięcie listy części
YT-55581,YT55581,YATO,YT-55581,1,1,TAK,0,NIE,pdf-only,,OCR / ręczne wyciągnięcie listy części
YT-55584,YT55584,YATO,YT-55584,1,1,TAK,0,NIE,pdf-only,,OCR / ręczne wyciągnięcie listy części
YT-55585,YT55585,YATO,YT-55585,1,1,TAK,0,NIE,pdf-only,,OCR / ręczne wyciągnięcie listy części
YT-55600,YT55600,YATO,YT-55600,1,1,TAK,0,NIE,pdf-only,,OCR / ręczne wyciągnięcie listy części
YT-55801,YT55801,YATO,YT-55801,1,1,TAK,0,NIE,pdf-only,,OCR / ręczne wyciągnięcie listy części
YT-55803,YT55803,YATO,YT-55803,1,1,TAK,0,NIE,pdf-only,,OCR / ręczne wyciągnięcie listy części
YT-55808,YT55808,YATO,YT-55808,1,1,TAK,0,NIE,pdf-only,,OCR / ręczne wyciągnięcie listy części
YT-5901,YT5901,YATO,YT-5901,1,1,TAK,0,NIE,pdf-only,,OCR / ręczne wyciągnięcie listy części
YT-5902,YT5902,YATO,YT-5902,1,1,TAK,0,NIE,pdf-only,,OCR / ręczne wyciągnięcie listy części
YT-5904,YT5904,YATO,YT-5904,1,1,TAK,0,NIE,pdf-only,,OCR / ręczne wyciągnięcie listy części
YT-5905,YT5905,YATO,YT-5905,1,1,TAK,0,NIE,pdf-only,,OCR / ręczne wyciągnięcie listy części
YT-72920,YT72920,YATO,YT-72920,1,1,TAK,0,NIE,pdf-only,,OCR / ręczne wyciągnięcie listy części
YT-7302,YT7302,YATO,YT-7302,1,1,TAK,0,NIE,pdf-only,,OCR / ręczne wyciągnięcie listy części
YT-73030,YT73030,YATO,YT-73030,1,1,TAK,0,NIE,pdf-only,,OCR / ręczne wyciągnięcie listy części
YT-73462,YT73462,YATO,YT-73462,1,1,TAK,0,NIE,pdf-only,,OCR / ręczne wyciągnięcie listy części
YT-79950,YT79950,YATO,YT-79950,1,1,TAK,0,NIE,pdf-only,,OCR / ręczne wyciągnięcie listy części
YT-79951,YT79951,YATO,YT-79951,1,1,TAK,0,NIE,pdf-only,,OCR / ręczne wyciągnięcie listy części
YT-79955,YT79955,YATO,YT-79955,1,1,TAK,0,NIE,pdf-only,,OCR / ręczne wyciągnięcie listy części
YT-81355,YT81355,YATO,YT-81355,1,1,TAK,0,NIE,pdf-only,,OCR / ręczne wyciągnięcie listy części
YT-81357,YT81357,YATO,YT-81357,1,1,TAK,0,NIE,pdf-only,,OCR / ręczne wyciągnięcie listy części
YT-81358,YT81358,YATO,YT-81358,1,1,TAK,0,NIE,pdf-only,,OCR / ręczne wyciągnięcie listy części
YT-81953,YT81953,YATO,YT-81953,1,1,TAK,0,NIE,pdf-only,,OCR / ręczne wyciągnięcie listy części
YT-81956,YT81956,YATO,YT-81956,1,1,TAK,0,NIE,pdf-only,,OCR / ręczne wyciągnięcie listy części
YT-81980,YT81980,YATO,YT-81980,1,1,TAK,0,NIE,pdf-only,,OCR / ręczne wyciągnięcie listy części
YT-81983,YT81983,YATO,YT-81983,1,1,TAK,0,NIE,pdf-only,,OCR / ręczne wyciągnięcie listy części
YT-82001,YT82001,YATO,YT-82001,1,1,TAK,0,NIE,pdf-only,,OCR / ręczne wyciągnięcie listy części
YT-82002,YT82002,YATO,YT-82002,1,1,TAK,0,NIE,pdf-only,,OCR / ręczne wyciągnięcie listy części
YT-82004,YT82004,YATO,YT-82004,1,1,TAK,0,NIE,pdf-only,,OCR / ręczne wyciągnięcie listy części
YT-82005,YT82005,YATO,YT-82005,1,1,TAK,0,NIE,pdf-only,,OCR / ręczne wyciągnięcie listy części
YT-82007,YT82007,YATO,YT-82007,1,1,TAK,0,NIE,pdf-only,,OCR / ręczne wyciągnięcie listy części
YT-82015,YT82015,YATO,YT-82015,1,1,TAK,0,NIE,pdf-only,,OCR / ręczne wyciągnięcie listy części
YT-82016,YT82016,YATO,YT-82016,1,1,TAK,0,NIE,pdf-only,,OCR / ręczne wyciągnięcie listy części
YT-82020,YT82020,YATO,YT-82020,1,1,TAK,0,NIE,pdf-only,,OCR / ręczne wyciągnięcie listy części
YT-82021,YT82021,YATO,YT-82021,1,1,TAK,0,NIE,pdf-only,,OCR / ręczne wyciągnięcie listy części
YT-82025,YT82025,YATO,YT-82025,1,1,TAK,0,NIE,pdf-only,,OCR / ręczne wyciągnięcie listy części
YT-82034,YT82034,YATO,YT-82034,1,1,TAK,0,NIE,pdf-only,,OCR / ręczne wyciągnięcie listy części
YT-82035,YT82035,YATO,YT-82035,1,1,TAK,0,NIE,pdf-only,,OCR / ręczne wyciągnięcie listy części
YT-82036,YT82036,YATO,YT-82036,1,1,TAK,0,NIE,pdf-only,,OCR / ręczne wyciągnięcie listy części
YT-82037,YT82037,YATO,YT-82037,1,1,TAK,0,NIE,pdf-only,,OCR / ręczne wyciągnięcie listy części
YT-82038,YT82038,YATO,YT-82038,1,1,TAK,0,NIE,pdf-only,,OCR / ręczne wyciągnięcie listy części
YT-82040,YT82040,YATO,YT-82040,1,1,TAK,0,NIE,pdf-only,,OCR / ręczne wyciągnięcie listy części
YT-82044,YT82044,YATO,YT-82044,1,1,TAK,0,NIE,pdf-only,,OCR / ręczne wyciągnięcie listy części
YT-82045,YT82045,YATO,YT-82045,1,1,TAK,0,NIE,pdf-only,,OCR / ręczne wyciągnięcie listy części
YT-82048,YT82048,YATO,YT-82048,1,1,TAK,0,NIE,pdf-only,,OCR / ręczne wyciągnięcie listy części
YT-82050,YT82050,YATO,YT-82050,1,1,TAK,0,NIE,pdf-only,,OCR / ręczne wyciągnięcie listy części
YT-820500,YT820500,YATO,YT-820500,1,1,TAK,0,NIE,pdf-only,,OCR / ręczne wyciągnięcie listy części
YT-820501,YT820501,YATO,YT-820501,1,1,TAK,0,NIE,pdf-only,,OCR / ręczne wyciągnięcie listy części
YT-820502,YT820502,YATO,YT-820502,1,1,TAK,0,NIE,pdf-only,,OCR / ręczne wyciągnięcie listy części
YT-820507,YT820507,YATO,YT-820507,1,1,TAK,0,NIE,pdf-only,,OCR / ręczne wyciągnięcie listy części
YT-82051,YT82051,YATO,YT-82051,1,1,TAK,0,NIE,pdf-only,,OCR / ręczne wyciągnięcie listy części
YT-82060,YT82060,YATO,YT-82060,1,1,TAK,0,NIE,pdf-only,,OCR / ręczne wyciągnięcie listy części
YT-82070,YT82070,YATO,YT-82070,1,1,TAK,0,NIE,pdf-only,,OCR / ręczne wyciągnięcie listy części
YT-82075,YT82075,YATO,YT-82075 YT-82076,1,1,TAK,0,NIE,pdf-only,,OCR / ręczne wyciągnięcie listy części
YT-82076,YT82076,YATO,YT-82075 YT-82076,1,1,TAK,0,NIE,pdf-only,,OCR / ręczne wyciągnięcie listy części
YT-82077,YT82077,YATO,YT-82077,1,1,TAK,0,NIE,pdf-only,,OCR / ręczne wyciągnięcie listy części
YT-82080,YT82080,YATO,YT-82080,1,1,TAK,0,NIE,pdf-only,,OCR / ręczne wyciągnięcie listy części
YT-820833,YT820833,YATO,YT-820833,1,1,TAK,0,NIE,pdf-only,,OCR / ręczne wyciągnięcie listy części
YT-82089,YT82089,YATO,YT-82089,1,1,TAK,0,NIE,pdf-only,,OCR / ręczne wyciągnięcie listy części
YT-82094,YT82094,YATO,YT-82094,1,1,TAK,0,NIE,pdf-only,,OCR / ręczne wyciągnięcie listy części
YT-82096,YT82096,YATO,YT-82096,1,1,TAK,0,NIE,pdf-only,,OCR / ręczne wyciągnięcie listy części
YT-82097,YT82097,YATO,YT-82097,1,1,TAK,0,NIE,pdf-only,,OCR / ręczne wyciągnięcie listy części
YT-82098,YT82098,YATO,YT-82098,1,1,TAK,0,NIE,pdf-only,,OCR / ręczne wyciągnięcie listy części
YT-82099,YT82099,YATO,YT-82099,1,1,TAK,0,NIE,pdf-only,,OCR / ręczne wyciągnięcie listy części
YT-82100,YT82100,YATO,YT-82100,1,1,TAK,0,NIE,pdf-only,,OCR / ręczne wyciągnięcie listy części
YT-82101,YT82101,YATO,YT-82101,1,1,TAK,0,NIE,pdf-only,,OCR / ręczne wyciągnięcie listy części
YT-821020,YT821020,YATO,YT-821020,1,1,TAK,0,NIE,pdf-only,,OCR / ręczne wyciągnięcie listy części
YT-821021,YT821021,YATO,YT-821021,1,1,TAK,0,NIE,pdf-only,,OCR / ręczne wyciągnięcie listy części
YT-821023,YT821023,YATO,YT-821023,1,1,TAK,0,NIE,pdf-only,,OCR / ręczne wyciągnięcie listy części
YT-821024,YT821024,YATO,YT-821024,1,1,TAK,0,NIE,pdf-only,,OCR / ręczne wyciągnięcie listy części
YT-82105,YT82105,YATO,YT-82105,1,1,TAK,0,NIE,pdf-only,,OCR / ręczne wyciągnięcie listy części
YT-82106,YT82106,YATO,YT-82106,1,1,TAK,0,NIE,pdf-only,,OCR / ręczne wyciągnięcie listy części
YT-82110,YT82110,YATO,YT-82110,1,1,TAK,0,NIE,pdf-only,,OCR / ręczne wyciągnięcie listy części
YT-82115,YT82115,YATO,YT-82115,1,1,TAK,0,NIE,pdf-only,,OCR / ręczne wyciągnięcie listy części
YT-82116,YT82116,YATO,YT-82116,1,1,TAK,0,NIE,pdf-only,,OCR / ręczne wyciągnięcie listy części
YT-82117,YT82117,YATO,YT-82117,1,1,TAK,0,NIE,pdf-only,,OCR / ręczne wyciągnięcie listy części
YT-82118,YT82118,YATO,YT-82118,1,1,TAK,0,NIE,pdf-only,,OCR / ręczne wyciągnięcie listy części
YT-82119,YT82119,YATO,YT-82119,1,1,TAK,0,NIE,pdf-only,,OCR / ręczne wyciągnięcie listy części
YT-82120,YT82120,YATO,YT-82120,1,1,TAK,0,NIE,pdf-only,,OCR / ręczne wyciągnięcie listy części
YT-821210,YT821210,YATO,YT-821210,1,1,TAK,0,NIE,pdf-only,,OCR / ręczne wyciągnięcie listy części
YT-82122,YT82122,YATO,YT-82122,1,1,TAK,0,NIE,pdf-only,,OCR / ręczne wyciągnięcie listy części
YT-82123,YT82123,YATO,YT-82123,1,1,TAK,0,NIE,pdf-only,,OCR / ręczne wyciągnięcie listy części
YT-82125,YT82125,YATO,YT-82125,1,1,TAK,0,NIE,pdf-only,,OCR / ręczne wyciągnięcie listy części
YT-82126,YT82126,YATO,YT-82126,1,1,TAK,0,NIE,pdf-only,,OCR / ręczne wyciągnięcie listy części
YT-82127,YT82127,YATO,YT-82127,1,1,TAK,0,NIE,pdf-only,,OCR / ręczne wyciągnięcie listy części
YT-82129,YT82129,YATO,YT-82129,1,1,TAK,0,NIE,pdf-only,,OCR / ręczne wyciągnięcie listy części
YT-82130,YT82130,YATO,YT-82130,1,1,TAK,0,NIE,pdf-only,,OCR / ręczne wyciągnięcie listy części
YT-82131,YT82131,YATO,YT-82131,1,1,TAK,0,NIE,pdf-only,,OCR / ręczne wyciągnięcie listy części
YT-82132,YT82132,YATO,YT-82132,1,1,TAK,0,NIE,pdf-only,,OCR / ręczne wyciągnięcie listy części
YT-82133,YT82133,YATO,YT-82133,1,1,TAK,0,NIE,pdf-only,,OCR / ręczne wyciągnięcie listy części
YT-82134,YT82134,YATO,YT-82134,1,1,TAK,0,NIE,pdf-only,,OCR / ręczne wyciągnięcie listy części
YT-82135,YT82135,YATO,YT-82135,1,1,TAK,0,NIE,pdf-only,,OCR / ręczne wyciągnięcie listy części
YT-82138,YT82138,YATO,YT-82138,1,1,TAK,0,NIE,pdf-only,,OCR / ręczne wyciągnięcie listy części
YT-82141,YT82141,YATO,YT-82141,1,1,TAK,0,NIE,pdf-only,,OCR / ręczne wyciągnięcie listy części
YT-82144,YT82144,YATO,YT-82144,1,1,TAK,0,NIE,pdf-only,,OCR / ręczne wyciągnięcie listy części
YT-82147,YT82147,YATO,YT-82147,1,1,TAK,0,NIE,pdf-only,,OCR / ręczne wyciągnięcie listy części
YT-82148,YT82148,YATO,YT-82148,1,1,TAK,0,NIE,pdf-only,,OCR / ręczne wyciągnięcie listy części
YT-82151,YT82151,YATO,YT-82151,1,1,TAK,0,NIE,pdf-only,,OCR / ręczne wyciągnięcie listy części
YT-82152,YT82152,YATO,YT-82152,1,1,TAK,0,NIE,pdf-only,,OCR / ręczne wyciągnięcie listy części
YT-821533,YT821533,YATO,YT-821533,1,1,TAK,0,NIE,pdf-only,,OCR / ręczne wyciągnięcie listy części
YT-82154,YT82154,YATO,YT-82154,1,1,TAK,0,NIE,pdf-only,,OCR / ręczne wyciągnięcie listy części
YT-82155,YT82155,YATO,YT-82155,1,1,TAK,0,NIE,pdf-only,,OCR / ręczne wyciągnięcie listy części
YT-82157,YT82157,YATO,YT-82157,1,1,TAK,0,NIE,pdf-only,,OCR / ręczne wyciągnięcie listy części
YT-82158,YT82158,YATO,YT-82158,1,1,TAK,0,NIE,pdf-only,,OCR / ręczne wyciągnięcie listy części
YT-821583,YT821583,YATO,YT-821583,1,1,TAK,0,NIE,pdf-only,,OCR / ręczne wyciągnięcie listy części
YT-82159,YT82159,YATO,YT-82159,1,1,TAK,0,NIE,pdf-only,,OCR / ręczne wyciągnięcie listy części
YT-821591,YT821591,YATO,YT-821591,1,1,TAK,0,NIE,pdf-only,,OCR / ręczne wyciągnięcie listy części
YT-821597,YT821597,YATO,YT-821597,1,1,TAK,0,NIE,pdf-only,,OCR / ręczne wyciągnięcie listy części
YT-82161,YT82161,YATO,YT-82161,1,1,TAK,0,NIE,pdf-only,,OCR / ręczne wyciągnięcie listy części
YT-82163,YT82163,YATO,YT-82163,1,1,TAK,0,NIE,pdf-only,,OCR / ręczne wyciągnięcie listy części
YT-82164,YT82164,YATO,YT-82164,1,1,TAK,0,NIE,pdf-only,,OCR / ręczne wyciągnięcie listy części
YT-82165,YT82165,YATO,YT-82165,1,1,TAK,0,NIE,pdf-only,,OCR / ręczne wyciągnięcie listy części
YT-82168,YT82168,YATO,YT-82168,1,1,TAK,0,NIE,pdf-only,,OCR / ręczne wyciągnięcie listy części
YT-82171,YT82171,YATO,YT-82171,1,1,TAK,0,NIE,pdf-only,,OCR / ręczne wyciągnięcie listy części
YT-821710,YT821710,YATO,YT-821710,1,1,TAK,0,NIE,pdf-only,,OCR / ręczne wyciągnięcie listy części
YT-82172,YT82172,YATO,YT-82172,1,1,TAK,0,NIE,pdf-only,,OCR / ręczne wyciągnięcie listy części
YT-821722,YT821722,YATO,YT-821722,1,1,TAK,0,NIE,pdf-only,,OCR / ręczne wyciągnięcie listy części
YT-82173,YT82173,YATO,YT-82173,1,1,TAK,0,NIE,pdf-only,,OCR / ręczne wyciągnięcie listy części
YT-82174,YT82174,YATO,YT-82174,1,1,TAK,0,NIE,pdf-only,,OCR / ręczne wyciągnięcie listy części
YT-82175,YT82175,YATO,YT-82175,1,1,TAK,0,NIE,pdf-only,,OCR / ręczne wyciągnięcie listy części
YT-82176,YT82176,YATO,YT-82176,1,1,TAK,0,NIE,pdf-only,,OCR / ręczne wyciągnięcie listy części
YT-82181,YT82181,YATO,YT-82181,1,1,TAK,0,NIE,pdf-only,,OCR / ręczne wyciągnięcie listy części
YT-82185,YT82185,YATO,YT-82185,1,1,TAK,0,NIE,pdf-only,,OCR / ręczne wyciągnięcie listy części
YT-82190,YT82190,YATO,YT-82190,1,1,TAK,0,NIE,pdf-only,,OCR / ręczne wyciągnięcie listy części
YT-821901,YT821901,YATO,YT-821901,1,1,TAK,0,NIE,pdf-only,,OCR / ręczne wyciągnięcie listy części
YT-821905,YT821905,YATO,YT-821905,1,1,TAK,0,NIE,pdf-only,,OCR / ręczne wyciągnięcie listy części
YT-82191,YT82191,YATO,YT-82191,1,1,TAK,0,NIE,pdf-only,,OCR / ręczne wyciągnięcie listy części
YT-821915,YT821915,YATO,YT-821915,1,1,TAK,0,NIE,pdf-only,,OCR / ręczne wyciągnięcie listy części
YT-821916,YT821916,YATO,YT-821916,1,1,TAK,0,NIE,pdf-only,,OCR / ręczne wyciągnięcie listy części
YT-82192,YT82192,YATO,YT-82192,1,1,TAK,0,NIE,pdf-only,,OCR / ręczne wyciągnięcie listy części
YT-82194,YT82194,YATO,YT-82194,1,1,TAK,0,NIE,pdf-only,,OCR / ręczne wyciągnięcie listy części
YT-82196,YT82196,YATO,YT-82196,1,1,TAK,0,NIE,pdf-only,,OCR / ręczne wyciągnięcie listy części
YT-82198,YT82198,YATO,YT-82198,1,1,TAK,0,NIE,pdf-only,,OCR / ręczne wyciągnięcie listy części
YT-82205,YT82205,YATO,YT-82205,1,1,TAK,0,NIE,pdf-only,,OCR / ręczne wyciągnięcie listy części
YT-82206,YT82206,YATO,YT-82206,1,1,TAK,0,NIE,pdf-only,,OCR / ręczne wyciągnięcie listy części
YT-82207,YT82207,YATO,YT-82207,1,1,TAK,0,NIE,pdf-only,,OCR / ręczne wyciągnięcie listy części
YT-82208,YT82208,YATO,YT-82208,1,1,TAK,0,NIE,pdf-only,,OCR / ręczne wyciągnięcie listy części
YT-822100,YT822100,YATO,YT-822100,1,1,TAK,0,NIE,pdf-only,,OCR / ręczne wyciągnięcie listy części
YT-822103,YT822103,YATO,YT-822103,1,1,TAK,0,NIE,pdf-only,,OCR / ręczne wyciągnięcie listy części
YT-822107,YT822107,YATO,YT-822107,1,1,TAK,0,NIE,pdf-only,,OCR / ręczne wyciągnięcie listy części
YT-822110,YT822110,YATO,YT-822110,1,1,TAK,0,NIE,pdf-only,,OCR / ręczne wyciągnięcie listy części
YT-822112,YT822112,YATO,YT-822112,1,1,TAK,0,NIE,pdf-only,,OCR / ręczne wyciągnięcie listy części
YT-82220,YT82220,YATO,YT-82220,1,1,TAK,0,NIE,pdf-only,,OCR / ręczne wyciągnięcie listy części
YT-82221,YT82221,YATO,YT-82221,1,1,TAK,0,NIE,pdf-only,,OCR / ręczne wyciągnięcie listy części
YT-82223,YT82223,YATO,YT-82223,1,1,TAK,0,NIE,pdf-only,,OCR / ręczne wyciągnięcie listy części
YT-82230,YT82230,YATO,YT-82230,1,1,TAK,0,NIE,pdf-only,,OCR / ręczne wyciągnięcie listy części
YT-82234,YT82234,YATO,YT-82234,1,1,TAK,0,NIE,pdf-only,,OCR / ręczne wyciągnięcie listy części
YT-82240,YT82240,YATO,YT-82240,1,1,TAK,0,NIE,pdf-only,,OCR / ręczne wyciągnięcie listy części
YT-82242,YT82242,YATO,YT-82242,1,1,TAK,0,NIE,pdf-only,,OCR / ręczne wyciągnięcie listy części
YT-82250,YT82250,YATO,YT-82250,1,1,TAK,0,NIE,pdf-only,,OCR / ręczne wyciągnięcie listy części
YT-82251,YT82251,YATO,YT-82251,1,1,TAK,0,NIE,pdf-only,,OCR / ręczne wyciągnięcie listy części
YT-82265,YT82265,YATO,YT-82265,1,1,TAK,0,NIE,pdf-only,,OCR / ręczne wyciągnięcie listy części
YT-82267,YT82267,YATO,YT-82267,1,1,TAK,0,NIE,pdf-only,,OCR / ręczne wyciągnięcie listy części
YT-82273,YT82273,YATO,YT-82273,1,1,TAK,0,NIE,pdf-only,,OCR / ręczne wyciągnięcie listy części
YT-82274,YT82274,YATO,YT-82274,1,1,TAK,0,NIE,pdf-only,,OCR / ręczne wyciągnięcie listy części
YT-82280,YT82280,YATO,YT-82280,1,1,TAK,0,NIE,pdf-only,,OCR / ręczne wyciągnięcie listy części
YT-82281,YT82281,YATO,YT-82281,1,1,TAK,0,NIE,pdf-only,,OCR / ręczne wyciągnięcie listy części
YT-82282,YT82282,YATO,YT-82282,1,1,TAK,0,NIE,pdf-only,,OCR / ręczne wyciągnięcie listy części
YT-82284,YT82284,YATO,YT-82284,1,1,TAK,0,NIE,pdf-only,,OCR / ręczne wyciągnięcie listy części
YT-82288,YT82288,YATO,YT-82288,1,1,TAK,0,NIE,pdf-only,,OCR / ręczne wyciągnięcie listy części
YT-82291,YT82291,YATO,YT-82291,1,1,TAK,0,NIE,pdf-only,,OCR / ręczne wyciągnięcie listy części
YT-82292,YT82292,YATO,YT-82292,1,1,TAK,0,NIE,pdf-only,,OCR / ręczne wyciągnięcie listy części
YT-82293,YT82293,YATO,YT-82293,1,1,TAK,0,NIE,pdf-only,,OCR / ręczne wyciągnięcie listy części
YT-82294,YT82294,YATO,YT-82294,1,1,TAK,0,NIE,pdf-only,,OCR / ręczne wyciągnięcie listy części
YT-82295,YT82295,YATO,YT-82295,1,1,TAK,0,NIE,pdf-only,,OCR / ręczne wyciągnięcie listy części
YT-82296,YT82296,YATO,YT-82296,1,1,TAK,0,NIE,pdf-only,,OCR / ręczne wyciągnięcie listy części
YT-82297,YT82297,YATO,YT-82297,1,1,TAK,0,NIE,pdf-only,,OCR / ręczne wyciągnięcie listy części
YT-82330,YT82330,YATO,YT-82330,1,1,TAK,0,NIE,pdf-only,,OCR / ręczne wyciągnięcie listy części
YT-82340,YT82340,YATO,YT-82340,1,1,TAK,0,NIE,pdf-only,,OCR / ręczne wyciągnięcie listy części
YT-82341,YT82341,YATO,YT-82341,1,1,TAK,0,NIE,pdf-only,,OCR / ręczne wyciągnięcie listy części
YT-82342,YT82342,YATO,YT-82342,1,1,TAK,0,NIE,pdf-only,,OCR / ręczne wyciągnięcie listy części
YT-82350,YT82350,YATO,YT-82350,1,1,TAK,0,NIE,pdf-only,,OCR / ręczne wyciągnięcie listy części
YT-82356,YT82356,YATO,YT-82356,1,1,TAK,0,NIE,pdf-only,,OCR / ręczne wyciągnięcie listy części
YT-82375,YT82375,YATO,YT-82375,1,1,TAK,0,NIE,pdf-only,,OCR / ręczne wyciągnięcie listy części
YT-82380,YT82380,YATO,YT-82380,1,1,TAK,0,NIE,pdf-only,,OCR / ręczne wyciągnięcie listy części
YT-82385,YT82385,YATO,YT-82385,1,1,TAK,0,NIE,pdf-only,,OCR / ręczne wyciągnięcie listy części
YT-82389,YT82389,YATO,YT-82389,1,1,TAK,0,NIE,pdf-only,,OCR / ręczne wyciągnięcie listy części
YT-82390,YT82390,YATO,YT-82390,1,1,TAK,0,NIE,pdf-only,,OCR / ręczne wyciągnięcie listy części
YT-82395,YT82395,YATO,YT-82395,1,1,TAK,0,NIE,pdf-only,,OCR / ręczne wyciągnięcie listy części
YT-82398,YT82398,YATO,YT-82398 YT-82399,1,1,TAK,0,NIE,pdf-only,,OCR / ręczne wyciągnięcie listy części
YT-82399,YT82399,YATO,YT-82398 YT-82399,1,1,TAK,0,NIE,pdf-only,,OCR / ręczne wyciągnięcie listy części
YT-824480,YT824480,YATO,YT-824480,1,1,TAK,0,NIE,pdf-only,,OCR / ręczne wyciągnięcie listy części
YT-824482,YT824482,YATO,YT-824482,1,1,TAK,0,NIE,pdf-only,,OCR / ręczne wyciągnięcie listy części
YT-824485,YT824485,YATO,YT-824485,1,1,TAK,0,NIE,pdf-only,,OCR / ręczne wyciągnięcie listy części
YT-8245,YT8245,YATO,YT-8245,1,1,TAK,0,NIE,pdf-only,,OCR / ręczne wyciągnięcie listy części
YT-82455,YT82455,YATO,YT-82455,1,1,TAK,0,NIE,pdf-only,,OCR / ręczne wyciągnięcie listy części
YT-82456,YT82456,YATO,YT-82456,1,1,TAK,0,NIE,pdf-only,,OCR / ręczne wyciągnięcie listy części
YT-82457,YT82457,YATO,YT-82457,1,1,TAK,0,NIE,pdf-only,,OCR / ręczne wyciągnięcie listy części
YT-82458,YT82458,YATO,YT-82458,1,1,TAK,0,NIE,pdf-only,,OCR / ręczne wyciągnięcie listy części
YT-82459,YT82459,YATO,YT-82459,1,1,TAK,0,NIE,pdf-only,,OCR / ręczne wyciągnięcie listy części
YT-82461,YT82461,YATO,YT-82461,1,1,TAK,0,NIE,pdf-only,,OCR / ręczne wyciągnięcie listy części
YT-82462,YT82462,YATO,YT-82462,1,1,TAK,0,NIE,pdf-only,,OCR / ręczne wyciągnięcie listy części
YT-82550,YT82550,YATO,YT-82550,1,1,TAK,0,NIE,pdf-only,,OCR / ręczne wyciągnięcie listy części
YT-82553,YT82553,YATO,YT-82553,1,1,TAK,0,NIE,pdf-only,,OCR / ręczne wyciągnięcie listy części
YT-82560,YT82560,YATO,YT-82560,1,1,TAK,0,NIE,pdf-only,,OCR / ręczne wyciągnięcie listy części
YT-82600,YT82600,YATO,YT-82600,1,1,TAK,0,NIE,pdf-only,,OCR / ręczne wyciągnięcie listy części
YT-82601,YT82601,YATO,YT-82601,1,1,TAK,0,NIE,pdf-only,,OCR / ręczne wyciągnięcie listy części
YT-82604,YT82604,YATO,YT-82604,1,1,TAK,0,NIE,pdf-only,,OCR / ręczne wyciągnięcie listy części
YT-82605,YT82605,YATO,YT-82605,1,1,TAK,0,NIE,pdf-only,,OCR / ręczne wyciągnięcie listy części
YT-82606,YT82606,YATO,YT-82606,1,1,TAK,0,NIE,pdf-only,,OCR / ręczne wyciągnięcie listy części
YT-82607,YT82607,YATO,YT-82607,1,1,TAK,0,NIE,pdf-only,,OCR / ręczne wyciągnięcie listy części
YT-82608,YT82608,YATO,YT-82608,1,1,TAK,0,NIE,pdf-only,,OCR / ręczne wyciągnięcie listy części
YT-82609,YT82609,YATO,YT-82609,1,1,TAK,0,NIE,pdf-only,,OCR / ręczne wyciągnięcie listy części
YT-8271,YT8271,YATO,YT-8271,1,1,TAK,0,NIE,pdf-only,,OCR / ręczne wyciągnięcie listy części
YT-8272,YT8272,YATO,YT-8272,1,1,TAK,0,NIE,pdf-only,,OCR / ręczne wyciągnięcie listy części
YT-8273,YT8273,YATO,YT-8273,1,1,TAK,0,NIE,pdf-only,,OCR / ręczne wyciągnięcie listy części
YT-827533,YT827533,YATO,YT-827533,1,1,TAK,0,NIE,pdf-only,,OCR / ręczne wyciągnięcie listy części
YT-82760,YT82760,YATO,YT-82760,1,1,TAK,0,NIE,pdf-only,,OCR / ręczne wyciągnięcie listy części
YT-82763,YT82763,YATO,YT-82763,1,1,TAK,0,NIE,pdf-only,,OCR / ręczne wyciągnięcie listy części
YT-82765,YT82765,YATO,YT-82765,1,1,TAK,0,NIE,pdf-only,,OCR / ręczne wyciągnięcie listy części
YT-82767,YT82767,YATO,YT-82767,1,1,TAK,0,NIE,pdf-only,,OCR / ręczne wyciągnięcie listy części
YT-82770,YT82770,YATO,YT-82770,1,1,TAK,0,NIE,pdf-only,,OCR / ręczne wyciągnięcie listy części
YT-82772,YT82772,YATO,YT-82772,1,1,TAK,0,NIE,pdf-only,,OCR / ręczne wyciągnięcie listy części
YT-827721,YT827721,YATO,YT-827721,1,1,TAK,0,NIE,pdf-only,,OCR / ręczne wyciągnięcie listy części
YT-827722,YT827722,YATO,YT-827722,1,1,TAK,0,NIE,pdf-only,,OCR / ręczne wyciągnięcie listy części
YT-827723,YT827723,YATO,YT-827723,1,1,TAK,0,NIE,pdf-only,,OCR / ręczne wyciągnięcie listy części
YT-827788,YT827788,YATO,YT-827788,1,1,TAK,0,NIE,pdf-only,,OCR / ręczne wyciągnięcie listy części
YT-827790,YT827790,YATO,YT-827790,1,1,TAK,0,NIE,pdf-only,,OCR / ręczne wyciągnięcie listy części
YT-8277905,YT8277905,YATO,YT-8277905,1,1,TAK,0,NIE,pdf-only,,OCR / ręczne wyciągnięcie listy części
YT-827791,YT827791,YATO,YT-827791,1,1,TAK,0,NIE,pdf-only,,OCR / ręczne wyciągnięcie listy części
YT-8277915,YT8277915,YATO,YT-8277915,1,1,TAK,0,NIE,pdf-only,,OCR / ręczne wyciągnięcie listy części
YT-827792,YT827792,YATO,YT-827792,1,1,TAK,0,NIE,pdf-only,,OCR / ręczne wyciągnięcie listy części
YT-827793,YT827793,YATO,YT-827793,1,1,TAK,0,NIE,pdf-only,,OCR / ręczne wyciągnięcie listy części
YT-8277935,YT8277935,YATO,YT-8277935,1,1,TAK,0,NIE,pdf-only,,OCR / ręczne wyciągnięcie listy części
YT-82780,YT82780,YATO,YT-82780,1,1,TAK,0,NIE,pdf-only,,OCR / ręczne wyciągnięcie listy części
YT-82781,YT82781,YATO,YT-82781,1,1,TAK,0,NIE,pdf-only,,OCR / ręczne wyciągnięcie listy części
YT-82782,YT82782,YATO,YT-82782,1,1,TAK,0,NIE,pdf-only,,OCR / ręczne wyciągnięcie listy części
YT-827820,YT827820,YATO,YT-827820,1,1,TAK,0,NIE,pdf-only,,OCR / ręczne wyciągnięcie listy części
YT-827821,YT827821,YATO,YT-827821,1,1,TAK,0,NIE,pdf-only,,OCR / ręczne wyciągnięcie listy części
YT-827822,YT827822,YATO,YT-827822,1,1,TAK,0,NIE,pdf-only,,OCR / ręczne wyciągnięcie listy części
YT-82783,YT82783,YATO,YT-82783,1,1,TAK,0,NIE,pdf-only,,OCR / ręczne wyciągnięcie listy części
YT-82784,YT82784,YATO,YT-82784,1,1,TAK,0,NIE,pdf-only,,OCR / ręczne wyciągnięcie listy części
YT-82786,YT82786,YATO,YT-82786,1,1,TAK,0,NIE,pdf-only,,OCR / ręczne wyciągnięcie listy części
YT-82787,YT82787,YATO,YT-82787,1,1,TAK,0,NIE,pdf-only,,OCR / ręczne wyciągnięcie listy części
YT-82788,YT82788,YATO,YT-82788,1,1,TAK,0,NIE,pdf-only,,OCR / ręczne wyciągnięcie listy części
YT-82789,YT82789,YATO,YT-82789,1,1,TAK,0,NIE,pdf-only,,OCR / ręczne wyciągnięcie listy części
YT-82794,YT82794,YATO,YT-82794,1,1,TAK,0,NIE,pdf-only,,OCR / ręczne wyciągnięcie listy części
YT-82795,YT82795,YATO,YT-82795,1,1,TAK,0,NIE,pdf-only,,OCR / ręczne wyciągnięcie listy części
YT-82796,YT82796,YATO,YT-82796,1,1,TAK,0,NIE,pdf-only,,OCR / ręczne wyciągnięcie listy części
YT-82797,YT82797,YATO,YT-82797,1,1,TAK,0,NIE,pdf-only,,OCR / ręczne wyciągnięcie listy części
YT-82798,YT82798,YATO,YT-82798,1,1,TAK,0,NIE,pdf-only,,OCR / ręczne wyciągnięcie listy części
YT-82799,YT82799,YATO,YT-82799,1,1,TAK,0,NIE,pdf-only,,OCR / ręczne wyciągnięcie listy części
YT-82800,YT82800,YATO,YT-82800,1,1,TAK,0,NIE,pdf-only,,OCR / ręczne wyciągnięcie listy części
YT-82801,YT82801,YATO,YT-82801,1,1,TAK,0,NIE,pdf-only,,OCR / ręczne wyciągnięcie listy części
YT-82802,YT82802,YATO,YT-82802,1,1,TAK,0,NIE,pdf-only,,OCR / ręczne wyciągnięcie listy części
YT-828030,YT828030,YATO,YT-828030,1,1,TAK,0,NIE,pdf-only,,OCR / ręczne wyciągnięcie listy części
YT-828031,YT828031,YATO,YT-828031,1,1,TAK,0,NIE,pdf-only,,OCR / ręczne wyciągnięcie listy części
YT-828033,YT828033,YATO,YT-828033,1,1,TAK,0,NIE,pdf-only,,OCR / ręczne wyciągnięcie listy części
YT-828035,YT828035,YATO,YT-828035,1,1,TAK,0,NIE,pdf-only,,OCR / ręczne wyciągnięcie listy części
YT-82804,YT82804,YATO,YT-82804,1,1,TAK,0,NIE,pdf-only,,OCR / ręczne wyciągnięcie listy części
YT-82805,YT82805,YATO,YT-82805,1,1,TAK,0,NIE,pdf-only,,OCR / ręczne wyciągnięcie listy części
YT-82806,YT82806,YATO,YT-82806,1,1,TAK,0,NIE,pdf-only,,OCR / ręczne wyciągnięcie listy części
YT-828063,YT828063,YATO,YT-828063,1,1,TAK,0,NIE,pdf-only,,OCR / ręczne wyciągnięcie listy części
YT-828064,YT828064,YATO,YT-828064,1,1,TAK,0,NIE,pdf-only,,OCR / ręczne wyciągnięcie listy części
YT-828065,YT828065,YATO,YT-828065,1,1,TAK,0,NIE,pdf-only,,OCR / ręczne wyciągnięcie listy części
YT-828066,YT828066,YATO,YT-828066,1,1,TAK,0,NIE,pdf-only,,OCR / ręczne wyciągnięcie listy części
YT-828067,YT828067,YATO,YT-828067,1,1,TAK,0,NIE,pdf-only,,OCR / ręczne wyciągnięcie listy części
YT-828068,YT828068,YATO,YT-828068,1,1,TAK,0,NIE,pdf-only,,OCR / ręczne wyciągnięcie listy części
YT-828071,YT828071,YATO,YT-828071,1,1,TAK,0,NIE,pdf-only,,OCR / ręczne wyciągnięcie listy części
YT-828072,YT828072,YATO,YT-828072,1,1,TAK,0,NIE,pdf-only,,OCR / ręczne wyciągnięcie listy części
YT-828073,YT828073,YATO,YT-828073,1,1,TAK,0,NIE,pdf-only,,OCR / ręczne wyciągnięcie listy części
YT-828074,YT828074,YATO,YT-828074,1,1,TAK,0,NIE,pdf-only,,OCR / ręczne wyciągnięcie listy części
YT-828075,YT828075,YATO,YT-828075 YT-828076,1,1,TAK,0,NIE,pdf-only,,OCR / ręczne wyciągnięcie listy części
YT-828076,YT828076,YATO,YT-828075 YT-828076,1,1,TAK,0,NIE,pdf-only,,OCR / ręczne wyciągnięcie listy części
YT-82808,YT82808,YATO,YT-82808,1,1,TAK,0,NIE,pdf-only,,OCR / ręczne wyciągnięcie listy części
YT-82809,YT82809,YATO,YT-82809,1,1,TAK,0,NIE,pdf-only,,OCR / ręczne wyciągnięcie listy części
YT-82810,YT82810,YATO,YT-82810,1,1,TAK,0,NIE,pdf-only,,OCR / ręczne wyciągnięcie listy części
YT-82811,YT82811,YATO,YT-82811,1,1,TAK,0,NIE,pdf-only,,OCR / ręczne wyciągnięcie listy części
YT-828118,YT828118,YATO,YT-828118 YT-8281185,1,1,TAK,0,NIE,pdf-only,,OCR / ręczne wyciągnięcie listy części
YT-8281185,YT8281185,YATO,YT-828118 YT-8281185,1,1,TAK,0,NIE,pdf-only,,OCR / ręczne wyciągnięcie listy części
YT-82812,YT82812,YATO,YT-82812,1,1,TAK,0,NIE,pdf-only,,OCR / ręczne wyciągnięcie listy części
YT-82813,YT82813,YATO,YT-82813,1,1,TAK,0,NIE,pdf-only,,OCR / ręczne wyciągnięcie listy części
YT-828131,YT828131,YATO,YT-828131,1,1,TAK,0,NIE,pdf-only,,OCR / ręczne wyciągnięcie listy części
YT-828132,YT828132,YATO,YT-828132,1,1,TAK,0,NIE,pdf-only,,OCR / ręczne wyciągnięcie listy części
YT-828133,YT828133,YATO,YT-828133,1,1,TAK,0,NIE,pdf-only,,OCR / ręczne wyciągnięcie listy części
YT-828134,YT828134,YATO,YT-828134,1,1,TAK,0,NIE,pdf-only,,OCR / ręczne wyciągnięcie listy części
YT-828135,YT828135,YATO,YT-828135 YT-828136,1,1,TAK,0,NIE,pdf-only,,OCR / ręczne wyciągnięcie listy części
YT-828136,YT828136,YATO,YT-828135 YT-828136,1,1,TAK,0,NIE,pdf-only,,OCR / ręczne wyciągnięcie listy części
YT-828137,YT828137,YATO,YT-828137 YT-828138,2,2,TAK,0,NIE,pdf-only,,OCR / ręczne wyciągnięcie listy części
YT-828138,YT828138,YATO,YT-828137 YT-828138,2,2,TAK,0,NIE,pdf-only,,OCR / ręczne wyciągnięcie listy części
YT-82814,YT82814,YATO,YT-82814,1,1,TAK,0,NIE,pdf-only,,OCR / ręczne wyciągnięcie listy części
YT-82815,YT82815,YATO,YT-82815,1,1,TAK,0,NIE,pdf-only,,OCR / ręczne wyciągnięcie listy części
YT-82816,YT82816,YATO,YT-82816,1,1,TAK,0,NIE,pdf-only,,OCR / ręczne wyciągnięcie listy części
YT-82817,YT82817,YATO,YT-82817,1,1,TAK,0,NIE,pdf-only,,OCR / ręczne wyciągnięcie listy części
YT-82818,YT82818,YATO,YT-82818,1,1,TAK,0,NIE,pdf-only,,OCR / ręczne wyciągnięcie listy części
YT-82819,YT82819,YATO,YT-82819,1,1,TAK,0,NIE,pdf-only,,OCR / ręczne wyciągnięcie listy części
YT-82822,YT82822,YATO,YT-82822,1,1,TAK,0,NIE,pdf-only,,OCR / ręczne wyciągnięcie listy części
YT-82823,YT82823,YATO,YT-82823,1,1,TAK,0,NIE,pdf-only,,OCR / ręczne wyciągnięcie listy części
YT-82824,YT82824,YATO,YT-82824 YT-828296,2,2,TAK,0,NIE,pdf-only,,OCR / ręczne wyciągnięcie listy części
YT-828247,YT828247,YATO,YT-828247,1,1,TAK,0,NIE,pdf-only,,OCR / ręczne wyciągnięcie listy części
YT-828254,YT828254,YATO,YT-828254,1,1,TAK,0,NIE,pdf-only,,OCR / ręczne wyciągnięcie listy części
YT-828255,YT828255,YATO,YT-828255,1,1,TAK,0,NIE,pdf-only,,OCR / ręczne wyciągnięcie listy części
YT-828256,YT828256,YATO,YT-828256,1,1,TAK,0,NIE,pdf-only,,OCR / ręczne wyciągnięcie listy części
YT-82826,YT82826,YATO,YT-82826,1,1,TAK,0,NIE,pdf-only,,OCR / ręczne wyciągnięcie listy części
YT-82827,YT82827,YATO,YT-82827,1,1,TAK,0,NIE,pdf-only,,OCR / ręczne wyciągnięcie listy części
YT-82828,YT82828,YATO,YT-82828,1,1,TAK,0,NIE,pdf-only,,OCR / ręczne wyciągnięcie listy części
YT-82829,YT82829,YATO,YT-82829,1,1,TAK,0,NIE,pdf-only,,OCR / ręczne wyciągnięcie listy części
YT-828293,YT828293,YATO,YT-828293 YT-828294 YT-828295 YT-828296,2,2,TAK,0,NIE,pdf-only,,OCR / ręczne wyciągnięcie listy części
YT-828294,YT828294,YATO,YT-828293 YT-828294 YT-828295 YT-828296,2,2,TAK,0,NIE,pdf-only,,OCR / ręczne wyciągnięcie listy części
YT-828295,YT828295,YATO,YT-828293 YT-828294 YT-828295 YT-828296,2,2,TAK,0,NIE,pdf-only,,OCR / ręczne wyciągnięcie listy części
YT-828296,YT828296,YATO,YT-828293 YT-828294 YT-828295 YT-828296,3,3,TAK,0,NIE,pdf-only,,OCR / ręczne wyciągnięcie listy części
YT-82830,YT82830,YATO,YT-82830,1,1,TAK,0,NIE,pdf-only,,OCR / ręczne wyciągnięcie listy części
YT-82831,YT82831,YATO,YT-82831,1,1,TAK,0,NIE,pdf-only,,OCR / ręczne wyciągnięcie listy części
YT-82832,YT82832,YATO,YT-82832,1,1,TAK,0,NIE,pdf-only,,OCR / ręczne wyciągnięcie listy części
YT-82833,YT82833,YATO,YT-82833,1,1,TAK,0,NIE,pdf-only,,OCR / ręczne wyciągnięcie listy części
YT-828331,YT828331,YATO,YT-828331,1,1,TAK,0,NIE,pdf-only,,OCR / ręczne wyciągnięcie listy części
YT-828332,YT828332,YATO,YT-828332,1,1,TAK,0,NIE,pdf-only,,OCR / ręczne wyciągnięcie listy części
YT-828333,YT828333,YATO,YT-828333,1,1,TAK,0,NIE,pdf-only,,OCR / ręczne wyciągnięcie listy części
YT-828334,YT828334,YATO,YT-828334,1,1,TAK,0,NIE,pdf-only,,OCR / ręczne wyciągnięcie listy części
YT-82834,YT82834,YATO,YT-82834,1,1,TAK,0,NIE,pdf-only,,OCR / ręczne wyciągnięcie listy części
YT-82835,YT82835,YATO,YT-82835,1,1,TAK,0,NIE,pdf-only,,OCR / ręczne wyciągnięcie listy części
YT-828353,YT828353,YATO,YT-828353,1,1,TAK,0,NIE,pdf-only,,OCR / ręczne wyciągnięcie listy części
YT-828355,YT828355,YATO,YT-828355,1,1,TAK,0,NIE,pdf-only,,OCR / ręczne wyciągnięcie listy części
YT-828356,YT828356,YATO,YT-828356,1,1,TAK,0,NIE,pdf-only,,OCR / ręczne wyciągnięcie listy części
YT-828357,YT828357,YATO,YT-828357,1,1,TAK,0,NIE,pdf-only,,OCR / ręczne wyciągnięcie listy części
YT-828358,YT828358,YATO,YT-828358,1,1,TAK,0,NIE,pdf-only,,OCR / ręczne wyciągnięcie listy części
YT-828378,YT828378,YATO,YT-828378,1,1,TAK,0,NIE,pdf-only,,OCR / ręczne wyciągnięcie listy części
YT-828380,YT828380,YATO,YT-828380,1,1,TAK,0,NIE,pdf-only,,OCR / ręczne wyciągnięcie listy części
YT-828381,YT828381,YATO,YT-828381,1,1,TAK,0,NIE,pdf-only,,OCR / ręczne wyciągnięcie listy części
YT-828382,YT828382,YATO,YT-828382,1,1,TAK,0,NIE,pdf-only,,OCR / ręczne wyciągnięcie listy części
YT-828383,YT828383,YATO,YT-828383,1,1,TAK,0,NIE,pdf-only,,OCR / ręczne wyciągnięcie listy części
YT-82853,YT82853,YATO,YT-82853,1,1,TAK,0,NIE,pdf-only,,OCR / ręczne wyciągnięcie listy części
YT-82854,YT82854,YATO,YT-82854,1,1,TAK,0,NIE,pdf-only,,OCR / ręczne wyciągnięcie listy części
YT-82855,YT82855,YATO,YT-82855,1,1,TAK,0,NIE,pdf-only,,OCR / ręczne wyciągnięcie listy części
YT-82877,YT82877,YATO,YT-82877,1,1,TAK,0,NIE,pdf-only,,OCR / ręczne wyciągnięcie listy części
YT-82880,YT82880,YATO,YT-82880,1,1,TAK,0,NIE,pdf-only,,OCR / ręczne wyciągnięcie listy części
YT-82881,YT82881,YATO,YT-82881,1,1,TAK,0,NIE,pdf-only,,OCR / ręczne wyciągnięcie listy części
YT-82886,YT82886,YATO,YT-82886,1,1,TAK,0,NIE,pdf-only,,OCR / ręczne wyciągnięcie listy części
YT-82887,YT82887,YATO,YT-82887,1,1,TAK,0,NIE,pdf-only,,OCR / ręczne wyciągnięcie listy części
YT-82888,YT82888,YATO,YT-82888,1,1,TAK,0,NIE,pdf-only,,OCR / ręczne wyciągnięcie listy części
YT-82889,YT82889,YATO,YT-82889,1,1,TAK,0,NIE,pdf-only,,OCR / ręczne wyciągnięcie listy części
YT-82894,YT82894,YATO,YT-82894,1,1,TAK,0,NIE,pdf-only,,OCR / ręczne wyciągnięcie listy części
YT-82895,YT82895,YATO,YT-82895,1,1,TAK,0,NIE,pdf-only,,OCR / ręczne wyciągnięcie listy części
YT-82900,YT82900,YATO,YT-82900,1,1,TAK,0,NIE,pdf-only,,OCR / ręczne wyciągnięcie listy części
YT-82901,YT82901,YATO,YT-82901,1,1,TAK,0,NIE,pdf-only,,OCR / ręczne wyciągnięcie listy części
YT-82902,YT82902,YATO,YT-82902,1,1,TAK,0,NIE,pdf-only,,OCR / ręczne wyciągnięcie listy części
YT-82903,YT82903,YATO,YT-82903,1,1,TAK,0,NIE,pdf-only,,OCR / ręczne wyciągnięcie listy części
YT-82904,YT82904,YATO,YT-82904,1,1,TAK,0,NIE,pdf-only,,OCR / ręczne wyciągnięcie listy części
YT-82920,YT82920,YATO,YT-82920,1,1,TAK,0,NIE,pdf-only,,OCR / ręczne wyciągnięcie listy części
YT-82922,YT82922,YATO,YT-82922,1,1,TAK,0,NIE,pdf-only,,OCR / ręczne wyciągnięcie listy części
YT-82927,YT82927,YATO,YT-82927,1,1,TAK,0,NIE,pdf-only,,OCR / ręczne wyciągnięcie listy części
YT-82929,YT82929,YATO,YT-82929,1,1,TAK,0,NIE,pdf-only,,OCR / ręczne wyciągnięcie listy części
YT-82930,YT82930,YATO,YT-82930,1,1,TAK,0,NIE,pdf-only,,OCR / ręczne wyciągnięcie listy części
YT-829385,YT829385,YATO,YT-829385,1,1,TAK,0,NIE,pdf-only,,OCR / ręczne wyciągnięcie listy części
YT-82955,YT82955,YATO,YT-82955,1,1,TAK,0,NIE,pdf-only,,OCR / ręczne wyciągnięcie listy części
YT-8300,YT8300,YATO,YT-8300,1,1,TAK,0,NIE,pdf-only,,OCR / ręczne wyciągnięcie listy części
YT-83003,YT83003,YATO,YT-83003,1,1,TAK,0,NIE,pdf-only,,OCR / ręczne wyciągnięcie listy części
YT-8301,YT8301,YATO,YT-8301,1,1,TAK,0,NIE,pdf-only,,OCR / ręczne wyciągnięcie listy części
YT-8302,YT8302,YATO,YT-8302,1,1,TAK,0,NIE,pdf-only,,OCR / ręczne wyciągnięcie listy części
YT-8303,YT8303,YATO,YT-8303,1,1,TAK,0,NIE,pdf-only,,OCR / ręczne wyciągnięcie listy części
YT-83060,YT83060,YATO,YT-83060,1,1,TAK,0,NIE,pdf-only,,OCR / ręczne wyciągnięcie listy części
YT-83061,YT83061,YATO,YT-83061,1,1,TAK,0,NIE,pdf-only,,OCR / ręczne wyciągnięcie listy części
YT-83090,YT83090,YATO,YT-83090,1,1,TAK,0,NIE,pdf-only,,OCR / ręczne wyciągnięcie listy części
YT-83091,YT83091,YATO,YT-83091,1,1,TAK,0,NIE,pdf-only,,OCR / ręczne wyciągnięcie listy części
YT-83092,YT83092,YATO,YT-83092,1,1,TAK,0,NIE,pdf-only,,OCR / ręczne wyciągnięcie listy części
YT-8311,YT8311,YATO,YT-8311,1,1,TAK,0,NIE,pdf-only,,OCR / ręczne wyciągnięcie listy części
YT-84641,YT84641,YATO,YT-84641,1,1,TAK,0,NIE,pdf-only,,OCR / ręczne wyciągnięcie listy części
YT-84770,YT84770,YATO,YT-84770,1,1,TAK,0,NIE,pdf-only,,OCR / ręczne wyciągnięcie listy części
YT-84790,YT84790,YATO,YT-84790,1,1,TAK,0,NIE,pdf-only,,OCR / ręczne wyciągnięcie listy części
YT-84800,YT84800,YATO,YT-84800,1,1,TAK,0,NIE,pdf-only,,OCR / ręczne wyciągnięcie listy części
YT-84820,YT84820,YATO,YT-84820,1,1,TAK,0,NIE,pdf-only,,OCR / ręczne wyciągnięcie listy części
YT-84840,YT84840,YATO,YT-84840,1,1,TAK,0,NIE,pdf-only,,OCR / ręczne wyciągnięcie listy części
YT-84841,YT84841,YATO,YT-84841,1,1,TAK,0,NIE,pdf-only,,OCR / ręczne wyciągnięcie listy części
YT-84842,YT84842,YATO,YT-84842,1,1,TAK,0,NIE,pdf-only,,OCR / ręczne wyciągnięcie listy części
YT-84860,YT84860,YATO,YT-84860,1,1,TAK,0,NIE,pdf-only,,OCR / ręczne wyciągnięcie listy części
YT-84868,YT84868,YATO,YT-84868,1,1,TAK,0,NIE,pdf-only,,OCR / ręczne wyciągnięcie listy części
YT-84870,YT84870,YATO,YT-84870,1,1,TAK,0,NIE,pdf-only,,OCR / ręczne wyciągnięcie listy części
YT-84871,YT84871,YATO,YT-84871,1,1,TAK,0,NIE,pdf-only,,OCR / ręczne wyciągnięcie listy części
YT-84872,YT84872,YATO,YT-84872,1,1,TAK,0,NIE,pdf-only,,OCR / ręczne wyciągnięcie listy części
YT-84877,YT84877,YATO,YT-84877,1,1,TAK,0,NIE,pdf-only,,OCR / ręczne wyciągnięcie listy części
YT-84893,YT84893,YATO,YT-84893,1,1,TAK,0,NIE,pdf-only,,OCR / ręczne wyciągnięcie listy części
YT-84901,YT84901,YATO,YT-84901,1,1,TAK,0,NIE,pdf-only,,OCR / ręczne wyciągnięcie listy części
YT-84910,YT84910,YATO,YT-84910,1,1,TAK,0,NIE,pdf-only,,OCR / ręczne wyciągnięcie listy części
YT-84990,YT84990,YATO,YT-84990,1,1,TAK,0,NIE,pdf-only,,OCR / ręczne wyciągnięcie listy części
YT-85001,YT85001,YATO,YT-85001,1,1,TAK,0,NIE,pdf-only,,OCR / ręczne wyciągnięcie listy części
YT-85010,YT85010,YATO,YT-85010,1,1,TAK,0,NIE,pdf-only,,OCR / ręczne wyciągnięcie listy części
YT-85013,YT85013,YATO,YT-85013,1,1,TAK,0,NIE,pdf-only,,OCR / ręczne wyciągnięcie listy części
YT-85014,YT85014,YATO,YT-85014,1,1,TAK,0,NIE,pdf-only,,OCR / ręczne wyciągnięcie listy części
YT-85015,YT85015,YATO,YT-85015,1,1,TAK,0,NIE,pdf-only,,OCR / ręczne wyciągnięcie listy części
YT-85017,YT85017,YATO,YT-85017,1,1,TAK,0,NIE,pdf-only,,OCR / ręczne wyciągnięcie listy części
YT-85018,YT85018,YATO,YT-85018,1,1,TAK,0,NIE,pdf-only,,OCR / ręczne wyciągnięcie listy części
YT-85019,YT85019,YATO,YT-85019,1,1,TAK,0,NIE,pdf-only,,OCR / ręczne wyciągnięcie listy części
YT-85020,YT85020,YATO,YT-85020,1,1,TAK,0,NIE,pdf-only,,OCR / ręczne wyciągnięcie listy części
YT-85170,YT85170,YATO,YT-85170,1,1,TAK,0,NIE,pdf-only,,OCR / ręczne wyciągnięcie listy części
YT-85171,YT85171,YATO,YT-85171,1,1,TAK,0,NIE,pdf-only,,OCR / ręczne wyciągnięcie listy części
YT-85173,YT85173,YATO,YT-85173,1,1,TAK,0,NIE,pdf-only,,OCR / ręczne wyciągnięcie listy części
YT-85175,YT85175,YATO,YT-85175,1,1,TAK,0,NIE,pdf-only,,OCR / ręczne wyciągnięcie listy części
YT-85176,YT85176,YATO,YT-85176,1,1,TAK,0,NIE,pdf-only,,OCR / ręczne wyciągnięcie listy części
YT-85179,YT85179,YATO,YT-85179,1,1,TAK,0,NIE,pdf-only,,OCR / ręczne wyciągnięcie listy części
YT-85180,YT85180,YATO,YT-85180,1,1,TAK,0,NIE,pdf-only,,OCR / ręczne wyciągnięcie listy części
YT-85182,YT85182,YATO,YT-85182,1,1,TAK,0,NIE,pdf-only,,OCR / ręczne wyciągnięcie listy części
YT-85200,YT85200,YATO,YT-85200,1,1,TAK,0,NIE,pdf-only,,OCR / ręczne wyciągnięcie listy części
YT-85205,YT85205,YATO,YT-85205,1,1,TAK,0,NIE,pdf-only,,OCR / ręczne wyciągnięcie listy części
YT-85208,YT85208,YATO,YT-85208,1,1,TAK,0,NIE,pdf-only,,OCR / ręczne wyciągnięcie listy części
YT-852081,YT852081,YATO,YT-852081,1,1,TAK,0,NIE,pdf-only,,OCR / ręczne wyciągnięcie listy części
YT-852082,YT852082,YATO,YT-852082,1,1,TAK,0,NIE,pdf-only,,OCR / ręczne wyciągnięcie listy części
YT-85220,YT85220,YATO,YT-85220,1,1,TAK,0,NIE,pdf-only,,OCR / ręczne wyciągnięcie listy części
YT-85221,YT85221,YATO,YT-85221,1,1,TAK,0,NIE,pdf-only,,OCR / ręczne wyciągnięcie listy części
YT-85222,YT85222,YATO,YT-85222,1,1,TAK,0,NIE,pdf-only,,OCR / ręczne wyciągnięcie listy części
YT-85223,YT85223,YATO,YT-85223,1,1,TAK,0,NIE,pdf-only,,OCR / ręczne wyciągnięcie listy części
YT-85224,YT85224,YATO,YT-85224,1,1,TAK,0,NIE,pdf-only,,OCR / ręczne wyciągnięcie listy części
YT-85225,YT85225,YATO,YT-85225,1,1,TAK,0,NIE,pdf-only,,OCR / ręczne wyciągnięcie listy części
YT-85230,YT85230,YATO,YT-85230,1,1,TAK,0,NIE,pdf-only,,OCR / ręczne wyciągnięcie listy części
YT-85234,YT85234,YATO,YT-85234,1,1,TAK,0,NIE,pdf-only,,OCR / ręczne wyciągnięcie listy części
YT-852370,YT852370,YATO,YT-852370,1,1,TAK,0,NIE,pdf-only,,OCR / ręczne wyciągnięcie listy części
YT-85271,YT85271,YATO,YT-85271,1,1,TAK,0,NIE,pdf-only,,OCR / ręczne wyciągnięcie listy części
YT-85283,YT85283,YATO,YT-85283,1,1,TAK,0,NIE,pdf-only,,OCR / ręczne wyciągnięcie listy części
YT-85286,YT85286,YATO,YT-85286,1,1,TAK,0,NIE,pdf-only,,OCR / ręczne wyciągnięcie listy części
YT-85287,YT85287,YATO,YT-85287,1,1,TAK,0,NIE,pdf-only,,OCR / ręczne wyciągnięcie listy części
YT-85300,YT85300,YATO,YT-85300,1,1,TAK,0,NIE,pdf-only,,OCR / ręczne wyciągnięcie listy części
YT-85301,YT85301,YATO,YT-85301,1,1,TAK,0,NIE,pdf-only,,OCR / ręczne wyciągnięcie listy części
YT-85330,YT85330,YATO,YT-85330,1,1,TAK,0,NIE,pdf-only,,OCR / ręczne wyciągnięcie listy części
YT-85333,YT85333,YATO,YT-85333,1,1,TAK,0,NIE,pdf-only,,OCR / ręczne wyciągnięcie listy części
YT-85341,YT85341,YATO,YT-85341,1,1,TAK,0,NIE,pdf-only,,OCR / ręczne wyciągnięcie listy części
YT-85343,YT85343,YATO,YT-85343,1,1,TAK,0,NIE,pdf-only,,OCR / ręczne wyciągnięcie listy części
YT-85349,YT85349,YATO,YT-85349,1,1,TAK,0,NIE,pdf-only,,OCR / ręczne wyciągnięcie listy części
YT-85350,YT85350,YATO,YT-85350,1,1,TAK,0,NIE,pdf-only,,OCR / ręczne wyciągnięcie listy części
YT-85363,YT85363,YATO,YT-85363,1,1,TAK,0,NIE,pdf-only,,OCR / ręczne wyciągnięcie listy części
YT-85364,YT85364,YATO,YT-85364,1,1,TAK,0,NIE,pdf-only,,OCR / ręczne wyciągnięcie listy części
YT-85370,YT85370,YATO,YT-85370,1,1,TAK,0,NIE,pdf-only,,OCR / ręczne wyciągnięcie listy części
YT-85371,YT85371,YATO,YT-85371,1,1,TAK,0,NIE,pdf-only,,OCR / ręczne wyciągnięcie listy części
YT-85372,YT85372,YATO,YT-85372,1,1,TAK,0,NIE,pdf-only,,OCR / ręczne wyciągnięcie listy części
YT-85401,YT85401,YATO,YT-85401,1,1,TAK,0,NIE,pdf-only,,OCR / ręczne wyciągnięcie listy części
YT-85402,YT85402,YATO,YT-85402,1,1,TAK,0,NIE,pdf-only,,OCR / ręczne wyciągnięcie listy części
YT-85403,YT85403,YATO,YT-85403,1,1,TAK,0,NIE,pdf-only,,OCR / ręczne wyciągnięcie listy części
YT-85421,YT85421,YATO,YT-85421,1,1,TAK,0,NIE,pdf-only,,OCR / ręczne wyciągnięcie listy części
YT-85422,YT85422,YATO,YT-85422,1,1,TAK,0,NIE,pdf-only,,OCR / ręczne wyciągnięcie listy części
YT-85432,YT85432,YATO,YT-85432,1,1,TAK,0,NIE,pdf-only,,OCR / ręczne wyciągnięcie listy części
YT-85434,YT85434,YATO,YT-85434,1,1,TAK,0,NIE,pdf-only,,OCR / ręczne wyciągnięcie listy części
YT-85437,YT85437,YATO,YT-85437,1,1,TAK,0,NIE,pdf-only,,OCR / ręczne wyciągnięcie listy części
YT-85440,YT85440,YATO,YT-85440,1,1,TAK,0,NIE,pdf-only,,OCR / ręczne wyciągnięcie listy części
YT-85451,YT85451,YATO,YT-85451,1,1,TAK,0,NIE,pdf-only,,OCR / ręczne wyciągnięcie listy części
YT-85453,YT85453,YATO,YT-85453,1,1,TAK,0,NIE,pdf-only,,OCR / ręczne wyciągnięcie listy części
YT-85460,YT85460,YATO,YT-85460,1,1,TAK,0,NIE,pdf-only,,OCR / ręczne wyciągnięcie listy części
YT-85481,YT85481,YATO,YT-85481,1,1,TAK,0,NIE,pdf-only,,OCR / ręczne wyciągnięcie listy części
YT-85482,YT85482,YATO,YT-85482,1,1,TAK,0,NIE,pdf-only,,OCR / ręczne wyciągnięcie listy części
YT-85483,YT85483,YATO,YT-85483,1,1,TAK,0,NIE,pdf-only,,OCR / ręczne wyciągnięcie listy części
YT-85485,YT85485,YATO,YT-85485,1,1,TAK,0,NIE,pdf-only,,OCR / ręczne wyciągnięcie listy części
YT-85486,YT85486,YATO,YT-85486,1,1,TAK,0,NIE,pdf-only,,OCR / ręczne wyciągnięcie listy części
YT-85520,YT85520,YATO,YT-85520,1,1,TAK,0,NIE,pdf-only,,OCR / ręczne wyciągnięcie listy części
YT-85521,YT85521,YATO,YT-85521,1,1,TAK,0,NIE,pdf-only,,OCR / ręczne wyciągnięcie listy części
YT-85525,YT85525,YATO,YT-85525,1,1,TAK,0,NIE,pdf-only,,OCR / ręczne wyciągnięcie listy części
YT-85528,YT85528,YATO,YT-85528,1,1,TAK,0,NIE,pdf-only,,OCR / ręczne wyciągnięcie listy części
YT-85532,YT85532,YATO,YT-85532,1,1,TAK,0,NIE,pdf-only,,OCR / ręczne wyciągnięcie listy części
YT-85533,YT85533,YATO,YT-85533,1,1,TAK,0,NIE,pdf-only,,OCR / ręczne wyciągnięcie listy części
YT-85537,YT85537,YATO,YT-85537,1,1,TAK,0,NIE,pdf-only,,OCR / ręczne wyciągnięcie listy części
YT-85545,YT85545,YATO,YT-85545,1,1,TAK,0,NIE,pdf-only,,OCR / ręczne wyciągnięcie listy części
YT-85550,YT85550,YATO,YT-85550,1,1,TAK,0,NIE,pdf-only,,OCR / ręczne wyciągnięcie listy części
YT-85551,YT85551,YATO,YT-85551,1,1,TAK,0,NIE,pdf-only,,OCR / ręczne wyciągnięcie listy części
YT-85552,YT85552,YATO,YT-85552,1,1,TAK,0,NIE,pdf-only,,OCR / ręczne wyciągnięcie listy części
YT-85553,YT85553,YATO,YT-85553,1,1,TAK,0,NIE,pdf-only,,OCR / ręczne wyciągnięcie listy części
YT-85554,YT85554,YATO,YT-85554,1,1,TAK,0,NIE,pdf-only,,OCR / ręczne wyciągnięcie listy części
YT-85570,YT85570,YATO,YT-85570,1,1,TAK,0,NIE,pdf-only,,OCR / ręczne wyciągnięcie listy części
YT-85580,YT85580,YATO,YT-85580,1,1,TAK,0,NIE,pdf-only,,OCR / ręczne wyciągnięcie listy części
YT-85590,YT85590,YATO,YT-85590,1,1,TAK,0,NIE,pdf-only,,OCR / ręczne wyciągnięcie listy części
YT-85591,YT85591,YATO,YT-85591,1,1,TAK,0,NIE,pdf-only,,OCR / ręczne wyciągnięcie listy części
YT-85592,YT85592,YATO,YT-85592,1,1,TAK,0,NIE,pdf-only,,OCR / ręczne wyciągnięcie listy części
YT-85600,YT85600,YATO,YT-85600,1,1,TAK,0,NIE,pdf-only,,OCR / ręczne wyciągnięcie listy części
YT-85680,YT85680,YATO,YT-85680,1,1,TAK,0,NIE,pdf-only,,OCR / ręczne wyciągnięcie listy części
YT-85690,YT85690,YATO,YT-85690,1,1,TAK,0,NIE,pdf-only,,OCR / ręczne wyciągnięcie listy części
YT-85691,YT85691,YATO,YT-85691,1,1,TAK,0,NIE,pdf-only,,OCR / ręczne wyciągnięcie listy części
YT-85695,YT85695,YATO,YT-85695 YT-85696,1,1,TAK,0,NIE,pdf-only,,OCR / ręczne wyciągnięcie listy części
YT-85696,YT85696,YATO,YT-85695 YT-85696,1,1,TAK,0,NIE,pdf-only,,OCR / ręczne wyciągnięcie listy części
YT-85700,YT85700,YATO,YT-85700,1,1,TAK,0,NIE,pdf-only,,OCR / ręczne wyciągnięcie listy części
YT-85701,YT85701,YATO,YT-85701,1,1,TAK,0,NIE,pdf-only,,OCR / ręczne wyciągnięcie listy części
YT-85702,YT85702,YATO,YT-85702,1,1,TAK,0,NIE,pdf-only,,OCR / ręczne wyciągnięcie listy części
YT-85710,YT85710,YATO,YT-85710,1,1,TAK,0,NIE,pdf-only,,OCR / ręczne wyciągnięcie listy części
YT-85712,YT85712,YATO,YT-85712,1,1,TAK,0,NIE,pdf-only,,OCR / ręczne wyciągnięcie listy części
YT-85715,YT85715,YATO,YT-85715,1,1,TAK,0,NIE,pdf-only,,OCR / ręczne wyciągnięcie listy części
YT-85716,YT85716,YATO,YT-85716,1,1,TAK,0,NIE,pdf-only,,OCR / ręczne wyciągnięcie listy części
YT-85719,YT85719,YATO,YT-85719,1,1,TAK,0,NIE,pdf-only,,OCR / ręczne wyciągnięcie listy części
YT-85720,YT85720,YATO,YT-85720,1,1,TAK,0,NIE,pdf-only,,OCR / ręczne wyciągnięcie listy części
YT-85800,YT85800,YATO,YT-85800,1,1,TAK,0,NIE,pdf-only,,OCR / ręczne wyciągnięcie listy części
YT-85803,YT85803,YATO,YT-85803,1,1,TAK,0,NIE,pdf-only,,OCR / ręczne wyciągnięcie listy części
YT-85830,YT85830,YATO,YT-85830,1,1,TAK,0,NIE,pdf-only,,OCR / ręczne wyciągnięcie listy części
YT-85850,YT85850,YATO,YT-85850,1,1,TAK,0,NIE,pdf-only,,OCR / ręczne wyciągnięcie listy części
YT-85851,YT85851,YATO,YT-85851,1,1,TAK,0,NIE,pdf-only,,OCR / ręczne wyciągnięcie listy części
YT-85860,YT85860,YATO,YT-85860,1,1,TAK,0,NIE,pdf-only,,OCR / ręczne wyciągnięcie listy części
YT-85861,YT85861,YATO,YT-85861,1,1,TAK,0,NIE,pdf-only,,OCR / ręczne wyciągnięcie listy części
YT-85862,YT85862,YATO,YT-85862,1,1,TAK,0,NIE,pdf-only,,OCR / ręczne wyciągnięcie listy części
YT-85863,YT85863,YATO,YT-85863,1,1,TAK,0,NIE,pdf-only,,OCR / ręczne wyciągnięcie listy części
YT-85864,YT85864,YATO,YT-85864,1,1,TAK,0,NIE,pdf-only,,OCR / ręczne wyciągnięcie listy części
YT-85910,YT85910,YATO,YT-85910,1,1,TAK,0,NIE,pdf-only,,OCR / ręczne wyciągnięcie listy części
YT-85915,YT85915,YATO,YT-85915,1,1,TAK,0,NIE,pdf-only,,OCR / ręczne wyciągnięcie listy części
YT-85930,YT85930,YATO,YT-85930,1,1,TAK,0,NIE,pdf-only,,OCR / ręczne wyciągnięcie listy części
YT-86097,YT86097,YATO,YT-86097,1,1,TAK,0,NIE,pdf-only,,OCR / ręczne wyciągnięcie listy części
YT-86106,YT86106,YATO,YT-86106,1,1,TAK,0,NIE,pdf-only,,OCR / ręczne wyciągnięcie listy części
YT-86115,YT86115,YATO,YT-86115,1,1,TAK,0,NIE,pdf-only,,OCR / ręczne wyciągnięcie listy części
YT-86120,YT86120,YATO,YT-86120,1,1,TAK,0,NIE,pdf-only,,OCR / ręczne wyciągnięcie listy części
YT-86125,YT86125,YATO,YT-86125,1,1,TAK,0,NIE,pdf-only,,OCR / ręczne wyciągnięcie listy części
YT-86139,YT86139,YATO,YT-86139,1,1,TAK,0,NIE,pdf-only,,OCR / ręczne wyciągnięcie listy części
YT-86140,YT86140,YATO,YT-86140,1,1,TAK,0,NIE,pdf-only,,OCR / ręczne wyciągnięcie listy części
YT-86144,YT86144,YATO,YT-86144,1,1,TAK,0,NIE,pdf-only,,OCR / ręczne wyciągnięcie listy części
YT-86150,YT86150,YATO,YT-86150,1,1,TAK,0,NIE,pdf-only,,OCR / ręczne wyciągnięcie listy części
YT-86155,YT86155,YATO,YT-86155,1,1,TAK,0,NIE,pdf-only,,OCR / ręczne wyciągnięcie listy części
YT-86158,YT86158,YATO,YT-86158,1,1,TAK,0,NIE,pdf-only,,OCR / ręczne wyciągnięcie listy części
YT-86160,YT86160,YATO,YT-86160,1,1,TAK,0,NIE,pdf-only,,OCR / ręczne wyciągnięcie listy części
YT-86161,YT86161,YATO,YT-86161,1,1,TAK,0,NIE,pdf-only,,OCR / ręczne wyciągnięcie listy części
YT-86200,YT86200,YATO,YT-86200,1,1,TAK,0,NIE,pdf-only,,OCR / ręczne wyciągnięcie listy części
YT-86211,YT86211,YATO,YT-86211,1,1,TAK,0,NIE,pdf-only,,OCR / ręczne wyciągnięcie listy części
YT-86220,YT86220,YATO,YT-86220,1,1,TAK,0,NIE,pdf-only,,OCR / ręczne wyciągnięcie listy części
YT-86240,YT86240,YATO,YT-86240,1,1,TAK,0,NIE,pdf-only,,OCR / ręczne wyciągnięcie listy części
YT-86300,YT86300,YATO,YT-86300,1,1,TAK,0,NIE,pdf-only,,OCR / ręczne wyciągnięcie listy części
YT-86305,YT86305,YATO,YT-86305,1,1,TAK,0,NIE,pdf-only,,OCR / ręczne wyciągnięcie listy części
YT-86400,YT86400,YATO,YT-86400,1,1,TAK,0,NIE,pdf-only,,OCR / ręczne wyciągnięcie listy części
YT-99500,YT99500,YATO,YT-99500,1,1,TAK,0,NIE,pdf-only,,OCR / ręczne wyciągnięcie listy części
YT-99501,YT99501,YATO,YT-99501,1,1,TAK,0,NIE,pdf-only,,OCR / ręczne wyciągnięcie listy części
YT-99520,YT99520,YATO,YT-99520,1,1,TAK,0,NIE,pdf-only,,OCR / ręczne wyciągnięcie listy części
YT-99530,YT99530,YATO,YT-99530,1,1,TAK,0,NIE,pdf-only,,OCR / ręczne wyciągnięcie listy części
YT-99531,YT99531,YATO,YT-99531,1,1,TAK,0,NIE,pdf-only,,OCR / ręczne wyciągnięcie listy części
YT-99532,YT99532,YATO,YT-99532,1,1,TAK,0,NIE,pdf-only,,OCR / ręczne wyciągnięcie listy części
YT-99536,YT99536,YATO,YT-99536,1,1,TAK,0,NIE,pdf-only,,OCR / ręczne wyciągnięcie listy części
YT-99650,YT99650,YATO,YT-99650,1,1,TAK,0,NIE,pdf-only,,OCR / ręczne wyciągnięcie listy części
YT-99651,YT99651,YATO,YT-99651,1,1,TAK,0,NIE,pdf-only,,OCR / ręczne wyciągnięcie listy części
YT-99690,YT99690,YATO,YT-99690,1,1,TAK,0,NIE,pdf-only,,OCR / ręczne wyciągnięcie listy części
YT-99693,YT99693,YATO,YT-99693,1,1,TAK,0,NIE,pdf-only,,OCR / ręczne wyciągnięcie listy części
YT-99695,YT99695,YATO,YT-99695,1,1,TAK,0,NIE,pdf-only,,OCR / ręczne wyciągnięcie listy części
YT-99700,YT99700,YATO,YT-99700,1,1,TAK,0,NIE,pdf-only,,OCR / ręczne wyciągnięcie listy części
YT-99705,YT99705,YATO,YT-99705,1,1,TAK,0,NIE,pdf-only,,OCR / ręczne wyciągnięcie listy części
YT-99710,YT99710,YATO,YT-99710,1,1,TAK,0,NIE,pdf-only,,OCR / ręczne wyciągnięcie listy części
YT-99720,YT99720,YATO,YT-99720,1,1,TAK,0,NIE,pdf-only,,OCR / ręczne wyciągnięcie listy części
YT-99730,YT99730,YATO,YT-99730,1,1,TAK,0,NIE,pdf-only,,OCR / ręczne wyciągnięcie listy części
YT-99733,YT99733,YATO,YT-99733,1,1,TAK,0,NIE,pdf-only,,OCR / ręczne wyciągnięcie listy części
YT-99738,YT99738,YATO,YT-99738,1,1,TAK,0,NIE,pdf-only,,OCR / ręczne wyciągnięcie listy części
YT-99739,YT99739,YATO,YT-99739,1,1,TAK,0,NIE,pdf-only,,OCR / ręczne wyciągnięcie listy części
YT-99740,YT99740,YATO,YT-99740,1,1,TAK,0,NIE,pdf-only,,OCR / ręczne wyciągnięcie listy części
YT-99743,YT99743,YATO,YT-99743,1,1,TAK,0,NIE,pdf-only,,OCR / ręczne wyciągnięcie listy części
YT-99760,YT99760,YATO,YT-99760,1,1,TAK,0,NIE,pdf-only,,OCR / ręczne wyciągnięcie listy części
YT-99763,YT99763,YATO,YT-99763,1,1,TAK,0,NIE,pdf-only,,OCR / ręczne wyciągnięcie listy części
YG-03000,YG03000,YATO GASTRO,YG-03000,1,1,TAK,0,NIE,pdf-only,,OCR / ręczne wyciągnięcie listy części
YG-03006,YG03006,YATO GASTRO,YG-03006,1,1,TAK,0,NIE,pdf-only,,OCR / ręczne wyciągnięcie listy części
YG-03012,YG03012,YATO GASTRO,YG-03012,1,1,TAK,0,NIE,pdf-only,,OCR / ręczne wyciągnięcie listy części
YG-03020,YG03020,YATO GASTRO,YG-03020,1,1,TAK,0,NIE,pdf-only,,OCR / ręczne wyciągnięcie listy części
YG-03021,YG03021,YATO GASTRO,YG-03021,1,1,TAK,0,NIE,pdf-only,,OCR / ręczne wyciągnięcie listy części
YG-03022,YG03022,YATO GASTRO,YG-03022,1,1,TAK,0,NIE,pdf-only,,OCR / ręczne wyciągnięcie listy części
YG-03023,YG03023,YATO GASTRO,YG-03023,1,1,TAK,0,NIE,pdf-only,,OCR / ręczne wyciągnięcie listy części
YG-03025,YG03025,YATO GASTRO,YG-03025,1,1,TAK,0,NIE,pdf-only,,OCR / ręczne wyciągnięcie listy części
YG-03026,YG03026,YATO GASTRO,YG-03026,1,1,TAK,0,NIE,pdf-only,,OCR / ręczne wyciągnięcie listy części
YG-03027,YG03027,YATO GASTRO,YG-03027,1,1,TAK,0,NIE,pdf-only,,OCR / ręczne wyciągnięcie listy części
YG-03028,YG03028,YATO GASTRO,YG-03028,1,1,TAK,0,NIE,pdf-only,,OCR / ręczne wyciągnięcie listy części
YG-03029,YG03029,YATO GASTRO,YG-03029,1,1,TAK,0,NIE,pdf-only,,OCR / ręczne wyciągnięcie listy części
YG-03059,YG03059,YATO GASTRO,YG-03059,1,1,TAK,0,NIE,pdf-only,,OCR / ręczne wyciągnięcie listy części
YG-03060,YG03060,YATO GASTRO,YG-03060,1,1,TAK,0,NIE,pdf-only,,OCR / ręczne wyciągnięcie listy części
YG-03062,YG03062,YATO GASTRO,YG-03062,1,1,TAK,0,NIE,pdf-only,,OCR / ręczne wyciągnięcie listy części
YG-03065,YG03065,YATO GASTRO,YG-03065,1,1,TAK,0,NIE,pdf-only,,OCR / ręczne wyciągnięcie listy części
YG-03068,YG03068,YATO GASTRO,YG-03068,1,1,TAK,0,NIE,pdf-only,,OCR / ręczne wyciągnięcie listy części
YG-03087,YG03087,YATO GASTRO,YG-03087,1,1,TAK,0,NIE,pdf-only,,OCR / ręczne wyciągnięcie listy części
YG-03090,YG03090,YATO GASTRO,YG-03090,1,1,TAK,0,NIE,pdf-only,,OCR / ręczne wyciągnięcie listy części
YG-03100,YG03100,YATO GASTRO,YG-03100,1,1,TAK,0,NIE,pdf-only,,OCR / ręczne wyciągnięcie listy części
YG-03110,YG03110,YATO GASTRO,YG-03110,1,1,TAK,0,NIE,pdf-only,,OCR / ręczne wyciągnięcie listy części
YG-03120,YG03120,YATO GASTRO,YG-03120,1,1,TAK,0,NIE,pdf-only,,OCR / ręczne wyciągnięcie listy części
YG-03130,YG03130,YATO GASTRO,YG-03130,1,1,TAK,0,NIE,pdf-only,,OCR / ręczne wyciągnięcie listy części
YG-03200,YG03200,YATO GASTRO,YG-03200,1,1,TAK,0,NIE,pdf-only,,OCR / ręczne wyciągnięcie listy części
YG-03211,YG03211,YATO GASTRO,YG-03211,1,1,TAK,0,NIE,pdf-only,,OCR / ręczne wyciągnięcie listy części
YG-03215,YG03215,YATO GASTRO,YG-03215,1,1,TAK,0,NIE,pdf-only,,OCR / ręczne wyciągnięcie listy części
YG-03231,YG03231,YATO GASTRO,YG-03231,1,1,TAK,0,NIE,pdf-only,,OCR / ręczne wyciągnięcie listy części
YG-03232,YG03232,YATO GASTRO,YG-03232,1,1,TAK,0,NIE,pdf-only,,OCR / ręczne wyciągnięcie listy części
YG-03235,YG03235,YATO GASTRO,YG-03235,1,1,TAK,0,NIE,pdf-only,,OCR / ręczne wyciągnięcie listy części
YG-03275,YG03275,YATO GASTRO,YG-03275,1,1,TAK,0,NIE,pdf-only,,OCR / ręczne wyciągnięcie listy części
YG-03300,YG03300,YATO GASTRO,YG-03300,1,1,TAK,0,NIE,pdf-only,,OCR / ręczne wyciągnięcie listy części
YG-03350,YG03350,YATO GASTRO,YG-03350,1,1,TAK,0,NIE,pdf-only,,OCR / ręczne wyciągnięcie listy części
YG-03360,YG03360,YATO GASTRO,YG-03360,1,1,TAK,0,NIE,pdf-only,,OCR / ręczne wyciągnięcie listy części
YG-03370,YG03370,YATO GASTRO,YG-03370,1,1,TAK,0,NIE,pdf-only,,OCR / ręczne wyciągnięcie listy części
YG-03371,YG03371,YATO GASTRO,YG-03371,1,1,TAK,0,NIE,pdf-only,,OCR / ręczne wyciągnięcie listy części
YG-03372,YG03372,YATO GASTRO,YG-03372,1,1,TAK,0,NIE,pdf-only,,OCR / ręczne wyciągnięcie listy części
YG-03373,YG03373,YATO GASTRO,YG-03373,1,1,TAK,0,NIE,pdf-only,,OCR / ręczne wyciągnięcie listy części
YG-03379,YG03379,YATO GASTRO,YG-03379,1,1,TAK,0,NIE,pdf-only,,OCR / ręczne wyciągnięcie listy części
YG-03380,YG03380,YATO GASTRO,YG-03380,1,1,TAK,0,NIE,pdf-only,,OCR / ręczne wyciągnięcie listy części
YG-03382,YG03382,YATO GASTRO,YG-03382,1,1,TAK,0,NIE,pdf-only,,OCR / ręczne wyciągnięcie listy części
YG-03392,YG03392,YATO GASTRO,YG-03392,1,1,TAK,0,NIE,pdf-only,,OCR / ręczne wyciągnięcie listy części
YG-03395,YG03395,YATO GASTRO,YG-03395,1,1,TAK,0,NIE,pdf-only,,OCR / ręczne wyciągnięcie listy części
YG-04250,YG04250,YATO GASTRO,YG-04250,1,1,TAK,0,NIE,pdf-only,,OCR / ręczne wyciągnięcie listy części
YG-04292,YG04292,YATO GASTRO,YG-04292,1,1,TAK,0,NIE,pdf-only,,OCR / ręczne wyciągnięcie listy części
YG-04301,YG04301,YATO GASTRO,YG-04301,1,1,TAK,0,NIE,pdf-only,,OCR / ręczne wyciągnięcie listy części
YG-04310,YG04310,YATO GASTRO,YG-04310,1,1,TAK,0,NIE,pdf-only,,OCR / ręczne wyciągnięcie listy części
YG-04311,YG04311,YATO GASTRO,YG-04311,1,1,TAK,0,NIE,pdf-only,,OCR / ręczne wyciągnięcie listy części
YG-04315,YG04315,YATO GASTRO,YG-04315,1,1,TAK,0,NIE,pdf-only,,OCR / ręczne wyciągnięcie listy części
YG-04316,YG04316,YATO GASTRO,YG-04316,1,1,TAK,0,NIE,pdf-only,,OCR / ręczne wyciągnięcie listy części
YG-04318,YG04318,YATO GASTRO,YG-04318,1,1,TAK,0,NIE,pdf-only,,OCR / ręczne wyciągnięcie listy części
YG-04319,YG04319,YATO GASTRO,YG-04319,1,1,TAK,0,NIE,pdf-only,,OCR / ręczne wyciągnięcie listy części
YG-04321,YG04321,YATO GASTRO,YG-04321,1,1,TAK,0,NIE,pdf-only,,OCR / ręczne wyciągnięcie listy części
YG-04324,YG04324,YATO GASTRO,YG-04324,1,1,TAK,0,NIE,pdf-only,,OCR / ręczne wyciągnięcie listy części
YG-04555,YG04555,YATO GASTRO,YG-04555,1,1,TAK,0,NIE,pdf-only,,OCR / ręczne wyciągnięcie listy części
YG-04556,YG04556,YATO GASTRO,YG-04556,1,1,TAK,0,NIE,pdf-only,,OCR / ręczne wyciągnięcie listy części
YG-04557,YG04557,YATO GASTRO,YG-04557,1,1,TAK,0,NIE,pdf-only,,OCR / ręczne wyciągnięcie listy części
YG-04558,YG04558,YATO GASTRO,YG-04558,1,1,TAK,0,NIE,pdf-only,,OCR / ręczne wyciągnięcie listy części
YG-04559,YG04559,YATO GASTRO,YG-04559,1,1,TAK,0,NIE,pdf-only,,OCR / ręczne wyciągnięcie listy części
YG-04560,YG04560,YATO GASTRO,YG-04560,1,1,TAK,0,NIE,pdf-only,,OCR / ręczne wyciągnięcie listy części
YG-04563,YG04563,YATO GASTRO,YG-04563,1,1,TAK,0,NIE,pdf-only,,OCR / ręczne wyciągnięcie listy części
YG-04584,YG04584,YATO GASTRO,YG-04584,1,1,TAK,0,NIE,pdf-only,,OCR / ręczne wyciągnięcie listy części
YG-04585,YG04585,YATO GASTRO,YG-04585,1,1,TAK,0,NIE,pdf-only,,OCR / ręczne wyciągnięcie listy części
YG-04586,YG04586,YATO GASTRO,YG-04586,1,1,TAK,0,NIE,pdf-only,,OCR / ręczne wyciągnięcie listy części
YG-04587,YG04587,YATO GASTRO,YG-04587,1,1,TAK,0,NIE,pdf-only,,OCR / ręczne wyciągnięcie listy części
YG-04588,YG04588,YATO GASTRO,YG-04588,1,1,TAK,0,NIE,pdf-only,,OCR / ręczne wyciągnięcie listy części
YG-04608,YG04608,YATO GASTRO,YG-04608,1,1,TAK,0,NIE,pdf-only,,OCR / ręczne wyciągnięcie listy części
YG-04609,YG04609,YATO GASTRO,YG-04609,1,1,TAK,0,NIE,pdf-only,,OCR / ręczne wyciągnięcie listy części
YG-04610,YG04610,YATO GASTRO,YG-04610,1,1,TAK,0,NIE,pdf-only,,OCR / ręczne wyciągnięcie listy części
YG-04615,YG04615,YATO GASTRO,YG-04615,1,1,TAK,0,NIE,pdf-only,,OCR / ręczne wyciągnięcie listy części
YG-04616,YG04616,YATO GASTRO,YG-04616,1,1,TAK,0,NIE,pdf-only,,OCR / ręczne wyciągnięcie listy części
YG-04617,YG04617,YATO GASTRO,YG-04617,1,1,TAK,0,NIE,pdf-only,,OCR / ręczne wyciągnięcie listy części
YG-04620,YG04620,YATO GASTRO,YG-04620,1,1,TAK,0,NIE,pdf-only,,OCR / ręczne wyciągnięcie listy części
YG-04621,YG04621,YATO GASTRO,YG-04621,1,1,TAK,0,NIE,pdf-only,,OCR / ręczne wyciągnięcie listy części
YG-04622,YG04622,YATO GASTRO,YG-04622,1,1,TAK,0,NIE,pdf-only,,OCR / ręczne wyciągnięcie listy części
YG-04623,YG04623,YATO GASTRO,YG-04623,1,1,TAK,0,NIE,pdf-only,,OCR / ręczne wyciągnięcie listy części
YG-04624,YG04624,YATO GASTRO,YG-04624,1,1,TAK,0,NIE,pdf-only,,OCR / ręczne wyciągnięcie listy części
YG-04630,YG04630,YATO GASTRO,YG-04630,1,1,TAK,0,NIE,pdf-only,,OCR / ręczne wyciągnięcie listy części
YG-04632,YG04632,YATO GASTRO,YG-04632,1,1,TAK,0,NIE,pdf-only,,OCR / ręczne wyciągnięcie listy części
YG-04634,YG04634,YATO GASTRO,YG-04634,1,1,TAK,0,NIE,pdf-only,,OCR / ręczne wyciągnięcie listy części
YG-04636,YG04636,YATO GASTRO,YG-04636,1,1,TAK,0,NIE,pdf-only,,OCR / ręczne wyciągnięcie listy części
YG-04638,YG04638,YATO GASTRO,YG-04638,1,1,TAK,0,NIE,pdf-only,,OCR / ręczne wyciągnięcie listy części
YG-04640,YG04640,YATO GASTRO,YG-04640,1,1,TAK,0,NIE,pdf-only,,OCR / ręczne wyciągnięcie listy części
YG-04641,YG04641,YATO GASTRO,YG-04641,1,1,TAK,0,NIE,pdf-only,,OCR / ręczne wyciągnięcie listy części
YG-04660,YG04660,YATO GASTRO,YG-04660,1,1,TAK,0,NIE,pdf-only,,OCR / ręczne wyciągnięcie listy części
YG-04680,YG04680,YATO GASTRO,YG-04680,1,1,TAK,0,NIE,pdf-only,,OCR / ręczne wyciągnięcie listy części
YG-04695,YG04695,YATO GASTRO,YG-04695,1,1,TAK,0,NIE,pdf-only,,OCR / ręczne wyciągnięcie listy części
YG-04696,YG04696,YATO GASTRO,YG-04696,1,1,TAK,0,NIE,pdf-only,,OCR / ręczne wyciągnięcie listy części
YG-04700,YG04700,YATO GASTRO,YG-04700,1,1,TAK,0,NIE,pdf-only,,OCR / ręczne wyciągnięcie listy części
YG-04701,YG04701,YATO GASTRO,YG-04701,1,1,TAK,0,NIE,pdf-only,,OCR / ręczne wyciągnięcie listy części
YG-04705,YG04705,YATO GASTRO,YG-04705,1,1,TAK,0,NIE,pdf-only,,OCR / ręczne wyciągnięcie listy części
YG-05000,YG05000,YATO GASTRO,YG-05000,1,1,TAK,0,NIE,pdf-only,,OCR / ręczne wyciągnięcie listy części
YG-05001,YG05001,YATO GASTRO,YG-05001,1,1,TAK,0,NIE,pdf-only,,OCR / ręczne wyciągnięcie listy części
YG-05002,YG05002,YATO GASTRO,YG-05002,1,1,TAK,0,NIE,pdf-only,,OCR / ręczne wyciągnięcie listy części
YG-05005,YG05005,YATO GASTRO,YG-05005,1,1,TAK,0,NIE,pdf-only,,OCR / ręczne wyciągnięcie listy części
YG-05007,YG05007,YATO GASTRO,YG-05007,1,1,TAK,0,NIE,pdf-only,,OCR / ręczne wyciągnięcie listy części
YG-05020,YG05020,YATO GASTRO,YG-05020,1,1,TAK,0,NIE,pdf-only,,OCR / ręczne wyciągnięcie listy części
YG-05021,YG05021,YATO GASTRO,YG-05021,1,1,TAK,0,NIE,pdf-only,,OCR / ręczne wyciągnięcie listy części
YG-05022,YG05022,YATO GASTRO,YG-05022,1,1,TAK,0,NIE,pdf-only,,OCR / ręczne wyciągnięcie listy części
YG-05025,YG05025,YATO GASTRO,YG-05025,1,1,TAK,0,NIE,pdf-only,,OCR / ręczne wyciągnięcie listy części
YG-05040,YG05040,YATO GASTRO,YG-05040,1,1,TAK,0,NIE,pdf-only,,OCR / ręczne wyciągnięcie listy części
YG-05045,YG05045,YATO GASTRO,YG-05045,1,1,TAK,0,NIE,pdf-only,,OCR / ręczne wyciągnięcie listy części
YG-05050,YG05050,YATO GASTRO,YG-05050,1,1,TAK,0,NIE,pdf-only,,OCR / ręczne wyciągnięcie listy części
YG-05051,YG05051,YATO GASTRO,YG-05051,1,1,TAK,0,NIE,pdf-only,,OCR / ręczne wyciągnięcie listy części
YG-05052,YG05052,YATO GASTRO,YG-05052,1,1,TAK,0,NIE,pdf-only,,OCR / ręczne wyciągnięcie listy części
YG-05053,YG05053,YATO GASTRO,YG-05053,1,1,TAK,0,NIE,pdf-only,,OCR / ręczne wyciągnięcie listy części
YG-05055,YG05055,YATO GASTRO,YG-05055,1,1,TAK,0,NIE,pdf-only,,OCR / ręczne wyciągnięcie listy części
YG-05056,YG05056,YATO GASTRO,YG-05056,1,1,TAK,0,NIE,pdf-only,,OCR / ręczne wyciągnięcie listy części
YG-05057,YG05057,YATO GASTRO,YG-05057,1,1,TAK,0,NIE,pdf-only,,OCR / ręczne wyciągnięcie listy części
YG-05060,YG05060,YATO GASTRO,YG-05060,1,1,TAK,0,NIE,pdf-only,,OCR / ręczne wyciągnięcie listy części
YG-05064,YG05064,YATO GASTRO,YG-05064,1,1,TAK,0,NIE,pdf-only,,OCR / ręczne wyciągnięcie listy części
YG-05068,YG05068,YATO GASTRO,YG-05068,1,1,TAK,0,NIE,pdf-only,,OCR / ręczne wyciągnięcie listy części
YG-05090,YG05090,YATO GASTRO,YG-05090,1,1,TAK,0,NIE,pdf-only,,OCR / ręczne wyciągnięcie listy części
YG-05094,YG05094,YATO GASTRO,YG-05094,1,1,TAK,0,NIE,pdf-only,,OCR / ręczne wyciągnięcie listy części
YG-05098,YG05098,YATO GASTRO,YG-05098,1,1,TAK,0,NIE,pdf-only,,OCR / ręczne wyciągnięcie listy części
YG-05171,YG05171,YATO GASTRO,YG-05171,1,1,TAK,0,NIE,pdf-only,,OCR / ręczne wyciągnięcie listy części
YG-05174,YG05174,YATO GASTRO,YG-05174,1,1,TAK,0,NIE,pdf-only,,OCR / ręczne wyciągnięcie listy części
YG-05177,YG05177,YATO GASTRO,YG-05177,1,1,TAK,0,NIE,pdf-only,,OCR / ręczne wyciągnięcie listy części
YG-05179,YG05179,YATO GASTRO,YG-05179,1,1,TAK,0,NIE,pdf-only,,OCR / ręczne wyciągnięcie listy części
YG-05180,YG05180,YATO GASTRO,YG-05180,1,1,TAK,0,NIE,pdf-only,,OCR / ręczne wyciągnięcie listy części
YG-05200,YG05200,YATO GASTRO,YG-05200,1,1,TAK,0,NIE,pdf-only,,OCR / ręczne wyciągnięcie listy części
YG-05201,YG05201,YATO GASTRO,YG-05201,1,1,TAK,0,NIE,pdf-only,,OCR / ręczne wyciągnięcie listy części
YG-05210,YG05210,YATO GASTRO,YG-05210,1,1,TAK,0,NIE,pdf-only,,OCR / ręczne wyciągnięcie listy części
YG-05211,YG05211,YATO GASTRO,YG-05211,1,1,TAK,0,NIE,pdf-only,,OCR / ręczne wyciągnięcie listy części
YG-05215,YG05215,YATO GASTRO,YG-05215,1,1,TAK,0,NIE,pdf-only,,OCR / ręczne wyciągnięcie listy części
YG-05216,YG05216,YATO GASTRO,YG-05216,1,1,TAK,0,NIE,pdf-only,,OCR / ręczne wyciągnięcie listy części
YG-05220,YG05220,YATO GASTRO,YG-05220,1,1,TAK,0,NIE,pdf-only,,OCR / ręczne wyciągnięcie listy części
YG-05221,YG05221,YATO GASTRO,YG-05221,1,1,TAK,0,NIE,pdf-only,,OCR / ręczne wyciągnięcie listy części
YG-05225,YG05225,YATO GASTRO,YG-05225,1,1,TAK,0,NIE,pdf-only,,OCR / ręczne wyciągnięcie listy części
YG-05226,YG05226,YATO GASTRO,YG-05226,1,1,TAK,0,NIE,pdf-only,,OCR / ręczne wyciągnięcie listy części
YG-05227,YG05227,YATO GASTRO,YG-05227,1,1,TAK,0,NIE,pdf-only,,OCR / ręczne wyciągnięcie listy części
YG-05230,YG05230,YATO GASTRO,YG-05230,1,1,TAK,0,NIE,pdf-only,,OCR / ręczne wyciągnięcie listy części
YG-05231,YG05231,YATO GASTRO,YG-05231,1,1,TAK,0,NIE,pdf-only,,OCR / ręczne wyciągnięcie listy części
YG-05232,YG05232,YATO GASTRO,YG-05232,1,1,TAK,0,NIE,pdf-only,,OCR / ręczne wyciągnięcie listy części
YG-05233,YG05233,YATO GASTRO,YG-05233,1,1,TAK,0,NIE,pdf-only,,OCR / ręczne wyciągnięcie listy części
YG-05234,YG05234,YATO GASTRO,YG-05234,1,1,TAK,0,NIE,pdf-only,,OCR / ręczne wyciągnięcie listy części
YG-05235,YG05235,YATO GASTRO,YG-05235,1,1,TAK,0,NIE,pdf-only,,OCR / ręczne wyciągnięcie listy części
YG-05236,YG05236,YATO GASTRO,YG-05236,1,1,TAK,0,NIE,pdf-only,,OCR / ręczne wyciągnięcie listy części
YG-05250,YG05250,YATO GASTRO,YG-05250,1,1,TAK,0,NIE,pdf-only,,OCR / ręczne wyciągnięcie listy części
YG-05251,YG05251,YATO GASTRO,YG-05251,1,1,TAK,0,NIE,pdf-only,,OCR / ręczne wyciągnięcie listy części
YG-05252,YG05252,YATO GASTRO,YG-05252,1,1,TAK,0,NIE,pdf-only,,OCR / ręczne wyciągnięcie listy części
YG-05253,YG05253,YATO GASTRO,YG-05253,1,1,TAK,0,NIE,pdf-only,,OCR / ręczne wyciągnięcie listy części
YG-05254,YG05254,YATO GASTRO,YG-05254,1,1,TAK,0,NIE,pdf-only,,OCR / ręczne wyciągnięcie listy części
YG-05255,YG05255,YATO GASTRO,YG-05255,1,1,TAK,0,NIE,pdf-only,,OCR / ręczne wyciągnięcie listy części
YG-05256,YG05256,YATO GASTRO,YG-05256,1,1,TAK,0,NIE,pdf-only,,OCR / ręczne wyciągnięcie listy części
YG-05257,YG05257,YATO GASTRO,YG-05257,1,1,TAK,0,NIE,pdf-only,,OCR / ręczne wyciągnięcie listy części
YG-05258,YG05258,YATO GASTRO,YG-05258,1,1,TAK,0,NIE,pdf-only,,OCR / ręczne wyciągnięcie listy części
YG-05259,YG05259,YATO GASTRO,YG-05259,1,1,TAK,0,NIE,pdf-only,,OCR / ręczne wyciągnięcie listy części
YG-05260,YG05260,YATO GASTRO,YG-05260,1,1,TAK,0,NIE,pdf-only,,OCR / ręczne wyciągnięcie listy części
YG-05262,YG05262,YATO GASTRO,YG-05262,1,1,TAK,0,NIE,pdf-only,,OCR / ręczne wyciągnięcie listy części
YG-05270,YG05270,YATO GASTRO,YG-05270,1,1,TAK,0,NIE,pdf-only,,OCR / ręczne wyciągnięcie listy części
YG-05275,YG05275,YATO GASTRO,YG-05275,1,1,TAK,0,NIE,pdf-only,,OCR / ręczne wyciągnięcie listy części
YG-05280,YG05280,YATO GASTRO,YG-05280,1,1,TAK,0,NIE,pdf-only,,OCR / ręczne wyciągnięcie listy części
YG-05281,YG05281,YATO GASTRO,YG-05281,1,1,TAK,0,NIE,pdf-only,,OCR / ręczne wyciągnięcie listy części
YG-05290,YG05290,YATO GASTRO,YG-05290,1,1,TAK,0,NIE,pdf-only,,OCR / ręczne wyciągnięcie listy części
YG-05300,YG05300,YATO GASTRO,YG-05300,1,1,TAK,0,NIE,pdf-only,,OCR / ręczne wyciągnięcie listy części
YG-05305,YG05305,YATO GASTRO,YG-05305,1,1,TAK,0,NIE,pdf-only,,OCR / ręczne wyciągnięcie listy części
YG-05310,YG05310,YATO GASTRO,YG-05310,1,1,TAK,0,NIE,pdf-only,,OCR / ręczne wyciągnięcie listy części
YG-05320,YG05320,YATO GASTRO,YG-05320,1,1,TAK,0,NIE,pdf-only,,OCR / ręczne wyciągnięcie listy części
YG-05321,YG05321,YATO GASTRO,YG-05321,1,1,TAK,0,NIE,pdf-only,,OCR / ręczne wyciągnięcie listy części
YG-05322,YG05322,YATO GASTRO,YG-05322,1,1,TAK,0,NIE,pdf-only,,OCR / ręczne wyciągnięcie listy części
YG-05323,YG05323,YATO GASTRO,YG-05323,1,1,TAK,0,NIE,pdf-only,,OCR / ręczne wyciągnięcie listy części
YG-05330,YG05330,YATO GASTRO,YG-05330,1,1,TAK,0,NIE,pdf-only,,OCR / ręczne wyciągnięcie listy części
YG-05331,YG05331,YATO GASTRO,YG-05331,1,1,TAK,0,NIE,pdf-only,,OCR / ręczne wyciągnięcie listy części
YG-05332,YG05332,YATO GASTRO,YG-05332,1,1,TAK,0,NIE,pdf-only,,OCR / ręczne wyciągnięcie listy części
YG-05350,YG05350,YATO GASTRO,YG-05350,1,1,TAK,0,NIE,pdf-only,,OCR / ręczne wyciągnięcie listy części
YG-05355,YG05355,YATO GASTRO,YG-05355,1,1,TAK,0,NIE,pdf-only,,OCR / ręczne wyciągnięcie listy części
YG-05356,YG05356,YATO GASTRO,YG-05356,1,1,TAK,0,NIE,pdf-only,,OCR / ręczne wyciągnięcie listy części
YG-05360,YG05360,YATO GASTRO,YG-05360,1,1,TAK,0,NIE,pdf-only,,OCR / ręczne wyciągnięcie listy części
YG-07001,YG07001,YATO GASTRO,YG-07001,1,1,TAK,0,NIE,pdf-only,,OCR / ręczne wyciągnięcie listy części
YG-09000,YG09000,YATO GASTRO,YG-09000,1,1,TAK,0,NIE,pdf-only,,OCR / ręczne wyciągnięcie listy części
YG-09001,YG09001,YATO GASTRO,YG-09001,1,1,TAK,0,NIE,pdf-only,,OCR / ręczne wyciągnięcie listy części
YG-09002,YG09002,YATO GASTRO,YG-09002,1,1,TAK,0,NIE,pdf-only,,OCR / ręczne wyciągnięcie listy części
YG-09003,YG09003,YATO GASTRO,YG-09003,1,1,TAK,0,NIE,pdf-only,,OCR / ręczne wyciągnięcie listy części
YG-09004,YG09004,YATO GASTRO,YG-09004,1,1,TAK,0,NIE,pdf-only,,OCR / ręczne wyciągnięcie listy części
YG-09005,YG09005,YATO GASTRO,YG-09005,1,1,TAK,0,NIE,pdf-only,,OCR / ręczne wyciągnięcie listy części
YG-09006,YG09006,YATO GASTRO,YG-09006,1,1,TAK,0,NIE,pdf-only,,OCR / ręczne wyciągnięcie listy części
YG-09010,YG09010,YATO GASTRO,YG-09010,1,1,TAK,0,NIE,pdf-only,,OCR / ręczne wyciągnięcie listy części
YG-09011,YG09011,YATO GASTRO,YG-09011,1,1,TAK,0,NIE,pdf-only,,OCR / ręczne wyciągnięcie listy części
YG-09012,YG09012,YATO GASTRO,YG-09012,1,1,TAK,0,NIE,pdf-only,,OCR / ręczne wyciągnięcie listy części
YG-09013,YG09013,YATO GASTRO,YG-09013,1,1,TAK,0,NIE,pdf-only,,OCR / ręczne wyciągnięcie listy części
YG-09014,YG09014,YATO GASTRO,YG-09014,1,1,TAK,0,NIE,pdf-only,,OCR / ręczne wyciągnięcie listy części
YG-09020,YG09020,YATO GASTRO,YG-09020,1,1,TAK,0,NIE,pdf-only,,OCR / ręczne wyciągnięcie listy części
YG-09021,YG09021,YATO GASTRO,YG-09021,1,1,TAK,0,NIE,pdf-only,,OCR / ręczne wyciągnięcie listy części
YG-09022,YG09022,YATO GASTRO,YG-09022,1,1,TAK,0,NIE,pdf-only,,OCR / ręczne wyciągnięcie listy części
YG-09023,YG09023,YATO GASTRO,YG-09023,1,1,TAK,0,NIE,pdf-only,,OCR / ręczne wyciągnięcie listy części
YG-09024,YG09024,YATO GASTRO,YG-09024,1,1,TAK,0,NIE,pdf-only,,OCR / ręczne wyciągnięcie listy części
YG-09025,YG09025,YATO GASTRO,YG-09025,1,1,TAK,0,NIE,pdf-only,,OCR / ręczne wyciągnięcie listy części
YG-09030,YG09030,YATO GASTRO,YG-09030,1,1,TAK,0,NIE,pdf-only,,OCR / ręczne wyciągnięcie listy części
YG-09031,YG09031,YATO GASTRO,YG-09031,1,1,TAK,0,NIE,pdf-only,,OCR / ręczne wyciągnięcie listy części
YG-09032,YG09032,YATO GASTRO,YG-09032,1,1,TAK,0,NIE,pdf-only,,OCR / ręczne wyciągnięcie listy części
YG-09033,YG09033,YATO GASTRO,YG-09033,1,1,TAK,0,NIE,pdf-only,,OCR / ręczne wyciągnięcie listy części
YG-09034,YG09034,YATO GASTRO,YG-09034,1,1,TAK,0,NIE,pdf-only,,OCR / ręczne wyciągnięcie listy części
YG-09035,YG09035,YATO GASTRO,YG-09035,1,1,TAK,0,NIE,pdf-only,,OCR / ręczne wyciągnięcie listy części
YG-09225,YG09225,YATO GASTRO,YG-09225,1,1,TAK,0,NIE,pdf-only,,OCR / ręczne wyciągnięcie listy części
YG-09226,YG09226,YATO GASTRO,YG-09226,1,1,TAK,0,NIE,pdf-only,,OCR / ręczne wyciągnięcie listy części
YG-09227,YG09227,YATO GASTRO,YG-09227,1,1,TAK,0,NIE,pdf-only,,OCR / ręczne wyciągnięcie listy części
YG-09230,YG09230,YATO GASTRO,YG-09230,1,1,TAK,0,NIE,pdf-only,,OCR / ręczne wyciągnięcie listy części
YG-09231,YG09231,YATO GASTRO,YG-09231,1,1,TAK,0,NIE,pdf-only,,OCR / ręczne wyciągnięcie listy części
YG-09233,YG09233,YATO GASTRO,YG-09233,1,1,TAK,0,NIE,pdf-only,,OCR / ręczne wyciągnięcie listy części
YG-09249,YG09249,YATO GASTRO,YG-09249,1,1,TAK,0,NIE,pdf-only,,OCR / ręczne wyciągnięcie listy części
YG-09250,YG09250,YATO GASTRO,YG-09250,1,1,TAK,0,NIE,pdf-only,,OCR / ręczne wyciągnięcie listy części
YG-09303,YG09303,YATO GASTRO,YG-09303,1,1,TAK,0,NIE,pdf-only,,OCR / ręczne wyciągnięcie listy części
YG-09304,YG09304,YATO GASTRO,YG-09304,1,1,TAK,0,NIE,pdf-only,,OCR / ręczne wyciągnięcie listy części
YG-09305,YG09305,YATO GASTRO,YG-09305,1,1,TAK,0,NIE,pdf-only,,OCR / ręczne wyciągnięcie listy części
YG-09307,YG09307,YATO GASTRO,YG-09307,1,1,TAK,0,NIE,pdf-only,,OCR / ręczne wyciągnięcie listy części
YG-09310,YG09310,YATO GASTRO,YG-09310,1,1,TAK,0,NIE,pdf-only,,OCR / ręczne wyciągnięcie listy części
YG-09311,YG09311,YATO GASTRO,YG-09311,1,1,TAK,0,NIE,pdf-only,,OCR / ręczne wyciągnięcie listy części
YG-09312,YG09312,YATO GASTRO,YG-09312,1,1,TAK,0,NIE,pdf-only,,OCR / ręczne wyciągnięcie listy części
YG-09315,YG09315,YATO GASTRO,YG-09315,1,1,TAK,0,NIE,pdf-only,,OCR / ręczne wyciągnięcie listy części
YG-09510,YG09510,YATO GASTRO,YG-09510,1,1,TAK,0,NIE,pdf-only,,OCR / ręczne wyciągnięcie listy części
YG-09550,YG09550,YATO GASTRO,YG-09550,1,1,TAK,0,NIE,pdf-only,,OCR / ręczne wyciągnięcie listy części
YG-09551,YG09551,YATO GASTRO,YG-09551,1,1,TAK,0,NIE,pdf-only,,OCR / ręczne wyciągnięcie listy części
YG-10010,YG10010,YATO GASTRO,YG-10010,1,1,TAK,0,NIE,pdf-only,,OCR / ręczne wyciągnięcie listy części
YG-20001,YG20001,YATO GASTRO,YG-20001,1,1,TAK,0,NIE,pdf-only,,OCR / ręczne wyciągnięcie listy części
YG-20002,YG20002,YATO GASTRO,YG-20002,1,1,TAK,0,NIE,pdf-only,,OCR / ręczne wyciągnięcie listy części
YG-20011,YG20011,YATO GASTRO,YG-20011,1,1,TAK,0,NIE,pdf-only,,OCR / ręczne wyciągnięcie listy części
YG-20012,YG20012,YATO GASTRO,YG-20012,1,1,TAK,0,NIE,pdf-only,,OCR / ręczne wyciągnięcie listy części
YG-20013,YG20013,YATO GASTRO,YG-20013,1,1,TAK,0,NIE,pdf-only,,OCR / ręczne wyciągnięcie listy części
YG-20015,YG20015,YATO GASTRO,YG-20015,1,1,TAK,0,NIE,pdf-only,,OCR / ręczne wyciągnięcie listy części
YG-20016,YG20016,YATO GASTRO,YG-20016,1,1,TAK,0,NIE,pdf-only,,OCR / ręczne wyciągnięcie listy części
YG-20102,YG20102,YATO GASTRO,YG-20102,1,1,TAK,0,NIE,pdf-only,,OCR / ręczne wyciągnięcie listy części
YG-20106,YG20106,YATO GASTRO,YG-20106,1,1,TAK,0,NIE,pdf-only,,OCR / ręczne wyciągnięcie listy części
00300,00300,INNE,"PRZYRZĄD DO CIĘCIA GLAZURY, 600MM, 3 FUNKCJE",1,1,TAK,36,TAK,parts-linked,high,OK - lista części
00320,00320,INNE,"PRZYRZĄD DO CIĘCIA GLAZURY 430 MM, 3 FUNKCJE",1,1,TAK,36,TAK,parts-linked,high,OK - lista części
00500,00500,INNE,PRZYRZĄD DO CIĘCIA GLAZURY 500 MM ŁOŻYSKOWANY,1,1,TAK,27,TAK,parts-linked,high,OK - lista części
00510,00510,INNE,PRZYRZĄD DO CIĘCIA GLAZURY 500 MM ŁOŻYSKOWANY,1,1,TAK,32,TAK,parts-linked,high,OK - lista części
00600,00600,INNE,PRZYRZĄD DO CIĘCIA GLAZURY 600 MM ŁOŻYSKOWANY,1,1,TAK,27,TAK,parts-linked,high,OK - lista części
00610,00610,INNE,PRZYRZĄD DO CIĘCIA GLAZURY 600 MM ŁOŻYSKOWANY,1,1,TAK,32,TAK,parts-linked,high,OK - lista części
00703,00703,INNE,PRZYRZĄD DO CIĘCIA GLAZURY 500 MM ŁOŻYSKOWANY,1,1,TAK,36,TAK,parts-linked,high,OK - lista części
01060,01060,INNE,"PRZYRZĄD DO CIĘCIA GLAZURY 600 MM, 2 FUNKCJE",1,1,TAK,29,TAK,parts-linked,high,OK - lista części
09900,09900,INNE,TYNKOWNICA PNEUMATYCZNA DO ŚCIAN,1,1,TAK,4,TAK,parts-linked,high,OK - lista części
827791,827791,YATO,WIERTARKA UDAROWA BEZSZCZOTKOW 18V 120NM - 2X 4AH,1,1,TAK,23,TAK,parts-linked,high,OK - lista części
827793,827793,YATO,KLUCZ UDAROWY 18V 1/2'' 800NM - 2X 4AH,1,1,TAK,35,TAK,parts-linked,high,OK - lista części
YT-17003,YT17003,YATO,PODNOŚNIK TŁOKOWY HYDRAULICZNY 8T TUV GS/CE,1,1,TAK,36,TAK,parts-linked,high,OK - lista części
YT-82003,YT82003,YATO,MŁOT SDS MAX WYBURZENIOWY 1700W,1,1,TAK,102,TAK,parts-linked,high,OK - lista części
YT-82200,YT82200,YATO,POLERKA MIMOŚRODOWA,1,1,TAK,68,TAK,parts-linked,high,OK - lista części
YT-82355,YT82355,YATO,SZLIFIERKA DO GŁADZI NA WYSIĘGNIKU 820W Z WBUDOWANYM ODKURZACZEM,1,1,TAK,128,TAK,parts-linked,high,OK - lista części
YT-827795,YT827795,YATO,KLUCZ KĄTOWY 1/2'' 270NM 18V (BL; BODY),1,1,TAK,31,TAK,parts-linked,high,OK - lista części
YT-828377,YT828377,YATO,SEKATOR 18V Z AKU I ŁADOWARKĄ,1,1,TAK,44,TAK,parts-linked,high,OK - lista części
YT-828390,YT828390,YATO,OGRODOWE NARZĘDZIE WIELOFUNKCYJNE 18V,1,1,TAK,129,TAK,parts-linked,high,OK - lista części
YT-828391,YT828391,YATO,OGRODOWE NARZĘDZIE WIELOFUNKCYJNE 18V - BEZ AKUMULATORA,1,1,TAK,129,TAK,parts-linked,high,OK - lista części
YT-829021,YT829021,YATO,GRZECHOTKA BEZSZCZOTKOWA 12V 80NM 1/2'',1,1,TAK,15,TAK,parts-linked,high,OK - lista części
YT-829383,YT829383,YATO,"18V DMUCHAWA 10,4 M3/MIN (BL MOTOR;BODY)",1,1,TAK,16,TAK,parts-linked,high,OK - lista części
YT-85003,YT85003,YATO,"KOSA SPALINOWA DZIELONA 1,8 KM",1,1,TAK,182,TAK,parts-linked,high,OK - lista części
YT-85177,YT85177,YATO,DMUCHAWA 18V,2,2,TAK,33,TAK,parts-linked,high,OK - lista części
YT-851990,YT851990,YATO,KOSIARKA ELEKTRYCZNA 1300W 330MM,1,1,TAK,70,TAK,parts-linked,high,OK - lista części
YT-851991,YT851991,YATO,KOSIARKA ELEKTRYCZNA 1500W 360MM,1,1,TAK,89,TAK,parts-linked,high,OK - lista części
YT-851992,YT851992,YATO,KOSIARKA ELEKTRYCZNA 1800W 400MM,1,1,TAK,109,TAK,parts-linked,high,OK - lista części
YT-851993,YT851993,YATO,KOSIARKA ELEKTRYCZNA 2000W 460MM,1,1,TAK,145,TAK,parts-linked,high,OK - lista części
YT-852090,YT852090,YATO,ROBOT KOSZĄCY,1,1,TAK,45,TAK,parts-linked,high,OK - lista części
YT-852091,YT852091,YATO,ROBOT KOSZĄCY,1,1,TAK,59,TAK,parts-linked,high,OK - lista części
YT-852092,YT852092,YATO,ROBOT KOSZĄCY,1,1,TAK,59,TAK,parts-linked,high,OK - lista części
YT-852093,YT852093,YATO,ROBOT KOSZĄCY,1,1,TAK,59,TAK,parts-linked,high,OK - lista części
YT-852371,YT852371,YATO,ROZDRABNIACZ ELEKTRYCZNY 2800W CICHY,1,1,TAK,114,TAK,parts-linked,high,OK - lista części
YT-854837,YT854837,YATO,AGREGAT PRĄDOTWÓRCZY INWERTOROWY 2000W,1,1,TAK,132,TAK,parts-linked,high,OK - lista części
YG-03118,YG03118,YATO GASTRO,KRAJALNICA AL DO WĘDLIN 250MM,1,1,TAK,68,TAK,parts-linked,high,OK - lista części
