drawing_id,model,model_norm,brand,title,file_name,source_archive,path,drive_file_id,viewer_url,open_url,has_text,search_text_len,parts_count,has_parts_list,action_required
drive-1xbzS13WgdPQQ382NIxVKciOeKoLPZDpL-75662,75662,75662,FALA,75662,Czesci_zamienne_75662.pdf,,Rysunki wybuchowe,1xbzS13WgdPQQ382NIxVKciOeKoLPZDpL,https://drive.google.com/file/d/1xbzS13WgdPQQ382NIxVKciOeKoLPZDpL/preview,https://drive.google.com/file/d/1xbzS13WgdPQQ382NIxVKciOeKoLPZDpL/view?usp=drivesdk,NIE,0,0,NIE,OCR / konwersja skanu
drive-1Vs3egicm34qyI6aTOyXTiQteDD3f4eTj-75663,75663,75663,FALA,75663,Czesci_zamienne_75663.pdf,,Rysunki wybuchowe,1Vs3egicm34qyI6aTOyXTiQteDD3f4eTj,https://drive.google.com/file/d/1Vs3egicm34qyI6aTOyXTiQteDD3f4eTj/preview,https://drive.google.com/file/d/1Vs3egicm34qyI6aTOyXTiQteDD3f4eTj/view?usp=drivesdk,NIE,0,0,NIE,OCR / konwersja skanu
drive-1WRnfeVYvdT3Ay-lzbOTkHDx8TCefyFCH-75664,75664,75664,FALA,75664,Czesci_zamienne_75664.pdf,,Rysunki wybuchowe,1WRnfeVYvdT3Ay-lzbOTkHDx8TCefyFCH,https://drive.google.com/file/d/1WRnfeVYvdT3Ay-lzbOTkHDx8TCefyFCH/preview,https://drive.google.com/file/d/1WRnfeVYvdT3Ay-lzbOTkHDx8TCefyFCH/view?usp=drivesdk,NIE,0,0,NIE,OCR / konwersja skanu
drive-1uYxQIVxJFzeG-ZqK6qTl_iPsJWsjwOzp-75665,75665,75665,FALA,75665,Czesci_zamienne_75665.pdf,,Rysunki wybuchowe,1uYxQIVxJFzeG-ZqK6qTl_iPsJWsjwOzp,https://drive.google.com/file/d/1uYxQIVxJFzeG-ZqK6qTl_iPsJWsjwOzp/preview,https://drive.google.com/file/d/1uYxQIVxJFzeG-ZqK6qTl_iPsJWsjwOzp/view?usp=drivesdk,NIE,0,0,NIE,OCR / konwersja skanu
drive-10b1DAA8RQ7OCm3a36ozXBPLALcDKJTJD-75670,75670,75670,FALA,75670,Czesci_zamienne_75670.pdf,,Rysunki wybuchowe,10b1DAA8RQ7OCm3a36ozXBPLALcDKJTJD,https://drive.google.com/file/d/10b1DAA8RQ7OCm3a36ozXBPLALcDKJTJD/preview,https://drive.google.com/file/d/10b1DAA8RQ7OCm3a36ozXBPLALcDKJTJD/view?usp=drivesdk,NIE,0,0,NIE,OCR / konwersja skanu
drive-1eICZCIDLrPCM2IgfbnZ6fQySAv5_lWZU-75671,75671,75671,FALA,75671,Czesci_zamienne_75671.pdf,,Rysunki wybuchowe,1eICZCIDLrPCM2IgfbnZ6fQySAv5_lWZU,https://drive.google.com/file/d/1eICZCIDLrPCM2IgfbnZ6fQySAv5_lWZU/preview,https://drive.google.com/file/d/1eICZCIDLrPCM2IgfbnZ6fQySAv5_lWZU/view?usp=drivesdk,NIE,0,0,NIE,OCR / konwersja skanu
drive-1wRcGUEP00VZxHb472q2k9ntkUNOAN6Sx-75672,75672,75672,FALA,75672,Czesci_zamienne_75672.pdf,,Rysunki wybuchowe,1wRcGUEP00VZxHb472q2k9ntkUNOAN6Sx,https://drive.google.com/file/d/1wRcGUEP00VZxHb472q2k9ntkUNOAN6Sx/preview,https://drive.google.com/file/d/1wRcGUEP00VZxHb472q2k9ntkUNOAN6Sx/view?usp=drivesdk,NIE,0,0,NIE,OCR / konwersja skanu
drive-1H3Eha9O7CA2fDXMvYNYNgQZSIcosCMaH-75673,75673,75673,FALA,75673,Czesci_zamienne_75673.pdf,,Rysunki wybuchowe,1H3Eha9O7CA2fDXMvYNYNgQZSIcosCMaH,https://drive.google.com/file/d/1H3Eha9O7CA2fDXMvYNYNgQZSIcosCMaH/preview,https://drive.google.com/file/d/1H3Eha9O7CA2fDXMvYNYNgQZSIcosCMaH/view?usp=drivesdk,NIE,0,0,NIE,OCR / konwersja skanu
drive-1FOvabGctbkX0dP3-2CdkA4zINFfYfuy2-75674,75674,75674,FALA,75674,Czesci_zamienne_75674.pdf,,Rysunki wybuchowe,1FOvabGctbkX0dP3-2CdkA4zINFfYfuy2,https://drive.google.com/file/d/1FOvabGctbkX0dP3-2CdkA4zINFfYfuy2/preview,https://drive.google.com/file/d/1FOvabGctbkX0dP3-2CdkA4zINFfYfuy2/view?usp=drivesdk,NIE,0,0,NIE,OCR / konwersja skanu
drive-1QfDXIFrDIXepCPLsiKVBbymrQBWpc_LP-75685,75685,75685,FALA,75685,Czesci_zamienne_75685.pdf,,Rysunki wybuchowe,1QfDXIFrDIXepCPLsiKVBbymrQBWpc_LP,https://drive.google.com/file/d/1QfDXIFrDIXepCPLsiKVBbymrQBWpc_LP/preview,https://drive.google.com/file/d/1QfDXIFrDIXepCPLsiKVBbymrQBWpc_LP/view?usp=drivesdk,NIE,0,0,NIE,OCR / konwersja skanu
drive-1XamBtsgxYtjm5t5Cx0AJRUr7abvoWoHY-75686,75686,75686,FALA,75686,Czesci_zamienne_75686.pdf,,Rysunki wybuchowe,1XamBtsgxYtjm5t5Cx0AJRUr7abvoWoHY,https://drive.google.com/file/d/1XamBtsgxYtjm5t5Cx0AJRUr7abvoWoHY/preview,https://drive.google.com/file/d/1XamBtsgxYtjm5t5Cx0AJRUr7abvoWoHY/view?usp=drivesdk,NIE,0,0,NIE,OCR / konwersja skanu
drive-10OMBbfAOma7h9P-UWbQreCf0N2JbFtBt-75687,75687,75687,FALA,75687,Czesci_zamienne_75687.pdf,,Rysunki wybuchowe,10OMBbfAOma7h9P-UWbQreCf0N2JbFtBt,https://drive.google.com/file/d/10OMBbfAOma7h9P-UWbQreCf0N2JbFtBt/preview,https://drive.google.com/file/d/10OMBbfAOma7h9P-UWbQreCf0N2JbFtBt/view?usp=drivesdk,NIE,0,0,NIE,OCR / konwersja skanu
drive-1csjAhMRm3xQsfESi8bopwwizy5ky5QXS-75688,75688,75688,FALA,75688,Czesci_zamienne_75688.pdf,,Rysunki wybuchowe,1csjAhMRm3xQsfESi8bopwwizy5ky5QXS,https://drive.google.com/file/d/1csjAhMRm3xQsfESi8bopwwizy5ky5QXS/preview,https://drive.google.com/file/d/1csjAhMRm3xQsfESi8bopwwizy5ky5QXS/view?usp=drivesdk,NIE,0,0,NIE,OCR / konwersja skanu
drive-1O7K5qMCOH3J7Gau2KaZN9sEbhFK4sERj-75689,75689,75689,FALA,75689,Czesci_zamienne_75689.pdf,,Rysunki wybuchowe,1O7K5qMCOH3J7Gau2KaZN9sEbhFK4sERj,https://drive.google.com/file/d/1O7K5qMCOH3J7Gau2KaZN9sEbhFK4sERj/preview,https://drive.google.com/file/d/1O7K5qMCOH3J7Gau2KaZN9sEbhFK4sERj/view?usp=drivesdk,NIE,0,0,NIE,OCR / konwersja skanu
drive-1cX9xHSMf8DCGNcuuAllMrYKct95kpSVL-75705,75705,75705,FALA,75705 75706 75707 75708 75709 75710 75711 75712,Czesci_zamienne_75705_75706_75707_75708_75709_75710_75711_75712.pdf,,Rysunki wybuchowe,1cX9xHSMf8DCGNcuuAllMrYKct95kpSVL,https://drive.google.com/file/d/1cX9xHSMf8DCGNcuuAllMrYKct95kpSVL/preview,https://drive.google.com/file/d/1cX9xHSMf8DCGNcuuAllMrYKct95kpSVL/view?usp=drivesdk,NIE,0,0,NIE,OCR / konwersja skanu
drive-12ZfCnlOFsSR3K9__DWmsuLGMHszxBEAW-75716,75716,75716,FALA,75716,Czesci_zamienne_75716.pdf,,Rysunki wybuchowe,12ZfCnlOFsSR3K9__DWmsuLGMHszxBEAW,https://drive.google.com/file/d/12ZfCnlOFsSR3K9__DWmsuLGMHszxBEAW/preview,https://drive.google.com/file/d/12ZfCnlOFsSR3K9__DWmsuLGMHszxBEAW/view?usp=drivesdk,NIE,0,0,NIE,OCR / konwersja skanu
drive-1L9FkzWPSBvzxiAUSTZHC9Eapk26a2miN-75719,75719,75719,FALA,75719,Czesci_zamienne_75719.pdf,,Rysunki wybuchowe,1L9FkzWPSBvzxiAUSTZHC9Eapk26a2miN,https://drive.google.com/file/d/1L9FkzWPSBvzxiAUSTZHC9Eapk26a2miN/preview,https://drive.google.com/file/d/1L9FkzWPSBvzxiAUSTZHC9Eapk26a2miN/view?usp=drivesdk,NIE,0,0,NIE,OCR / konwersja skanu
drive-19AJAphYV9BivM2RUauku2GS5mX5GPDTt-75740,75740,75740,FALA,75740,Czesci_zamienne_75740.pdf,,Rysunki wybuchowe,19AJAphYV9BivM2RUauku2GS5mX5GPDTt,https://drive.google.com/file/d/19AJAphYV9BivM2RUauku2GS5mX5GPDTt/preview,https://drive.google.com/file/d/19AJAphYV9BivM2RUauku2GS5mX5GPDTt/view?usp=drivesdk,NIE,0,0,NIE,OCR / konwersja skanu
drive-1SWK2BnSeQ8APCVmk73oIPphY1CZc1V6R-75742,75742,75742,FALA,75742,Czesci_zamienne_75742.pdf,,Rysunki wybuchowe,1SWK2BnSeQ8APCVmk73oIPphY1CZc1V6R,https://drive.google.com/file/d/1SWK2BnSeQ8APCVmk73oIPphY1CZc1V6R/preview,https://drive.google.com/file/d/1SWK2BnSeQ8APCVmk73oIPphY1CZc1V6R/view?usp=drivesdk,NIE,0,0,NIE,OCR / konwersja skanu
drive-1pNH5Vxv2qklNhMaIeXI4gpu1i8yJqJ3n-75743,75743,75743,FALA,75743,Czesci_zamienne_75743.pdf,,Rysunki wybuchowe,1pNH5Vxv2qklNhMaIeXI4gpu1i8yJqJ3n,https://drive.google.com/file/d/1pNH5Vxv2qklNhMaIeXI4gpu1i8yJqJ3n/preview,https://drive.google.com/file/d/1pNH5Vxv2qklNhMaIeXI4gpu1i8yJqJ3n/view?usp=drivesdk,NIE,0,0,NIE,OCR / konwersja skanu
drive-1PCqSj9PR2uGZF7098KAlaR2OeHlN0aR9-75745,75745,75745,FALA,75745,Czesci_zamienne_75745.pdf,,Rysunki wybuchowe,1PCqSj9PR2uGZF7098KAlaR2OeHlN0aR9,https://drive.google.com/file/d/1PCqSj9PR2uGZF7098KAlaR2OeHlN0aR9/preview,https://drive.google.com/file/d/1PCqSj9PR2uGZF7098KAlaR2OeHlN0aR9/view?usp=drivesdk,NIE,0,0,NIE,OCR / konwersja skanu
drive-1TteOO7b_10w22N0E_6-3cAKnvdoXmCNO-75747,75747,75747,FALA,75747,Czesci_zamienne_75747.pdf,,Rysunki wybuchowe,1TteOO7b_10w22N0E_6-3cAKnvdoXmCNO,https://drive.google.com/file/d/1TteOO7b_10w22N0E_6-3cAKnvdoXmCNO/preview,https://drive.google.com/file/d/1TteOO7b_10w22N0E_6-3cAKnvdoXmCNO/view?usp=drivesdk,NIE,0,0,NIE,OCR / konwersja skanu
drive-1NSag2JaycT4tP0bzVrHJmzlgwRtu6s42-75748,75748,75748,FALA,75748,Czesci_zamienne_75748.pdf,,Rysunki wybuchowe,1NSag2JaycT4tP0bzVrHJmzlgwRtu6s42,https://drive.google.com/file/d/1NSag2JaycT4tP0bzVrHJmzlgwRtu6s42/preview,https://drive.google.com/file/d/1NSag2JaycT4tP0bzVrHJmzlgwRtu6s42/view?usp=drivesdk,NIE,0,0,NIE,OCR / konwersja skanu
drive-1c_Tsqg-_kdId9rskUBfCoQ6KZ1z5Zvm4-75749,75749,75749,FALA,75749,Czesci_zamienne_75749.pdf,,Rysunki wybuchowe,1c_Tsqg-_kdId9rskUBfCoQ6KZ1z5Zvm4,https://drive.google.com/file/d/1c_Tsqg-_kdId9rskUBfCoQ6KZ1z5Zvm4/preview,https://drive.google.com/file/d/1c_Tsqg-_kdId9rskUBfCoQ6KZ1z5Zvm4/view?usp=drivesdk,NIE,0,0,NIE,OCR / konwersja skanu
drive-1COJxn5Uwlee9Qayn-IOVv2Ds-SIgKWXs-75760,75760,75760,FALA,75760,Czesci_zamienne_75760.pdf,,Rysunki wybuchowe,1COJxn5Uwlee9Qayn-IOVv2Ds-SIgKWXs,https://drive.google.com/file/d/1COJxn5Uwlee9Qayn-IOVv2Ds-SIgKWXs/preview,https://drive.google.com/file/d/1COJxn5Uwlee9Qayn-IOVv2Ds-SIgKWXs/view?usp=drivesdk,NIE,0,0,NIE,OCR / konwersja skanu
drive-1IuKH3mWRIIZbWJMwnKelNLyOO7K0syD0-75762,75762,75762,FALA,75762,Czesci_zamienne_75762.pdf,,Rysunki wybuchowe,1IuKH3mWRIIZbWJMwnKelNLyOO7K0syD0,https://drive.google.com/file/d/1IuKH3mWRIIZbWJMwnKelNLyOO7K0syD0/preview,https://drive.google.com/file/d/1IuKH3mWRIIZbWJMwnKelNLyOO7K0syD0/view?usp=drivesdk,NIE,0,0,NIE,OCR / konwersja skanu
drive-10CB35QwoybNeaXN8iDurLd2-_YQrVpr--75763,75763,75763,FALA,75763,Czesci_zamienne_75763.pdf,,Rysunki wybuchowe,10CB35QwoybNeaXN8iDurLd2-_YQrVpr-,https://drive.google.com/file/d/10CB35QwoybNeaXN8iDurLd2-_YQrVpr-/preview,https://drive.google.com/file/d/10CB35QwoybNeaXN8iDurLd2-_YQrVpr-/view?usp=drivesdk,NIE,0,0,NIE,OCR / konwersja skanu
drive-1VxQAgl-Mj9LxB-sVesFX8ync3fiaHy8F-75764,75764,75764,FALA,75764,Czesci_zamienne_75764.pdf,,Rysunki wybuchowe,1VxQAgl-Mj9LxB-sVesFX8ync3fiaHy8F,https://drive.google.com/file/d/1VxQAgl-Mj9LxB-sVesFX8ync3fiaHy8F/preview,https://drive.google.com/file/d/1VxQAgl-Mj9LxB-sVesFX8ync3fiaHy8F/view?usp=drivesdk,NIE,0,0,NIE,OCR / konwersja skanu
drive-18dGQA4XoOI6epOO2oVFMMQE8VFLKcx3U-75765,75765,75765,FALA,75765,Czesci_zamienne_75765.pdf,,Rysunki wybuchowe,18dGQA4XoOI6epOO2oVFMMQE8VFLKcx3U,https://drive.google.com/file/d/18dGQA4XoOI6epOO2oVFMMQE8VFLKcx3U/preview,https://drive.google.com/file/d/18dGQA4XoOI6epOO2oVFMMQE8VFLKcx3U/view?usp=drivesdk,NIE,0,0,NIE,OCR / konwersja skanu
drive-1eCJ8tE_Pgxv-dgrS8RnCNXXa4LMDQH69-75767,75767,75767,FALA,75767,Czesci_zamienne_75767.pdf,,Rysunki wybuchowe,1eCJ8tE_Pgxv-dgrS8RnCNXXa4LMDQH69,https://drive.google.com/file/d/1eCJ8tE_Pgxv-dgrS8RnCNXXa4LMDQH69/preview,https://drive.google.com/file/d/1eCJ8tE_Pgxv-dgrS8RnCNXXa4LMDQH69/view?usp=drivesdk,NIE,0,0,NIE,OCR / konwersja skanu
drive-1-tRE3E__lYY63j8jepUi8oJp1toIpgdY-75768,75768,75768,FALA,75768,Czesci_zamienne_75768.pdf,,Rysunki wybuchowe,1-tRE3E__lYY63j8jepUi8oJp1toIpgdY,https://drive.google.com/file/d/1-tRE3E__lYY63j8jepUi8oJp1toIpgdY/preview,https://drive.google.com/file/d/1-tRE3E__lYY63j8jepUi8oJp1toIpgdY/view?usp=drivesdk,NIE,0,0,NIE,OCR / konwersja skanu
drive-1-bfT2cMt5mB5SAopXutiEdyod6RfwOp5-75770,75770,75770,FALA,75770,Czesci_zamienne_75770.pdf,,Rysunki wybuchowe,1-bfT2cMt5mB5SAopXutiEdyod6RfwOp5,https://drive.google.com/file/d/1-bfT2cMt5mB5SAopXutiEdyod6RfwOp5/preview,https://drive.google.com/file/d/1-bfT2cMt5mB5SAopXutiEdyod6RfwOp5/view?usp=drivesdk,NIE,0,0,NIE,OCR / konwersja skanu
drive-1LidYPtupSaaSRozPBsGA3zCxkhj9caVp-75772,75772,75772,FALA,75772,Czesci_zamienne_75772.pdf,,Rysunki wybuchowe,1LidYPtupSaaSRozPBsGA3zCxkhj9caVp,https://drive.google.com/file/d/1LidYPtupSaaSRozPBsGA3zCxkhj9caVp/preview,https://drive.google.com/file/d/1LidYPtupSaaSRozPBsGA3zCxkhj9caVp/view?usp=drivesdk,NIE,0,0,NIE,OCR / konwersja skanu
drive-1ibGWGSFK8CoZ4DFj4VX3kgQmgIsV1UV7-75773,75773,75773,FALA,75773,Czesci_zamienne_75773.pdf,,Rysunki wybuchowe,1ibGWGSFK8CoZ4DFj4VX3kgQmgIsV1UV7,https://drive.google.com/file/d/1ibGWGSFK8CoZ4DFj4VX3kgQmgIsV1UV7/preview,https://drive.google.com/file/d/1ibGWGSFK8CoZ4DFj4VX3kgQmgIsV1UV7/view?usp=drivesdk,NIE,0,0,NIE,OCR / konwersja skanu
drive-1aokKE9cAlrGM2K6xIjd32bAb1lzqQkuu-75774,75774,75774,FALA,75774,Czesci_zamienne_75774.pdf,,Rysunki wybuchowe,1aokKE9cAlrGM2K6xIjd32bAb1lzqQkuu,https://drive.google.com/file/d/1aokKE9cAlrGM2K6xIjd32bAb1lzqQkuu/preview,https://drive.google.com/file/d/1aokKE9cAlrGM2K6xIjd32bAb1lzqQkuu/view?usp=drivesdk,NIE,0,0,NIE,OCR / konwersja skanu
drive-1ppviAx10hZvaHzKwXYejW3EwQ3L-bAUP-75775,75775,75775,FALA,75775-75779,Czesci_zamienne_75775-75779.pdf,,Rysunki wybuchowe,1ppviAx10hZvaHzKwXYejW3EwQ3L-bAUP,https://drive.google.com/file/d/1ppviAx10hZvaHzKwXYejW3EwQ3L-bAUP/preview,https://drive.google.com/file/d/1ppviAx10hZvaHzKwXYejW3EwQ3L-bAUP/view?usp=drivesdk,NIE,0,0,NIE,OCR / konwersja skanu
drive-1aAFxBmhrc-awSq3JuXmuT2x1NGFiC_MM-75775,75775,75775,FALA,75775 75776 75777 75778 75779,Czesci_zamienne_75775_75776_75777_75778_75779.pdf,,Rysunki wybuchowe,1aAFxBmhrc-awSq3JuXmuT2x1NGFiC_MM,https://drive.google.com/file/d/1aAFxBmhrc-awSq3JuXmuT2x1NGFiC_MM/preview,https://drive.google.com/file/d/1aAFxBmhrc-awSq3JuXmuT2x1NGFiC_MM/view?usp=drivesdk,NIE,0,0,NIE,OCR / konwersja skanu
drive-1d4BjT_Pl46xLQVQyyzTNzEP7nCeHma0j-75804,75804,75804,FALA,75804,Czesci_zamienne_75804.pdf,,Rysunki wybuchowe,1d4BjT_Pl46xLQVQyyzTNzEP7nCeHma0j,https://drive.google.com/file/d/1d4BjT_Pl46xLQVQyyzTNzEP7nCeHma0j/preview,https://drive.google.com/file/d/1d4BjT_Pl46xLQVQyyzTNzEP7nCeHma0j/view?usp=drivesdk,NIE,0,0,NIE,OCR / konwersja skanu
drive-1H85n3n99OFjdWSYSl-DL5Z6Sv_zpoSXN-75805,75805,75805,FALA,75805,Czesci_zamienne_75805.pdf,,Rysunki wybuchowe,1H85n3n99OFjdWSYSl-DL5Z6Sv_zpoSXN,https://drive.google.com/file/d/1H85n3n99OFjdWSYSl-DL5Z6Sv_zpoSXN/preview,https://drive.google.com/file/d/1H85n3n99OFjdWSYSl-DL5Z6Sv_zpoSXN/view?usp=drivesdk,NIE,0,0,NIE,OCR / konwersja skanu
drive-1hCUdqFVU7YHr6cBmJwDuhkA3Jjfe6lNt-75807,75807,75807,FALA,75807,Czesci_zamienne_75807.pdf,,Rysunki wybuchowe,1hCUdqFVU7YHr6cBmJwDuhkA3Jjfe6lNt,https://drive.google.com/file/d/1hCUdqFVU7YHr6cBmJwDuhkA3Jjfe6lNt/preview,https://drive.google.com/file/d/1hCUdqFVU7YHr6cBmJwDuhkA3Jjfe6lNt/view?usp=drivesdk,NIE,0,0,NIE,OCR / konwersja skanu
drive-1dP1O7v-4Lgkavd5Awuz6xjVbzT7RKtSN-75808,75808,75808,FALA,75808,Czesci_zamienne_75808.pdf,,Rysunki wybuchowe,1dP1O7v-4Lgkavd5Awuz6xjVbzT7RKtSN,https://drive.google.com/file/d/1dP1O7v-4Lgkavd5Awuz6xjVbzT7RKtSN/preview,https://drive.google.com/file/d/1dP1O7v-4Lgkavd5Awuz6xjVbzT7RKtSN/view?usp=drivesdk,NIE,0,0,NIE,OCR / konwersja skanu
drive-14c4AXslJoON_jTsRjJ0m_B5PigN0KhdA-75809,75809,75809,FALA,75809,Czesci_zamienne_75809.pdf,,Rysunki wybuchowe,14c4AXslJoON_jTsRjJ0m_B5PigN0KhdA,https://drive.google.com/file/d/14c4AXslJoON_jTsRjJ0m_B5PigN0KhdA/preview,https://drive.google.com/file/d/14c4AXslJoON_jTsRjJ0m_B5PigN0KhdA/view?usp=drivesdk,NIE,0,0,NIE,OCR / konwersja skanu
drive-1l04DTDBs9Oy8NgK17ouhWsc8imky_OoJ-75811,75811,75811,FALA,75811,Czesci_zamienne_75811.pdf,,Rysunki wybuchowe,1l04DTDBs9Oy8NgK17ouhWsc8imky_OoJ,https://drive.google.com/file/d/1l04DTDBs9Oy8NgK17ouhWsc8imky_OoJ/preview,https://drive.google.com/file/d/1l04DTDBs9Oy8NgK17ouhWsc8imky_OoJ/view?usp=drivesdk,NIE,0,0,NIE,OCR / konwersja skanu
drive-1_nV_pyPxAZiKYD8JUTYU8GzdL9qbEK-Z-75812,75812,75812,FALA,75812,Czesci_zamienne_75812.pdf,,Rysunki wybuchowe,1_nV_pyPxAZiKYD8JUTYU8GzdL9qbEK-Z,https://drive.google.com/file/d/1_nV_pyPxAZiKYD8JUTYU8GzdL9qbEK-Z/preview,https://drive.google.com/file/d/1_nV_pyPxAZiKYD8JUTYU8GzdL9qbEK-Z/view?usp=drivesdk,NIE,0,0,NIE,OCR / konwersja skanu
drive-1Ks9Gfvi8YKwGz14f3ldTbhSxhG86F-Be-75813,75813,75813,FALA,75813,Czesci_zamienne_75813.pdf,,Rysunki wybuchowe,1Ks9Gfvi8YKwGz14f3ldTbhSxhG86F-Be,https://drive.google.com/file/d/1Ks9Gfvi8YKwGz14f3ldTbhSxhG86F-Be/preview,https://drive.google.com/file/d/1Ks9Gfvi8YKwGz14f3ldTbhSxhG86F-Be/view?usp=drivesdk,NIE,0,0,NIE,OCR / konwersja skanu
drive-1uiBlqI06lctCmOfZxRDMf2rKqoddKnTK-75814,75814,75814,FALA,75814,Czesci_zamienne_75814.pdf,,Rysunki wybuchowe,1uiBlqI06lctCmOfZxRDMf2rKqoddKnTK,https://drive.google.com/file/d/1uiBlqI06lctCmOfZxRDMf2rKqoddKnTK/preview,https://drive.google.com/file/d/1uiBlqI06lctCmOfZxRDMf2rKqoddKnTK/view?usp=drivesdk,NIE,0,0,NIE,OCR / konwersja skanu
drive-1QWOItK6-tSyKpi3OhSwlX8k9j3o4IpLV-75815,75815,75815,FALA,75815,Czesci_zamienne_75815.pdf,,Rysunki wybuchowe,1QWOItK6-tSyKpi3OhSwlX8k9j3o4IpLV,https://drive.google.com/file/d/1QWOItK6-tSyKpi3OhSwlX8k9j3o4IpLV/preview,https://drive.google.com/file/d/1QWOItK6-tSyKpi3OhSwlX8k9j3o4IpLV/view?usp=drivesdk,NIE,0,0,NIE,OCR / konwersja skanu
drive-1YYn2nLT_xmY84zQGscZUZmEPi92I9NWG-75816,75816,75816,FALA,75816,Czesci_zamienne_75816.pdf,,Rysunki wybuchowe,1YYn2nLT_xmY84zQGscZUZmEPi92I9NWG,https://drive.google.com/file/d/1YYn2nLT_xmY84zQGscZUZmEPi92I9NWG/preview,https://drive.google.com/file/d/1YYn2nLT_xmY84zQGscZUZmEPi92I9NWG/view?usp=drivesdk,NIE,0,0,NIE,OCR / konwersja skanu
drive-1YxI4hnYD1i8IE96ubCwVvrIBRPwjTbpr-75817,75817,75817,FALA,75817,Czesci_zamienne_75817.pdf,,Rysunki wybuchowe,1YxI4hnYD1i8IE96ubCwVvrIBRPwjTbpr,https://drive.google.com/file/d/1YxI4hnYD1i8IE96ubCwVvrIBRPwjTbpr/preview,https://drive.google.com/file/d/1YxI4hnYD1i8IE96ubCwVvrIBRPwjTbpr/view?usp=drivesdk,NIE,0,0,NIE,OCR / konwersja skanu
drive-1izV2ghkvoBoxZ2mRbLuXyQXCKBx13-ot-75818,75818,75818,FALA,75818,Czesci_zamienne_75818.pdf,,Rysunki wybuchowe,1izV2ghkvoBoxZ2mRbLuXyQXCKBx13-ot,https://drive.google.com/file/d/1izV2ghkvoBoxZ2mRbLuXyQXCKBx13-ot/preview,https://drive.google.com/file/d/1izV2ghkvoBoxZ2mRbLuXyQXCKBx13-ot/view?usp=drivesdk,NIE,0,0,NIE,OCR / konwersja skanu
drive-1vJv9U7m1xYJloCN0jiS-qaXRI1MAxiLZ-75827,75827,75827,FALA,75827,Czesci_zamienne_75827.pdf,,Rysunki wybuchowe,1vJv9U7m1xYJloCN0jiS-qaXRI1MAxiLZ,https://drive.google.com/file/d/1vJv9U7m1xYJloCN0jiS-qaXRI1MAxiLZ/preview,https://drive.google.com/file/d/1vJv9U7m1xYJloCN0jiS-qaXRI1MAxiLZ/view?usp=drivesdk,NIE,0,0,NIE,OCR / konwersja skanu
drive-17fYcu__baVBp8tGHsMVpc43PyAX6orYB-75828,75828,75828,FALA,75828,Czesci_zamienne_75828.pdf,,Rysunki wybuchowe,17fYcu__baVBp8tGHsMVpc43PyAX6orYB,https://drive.google.com/file/d/17fYcu__baVBp8tGHsMVpc43PyAX6orYB/preview,https://drive.google.com/file/d/17fYcu__baVBp8tGHsMVpc43PyAX6orYB/view?usp=drivesdk,NIE,0,0,NIE,OCR / konwersja skanu
drive-1zmgizZIORzkAnyF5OQt-A8Qy4q_ssegu-75829,75829,75829,FALA,75829,Czesci_zamienne_75829.pdf,,Rysunki wybuchowe,1zmgizZIORzkAnyF5OQt-A8Qy4q_ssegu,https://drive.google.com/file/d/1zmgizZIORzkAnyF5OQt-A8Qy4q_ssegu/preview,https://drive.google.com/file/d/1zmgizZIORzkAnyF5OQt-A8Qy4q_ssegu/view?usp=drivesdk,NIE,0,0,NIE,OCR / konwersja skanu
drive-1newCoMdBZmrQUlpGw5eZEnKxLDv3Aeh4-75830,75830,75830,FALA,75830,Czesci_zamienne_75830.pdf,,Rysunki wybuchowe,1newCoMdBZmrQUlpGw5eZEnKxLDv3Aeh4,https://drive.google.com/file/d/1newCoMdBZmrQUlpGw5eZEnKxLDv3Aeh4/preview,https://drive.google.com/file/d/1newCoMdBZmrQUlpGw5eZEnKxLDv3Aeh4/view?usp=drivesdk,NIE,0,0,NIE,OCR / konwersja skanu
drive-1yTSq37PYkwkJxHlhNiSJRYI6GsiGWxV9-75831,75831,75831,FALA,75831,Czesci_zamienne_75831.pdf,,Rysunki wybuchowe,1yTSq37PYkwkJxHlhNiSJRYI6GsiGWxV9,https://drive.google.com/file/d/1yTSq37PYkwkJxHlhNiSJRYI6GsiGWxV9/preview,https://drive.google.com/file/d/1yTSq37PYkwkJxHlhNiSJRYI6GsiGWxV9/view?usp=drivesdk,NIE,0,0,NIE,OCR / konwersja skanu
drive-1EhYjclxsVdOBFQfUAuf4QreVbt79lbpR-75832,75832,75832,FALA,75832,Czesci_zamienne_75832.pdf,,Rysunki wybuchowe,1EhYjclxsVdOBFQfUAuf4QreVbt79lbpR,https://drive.google.com/file/d/1EhYjclxsVdOBFQfUAuf4QreVbt79lbpR/preview,https://drive.google.com/file/d/1EhYjclxsVdOBFQfUAuf4QreVbt79lbpR/view?usp=drivesdk,NIE,0,0,NIE,OCR / konwersja skanu
drive-1GXJ4X72PTKnpwl7QPo6G05CoVsfpjUSn-75833,75833,75833,FALA,75833,Czesci_zamienne_75833.pdf,,Rysunki wybuchowe,1GXJ4X72PTKnpwl7QPo6G05CoVsfpjUSn,https://drive.google.com/file/d/1GXJ4X72PTKnpwl7QPo6G05CoVsfpjUSn/preview,https://drive.google.com/file/d/1GXJ4X72PTKnpwl7QPo6G05CoVsfpjUSn/view?usp=drivesdk,NIE,0,0,NIE,OCR / konwersja skanu
drive-1zOK_-D63OHrWQYU1TYt-Y2fF8SuRQDXs-75835,75835,75835,FALA,75835,Czesci_zamienne_75835.pdf,,Rysunki wybuchowe,1zOK_-D63OHrWQYU1TYt-Y2fF8SuRQDXs,https://drive.google.com/file/d/1zOK_-D63OHrWQYU1TYt-Y2fF8SuRQDXs/preview,https://drive.google.com/file/d/1zOK_-D63OHrWQYU1TYt-Y2fF8SuRQDXs/view?usp=drivesdk,NIE,0,0,NIE,OCR / konwersja skanu
drive-1k-roMI2_L5u5_-RvRzehQWyC7NY-COK--75836,75836,75836,FALA,75836,Czesci_zamienne_75836.pdf,,Rysunki wybuchowe,1k-roMI2_L5u5_-RvRzehQWyC7NY-COK-,https://drive.google.com/file/d/1k-roMI2_L5u5_-RvRzehQWyC7NY-COK-/preview,https://drive.google.com/file/d/1k-roMI2_L5u5_-RvRzehQWyC7NY-COK-/view?usp=drivesdk,NIE,0,0,NIE,OCR / konwersja skanu
drive-1yPUxNabt1H7E661BzB8CbXwPSM4HXXVI-75837,75837,75837,FALA,75837,Czesci_zamienne_75837.pdf,,Rysunki wybuchowe,1yPUxNabt1H7E661BzB8CbXwPSM4HXXVI,https://drive.google.com/file/d/1yPUxNabt1H7E661BzB8CbXwPSM4HXXVI/preview,https://drive.google.com/file/d/1yPUxNabt1H7E661BzB8CbXwPSM4HXXVI/view?usp=drivesdk,NIE,0,0,NIE,OCR / konwersja skanu
drive-1ZUKNdvyd79bsJVn3FjKH-vyyjv3JHIke-75838,75838,75838,FALA,75838,Czesci_zamienne_75838.pdf,,Rysunki wybuchowe,1ZUKNdvyd79bsJVn3FjKH-vyyjv3JHIke,https://drive.google.com/file/d/1ZUKNdvyd79bsJVn3FjKH-vyyjv3JHIke/preview,https://drive.google.com/file/d/1ZUKNdvyd79bsJVn3FjKH-vyyjv3JHIke/view?usp=drivesdk,NIE,0,0,NIE,OCR / konwersja skanu
drive-1aaO0uL4l7lvhUqxVOmOzlUGjek9UAUkq-75880,75880,75880,FALA,75880,Czesci_zamienne_75880.pdf,,Rysunki wybuchowe,1aaO0uL4l7lvhUqxVOmOzlUGjek9UAUkq,https://drive.google.com/file/d/1aaO0uL4l7lvhUqxVOmOzlUGjek9UAUkq/preview,https://drive.google.com/file/d/1aaO0uL4l7lvhUqxVOmOzlUGjek9UAUkq/view?usp=drivesdk,NIE,0,0,NIE,OCR / konwersja skanu
drive-1joI4tDAG0mjj41fxiy3tzqpSa8oEyjbo-75881,75881,75881,FALA,75881,Czesci_zamienne_75881.pdf,,Rysunki wybuchowe,1joI4tDAG0mjj41fxiy3tzqpSa8oEyjbo,https://drive.google.com/file/d/1joI4tDAG0mjj41fxiy3tzqpSa8oEyjbo/preview,https://drive.google.com/file/d/1joI4tDAG0mjj41fxiy3tzqpSa8oEyjbo/view?usp=drivesdk,NIE,0,0,NIE,OCR / konwersja skanu
drive-1QP3mA1uoZfC2uVFJ6FpAzZduRtGlHsIi-75882,75882,75882,FALA,75882,Czesci_zamienne_75882.pdf,,Rysunki wybuchowe,1QP3mA1uoZfC2uVFJ6FpAzZduRtGlHsIi,https://drive.google.com/file/d/1QP3mA1uoZfC2uVFJ6FpAzZduRtGlHsIi/preview,https://drive.google.com/file/d/1QP3mA1uoZfC2uVFJ6FpAzZduRtGlHsIi/view?usp=drivesdk,NIE,0,0,NIE,OCR / konwersja skanu
drive-1KA5DSlZr-TD32yOGzan8lHwSffKX550--75883,75883,75883,FALA,75883,Czesci_zamienne_75883.pdf,,Rysunki wybuchowe,1KA5DSlZr-TD32yOGzan8lHwSffKX550-,https://drive.google.com/file/d/1KA5DSlZr-TD32yOGzan8lHwSffKX550-/preview,https://drive.google.com/file/d/1KA5DSlZr-TD32yOGzan8lHwSffKX550-/view?usp=drivesdk,NIE,0,0,NIE,OCR / konwersja skanu
drive-1C81oi0Ye_V1DPPSgPhRBNmKyxcNmxaZ--75884,75884,75884,FALA,75884,Czesci_zamienne_75884.pdf,,Rysunki wybuchowe,1C81oi0Ye_V1DPPSgPhRBNmKyxcNmxaZ-,https://drive.google.com/file/d/1C81oi0Ye_V1DPPSgPhRBNmKyxcNmxaZ-/preview,https://drive.google.com/file/d/1C81oi0Ye_V1DPPSgPhRBNmKyxcNmxaZ-/view?usp=drivesdk,NIE,0,0,NIE,OCR / konwersja skanu
drive-1EsSfMxgr4aqdMsUYriIbPP-unZM-LU5Y-75885,75885,75885,FALA,75885,Czesci_zamienne_75885.pdf,,Rysunki wybuchowe,1EsSfMxgr4aqdMsUYriIbPP-unZM-LU5Y,https://drive.google.com/file/d/1EsSfMxgr4aqdMsUYriIbPP-unZM-LU5Y/preview,https://drive.google.com/file/d/1EsSfMxgr4aqdMsUYriIbPP-unZM-LU5Y/view?usp=drivesdk,NIE,0,0,NIE,OCR / konwersja skanu
drive-19QiOv-HM9VAx9HgJ-qLKWa56KsBWkV_--75886,75886,75886,FALA,75886,Czesci_zamienne_75886.pdf,,Rysunki wybuchowe,19QiOv-HM9VAx9HgJ-qLKWa56KsBWkV_-,https://drive.google.com/file/d/19QiOv-HM9VAx9HgJ-qLKWa56KsBWkV_-/preview,https://drive.google.com/file/d/19QiOv-HM9VAx9HgJ-qLKWa56KsBWkV_-/view?usp=drivesdk,NIE,0,0,NIE,OCR / konwersja skanu
drive-10d7gCUFSAx0HaQWB6ZK7y0Vbh8Nt_cvk-75887,75887,75887,FALA,75887,Czesci_zamienne_75887.pdf,,Rysunki wybuchowe,10d7gCUFSAx0HaQWB6ZK7y0Vbh8Nt_cvk,https://drive.google.com/file/d/10d7gCUFSAx0HaQWB6ZK7y0Vbh8Nt_cvk/preview,https://drive.google.com/file/d/10d7gCUFSAx0HaQWB6ZK7y0Vbh8Nt_cvk/view?usp=drivesdk,NIE,0,0,NIE,OCR / konwersja skanu
drive-1HNCC3K1i1iWiN8Q2LXN51NAY-hOQbwhO-75888,75888,75888,FALA,75888,Czesci_zamienne_75888.pdf,,Rysunki wybuchowe,1HNCC3K1i1iWiN8Q2LXN51NAY-hOQbwhO,https://drive.google.com/file/d/1HNCC3K1i1iWiN8Q2LXN51NAY-hOQbwhO/preview,https://drive.google.com/file/d/1HNCC3K1i1iWiN8Q2LXN51NAY-hOQbwhO/view?usp=drivesdk,NIE,0,0,NIE,OCR / konwersja skanu
drive-1JXa-Yiiffya6qMLLLKCYl9cSwH67znDu-75889,75889,75889,FALA,75889,Czesci_zamienne_75889.pdf,,Rysunki wybuchowe,1JXa-Yiiffya6qMLLLKCYl9cSwH67znDu,https://drive.google.com/file/d/1JXa-Yiiffya6qMLLLKCYl9cSwH67znDu/preview,https://drive.google.com/file/d/1JXa-Yiiffya6qMLLLKCYl9cSwH67znDu/view?usp=drivesdk,NIE,0,0,NIE,OCR / konwersja skanu
drive-16dzGVHPOkHmwZs2Dm8oQkt1nSURCdjCz-75921,75921,75921,FALA,75921,Czesci_zamienne_75921.pdf,,Rysunki wybuchowe,16dzGVHPOkHmwZs2Dm8oQkt1nSURCdjCz,https://drive.google.com/file/d/16dzGVHPOkHmwZs2Dm8oQkt1nSURCdjCz/preview,https://drive.google.com/file/d/16dzGVHPOkHmwZs2Dm8oQkt1nSURCdjCz/view?usp=drivesdk,NIE,0,0,NIE,OCR / konwersja skanu
drive-1XGxRAgfcL_B70rFUP-Y9yd184t6rG5JD-75923,75923,75923,FALA,75923,Czesci_zamienne_75923.pdf,,Rysunki wybuchowe,1XGxRAgfcL_B70rFUP-Y9yd184t6rG5JD,https://drive.google.com/file/d/1XGxRAgfcL_B70rFUP-Y9yd184t6rG5JD/preview,https://drive.google.com/file/d/1XGxRAgfcL_B70rFUP-Y9yd184t6rG5JD/view?usp=drivesdk,NIE,0,0,NIE,OCR / konwersja skanu
drive-1TBfmIbFszSwcSdPA09W1F2nwjAV0UDLA-75924,75924,75924,FALA,75924,Czesci_zamienne_75924.pdf,,Rysunki wybuchowe,1TBfmIbFszSwcSdPA09W1F2nwjAV0UDLA,https://drive.google.com/file/d/1TBfmIbFszSwcSdPA09W1F2nwjAV0UDLA/preview,https://drive.google.com/file/d/1TBfmIbFszSwcSdPA09W1F2nwjAV0UDLA/view?usp=drivesdk,NIE,0,0,NIE,OCR / konwersja skanu
drive-1AP4npSkRky_JVwx1wBwfDv_0eCiGhTyJ-75930,75930,75930,FALA,75930,Czesci_zamienne_75930.pdf,,Rysunki wybuchowe,1AP4npSkRky_JVwx1wBwfDv_0eCiGhTyJ,https://drive.google.com/file/d/1AP4npSkRky_JVwx1wBwfDv_0eCiGhTyJ/preview,https://drive.google.com/file/d/1AP4npSkRky_JVwx1wBwfDv_0eCiGhTyJ/view?usp=drivesdk,NIE,0,0,NIE,OCR / konwersja skanu
drive-1jkVQDeydyzWadcK9kmDajwXleQJilGYR-75931,75931,75931,FALA,75931,Czesci_zamienne_75931.pdf,,Rysunki wybuchowe,1jkVQDeydyzWadcK9kmDajwXleQJilGYR,https://drive.google.com/file/d/1jkVQDeydyzWadcK9kmDajwXleQJilGYR/preview,https://drive.google.com/file/d/1jkVQDeydyzWadcK9kmDajwXleQJilGYR/view?usp=drivesdk,NIE,0,0,NIE,OCR / konwersja skanu
drive-1-LSCNHPbULJveE20xVQs6jRJBDMoQ_PZ-75932,75932,75932,FALA,75932,Czesci_zamienne_75932.pdf,,Rysunki wybuchowe,1-LSCNHPbULJveE20xVQs6jRJBDMoQ_PZ,https://drive.google.com/file/d/1-LSCNHPbULJveE20xVQs6jRJBDMoQ_PZ/preview,https://drive.google.com/file/d/1-LSCNHPbULJveE20xVQs6jRJBDMoQ_PZ/view?usp=drivesdk,NIE,0,0,NIE,OCR / konwersja skanu
drive-1MBhnW6YSFWfDs5kxVdNY8kBf8YuDjQVL-75944,75944,75944,FALA,75944,Czesci_zamienne_75944.pdf,,Rysunki wybuchowe,1MBhnW6YSFWfDs5kxVdNY8kBf8YuDjQVL,https://drive.google.com/file/d/1MBhnW6YSFWfDs5kxVdNY8kBf8YuDjQVL/preview,https://drive.google.com/file/d/1MBhnW6YSFWfDs5kxVdNY8kBf8YuDjQVL/view?usp=drivesdk,NIE,0,0,NIE,OCR / konwersja skanu
drive-1I0HLKhpTaZPp6zMNn5pO_L5FpRJOQM5W-75945,75945,75945,FALA,75945,Czesci_zamienne_75945.pdf,,Rysunki wybuchowe,1I0HLKhpTaZPp6zMNn5pO_L5FpRJOQM5W,https://drive.google.com/file/d/1I0HLKhpTaZPp6zMNn5pO_L5FpRJOQM5W/preview,https://drive.google.com/file/d/1I0HLKhpTaZPp6zMNn5pO_L5FpRJOQM5W/view?usp=drivesdk,NIE,0,0,NIE,OCR / konwersja skanu
drive-1FBRE7DNwVfXn0dV2ylpXizpo3DHuQGWi-75951,75951,75951,FALA,75951,Czesci_zamienne_75951.pdf,,Rysunki wybuchowe,1FBRE7DNwVfXn0dV2ylpXizpo3DHuQGWi,https://drive.google.com/file/d/1FBRE7DNwVfXn0dV2ylpXizpo3DHuQGWi/preview,https://drive.google.com/file/d/1FBRE7DNwVfXn0dV2ylpXizpo3DHuQGWi/view?usp=drivesdk,NIE,0,0,NIE,OCR / konwersja skanu
drive-1TD1S3zhWjDbop0H8r7UzhkTczG4TBLE6-75953,75953,75953,FALA,75953,Czesci_zamienne_75953.pdf,,Rysunki wybuchowe,1TD1S3zhWjDbop0H8r7UzhkTczG4TBLE6,https://drive.google.com/file/d/1TD1S3zhWjDbop0H8r7UzhkTczG4TBLE6/preview,https://drive.google.com/file/d/1TD1S3zhWjDbop0H8r7UzhkTczG4TBLE6/view?usp=drivesdk,NIE,0,0,NIE,OCR / konwersja skanu
drive-1sg5sE6kPcnMQBql3RSsj7zPG5RJqdxvo-75977,75977,75977,FALA,75977,Czesci_zamienne_75977.pdf,,Rysunki wybuchowe,1sg5sE6kPcnMQBql3RSsj7zPG5RJqdxvo,https://drive.google.com/file/d/1sg5sE6kPcnMQBql3RSsj7zPG5RJqdxvo/preview,https://drive.google.com/file/d/1sg5sE6kPcnMQBql3RSsj7zPG5RJqdxvo/view?usp=drivesdk,NIE,0,0,NIE,OCR / konwersja skanu
drive-1Esr5ZwQLA-IV_iyq8CJ9y6LLSQZ9IHxa-75978,75978,75978,FALA,75978,Czesci_zamienne_75978.pdf,,Rysunki wybuchowe,1Esr5ZwQLA-IV_iyq8CJ9y6LLSQZ9IHxa,https://drive.google.com/file/d/1Esr5ZwQLA-IV_iyq8CJ9y6LLSQZ9IHxa/preview,https://drive.google.com/file/d/1Esr5ZwQLA-IV_iyq8CJ9y6LLSQZ9IHxa/view?usp=drivesdk,NIE,0,0,NIE,OCR / konwersja skanu
drive-1hfWnQikbWvTZxxBy1OIf3sRadG6bMLD8-75979,75979,75979,FALA,75979,Czesci_zamienne_75979.pdf,,Rysunki wybuchowe,1hfWnQikbWvTZxxBy1OIf3sRadG6bMLD8,https://drive.google.com/file/d/1hfWnQikbWvTZxxBy1OIf3sRadG6bMLD8/preview,https://drive.google.com/file/d/1hfWnQikbWvTZxxBy1OIf3sRadG6bMLD8/view?usp=drivesdk,NIE,0,0,NIE,OCR / konwersja skanu
drive-1F5L52RpXoxuhyIyZfB-SbWcXQZjPw251-75980,75980,75980,FALA,75980,Czesci_zamienne_75980.pdf,,Rysunki wybuchowe,1F5L52RpXoxuhyIyZfB-SbWcXQZjPw251,https://drive.google.com/file/d/1F5L52RpXoxuhyIyZfB-SbWcXQZjPw251/preview,https://drive.google.com/file/d/1F5L52RpXoxuhyIyZfB-SbWcXQZjPw251/view?usp=drivesdk,NIE,0,0,NIE,OCR / konwersja skanu
drive-1u6oTw-alkWrEcsZqOj6o2YDmF95wrDcf-75981,75981,75981,FALA,75981,Czesci_zamienne_75981.pdf,,Rysunki wybuchowe,1u6oTw-alkWrEcsZqOj6o2YDmF95wrDcf,https://drive.google.com/file/d/1u6oTw-alkWrEcsZqOj6o2YDmF95wrDcf/preview,https://drive.google.com/file/d/1u6oTw-alkWrEcsZqOj6o2YDmF95wrDcf/view?usp=drivesdk,NIE,0,0,NIE,OCR / konwersja skanu
drive-1pHg2aNnZX6tpfhRAHw4vTvHFmxRifYk2-75982,75982,75982,FALA,75982,Czesci_zamienne_75982.pdf,,Rysunki wybuchowe,1pHg2aNnZX6tpfhRAHw4vTvHFmxRifYk2,https://drive.google.com/file/d/1pHg2aNnZX6tpfhRAHw4vTvHFmxRifYk2/preview,https://drive.google.com/file/d/1pHg2aNnZX6tpfhRAHw4vTvHFmxRifYk2/view?usp=drivesdk,NIE,0,0,NIE,OCR / konwersja skanu
drive-1PO9Hyf9MGK0hfUksgqHCo9sTCsiJcId2-75983,75983,75983,FALA,75983,Czesci_zamienne_75983.pdf,,Rysunki wybuchowe,1PO9Hyf9MGK0hfUksgqHCo9sTCsiJcId2,https://drive.google.com/file/d/1PO9Hyf9MGK0hfUksgqHCo9sTCsiJcId2/preview,https://drive.google.com/file/d/1PO9Hyf9MGK0hfUksgqHCo9sTCsiJcId2/view?usp=drivesdk,NIE,0,0,NIE,OCR / konwersja skanu
drive-1ireSF2ZP9l0Qi3u_eiwBNPryUGic1ko7-75984,75984,75984,FALA,75984,Czesci_zamienne_75984.pdf,,Rysunki wybuchowe,1ireSF2ZP9l0Qi3u_eiwBNPryUGic1ko7,https://drive.google.com/file/d/1ireSF2ZP9l0Qi3u_eiwBNPryUGic1ko7/preview,https://drive.google.com/file/d/1ireSF2ZP9l0Qi3u_eiwBNPryUGic1ko7/view?usp=drivesdk,NIE,0,0,NIE,OCR / konwersja skanu
drive-1E9BxLTaqHMDjzqSItlyBAWx4aw1V0w6G-79410,79410,79410,FLO,79410,Czesci_zamienne_79410.pdf,,Rysunki wybuchowe,1E9BxLTaqHMDjzqSItlyBAWx4aw1V0w6G,https://drive.google.com/file/d/1E9BxLTaqHMDjzqSItlyBAWx4aw1V0w6G/preview,https://drive.google.com/file/d/1E9BxLTaqHMDjzqSItlyBAWx4aw1V0w6G/view?usp=drivesdk,NIE,0,0,NIE,OCR / konwersja skanu
drive-1xrAhK5QF5-YW4eeO9lONU6-Bz2jkrSTW-79413,79413,79413,FLO,79413,Czesci_zamienne_79413.pdf,,Rysunki wybuchowe,1xrAhK5QF5-YW4eeO9lONU6-Bz2jkrSTW,https://drive.google.com/file/d/1xrAhK5QF5-YW4eeO9lONU6-Bz2jkrSTW/preview,https://drive.google.com/file/d/1xrAhK5QF5-YW4eeO9lONU6-Bz2jkrSTW/view?usp=drivesdk,NIE,0,0,NIE,OCR / konwersja skanu
drive-1ULnYr6XzoC6rn3hsBlVH_kHTlJaHQcQV-79415,79415,79415,FLO,79415,Czesci_zamienne_79415.pdf,,Rysunki wybuchowe,1ULnYr6XzoC6rn3hsBlVH_kHTlJaHQcQV,https://drive.google.com/file/d/1ULnYr6XzoC6rn3hsBlVH_kHTlJaHQcQV/preview,https://drive.google.com/file/d/1ULnYr6XzoC6rn3hsBlVH_kHTlJaHQcQV/view?usp=drivesdk,NIE,0,0,NIE,OCR / konwersja skanu
drive-15Fu2WKccqb9BIdekxqzxd0IfhVftSoIn-79416,79416,79416,FLO,79416,Czesci_zamienne_79416.pdf,,Rysunki wybuchowe,15Fu2WKccqb9BIdekxqzxd0IfhVftSoIn,https://drive.google.com/file/d/15Fu2WKccqb9BIdekxqzxd0IfhVftSoIn/preview,https://drive.google.com/file/d/15Fu2WKccqb9BIdekxqzxd0IfhVftSoIn/view?usp=drivesdk,NIE,0,0,NIE,OCR / konwersja skanu
drive-1bQwbvkQve6FX_LGMtnSLASCXOnFdp8PE-79420,79420,79420,FLO,79420,Czesci_zamienne_79420.pdf,,Rysunki wybuchowe,1bQwbvkQve6FX_LGMtnSLASCXOnFdp8PE,https://drive.google.com/file/d/1bQwbvkQve6FX_LGMtnSLASCXOnFdp8PE/preview,https://drive.google.com/file/d/1bQwbvkQve6FX_LGMtnSLASCXOnFdp8PE/view?usp=drivesdk,NIE,0,0,NIE,OCR / konwersja skanu
drive-1Cp5EHgyph5M7lP2NUrrAPUYOSVLyGDc--79442,79442,79442,FLO,79442,Czesci_zamienne_79442.pdf,,Rysunki wybuchowe,1Cp5EHgyph5M7lP2NUrrAPUYOSVLyGDc-,https://drive.google.com/file/d/1Cp5EHgyph5M7lP2NUrrAPUYOSVLyGDc-/preview,https://drive.google.com/file/d/1Cp5EHgyph5M7lP2NUrrAPUYOSVLyGDc-/view?usp=drivesdk,NIE,0,0,NIE,OCR / konwersja skanu
drive-1CxogqD5EF7cbK9U3UHP8CS2eK0C5doOH-79448,79448,79448,FLO,79448,Czesci_zamienne_79448.pdf,,Rysunki wybuchowe,1CxogqD5EF7cbK9U3UHP8CS2eK0C5doOH,https://drive.google.com/file/d/1CxogqD5EF7cbK9U3UHP8CS2eK0C5doOH/preview,https://drive.google.com/file/d/1CxogqD5EF7cbK9U3UHP8CS2eK0C5doOH/view?usp=drivesdk,NIE,0,0,NIE,OCR / konwersja skanu
drive-1VeXLlB-EcMdEkVppp-r_BQMZWFYZzjpe-79456,79456,79456,FLO,79456,Czesci_zamienne_79456.pdf,,Rysunki wybuchowe,1VeXLlB-EcMdEkVppp-r_BQMZWFYZzjpe,https://drive.google.com/file/d/1VeXLlB-EcMdEkVppp-r_BQMZWFYZzjpe/preview,https://drive.google.com/file/d/1VeXLlB-EcMdEkVppp-r_BQMZWFYZzjpe/view?usp=drivesdk,NIE,0,0,NIE,OCR / konwersja skanu
drive-1hl9krHukNLE3RVliQlT6yVHRhNFUul3c-79473,79473,79473,FLO,79473,Czesci_zamienne_79473.pdf,,Rysunki wybuchowe,1hl9krHukNLE3RVliQlT6yVHRhNFUul3c,https://drive.google.com/file/d/1hl9krHukNLE3RVliQlT6yVHRhNFUul3c/preview,https://drive.google.com/file/d/1hl9krHukNLE3RVliQlT6yVHRhNFUul3c/view?usp=drivesdk,NIE,0,0,NIE,OCR / konwersja skanu
drive-1Htw1eeObgKaQ6DxfRqnBy3A3303MBRE5-79474,79474,79474,FLO,79474,Czesci_zamienne_79474.pdf,,Rysunki wybuchowe,1Htw1eeObgKaQ6DxfRqnBy3A3303MBRE5,https://drive.google.com/file/d/1Htw1eeObgKaQ6DxfRqnBy3A3303MBRE5/preview,https://drive.google.com/file/d/1Htw1eeObgKaQ6DxfRqnBy3A3303MBRE5/view?usp=drivesdk,NIE,0,0,NIE,OCR / konwersja skanu
drive-1Zy1lTUqRWOsRcn-HjJhkC_riKOItfiFR-79475,79475,79475,FLO,79475,Czesci_zamienne_79475.pdf,,Rysunki wybuchowe,1Zy1lTUqRWOsRcn-HjJhkC_riKOItfiFR,https://drive.google.com/file/d/1Zy1lTUqRWOsRcn-HjJhkC_riKOItfiFR/preview,https://drive.google.com/file/d/1Zy1lTUqRWOsRcn-HjJhkC_riKOItfiFR/view?usp=drivesdk,NIE,0,0,NIE,OCR / konwersja skanu
drive-1Qfj3gccwq4ZQSc3GUQhl2xiZDM6sinab-79476,79476,79476,FLO,79476,Czesci_zamienne_79476.pdf,,Rysunki wybuchowe,1Qfj3gccwq4ZQSc3GUQhl2xiZDM6sinab,https://drive.google.com/file/d/1Qfj3gccwq4ZQSc3GUQhl2xiZDM6sinab/preview,https://drive.google.com/file/d/1Qfj3gccwq4ZQSc3GUQhl2xiZDM6sinab/view?usp=drivesdk,NIE,0,0,NIE,OCR / konwersja skanu
drive-1n9MqSPSgDhm7yueR4VVHYYhiXnoJe7Fh-79477,79477,79477,FLO,79477,Czesci_zamienne_79477.pdf,,Rysunki wybuchowe,1n9MqSPSgDhm7yueR4VVHYYhiXnoJe7Fh,https://drive.google.com/file/d/1n9MqSPSgDhm7yueR4VVHYYhiXnoJe7Fh/preview,https://drive.google.com/file/d/1n9MqSPSgDhm7yueR4VVHYYhiXnoJe7Fh/view?usp=drivesdk,NIE,0,0,NIE,OCR / konwersja skanu
drive-1yKiRRS4Fsb3GkRb3hC920FR1Or8qEDKh-79478,79478,79478,FLO,79478,Czesci_zamienne_79478.pdf,,Rysunki wybuchowe,1yKiRRS4Fsb3GkRb3hC920FR1Or8qEDKh,https://drive.google.com/file/d/1yKiRRS4Fsb3GkRb3hC920FR1Or8qEDKh/preview,https://drive.google.com/file/d/1yKiRRS4Fsb3GkRb3hC920FR1Or8qEDKh/view?usp=drivesdk,NIE,0,0,NIE,OCR / konwersja skanu
drive-14ftwGyWPhL6e4w_C1mESAMU3W4U2qiYH-79479,79479,79479,FLO,79479,Czesci_zamienne_79479.pdf,,Rysunki wybuchowe,14ftwGyWPhL6e4w_C1mESAMU3W4U2qiYH,https://drive.google.com/file/d/14ftwGyWPhL6e4w_C1mESAMU3W4U2qiYH/preview,https://drive.google.com/file/d/14ftwGyWPhL6e4w_C1mESAMU3W4U2qiYH/view?usp=drivesdk,NIE,0,0,NIE,OCR / konwersja skanu
drive-1DTrlNG7y0ycvw3mAwXk65eFJFTOKTq7J-79481,79481,79481,FLO,79481,Czesci_zamienne_79481.pdf,,Rysunki wybuchowe,1DTrlNG7y0ycvw3mAwXk65eFJFTOKTq7J,https://drive.google.com/file/d/1DTrlNG7y0ycvw3mAwXk65eFJFTOKTq7J/preview,https://drive.google.com/file/d/1DTrlNG7y0ycvw3mAwXk65eFJFTOKTq7J/view?usp=drivesdk,NIE,0,0,NIE,OCR / konwersja skanu
drive-1_ucLohX-tvAcoOnbK4KlWhipxvfx4cKg-79482,79482,79482,FLO,79482,Czesci_zamienne_79482.pdf,,Rysunki wybuchowe,1_ucLohX-tvAcoOnbK4KlWhipxvfx4cKg,https://drive.google.com/file/d/1_ucLohX-tvAcoOnbK4KlWhipxvfx4cKg/preview,https://drive.google.com/file/d/1_ucLohX-tvAcoOnbK4KlWhipxvfx4cKg/view?usp=drivesdk,NIE,0,0,NIE,OCR / konwersja skanu
drive-1k1Z3KpTng7K8qnMWEqVSh62KNCOnEmZa-79484,79484,79484,FLO,79484,Czesci_zamienne_79484.pdf,,Rysunki wybuchowe,1k1Z3KpTng7K8qnMWEqVSh62KNCOnEmZa,https://drive.google.com/file/d/1k1Z3KpTng7K8qnMWEqVSh62KNCOnEmZa/preview,https://drive.google.com/file/d/1k1Z3KpTng7K8qnMWEqVSh62KNCOnEmZa/view?usp=drivesdk,NIE,0,0,NIE,OCR / konwersja skanu
drive-1ewlH798OFiFFFyebLpU1hfvC8ZH57VzF-79487,79487,79487,FLO,79487,Czesci_zamienne_79487.pdf,,Rysunki wybuchowe,1ewlH798OFiFFFyebLpU1hfvC8ZH57VzF,https://drive.google.com/file/d/1ewlH798OFiFFFyebLpU1hfvC8ZH57VzF/preview,https://drive.google.com/file/d/1ewlH798OFiFFFyebLpU1hfvC8ZH57VzF/view?usp=drivesdk,NIE,0,0,NIE,OCR / konwersja skanu
drive-1fWpbgqkMtWXdvlknZMES0MyAjmvyp7Ss-79493,79493,79493,FLO,79493,Czesci_zamienne_79493.pdf,,Rysunki wybuchowe,1fWpbgqkMtWXdvlknZMES0MyAjmvyp7Ss,https://drive.google.com/file/d/1fWpbgqkMtWXdvlknZMES0MyAjmvyp7Ss/preview,https://drive.google.com/file/d/1fWpbgqkMtWXdvlknZMES0MyAjmvyp7Ss/view?usp=drivesdk,NIE,0,0,NIE,OCR / konwersja skanu
drive-1XniPEjzzU1azP3O9x2UbKnw3NL5YT4GJ-89610,89610,89610,FLO,89610,Czesci_zamienne_89610.pdf,,Rysunki wybuchowe,1XniPEjzzU1azP3O9x2UbKnw3NL5YT4GJ,https://drive.google.com/file/d/1XniPEjzzU1azP3O9x2UbKnw3NL5YT4GJ/preview,https://drive.google.com/file/d/1XniPEjzzU1azP3O9x2UbKnw3NL5YT4GJ/view?usp=drivesdk,NIE,0,0,NIE,OCR / konwersja skanu
drive-1TNhVKzYFHwTWdiYpWqmBI1un73Kru6FM-89611,89611,89611,FLO,89611,Czesci_zamienne_89611.pdf,,Rysunki wybuchowe,1TNhVKzYFHwTWdiYpWqmBI1un73Kru6FM,https://drive.google.com/file/d/1TNhVKzYFHwTWdiYpWqmBI1un73Kru6FM/preview,https://drive.google.com/file/d/1TNhVKzYFHwTWdiYpWqmBI1un73Kru6FM/view?usp=drivesdk,NIE,0,0,NIE,OCR / konwersja skanu
drive-1xgcDNcn79EJMvpvY5X6bL6IltMM3mqbA-66841,66841,66841,LUND,66841,Czesci_zamienne_66841.pdf,,Rysunki wybuchowe,1xgcDNcn79EJMvpvY5X6bL6IltMM3mqbA,https://drive.google.com/file/d/1xgcDNcn79EJMvpvY5X6bL6IltMM3mqbA/preview,https://drive.google.com/file/d/1xgcDNcn79EJMvpvY5X6bL6IltMM3mqbA/view?usp=drivesdk,NIE,0,0,NIE,OCR / konwersja skanu
drive-1iq1gaWAa_96oN-42tAYWEa96d5tfwehh-66842,66842,66842,LUND,66842,Czesci_zamienne_66842.pdf,,Rysunki wybuchowe,1iq1gaWAa_96oN-42tAYWEa96d5tfwehh,https://drive.google.com/file/d/1iq1gaWAa_96oN-42tAYWEa96d5tfwehh/preview,https://drive.google.com/file/d/1iq1gaWAa_96oN-42tAYWEa96d5tfwehh/view?usp=drivesdk,NIE,0,0,NIE,OCR / konwersja skanu
drive-1pv4v9x5dqIic2uNdH5j3U8NHUYQw9KW9-66930,66930,66930,LUND,66930,Czesci_zamienne_66930.pdf,,Rysunki wybuchowe,1pv4v9x5dqIic2uNdH5j3U8NHUYQw9KW9,https://drive.google.com/file/d/1pv4v9x5dqIic2uNdH5j3U8NHUYQw9KW9/preview,https://drive.google.com/file/d/1pv4v9x5dqIic2uNdH5j3U8NHUYQw9KW9/view?usp=drivesdk,NIE,0,0,NIE,OCR / konwersja skanu
drive-1L0AX6fm3QmjQ6V9twk4pUKPJ7myX3mkR-66932,66932,66932,LUND,66932,Czesci_zamienne_66932.pdf,,Rysunki wybuchowe,1L0AX6fm3QmjQ6V9twk4pUKPJ7myX3mkR,https://drive.google.com/file/d/1L0AX6fm3QmjQ6V9twk4pUKPJ7myX3mkR/preview,https://drive.google.com/file/d/1L0AX6fm3QmjQ6V9twk4pUKPJ7myX3mkR/view?usp=drivesdk,NIE,0,0,NIE,OCR / konwersja skanu
drive-1fqCeZsLhMXTZUVciY_38lXzyVy9mWARr-66934,66934,66934,LUND,66934,Czesci_zamienne_66934.pdf,,Rysunki wybuchowe,1fqCeZsLhMXTZUVciY_38lXzyVy9mWARr,https://drive.google.com/file/d/1fqCeZsLhMXTZUVciY_38lXzyVy9mWARr/preview,https://drive.google.com/file/d/1fqCeZsLhMXTZUVciY_38lXzyVy9mWARr/view?usp=drivesdk,NIE,0,0,NIE,OCR / konwersja skanu
drive-1uhaX527zQXfyaObltYMsMsvLOuSGs840-66936,66936,66936,LUND,66936,Czesci_zamienne_66936.pdf,,Rysunki wybuchowe,1uhaX527zQXfyaObltYMsMsvLOuSGs840,https://drive.google.com/file/d/1uhaX527zQXfyaObltYMsMsvLOuSGs840/preview,https://drive.google.com/file/d/1uhaX527zQXfyaObltYMsMsvLOuSGs840/view?usp=drivesdk,NIE,0,0,NIE,OCR / konwersja skanu
drive-19JjxFxnDLYuIk1NbGuJbQAW3PPCdsQYm-66940,66940,66940,LUND,66940,Czesci_zamienne_66940.pdf,,Rysunki wybuchowe,19JjxFxnDLYuIk1NbGuJbQAW3PPCdsQYm,https://drive.google.com/file/d/19JjxFxnDLYuIk1NbGuJbQAW3PPCdsQYm/preview,https://drive.google.com/file/d/19JjxFxnDLYuIk1NbGuJbQAW3PPCdsQYm/view?usp=drivesdk,NIE,0,0,NIE,OCR / konwersja skanu
drive-15vWhtzFDm3ySW1shw3PLRCxBHXBYB4PK-66950,66950,66950,LUND,66950,Czesci_zamienne_66950.pdf,,Rysunki wybuchowe,15vWhtzFDm3ySW1shw3PLRCxBHXBYB4PK,https://drive.google.com/file/d/15vWhtzFDm3ySW1shw3PLRCxBHXBYB4PK/preview,https://drive.google.com/file/d/15vWhtzFDm3ySW1shw3PLRCxBHXBYB4PK/view?usp=drivesdk,NIE,0,0,NIE,OCR / konwersja skanu
drive-19vXAwB4N_7ZCyoXn5Ds3bqDr4ZD8KZzq-67026,67026,67026,LUND,67026,Czesci_zamienne_67026.pdf,,Rysunki wybuchowe,19vXAwB4N_7ZCyoXn5Ds3bqDr4ZD8KZzq,https://drive.google.com/file/d/19vXAwB4N_7ZCyoXn5Ds3bqDr4ZD8KZzq/preview,https://drive.google.com/file/d/19vXAwB4N_7ZCyoXn5Ds3bqDr4ZD8KZzq/view?usp=drivesdk,NIE,0,0,NIE,OCR / konwersja skanu
drive-1bNeDN9j0wxqLaPp82XaSTJEDj6rqQzs3-67032,67032,67032,LUND,67032,Czesci_zamienne_67032.pdf,,Rysunki wybuchowe,1bNeDN9j0wxqLaPp82XaSTJEDj6rqQzs3,https://drive.google.com/file/d/1bNeDN9j0wxqLaPp82XaSTJEDj6rqQzs3/preview,https://drive.google.com/file/d/1bNeDN9j0wxqLaPp82XaSTJEDj6rqQzs3/view?usp=drivesdk,NIE,0,0,NIE,OCR / konwersja skanu
drive-1jdo0kJQvoONEiBl8F0uURd4cRrE6Rp9a-67033,67033,67033,LUND,67033,Czesci_zamienne_67033.pdf,,Rysunki wybuchowe,1jdo0kJQvoONEiBl8F0uURd4cRrE6Rp9a,https://drive.google.com/file/d/1jdo0kJQvoONEiBl8F0uURd4cRrE6Rp9a/preview,https://drive.google.com/file/d/1jdo0kJQvoONEiBl8F0uURd4cRrE6Rp9a/view?usp=drivesdk,NIE,0,0,NIE,OCR / konwersja skanu
drive-1Tie2PNeQSfDNL44ymrVTpHSTX9ibE9Bn-67034,67034,67034,LUND,67034,Czesci_zamienne_67034.pdf,,Rysunki wybuchowe,1Tie2PNeQSfDNL44ymrVTpHSTX9ibE9Bn,https://drive.google.com/file/d/1Tie2PNeQSfDNL44ymrVTpHSTX9ibE9Bn/preview,https://drive.google.com/file/d/1Tie2PNeQSfDNL44ymrVTpHSTX9ibE9Bn/view?usp=drivesdk,NIE,0,0,NIE,OCR / konwersja skanu
drive-14WCUhH1H_KPdEA7loRkMULL5ky81RfjS-67090,67090,67090,LUND,67090,Czesci_zamienne_67090.pdf,,Rysunki wybuchowe,14WCUhH1H_KPdEA7loRkMULL5ky81RfjS,https://drive.google.com/file/d/14WCUhH1H_KPdEA7loRkMULL5ky81RfjS/preview,https://drive.google.com/file/d/14WCUhH1H_KPdEA7loRkMULL5ky81RfjS/view?usp=drivesdk,NIE,0,0,NIE,OCR / konwersja skanu
drive-1TEVNQLD2nBlq59C8ifhx4CCY6dAm9KHV-67091,67091,67091,LUND,67091,Czesci_zamienne_67091.pdf,,Rysunki wybuchowe,1TEVNQLD2nBlq59C8ifhx4CCY6dAm9KHV,https://drive.google.com/file/d/1TEVNQLD2nBlq59C8ifhx4CCY6dAm9KHV/preview,https://drive.google.com/file/d/1TEVNQLD2nBlq59C8ifhx4CCY6dAm9KHV/view?usp=drivesdk,NIE,0,0,NIE,OCR / konwersja skanu
drive-17yqyOAsQzQibGCNYcZ6cJ6VAWBPaBTGb-67092,67092,67092,LUND,67092,Czesci_zamienne_67092.pdf,,Rysunki wybuchowe,17yqyOAsQzQibGCNYcZ6cJ6VAWBPaBTGb,https://drive.google.com/file/d/17yqyOAsQzQibGCNYcZ6cJ6VAWBPaBTGb/preview,https://drive.google.com/file/d/17yqyOAsQzQibGCNYcZ6cJ6VAWBPaBTGb/view?usp=drivesdk,NIE,0,0,NIE,OCR / konwersja skanu
drive-1Bls_G_AkABNpeTVRY_thcuuQS8m_tPQo-67110,67110,67110,LUND,67110,Czesci_zamienne_67110.pdf,,Rysunki wybuchowe,1Bls_G_AkABNpeTVRY_thcuuQS8m_tPQo,https://drive.google.com/file/d/1Bls_G_AkABNpeTVRY_thcuuQS8m_tPQo/preview,https://drive.google.com/file/d/1Bls_G_AkABNpeTVRY_thcuuQS8m_tPQo/view?usp=drivesdk,NIE,0,0,NIE,OCR / konwersja skanu
drive-1ktJ7KmlxDQS5XQQA7VunY2_Oro5clMdQ-67111,67111,67111,LUND,67111,Czesci_zamienne_67111.pdf,,Rysunki wybuchowe,1ktJ7KmlxDQS5XQQA7VunY2_Oro5clMdQ,https://drive.google.com/file/d/1ktJ7KmlxDQS5XQQA7VunY2_Oro5clMdQ/preview,https://drive.google.com/file/d/1ktJ7KmlxDQS5XQQA7VunY2_Oro5clMdQ/view?usp=drivesdk,NIE,0,0,NIE,OCR / konwersja skanu
drive-1opQ0Jboga9vrY3dfCMoy7KRI83l3Y82O-67112,67112,67112,LUND,67112,Czesci_zamienne_67112.pdf,,Rysunki wybuchowe,1opQ0Jboga9vrY3dfCMoy7KRI83l3Y82O,https://drive.google.com/file/d/1opQ0Jboga9vrY3dfCMoy7KRI83l3Y82O/preview,https://drive.google.com/file/d/1opQ0Jboga9vrY3dfCMoy7KRI83l3Y82O/view?usp=drivesdk,NIE,0,0,NIE,OCR / konwersja skanu
drive-1dVIGzYk4NPHLfogE4yIMQNAYo839Fxm7-67113,67113,67113,LUND,67113,Czesci_zamienne_67113.pdf,,Rysunki wybuchowe,1dVIGzYk4NPHLfogE4yIMQNAYo839Fxm7,https://drive.google.com/file/d/1dVIGzYk4NPHLfogE4yIMQNAYo839Fxm7/preview,https://drive.google.com/file/d/1dVIGzYk4NPHLfogE4yIMQNAYo839Fxm7/view?usp=drivesdk,NIE,0,0,NIE,OCR / konwersja skanu
drive-1kziacb43TsXzvpQWXUwY8wE0HP2JSFK5-67120,67120,67120,LUND,67120,Czesci_zamienne_67120.pdf,,Rysunki wybuchowe,1kziacb43TsXzvpQWXUwY8wE0HP2JSFK5,https://drive.google.com/file/d/1kziacb43TsXzvpQWXUwY8wE0HP2JSFK5/preview,https://drive.google.com/file/d/1kziacb43TsXzvpQWXUwY8wE0HP2JSFK5/view?usp=drivesdk,NIE,0,0,NIE,OCR / konwersja skanu
drive-1wobCpeyb2fEkwk0TVYbKWMlTKWrNhroZ-67121,67121,67121,LUND,67121,Czesci_zamienne_67121.pdf,,Rysunki wybuchowe,1wobCpeyb2fEkwk0TVYbKWMlTKWrNhroZ,https://drive.google.com/file/d/1wobCpeyb2fEkwk0TVYbKWMlTKWrNhroZ/preview,https://drive.google.com/file/d/1wobCpeyb2fEkwk0TVYbKWMlTKWrNhroZ/view?usp=drivesdk,NIE,0,0,NIE,OCR / konwersja skanu
drive-1I9MZzQQnxW70O6pUcNDMjqYgdxz-BsTB-67125,67125,67125,LUND,67125,Czesci_zamienne_67125.pdf,,Rysunki wybuchowe,1I9MZzQQnxW70O6pUcNDMjqYgdxz-BsTB,https://drive.google.com/file/d/1I9MZzQQnxW70O6pUcNDMjqYgdxz-BsTB/preview,https://drive.google.com/file/d/1I9MZzQQnxW70O6pUcNDMjqYgdxz-BsTB/view?usp=drivesdk,NIE,0,0,NIE,OCR / konwersja skanu
drive-1Tjg50-gsmQzJas0WRUTRIhyDJEHJFSdc-67180,67180,67180,LUND,67180,Czesci_zamienne_67180.pdf,,Rysunki wybuchowe,1Tjg50-gsmQzJas0WRUTRIhyDJEHJFSdc,https://drive.google.com/file/d/1Tjg50-gsmQzJas0WRUTRIhyDJEHJFSdc/preview,https://drive.google.com/file/d/1Tjg50-gsmQzJas0WRUTRIhyDJEHJFSdc/view?usp=drivesdk,NIE,0,0,NIE,OCR / konwersja skanu
drive-1qvlK8vbXl1IEiaZ9juThIyEklwp6SZ93-67200,67200,67200,LUND,67200,Czesci_zamienne_67200.pdf,,Rysunki wybuchowe,1qvlK8vbXl1IEiaZ9juThIyEklwp6SZ93,https://drive.google.com/file/d/1qvlK8vbXl1IEiaZ9juThIyEklwp6SZ93/preview,https://drive.google.com/file/d/1qvlK8vbXl1IEiaZ9juThIyEklwp6SZ93/view?usp=drivesdk,NIE,0,0,NIE,OCR / konwersja skanu
drive-10ZpYB3RRu0DnHXRTA6IxUTJoWDzy1ek3-67201,67201,67201,LUND,67201,Czesci_zamienne_67201.pdf,,Rysunki wybuchowe,10ZpYB3RRu0DnHXRTA6IxUTJoWDzy1ek3,https://drive.google.com/file/d/10ZpYB3RRu0DnHXRTA6IxUTJoWDzy1ek3/preview,https://drive.google.com/file/d/10ZpYB3RRu0DnHXRTA6IxUTJoWDzy1ek3/view?usp=drivesdk,NIE,0,0,NIE,OCR / konwersja skanu
drive-1mrPc40HKLqOT_u0gsDC66IZMqnRrcllI-67220,67220,67220,LUND,67220,Czesci_zamienne_67220.pdf,,Rysunki wybuchowe,1mrPc40HKLqOT_u0gsDC66IZMqnRrcllI,https://drive.google.com/file/d/1mrPc40HKLqOT_u0gsDC66IZMqnRrcllI/preview,https://drive.google.com/file/d/1mrPc40HKLqOT_u0gsDC66IZMqnRrcllI/view?usp=drivesdk,NIE,0,0,NIE,OCR / konwersja skanu
drive-1lOIm0ASXmk37_ILBcABDvhJh0dlGEVcY-67221,67221,67221,LUND,67221,Czesci_zamienne_67221.pdf,,Rysunki wybuchowe,1lOIm0ASXmk37_ILBcABDvhJh0dlGEVcY,https://drive.google.com/file/d/1lOIm0ASXmk37_ILBcABDvhJh0dlGEVcY/preview,https://drive.google.com/file/d/1lOIm0ASXmk37_ILBcABDvhJh0dlGEVcY/view?usp=drivesdk,NIE,0,0,NIE,OCR / konwersja skanu
drive-1LdOkwP3oc-d4DWlDmSUdAu09ApyQIqT4-67230,67230,67230,LUND,67230,Czesci_zamienne_67230.pdf,,Rysunki wybuchowe,1LdOkwP3oc-d4DWlDmSUdAu09ApyQIqT4,https://drive.google.com/file/d/1LdOkwP3oc-d4DWlDmSUdAu09ApyQIqT4/preview,https://drive.google.com/file/d/1LdOkwP3oc-d4DWlDmSUdAu09ApyQIqT4/view?usp=drivesdk,NIE,0,0,NIE,OCR / konwersja skanu
drive-1Z3nO2n4ruU2hwWFOerRibzEneLvvP8N2-67231,67231,67231,LUND,67231,Czesci_zamienne_67231.pdf,,Rysunki wybuchowe,1Z3nO2n4ruU2hwWFOerRibzEneLvvP8N2,https://drive.google.com/file/d/1Z3nO2n4ruU2hwWFOerRibzEneLvvP8N2/preview,https://drive.google.com/file/d/1Z3nO2n4ruU2hwWFOerRibzEneLvvP8N2/view?usp=drivesdk,NIE,0,0,NIE,OCR / konwersja skanu
drive-1__fgv7vSlq97m5YZV2Lp_nHMxJYLl7Er-67292,67292,67292,LUND,67292,Czesci_zamienne_67292.pdf,,Rysunki wybuchowe,1__fgv7vSlq97m5YZV2Lp_nHMxJYLl7Er,https://drive.google.com/file/d/1__fgv7vSlq97m5YZV2Lp_nHMxJYLl7Er/preview,https://drive.google.com/file/d/1__fgv7vSlq97m5YZV2Lp_nHMxJYLl7Er/view?usp=drivesdk,NIE,0,0,NIE,OCR / konwersja skanu
drive-10twZS_cA4zlwgCNqYDFYROtsP98VTR8k-67293,67293,67293,LUND,67293,Czesci_zamienne_67293.pdf,,Rysunki wybuchowe,10twZS_cA4zlwgCNqYDFYROtsP98VTR8k,https://drive.google.com/file/d/10twZS_cA4zlwgCNqYDFYROtsP98VTR8k/preview,https://drive.google.com/file/d/10twZS_cA4zlwgCNqYDFYROtsP98VTR8k/view?usp=drivesdk,NIE,0,0,NIE,OCR / konwersja skanu
drive-1x1USizZGfpydDrV6T4tULLQKhxMbN22h-67420,67420,67420,LUND,67420,Czesci_zamienne_67420.pdf,,Rysunki wybuchowe,1x1USizZGfpydDrV6T4tULLQKhxMbN22h,https://drive.google.com/file/d/1x1USizZGfpydDrV6T4tULLQKhxMbN22h/preview,https://drive.google.com/file/d/1x1USizZGfpydDrV6T4tULLQKhxMbN22h/view?usp=drivesdk,NIE,0,0,NIE,OCR / konwersja skanu
drive-1TrckZn5ZFmka8PjN5t4XVOjgtkUKKf-C-67422,67422,67422,LUND,67422,Czesci_zamienne_67422.pdf,,Rysunki wybuchowe,1TrckZn5ZFmka8PjN5t4XVOjgtkUKKf-C,https://drive.google.com/file/d/1TrckZn5ZFmka8PjN5t4XVOjgtkUKKf-C/preview,https://drive.google.com/file/d/1TrckZn5ZFmka8PjN5t4XVOjgtkUKKf-C/view?usp=drivesdk,NIE,0,0,NIE,OCR / konwersja skanu
drive-1RikedlfhILHopXQikmR3DZSC2137TBbU-67423,67423,67423,LUND,67423,Czesci_zamienne_67423.pdf,,Rysunki wybuchowe,1RikedlfhILHopXQikmR3DZSC2137TBbU,https://drive.google.com/file/d/1RikedlfhILHopXQikmR3DZSC2137TBbU/preview,https://drive.google.com/file/d/1RikedlfhILHopXQikmR3DZSC2137TBbU/view?usp=drivesdk,NIE,0,0,NIE,OCR / konwersja skanu
drive-16qAkCkxwMp0OhjmfwwTLel-XTtLlTmf5-67424,67424,67424,LUND,67424,Czesci_zamienne_67424.pdf,,Rysunki wybuchowe,16qAkCkxwMp0OhjmfwwTLel-XTtLlTmf5,https://drive.google.com/file/d/16qAkCkxwMp0OhjmfwwTLel-XTtLlTmf5/preview,https://drive.google.com/file/d/16qAkCkxwMp0OhjmfwwTLel-XTtLlTmf5/view?usp=drivesdk,NIE,0,0,NIE,OCR / konwersja skanu
drive-1ElhfEiWY8sjbRg48glvt7gBddg4zsPHT-67450,67450,67450,LUND,67450,Czesci_zamienne_67450.pdf,,Rysunki wybuchowe,1ElhfEiWY8sjbRg48glvt7gBddg4zsPHT,https://drive.google.com/file/d/1ElhfEiWY8sjbRg48glvt7gBddg4zsPHT/preview,https://drive.google.com/file/d/1ElhfEiWY8sjbRg48glvt7gBddg4zsPHT/view?usp=drivesdk,NIE,0,0,NIE,OCR / konwersja skanu
drive-1CHuaVDlHEtICS35co8zE86qOuqyJUgY5-67451,67451,67451,LUND,67451,Czesci_zamienne_67451.pdf,,Rysunki wybuchowe,1CHuaVDlHEtICS35co8zE86qOuqyJUgY5,https://drive.google.com/file/d/1CHuaVDlHEtICS35co8zE86qOuqyJUgY5/preview,https://drive.google.com/file/d/1CHuaVDlHEtICS35co8zE86qOuqyJUgY5/view?usp=drivesdk,NIE,0,0,NIE,OCR / konwersja skanu
drive-1NaxUTvQNijcsNu4g7E0ZcJ-vdGM-wJXb-67453,67453,67453,LUND,67453,Czesci_zamienne_67453.pdf,,Rysunki wybuchowe,1NaxUTvQNijcsNu4g7E0ZcJ-vdGM-wJXb,https://drive.google.com/file/d/1NaxUTvQNijcsNu4g7E0ZcJ-vdGM-wJXb/preview,https://drive.google.com/file/d/1NaxUTvQNijcsNu4g7E0ZcJ-vdGM-wJXb/view?usp=drivesdk,NIE,0,0,NIE,OCR / konwersja skanu
drive-1CPd1eDTK4dXDYoxm8n5qJ4RGQ9eLOJOy-67455,67455,67455,LUND,67455,Czesci_zamienne_67455.pdf,,Rysunki wybuchowe,1CPd1eDTK4dXDYoxm8n5qJ4RGQ9eLOJOy,https://drive.google.com/file/d/1CPd1eDTK4dXDYoxm8n5qJ4RGQ9eLOJOy/preview,https://drive.google.com/file/d/1CPd1eDTK4dXDYoxm8n5qJ4RGQ9eLOJOy/view?usp=drivesdk,NIE,0,0,NIE,OCR / konwersja skanu
drive-1EOGM6eFaoES5wZCPGtw2PX5wjfsDRFU0-67456,67456,67456,LUND,67456,Czesci_zamienne_67456.pdf,,Rysunki wybuchowe,1EOGM6eFaoES5wZCPGtw2PX5wjfsDRFU0,https://drive.google.com/file/d/1EOGM6eFaoES5wZCPGtw2PX5wjfsDRFU0/preview,https://drive.google.com/file/d/1EOGM6eFaoES5wZCPGtw2PX5wjfsDRFU0/view?usp=drivesdk,NIE,0,0,NIE,OCR / konwersja skanu
drive-11JTaudD5kYRSzWGIe1ra7PNFQytk4sqQ-67457,67457,67457,LUND,67457,Czesci_zamienne_67457.pdf,,Rysunki wybuchowe,11JTaudD5kYRSzWGIe1ra7PNFQytk4sqQ,https://drive.google.com/file/d/11JTaudD5kYRSzWGIe1ra7PNFQytk4sqQ/preview,https://drive.google.com/file/d/11JTaudD5kYRSzWGIe1ra7PNFQytk4sqQ/view?usp=drivesdk,NIE,0,0,NIE,OCR / konwersja skanu
drive-1x_rK2tqIAk0iooFu3Qc6zv8jrVOrUdEq-67458,67458,67458,LUND,67458,Czesci_zamienne_67458.pdf,,Rysunki wybuchowe,1x_rK2tqIAk0iooFu3Qc6zv8jrVOrUdEq,https://drive.google.com/file/d/1x_rK2tqIAk0iooFu3Qc6zv8jrVOrUdEq/preview,https://drive.google.com/file/d/1x_rK2tqIAk0iooFu3Qc6zv8jrVOrUdEq/view?usp=drivesdk,NIE,0,0,NIE,OCR / konwersja skanu
drive-1nKtVeFvITUUr88b9l-CmfOaZ8sDP-SVQ-67460,67460,67460,LUND,67460,Czesci_zamienne_67460.pdf,,Rysunki wybuchowe,1nKtVeFvITUUr88b9l-CmfOaZ8sDP-SVQ,https://drive.google.com/file/d/1nKtVeFvITUUr88b9l-CmfOaZ8sDP-SVQ/preview,https://drive.google.com/file/d/1nKtVeFvITUUr88b9l-CmfOaZ8sDP-SVQ/view?usp=drivesdk,NIE,0,0,NIE,OCR / konwersja skanu
drive-1Xh6OKt4zkh58bqTn_fgpaQYH3aQ7hcbT-67470,67470,67470,LUND,67470,Czesci_zamienne_67470.pdf,,Rysunki wybuchowe,1Xh6OKt4zkh58bqTn_fgpaQYH3aQ7hcbT,https://drive.google.com/file/d/1Xh6OKt4zkh58bqTn_fgpaQYH3aQ7hcbT/preview,https://drive.google.com/file/d/1Xh6OKt4zkh58bqTn_fgpaQYH3aQ7hcbT/view?usp=drivesdk,NIE,0,0,NIE,OCR / konwersja skanu
drive-1sKjbivYPklV1hKypUoYb214lDF6Zkizm-67480,67480,67480,LUND,67480,Czesci_zamienne_67480.pdf,,Rysunki wybuchowe,1sKjbivYPklV1hKypUoYb214lDF6Zkizm,https://drive.google.com/file/d/1sKjbivYPklV1hKypUoYb214lDF6Zkizm/preview,https://drive.google.com/file/d/1sKjbivYPklV1hKypUoYb214lDF6Zkizm/view?usp=drivesdk,NIE,0,0,NIE,OCR / konwersja skanu
drive-1XeY6KEeeRqkkU8ZbhSbx0oGUFQJuivX1-67500,67500,67500,LUND,67500,Czesci_zamienne_67500.pdf,,Rysunki wybuchowe,1XeY6KEeeRqkkU8ZbhSbx0oGUFQJuivX1,https://drive.google.com/file/d/1XeY6KEeeRqkkU8ZbhSbx0oGUFQJuivX1/preview,https://drive.google.com/file/d/1XeY6KEeeRqkkU8ZbhSbx0oGUFQJuivX1/view?usp=drivesdk,NIE,0,0,NIE,OCR / konwersja skanu
drive-1a7ssh8dRqixUDcJbZbk7gcXMCceJUeMN-67501,67501,67501,LUND,67501,Czesci_zamienne_67501.pdf,,Rysunki wybuchowe,1a7ssh8dRqixUDcJbZbk7gcXMCceJUeMN,https://drive.google.com/file/d/1a7ssh8dRqixUDcJbZbk7gcXMCceJUeMN/preview,https://drive.google.com/file/d/1a7ssh8dRqixUDcJbZbk7gcXMCceJUeMN/view?usp=drivesdk,NIE,0,0,NIE,OCR / konwersja skanu
drive-1fk-rJYvgA4LFS75ixN1wD7f7XiSLIKqB-67520,67520,67520,LUND,67520,Czesci_zamienne_67520.pdf,,Rysunki wybuchowe,1fk-rJYvgA4LFS75ixN1wD7f7XiSLIKqB,https://drive.google.com/file/d/1fk-rJYvgA4LFS75ixN1wD7f7XiSLIKqB/preview,https://drive.google.com/file/d/1fk-rJYvgA4LFS75ixN1wD7f7XiSLIKqB/view?usp=drivesdk,NIE,0,0,NIE,OCR / konwersja skanu
drive-1gPLCrOFgGHCzUUKUdf_xzrhWBbpodc-Y-67521,67521,67521,LUND,67521,Czesci_zamienne_67521.pdf,,Rysunki wybuchowe,1gPLCrOFgGHCzUUKUdf_xzrhWBbpodc-Y,https://drive.google.com/file/d/1gPLCrOFgGHCzUUKUdf_xzrhWBbpodc-Y/preview,https://drive.google.com/file/d/1gPLCrOFgGHCzUUKUdf_xzrhWBbpodc-Y/view?usp=drivesdk,NIE,0,0,NIE,OCR / konwersja skanu
drive-1tvRNsXaT_ncjTMWHtGDSPQptnKrortk8-67522,67522,67522,LUND,67522,Czesci_zamienne_67522.pdf,,Rysunki wybuchowe,1tvRNsXaT_ncjTMWHtGDSPQptnKrortk8,https://drive.google.com/file/d/1tvRNsXaT_ncjTMWHtGDSPQptnKrortk8/preview,https://drive.google.com/file/d/1tvRNsXaT_ncjTMWHtGDSPQptnKrortk8/view?usp=drivesdk,NIE,0,0,NIE,OCR / konwersja skanu
drive-1iOzqHKHKYX1j4GwzPOVoA4DE9SdkojIi-67523,67523,67523,LUND,67523,Czesci_zamienne_67523.pdf,,Rysunki wybuchowe,1iOzqHKHKYX1j4GwzPOVoA4DE9SdkojIi,https://drive.google.com/file/d/1iOzqHKHKYX1j4GwzPOVoA4DE9SdkojIi/preview,https://drive.google.com/file/d/1iOzqHKHKYX1j4GwzPOVoA4DE9SdkojIi/view?usp=drivesdk,NIE,0,0,NIE,OCR / konwersja skanu
drive-1CMZxpn8PPcXEDtd309crEJHPXxEPjcJ8-67525,67525,67525,LUND,67525,Czesci_zamienne_67525.pdf,,Rysunki wybuchowe,1CMZxpn8PPcXEDtd309crEJHPXxEPjcJ8,https://drive.google.com/file/d/1CMZxpn8PPcXEDtd309crEJHPXxEPjcJ8/preview,https://drive.google.com/file/d/1CMZxpn8PPcXEDtd309crEJHPXxEPjcJ8/view?usp=drivesdk,NIE,0,0,NIE,OCR / konwersja skanu
drive-1ROEus6Hj2_a6k5ovf885hbRxddvTEOS5-67526,67526,67526,LUND,67526,Czesci_zamienne_67526.pdf,,Rysunki wybuchowe,1ROEus6Hj2_a6k5ovf885hbRxddvTEOS5,https://drive.google.com/file/d/1ROEus6Hj2_a6k5ovf885hbRxddvTEOS5/preview,https://drive.google.com/file/d/1ROEus6Hj2_a6k5ovf885hbRxddvTEOS5/view?usp=drivesdk,NIE,0,0,NIE,OCR / konwersja skanu
drive-1Gae7jSYcLo-OX8ljgXP2wa-J6GjdUMGX-67527,67527,67527,LUND,67527,Czesci_zamienne_67527.pdf,,Rysunki wybuchowe,1Gae7jSYcLo-OX8ljgXP2wa-J6GjdUMGX,https://drive.google.com/file/d/1Gae7jSYcLo-OX8ljgXP2wa-J6GjdUMGX/preview,https://drive.google.com/file/d/1Gae7jSYcLo-OX8ljgXP2wa-J6GjdUMGX/view?usp=drivesdk,NIE,0,0,NIE,OCR / konwersja skanu
drive-1SkPrQlhKATw2npL3K7-G8iZ-r0bBMgla-67528,67528,67528,LUND,67528,Czesci_zamienne_67528.pdf,,Rysunki wybuchowe,1SkPrQlhKATw2npL3K7-G8iZ-r0bBMgla,https://drive.google.com/file/d/1SkPrQlhKATw2npL3K7-G8iZ-r0bBMgla/preview,https://drive.google.com/file/d/1SkPrQlhKATw2npL3K7-G8iZ-r0bBMgla/view?usp=drivesdk,NIE,0,0,NIE,OCR / konwersja skanu
drive-107P3K9LVKmlcZ75PERol20MGUp7lCVLZ-67530,67530,67530,LUND,67530,Czesci_zamienne_67530.pdf,,Rysunki wybuchowe,107P3K9LVKmlcZ75PERol20MGUp7lCVLZ,https://drive.google.com/file/d/107P3K9LVKmlcZ75PERol20MGUp7lCVLZ/preview,https://drive.google.com/file/d/107P3K9LVKmlcZ75PERol20MGUp7lCVLZ/view?usp=drivesdk,NIE,0,0,NIE,OCR / konwersja skanu
drive-1-QaRqH4AxnJDNtQ6TFTroC2VOoqQ-WkK-67570,67570,67570,LUND,67570,Czesci_zamienne_67570.pdf,,Rysunki wybuchowe,1-QaRqH4AxnJDNtQ6TFTroC2VOoqQ-WkK,https://drive.google.com/file/d/1-QaRqH4AxnJDNtQ6TFTroC2VOoqQ-WkK/preview,https://drive.google.com/file/d/1-QaRqH4AxnJDNtQ6TFTroC2VOoqQ-WkK/view?usp=drivesdk,NIE,0,0,NIE,OCR / konwersja skanu
drive-1l82F8lB56jUvSqNKTIauSaP8ujv0BJUC-67571,67571,67571,LUND,67571,Czesci_zamienne_67571.pdf,,Rysunki wybuchowe,1l82F8lB56jUvSqNKTIauSaP8ujv0BJUC,https://drive.google.com/file/d/1l82F8lB56jUvSqNKTIauSaP8ujv0BJUC/preview,https://drive.google.com/file/d/1l82F8lB56jUvSqNKTIauSaP8ujv0BJUC/view?usp=drivesdk,NIE,0,0,NIE,OCR / konwersja skanu
drive-18X_T8GOtbQmYtScy-C2PiP-Q6Y5u5uVu-67572,67572,67572,LUND,67572,Czesci_zamienne_67572.pdf,,Rysunki wybuchowe,18X_T8GOtbQmYtScy-C2PiP-Q6Y5u5uVu,https://drive.google.com/file/d/18X_T8GOtbQmYtScy-C2PiP-Q6Y5u5uVu/preview,https://drive.google.com/file/d/18X_T8GOtbQmYtScy-C2PiP-Q6Y5u5uVu/view?usp=drivesdk,NIE,0,0,NIE,OCR / konwersja skanu
drive-1-Blni_kcMGteygyEv4mpkN1ug5Lwseex-67573,67573,67573,LUND,67573,Czesci_zamienne_67573.pdf,,Rysunki wybuchowe,1-Blni_kcMGteygyEv4mpkN1ug5Lwseex,https://drive.google.com/file/d/1-Blni_kcMGteygyEv4mpkN1ug5Lwseex/preview,https://drive.google.com/file/d/1-Blni_kcMGteygyEv4mpkN1ug5Lwseex/view?usp=drivesdk,NIE,0,0,NIE,OCR / konwersja skanu
drive-1cUE2ofqAodMCxGymyBtHVqrdiQkrao_w-67574,67574,67574,LUND,67574,Czesci_zamienne_67574.pdf,,Rysunki wybuchowe,1cUE2ofqAodMCxGymyBtHVqrdiQkrao_w,https://drive.google.com/file/d/1cUE2ofqAodMCxGymyBtHVqrdiQkrao_w/preview,https://drive.google.com/file/d/1cUE2ofqAodMCxGymyBtHVqrdiQkrao_w/view?usp=drivesdk,NIE,0,0,NIE,OCR / konwersja skanu
drive-14biI7mjXpj5X-RCs-K2cqWvXHE2Ym3_q-67575,67575,67575,LUND,67575,Czesci_zamienne_67575.pdf,,Rysunki wybuchowe,14biI7mjXpj5X-RCs-K2cqWvXHE2Ym3_q,https://drive.google.com/file/d/14biI7mjXpj5X-RCs-K2cqWvXHE2Ym3_q/preview,https://drive.google.com/file/d/14biI7mjXpj5X-RCs-K2cqWvXHE2Ym3_q/view?usp=drivesdk,NIE,0,0,NIE,OCR / konwersja skanu
drive-1_cbMX79Ul9snUhrtKcN1_UIJ3MxfZ0SL-67576,67576,67576,LUND,67576,Czesci_zamienne_67576.pdf,,Rysunki wybuchowe,1_cbMX79Ul9snUhrtKcN1_UIJ3MxfZ0SL,https://drive.google.com/file/d/1_cbMX79Ul9snUhrtKcN1_UIJ3MxfZ0SL/preview,https://drive.google.com/file/d/1_cbMX79Ul9snUhrtKcN1_UIJ3MxfZ0SL/view?usp=drivesdk,NIE,0,0,NIE,OCR / konwersja skanu
drive-1GprnCPZLWEa3HmWxuX6lrgJXYoM-mU9c-67580,67580,67580,LUND,67580,Czesci_zamienne_67580.pdf,,Rysunki wybuchowe,1GprnCPZLWEa3HmWxuX6lrgJXYoM-mU9c,https://drive.google.com/file/d/1GprnCPZLWEa3HmWxuX6lrgJXYoM-mU9c/preview,https://drive.google.com/file/d/1GprnCPZLWEa3HmWxuX6lrgJXYoM-mU9c/view?usp=drivesdk,NIE,0,0,NIE,OCR / konwersja skanu
drive-1C_xKzmIIq8lTFdUXUFxjXrWPyw4RHzHA-67581,67581,67581,LUND,67581,Czesci_zamienne_67581.pdf,,Rysunki wybuchowe,1C_xKzmIIq8lTFdUXUFxjXrWPyw4RHzHA,https://drive.google.com/file/d/1C_xKzmIIq8lTFdUXUFxjXrWPyw4RHzHA/preview,https://drive.google.com/file/d/1C_xKzmIIq8lTFdUXUFxjXrWPyw4RHzHA/view?usp=drivesdk,NIE,0,0,NIE,OCR / konwersja skanu
drive-1h7WPC-3QbkgkGAmSsn80w4vO6as1aW0K-67582,67582,67582,LUND,67582,Czesci_zamienne_67582.pdf,,Rysunki wybuchowe,1h7WPC-3QbkgkGAmSsn80w4vO6as1aW0K,https://drive.google.com/file/d/1h7WPC-3QbkgkGAmSsn80w4vO6as1aW0K/preview,https://drive.google.com/file/d/1h7WPC-3QbkgkGAmSsn80w4vO6as1aW0K/view?usp=drivesdk,NIE,0,0,NIE,OCR / konwersja skanu
drive-1d0QzzEkiqO2nsTiMTqr85RfPEDkP2LLv-67584,67584,67584,LUND,67584,Czesci_zamienne_67584.pdf,,Rysunki wybuchowe,1d0QzzEkiqO2nsTiMTqr85RfPEDkP2LLv,https://drive.google.com/file/d/1d0QzzEkiqO2nsTiMTqr85RfPEDkP2LLv/preview,https://drive.google.com/file/d/1d0QzzEkiqO2nsTiMTqr85RfPEDkP2LLv/view?usp=drivesdk,NIE,0,0,NIE,OCR / konwersja skanu
drive-1IeanvOoRHlphyBbVaOX2Jtd5B8lyoBP7-67590,67590,67590,LUND,67590,Czesci_zamienne_67590.pdf,,Rysunki wybuchowe,1IeanvOoRHlphyBbVaOX2Jtd5B8lyoBP7,https://drive.google.com/file/d/1IeanvOoRHlphyBbVaOX2Jtd5B8lyoBP7/preview,https://drive.google.com/file/d/1IeanvOoRHlphyBbVaOX2Jtd5B8lyoBP7/view?usp=drivesdk,NIE,0,0,NIE,OCR / konwersja skanu
drive-1RXblbtt8ahyF6ZVYn7JTEZ1VoTF_btAN-67640,67640,67640,LUND,67640,Czesci_zamienne_67640.pdf,,Rysunki wybuchowe,1RXblbtt8ahyF6ZVYn7JTEZ1VoTF_btAN,https://drive.google.com/file/d/1RXblbtt8ahyF6ZVYn7JTEZ1VoTF_btAN/preview,https://drive.google.com/file/d/1RXblbtt8ahyF6ZVYn7JTEZ1VoTF_btAN/view?usp=drivesdk,NIE,0,0,NIE,OCR / konwersja skanu
drive-1yPb-OwPkGilHdRUxdl_7wwSxfLxSN7_G-67641,67641,67641,LUND,67641,Czesci_zamienne_67641.pdf,,Rysunki wybuchowe,1yPb-OwPkGilHdRUxdl_7wwSxfLxSN7_G,https://drive.google.com/file/d/1yPb-OwPkGilHdRUxdl_7wwSxfLxSN7_G/preview,https://drive.google.com/file/d/1yPb-OwPkGilHdRUxdl_7wwSxfLxSN7_G/view?usp=drivesdk,NIE,0,0,NIE,OCR / konwersja skanu
drive-1g7U1GGIgDcGZIk5YqkDG0C-hmA7fieZM-67642,67642,67642,LUND,67642,Czesci_zamienne_67642.pdf,,Rysunki wybuchowe,1g7U1GGIgDcGZIk5YqkDG0C-hmA7fieZM,https://drive.google.com/file/d/1g7U1GGIgDcGZIk5YqkDG0C-hmA7fieZM/preview,https://drive.google.com/file/d/1g7U1GGIgDcGZIk5YqkDG0C-hmA7fieZM/view?usp=drivesdk,NIE,0,0,NIE,OCR / konwersja skanu
drive-1G_u-KB-YupyhTBlQoTCFxbcy2TZL_c03-67660,67660,67660,LUND,67660,Czesci_zamienne_67660.pdf,,Rysunki wybuchowe,1G_u-KB-YupyhTBlQoTCFxbcy2TZL_c03,https://drive.google.com/file/d/1G_u-KB-YupyhTBlQoTCFxbcy2TZL_c03/preview,https://drive.google.com/file/d/1G_u-KB-YupyhTBlQoTCFxbcy2TZL_c03/view?usp=drivesdk,NIE,0,0,NIE,OCR / konwersja skanu
drive-1rVzZ4RQHBMYJatrapH8H7Of4EBhBIbvQ-67661,67661,67661,LUND,67661,Czesci_zamienne_67661.pdf,,Rysunki wybuchowe,1rVzZ4RQHBMYJatrapH8H7Of4EBhBIbvQ,https://drive.google.com/file/d/1rVzZ4RQHBMYJatrapH8H7Of4EBhBIbvQ/preview,https://drive.google.com/file/d/1rVzZ4RQHBMYJatrapH8H7Of4EBhBIbvQ/view?usp=drivesdk,NIE,0,0,NIE,OCR / konwersja skanu
drive-1QGyt6A63TeXmyNR2wIR2CB2hgSmk-xjZ-67700,67700,67700,LUND,67700,Czesci_zamienne_67700.pdf,,Rysunki wybuchowe,1QGyt6A63TeXmyNR2wIR2CB2hgSmk-xjZ,https://drive.google.com/file/d/1QGyt6A63TeXmyNR2wIR2CB2hgSmk-xjZ/preview,https://drive.google.com/file/d/1QGyt6A63TeXmyNR2wIR2CB2hgSmk-xjZ/view?usp=drivesdk,NIE,0,0,NIE,OCR / konwersja skanu
drive-1OXhnpqIltAhR2kfCbHnr-JkZNyDuVa3x-67701,67701,67701,LUND,67701,Czesci_zamienne_67701.pdf,,Rysunki wybuchowe,1OXhnpqIltAhR2kfCbHnr-JkZNyDuVa3x,https://drive.google.com/file/d/1OXhnpqIltAhR2kfCbHnr-JkZNyDuVa3x/preview,https://drive.google.com/file/d/1OXhnpqIltAhR2kfCbHnr-JkZNyDuVa3x/view?usp=drivesdk,NIE,0,0,NIE,OCR / konwersja skanu
drive-1qpOPtPLIhIdfL8gdlF8PSX9MmkjtxYrB-67702,67702,67702,LUND,67702,Czesci_zamienne_67702.pdf,,Rysunki wybuchowe,1qpOPtPLIhIdfL8gdlF8PSX9MmkjtxYrB,https://drive.google.com/file/d/1qpOPtPLIhIdfL8gdlF8PSX9MmkjtxYrB/preview,https://drive.google.com/file/d/1qpOPtPLIhIdfL8gdlF8PSX9MmkjtxYrB/view?usp=drivesdk,NIE,0,0,NIE,OCR / konwersja skanu
drive-1Y_SaB0POb8U8CWkgWQxRXXB7kFhElCl8-67703,67703,67703,LUND,67703,Czesci_zamienne_67703.pdf,,Rysunki wybuchowe,1Y_SaB0POb8U8CWkgWQxRXXB7kFhElCl8,https://drive.google.com/file/d/1Y_SaB0POb8U8CWkgWQxRXXB7kFhElCl8/preview,https://drive.google.com/file/d/1Y_SaB0POb8U8CWkgWQxRXXB7kFhElCl8/view?usp=drivesdk,NIE,0,0,NIE,OCR / konwersja skanu
drive-1TgH1oC-10kLZq17sN6QpY9v-FNKSb6pb-67704,67704,67704,LUND,67704,Czesci_zamienne_67704.pdf,,Rysunki wybuchowe,1TgH1oC-10kLZq17sN6QpY9v-FNKSb6pb,https://drive.google.com/file/d/1TgH1oC-10kLZq17sN6QpY9v-FNKSb6pb/preview,https://drive.google.com/file/d/1TgH1oC-10kLZq17sN6QpY9v-FNKSb6pb/view?usp=drivesdk,NIE,0,0,NIE,OCR / konwersja skanu
drive-1WrQKRXpYyy4JH_cR1DTqtccqoIH-vshf-67705,67705,67705,LUND,67705,Czesci_zamienne_67705.pdf,,Rysunki wybuchowe,1WrQKRXpYyy4JH_cR1DTqtccqoIH-vshf,https://drive.google.com/file/d/1WrQKRXpYyy4JH_cR1DTqtccqoIH-vshf/preview,https://drive.google.com/file/d/1WrQKRXpYyy4JH_cR1DTqtccqoIH-vshf/view?usp=drivesdk,NIE,0,0,NIE,OCR / konwersja skanu
drive-1hVFm4T9jkqQGbrndO88VWbHcK5YgZ0wx-67707,67707,67707,LUND,67707,Czesci_zamienne_67707.pdf,,Rysunki wybuchowe,1hVFm4T9jkqQGbrndO88VWbHcK5YgZ0wx,https://drive.google.com/file/d/1hVFm4T9jkqQGbrndO88VWbHcK5YgZ0wx/preview,https://drive.google.com/file/d/1hVFm4T9jkqQGbrndO88VWbHcK5YgZ0wx/view?usp=drivesdk,NIE,0,0,NIE,OCR / konwersja skanu
drive-1cWx25MmFZvM2Q-mRYBhrn_V038ZNyKfG-67780,67780,67780,LUND,67780,Czesci_zamienne_67780.pdf,,Rysunki wybuchowe,1cWx25MmFZvM2Q-mRYBhrn_V038ZNyKfG,https://drive.google.com/file/d/1cWx25MmFZvM2Q-mRYBhrn_V038ZNyKfG/preview,https://drive.google.com/file/d/1cWx25MmFZvM2Q-mRYBhrn_V038ZNyKfG/view?usp=drivesdk,NIE,0,0,NIE,OCR / konwersja skanu
drive-1U4smZAYmvEsF87BSmGhAVX8Qs599Jp8l-67781,67781,67781,LUND,67781,Czesci_zamienne_67781.pdf,,Rysunki wybuchowe,1U4smZAYmvEsF87BSmGhAVX8Qs599Jp8l,https://drive.google.com/file/d/1U4smZAYmvEsF87BSmGhAVX8Qs599Jp8l/preview,https://drive.google.com/file/d/1U4smZAYmvEsF87BSmGhAVX8Qs599Jp8l/view?usp=drivesdk,NIE,0,0,NIE,OCR / konwersja skanu
drive-1El2Hh1APuHL_h0BBCM7eDPYDu57ObECg-67790,67790,67790,LUND,67790,Czesci_zamienne_67790.pdf,,Rysunki wybuchowe,1El2Hh1APuHL_h0BBCM7eDPYDu57ObECg,https://drive.google.com/file/d/1El2Hh1APuHL_h0BBCM7eDPYDu57ObECg/preview,https://drive.google.com/file/d/1El2Hh1APuHL_h0BBCM7eDPYDu57ObECg/view?usp=drivesdk,NIE,0,0,NIE,OCR / konwersja skanu
drive-1_Zc_etVgTOm9-8RzR533ZOybznEC9SHf-67805,67805,67805,LUND,67805,Czesci_zamienne_67805.pdf,,Rysunki wybuchowe,1_Zc_etVgTOm9-8RzR533ZOybznEC9SHf,https://drive.google.com/file/d/1_Zc_etVgTOm9-8RzR533ZOybznEC9SHf/preview,https://drive.google.com/file/d/1_Zc_etVgTOm9-8RzR533ZOybznEC9SHf/view?usp=drivesdk,NIE,0,0,NIE,OCR / konwersja skanu
drive-1eJtxaZqbmaKByYjKLSVvmj1C5qn7tOvH-67810,67810,67810,LUND,67810,Czesci_zamienne_67810.pdf,,Rysunki wybuchowe,1eJtxaZqbmaKByYjKLSVvmj1C5qn7tOvH,https://drive.google.com/file/d/1eJtxaZqbmaKByYjKLSVvmj1C5qn7tOvH/preview,https://drive.google.com/file/d/1eJtxaZqbmaKByYjKLSVvmj1C5qn7tOvH/view?usp=drivesdk,NIE,0,0,NIE,OCR / konwersja skanu
drive-1RcmNXamJNWXmcIMm4K4IlQawvGK9i-3b-67811,67811,67811,LUND,67811,Czesci_zamienne_67811.pdf,,Rysunki wybuchowe,1RcmNXamJNWXmcIMm4K4IlQawvGK9i-3b,https://drive.google.com/file/d/1RcmNXamJNWXmcIMm4K4IlQawvGK9i-3b/preview,https://drive.google.com/file/d/1RcmNXamJNWXmcIMm4K4IlQawvGK9i-3b/view?usp=drivesdk,NIE,0,0,NIE,OCR / konwersja skanu
drive-1-eJrYS3weW4cQTAo_XssLj4ZK2swqJ9x-67812,67812,67812,LUND,67812,Czesci_zamienne_67812.pdf,,Rysunki wybuchowe,1-eJrYS3weW4cQTAo_XssLj4ZK2swqJ9x,https://drive.google.com/file/d/1-eJrYS3weW4cQTAo_XssLj4ZK2swqJ9x/preview,https://drive.google.com/file/d/1-eJrYS3weW4cQTAo_XssLj4ZK2swqJ9x/view?usp=drivesdk,NIE,0,0,NIE,OCR / konwersja skanu
drive-1t0ClnsXIhuf3SOsRaiu6K9BIDZT1bCxK-67813,67813,67813,LUND,67813,Czesci_zamienne_67813.pdf,,Rysunki wybuchowe,1t0ClnsXIhuf3SOsRaiu6K9BIDZT1bCxK,https://drive.google.com/file/d/1t0ClnsXIhuf3SOsRaiu6K9BIDZT1bCxK/preview,https://drive.google.com/file/d/1t0ClnsXIhuf3SOsRaiu6K9BIDZT1bCxK/view?usp=drivesdk,NIE,0,0,NIE,OCR / konwersja skanu
drive-1Th5eCNZt5tEz-J2_d2gfBLtcOO-it6qB-67814,67814,67814,LUND,67814,Czesci_zamienne_67814.pdf,,Rysunki wybuchowe,1Th5eCNZt5tEz-J2_d2gfBLtcOO-it6qB,https://drive.google.com/file/d/1Th5eCNZt5tEz-J2_d2gfBLtcOO-it6qB/preview,https://drive.google.com/file/d/1Th5eCNZt5tEz-J2_d2gfBLtcOO-it6qB/view?usp=drivesdk,NIE,0,0,NIE,OCR / konwersja skanu
drive-1hXPJARXsGxlMhLH6xWMc6-pa6Xy1kYYA-67815,67815,67815,LUND,67815,Czesci_zamienne_67815.pdf,,Rysunki wybuchowe,1hXPJARXsGxlMhLH6xWMc6-pa6Xy1kYYA,https://drive.google.com/file/d/1hXPJARXsGxlMhLH6xWMc6-pa6Xy1kYYA/preview,https://drive.google.com/file/d/1hXPJARXsGxlMhLH6xWMc6-pa6Xy1kYYA/view?usp=drivesdk,NIE,0,0,NIE,OCR / konwersja skanu
drive-1kQxCLXsD-M2Ta2oZQ4hX4fAC5wWLyhTR-67840,67840,67840,LUND,67840,Czesci_zamienne_67840.pdf,,Rysunki wybuchowe,1kQxCLXsD-M2Ta2oZQ4hX4fAC5wWLyhTR,https://drive.google.com/file/d/1kQxCLXsD-M2Ta2oZQ4hX4fAC5wWLyhTR/preview,https://drive.google.com/file/d/1kQxCLXsD-M2Ta2oZQ4hX4fAC5wWLyhTR/view?usp=drivesdk,NIE,0,0,NIE,OCR / konwersja skanu
drive-1zUj-OKPkTiMgqY8CrQK-khGS0bYHynGJ-67841,67841,67841,LUND,67841,Czesci_zamienne_67841.pdf,,Rysunki wybuchowe,1zUj-OKPkTiMgqY8CrQK-khGS0bYHynGJ,https://drive.google.com/file/d/1zUj-OKPkTiMgqY8CrQK-khGS0bYHynGJ/preview,https://drive.google.com/file/d/1zUj-OKPkTiMgqY8CrQK-khGS0bYHynGJ/view?usp=drivesdk,NIE,0,0,NIE,OCR / konwersja skanu
drive-1eP8B5MRroF-qg5gVo8-ek7tPUNzU9zMT-67850,67850,67850,LUND,67850,Czesci_zamienne_67850.pdf,,Rysunki wybuchowe,1eP8B5MRroF-qg5gVo8-ek7tPUNzU9zMT,https://drive.google.com/file/d/1eP8B5MRroF-qg5gVo8-ek7tPUNzU9zMT/preview,https://drive.google.com/file/d/1eP8B5MRroF-qg5gVo8-ek7tPUNzU9zMT/view?usp=drivesdk,NIE,0,0,NIE,OCR / konwersja skanu
drive-1GmgwTOd1vfguL_mz-NE9Hiq_x3y1qN55-67851,67851,67851,LUND,67851,Czesci_zamienne_67851.pdf,,Rysunki wybuchowe,1GmgwTOd1vfguL_mz-NE9Hiq_x3y1qN55,https://drive.google.com/file/d/1GmgwTOd1vfguL_mz-NE9Hiq_x3y1qN55/preview,https://drive.google.com/file/d/1GmgwTOd1vfguL_mz-NE9Hiq_x3y1qN55/view?usp=drivesdk,NIE,0,0,NIE,OCR / konwersja skanu
drive-1-732PiK1edGxZdnQ8MxHuLsfN9RMdfpV-67853,67853,67853,LUND,67853,Czesci_zamienne_67853.pdf,,Rysunki wybuchowe,1-732PiK1edGxZdnQ8MxHuLsfN9RMdfpV,https://drive.google.com/file/d/1-732PiK1edGxZdnQ8MxHuLsfN9RMdfpV/preview,https://drive.google.com/file/d/1-732PiK1edGxZdnQ8MxHuLsfN9RMdfpV/view?usp=drivesdk,NIE,0,0,NIE,OCR / konwersja skanu
drive-1OsVM1KpYd09brEs1bwLh6JEhwW6nmDlf-67860,67860,67860,LUND,67860,Czesci_zamienne_67860.pdf,,Rysunki wybuchowe,1OsVM1KpYd09brEs1bwLh6JEhwW6nmDlf,https://drive.google.com/file/d/1OsVM1KpYd09brEs1bwLh6JEhwW6nmDlf/preview,https://drive.google.com/file/d/1OsVM1KpYd09brEs1bwLh6JEhwW6nmDlf/view?usp=drivesdk,NIE,0,0,NIE,OCR / konwersja skanu
drive-1bTgonCVhAGeR7aFTM7K9l2g2Lvl0EuHj-67880,67880,67880,LUND,67880,Czesci_zamienne_67880.pdf,,Rysunki wybuchowe,1bTgonCVhAGeR7aFTM7K9l2g2Lvl0EuHj,https://drive.google.com/file/d/1bTgonCVhAGeR7aFTM7K9l2g2Lvl0EuHj/preview,https://drive.google.com/file/d/1bTgonCVhAGeR7aFTM7K9l2g2Lvl0EuHj/view?usp=drivesdk,NIE,0,0,NIE,OCR / konwersja skanu
drive-1ucBOgPIGdvSyCaXOaCKvOASaKu3iA3Z2-67882,67882,67882,LUND,67882,Czesci_zamienne_67882.pdf,,Rysunki wybuchowe,1ucBOgPIGdvSyCaXOaCKvOASaKu3iA3Z2,https://drive.google.com/file/d/1ucBOgPIGdvSyCaXOaCKvOASaKu3iA3Z2/preview,https://drive.google.com/file/d/1ucBOgPIGdvSyCaXOaCKvOASaKu3iA3Z2/view?usp=drivesdk,NIE,0,0,NIE,OCR / konwersja skanu
drive-1zwG-w5Oh5cdzBtvAqIbRW1L9eYNwu5NM-67900,67900,67900,LUND,67900,Czesci_zamienne_67900.pdf,,Rysunki wybuchowe,1zwG-w5Oh5cdzBtvAqIbRW1L9eYNwu5NM,https://drive.google.com/file/d/1zwG-w5Oh5cdzBtvAqIbRW1L9eYNwu5NM/preview,https://drive.google.com/file/d/1zwG-w5Oh5cdzBtvAqIbRW1L9eYNwu5NM/view?usp=drivesdk,NIE,0,0,NIE,OCR / konwersja skanu
drive-1KHvKSFSHikqMVMOoPiTHAZItdFzTs7b3-67901,67901,67901,LUND,67901,Czesci_zamienne_67901.pdf,,Rysunki wybuchowe,1KHvKSFSHikqMVMOoPiTHAZItdFzTs7b3,https://drive.google.com/file/d/1KHvKSFSHikqMVMOoPiTHAZItdFzTs7b3/preview,https://drive.google.com/file/d/1KHvKSFSHikqMVMOoPiTHAZItdFzTs7b3/view?usp=drivesdk,NIE,0,0,NIE,OCR / konwersja skanu
drive-18rSuJxPC5qR7hVG3H-OJgis22oPmUgk0-67950,67950,67950,LUND,67950,Czesci_zamienne_67950.pdf,,Rysunki wybuchowe,18rSuJxPC5qR7hVG3H-OJgis22oPmUgk0,https://drive.google.com/file/d/18rSuJxPC5qR7hVG3H-OJgis22oPmUgk0/preview,https://drive.google.com/file/d/18rSuJxPC5qR7hVG3H-OJgis22oPmUgk0/view?usp=drivesdk,NIE,0,0,NIE,OCR / konwersja skanu
drive-16BGYYk5hawSvTdjdz6nmJHLaZRLk6f0I-67961,67961,67961,LUND,67961,Czesci_zamienne_67961.pdf,,Rysunki wybuchowe,16BGYYk5hawSvTdjdz6nmJHLaZRLk6f0I,https://drive.google.com/file/d/16BGYYk5hawSvTdjdz6nmJHLaZRLk6f0I/preview,https://drive.google.com/file/d/16BGYYk5hawSvTdjdz6nmJHLaZRLk6f0I/view?usp=drivesdk,NIE,0,0,NIE,OCR / konwersja skanu
drive-1JDPpy_iF2aG0ouv9-PndgBhsxKCBPOCP-68010,68010,68010,LUND,68010,Czesci_zamienne_68010.pdf,,Rysunki wybuchowe,1JDPpy_iF2aG0ouv9-PndgBhsxKCBPOCP,https://drive.google.com/file/d/1JDPpy_iF2aG0ouv9-PndgBhsxKCBPOCP/preview,https://drive.google.com/file/d/1JDPpy_iF2aG0ouv9-PndgBhsxKCBPOCP/view?usp=drivesdk,NIE,0,0,NIE,OCR / konwersja skanu
drive-1itdDfxB5IWfakC3PYREIbu9qFHUb-FkP-68011,68011,68011,LUND,68011,Czesci_zamienne_68011.pdf,,Rysunki wybuchowe,1itdDfxB5IWfakC3PYREIbu9qFHUb-FkP,https://drive.google.com/file/d/1itdDfxB5IWfakC3PYREIbu9qFHUb-FkP/preview,https://drive.google.com/file/d/1itdDfxB5IWfakC3PYREIbu9qFHUb-FkP/view?usp=drivesdk,NIE,0,0,NIE,OCR / konwersja skanu
drive-1YR_2QZ_jCrcIcorsJht0vsD0_8EaBPST-68015,68015,68015,LUND,68015,Czesci_zamienne_68015.pdf,,Rysunki wybuchowe,1YR_2QZ_jCrcIcorsJht0vsD0_8EaBPST,https://drive.google.com/file/d/1YR_2QZ_jCrcIcorsJht0vsD0_8EaBPST/preview,https://drive.google.com/file/d/1YR_2QZ_jCrcIcorsJht0vsD0_8EaBPST/view?usp=drivesdk,NIE,0,0,NIE,OCR / konwersja skanu
drive-12k8eLHOTNBl9Wns7_NwCGjoO7A3E7WwA-68016,68016,68016,LUND,68016,Czesci_zamienne_68016.pdf,,Rysunki wybuchowe,12k8eLHOTNBl9Wns7_NwCGjoO7A3E7WwA,https://drive.google.com/file/d/12k8eLHOTNBl9Wns7_NwCGjoO7A3E7WwA/preview,https://drive.google.com/file/d/12k8eLHOTNBl9Wns7_NwCGjoO7A3E7WwA/view?usp=drivesdk,NIE,0,0,NIE,OCR / konwersja skanu
drive-1kugooUP6ehz1o9GpYLoKgkmRvn8V4FVd-68032,68032,68032,LUND,68032,Czesci_zamienne_68032.pdf,,Rysunki wybuchowe,1kugooUP6ehz1o9GpYLoKgkmRvn8V4FVd,https://drive.google.com/file/d/1kugooUP6ehz1o9GpYLoKgkmRvn8V4FVd/preview,https://drive.google.com/file/d/1kugooUP6ehz1o9GpYLoKgkmRvn8V4FVd/view?usp=drivesdk,NIE,0,0,NIE,OCR / konwersja skanu
drive-1LzkT_BH5UACrieFWMQk3pGmUqli_2vj7-68033,68033,68033,LUND,68033,Czesci_zamienne_68033.pdf,,Rysunki wybuchowe,1LzkT_BH5UACrieFWMQk3pGmUqli_2vj7,https://drive.google.com/file/d/1LzkT_BH5UACrieFWMQk3pGmUqli_2vj7/preview,https://drive.google.com/file/d/1LzkT_BH5UACrieFWMQk3pGmUqli_2vj7/view?usp=drivesdk,NIE,0,0,NIE,OCR / konwersja skanu
drive-18EKd33cYttcAIOUUml726YKIZy7a70te-68050,68050,68050,LUND,68050,Czesci_zamienne_68050.pdf,,Rysunki wybuchowe,18EKd33cYttcAIOUUml726YKIZy7a70te,https://drive.google.com/file/d/18EKd33cYttcAIOUUml726YKIZy7a70te/preview,https://drive.google.com/file/d/18EKd33cYttcAIOUUml726YKIZy7a70te/view?usp=drivesdk,NIE,0,0,NIE,OCR / konwersja skanu
drive-1y54halHwT4dgxSQaplumo4qtyKxqHSuO-68051,68051,68051,LUND,68051,Czesci_zamienne_68051.pdf,,Rysunki wybuchowe,1y54halHwT4dgxSQaplumo4qtyKxqHSuO,https://drive.google.com/file/d/1y54halHwT4dgxSQaplumo4qtyKxqHSuO/preview,https://drive.google.com/file/d/1y54halHwT4dgxSQaplumo4qtyKxqHSuO/view?usp=drivesdk,NIE,0,0,NIE,OCR / konwersja skanu
drive-15fHilGd0EQceROaKxzwRkhMs3hIkvIOC-68052,68052,68052,LUND,68052,Czesci_zamienne_68052.pdf,,Rysunki wybuchowe,15fHilGd0EQceROaKxzwRkhMs3hIkvIOC,https://drive.google.com/file/d/15fHilGd0EQceROaKxzwRkhMs3hIkvIOC/preview,https://drive.google.com/file/d/15fHilGd0EQceROaKxzwRkhMs3hIkvIOC/view?usp=drivesdk,NIE,0,0,NIE,OCR / konwersja skanu
drive-1JiV9xzhwVEfGeP9GYf7A1bwO7fTTlJQb-68053,68053,68053,LUND,68053,Czesci_zamienne_68053.pdf,,Rysunki wybuchowe,1JiV9xzhwVEfGeP9GYf7A1bwO7fTTlJQb,https://drive.google.com/file/d/1JiV9xzhwVEfGeP9GYf7A1bwO7fTTlJQb/preview,https://drive.google.com/file/d/1JiV9xzhwVEfGeP9GYf7A1bwO7fTTlJQb/view?usp=drivesdk,NIE,0,0,NIE,OCR / konwersja skanu
drive-1s_XhcReiJ-APMR_W09yCjIA1lwnCbn1j-68090,68090,68090,LUND,68090,Czesci_zamienne_68090.pdf,,Rysunki wybuchowe,1s_XhcReiJ-APMR_W09yCjIA1lwnCbn1j,https://drive.google.com/file/d/1s_XhcReiJ-APMR_W09yCjIA1lwnCbn1j/preview,https://drive.google.com/file/d/1s_XhcReiJ-APMR_W09yCjIA1lwnCbn1j/view?usp=drivesdk,NIE,0,0,NIE,OCR / konwersja skanu
drive-1sTwLTkPO09tS1AycZYOQMwmNJbwSfgJz-68100,68100,68100,LUND,68100,Czesci_zamienne_68100.pdf,,Rysunki wybuchowe,1sTwLTkPO09tS1AycZYOQMwmNJbwSfgJz,https://drive.google.com/file/d/1sTwLTkPO09tS1AycZYOQMwmNJbwSfgJz/preview,https://drive.google.com/file/d/1sTwLTkPO09tS1AycZYOQMwmNJbwSfgJz/view?usp=drivesdk,NIE,0,0,NIE,OCR / konwersja skanu
drive-1KZIrptc1tEyM0LsvOCwZ4n_hQzwuT8Y8-68115,68115,68115,LUND,68115,Czesci_zamienne_68115.pdf,,Rysunki wybuchowe,1KZIrptc1tEyM0LsvOCwZ4n_hQzwuT8Y8,https://drive.google.com/file/d/1KZIrptc1tEyM0LsvOCwZ4n_hQzwuT8Y8/preview,https://drive.google.com/file/d/1KZIrptc1tEyM0LsvOCwZ4n_hQzwuT8Y8/view?usp=drivesdk,NIE,0,0,NIE,OCR / konwersja skanu
drive-1qIhSw2K1Ib1bmgxlo9FunzdoJ9e09QwG-68116,68116,68116,LUND,68116,Czesci_zamienne_68116.pdf,,Rysunki wybuchowe,1qIhSw2K1Ib1bmgxlo9FunzdoJ9e09QwG,https://drive.google.com/file/d/1qIhSw2K1Ib1bmgxlo9FunzdoJ9e09QwG/preview,https://drive.google.com/file/d/1qIhSw2K1Ib1bmgxlo9FunzdoJ9e09QwG/view?usp=drivesdk,NIE,0,0,NIE,OCR / konwersja skanu
drive-1Yf56CkUZvtrCzPsHCbrRuacQAETB2tnh-68172,68172,68172,LUND,68172,Czesci_zamienne_68172.pdf,,Rysunki wybuchowe,1Yf56CkUZvtrCzPsHCbrRuacQAETB2tnh,https://drive.google.com/file/d/1Yf56CkUZvtrCzPsHCbrRuacQAETB2tnh/preview,https://drive.google.com/file/d/1Yf56CkUZvtrCzPsHCbrRuacQAETB2tnh/view?usp=drivesdk,NIE,0,0,NIE,OCR / konwersja skanu
drive-18FXcfiSVEMMOTuMJRkp7AytieByvghzY-68173,68173,68173,LUND,68173,Czesci_zamienne_68173.pdf,,Rysunki wybuchowe,18FXcfiSVEMMOTuMJRkp7AytieByvghzY,https://drive.google.com/file/d/18FXcfiSVEMMOTuMJRkp7AytieByvghzY/preview,https://drive.google.com/file/d/18FXcfiSVEMMOTuMJRkp7AytieByvghzY/view?usp=drivesdk,NIE,0,0,NIE,OCR / konwersja skanu
drive-15U7tmRitQJAaSxC6UD3B3oS451A4UPoU-68174,68174,68174,LUND,68174,Czesci_zamienne_68174.pdf,,Rysunki wybuchowe,15U7tmRitQJAaSxC6UD3B3oS451A4UPoU,https://drive.google.com/file/d/15U7tmRitQJAaSxC6UD3B3oS451A4UPoU/preview,https://drive.google.com/file/d/15U7tmRitQJAaSxC6UD3B3oS451A4UPoU/view?usp=drivesdk,NIE,0,0,NIE,OCR / konwersja skanu
drive-1LXYEedTVlUe0opdPRquobrQnrf71zDSR-68193,68193,68193,LUND,68193,Czesci_zamienne_68193.pdf,,Rysunki wybuchowe,1LXYEedTVlUe0opdPRquobrQnrf71zDSR,https://drive.google.com/file/d/1LXYEedTVlUe0opdPRquobrQnrf71zDSR/preview,https://drive.google.com/file/d/1LXYEedTVlUe0opdPRquobrQnrf71zDSR/view?usp=drivesdk,NIE,0,0,NIE,OCR / konwersja skanu
drive-1b9cwP4-ANPCThZQd0viYbq-McT5u4ULg-68194,68194,68194,LUND,68194,Czesci_zamienne_68194.pdf,,Rysunki wybuchowe,1b9cwP4-ANPCThZQd0viYbq-McT5u4ULg,https://drive.google.com/file/d/1b9cwP4-ANPCThZQd0viYbq-McT5u4ULg/preview,https://drive.google.com/file/d/1b9cwP4-ANPCThZQd0viYbq-McT5u4ULg/view?usp=drivesdk,NIE,0,0,NIE,OCR / konwersja skanu
drive-1vysCeoKCGQUs-R2QuJPWTNHChxLlAPJV-68195,68195,68195,LUND,68195,Czesci_zamienne_68195.pdf,,Rysunki wybuchowe,1vysCeoKCGQUs-R2QuJPWTNHChxLlAPJV,https://drive.google.com/file/d/1vysCeoKCGQUs-R2QuJPWTNHChxLlAPJV/preview,https://drive.google.com/file/d/1vysCeoKCGQUs-R2QuJPWTNHChxLlAPJV/view?usp=drivesdk,NIE,0,0,NIE,OCR / konwersja skanu
drive-1G43WXea30oPt-Lhr-PMVnYTkSCi30xac-68206,68206,68206,LUND,68206 68207 68208 68209,Czesci_zamienne_68206 68207 68208 68209.pdf,,Rysunki wybuchowe,1G43WXea30oPt-Lhr-PMVnYTkSCi30xac,https://drive.google.com/file/d/1G43WXea30oPt-Lhr-PMVnYTkSCi30xac/preview,https://drive.google.com/file/d/1G43WXea30oPt-Lhr-PMVnYTkSCi30xac/view?usp=drivesdk,NIE,0,0,NIE,OCR / konwersja skanu
drive-1LQPeWi-rAOHHft-3u1IW7L-PySzBYhh8-68216,68216,68216,LUND,68216,Czesci_zamienne_68216.pdf,,Rysunki wybuchowe,1LQPeWi-rAOHHft-3u1IW7L-PySzBYhh8,https://drive.google.com/file/d/1LQPeWi-rAOHHft-3u1IW7L-PySzBYhh8/preview,https://drive.google.com/file/d/1LQPeWi-rAOHHft-3u1IW7L-PySzBYhh8/view?usp=drivesdk,NIE,0,0,NIE,OCR / konwersja skanu
drive-1h-k0mTYeD1zi5STGS6y9QWCr4Xx2YxbV-68217,68217,68217,LUND,68217,Czesci_zamienne_68217.pdf,,Rysunki wybuchowe,1h-k0mTYeD1zi5STGS6y9QWCr4Xx2YxbV,https://drive.google.com/file/d/1h-k0mTYeD1zi5STGS6y9QWCr4Xx2YxbV/preview,https://drive.google.com/file/d/1h-k0mTYeD1zi5STGS6y9QWCr4Xx2YxbV/view?usp=drivesdk,NIE,0,0,NIE,OCR / konwersja skanu
drive-1BMD-iNrhKVZNoxnyc2ONE8fuZiCBagci-68218,68218,68218,LUND,68218,Czesci_zamienne_68218.pdf,,Rysunki wybuchowe,1BMD-iNrhKVZNoxnyc2ONE8fuZiCBagci,https://drive.google.com/file/d/1BMD-iNrhKVZNoxnyc2ONE8fuZiCBagci/preview,https://drive.google.com/file/d/1BMD-iNrhKVZNoxnyc2ONE8fuZiCBagci/view?usp=drivesdk,NIE,0,0,NIE,OCR / konwersja skanu
drive-1GlJn6x3b90bP0hjsqy_ej0qy__ttbAeo-68219,68219,68219,LUND,68219 68223,Czesci_zamienne_68219_68223.pdf,,Rysunki wybuchowe,1GlJn6x3b90bP0hjsqy_ej0qy__ttbAeo,https://drive.google.com/file/d/1GlJn6x3b90bP0hjsqy_ej0qy__ttbAeo/preview,https://drive.google.com/file/d/1GlJn6x3b90bP0hjsqy_ej0qy__ttbAeo/view?usp=drivesdk,NIE,0,0,NIE,OCR / konwersja skanu
drive-1psrarZ08GxHpV32BduIFhdbnBLdunxlt-68250,68250,68250,LUND,68250,Czesci_zamienne_68250.pdf,,Rysunki wybuchowe,1psrarZ08GxHpV32BduIFhdbnBLdunxlt,https://drive.google.com/file/d/1psrarZ08GxHpV32BduIFhdbnBLdunxlt/preview,https://drive.google.com/file/d/1psrarZ08GxHpV32BduIFhdbnBLdunxlt/view?usp=drivesdk,NIE,0,0,NIE,OCR / konwersja skanu
drive-1x9wsvjAW_-5rbu8z2UzOa2TSdpJu1bEb-68251,68251,68251,LUND,68251,Czesci_zamienne_68251.pdf,,Rysunki wybuchowe,1x9wsvjAW_-5rbu8z2UzOa2TSdpJu1bEb,https://drive.google.com/file/d/1x9wsvjAW_-5rbu8z2UzOa2TSdpJu1bEb/preview,https://drive.google.com/file/d/1x9wsvjAW_-5rbu8z2UzOa2TSdpJu1bEb/view?usp=drivesdk,NIE,0,0,NIE,OCR / konwersja skanu
drive-1R9gpvxDc-8mT_HYutC4wa3XEkD6sF8Q--68260,68260,68260,LUND,68260,Czesci_zamienne_68260.pdf,,Rysunki wybuchowe,1R9gpvxDc-8mT_HYutC4wa3XEkD6sF8Q-,https://drive.google.com/file/d/1R9gpvxDc-8mT_HYutC4wa3XEkD6sF8Q-/preview,https://drive.google.com/file/d/1R9gpvxDc-8mT_HYutC4wa3XEkD6sF8Q-/view?usp=drivesdk,NIE,0,0,NIE,OCR / konwersja skanu
drive-16gz5TAMMYACrZL5eq3aaqAiKyr60ajsP-68270,68270,68270,LUND,68270,Czesci_zamienne_68270.pdf,,Rysunki wybuchowe,16gz5TAMMYACrZL5eq3aaqAiKyr60ajsP,https://drive.google.com/file/d/16gz5TAMMYACrZL5eq3aaqAiKyr60ajsP/preview,https://drive.google.com/file/d/16gz5TAMMYACrZL5eq3aaqAiKyr60ajsP/view?usp=drivesdk,NIE,0,0,NIE,OCR / konwersja skanu
drive-1tCHh5iVgTNXeO-0ubNu-cY6RrUtvPAF4-68271,68271,68271,LUND,68271,Czesci_zamienne_68271.pdf,,Rysunki wybuchowe,1tCHh5iVgTNXeO-0ubNu-cY6RrUtvPAF4,https://drive.google.com/file/d/1tCHh5iVgTNXeO-0ubNu-cY6RrUtvPAF4/preview,https://drive.google.com/file/d/1tCHh5iVgTNXeO-0ubNu-cY6RrUtvPAF4/view?usp=drivesdk,NIE,0,0,NIE,OCR / konwersja skanu
drive-1tZvd7BpIVC8fd7LPG7EnwnWS84W6CrDc-68272,68272,68272,LUND,68272,Czesci_zamienne_68272.pdf,,Rysunki wybuchowe,1tZvd7BpIVC8fd7LPG7EnwnWS84W6CrDc,https://drive.google.com/file/d/1tZvd7BpIVC8fd7LPG7EnwnWS84W6CrDc/preview,https://drive.google.com/file/d/1tZvd7BpIVC8fd7LPG7EnwnWS84W6CrDc/view?usp=drivesdk,NIE,0,0,NIE,OCR / konwersja skanu
drive-14oV0c9ueIlXhrid34Sj7U9-gzGivB3_4-68273,68273,68273,LUND,68273,Czesci_zamienne_68273.pdf,,Rysunki wybuchowe,14oV0c9ueIlXhrid34Sj7U9-gzGivB3_4,https://drive.google.com/file/d/14oV0c9ueIlXhrid34Sj7U9-gzGivB3_4/preview,https://drive.google.com/file/d/14oV0c9ueIlXhrid34Sj7U9-gzGivB3_4/view?usp=drivesdk,NIE,0,0,NIE,OCR / konwersja skanu
drive-1nF1PE5pvOYwJWj1p_o9Hq5jcPhHUeoPV-68280,68280,68280,LUND,68280,Czesci_zamienne_68280.pdf,,Rysunki wybuchowe,1nF1PE5pvOYwJWj1p_o9Hq5jcPhHUeoPV,https://drive.google.com/file/d/1nF1PE5pvOYwJWj1p_o9Hq5jcPhHUeoPV/preview,https://drive.google.com/file/d/1nF1PE5pvOYwJWj1p_o9Hq5jcPhHUeoPV/view?usp=drivesdk,NIE,0,0,NIE,OCR / konwersja skanu
drive-1pTOBooQlKQUqV9ojSW11yvN6W-Cy34mP-68281,68281,68281,LUND,68281,Czesci_zamienne_68281.pdf,,Rysunki wybuchowe,1pTOBooQlKQUqV9ojSW11yvN6W-Cy34mP,https://drive.google.com/file/d/1pTOBooQlKQUqV9ojSW11yvN6W-Cy34mP/preview,https://drive.google.com/file/d/1pTOBooQlKQUqV9ojSW11yvN6W-Cy34mP/view?usp=drivesdk,NIE,0,0,NIE,OCR / konwersja skanu
drive-1pQSW-RzgX52fzy2qCp-uk-Tmc7KIx5C7-68477,68477,68477,LUND,68477,Czesci_zamienne_68477.pdf,,Rysunki wybuchowe,1pQSW-RzgX52fzy2qCp-uk-Tmc7KIx5C7,https://drive.google.com/file/d/1pQSW-RzgX52fzy2qCp-uk-Tmc7KIx5C7/preview,https://drive.google.com/file/d/1pQSW-RzgX52fzy2qCp-uk-Tmc7KIx5C7/view?usp=drivesdk,NIE,0,0,NIE,OCR / konwersja skanu
drive-1TSLsMvrwnRG1lGQTnTOOTFYwCRRrbbkZ-68480,68480,68480,LUND,68480,Czesci_zamienne_68480.pdf,,Rysunki wybuchowe,1TSLsMvrwnRG1lGQTnTOOTFYwCRRrbbkZ,https://drive.google.com/file/d/1TSLsMvrwnRG1lGQTnTOOTFYwCRRrbbkZ/preview,https://drive.google.com/file/d/1TSLsMvrwnRG1lGQTnTOOTFYwCRRrbbkZ/view?usp=drivesdk,NIE,0,0,NIE,OCR / konwersja skanu
drive-1hkM9Bs9bcjmyK6cOLHG-YPDQjIxzFMIb-68481,68481,68481,LUND,68481,Czesci_zamienne_68481.pdf,,Rysunki wybuchowe,1hkM9Bs9bcjmyK6cOLHG-YPDQjIxzFMIb,https://drive.google.com/file/d/1hkM9Bs9bcjmyK6cOLHG-YPDQjIxzFMIb/preview,https://drive.google.com/file/d/1hkM9Bs9bcjmyK6cOLHG-YPDQjIxzFMIb/view?usp=drivesdk,NIE,0,0,NIE,OCR / konwersja skanu
drive-1BmY-I3XWXWaFuSrBFp7nu-_YhUaWRDz8-68501,68501,68501,LUND,68501,Czesci_zamienne_68501.pdf,,Rysunki wybuchowe,1BmY-I3XWXWaFuSrBFp7nu-_YhUaWRDz8,https://drive.google.com/file/d/1BmY-I3XWXWaFuSrBFp7nu-_YhUaWRDz8/preview,https://drive.google.com/file/d/1BmY-I3XWXWaFuSrBFp7nu-_YhUaWRDz8/view?usp=drivesdk,NIE,0,0,NIE,OCR / konwersja skanu
drive-1rZxyvUdDPyQVaRK-SCsHRt0Ff1jeFjgX-68502,68502,68502,LUND,68502,Czesci_zamienne_68502.pdf,,Rysunki wybuchowe,1rZxyvUdDPyQVaRK-SCsHRt0Ff1jeFjgX,https://drive.google.com/file/d/1rZxyvUdDPyQVaRK-SCsHRt0Ff1jeFjgX/preview,https://drive.google.com/file/d/1rZxyvUdDPyQVaRK-SCsHRt0Ff1jeFjgX/view?usp=drivesdk,NIE,0,0,NIE,OCR / konwersja skanu
drive-1FB4xXT8ZsD0iTtIMRniyyI606j_DB4iY-68510,68510,68510,LUND,68510,Czesci_zamienne_68510.pdf,,Rysunki wybuchowe,1FB4xXT8ZsD0iTtIMRniyyI606j_DB4iY,https://drive.google.com/file/d/1FB4xXT8ZsD0iTtIMRniyyI606j_DB4iY/preview,https://drive.google.com/file/d/1FB4xXT8ZsD0iTtIMRniyyI606j_DB4iY/view?usp=drivesdk,NIE,0,0,NIE,OCR / konwersja skanu
drive-1ZHv-KtM0-VBaUIC4wYjAQOvoEFWuCFOe-68650,68650,68650,LUND,68650,Czesci_zamienne_68650.pdf,,Rysunki wybuchowe,1ZHv-KtM0-VBaUIC4wYjAQOvoEFWuCFOe,https://drive.google.com/file/d/1ZHv-KtM0-VBaUIC4wYjAQOvoEFWuCFOe/preview,https://drive.google.com/file/d/1ZHv-KtM0-VBaUIC4wYjAQOvoEFWuCFOe/view?usp=drivesdk,NIE,0,0,NIE,OCR / konwersja skanu
drive-1yXg67R3HTcEXS4NGEO6HUH8xB-4AukI5-68651,68651,68651,LUND,68651,Czesci_zamienne_68651.pdf,,Rysunki wybuchowe,1yXg67R3HTcEXS4NGEO6HUH8xB-4AukI5,https://drive.google.com/file/d/1yXg67R3HTcEXS4NGEO6HUH8xB-4AukI5/preview,https://drive.google.com/file/d/1yXg67R3HTcEXS4NGEO6HUH8xB-4AukI5/view?usp=drivesdk,NIE,0,0,NIE,OCR / konwersja skanu
drive-1AfnCxtGNSfioIbpVApiCi39qCPiaTw8X-68652,68652,68652,LUND,68652,Czesci_zamienne_68652.pdf,,Rysunki wybuchowe,1AfnCxtGNSfioIbpVApiCi39qCPiaTw8X,https://drive.google.com/file/d/1AfnCxtGNSfioIbpVApiCi39qCPiaTw8X/preview,https://drive.google.com/file/d/1AfnCxtGNSfioIbpVApiCi39qCPiaTw8X/view?usp=drivesdk,NIE,0,0,NIE,OCR / konwersja skanu
drive-1KCLT3gdez_mM0NC9Eeh9ch6Qr_F7cauO-68791,68791,68791,LUND,68791,Czesci_zamienne_68791.pdf,,Rysunki wybuchowe,1KCLT3gdez_mM0NC9Eeh9ch6Qr_F7cauO,https://drive.google.com/file/d/1KCLT3gdez_mM0NC9Eeh9ch6Qr_F7cauO/preview,https://drive.google.com/file/d/1KCLT3gdez_mM0NC9Eeh9ch6Qr_F7cauO/view?usp=drivesdk,NIE,0,0,NIE,OCR / konwersja skanu
drive-1hvRa9rnEqrxP1X62VSd9qf241GYuimvC-68792,68792,68792,LUND,68792,Czesci_zamienne_68792.pdf,,Rysunki wybuchowe,1hvRa9rnEqrxP1X62VSd9qf241GYuimvC,https://drive.google.com/file/d/1hvRa9rnEqrxP1X62VSd9qf241GYuimvC/preview,https://drive.google.com/file/d/1hvRa9rnEqrxP1X62VSd9qf241GYuimvC/view?usp=drivesdk,NIE,0,0,NIE,OCR / konwersja skanu
drive-1aNaojBY37kRICtQ6WkOeKjtlI9Dm0aDO-68793,68793,68793,LUND,68793,Czesci_zamienne_68793.pdf,,Rysunki wybuchowe,1aNaojBY37kRICtQ6WkOeKjtlI9Dm0aDO,https://drive.google.com/file/d/1aNaojBY37kRICtQ6WkOeKjtlI9Dm0aDO/preview,https://drive.google.com/file/d/1aNaojBY37kRICtQ6WkOeKjtlI9Dm0aDO/view?usp=drivesdk,NIE,0,0,NIE,OCR / konwersja skanu
drive-1O2A--OzQc5J1DdNZqxS_i-hiLiERGotq-70280,70280,70280,LUND,70280,Czesci_zamienne_70280.pdf,,Rysunki wybuchowe,1O2A--OzQc5J1DdNZqxS_i-hiLiERGotq,https://drive.google.com/file/d/1O2A--OzQc5J1DdNZqxS_i-hiLiERGotq/preview,https://drive.google.com/file/d/1O2A--OzQc5J1DdNZqxS_i-hiLiERGotq/view?usp=drivesdk,NIE,0,0,NIE,OCR / konwersja skanu
drive-1sNav0wPmLS78pFC2ZFNqGmgqSmFgiPn_-71500,71500,71500,LUND,71500,Czesci_zamienne_71500.pdf,,Rysunki wybuchowe,1sNav0wPmLS78pFC2ZFNqGmgqSmFgiPn_,https://drive.google.com/file/d/1sNav0wPmLS78pFC2ZFNqGmgqSmFgiPn_/preview,https://drive.google.com/file/d/1sNav0wPmLS78pFC2ZFNqGmgqSmFgiPn_/view?usp=drivesdk,NIE,0,0,NIE,OCR / konwersja skanu
drive-1etGMUo-snHA2-lPNUsnXcdbcvp_2oHx0-72928,72928,72928,LUND,72928,Czesci_zamienne_72928.pdf,,Rysunki wybuchowe,1etGMUo-snHA2-lPNUsnXcdbcvp_2oHx0,https://drive.google.com/file/d/1etGMUo-snHA2-lPNUsnXcdbcvp_2oHx0/preview,https://drive.google.com/file/d/1etGMUo-snHA2-lPNUsnXcdbcvp_2oHx0/view?usp=drivesdk,NIE,0,0,NIE,OCR / konwersja skanu
drive-11ZL0EDRcOIgF1V5qpozXiVHvb2D4d4kT-72930,72930,72930,LUND,72930,Czesci_zamienne_72930.pdf,,Rysunki wybuchowe,11ZL0EDRcOIgF1V5qpozXiVHvb2D4d4kT,https://drive.google.com/file/d/11ZL0EDRcOIgF1V5qpozXiVHvb2D4d4kT/preview,https://drive.google.com/file/d/11ZL0EDRcOIgF1V5qpozXiVHvb2D4d4kT/view?usp=drivesdk,NIE,0,0,NIE,OCR / konwersja skanu
drive-1xj3l2AaEtD7nOwO0dSlLxn2_bAs_eo7Q-73056,73056,73056,LUND,73056,Czesci_zamienne_73056.pdf,,Rysunki wybuchowe,1xj3l2AaEtD7nOwO0dSlLxn2_bAs_eo7Q,https://drive.google.com/file/d/1xj3l2AaEtD7nOwO0dSlLxn2_bAs_eo7Q/preview,https://drive.google.com/file/d/1xj3l2AaEtD7nOwO0dSlLxn2_bAs_eo7Q/view?usp=drivesdk,NIE,0,0,NIE,OCR / konwersja skanu
drive-1ijx7LHkIJpJzo9gHU6AI1XdAwAPRjOOe-73200,73200,73200,LUND,73200,Czesci_zamienne_73200.pdf,,Rysunki wybuchowe,1ijx7LHkIJpJzo9gHU6AI1XdAwAPRjOOe,https://drive.google.com/file/d/1ijx7LHkIJpJzo9gHU6AI1XdAwAPRjOOe/preview,https://drive.google.com/file/d/1ijx7LHkIJpJzo9gHU6AI1XdAwAPRjOOe/view?usp=drivesdk,NIE,0,0,NIE,OCR / konwersja skanu
drive-1Cx6ta-4YuAvjMnxc5tzXayzGteuK5N9m-73201,73201,73201,LUND,73201,Czesci_zamienne_73201.pdf,,Rysunki wybuchowe,1Cx6ta-4YuAvjMnxc5tzXayzGteuK5N9m,https://drive.google.com/file/d/1Cx6ta-4YuAvjMnxc5tzXayzGteuK5N9m/preview,https://drive.google.com/file/d/1Cx6ta-4YuAvjMnxc5tzXayzGteuK5N9m/view?usp=drivesdk,NIE,0,0,NIE,OCR / konwersja skanu
drive-1CFi1FRfOCYA3x-ROsInf-d9vL47nge8I-73202,73202,73202,LUND,73202,Czesci_zamienne_73202.pdf,,Rysunki wybuchowe,1CFi1FRfOCYA3x-ROsInf-d9vL47nge8I,https://drive.google.com/file/d/1CFi1FRfOCYA3x-ROsInf-d9vL47nge8I/preview,https://drive.google.com/file/d/1CFi1FRfOCYA3x-ROsInf-d9vL47nge8I/view?usp=drivesdk,NIE,0,0,NIE,OCR / konwersja skanu
drive-1ON5Svay2Im1N5Sxv5WzP85kti8vtd8Zm-73203,73203,73203,LUND,73203,Czesci_zamienne_73203.pdf,,Rysunki wybuchowe,1ON5Svay2Im1N5Sxv5WzP85kti8vtd8Zm,https://drive.google.com/file/d/1ON5Svay2Im1N5Sxv5WzP85kti8vtd8Zm/preview,https://drive.google.com/file/d/1ON5Svay2Im1N5Sxv5WzP85kti8vtd8Zm/view?usp=drivesdk,NIE,0,0,NIE,OCR / konwersja skanu
drive-1sccR21AhMdj7inafmlYxELtgJadVIAxi-73400,73400,73400,LUND,73400,Czesci_zamienne_73400.pdf,,Rysunki wybuchowe,1sccR21AhMdj7inafmlYxELtgJadVIAxi,https://drive.google.com/file/d/1sccR21AhMdj7inafmlYxELtgJadVIAxi/preview,https://drive.google.com/file/d/1sccR21AhMdj7inafmlYxELtgJadVIAxi/view?usp=drivesdk,NIE,0,0,NIE,OCR / konwersja skanu
drive-1eSdK1WQN-ptwRGO-_eUEQsDTo3aF3euk-73403,73403,73403,LUND,73403,Czesci_zamienne_73403.pdf,,Rysunki wybuchowe,1eSdK1WQN-ptwRGO-_eUEQsDTo3aF3euk,https://drive.google.com/file/d/1eSdK1WQN-ptwRGO-_eUEQsDTo3aF3euk/preview,https://drive.google.com/file/d/1eSdK1WQN-ptwRGO-_eUEQsDTo3aF3euk/view?usp=drivesdk,NIE,0,0,NIE,OCR / konwersja skanu
drive-1hOBE2GdZ33LWxb_IttabsGNWqCns6OIf-73410,73410,73410,LUND,73410,Czesci_zamienne_73410.pdf,,Rysunki wybuchowe,1hOBE2GdZ33LWxb_IttabsGNWqCns6OIf,https://drive.google.com/file/d/1hOBE2GdZ33LWxb_IttabsGNWqCns6OIf/preview,https://drive.google.com/file/d/1hOBE2GdZ33LWxb_IttabsGNWqCns6OIf/view?usp=drivesdk,NIE,0,0,NIE,OCR / konwersja skanu
drive-1TFoxwXQmqin82NfXfztTUdX33TuIIusg-73420,73420,73420,LUND,73420,Czesci_zamienne_73420.pdf,,Rysunki wybuchowe,1TFoxwXQmqin82NfXfztTUdX33TuIIusg,https://drive.google.com/file/d/1TFoxwXQmqin82NfXfztTUdX33TuIIusg/preview,https://drive.google.com/file/d/1TFoxwXQmqin82NfXfztTUdX33TuIIusg/view?usp=drivesdk,NIE,0,0,NIE,OCR / konwersja skanu
drive-1f55q7HLIiAq1SquYekfdvY5h7PUnKJ4k-73470,73470,73470,LUND,73470,Czesci_zamienne_73470.pdf,,Rysunki wybuchowe,1f55q7HLIiAq1SquYekfdvY5h7PUnKJ4k,https://drive.google.com/file/d/1f55q7HLIiAq1SquYekfdvY5h7PUnKJ4k/preview,https://drive.google.com/file/d/1f55q7HLIiAq1SquYekfdvY5h7PUnKJ4k/view?usp=drivesdk,NIE,0,0,NIE,OCR / konwersja skanu
drive-1gdc59j4HOfF2GiurbLxzeOQWlaTG5PjH-73473,73473,73473,LUND,73473,Czesci_zamienne_73473.pdf,,Rysunki wybuchowe,1gdc59j4HOfF2GiurbLxzeOQWlaTG5PjH,https://drive.google.com/file/d/1gdc59j4HOfF2GiurbLxzeOQWlaTG5PjH/preview,https://drive.google.com/file/d/1gdc59j4HOfF2GiurbLxzeOQWlaTG5PjH/view?usp=drivesdk,NIE,0,0,NIE,OCR / konwersja skanu
drive-1aDT78tKCGU5YnJD2pOudadr_DPFTcJCX-77990,77990,77990,STHOR,77990,Czesci_zamienne_77990.pdf,,Rysunki wybuchowe,1aDT78tKCGU5YnJD2pOudadr_DPFTcJCX,https://drive.google.com/file/d/1aDT78tKCGU5YnJD2pOudadr_DPFTcJCX/preview,https://drive.google.com/file/d/1aDT78tKCGU5YnJD2pOudadr_DPFTcJCX/view?usp=drivesdk,NIE,0,0,NIE,OCR / konwersja skanu
drive-171FFpWqspB7zbrFcUlZPReGlUpW7nnbn-78080,78080,78080,STHOR,78080,Czesci_zamienne_78080.pdf,,Rysunki wybuchowe,171FFpWqspB7zbrFcUlZPReGlUpW7nnbn,https://drive.google.com/file/d/171FFpWqspB7zbrFcUlZPReGlUpW7nnbn/preview,https://drive.google.com/file/d/171FFpWqspB7zbrFcUlZPReGlUpW7nnbn/view?usp=drivesdk,NIE,0,0,NIE,OCR / konwersja skanu
drive-1MiuYB5fT9kkMW8Q1mqzFW6aEBzgLANpR-78081,78081,78081,STHOR,78081,Czesci_zamienne_78081.pdf,,Rysunki wybuchowe,1MiuYB5fT9kkMW8Q1mqzFW6aEBzgLANpR,https://drive.google.com/file/d/1MiuYB5fT9kkMW8Q1mqzFW6aEBzgLANpR/preview,https://drive.google.com/file/d/1MiuYB5fT9kkMW8Q1mqzFW6aEBzgLANpR/view?usp=drivesdk,NIE,0,0,NIE,OCR / konwersja skanu
drive-1uZeOqYSoYaIMZ_ymyhUNqkHwI5hNMLcS-78082,78082,78082,STHOR,78082,Czesci_zamienne_78082.pdf,,Rysunki wybuchowe,1uZeOqYSoYaIMZ_ymyhUNqkHwI5hNMLcS,https://drive.google.com/file/d/1uZeOqYSoYaIMZ_ymyhUNqkHwI5hNMLcS/preview,https://drive.google.com/file/d/1uZeOqYSoYaIMZ_ymyhUNqkHwI5hNMLcS/view?usp=drivesdk,NIE,0,0,NIE,OCR / konwersja skanu
drive-19rP3SoESSSEasRXC0RAMmBiCEmig7weP-78084,78084,78084,STHOR,78084,Czesci_zamienne_78084.pdf,,Rysunki wybuchowe,19rP3SoESSSEasRXC0RAMmBiCEmig7weP,https://drive.google.com/file/d/19rP3SoESSSEasRXC0RAMmBiCEmig7weP/preview,https://drive.google.com/file/d/19rP3SoESSSEasRXC0RAMmBiCEmig7weP/view?usp=drivesdk,NIE,0,0,NIE,OCR / konwersja skanu
drive-1R4qRR90DiCd-3rwCVWU1GvT5IFlKivKJ-78085,78085,78085,STHOR,78085,Czesci_zamienne_78085.pdf,,Rysunki wybuchowe,1R4qRR90DiCd-3rwCVWU1GvT5IFlKivKJ,https://drive.google.com/file/d/1R4qRR90DiCd-3rwCVWU1GvT5IFlKivKJ/preview,https://drive.google.com/file/d/1R4qRR90DiCd-3rwCVWU1GvT5IFlKivKJ/view?usp=drivesdk,NIE,0,0,NIE,OCR / konwersja skanu
drive-1skoRNbb63f8ejj-MTqL1_TDeZN0wQCat-78090,78090,78090,STHOR,78090,Czesci_zamienne_78090.pdf,,Rysunki wybuchowe,1skoRNbb63f8ejj-MTqL1_TDeZN0wQCat,https://drive.google.com/file/d/1skoRNbb63f8ejj-MTqL1_TDeZN0wQCat/preview,https://drive.google.com/file/d/1skoRNbb63f8ejj-MTqL1_TDeZN0wQCat/view?usp=drivesdk,NIE,0,0,NIE,OCR / konwersja skanu
drive-15s0pOzar-fzpsvTPGW3OwAyelBtMyuhS-78091,78091,78091,STHOR,78091,Czesci_zamienne_78091.pdf,,Rysunki wybuchowe,15s0pOzar-fzpsvTPGW3OwAyelBtMyuhS,https://drive.google.com/file/d/15s0pOzar-fzpsvTPGW3OwAyelBtMyuhS/preview,https://drive.google.com/file/d/15s0pOzar-fzpsvTPGW3OwAyelBtMyuhS/view?usp=drivesdk,NIE,0,0,NIE,OCR / konwersja skanu
drive-1cRmu1gT1NeGgD5OV3zoRVW85XUirlKhb-78107,78107,78107,STHOR,78107,Czesci_zamienne_78107.pdf,,Rysunki wybuchowe,1cRmu1gT1NeGgD5OV3zoRVW85XUirlKhb,https://drive.google.com/file/d/1cRmu1gT1NeGgD5OV3zoRVW85XUirlKhb/preview,https://drive.google.com/file/d/1cRmu1gT1NeGgD5OV3zoRVW85XUirlKhb/view?usp=drivesdk,NIE,0,0,NIE,OCR / konwersja skanu
drive-1ttxq25qpVfb-GBCaZo278M0D1ymtP7Sr-78113,78113,78113,STHOR,78113,Czesci_zamienne_78113.pdf,,Rysunki wybuchowe,1ttxq25qpVfb-GBCaZo278M0D1ymtP7Sr,https://drive.google.com/file/d/1ttxq25qpVfb-GBCaZo278M0D1ymtP7Sr/preview,https://drive.google.com/file/d/1ttxq25qpVfb-GBCaZo278M0D1ymtP7Sr/view?usp=drivesdk,NIE,0,0,NIE,OCR / konwersja skanu
drive-1aQvsSjLepLI2r_tSNX0TufyUdKzL6dfP-78123,78123,78123,STHOR,78123,Czesci_zamienne_78123.pdf,,Rysunki wybuchowe,1aQvsSjLepLI2r_tSNX0TufyUdKzL6dfP,https://drive.google.com/file/d/1aQvsSjLepLI2r_tSNX0TufyUdKzL6dfP/preview,https://drive.google.com/file/d/1aQvsSjLepLI2r_tSNX0TufyUdKzL6dfP/view?usp=drivesdk,NIE,0,0,NIE,OCR / konwersja skanu
drive-1h9JNpo5v9fag_YOcWrF-X0MGYSbERj7v-78124,78124,78124,STHOR,78124,Czesci_zamienne_78124.pdf,,Rysunki wybuchowe,1h9JNpo5v9fag_YOcWrF-X0MGYSbERj7v,https://drive.google.com/file/d/1h9JNpo5v9fag_YOcWrF-X0MGYSbERj7v/preview,https://drive.google.com/file/d/1h9JNpo5v9fag_YOcWrF-X0MGYSbERj7v/view?usp=drivesdk,NIE,0,0,NIE,OCR / konwersja skanu
drive-18jMl5pjafNGmVqHsQnDDpoUWPtYC9PPN-78125,78125,78125,STHOR,78125,Czesci_zamienne_78125.pdf,,Rysunki wybuchowe,18jMl5pjafNGmVqHsQnDDpoUWPtYC9PPN,https://drive.google.com/file/d/18jMl5pjafNGmVqHsQnDDpoUWPtYC9PPN/preview,https://drive.google.com/file/d/18jMl5pjafNGmVqHsQnDDpoUWPtYC9PPN/view?usp=drivesdk,NIE,0,0,NIE,OCR / konwersja skanu
drive-1MuBgaB8xVahpJF_Ec55H6BtIwbVsLQch-78136,78136,78136,STHOR,78136,Czesci_zamienne_78136.pdf,,Rysunki wybuchowe,1MuBgaB8xVahpJF_Ec55H6BtIwbVsLQch,https://drive.google.com/file/d/1MuBgaB8xVahpJF_Ec55H6BtIwbVsLQch/preview,https://drive.google.com/file/d/1MuBgaB8xVahpJF_Ec55H6BtIwbVsLQch/view?usp=drivesdk,NIE,0,0,NIE,OCR / konwersja skanu
drive-1gQ1Gz54kgMYq3GtaRpVmZMLZsU0aQKBx-78137,78137,78137,STHOR,78137,Czesci_zamienne_78137.pdf,,Rysunki wybuchowe,1gQ1Gz54kgMYq3GtaRpVmZMLZsU0aQKBx,https://drive.google.com/file/d/1gQ1Gz54kgMYq3GtaRpVmZMLZsU0aQKBx/preview,https://drive.google.com/file/d/1gQ1Gz54kgMYq3GtaRpVmZMLZsU0aQKBx/view?usp=drivesdk,NIE,0,0,NIE,OCR / konwersja skanu
drive-1GRDRQXiaLWT-N3ASgsEj77-2X1p5-e5v-78138,78138,78138,STHOR,78138,Czesci_zamienne_78138.pdf,,Rysunki wybuchowe,1GRDRQXiaLWT-N3ASgsEj77-2X1p5-e5v,https://drive.google.com/file/d/1GRDRQXiaLWT-N3ASgsEj77-2X1p5-e5v/preview,https://drive.google.com/file/d/1GRDRQXiaLWT-N3ASgsEj77-2X1p5-e5v/view?usp=drivesdk,NIE,0,0,NIE,OCR / konwersja skanu
drive-1PZ-64VSNZGZtCLMtUnqtN1PfM5GgseQU-78139,78139,78139,STHOR,78139,Czesci_zamienne_78139.pdf,,Rysunki wybuchowe,1PZ-64VSNZGZtCLMtUnqtN1PfM5GgseQU,https://drive.google.com/file/d/1PZ-64VSNZGZtCLMtUnqtN1PfM5GgseQU/preview,https://drive.google.com/file/d/1PZ-64VSNZGZtCLMtUnqtN1PfM5GgseQU/view?usp=drivesdk,NIE,0,0,NIE,OCR / konwersja skanu
drive-1BGyJvbgKZKKrXENcjBJykCVN9IpoiuCl-78143,78143,78143,STHOR,78143,Czesci_zamienne_78143.pdf,,Rysunki wybuchowe,1BGyJvbgKZKKrXENcjBJykCVN9IpoiuCl,https://drive.google.com/file/d/1BGyJvbgKZKKrXENcjBJykCVN9IpoiuCl/preview,https://drive.google.com/file/d/1BGyJvbgKZKKrXENcjBJykCVN9IpoiuCl/view?usp=drivesdk,NIE,0,0,NIE,OCR / konwersja skanu
drive-1Yv1z5sKdvsc5v0DTa_KLWurNPQadvc8i-78151,78151,78151,STHOR,78151,Czesci_zamienne_78151.pdf,,Rysunki wybuchowe,1Yv1z5sKdvsc5v0DTa_KLWurNPQadvc8i,https://drive.google.com/file/d/1Yv1z5sKdvsc5v0DTa_KLWurNPQadvc8i/preview,https://drive.google.com/file/d/1Yv1z5sKdvsc5v0DTa_KLWurNPQadvc8i/view?usp=drivesdk,NIE,0,0,NIE,OCR / konwersja skanu
drive-1blkMam1sTtRpiw1fDILaIYNvQtKX7CW--78158,78158,78158,STHOR,78158,Czesci_zamienne_78158.pdf,,Rysunki wybuchowe,1blkMam1sTtRpiw1fDILaIYNvQtKX7CW-,https://drive.google.com/file/d/1blkMam1sTtRpiw1fDILaIYNvQtKX7CW-/preview,https://drive.google.com/file/d/1blkMam1sTtRpiw1fDILaIYNvQtKX7CW-/view?usp=drivesdk,NIE,0,0,NIE,OCR / konwersja skanu
drive-11xqt3MjD0vHJqz4TwpwVQWvyGHLX9s3K-78180,78180,78180,STHOR,78180,Czesci_zamienne_78180.pdf,,Rysunki wybuchowe,11xqt3MjD0vHJqz4TwpwVQWvyGHLX9s3K,https://drive.google.com/file/d/11xqt3MjD0vHJqz4TwpwVQWvyGHLX9s3K/preview,https://drive.google.com/file/d/11xqt3MjD0vHJqz4TwpwVQWvyGHLX9s3K/view?usp=drivesdk,NIE,0,0,NIE,OCR / konwersja skanu
drive-1KVUM1H-GzKrgrWR_Kca0u6HF2hGD1rBz-78181,78181,78181,STHOR,78181,Czesci_zamienne_78181.pdf,,Rysunki wybuchowe,1KVUM1H-GzKrgrWR_Kca0u6HF2hGD1rBz,https://drive.google.com/file/d/1KVUM1H-GzKrgrWR_Kca0u6HF2hGD1rBz/preview,https://drive.google.com/file/d/1KVUM1H-GzKrgrWR_Kca0u6HF2hGD1rBz/view?usp=drivesdk,NIE,0,0,NIE,OCR / konwersja skanu
drive-1SYWYTbaSSwnrd0VKuojH-9OFs8fsheKw-78184,78184,78184,STHOR,78184,Czesci_zamienne_78184.pdf,,Rysunki wybuchowe,1SYWYTbaSSwnrd0VKuojH-9OFs8fsheKw,https://drive.google.com/file/d/1SYWYTbaSSwnrd0VKuojH-9OFs8fsheKw/preview,https://drive.google.com/file/d/1SYWYTbaSSwnrd0VKuojH-9OFs8fsheKw/view?usp=drivesdk,NIE,0,0,NIE,OCR / konwersja skanu
drive-1_pHV8KCxsW0opJyH9LLea4MoxdfHoohn-78185,78185,78185,STHOR,78185,Czesci_zamienne_78185.pdf,,Rysunki wybuchowe,1_pHV8KCxsW0opJyH9LLea4MoxdfHoohn,https://drive.google.com/file/d/1_pHV8KCxsW0opJyH9LLea4MoxdfHoohn/preview,https://drive.google.com/file/d/1_pHV8KCxsW0opJyH9LLea4MoxdfHoohn/view?usp=drivesdk,NIE,0,0,NIE,OCR / konwersja skanu
drive-1EuRH9ZVHMEKhsTSc15n9IXmH2X2xq4KV-78186,78186,78186,STHOR,78186,Czesci_zamienne_78186.pdf,,Rysunki wybuchowe,1EuRH9ZVHMEKhsTSc15n9IXmH2X2xq4KV,https://drive.google.com/file/d/1EuRH9ZVHMEKhsTSc15n9IXmH2X2xq4KV/preview,https://drive.google.com/file/d/1EuRH9ZVHMEKhsTSc15n9IXmH2X2xq4KV/view?usp=drivesdk,NIE,0,0,NIE,OCR / konwersja skanu
drive-1rinwg36OopXb6FyQFNPGzfBurUqBI0o5-78187,78187,78187,STHOR,78187,Czesci_zamienne_78187.pdf,,Rysunki wybuchowe,1rinwg36OopXb6FyQFNPGzfBurUqBI0o5,https://drive.google.com/file/d/1rinwg36OopXb6FyQFNPGzfBurUqBI0o5/preview,https://drive.google.com/file/d/1rinwg36OopXb6FyQFNPGzfBurUqBI0o5/view?usp=drivesdk,NIE,0,0,NIE,OCR / konwersja skanu
drive-1y_lAjQ72op1mlosEWC1xw4BsrxZHgfi_-78190,78190,78190,STHOR,78190,Czesci_zamienne_78190.pdf,,Rysunki wybuchowe,1y_lAjQ72op1mlosEWC1xw4BsrxZHgfi_,https://drive.google.com/file/d/1y_lAjQ72op1mlosEWC1xw4BsrxZHgfi_/preview,https://drive.google.com/file/d/1y_lAjQ72op1mlosEWC1xw4BsrxZHgfi_/view?usp=drivesdk,NIE,0,0,NIE,OCR / konwersja skanu
drive-1R8gfaNYt8xvmxJ_pKCAHAlBtEuBSgyTy-78203,78203,78203,STHOR,78203,Czesci_zamienne_78203.pdf,,Rysunki wybuchowe,1R8gfaNYt8xvmxJ_pKCAHAlBtEuBSgyTy,https://drive.google.com/file/d/1R8gfaNYt8xvmxJ_pKCAHAlBtEuBSgyTy/preview,https://drive.google.com/file/d/1R8gfaNYt8xvmxJ_pKCAHAlBtEuBSgyTy/view?usp=drivesdk,NIE,0,0,NIE,OCR / konwersja skanu
drive-1JW85iD8Tt32Htbg26ST2a26cTt5gxZXe-78204,78204,78204,STHOR,78204,Czesci_zamienne_78204.pdf,,Rysunki wybuchowe,1JW85iD8Tt32Htbg26ST2a26cTt5gxZXe,https://drive.google.com/file/d/1JW85iD8Tt32Htbg26ST2a26cTt5gxZXe/preview,https://drive.google.com/file/d/1JW85iD8Tt32Htbg26ST2a26cTt5gxZXe/view?usp=drivesdk,NIE,0,0,NIE,OCR / konwersja skanu
drive-1JK5ITrJXHzB2oXjgYvIuPJbhLgQd8bK0-78210,78210,78210,STHOR,78210,Czesci_zamienne_78210.pdf,,Rysunki wybuchowe,1JK5ITrJXHzB2oXjgYvIuPJbhLgQd8bK0,https://drive.google.com/file/d/1JK5ITrJXHzB2oXjgYvIuPJbhLgQd8bK0/preview,https://drive.google.com/file/d/1JK5ITrJXHzB2oXjgYvIuPJbhLgQd8bK0/view?usp=drivesdk,NIE,0,0,NIE,OCR / konwersja skanu
drive-1I4yTI8YTxo5QMCX0R4oX6NtTlK1qe23y-78211,78211,78211,STHOR,78211,Czesci_zamienne_78211.pdf,,Rysunki wybuchowe,1I4yTI8YTxo5QMCX0R4oX6NtTlK1qe23y,https://drive.google.com/file/d/1I4yTI8YTxo5QMCX0R4oX6NtTlK1qe23y/preview,https://drive.google.com/file/d/1I4yTI8YTxo5QMCX0R4oX6NtTlK1qe23y/view?usp=drivesdk,NIE,0,0,NIE,OCR / konwersja skanu
drive-1zEn3MUHE7l1QYhGC9IAEGcoXnptmtm3u-78641,78641,78641,STHOR,78641,Czesci_zamienne_78641.pdf,,Rysunki wybuchowe,1zEn3MUHE7l1QYhGC9IAEGcoXnptmtm3u,https://drive.google.com/file/d/1zEn3MUHE7l1QYhGC9IAEGcoXnptmtm3u/preview,https://drive.google.com/file/d/1zEn3MUHE7l1QYhGC9IAEGcoXnptmtm3u/view?usp=drivesdk,NIE,0,0,NIE,OCR / konwersja skanu
drive-1VMxFl9-OhSHjecghUHTpu-Ozi1NuaBhR-78854,78854,78854,STHOR,78854,Czesci_zamienne_78854.pdf,,Rysunki wybuchowe,1VMxFl9-OhSHjecghUHTpu-Ozi1NuaBhR,https://drive.google.com/file/d/1VMxFl9-OhSHjecghUHTpu-Ozi1NuaBhR/preview,https://drive.google.com/file/d/1VMxFl9-OhSHjecghUHTpu-Ozi1NuaBhR/view?usp=drivesdk,NIE,0,0,NIE,OCR / konwersja skanu
drive-1LWjgQuR7qFomvTBPzQqkRd6-8KnYyhek-78855,78855,78855,STHOR,78855,Czesci_zamienne_78855.pdf,,Rysunki wybuchowe,1LWjgQuR7qFomvTBPzQqkRd6-8KnYyhek,https://drive.google.com/file/d/1LWjgQuR7qFomvTBPzQqkRd6-8KnYyhek/preview,https://drive.google.com/file/d/1LWjgQuR7qFomvTBPzQqkRd6-8KnYyhek/view?usp=drivesdk,NIE,0,0,NIE,OCR / konwersja skanu
drive-1sEBk4Zl2xdmhDebgBcI9CBdpjS66-_Dj-78910,78910,78910,STHOR,78910,Czesci_zamienne_78910.pdf,,Rysunki wybuchowe,1sEBk4Zl2xdmhDebgBcI9CBdpjS66-_Dj,https://drive.google.com/file/d/1sEBk4Zl2xdmhDebgBcI9CBdpjS66-_Dj/preview,https://drive.google.com/file/d/1sEBk4Zl2xdmhDebgBcI9CBdpjS66-_Dj/view?usp=drivesdk,NIE,0,0,NIE,OCR / konwersja skanu
drive-1mBZWY0PNlmOl8PypSUQLhsGPufLN0BCo-78911,78911,78911,STHOR,78911,Czesci_zamienne_78911.pdf,,Rysunki wybuchowe,1mBZWY0PNlmOl8PypSUQLhsGPufLN0BCo,https://drive.google.com/file/d/1mBZWY0PNlmOl8PypSUQLhsGPufLN0BCo/preview,https://drive.google.com/file/d/1mBZWY0PNlmOl8PypSUQLhsGPufLN0BCo/view?usp=drivesdk,NIE,0,0,NIE,OCR / konwersja skanu
drive-16jW75hRrDuiDETcOCE_ZHjonWJmssZnp-78970,78970,78970,STHOR,78970,Czesci_zamienne_78970.pdf,,Rysunki wybuchowe,16jW75hRrDuiDETcOCE_ZHjonWJmssZnp,https://drive.google.com/file/d/16jW75hRrDuiDETcOCE_ZHjonWJmssZnp/preview,https://drive.google.com/file/d/16jW75hRrDuiDETcOCE_ZHjonWJmssZnp/view?usp=drivesdk,NIE,0,0,NIE,OCR / konwersja skanu
drive-1DmAmFTtW3X-7gc7NwFo9C29wdfV7wwj4-78972,78972,78972,STHOR,78972,Czesci_zamienne_78972.pdf,,Rysunki wybuchowe,1DmAmFTtW3X-7gc7NwFo9C29wdfV7wwj4,https://drive.google.com/file/d/1DmAmFTtW3X-7gc7NwFo9C29wdfV7wwj4/preview,https://drive.google.com/file/d/1DmAmFTtW3X-7gc7NwFo9C29wdfV7wwj4/view?usp=drivesdk,NIE,0,0,NIE,OCR / konwersja skanu
drive-1Se_MNpqSXfsNlTKixcv5nEWHcEfo6q5g-78974,78974,78974,STHOR,78974,Czesci_zamienne_78974.pdf,,Rysunki wybuchowe,1Se_MNpqSXfsNlTKixcv5nEWHcEfo6q5g,https://drive.google.com/file/d/1Se_MNpqSXfsNlTKixcv5nEWHcEfo6q5g/preview,https://drive.google.com/file/d/1Se_MNpqSXfsNlTKixcv5nEWHcEfo6q5g/view?usp=drivesdk,NIE,0,0,NIE,OCR / konwersja skanu
drive-13QMXHlwuKu8hVAXaGfQiwYE82cPIadD0-78981,78981,78981,STHOR,78981,Czesci_zamienne_78981.pdf,,Rysunki wybuchowe,13QMXHlwuKu8hVAXaGfQiwYE82cPIadD0,https://drive.google.com/file/d/13QMXHlwuKu8hVAXaGfQiwYE82cPIadD0/preview,https://drive.google.com/file/d/13QMXHlwuKu8hVAXaGfQiwYE82cPIadD0/view?usp=drivesdk,NIE,0,0,NIE,OCR / konwersja skanu
drive-1HBsN199dwL6LKnaN7UrgwLD-mx9dBbi1-78982,78982,78982,STHOR,78982,Czesci_zamienne_78982.pdf,,Rysunki wybuchowe,1HBsN199dwL6LKnaN7UrgwLD-mx9dBbi1,https://drive.google.com/file/d/1HBsN199dwL6LKnaN7UrgwLD-mx9dBbi1/preview,https://drive.google.com/file/d/1HBsN199dwL6LKnaN7UrgwLD-mx9dBbi1/view?usp=drivesdk,NIE,0,0,NIE,OCR / konwersja skanu
drive-1jCX4JPk1HR-fbjayH-GlQ21ho828_pqL-78983,78983,78983,STHOR,78983,Czesci_zamienne_78983.pdf,,Rysunki wybuchowe,1jCX4JPk1HR-fbjayH-GlQ21ho828_pqL,https://drive.google.com/file/d/1jCX4JPk1HR-fbjayH-GlQ21ho828_pqL/preview,https://drive.google.com/file/d/1jCX4JPk1HR-fbjayH-GlQ21ho828_pqL/view?usp=drivesdk,NIE,0,0,NIE,OCR / konwersja skanu
drive-1ey2rGdiRWPxPu5Z_cHG6qvkEKCTkKnHr-78992,78992,78992,STHOR,78992,Czesci_zamienne_78992.pdf,,Rysunki wybuchowe,1ey2rGdiRWPxPu5Z_cHG6qvkEKCTkKnHr,https://drive.google.com/file/d/1ey2rGdiRWPxPu5Z_cHG6qvkEKCTkKnHr/preview,https://drive.google.com/file/d/1ey2rGdiRWPxPu5Z_cHG6qvkEKCTkKnHr/view?usp=drivesdk,NIE,0,0,NIE,OCR / konwersja skanu
drive-17_JncLWGXF31vgqAS9GWk6qYe494JTQB-78995,78995,78995,STHOR,78995,Czesci_zamienne_78995.pdf,,Rysunki wybuchowe,17_JncLWGXF31vgqAS9GWk6qYe494JTQB,https://drive.google.com/file/d/17_JncLWGXF31vgqAS9GWk6qYe494JTQB/preview,https://drive.google.com/file/d/17_JncLWGXF31vgqAS9GWk6qYe494JTQB/view?usp=drivesdk,NIE,0,0,NIE,OCR / konwersja skanu
drive-1xqCXpeDRWBBacCwH2iAcqjfkuGSWvOh0-78997,78997,78997,STHOR,78997,Czesci_zamienne_78997.pdf,,Rysunki wybuchowe,1xqCXpeDRWBBacCwH2iAcqjfkuGSWvOh0,https://drive.google.com/file/d/1xqCXpeDRWBBacCwH2iAcqjfkuGSWvOh0/preview,https://drive.google.com/file/d/1xqCXpeDRWBBacCwH2iAcqjfkuGSWvOh0/view?usp=drivesdk,NIE,0,0,NIE,OCR / konwersja skanu
drive-1hLK_kIPPGNWFmXr-kjg643kHujpWWtG6-79002,79002,79002,STHOR,79002,Czesci_zamienne_79002.pdf,,Rysunki wybuchowe,1hLK_kIPPGNWFmXr-kjg643kHujpWWtG6,https://drive.google.com/file/d/1hLK_kIPPGNWFmXr-kjg643kHujpWWtG6/preview,https://drive.google.com/file/d/1hLK_kIPPGNWFmXr-kjg643kHujpWWtG6/view?usp=drivesdk,NIE,0,0,NIE,OCR / konwersja skanu
drive-1O_cQ1s6V1vgc4Wnoa6Issv2qV8jDRk-A-79007,79007,79007,STHOR,79007,Czesci_zamienne_79007.pdf,,Rysunki wybuchowe,1O_cQ1s6V1vgc4Wnoa6Issv2qV8jDRk-A,https://drive.google.com/file/d/1O_cQ1s6V1vgc4Wnoa6Issv2qV8jDRk-A/preview,https://drive.google.com/file/d/1O_cQ1s6V1vgc4Wnoa6Issv2qV8jDRk-A/view?usp=drivesdk,NIE,0,0,NIE,OCR / konwersja skanu
drive-1BEf0wDZh0W9yuT2pF5SIi-yRFuJRm9_S-79012,79012,79012,STHOR,79012,Czesci_zamienne_79012.pdf,,Rysunki wybuchowe,1BEf0wDZh0W9yuT2pF5SIi-yRFuJRm9_S,https://drive.google.com/file/d/1BEf0wDZh0W9yuT2pF5SIi-yRFuJRm9_S/preview,https://drive.google.com/file/d/1BEf0wDZh0W9yuT2pF5SIi-yRFuJRm9_S/view?usp=drivesdk,NIE,0,0,NIE,OCR / konwersja skanu
drive-1Lnr-gLwYfm0hLq0lNZrVM8sRGUZPBclX-79013,79013,79013,STHOR,79013,Czesci_zamienne_79013.pdf,,Rysunki wybuchowe,1Lnr-gLwYfm0hLq0lNZrVM8sRGUZPBclX,https://drive.google.com/file/d/1Lnr-gLwYfm0hLq0lNZrVM8sRGUZPBclX/preview,https://drive.google.com/file/d/1Lnr-gLwYfm0hLq0lNZrVM8sRGUZPBclX/view?usp=drivesdk,NIE,0,0,NIE,OCR / konwersja skanu
drive-17e4Y_eV5jH-oaVMNOwgbyr0Tk1PvRk-R-79015,79015,79015,STHOR,79015,Czesci_zamienne_79015.pdf,,Rysunki wybuchowe,17e4Y_eV5jH-oaVMNOwgbyr0Tk1PvRk-R,https://drive.google.com/file/d/17e4Y_eV5jH-oaVMNOwgbyr0Tk1PvRk-R/preview,https://drive.google.com/file/d/17e4Y_eV5jH-oaVMNOwgbyr0Tk1PvRk-R/view?usp=drivesdk,NIE,0,0,NIE,OCR / konwersja skanu
drive-1WohxUKSw9HgG1YxtDJcRKJX5-ZNDxwvs-79018,79018,79018,STHOR,79018,Czesci_zamienne_79018.pdf,,Rysunki wybuchowe,1WohxUKSw9HgG1YxtDJcRKJX5-ZNDxwvs,https://drive.google.com/file/d/1WohxUKSw9HgG1YxtDJcRKJX5-ZNDxwvs/preview,https://drive.google.com/file/d/1WohxUKSw9HgG1YxtDJcRKJX5-ZNDxwvs/view?usp=drivesdk,NIE,0,0,NIE,OCR / konwersja skanu
drive-1jWYjESOGSdFOxF493UszKL2vfa4aA1W3-79023,79023,79023,STHOR,79023,Czesci_zamienne_79023.pdf,,Rysunki wybuchowe,1jWYjESOGSdFOxF493UszKL2vfa4aA1W3,https://drive.google.com/file/d/1jWYjESOGSdFOxF493UszKL2vfa4aA1W3/preview,https://drive.google.com/file/d/1jWYjESOGSdFOxF493UszKL2vfa4aA1W3/view?usp=drivesdk,NIE,0,0,NIE,OCR / konwersja skanu
drive-1J3c9VyF09P6zoSQkk3dWOX-ZaDS0V0lc-79026,79026,79026,STHOR,79026,Czesci_zamienne_79026.pdf,,Rysunki wybuchowe,1J3c9VyF09P6zoSQkk3dWOX-ZaDS0V0lc,https://drive.google.com/file/d/1J3c9VyF09P6zoSQkk3dWOX-ZaDS0V0lc/preview,https://drive.google.com/file/d/1J3c9VyF09P6zoSQkk3dWOX-ZaDS0V0lc/view?usp=drivesdk,NIE,0,0,NIE,OCR / konwersja skanu
drive-1z1tqwPbSky6FRL7FriIylGqB2r06Gm7x-79031,79031,79031,STHOR,79031,Czesci_zamienne_79031.pdf,,Rysunki wybuchowe,1z1tqwPbSky6FRL7FriIylGqB2r06Gm7x,https://drive.google.com/file/d/1z1tqwPbSky6FRL7FriIylGqB2r06Gm7x/preview,https://drive.google.com/file/d/1z1tqwPbSky6FRL7FriIylGqB2r06Gm7x/view?usp=drivesdk,NIE,0,0,NIE,OCR / konwersja skanu
drive-1Zpa-mI6K6lTfZKNzG3KxT3RV-9zcQQnZ-79032,79032,79032,STHOR,79032,Czesci_zamienne_79032.pdf,,Rysunki wybuchowe,1Zpa-mI6K6lTfZKNzG3KxT3RV-9zcQQnZ,https://drive.google.com/file/d/1Zpa-mI6K6lTfZKNzG3KxT3RV-9zcQQnZ/preview,https://drive.google.com/file/d/1Zpa-mI6K6lTfZKNzG3KxT3RV-9zcQQnZ/view?usp=drivesdk,NIE,0,0,NIE,OCR / konwersja skanu
drive-1-5qMz6jbDMuSMYGtQ3gL0b0mY2V6P8sg-79033,79033,79033,STHOR,79033,Czesci_zamienne_79033.pdf,,Rysunki wybuchowe,1-5qMz6jbDMuSMYGtQ3gL0b0mY2V6P8sg,https://drive.google.com/file/d/1-5qMz6jbDMuSMYGtQ3gL0b0mY2V6P8sg/preview,https://drive.google.com/file/d/1-5qMz6jbDMuSMYGtQ3gL0b0mY2V6P8sg/view?usp=drivesdk,NIE,0,0,NIE,OCR / konwersja skanu
drive-1IRUuvBdlQkAhkCxd_RXh_juJxYSr59Wx-79034,79034,79034,STHOR,79034,Czesci_zamienne_79034.pdf,,Rysunki wybuchowe,1IRUuvBdlQkAhkCxd_RXh_juJxYSr59Wx,https://drive.google.com/file/d/1IRUuvBdlQkAhkCxd_RXh_juJxYSr59Wx/preview,https://drive.google.com/file/d/1IRUuvBdlQkAhkCxd_RXh_juJxYSr59Wx/view?usp=drivesdk,NIE,0,0,NIE,OCR / konwersja skanu
drive-17WB9GG2QYkOcDdE4x0hvu8xRSNXtFDUh-79036,79036,79036,STHOR,79036,Czesci_zamienne_79036.pdf,,Rysunki wybuchowe,17WB9GG2QYkOcDdE4x0hvu8xRSNXtFDUh,https://drive.google.com/file/d/17WB9GG2QYkOcDdE4x0hvu8xRSNXtFDUh/preview,https://drive.google.com/file/d/17WB9GG2QYkOcDdE4x0hvu8xRSNXtFDUh/view?usp=drivesdk,NIE,0,0,NIE,OCR / konwersja skanu
drive-1-oCLlTzbVWNBhW6J_qMgVWkPzsECEcC2-79046,79046,79046,STHOR,79046,Czesci_zamienne_79046.pdf,,Rysunki wybuchowe,1-oCLlTzbVWNBhW6J_qMgVWkPzsECEcC2,https://drive.google.com/file/d/1-oCLlTzbVWNBhW6J_qMgVWkPzsECEcC2/preview,https://drive.google.com/file/d/1-oCLlTzbVWNBhW6J_qMgVWkPzsECEcC2/view?usp=drivesdk,NIE,0,0,NIE,OCR / konwersja skanu
drive-1Yf3OHbJYabwO0GsEArlBId01NjmwvTgx-79047,79047,79047,STHOR,79047,Czesci_zamienne_79047.pdf,,Rysunki wybuchowe,1Yf3OHbJYabwO0GsEArlBId01NjmwvTgx,https://drive.google.com/file/d/1Yf3OHbJYabwO0GsEArlBId01NjmwvTgx/preview,https://drive.google.com/file/d/1Yf3OHbJYabwO0GsEArlBId01NjmwvTgx/view?usp=drivesdk,NIE,0,0,NIE,OCR / konwersja skanu
drive-1Vfut3pUjIMKYwktEldXG0wCJst3mYLVN-79048,79048,79048,STHOR,79048,Czesci_zamienne_79048.pdf,,Rysunki wybuchowe,1Vfut3pUjIMKYwktEldXG0wCJst3mYLVN,https://drive.google.com/file/d/1Vfut3pUjIMKYwktEldXG0wCJst3mYLVN/preview,https://drive.google.com/file/d/1Vfut3pUjIMKYwktEldXG0wCJst3mYLVN/view?usp=drivesdk,NIE,0,0,NIE,OCR / konwersja skanu
drive-1PHT9YgeXoHtUP62jXe1dw-medNR2hJMX-79049,79049,79049,STHOR,79049,Czesci_zamienne_79049.pdf,,Rysunki wybuchowe,1PHT9YgeXoHtUP62jXe1dw-medNR2hJMX,https://drive.google.com/file/d/1PHT9YgeXoHtUP62jXe1dw-medNR2hJMX/preview,https://drive.google.com/file/d/1PHT9YgeXoHtUP62jXe1dw-medNR2hJMX/view?usp=drivesdk,NIE,0,0,NIE,OCR / konwersja skanu
drive-1Fbm26KFkhe_YCPasJkSws4TLT_gvqFnX-79053,79053,79053,STHOR,79053,Czesci_zamienne_79053.pdf,,Rysunki wybuchowe,1Fbm26KFkhe_YCPasJkSws4TLT_gvqFnX,https://drive.google.com/file/d/1Fbm26KFkhe_YCPasJkSws4TLT_gvqFnX/preview,https://drive.google.com/file/d/1Fbm26KFkhe_YCPasJkSws4TLT_gvqFnX/view?usp=drivesdk,NIE,0,0,NIE,OCR / konwersja skanu
drive-1-mp_iGtBEPNf-v0ikEe_rHuP4SsNV_nx-79054,79054,79054,STHOR,79054,Czesci_zamienne_79054.pdf,,Rysunki wybuchowe,1-mp_iGtBEPNf-v0ikEe_rHuP4SsNV_nx,https://drive.google.com/file/d/1-mp_iGtBEPNf-v0ikEe_rHuP4SsNV_nx/preview,https://drive.google.com/file/d/1-mp_iGtBEPNf-v0ikEe_rHuP4SsNV_nx/view?usp=drivesdk,NIE,0,0,NIE,OCR / konwersja skanu
drive-1vfcj1TCZWHe66kQT2JkuFSPhVstr0Srx-79056,79056,79056,STHOR,79056,Czesci_zamienne_79056.pdf,,Rysunki wybuchowe,1vfcj1TCZWHe66kQT2JkuFSPhVstr0Srx,https://drive.google.com/file/d/1vfcj1TCZWHe66kQT2JkuFSPhVstr0Srx/preview,https://drive.google.com/file/d/1vfcj1TCZWHe66kQT2JkuFSPhVstr0Srx/view?usp=drivesdk,NIE,0,0,NIE,OCR / konwersja skanu
drive-1EC7OPAYblDi974BllvM4joGS2Q9VMCqx-79071,79071,79071,STHOR,79071,Czesci_zamienne_79071.pdf,,Rysunki wybuchowe,1EC7OPAYblDi974BllvM4joGS2Q9VMCqx,https://drive.google.com/file/d/1EC7OPAYblDi974BllvM4joGS2Q9VMCqx/preview,https://drive.google.com/file/d/1EC7OPAYblDi974BllvM4joGS2Q9VMCqx/view?usp=drivesdk,NIE,0,0,NIE,OCR / konwersja skanu
drive-1X_on74CigPZjWBawtM6NVtcMxQqKr1hp-79076,79076,79076,STHOR,79076,Czesci_zamienne_79076.pdf,,Rysunki wybuchowe,1X_on74CigPZjWBawtM6NVtcMxQqKr1hp,https://drive.google.com/file/d/1X_on74CigPZjWBawtM6NVtcMxQqKr1hp/preview,https://drive.google.com/file/d/1X_on74CigPZjWBawtM6NVtcMxQqKr1hp/view?usp=drivesdk,NIE,0,0,NIE,OCR / konwersja skanu
drive-12ciSmc-3pa7ZPVehaWtr9XiTL19BS4QO-79090,79090,79090,STHOR,79090,Czesci_zamienne_79090.pdf,,Rysunki wybuchowe,12ciSmc-3pa7ZPVehaWtr9XiTL19BS4QO,https://drive.google.com/file/d/12ciSmc-3pa7ZPVehaWtr9XiTL19BS4QO/preview,https://drive.google.com/file/d/12ciSmc-3pa7ZPVehaWtr9XiTL19BS4QO/view?usp=drivesdk,NIE,0,0,NIE,OCR / konwersja skanu
drive-1ZKNMRILAGEJrIA2_y9VdIsVH6zBdnKUb-79093,79093,79093,STHOR,79093,Czesci_zamienne_79093.pdf,,Rysunki wybuchowe,1ZKNMRILAGEJrIA2_y9VdIsVH6zBdnKUb,https://drive.google.com/file/d/1ZKNMRILAGEJrIA2_y9VdIsVH6zBdnKUb/preview,https://drive.google.com/file/d/1ZKNMRILAGEJrIA2_y9VdIsVH6zBdnKUb/view?usp=drivesdk,NIE,0,0,NIE,OCR / konwersja skanu
drive-1JbjMbj7KnTlFYRUpiHPhL6ti0H5kbWFB-79094,79094,79094,STHOR,79094,Czesci_zamienne_79094.pdf,,Rysunki wybuchowe,1JbjMbj7KnTlFYRUpiHPhL6ti0H5kbWFB,https://drive.google.com/file/d/1JbjMbj7KnTlFYRUpiHPhL6ti0H5kbWFB/preview,https://drive.google.com/file/d/1JbjMbj7KnTlFYRUpiHPhL6ti0H5kbWFB/view?usp=drivesdk,NIE,0,0,NIE,OCR / konwersja skanu
drive-1ztHR7br6KPbQVe_eQ_ilROc8hMe4xDim-79099,79099,79099,STHOR,79099,Czesci_zamienne_79099.pdf,,Rysunki wybuchowe,1ztHR7br6KPbQVe_eQ_ilROc8hMe4xDim,https://drive.google.com/file/d/1ztHR7br6KPbQVe_eQ_ilROc8hMe4xDim/preview,https://drive.google.com/file/d/1ztHR7br6KPbQVe_eQ_ilROc8hMe4xDim/view?usp=drivesdk,NIE,0,0,NIE,OCR / konwersja skanu
drive-1R-rW9RPyG40aLX_ZikpY8JjA47lfiXVa-79100,79100,79100,STHOR,79100,Czesci_zamienne_79100.pdf,,Rysunki wybuchowe,1R-rW9RPyG40aLX_ZikpY8JjA47lfiXVa,https://drive.google.com/file/d/1R-rW9RPyG40aLX_ZikpY8JjA47lfiXVa/preview,https://drive.google.com/file/d/1R-rW9RPyG40aLX_ZikpY8JjA47lfiXVa/view?usp=drivesdk,NIE,0,0,NIE,OCR / konwersja skanu
drive-1Y7zLf-uVcdZbNrWYY7DghL9993CIVF2j-79101,79101,79101,STHOR,79101,Czesci_zamienne_79101.pdf,,Rysunki wybuchowe,1Y7zLf-uVcdZbNrWYY7DghL9993CIVF2j,https://drive.google.com/file/d/1Y7zLf-uVcdZbNrWYY7DghL9993CIVF2j/preview,https://drive.google.com/file/d/1Y7zLf-uVcdZbNrWYY7DghL9993CIVF2j/view?usp=drivesdk,NIE,0,0,NIE,OCR / konwersja skanu
drive-1c7jkwhjsooWNjVnf5BC6Msn779GaN22R-79104,79104,79104,STHOR,79104,Czesci_zamienne_79104.pdf,,Rysunki wybuchowe,1c7jkwhjsooWNjVnf5BC6Msn779GaN22R,https://drive.google.com/file/d/1c7jkwhjsooWNjVnf5BC6Msn779GaN22R/preview,https://drive.google.com/file/d/1c7jkwhjsooWNjVnf5BC6Msn779GaN22R/view?usp=drivesdk,NIE,0,0,NIE,OCR / konwersja skanu
drive-1Fsuc18Ei1Ir4diYsyqh_WuvGNr8_hoyB-79105,79105,79105,STHOR,79105,Czesci_zamienne_79105.pdf,,Rysunki wybuchowe,1Fsuc18Ei1Ir4diYsyqh_WuvGNr8_hoyB,https://drive.google.com/file/d/1Fsuc18Ei1Ir4diYsyqh_WuvGNr8_hoyB/preview,https://drive.google.com/file/d/1Fsuc18Ei1Ir4diYsyqh_WuvGNr8_hoyB/view?usp=drivesdk,NIE,0,0,NIE,OCR / konwersja skanu
drive-1F0p8x7nGsGJbOMGSCfTCfIVSHFsgjBVE-79109,79109,79109,STHOR,79109,Czesci_zamienne_79109.pdf,,Rysunki wybuchowe,1F0p8x7nGsGJbOMGSCfTCfIVSHFsgjBVE,https://drive.google.com/file/d/1F0p8x7nGsGJbOMGSCfTCfIVSHFsgjBVE/preview,https://drive.google.com/file/d/1F0p8x7nGsGJbOMGSCfTCfIVSHFsgjBVE/view?usp=drivesdk,NIE,0,0,NIE,OCR / konwersja skanu
drive-1yxrpIjlnLuEir3bfQTFBUeNq7JIQp1Fb-79113,79113,79113,STHOR,79113,Czesci_zamienne_79113.pdf,,Rysunki wybuchowe,1yxrpIjlnLuEir3bfQTFBUeNq7JIQp1Fb,https://drive.google.com/file/d/1yxrpIjlnLuEir3bfQTFBUeNq7JIQp1Fb/preview,https://drive.google.com/file/d/1yxrpIjlnLuEir3bfQTFBUeNq7JIQp1Fb/view?usp=drivesdk,NIE,0,0,NIE,OCR / konwersja skanu
drive-1R3QprKm7N-l52dDOZykK6eI-yzm9UgNn-79114,79114,79114,STHOR,79114,Czesci_zamienne_79114.pdf,,Rysunki wybuchowe,1R3QprKm7N-l52dDOZykK6eI-yzm9UgNn,https://drive.google.com/file/d/1R3QprKm7N-l52dDOZykK6eI-yzm9UgNn/preview,https://drive.google.com/file/d/1R3QprKm7N-l52dDOZykK6eI-yzm9UgNn/view?usp=drivesdk,NIE,0,0,NIE,OCR / konwersja skanu
drive-1a0PYb-2AuKE_D_j4UyTdsQOer0i2u2Is-79116,79116,79116,STHOR,79116,Czesci_zamienne_79116.pdf,,Rysunki wybuchowe,1a0PYb-2AuKE_D_j4UyTdsQOer0i2u2Is,https://drive.google.com/file/d/1a0PYb-2AuKE_D_j4UyTdsQOer0i2u2Is/preview,https://drive.google.com/file/d/1a0PYb-2AuKE_D_j4UyTdsQOer0i2u2Is/view?usp=drivesdk,NIE,0,0,NIE,OCR / konwersja skanu
drive-1_FQCzr5S3KvYUxl7tvec9kRdYbp0iP9d-79118,79118,79118,STHOR,79118,Czesci_zamienne_79118.pdf,,Rysunki wybuchowe,1_FQCzr5S3KvYUxl7tvec9kRdYbp0iP9d,https://drive.google.com/file/d/1_FQCzr5S3KvYUxl7tvec9kRdYbp0iP9d/preview,https://drive.google.com/file/d/1_FQCzr5S3KvYUxl7tvec9kRdYbp0iP9d/view?usp=drivesdk,NIE,0,0,NIE,OCR / konwersja skanu
drive-1IRmwXZvSQNlRYcBUKr64iRpLUwI6NtGg-79120,79120,79120,STHOR,79120,Czesci_zamienne_79120.pdf,,Rysunki wybuchowe,1IRmwXZvSQNlRYcBUKr64iRpLUwI6NtGg,https://drive.google.com/file/d/1IRmwXZvSQNlRYcBUKr64iRpLUwI6NtGg/preview,https://drive.google.com/file/d/1IRmwXZvSQNlRYcBUKr64iRpLUwI6NtGg/view?usp=drivesdk,NIE,0,0,NIE,OCR / konwersja skanu
drive-1dXWTFM2mvnUB0GJjnOxwkU9qTUB24xgO-79123,79123,79123,STHOR,79123,Czesci_zamienne_79123.pdf,,Rysunki wybuchowe,1dXWTFM2mvnUB0GJjnOxwkU9qTUB24xgO,https://drive.google.com/file/d/1dXWTFM2mvnUB0GJjnOxwkU9qTUB24xgO/preview,https://drive.google.com/file/d/1dXWTFM2mvnUB0GJjnOxwkU9qTUB24xgO/view?usp=drivesdk,NIE,0,0,NIE,OCR / konwersja skanu
drive-1dLcMEM1b_Bj8oPw4bowgWXzUHitVSnAH-79124,79124,79124,STHOR,79124,Czesci_zamienne_79124.pdf,,Rysunki wybuchowe,1dLcMEM1b_Bj8oPw4bowgWXzUHitVSnAH,https://drive.google.com/file/d/1dLcMEM1b_Bj8oPw4bowgWXzUHitVSnAH/preview,https://drive.google.com/file/d/1dLcMEM1b_Bj8oPw4bowgWXzUHitVSnAH/view?usp=drivesdk,NIE,0,0,NIE,OCR / konwersja skanu
drive-1YHEf0zGrU6oYoHJI6Uzrx1wSBqSc4unA-79125,79125,79125,STHOR,79125,Czesci_zamienne_79125.pdf,,Rysunki wybuchowe,1YHEf0zGrU6oYoHJI6Uzrx1wSBqSc4unA,https://drive.google.com/file/d/1YHEf0zGrU6oYoHJI6Uzrx1wSBqSc4unA/preview,https://drive.google.com/file/d/1YHEf0zGrU6oYoHJI6Uzrx1wSBqSc4unA/view?usp=drivesdk,NIE,0,0,NIE,OCR / konwersja skanu
drive-1j4QxNIYDcX7mMcD_WmNYaa5J3DE3zgkU-79129,79129,79129,STHOR,79129,Czesci_zamienne_79129.pdf,,Rysunki wybuchowe,1j4QxNIYDcX7mMcD_WmNYaa5J3DE3zgkU,https://drive.google.com/file/d/1j4QxNIYDcX7mMcD_WmNYaa5J3DE3zgkU/preview,https://drive.google.com/file/d/1j4QxNIYDcX7mMcD_WmNYaa5J3DE3zgkU/view?usp=drivesdk,NIE,0,0,NIE,OCR / konwersja skanu
drive-1S33LPCTbEURd-Mk8OW4CYY-0aRiypA-E-79135,79135,79135,STHOR,79135,Czesci_zamienne_79135.pdf,,Rysunki wybuchowe,1S33LPCTbEURd-Mk8OW4CYY-0aRiypA-E,https://drive.google.com/file/d/1S33LPCTbEURd-Mk8OW4CYY-0aRiypA-E/preview,https://drive.google.com/file/d/1S33LPCTbEURd-Mk8OW4CYY-0aRiypA-E/view?usp=drivesdk,NIE,0,0,NIE,OCR / konwersja skanu
drive-1qXLZsA82lFHcsLyZYJuse2fgVU_PkSTI-79141,79141,79141,STHOR,79141,Czesci_zamienne_79141.pdf,,Rysunki wybuchowe,1qXLZsA82lFHcsLyZYJuse2fgVU_PkSTI,https://drive.google.com/file/d/1qXLZsA82lFHcsLyZYJuse2fgVU_PkSTI/preview,https://drive.google.com/file/d/1qXLZsA82lFHcsLyZYJuse2fgVU_PkSTI/view?usp=drivesdk,NIE,0,0,NIE,OCR / konwersja skanu
drive-1-hpI-ASLvKuzK3vSzcOplpejYPQnu0gC-79143,79143,79143,STHOR,79143,Czesci_zamienne_79143.pdf,,Rysunki wybuchowe,1-hpI-ASLvKuzK3vSzcOplpejYPQnu0gC,https://drive.google.com/file/d/1-hpI-ASLvKuzK3vSzcOplpejYPQnu0gC/preview,https://drive.google.com/file/d/1-hpI-ASLvKuzK3vSzcOplpejYPQnu0gC/view?usp=drivesdk,NIE,0,0,NIE,OCR / konwersja skanu
drive-1mXI_fsrobIP9Z1ZUuN4qVrPGNF1x1u_--79150,79150,79150,STHOR,79150,Czesci_zamienne_79150.pdf,,Rysunki wybuchowe,1mXI_fsrobIP9Z1ZUuN4qVrPGNF1x1u_-,https://drive.google.com/file/d/1mXI_fsrobIP9Z1ZUuN4qVrPGNF1x1u_-/preview,https://drive.google.com/file/d/1mXI_fsrobIP9Z1ZUuN4qVrPGNF1x1u_-/view?usp=drivesdk,NIE,0,0,NIE,OCR / konwersja skanu
drive-16D5kV9jImW0kl_I9HEaicwfv6pqfWSKc-79237,79237,79237,STHOR,79237,Czesci_zamienne_79237.pdf,,Rysunki wybuchowe,16D5kV9jImW0kl_I9HEaicwfv6pqfWSKc,https://drive.google.com/file/d/16D5kV9jImW0kl_I9HEaicwfv6pqfWSKc/preview,https://drive.google.com/file/d/16D5kV9jImW0kl_I9HEaicwfv6pqfWSKc/view?usp=drivesdk,NIE,0,0,NIE,OCR / konwersja skanu
drive-1Qi-AbEB1QmeWIkjxpQmryFgbX14rsyXu-79238,79238,79238,STHOR,79238,Czesci_zamienne_79238.pdf,,Rysunki wybuchowe,1Qi-AbEB1QmeWIkjxpQmryFgbX14rsyXu,https://drive.google.com/file/d/1Qi-AbEB1QmeWIkjxpQmryFgbX14rsyXu/preview,https://drive.google.com/file/d/1Qi-AbEB1QmeWIkjxpQmryFgbX14rsyXu/view?usp=drivesdk,NIE,0,0,NIE,OCR / konwersja skanu
drive-15okrjhE4unDsv4avUbA6DEu5l7c-P6WX-79239,79239,79239,STHOR,79239,Czesci_zamienne_79239.pdf,,Rysunki wybuchowe,15okrjhE4unDsv4avUbA6DEu5l7c-P6WX,https://drive.google.com/file/d/15okrjhE4unDsv4avUbA6DEu5l7c-P6WX/preview,https://drive.google.com/file/d/15okrjhE4unDsv4avUbA6DEu5l7c-P6WX/view?usp=drivesdk,NIE,0,0,NIE,OCR / konwersja skanu
drive-19ZlvqlfapiAo97bRCcduoD7db_nU7FSc-79240,79240,79240,STHOR,79240,Czesci_zamienne_79240.pdf,,Rysunki wybuchowe,19ZlvqlfapiAo97bRCcduoD7db_nU7FSc,https://drive.google.com/file/d/19ZlvqlfapiAo97bRCcduoD7db_nU7FSc/preview,https://drive.google.com/file/d/19ZlvqlfapiAo97bRCcduoD7db_nU7FSc/view?usp=drivesdk,NIE,0,0,NIE,OCR / konwersja skanu
drive-1pdp2-_UklAiIEExQluNwX9wos-v8edRT-79248,79248,79248,STHOR,79248,Czesci_zamienne_79248.pdf,,Rysunki wybuchowe,1pdp2-_UklAiIEExQluNwX9wos-v8edRT,https://drive.google.com/file/d/1pdp2-_UklAiIEExQluNwX9wos-v8edRT/preview,https://drive.google.com/file/d/1pdp2-_UklAiIEExQluNwX9wos-v8edRT/view?usp=drivesdk,NIE,0,0,NIE,OCR / konwersja skanu
drive-1tlWTKEhqLq_K2V4CiNefm9aOvUx0J48B-79249,79249,79249,STHOR,79249,Czesci_zamienne_79249.pdf,,Rysunki wybuchowe,1tlWTKEhqLq_K2V4CiNefm9aOvUx0J48B,https://drive.google.com/file/d/1tlWTKEhqLq_K2V4CiNefm9aOvUx0J48B/preview,https://drive.google.com/file/d/1tlWTKEhqLq_K2V4CiNefm9aOvUx0J48B/view?usp=drivesdk,NIE,0,0,NIE,OCR / konwersja skanu
drive-1UOPjm_W0l9UldHBLDqr654zir8s2q7rM-79252,79252,79252,STHOR,79252,Czesci_zamienne_79252.pdf,,Rysunki wybuchowe,1UOPjm_W0l9UldHBLDqr654zir8s2q7rM,https://drive.google.com/file/d/1UOPjm_W0l9UldHBLDqr654zir8s2q7rM/preview,https://drive.google.com/file/d/1UOPjm_W0l9UldHBLDqr654zir8s2q7rM/view?usp=drivesdk,NIE,0,0,NIE,OCR / konwersja skanu
drive-1rDwndG7ZNkue2vlpZbMrn0FuTh_tFtBX-79253,79253,79253,STHOR,79253,Czesci_zamienne_79253.pdf,,Rysunki wybuchowe,1rDwndG7ZNkue2vlpZbMrn0FuTh_tFtBX,https://drive.google.com/file/d/1rDwndG7ZNkue2vlpZbMrn0FuTh_tFtBX/preview,https://drive.google.com/file/d/1rDwndG7ZNkue2vlpZbMrn0FuTh_tFtBX/view?usp=drivesdk,NIE,0,0,NIE,OCR / konwersja skanu
drive-1giLuN7cH1zWQMhct_-GkTBHIag3--sdQ-79254,79254,79254,STHOR,79254,Czesci_zamienne_79254.pdf,,Rysunki wybuchowe,1giLuN7cH1zWQMhct_-GkTBHIag3--sdQ,https://drive.google.com/file/d/1giLuN7cH1zWQMhct_-GkTBHIag3--sdQ/preview,https://drive.google.com/file/d/1giLuN7cH1zWQMhct_-GkTBHIag3--sdQ/view?usp=drivesdk,NIE,0,0,NIE,OCR / konwersja skanu
drive-1EuRI6vckteTC--6wJ2c6VQlS1jleDBm8-79257,79257,79257,STHOR,79257,Czesci_zamienne_79257.pdf,,Rysunki wybuchowe,1EuRI6vckteTC--6wJ2c6VQlS1jleDBm8,https://drive.google.com/file/d/1EuRI6vckteTC--6wJ2c6VQlS1jleDBm8/preview,https://drive.google.com/file/d/1EuRI6vckteTC--6wJ2c6VQlS1jleDBm8/view?usp=drivesdk,NIE,0,0,NIE,OCR / konwersja skanu
drive-1ZoEF57Z9MDvindGmkoZ6DaPKa4xudaWI-79275,79275,79275,STHOR,79275,Czesci_zamienne_79275.pdf,,Rysunki wybuchowe,1ZoEF57Z9MDvindGmkoZ6DaPKa4xudaWI,https://drive.google.com/file/d/1ZoEF57Z9MDvindGmkoZ6DaPKa4xudaWI/preview,https://drive.google.com/file/d/1ZoEF57Z9MDvindGmkoZ6DaPKa4xudaWI/view?usp=drivesdk,NIE,0,0,NIE,OCR / konwersja skanu
drive-1HRvXCe7mIn0puH53p65TUQqn7PKGR78N-79307,79307,79307,STHOR,79307,Czesci_zamienne_79307.pdf,,Rysunki wybuchowe,1HRvXCe7mIn0puH53p65TUQqn7PKGR78N,https://drive.google.com/file/d/1HRvXCe7mIn0puH53p65TUQqn7PKGR78N/preview,https://drive.google.com/file/d/1HRvXCe7mIn0puH53p65TUQqn7PKGR78N/view?usp=drivesdk,NIE,0,0,NIE,OCR / konwersja skanu
drive-1VL2_7rmkBKZwiztXPZGFrenAx8es48Yo-79309,79309,79309,STHOR,79309,Czesci_zamienne_79309.pdf,,Rysunki wybuchowe,1VL2_7rmkBKZwiztXPZGFrenAx8es48Yo,https://drive.google.com/file/d/1VL2_7rmkBKZwiztXPZGFrenAx8es48Yo/preview,https://drive.google.com/file/d/1VL2_7rmkBKZwiztXPZGFrenAx8es48Yo/view?usp=drivesdk,NIE,0,0,NIE,OCR / konwersja skanu
drive-1UCtisEy87QTtDBeYroSqv9xrcIydaXSG-79314,79314,79314,STHOR,79314,Czesci_zamienne_79314.pdf,,Rysunki wybuchowe,1UCtisEy87QTtDBeYroSqv9xrcIydaXSG,https://drive.google.com/file/d/1UCtisEy87QTtDBeYroSqv9xrcIydaXSG/preview,https://drive.google.com/file/d/1UCtisEy87QTtDBeYroSqv9xrcIydaXSG/view?usp=drivesdk,NIE,0,0,NIE,OCR / konwersja skanu
drive-1LUyAJKY9RgjpXEdJJqm6rkjMMdcS_XD2-79318,79318,79318,STHOR,79318,Czesci_zamienne_79318.pdf,,Rysunki wybuchowe,1LUyAJKY9RgjpXEdJJqm6rkjMMdcS_XD2,https://drive.google.com/file/d/1LUyAJKY9RgjpXEdJJqm6rkjMMdcS_XD2/preview,https://drive.google.com/file/d/1LUyAJKY9RgjpXEdJJqm6rkjMMdcS_XD2/view?usp=drivesdk,NIE,0,0,NIE,OCR / konwersja skanu
drive-19vuAEzV4iQEjxybhwffE2ClYkUUWsKrU-79319,79319,79319,STHOR,79319,Czesci_zamienne_79319.pdf,,Rysunki wybuchowe,19vuAEzV4iQEjxybhwffE2ClYkUUWsKrU,https://drive.google.com/file/d/19vuAEzV4iQEjxybhwffE2ClYkUUWsKrU/preview,https://drive.google.com/file/d/19vuAEzV4iQEjxybhwffE2ClYkUUWsKrU/view?usp=drivesdk,NIE,0,0,NIE,OCR / konwersja skanu
drive-1jWP8sFLq4nHONuf93hnA0ZCsmZf8hYFC-79320,79320,79320,STHOR,79320,Czesci_zamienne_79320.pdf,,Rysunki wybuchowe,1jWP8sFLq4nHONuf93hnA0ZCsmZf8hYFC,https://drive.google.com/file/d/1jWP8sFLq4nHONuf93hnA0ZCsmZf8hYFC/preview,https://drive.google.com/file/d/1jWP8sFLq4nHONuf93hnA0ZCsmZf8hYFC/view?usp=drivesdk,NIE,0,0,NIE,OCR / konwersja skanu
drive-1GT2V3xFZVgJtUnMBRXtcWwPoYbqWH_Wm-79322,79322,79322,STHOR,79322,Czesci_zamienne_79322.pdf,,Rysunki wybuchowe,1GT2V3xFZVgJtUnMBRXtcWwPoYbqWH_Wm,https://drive.google.com/file/d/1GT2V3xFZVgJtUnMBRXtcWwPoYbqWH_Wm/preview,https://drive.google.com/file/d/1GT2V3xFZVgJtUnMBRXtcWwPoYbqWH_Wm/view?usp=drivesdk,NIE,0,0,NIE,OCR / konwersja skanu
drive-1IsRnrFO1R2THlL1LQK77Ypo31MbVjjs4-79324,79324,79324,STHOR,79324,Czesci_zamienne_79324.pdf,,Rysunki wybuchowe,1IsRnrFO1R2THlL1LQK77Ypo31MbVjjs4,https://drive.google.com/file/d/1IsRnrFO1R2THlL1LQK77Ypo31MbVjjs4/preview,https://drive.google.com/file/d/1IsRnrFO1R2THlL1LQK77Ypo31MbVjjs4/view?usp=drivesdk,NIE,0,0,NIE,OCR / konwersja skanu
drive-1GWWfU8FaTSuzxZwuLG32seT5tROWTmck-79325,79325,79325,STHOR,79325,Czesci_zamienne_79325.pdf,,Rysunki wybuchowe,1GWWfU8FaTSuzxZwuLG32seT5tROWTmck,https://drive.google.com/file/d/1GWWfU8FaTSuzxZwuLG32seT5tROWTmck/preview,https://drive.google.com/file/d/1GWWfU8FaTSuzxZwuLG32seT5tROWTmck/view?usp=drivesdk,NIE,0,0,NIE,OCR / konwersja skanu
drive-1oyZ4lcC_7v3E1UYFEuhP0zPfk3tyQM5e-79326,79326,79326,STHOR,79326,Czesci_zamienne_79326.pdf,,Rysunki wybuchowe,1oyZ4lcC_7v3E1UYFEuhP0zPfk3tyQM5e,https://drive.google.com/file/d/1oyZ4lcC_7v3E1UYFEuhP0zPfk3tyQM5e/preview,https://drive.google.com/file/d/1oyZ4lcC_7v3E1UYFEuhP0zPfk3tyQM5e/view?usp=drivesdk,NIE,0,0,NIE,OCR / konwersja skanu
drive-1YaTOxhCF3vDnDaTOGwsdB_sU7Txpn_Zj-79327,79327,79327,STHOR,79327,Czesci_zamienne_79327.pdf,,Rysunki wybuchowe,1YaTOxhCF3vDnDaTOGwsdB_sU7Txpn_Zj,https://drive.google.com/file/d/1YaTOxhCF3vDnDaTOGwsdB_sU7Txpn_Zj/preview,https://drive.google.com/file/d/1YaTOxhCF3vDnDaTOGwsdB_sU7Txpn_Zj/view?usp=drivesdk,NIE,0,0,NIE,OCR / konwersja skanu
drive-16EiP2d9Q2sOf7-Dicuz_2rcc4SzKDYZL-79328,79328,79328,STHOR,79328,Czesci_zamienne_79328.pdf,,Rysunki wybuchowe,16EiP2d9Q2sOf7-Dicuz_2rcc4SzKDYZL,https://drive.google.com/file/d/16EiP2d9Q2sOf7-Dicuz_2rcc4SzKDYZL/preview,https://drive.google.com/file/d/16EiP2d9Q2sOf7-Dicuz_2rcc4SzKDYZL/view?usp=drivesdk,NIE,0,0,NIE,OCR / konwersja skanu
drive-1qdUDX0EOtPIXr1b2AeFgYnfqorq-ln8G-79329,79329,79329,STHOR,79329,Czesci_zamienne_79329.pdf,,Rysunki wybuchowe,1qdUDX0EOtPIXr1b2AeFgYnfqorq-ln8G,https://drive.google.com/file/d/1qdUDX0EOtPIXr1b2AeFgYnfqorq-ln8G/preview,https://drive.google.com/file/d/1qdUDX0EOtPIXr1b2AeFgYnfqorq-ln8G/view?usp=drivesdk,NIE,0,0,NIE,OCR / konwersja skanu
drive-1vgmfcKzACFbcs1VVBPjtEdTo2aR2pBhb-79332,79332,79332,STHOR,79332,Czesci_zamienne_79332.pdf,,Rysunki wybuchowe,1vgmfcKzACFbcs1VVBPjtEdTo2aR2pBhb,https://drive.google.com/file/d/1vgmfcKzACFbcs1VVBPjtEdTo2aR2pBhb/preview,https://drive.google.com/file/d/1vgmfcKzACFbcs1VVBPjtEdTo2aR2pBhb/view?usp=drivesdk,NIE,0,0,NIE,OCR / konwersja skanu
drive-1JGHK9WQjD2LCt3KXuCtwY2GutzX1NfXD-79334,79334,79334,STHOR,79334,Czesci_zamienne_79334.pdf,,Rysunki wybuchowe,1JGHK9WQjD2LCt3KXuCtwY2GutzX1NfXD,https://drive.google.com/file/d/1JGHK9WQjD2LCt3KXuCtwY2GutzX1NfXD/preview,https://drive.google.com/file/d/1JGHK9WQjD2LCt3KXuCtwY2GutzX1NfXD/view?usp=drivesdk,NIE,0,0,NIE,OCR / konwersja skanu
drive-1TEeecaBvzMZdhcn5TXr4bi_AGJ2Xj0Bg-79350,79350,79350,STHOR,79350,Czesci_zamienne_79350.pdf,,Rysunki wybuchowe,1TEeecaBvzMZdhcn5TXr4bi_AGJ2Xj0Bg,https://drive.google.com/file/d/1TEeecaBvzMZdhcn5TXr4bi_AGJ2Xj0Bg/preview,https://drive.google.com/file/d/1TEeecaBvzMZdhcn5TXr4bi_AGJ2Xj0Bg/view?usp=drivesdk,NIE,0,0,NIE,OCR / konwersja skanu
drive-1ld_yETXV-b5ycKSO6Y2bQf5-eSnRRpGC-79352,79352,79352,STHOR,79352,Czesci_zamienne_79352.pdf,,Rysunki wybuchowe,1ld_yETXV-b5ycKSO6Y2bQf5-eSnRRpGC,https://drive.google.com/file/d/1ld_yETXV-b5ycKSO6Y2bQf5-eSnRRpGC/preview,https://drive.google.com/file/d/1ld_yETXV-b5ycKSO6Y2bQf5-eSnRRpGC/view?usp=drivesdk,NIE,0,0,NIE,OCR / konwersja skanu
drive-1CaDkhthstYF77Q9AZUbDAwFsDDKqTe4R-79353,79353,79353,STHOR,79353,Czesci_zamienne_79353.pdf,,Rysunki wybuchowe,1CaDkhthstYF77Q9AZUbDAwFsDDKqTe4R,https://drive.google.com/file/d/1CaDkhthstYF77Q9AZUbDAwFsDDKqTe4R/preview,https://drive.google.com/file/d/1CaDkhthstYF77Q9AZUbDAwFsDDKqTe4R/view?usp=drivesdk,NIE,0,0,NIE,OCR / konwersja skanu
drive-1fIF9WHrNgLi-khmNi6x6g1v-eEsBqjpJ-79355,79355,79355,STHOR,79355,Czesci_zamienne_79355.pdf,,Rysunki wybuchowe,1fIF9WHrNgLi-khmNi6x6g1v-eEsBqjpJ,https://drive.google.com/file/d/1fIF9WHrNgLi-khmNi6x6g1v-eEsBqjpJ/preview,https://drive.google.com/file/d/1fIF9WHrNgLi-khmNi6x6g1v-eEsBqjpJ/view?usp=drivesdk,NIE,0,0,NIE,OCR / konwersja skanu
drive-1G8UPDUL1FPZRlyn7w7n6MiYBvJAgYZPl-79358,79358,79358,STHOR,79358,Czesci_zamienne_79358.pdf,,Rysunki wybuchowe,1G8UPDUL1FPZRlyn7w7n6MiYBvJAgYZPl,https://drive.google.com/file/d/1G8UPDUL1FPZRlyn7w7n6MiYBvJAgYZPl/preview,https://drive.google.com/file/d/1G8UPDUL1FPZRlyn7w7n6MiYBvJAgYZPl/view?usp=drivesdk,NIE,0,0,NIE,OCR / konwersja skanu
drive-1I1jRucw1ArY1Hf3XABAig_8fBDNV04hW-79363,79363,79363,STHOR,79363,Czesci_zamienne_79363.pdf,,Rysunki wybuchowe,1I1jRucw1ArY1Hf3XABAig_8fBDNV04hW,https://drive.google.com/file/d/1I1jRucw1ArY1Hf3XABAig_8fBDNV04hW/preview,https://drive.google.com/file/d/1I1jRucw1ArY1Hf3XABAig_8fBDNV04hW/view?usp=drivesdk,NIE,0,0,NIE,OCR / konwersja skanu
drive-1rnZdVpUvx5F0v2VrAp3Q67YUE5T9IuGl-79364,79364,79364,STHOR,79364,Czesci_zamienne_79364.pdf,,Rysunki wybuchowe,1rnZdVpUvx5F0v2VrAp3Q67YUE5T9IuGl,https://drive.google.com/file/d/1rnZdVpUvx5F0v2VrAp3Q67YUE5T9IuGl/preview,https://drive.google.com/file/d/1rnZdVpUvx5F0v2VrAp3Q67YUE5T9IuGl/view?usp=drivesdk,NIE,0,0,NIE,OCR / konwersja skanu
drive-13ow-9JWomY4LzCxXu6feqxCDg8Ymd9lJ-79376,79376,79376,STHOR,79376,Czesci_zamienne_79376.pdf,,Rysunki wybuchowe,13ow-9JWomY4LzCxXu6feqxCDg8Ymd9lJ,https://drive.google.com/file/d/13ow-9JWomY4LzCxXu6feqxCDg8Ymd9lJ/preview,https://drive.google.com/file/d/13ow-9JWomY4LzCxXu6feqxCDg8Ymd9lJ/view?usp=drivesdk,NIE,0,0,NIE,OCR / konwersja skanu
drive-1L7hIuvjR4TjaAYHBwXc3XkYR0R1iWgNu-79379,79379,79379,STHOR,79379,Czesci_zamienne_79379.pdf,,Rysunki wybuchowe,1L7hIuvjR4TjaAYHBwXc3XkYR0R1iWgNu,https://drive.google.com/file/d/1L7hIuvjR4TjaAYHBwXc3XkYR0R1iWgNu/preview,https://drive.google.com/file/d/1L7hIuvjR4TjaAYHBwXc3XkYR0R1iWgNu/view?usp=drivesdk,NIE,0,0,NIE,OCR / konwersja skanu
drive-1W19cNIBj_lhpFtxU6HQkiKFxzpCR_loD-79382,79382,79382,STHOR,79382,Czesci_zamienne_79382.pdf,,Rysunki wybuchowe,1W19cNIBj_lhpFtxU6HQkiKFxzpCR_loD,https://drive.google.com/file/d/1W19cNIBj_lhpFtxU6HQkiKFxzpCR_loD/preview,https://drive.google.com/file/d/1W19cNIBj_lhpFtxU6HQkiKFxzpCR_loD/view?usp=drivesdk,NIE,0,0,NIE,OCR / konwersja skanu
drive-17IcUHyl1__cifb_edar0k8FQiSw488PM-79383,79383,79383,STHOR,79383,Czesci_zamienne_79383.pdf,,Rysunki wybuchowe,17IcUHyl1__cifb_edar0k8FQiSw488PM,https://drive.google.com/file/d/17IcUHyl1__cifb_edar0k8FQiSw488PM/preview,https://drive.google.com/file/d/17IcUHyl1__cifb_edar0k8FQiSw488PM/view?usp=drivesdk,NIE,0,0,NIE,OCR / konwersja skanu
drive-1DJkQ_K_y7pOFgbFyaNmWdNXflAPDS2pK-79385,79385,79385,STHOR,79385,Czesci_zamienne_79385.pdf,,Rysunki wybuchowe,1DJkQ_K_y7pOFgbFyaNmWdNXflAPDS2pK,https://drive.google.com/file/d/1DJkQ_K_y7pOFgbFyaNmWdNXflAPDS2pK/preview,https://drive.google.com/file/d/1DJkQ_K_y7pOFgbFyaNmWdNXflAPDS2pK/view?usp=drivesdk,NIE,0,0,NIE,OCR / konwersja skanu
drive-1nubcwICBkz07C_Wz-38vvANbJwuWL10o-79500,79500,79500,STHOR,79500,Czesci_zamienne_79500.pdf,,Rysunki wybuchowe,1nubcwICBkz07C_Wz-38vvANbJwuWL10o,https://drive.google.com/file/d/1nubcwICBkz07C_Wz-38vvANbJwuWL10o/preview,https://drive.google.com/file/d/1nubcwICBkz07C_Wz-38vvANbJwuWL10o/view?usp=drivesdk,NIE,0,0,NIE,OCR / konwersja skanu
drive-1wKITWq4Ha7rW5y47fObocPxkClfUsR8z-79725,79725,79725,STHOR,79725,Czesci_zamienne_79725.pdf,,Rysunki wybuchowe,1wKITWq4Ha7rW5y47fObocPxkClfUsR8z,https://drive.google.com/file/d/1wKITWq4Ha7rW5y47fObocPxkClfUsR8z/preview,https://drive.google.com/file/d/1wKITWq4Ha7rW5y47fObocPxkClfUsR8z/view?usp=drivesdk,NIE,0,0,NIE,OCR / konwersja skanu
drive-1nqV36xlOegW408l_G2ibUmMd48mbWB2x-79734,79734,79734,STHOR,79734,Czesci_zamienne_79734.pdf,,Rysunki wybuchowe,1nqV36xlOegW408l_G2ibUmMd48mbWB2x,https://drive.google.com/file/d/1nqV36xlOegW408l_G2ibUmMd48mbWB2x/preview,https://drive.google.com/file/d/1nqV36xlOegW408l_G2ibUmMd48mbWB2x/view?usp=drivesdk,NIE,0,0,NIE,OCR / konwersja skanu
drive-1v6HHKusS2bVzyVoyLkWSDQ9Ww5nUkh5F-79771,79771,79771,STHOR,79771,Czesci_zamienne_79771.pdf,,Rysunki wybuchowe,1v6HHKusS2bVzyVoyLkWSDQ9Ww5nUkh5F,https://drive.google.com/file/d/1v6HHKusS2bVzyVoyLkWSDQ9Ww5nUkh5F/preview,https://drive.google.com/file/d/1v6HHKusS2bVzyVoyLkWSDQ9Ww5nUkh5F/view?usp=drivesdk,NIE,0,0,NIE,OCR / konwersja skanu
drive-1WT1VTL1x6T2bgnO-MI6jzGtdyvUoOfbU-79772,79772,79772,STHOR,79772,Czesci_zamienne_79772.pdf,,Rysunki wybuchowe,1WT1VTL1x6T2bgnO-MI6jzGtdyvUoOfbU,https://drive.google.com/file/d/1WT1VTL1x6T2bgnO-MI6jzGtdyvUoOfbU/preview,https://drive.google.com/file/d/1WT1VTL1x6T2bgnO-MI6jzGtdyvUoOfbU/view?usp=drivesdk,NIE,0,0,NIE,OCR / konwersja skanu
drive-1smd8rPu_--juSynsaGy4U19aGvpnpfo5-79773,79773,79773,STHOR,79773,Czesci_zamienne_79773.pdf,,Rysunki wybuchowe,1smd8rPu_--juSynsaGy4U19aGvpnpfo5,https://drive.google.com/file/d/1smd8rPu_--juSynsaGy4U19aGvpnpfo5/preview,https://drive.google.com/file/d/1smd8rPu_--juSynsaGy4U19aGvpnpfo5/view?usp=drivesdk,NIE,0,0,NIE,OCR / konwersja skanu
drive-1_eh_Gvk100ooD00oM2xJWUGkz2xpiBv5-79774,79774,79774,STHOR,79774,Czesci_zamienne_79774.pdf,,Rysunki wybuchowe,1_eh_Gvk100ooD00oM2xJWUGkz2xpiBv5,https://drive.google.com/file/d/1_eh_Gvk100ooD00oM2xJWUGkz2xpiBv5/preview,https://drive.google.com/file/d/1_eh_Gvk100ooD00oM2xJWUGkz2xpiBv5/view?usp=drivesdk,NIE,0,0,NIE,OCR / konwersja skanu
drive-1ncrX6XI_f5ZTjfhQNjL0dxfGOD11OcGR-79775,79775,79775,STHOR,79775,Czesci_zamienne_79775.pdf,,Rysunki wybuchowe,1ncrX6XI_f5ZTjfhQNjL0dxfGOD11OcGR,https://drive.google.com/file/d/1ncrX6XI_f5ZTjfhQNjL0dxfGOD11OcGR/preview,https://drive.google.com/file/d/1ncrX6XI_f5ZTjfhQNjL0dxfGOD11OcGR/view?usp=drivesdk,NIE,0,0,NIE,OCR / konwersja skanu
drive-1xGN5aXMLmBS9Oez5MaaDz4Cdbrxp7aGH-79781,79781,79781,STHOR,79781,Czesci_zamienne_79781.pdf,,Rysunki wybuchowe,1xGN5aXMLmBS9Oez5MaaDz4Cdbrxp7aGH,https://drive.google.com/file/d/1xGN5aXMLmBS9Oez5MaaDz4Cdbrxp7aGH/preview,https://drive.google.com/file/d/1xGN5aXMLmBS9Oez5MaaDz4Cdbrxp7aGH/view?usp=drivesdk,NIE,0,0,NIE,OCR / konwersja skanu
drive-1B8exKPRSxus5LOozeySkp6hboiuiJVPR-79782,79782,79782,STHOR,79782,Czesci_zamienne_79782.pdf,,Rysunki wybuchowe,1B8exKPRSxus5LOozeySkp6hboiuiJVPR,https://drive.google.com/file/d/1B8exKPRSxus5LOozeySkp6hboiuiJVPR/preview,https://drive.google.com/file/d/1B8exKPRSxus5LOozeySkp6hboiuiJVPR/view?usp=drivesdk,NIE,0,0,NIE,OCR / konwersja skanu
drive-156Om4VOz34PgcJbAl80bYQI2ZNex_N-5-79783,79783,79783,STHOR,79783,Czesci_zamienne_79783.pdf,,Rysunki wybuchowe,156Om4VOz34PgcJbAl80bYQI2ZNex_N-5,https://drive.google.com/file/d/156Om4VOz34PgcJbAl80bYQI2ZNex_N-5/preview,https://drive.google.com/file/d/156Om4VOz34PgcJbAl80bYQI2ZNex_N-5/view?usp=drivesdk,NIE,0,0,NIE,OCR / konwersja skanu
drive-1-cJTp-3gLckuqYXUiF2nB5EN7_IV83bD-79790,79790,79790,STHOR,79790,Czesci_zamienne_79790.pdf,,Rysunki wybuchowe,1-cJTp-3gLckuqYXUiF2nB5EN7_IV83bD,https://drive.google.com/file/d/1-cJTp-3gLckuqYXUiF2nB5EN7_IV83bD/preview,https://drive.google.com/file/d/1-cJTp-3gLckuqYXUiF2nB5EN7_IV83bD/view?usp=drivesdk,NIE,0,0,NIE,OCR / konwersja skanu
drive-1RDgSUx5QQp2iBZfM59QA83JSC3G3rX57-79791,79791,79791,STHOR,79791,Czesci_zamienne_79791.pdf,,Rysunki wybuchowe,1RDgSUx5QQp2iBZfM59QA83JSC3G3rX57,https://drive.google.com/file/d/1RDgSUx5QQp2iBZfM59QA83JSC3G3rX57/preview,https://drive.google.com/file/d/1RDgSUx5QQp2iBZfM59QA83JSC3G3rX57/view?usp=drivesdk,NIE,0,0,NIE,OCR / konwersja skanu
drive-1hiYpSzaum14I5nN7Qx8PrjCFkIOtxLMA-79792,79792,79792,STHOR,79792,Czesci_zamienne_79792.pdf,,Rysunki wybuchowe,1hiYpSzaum14I5nN7Qx8PrjCFkIOtxLMA,https://drive.google.com/file/d/1hiYpSzaum14I5nN7Qx8PrjCFkIOtxLMA/preview,https://drive.google.com/file/d/1hiYpSzaum14I5nN7Qx8PrjCFkIOtxLMA/view?usp=drivesdk,NIE,0,0,NIE,OCR / konwersja skanu
drive-1IGeuDJdRWyavHIa1DVgHL6b0Hp0N2sJj-79810,79810,79810,STHOR,79810,Czesci_zamienne_79810.pdf,,Rysunki wybuchowe,1IGeuDJdRWyavHIa1DVgHL6b0Hp0N2sJj,https://drive.google.com/file/d/1IGeuDJdRWyavHIa1DVgHL6b0Hp0N2sJj/preview,https://drive.google.com/file/d/1IGeuDJdRWyavHIa1DVgHL6b0Hp0N2sJj/view?usp=drivesdk,NIE,0,0,NIE,OCR / konwersja skanu
drive-1SJDMOySuYdxbDbLqIsb3KFE5W3-Onh9u-79811,79811,79811,STHOR,79811,Czesci_zamienne_79811.pdf,,Rysunki wybuchowe,1SJDMOySuYdxbDbLqIsb3KFE5W3-Onh9u,https://drive.google.com/file/d/1SJDMOySuYdxbDbLqIsb3KFE5W3-Onh9u/preview,https://drive.google.com/file/d/1SJDMOySuYdxbDbLqIsb3KFE5W3-Onh9u/view?usp=drivesdk,NIE,0,0,NIE,OCR / konwersja skanu
drive-1GnycDL-VaZz2jCzgpL-4QG66IcJOWjkB-79812,79812,79812,STHOR,79812,Czesci_zamienne_79812.pdf,,Rysunki wybuchowe,1GnycDL-VaZz2jCzgpL-4QG66IcJOWjkB,https://drive.google.com/file/d/1GnycDL-VaZz2jCzgpL-4QG66IcJOWjkB/preview,https://drive.google.com/file/d/1GnycDL-VaZz2jCzgpL-4QG66IcJOWjkB/view?usp=drivesdk,NIE,0,0,NIE,OCR / konwersja skanu
drive-1tqVhbfpEXaDUlnHX7z-vswlXqFX7RSqY-79880,79880,79880,STHOR,79880,Czesci_zamienne_79880.pdf,,Rysunki wybuchowe,1tqVhbfpEXaDUlnHX7z-vswlXqFX7RSqY,https://drive.google.com/file/d/1tqVhbfpEXaDUlnHX7z-vswlXqFX7RSqY/preview,https://drive.google.com/file/d/1tqVhbfpEXaDUlnHX7z-vswlXqFX7RSqY/view?usp=drivesdk,NIE,0,0,NIE,OCR / konwersja skanu
drive-19RR2Yg0-sIG9Ddz87ijj7MkXi0D_gBVj-79909,79909,79909,STHOR,79909,Czesci_zamienne_79909.pdf,,Rysunki wybuchowe,19RR2Yg0-sIG9Ddz87ijj7MkXi0D_gBVj,https://drive.google.com/file/d/19RR2Yg0-sIG9Ddz87ijj7MkXi0D_gBVj/preview,https://drive.google.com/file/d/19RR2Yg0-sIG9Ddz87ijj7MkXi0D_gBVj/view?usp=drivesdk,NIE,0,0,NIE,OCR / konwersja skanu
drive-1Z0CtjRwIv7_PWZZUCA-QhM3JWiD91J6Q-79926,79926,79926,STHOR,79926,Czesci_zamienne_79926.pdf,,Rysunki wybuchowe,1Z0CtjRwIv7_PWZZUCA-QhM3JWiD91J6Q,https://drive.google.com/file/d/1Z0CtjRwIv7_PWZZUCA-QhM3JWiD91J6Q/preview,https://drive.google.com/file/d/1Z0CtjRwIv7_PWZZUCA-QhM3JWiD91J6Q/view?usp=drivesdk,NIE,0,0,NIE,OCR / konwersja skanu
drive-12dl-f_wTgEsqLh3WEaxVrz4e05NPm7bk-79927,79927,79927,STHOR,79927,Czesci_zamienne_79927.pdf,,Rysunki wybuchowe,12dl-f_wTgEsqLh3WEaxVrz4e05NPm7bk,https://drive.google.com/file/d/12dl-f_wTgEsqLh3WEaxVrz4e05NPm7bk/preview,https://drive.google.com/file/d/12dl-f_wTgEsqLh3WEaxVrz4e05NPm7bk/view?usp=drivesdk,NIE,0,0,NIE,OCR / konwersja skanu
drive-18R2EuJiu1myH467CO7hoPWik9aTXlPZb-79928,79928,79928,STHOR,79928,Czesci_zamienne_79928.pdf,,Rysunki wybuchowe,18R2EuJiu1myH467CO7hoPWik9aTXlPZb,https://drive.google.com/file/d/18R2EuJiu1myH467CO7hoPWik9aTXlPZb/preview,https://drive.google.com/file/d/18R2EuJiu1myH467CO7hoPWik9aTXlPZb/view?usp=drivesdk,NIE,0,0,NIE,OCR / konwersja skanu
drive-1sMse9-Hat1pXyJLsCI78i6WatfxHZW2y-79929,79929,79929,STHOR,79929,Czesci_zamienne_79929.pdf,,Rysunki wybuchowe,1sMse9-Hat1pXyJLsCI78i6WatfxHZW2y,https://drive.google.com/file/d/1sMse9-Hat1pXyJLsCI78i6WatfxHZW2y/preview,https://drive.google.com/file/d/1sMse9-Hat1pXyJLsCI78i6WatfxHZW2y/view?usp=drivesdk,NIE,0,0,NIE,OCR / konwersja skanu
drive-1bbdbBVwnVmB0uxvCftHiWYrpFRwkzo_t-79930,79930,79930,STHOR,79930,Czesci_zamienne_79930.pdf,,Rysunki wybuchowe,1bbdbBVwnVmB0uxvCftHiWYrpFRwkzo_t,https://drive.google.com/file/d/1bbdbBVwnVmB0uxvCftHiWYrpFRwkzo_t/preview,https://drive.google.com/file/d/1bbdbBVwnVmB0uxvCftHiWYrpFRwkzo_t/view?usp=drivesdk,NIE,0,0,NIE,OCR / konwersja skanu
drive-1KWHeijyDAMVRWAliXZ2srYn5-pRLVufz-79931,79931,79931,STHOR,79931,Czesci_zamienne_79931.pdf,,Rysunki wybuchowe,1KWHeijyDAMVRWAliXZ2srYn5-pRLVufz,https://drive.google.com/file/d/1KWHeijyDAMVRWAliXZ2srYn5-pRLVufz/preview,https://drive.google.com/file/d/1KWHeijyDAMVRWAliXZ2srYn5-pRLVufz/view?usp=drivesdk,NIE,0,0,NIE,OCR / konwersja skanu
drive-1o3MHIi2kYB80jeU1wifA0zsdVt-2oFoz-79932,79932,79932,STHOR,79932,Czesci_zamienne_79932.pdf,,Rysunki wybuchowe,1o3MHIi2kYB80jeU1wifA0zsdVt-2oFoz,https://drive.google.com/file/d/1o3MHIi2kYB80jeU1wifA0zsdVt-2oFoz/preview,https://drive.google.com/file/d/1o3MHIi2kYB80jeU1wifA0zsdVt-2oFoz/view?usp=drivesdk,NIE,0,0,NIE,OCR / konwersja skanu
drive-1gd9Nz54nKpiQYpjyilawfaqsIDPyG2Oo-79933,79933,79933,STHOR,79933,Czesci_zamienne_79933.pdf,,Rysunki wybuchowe,1gd9Nz54nKpiQYpjyilawfaqsIDPyG2Oo,https://drive.google.com/file/d/1gd9Nz54nKpiQYpjyilawfaqsIDPyG2Oo/preview,https://drive.google.com/file/d/1gd9Nz54nKpiQYpjyilawfaqsIDPyG2Oo/view?usp=drivesdk,NIE,0,0,NIE,OCR / konwersja skanu
drive-1_kM_xNTFmQWoJiuDh8kBIVUQtceZBmEy-79943,79943,79943,STHOR,79943,Czesci_zamienne_79943.pdf,,Rysunki wybuchowe,1_kM_xNTFmQWoJiuDh8kBIVUQtceZBmEy,https://drive.google.com/file/d/1_kM_xNTFmQWoJiuDh8kBIVUQtceZBmEy/preview,https://drive.google.com/file/d/1_kM_xNTFmQWoJiuDh8kBIVUQtceZBmEy/view?usp=drivesdk,NIE,0,0,NIE,OCR / konwersja skanu
drive-1kBFEIljyiJlOkw-TJFXR84H3Ah79VCb5-79944,79944,79944,STHOR,79944,Czesci_zamienne_79944.pdf,,Rysunki wybuchowe,1kBFEIljyiJlOkw-TJFXR84H3Ah79VCb5,https://drive.google.com/file/d/1kBFEIljyiJlOkw-TJFXR84H3Ah79VCb5/preview,https://drive.google.com/file/d/1kBFEIljyiJlOkw-TJFXR84H3Ah79VCb5/view?usp=drivesdk,NIE,0,0,NIE,OCR / konwersja skanu
drive-1RtbNKhjVYmI-0Uso4DctNrE7kYv8B_6j-80012,80012,80012,STHOR,80012,Czesci_zamienne_80012.pdf,,Rysunki wybuchowe,1RtbNKhjVYmI-0Uso4DctNrE7kYv8B_6j,https://drive.google.com/file/d/1RtbNKhjVYmI-0Uso4DctNrE7kYv8B_6j/preview,https://drive.google.com/file/d/1RtbNKhjVYmI-0Uso4DctNrE7kYv8B_6j/view?usp=drivesdk,NIE,0,0,NIE,OCR / konwersja skanu
drive-1NL0ZhypuI3CUYEwQ3nQl_EspbzZrXZYg-80022,80022,80022,STHOR,80022,Czesci_zamienne_80022.pdf,,Rysunki wybuchowe,1NL0ZhypuI3CUYEwQ3nQl_EspbzZrXZYg,https://drive.google.com/file/d/1NL0ZhypuI3CUYEwQ3nQl_EspbzZrXZYg/preview,https://drive.google.com/file/d/1NL0ZhypuI3CUYEwQ3nQl_EspbzZrXZYg/view?usp=drivesdk,NIE,0,0,NIE,OCR / konwersja skanu
drive-1hTH0QdGeWrAK3iRa7jBvZzHq3gAwZGJR-80032,80032,80032,STHOR,80032,Czesci_zamienne_80032.pdf,,Rysunki wybuchowe,1hTH0QdGeWrAK3iRa7jBvZzHq3gAwZGJR,https://drive.google.com/file/d/1hTH0QdGeWrAK3iRa7jBvZzHq3gAwZGJR/preview,https://drive.google.com/file/d/1hTH0QdGeWrAK3iRa7jBvZzHq3gAwZGJR/view?usp=drivesdk,NIE,0,0,NIE,OCR / konwersja skanu
drive-1RPaMXt4JnFsUHRqAqe8qxgNDpi305tfF-80042,80042,80042,STHOR,80042,Czesci_zamienne_80042.pdf,,Rysunki wybuchowe,1RPaMXt4JnFsUHRqAqe8qxgNDpi305tfF,https://drive.google.com/file/d/1RPaMXt4JnFsUHRqAqe8qxgNDpi305tfF/preview,https://drive.google.com/file/d/1RPaMXt4JnFsUHRqAqe8qxgNDpi305tfF/view?usp=drivesdk,NIE,0,0,NIE,OCR / konwersja skanu
drive-1OwAs6tnvieFF6ytDAYl9b82r23RhlbMl-80052,80052,80052,STHOR,80052,Czesci_zamienne_80052.pdf,,Rysunki wybuchowe,1OwAs6tnvieFF6ytDAYl9b82r23RhlbMl,https://drive.google.com/file/d/1OwAs6tnvieFF6ytDAYl9b82r23RhlbMl/preview,https://drive.google.com/file/d/1OwAs6tnvieFF6ytDAYl9b82r23RhlbMl/view?usp=drivesdk,NIE,0,0,NIE,OCR / konwersja skanu
drive-1ngoh6c_TNP9PYSntpTRufBBOIZddqdi4-80062,80062,80062,STHOR,80062,Czesci_zamienne_80062.pdf,,Rysunki wybuchowe,1ngoh6c_TNP9PYSntpTRufBBOIZddqdi4,https://drive.google.com/file/d/1ngoh6c_TNP9PYSntpTRufBBOIZddqdi4/preview,https://drive.google.com/file/d/1ngoh6c_TNP9PYSntpTRufBBOIZddqdi4/view?usp=drivesdk,NIE,0,0,NIE,OCR / konwersja skanu
drive-1HCQH_n7zdw0rmp6NW7ipwNcv1Fsdjd3n-80072,80072,80072,STHOR,80072,Czesci_zamienne_80072.pdf,,Rysunki wybuchowe,1HCQH_n7zdw0rmp6NW7ipwNcv1Fsdjd3n,https://drive.google.com/file/d/1HCQH_n7zdw0rmp6NW7ipwNcv1Fsdjd3n/preview,https://drive.google.com/file/d/1HCQH_n7zdw0rmp6NW7ipwNcv1Fsdjd3n/view?usp=drivesdk,NIE,0,0,NIE,OCR / konwersja skanu
drive-18Rpu2Lt-VK2YrDs5m98jMmkBIAgqhMmN-80082,80082,80082,STHOR,80082,Czesci_zamienne_80082.pdf,,Rysunki wybuchowe,18Rpu2Lt-VK2YrDs5m98jMmkBIAgqhMmN,https://drive.google.com/file/d/18Rpu2Lt-VK2YrDs5m98jMmkBIAgqhMmN/preview,https://drive.google.com/file/d/18Rpu2Lt-VK2YrDs5m98jMmkBIAgqhMmN/view?usp=drivesdk,NIE,0,0,NIE,OCR / konwersja skanu
drive-14F0go5i4zJdwmIC43xzfGlVeLwGwKfU5-80111,80111,80111,STHOR,80111,Czesci_zamienne_80111.pdf,,Rysunki wybuchowe,14F0go5i4zJdwmIC43xzfGlVeLwGwKfU5,https://drive.google.com/file/d/14F0go5i4zJdwmIC43xzfGlVeLwGwKfU5/preview,https://drive.google.com/file/d/14F0go5i4zJdwmIC43xzfGlVeLwGwKfU5/view?usp=drivesdk,NIE,0,0,NIE,OCR / konwersja skanu
drive-1s_ijsK1TE0gk22jFWiwM4PbGhEBUsWZ--80220,80220,80220,STHOR,80220,Czesci_zamienne_80220.pdf,,Rysunki wybuchowe,1s_ijsK1TE0gk22jFWiwM4PbGhEBUsWZ-,https://drive.google.com/file/d/1s_ijsK1TE0gk22jFWiwM4PbGhEBUsWZ-/preview,https://drive.google.com/file/d/1s_ijsK1TE0gk22jFWiwM4PbGhEBUsWZ-/view?usp=drivesdk,NIE,0,0,NIE,OCR / konwersja skanu
drive-1AYOMm5SlFuRG58nmvYsTbbUtcUZXCoaS-80330,80330,80330,STHOR,80330,Czesci_zamienne_80330.pdf,,Rysunki wybuchowe,1AYOMm5SlFuRG58nmvYsTbbUtcUZXCoaS,https://drive.google.com/file/d/1AYOMm5SlFuRG58nmvYsTbbUtcUZXCoaS/preview,https://drive.google.com/file/d/1AYOMm5SlFuRG58nmvYsTbbUtcUZXCoaS/view?usp=drivesdk,NIE,0,0,NIE,OCR / konwersja skanu
drive-1OkG0Rw0fb-LYn4uMjX4KuUlIDnSrzbJd-80340,80340,80340,STHOR,80340,Czesci_zamienne_80340.pdf,,Rysunki wybuchowe,1OkG0Rw0fb-LYn4uMjX4KuUlIDnSrzbJd,https://drive.google.com/file/d/1OkG0Rw0fb-LYn4uMjX4KuUlIDnSrzbJd/preview,https://drive.google.com/file/d/1OkG0Rw0fb-LYn4uMjX4KuUlIDnSrzbJd/view?usp=drivesdk,NIE,0,0,NIE,OCR / konwersja skanu
drive-1FRUBYIQ-4PPQ8RKusszoSrt1nOTND5I2-80350,80350,80350,STHOR,80350,Czesci_zamienne_80350.pdf,,Rysunki wybuchowe,1FRUBYIQ-4PPQ8RKusszoSrt1nOTND5I2,https://drive.google.com/file/d/1FRUBYIQ-4PPQ8RKusszoSrt1nOTND5I2/preview,https://drive.google.com/file/d/1FRUBYIQ-4PPQ8RKusszoSrt1nOTND5I2/view?usp=drivesdk,NIE,0,0,NIE,OCR / konwersja skanu
drive-1YFFEvIFDvbdyBGQs-jT3Vc5kCgTJofWq-80412,80412,80412,STHOR,80412,Czesci_zamienne_80412.pdf,,Rysunki wybuchowe,1YFFEvIFDvbdyBGQs-jT3Vc5kCgTJofWq,https://drive.google.com/file/d/1YFFEvIFDvbdyBGQs-jT3Vc5kCgTJofWq/preview,https://drive.google.com/file/d/1YFFEvIFDvbdyBGQs-jT3Vc5kCgTJofWq/view?usp=drivesdk,NIE,0,0,NIE,OCR / konwersja skanu
drive-19CInMFUNUxfd2UIICr0jgrvxW89tiGeY-80450,80450,80450,STHOR,80450,Czesci_zamienne_80450.pdf,,Rysunki wybuchowe,19CInMFUNUxfd2UIICr0jgrvxW89tiGeY,https://drive.google.com/file/d/19CInMFUNUxfd2UIICr0jgrvxW89tiGeY/preview,https://drive.google.com/file/d/19CInMFUNUxfd2UIICr0jgrvxW89tiGeY/view?usp=drivesdk,NIE,0,0,NIE,OCR / konwersja skanu
drive-1RHfPOPZnGalzqo2VHgGLjZviV8ekhJyq-80902,80902,80902,STHOR,80902,Czesci_zamienne_80902.pdf,,Rysunki wybuchowe,1RHfPOPZnGalzqo2VHgGLjZviV8ekhJyq,https://drive.google.com/file/d/1RHfPOPZnGalzqo2VHgGLjZviV8ekhJyq/preview,https://drive.google.com/file/d/1RHfPOPZnGalzqo2VHgGLjZviV8ekhJyq/view?usp=drivesdk,NIE,0,0,NIE,OCR / konwersja skanu
drive-1zeNz-U4QxNr56jVF_emsTF5f3dASnHtZ-80970,80970,80970,STHOR,80970,Czesci_zamienne_80970.pdf,,Rysunki wybuchowe,1zeNz-U4QxNr56jVF_emsTF5f3dASnHtZ,https://drive.google.com/file/d/1zeNz-U4QxNr56jVF_emsTF5f3dASnHtZ/preview,https://drive.google.com/file/d/1zeNz-U4QxNr56jVF_emsTF5f3dASnHtZ/view?usp=drivesdk,NIE,0,0,NIE,OCR / konwersja skanu
drive-1NPH3NzaWCBqb-tvl-iVxboUvbgtUM4VU-09903,09903,09903,VOREL,09903,Czesci_zamienne_09903.pdf,,Rysunki wybuchowe,1NPH3NzaWCBqb-tvl-iVxboUvbgtUM4VU,https://drive.google.com/file/d/1NPH3NzaWCBqb-tvl-iVxboUvbgtUM4VU/preview,https://drive.google.com/file/d/1NPH3NzaWCBqb-tvl-iVxboUvbgtUM4VU/view?usp=drivesdk,NIE,0,0,NIE,OCR / konwersja skanu
drive-1T_QyAsRP7bnmqgemHscfZSE_yEGQgzag-53575,53575,53575,VOREL,"53575 — GRZECHOTKA POWLEKANA WYGIĘTA 1/4""",Czesci_zamienne_53575.pdf,,Rysunki wybuchowe,1T_QyAsRP7bnmqgemHscfZSE_yEGQgzag,https://drive.google.com/file/d/1T_QyAsRP7bnmqgemHscfZSE_yEGQgzag/preview,https://drive.google.com/file/d/1T_QyAsRP7bnmqgemHscfZSE_yEGQgzag/view?usp=drivesdk,NIE,0,0,NIE,OCR / konwersja skanu
drive-1J10V-Rk0eUhTxQBcQUf1SC-bxLzttNNR-53576,53576,53576,VOREL,53576,Czesci_zamienne_53576.pdf,,Rysunki wybuchowe,1J10V-Rk0eUhTxQBcQUf1SC-bxLzttNNR,https://drive.google.com/file/d/1J10V-Rk0eUhTxQBcQUf1SC-bxLzttNNR/preview,https://drive.google.com/file/d/1J10V-Rk0eUhTxQBcQUf1SC-bxLzttNNR/view?usp=drivesdk,NIE,0,0,NIE,OCR / konwersja skanu
drive-14PsZpejlD1RixKkVJUERbuE_vBGfZIsY-53577,53577,53577,VOREL,53577,Czesci_zamienne_53577.pdf,,Rysunki wybuchowe,14PsZpejlD1RixKkVJUERbuE_vBGfZIsY,https://drive.google.com/file/d/14PsZpejlD1RixKkVJUERbuE_vBGfZIsY/preview,https://drive.google.com/file/d/14PsZpejlD1RixKkVJUERbuE_vBGfZIsY/view?usp=drivesdk,NIE,0,0,NIE,OCR / konwersja skanu
drive-1JUKLN0OQQxbjKOA0PQ2Up0E57cbYQCnn-55820,55820,55820,VOREL,55820,Czesci_zamienne_55820.pdf,,Rysunki wybuchowe,1JUKLN0OQQxbjKOA0PQ2Up0E57cbYQCnn,https://drive.google.com/file/d/1JUKLN0OQQxbjKOA0PQ2Up0E57cbYQCnn/preview,https://drive.google.com/file/d/1JUKLN0OQQxbjKOA0PQ2Up0E57cbYQCnn/view?usp=drivesdk,NIE,0,0,NIE,OCR / konwersja skanu
drive-1Rj8GZ-VLD95gVaa4j696ECsp_2K_3qrg-57090,57090,57090,VOREL,57090,Czesci_zamienne_57090.pdf,,Rysunki wybuchowe,1Rj8GZ-VLD95gVaa4j696ECsp_2K_3qrg,https://drive.google.com/file/d/1Rj8GZ-VLD95gVaa4j696ECsp_2K_3qrg/preview,https://drive.google.com/file/d/1Rj8GZ-VLD95gVaa4j696ECsp_2K_3qrg/view?usp=drivesdk,NIE,0,0,NIE,OCR / konwersja skanu
drive-1SdZQbdqrPFxdfYLCSQB74EpOhvFxK_gr-57091,57091,57091,VOREL,57091,Czesci_zamienne_57091.pdf,,Rysunki wybuchowe,1SdZQbdqrPFxdfYLCSQB74EpOhvFxK_gr,https://drive.google.com/file/d/1SdZQbdqrPFxdfYLCSQB74EpOhvFxK_gr/preview,https://drive.google.com/file/d/1SdZQbdqrPFxdfYLCSQB74EpOhvFxK_gr/view?usp=drivesdk,NIE,0,0,NIE,OCR / konwersja skanu
drive-1rnAxKhMG0lMOmFKR_TcdqogQbei4I2_--57092,57092,57092,VOREL,57092,Czesci_zamienne_57092.pdf,,Rysunki wybuchowe,1rnAxKhMG0lMOmFKR_TcdqogQbei4I2_-,https://drive.google.com/file/d/1rnAxKhMG0lMOmFKR_TcdqogQbei4I2_-/preview,https://drive.google.com/file/d/1rnAxKhMG0lMOmFKR_TcdqogQbei4I2_-/view?usp=drivesdk,NIE,0,0,NIE,OCR / konwersja skanu
drive-1COR6mCvljmLN7oB5XDiNHLAhiVwBJ04t-57097,57097,57097,VOREL,57097,Czesci_zamienne_57097.pdf,,Rysunki wybuchowe,1COR6mCvljmLN7oB5XDiNHLAhiVwBJ04t,https://drive.google.com/file/d/1COR6mCvljmLN7oB5XDiNHLAhiVwBJ04t/preview,https://drive.google.com/file/d/1COR6mCvljmLN7oB5XDiNHLAhiVwBJ04t/view?usp=drivesdk,NIE,0,0,NIE,OCR / konwersja skanu
drive-1MQp9dvFcsCCCTUeNKjX_42-BUgkxhdET-58539,58539,58539,VOREL,58539,Czesci_zamienne_58539.pdf,,Rysunki wybuchowe,1MQp9dvFcsCCCTUeNKjX_42-BUgkxhdET,https://drive.google.com/file/d/1MQp9dvFcsCCCTUeNKjX_42-BUgkxhdET/preview,https://drive.google.com/file/d/1MQp9dvFcsCCCTUeNKjX_42-BUgkxhdET/view?usp=drivesdk,NIE,0,0,NIE,OCR / konwersja skanu
drive-1SDOTmNQKcZQ2JFNJbyTCZcFWZQPqdU7--58540,58540,58540,VOREL,58540,Czesci_zamienne_58540.pdf,,Rysunki wybuchowe,1SDOTmNQKcZQ2JFNJbyTCZcFWZQPqdU7-,https://drive.google.com/file/d/1SDOTmNQKcZQ2JFNJbyTCZcFWZQPqdU7-/preview,https://drive.google.com/file/d/1SDOTmNQKcZQ2JFNJbyTCZcFWZQPqdU7-/view?usp=drivesdk,NIE,0,0,NIE,OCR / konwersja skanu
drive-1qUNF-uKfo4-BcqNuLf0sAgPxig6sA5ll-58550,58550,58550,VOREL,58550,Czesci_zamienne_58550.pdf,,Rysunki wybuchowe,1qUNF-uKfo4-BcqNuLf0sAgPxig6sA5ll,https://drive.google.com/file/d/1qUNF-uKfo4-BcqNuLf0sAgPxig6sA5ll/preview,https://drive.google.com/file/d/1qUNF-uKfo4-BcqNuLf0sAgPxig6sA5ll/view?usp=drivesdk,NIE,0,0,NIE,OCR / konwersja skanu
drive-1PGm9nPRRjXyipT-KN2_F3WQrwQDUxvLB-58643,58643,58643,VOREL,58643,Czesci_zamienne_58643.pdf,,Rysunki wybuchowe,1PGm9nPRRjXyipT-KN2_F3WQrwQDUxvLB,https://drive.google.com/file/d/1PGm9nPRRjXyipT-KN2_F3WQrwQDUxvLB/preview,https://drive.google.com/file/d/1PGm9nPRRjXyipT-KN2_F3WQrwQDUxvLB/view?usp=drivesdk,NIE,0,0,NIE,OCR / konwersja skanu
drive-1dwqu1515cLCuUrCIL0TPdtKwjB9LX-It-58661,58661,58661,VOREL,58661,Czesci_zamienne_58661.pdf,,Rysunki wybuchowe,1dwqu1515cLCuUrCIL0TPdtKwjB9LX-It,https://drive.google.com/file/d/1dwqu1515cLCuUrCIL0TPdtKwjB9LX-It/preview,https://drive.google.com/file/d/1dwqu1515cLCuUrCIL0TPdtKwjB9LX-It/view?usp=drivesdk,NIE,0,0,NIE,OCR / konwersja skanu
drive-1M3nXDc65ZuZr-5CAhJU8fmenwtpuF-NY-58687,58687,58687,VOREL,58687,Czesci_zamienne_58687.pdf,,Rysunki wybuchowe,1M3nXDc65ZuZr-5CAhJU8fmenwtpuF-NY,https://drive.google.com/file/d/1M3nXDc65ZuZr-5CAhJU8fmenwtpuF-NY/preview,https://drive.google.com/file/d/1M3nXDc65ZuZr-5CAhJU8fmenwtpuF-NY/view?usp=drivesdk,NIE,0,0,NIE,OCR / konwersja skanu
drive-1KAmL4SD6Ig8B-MtkWiX2eJ3w8ox-1WCG-58689,58689,58689,VOREL,58689,Czesci_zamienne_58689.pdf,,Rysunki wybuchowe,1KAmL4SD6Ig8B-MtkWiX2eJ3w8ox-1WCG,https://drive.google.com/file/d/1KAmL4SD6Ig8B-MtkWiX2eJ3w8ox-1WCG/preview,https://drive.google.com/file/d/1KAmL4SD6Ig8B-MtkWiX2eJ3w8ox-1WCG/view?usp=drivesdk,NIE,0,0,NIE,OCR / konwersja skanu
drive-17tYf5Tdd0Q5Awd0pQyqTwTs6fKzfRrqI-58690,58690,58690,VOREL,58690,Czesci_zamienne_58690.pdf,,Rysunki wybuchowe,17tYf5Tdd0Q5Awd0pQyqTwTs6fKzfRrqI,https://drive.google.com/file/d/17tYf5Tdd0Q5Awd0pQyqTwTs6fKzfRrqI/preview,https://drive.google.com/file/d/17tYf5Tdd0Q5Awd0pQyqTwTs6fKzfRrqI/view?usp=drivesdk,NIE,0,0,NIE,OCR / konwersja skanu
drive-1I-6Te_me8dQc1UbV2iL89vtzsIoCQZjT-58691,58691,58691,VOREL,58691,Czesci_zamienne_58691.pdf,,Rysunki wybuchowe,1I-6Te_me8dQc1UbV2iL89vtzsIoCQZjT,https://drive.google.com/file/d/1I-6Te_me8dQc1UbV2iL89vtzsIoCQZjT/preview,https://drive.google.com/file/d/1I-6Te_me8dQc1UbV2iL89vtzsIoCQZjT/view?usp=drivesdk,NIE,0,0,NIE,OCR / konwersja skanu
drive-10Jj2yy8sH8rRUwSpbS6gkYr36wbPgnp3-58700,58700,58700,VOREL,58700,Czesci_zamienne_58700.pdf,,Rysunki wybuchowe,10Jj2yy8sH8rRUwSpbS6gkYr36wbPgnp3,https://drive.google.com/file/d/10Jj2yy8sH8rRUwSpbS6gkYr36wbPgnp3/preview,https://drive.google.com/file/d/10Jj2yy8sH8rRUwSpbS6gkYr36wbPgnp3/view?usp=drivesdk,NIE,0,0,NIE,OCR / konwersja skanu
drive-1MjKZR_dH_vh--FcAhZ88RhnWegCo3ndR-81070,81070,81070,YATO,81070,Czesci_zamienne_81070.pdf,,Rysunki wybuchowe,1MjKZR_dH_vh--FcAhZ88RhnWegCo3ndR,https://drive.google.com/file/d/1MjKZR_dH_vh--FcAhZ88RhnWegCo3ndR/preview,https://drive.google.com/file/d/1MjKZR_dH_vh--FcAhZ88RhnWegCo3ndR/view?usp=drivesdk,NIE,0,0,NIE,OCR / konwersja skanu
drive-1WVKdX7vVhkAZCVQmBuZTUxok744T9SzZ-81101,81101,81101,YATO,81101,Czesci_zamienne_81101.pdf,,Rysunki wybuchowe,1WVKdX7vVhkAZCVQmBuZTUxok744T9SzZ,https://drive.google.com/file/d/1WVKdX7vVhkAZCVQmBuZTUxok744T9SzZ/preview,https://drive.google.com/file/d/1WVKdX7vVhkAZCVQmBuZTUxok744T9SzZ/view?usp=drivesdk,NIE,0,0,NIE,OCR / konwersja skanu
drive-18qdLxx3FgPmtcSzF_w5QZ7-g4WhEiQTA-81110,81110,81110,YATO,81110,Czesci_zamienne_81110.pdf,,Rysunki wybuchowe,18qdLxx3FgPmtcSzF_w5QZ7-g4WhEiQTA,https://drive.google.com/file/d/18qdLxx3FgPmtcSzF_w5QZ7-g4WhEiQTA/preview,https://drive.google.com/file/d/18qdLxx3FgPmtcSzF_w5QZ7-g4WhEiQTA/view?usp=drivesdk,NIE,0,0,NIE,OCR / konwersja skanu
drive-1MEZUEU2CFiEwbUEkbJiOridfTQTUFZTt-81617,81617,81617,YATO,81617,Czesci_zamienne_81617.pdf,,Rysunki wybuchowe,1MEZUEU2CFiEwbUEkbJiOridfTQTUFZTt,https://drive.google.com/file/d/1MEZUEU2CFiEwbUEkbJiOridfTQTUFZTt/preview,https://drive.google.com/file/d/1MEZUEU2CFiEwbUEkbJiOridfTQTUFZTt/view?usp=drivesdk,NIE,0,0,NIE,OCR / konwersja skanu
drive-1qYYmz2xhBHVQ-DHJ41AlkbZpSrplSf7y-81618,81618,81618,YATO,81618,Czesci_zamienne_81618.pdf,,Rysunki wybuchowe,1qYYmz2xhBHVQ-DHJ41AlkbZpSrplSf7y,https://drive.google.com/file/d/1qYYmz2xhBHVQ-DHJ41AlkbZpSrplSf7y/preview,https://drive.google.com/file/d/1qYYmz2xhBHVQ-DHJ41AlkbZpSrplSf7y/view?usp=drivesdk,NIE,0,0,NIE,OCR / konwersja skanu
drive-1zfWx0MJ3xCsAuZQQc3I_QwkigdGidDOY-82541,82541,82541,YATO,82541,Czesci_zamienne_82541.pdf,,Rysunki wybuchowe,1zfWx0MJ3xCsAuZQQc3I_QwkigdGidDOY,https://drive.google.com/file/d/1zfWx0MJ3xCsAuZQQc3I_QwkigdGidDOY/preview,https://drive.google.com/file/d/1zfWx0MJ3xCsAuZQQc3I_QwkigdGidDOY/view?usp=drivesdk,NIE,0,0,NIE,OCR / konwersja skanu
drive-1Y8O7FxXgloQ_1KWT4eyBKX34YlB_CxL6-82542,82542,82542,YATO,82542,Czesci_zamienne_82542.pdf,,Rysunki wybuchowe,1Y8O7FxXgloQ_1KWT4eyBKX34YlB_CxL6,https://drive.google.com/file/d/1Y8O7FxXgloQ_1KWT4eyBKX34YlB_CxL6/preview,https://drive.google.com/file/d/1Y8O7FxXgloQ_1KWT4eyBKX34YlB_CxL6/view?usp=drivesdk,NIE,0,0,NIE,OCR / konwersja skanu
drive-1kzbRsvmMJfxv9qw4T0plqbl5YcKFyW-v-82543,82543,82543,YATO,82543,Czesci_zamienne_82543.pdf,,Rysunki wybuchowe,1kzbRsvmMJfxv9qw4T0plqbl5YcKFyW-v,https://drive.google.com/file/d/1kzbRsvmMJfxv9qw4T0plqbl5YcKFyW-v/preview,https://drive.google.com/file/d/1kzbRsvmMJfxv9qw4T0plqbl5YcKFyW-v/view?usp=drivesdk,NIE,0,0,NIE,OCR / konwersja skanu
drive-1pboO_FgVimfUro1pNIDXi42wMEBI24up-82544,82544,82544,YATO,82544,Czesci_zamienne_82544.pdf,,Rysunki wybuchowe,1pboO_FgVimfUro1pNIDXi42wMEBI24up,https://drive.google.com/file/d/1pboO_FgVimfUro1pNIDXi42wMEBI24up/preview,https://drive.google.com/file/d/1pboO_FgVimfUro1pNIDXi42wMEBI24up/view?usp=drivesdk,NIE,0,0,NIE,OCR / konwersja skanu
drive-1xsh5WileFORPsM4QWVT5rX5uLCAVCACP-82550,82550,82550,YATO,82550,Czesci_zamienne_82550.pdf,,Rysunki wybuchowe,1xsh5WileFORPsM4QWVT5rX5uLCAVCACP,https://drive.google.com/file/d/1xsh5WileFORPsM4QWVT5rX5uLCAVCACP/preview,https://drive.google.com/file/d/1xsh5WileFORPsM4QWVT5rX5uLCAVCACP/view?usp=drivesdk,NIE,0,0,NIE,OCR / konwersja skanu
drive-1MU9WFhZb43-Pqw6WcA9F_wxG_kbzc2al-82942,82942,82942,YATO,82942,Czesci_zamienne_82942.pdf,,Rysunki wybuchowe,1MU9WFhZb43-Pqw6WcA9F_wxG_kbzc2al,https://drive.google.com/file/d/1MU9WFhZb43-Pqw6WcA9F_wxG_kbzc2al/preview,https://drive.google.com/file/d/1MU9WFhZb43-Pqw6WcA9F_wxG_kbzc2al/view?usp=drivesdk,NIE,0,0,NIE,OCR / konwersja skanu
drive-1NVuclcuKEmkA33zyrZ9dtb0dr-Bq1v0--99657,99657,99657,YATO,99657,Czesci_zamienne_99657.pdf,,Rysunki wybuchowe,1NVuclcuKEmkA33zyrZ9dtb0dr-Bq1v0-,https://drive.google.com/file/d/1NVuclcuKEmkA33zyrZ9dtb0dr-Bq1v0-/preview,https://drive.google.com/file/d/1NVuclcuKEmkA33zyrZ9dtb0dr-Bq1v0-/view?usp=drivesdk,NIE,0,0,NIE,OCR / konwersja skanu
drive-1Ky2jc2BxCFPZYMojzyZMIZfOgK-nOLzA-99658,99658,99658,YATO,99658,Czesci_zamienne_99658.pdf,,Rysunki wybuchowe,1Ky2jc2BxCFPZYMojzyZMIZfOgK-nOLzA,https://drive.google.com/file/d/1Ky2jc2BxCFPZYMojzyZMIZfOgK-nOLzA/preview,https://drive.google.com/file/d/1Ky2jc2BxCFPZYMojzyZMIZfOgK-nOLzA/view?usp=drivesdk,NIE,0,0,NIE,OCR / konwersja skanu
drive-1z5Wu-WgmgNUT63WIfRONFX4OLAG5EI3u-YT-05855,YT-05855,YT05855,YATO,YT-05855,Czesci_zamienne_YT-05855.pdf,,Rysunki wybuchowe,1z5Wu-WgmgNUT63WIfRONFX4OLAG5EI3u,https://drive.google.com/file/d/1z5Wu-WgmgNUT63WIfRONFX4OLAG5EI3u/preview,https://drive.google.com/file/d/1z5Wu-WgmgNUT63WIfRONFX4OLAG5EI3u/view?usp=drivesdk,NIE,0,0,NIE,OCR / konwersja skanu
drive-1wgFrbX4F4o_yr3V-zM3i3n0dGsi5mqU0-YT-05856,YT-05856,YT05856,YATO,YT-05856,Czesci_zamienne_YT-05856.pdf,,Rysunki wybuchowe,1wgFrbX4F4o_yr3V-zM3i3n0dGsi5mqU0,https://drive.google.com/file/d/1wgFrbX4F4o_yr3V-zM3i3n0dGsi5mqU0/preview,https://drive.google.com/file/d/1wgFrbX4F4o_yr3V-zM3i3n0dGsi5mqU0/view?usp=drivesdk,NIE,0,0,NIE,OCR / konwersja skanu
drive-1GVQ_GVkVO4GOJ5TV5QP__S1NBhsnmlMM-YT-06845,YT-06845,YT06845,YATO,YT-06845,Czesci_zamienne_YT-06845.pdf,,Rysunki wybuchowe,1GVQ_GVkVO4GOJ5TV5QP__S1NBhsnmlMM,https://drive.google.com/file/d/1GVQ_GVkVO4GOJ5TV5QP__S1NBhsnmlMM/preview,https://drive.google.com/file/d/1GVQ_GVkVO4GOJ5TV5QP__S1NBhsnmlMM/view?usp=drivesdk,NIE,0,0,NIE,OCR / konwersja skanu
drive-11fFzd7aGwaPLUl1NJ3yNsSwK97lhnfMv-YT-07020,YT-07020,YT07020,YATO,YT-07020 YT-07021,Czesci_zamienne_YT-07020 YT-07021.pdf,,Rysunki wybuchowe,11fFzd7aGwaPLUl1NJ3yNsSwK97lhnfMv,https://drive.google.com/file/d/11fFzd7aGwaPLUl1NJ3yNsSwK97lhnfMv/preview,https://drive.google.com/file/d/11fFzd7aGwaPLUl1NJ3yNsSwK97lhnfMv/view?usp=drivesdk,NIE,0,0,NIE,OCR / konwersja skanu
drive-11fFzd7aGwaPLUl1NJ3yNsSwK97lhnfMv-YT-07021,YT-07021,YT07021,YATO,YT-07021 — YT-07020 YT-07021,Czesci_zamienne_YT-07020 YT-07021.pdf,,Rysunki wybuchowe,11fFzd7aGwaPLUl1NJ3yNsSwK97lhnfMv,https://drive.google.com/file/d/11fFzd7aGwaPLUl1NJ3yNsSwK97lhnfMv/preview,https://drive.google.com/file/d/11fFzd7aGwaPLUl1NJ3yNsSwK97lhnfMv/view?usp=drivesdk,NIE,0,0,NIE,OCR / konwersja skanu
drive-1qW7yyJBZY0kt9A8zN2mup0bptNshcUnC-YT-07057,YT-07057,YT07057,YATO,YT-07057,Czesci_zamienne_YT-07057.pdf,,Rysunki wybuchowe,1qW7yyJBZY0kt9A8zN2mup0bptNshcUnC,https://drive.google.com/file/d/1qW7yyJBZY0kt9A8zN2mup0bptNshcUnC/preview,https://drive.google.com/file/d/1qW7yyJBZY0kt9A8zN2mup0bptNshcUnC/view?usp=drivesdk,NIE,0,0,NIE,OCR / konwersja skanu
drive-1pB9oYDWxg1vzglBeT1mmAzQ8s_-69arh-YT-07067,YT-07067,YT07067,YATO,YT-07067,Czesci_zamienne_YT-07067.pdf,,Rysunki wybuchowe,1pB9oYDWxg1vzglBeT1mmAzQ8s_-69arh,https://drive.google.com/file/d/1pB9oYDWxg1vzglBeT1mmAzQ8s_-69arh/preview,https://drive.google.com/file/d/1pB9oYDWxg1vzglBeT1mmAzQ8s_-69arh/view?usp=drivesdk,NIE,0,0,NIE,OCR / konwersja skanu
drive-1hT4Mph_hCgu_bJcRGjB-HIasIPlNPlaK-YT-07068,YT-07068,YT07068,YATO,YT-07068,Czesci_zamienne_YT-07068.pdf,,Rysunki wybuchowe,1hT4Mph_hCgu_bJcRGjB-HIasIPlNPlaK,https://drive.google.com/file/d/1hT4Mph_hCgu_bJcRGjB-HIasIPlNPlaK/preview,https://drive.google.com/file/d/1hT4Mph_hCgu_bJcRGjB-HIasIPlNPlaK/view?usp=drivesdk,NIE,0,0,NIE,OCR / konwersja skanu
drive-10obSeu9r60nnPFQHZ053-5V8c5j-yZRe-YT-07069,YT-07069,YT07069,YATO,YT-07069,Czesci_zamienne_YT-07069.pdf,,Rysunki wybuchowe,10obSeu9r60nnPFQHZ053-5V8c5j-yZRe,https://drive.google.com/file/d/10obSeu9r60nnPFQHZ053-5V8c5j-yZRe/preview,https://drive.google.com/file/d/10obSeu9r60nnPFQHZ053-5V8c5j-yZRe/view?usp=drivesdk,NIE,0,0,NIE,OCR / konwersja skanu
drive-1U_4HaTKdLuzuq4DwPAZhijwUUR_XNZhV-YT-07190,YT-07190,YT07190,YATO,YT-07190,Czesci_zamienne_YT-07190.pdf,,Rysunki wybuchowe,1U_4HaTKdLuzuq4DwPAZhijwUUR_XNZhV,https://drive.google.com/file/d/1U_4HaTKdLuzuq4DwPAZhijwUUR_XNZhV/preview,https://drive.google.com/file/d/1U_4HaTKdLuzuq4DwPAZhijwUUR_XNZhV/view?usp=drivesdk,NIE,0,0,NIE,OCR / konwersja skanu
drive-1QUP2KVd2-E_PJVDUvmrenMGLiW7PBRIq-YT-07195,YT-07195,YT07195,YATO,YT-07195,Czesci_zamienne_YT-07195.pdf,,Rysunki wybuchowe,1QUP2KVd2-E_PJVDUvmrenMGLiW7PBRIq,https://drive.google.com/file/d/1QUP2KVd2-E_PJVDUvmrenMGLiW7PBRIq/preview,https://drive.google.com/file/d/1QUP2KVd2-E_PJVDUvmrenMGLiW7PBRIq/view?usp=drivesdk,NIE,0,0,NIE,OCR / konwersja skanu
drive-1wrm09coOHV3QjcFej3Sny_CcaGOUWkht-YT-0750,YT-0750,YT0750,YATO,YT-0750,Czesci_zamienne_YT-0750.pdf,,Rysunki wybuchowe,1wrm09coOHV3QjcFej3Sny_CcaGOUWkht,https://drive.google.com/file/d/1wrm09coOHV3QjcFej3Sny_CcaGOUWkht/preview,https://drive.google.com/file/d/1wrm09coOHV3QjcFej3Sny_CcaGOUWkht/view?usp=drivesdk,NIE,0,0,NIE,OCR / konwersja skanu
drive-1YZMTeDKGVhIjqOMY1OID5xAC7W4cApdk-YT-0751,YT-0751,YT0751,YATO,YT-0751,Czesci_zamienne_YT-0751.pdf,,Rysunki wybuchowe,1YZMTeDKGVhIjqOMY1OID5xAC7W4cApdk,https://drive.google.com/file/d/1YZMTeDKGVhIjqOMY1OID5xAC7W4cApdk/preview,https://drive.google.com/file/d/1YZMTeDKGVhIjqOMY1OID5xAC7W4cApdk/view?usp=drivesdk,NIE,0,0,NIE,OCR / konwersja skanu
drive-10vIReAW2k4Ekjlnn0nzimIKiqkoEZbZz-YT-0752,YT-0752,YT0752,YATO,YT-0752,Czesci_zamienne_YT-0752.pdf,,Rysunki wybuchowe,10vIReAW2k4Ekjlnn0nzimIKiqkoEZbZz,https://drive.google.com/file/d/10vIReAW2k4Ekjlnn0nzimIKiqkoEZbZz/preview,https://drive.google.com/file/d/10vIReAW2k4Ekjlnn0nzimIKiqkoEZbZz/view?usp=drivesdk,NIE,0,0,NIE,OCR / konwersja skanu
drive-1TGrxLUfouCz19-nRZXrrnCSfm3bS8HvF-YT-0756,YT-0756,YT0756,YATO,YT-0756,Czesci_zamienne_YT-0756.pdf,,Rysunki wybuchowe,1TGrxLUfouCz19-nRZXrrnCSfm3bS8HvF,https://drive.google.com/file/d/1TGrxLUfouCz19-nRZXrrnCSfm3bS8HvF/preview,https://drive.google.com/file/d/1TGrxLUfouCz19-nRZXrrnCSfm3bS8HvF/view?usp=drivesdk,NIE,0,0,NIE,OCR / konwersja skanu
drive-10u9CsjiZwbB6tvj9OoYcJbukEAOo6OZY-YT-0762,YT-0762,YT0762,YATO,YT-0762,Czesci_zamienne_YT-0762.pdf,,Rysunki wybuchowe,10u9CsjiZwbB6tvj9OoYcJbukEAOo6OZY,https://drive.google.com/file/d/10u9CsjiZwbB6tvj9OoYcJbukEAOo6OZY/preview,https://drive.google.com/file/d/10u9CsjiZwbB6tvj9OoYcJbukEAOo6OZY/view?usp=drivesdk,NIE,0,0,NIE,OCR / konwersja skanu
drive-1xDeAehvmsHPhaxaiWLmYLYGHfbkYRE9L-YT-0767,YT-0767,YT0767,YATO,YT-0767,Czesci_zamienne_YT-0767.pdf,,Rysunki wybuchowe,1xDeAehvmsHPhaxaiWLmYLYGHfbkYRE9L,https://drive.google.com/file/d/1xDeAehvmsHPhaxaiWLmYLYGHfbkYRE9L/preview,https://drive.google.com/file/d/1xDeAehvmsHPhaxaiWLmYLYGHfbkYRE9L/view?usp=drivesdk,NIE,0,0,NIE,OCR / konwersja skanu
drive-1Zi4Umvnqil2iMib4JcacsmZqv6su3UPU-YT-0780,YT-0780,YT0780,YATO,YT-0780,Czesci_zamienne_YT-0780.pdf,,Rysunki wybuchowe,1Zi4Umvnqil2iMib4JcacsmZqv6su3UPU,https://drive.google.com/file/d/1Zi4Umvnqil2iMib4JcacsmZqv6su3UPU/preview,https://drive.google.com/file/d/1Zi4Umvnqil2iMib4JcacsmZqv6su3UPU/view?usp=drivesdk,NIE,0,0,NIE,OCR / konwersja skanu
drive-1qpe1zBSs-2AhVlsYr0Cw7wKTBpDeJR5d-YT-0781,YT-0781,YT0781,YATO,YT-0781,Czesci_zamienne_YT-0781.pdf,,Rysunki wybuchowe,1qpe1zBSs-2AhVlsYr0Cw7wKTBpDeJR5d,https://drive.google.com/file/d/1qpe1zBSs-2AhVlsYr0Cw7wKTBpDeJR5d/preview,https://drive.google.com/file/d/1qpe1zBSs-2AhVlsYr0Cw7wKTBpDeJR5d/view?usp=drivesdk,NIE,0,0,NIE,OCR / konwersja skanu
drive-1n_qN5vzA8EgNoNdF76aXWaaOHEiqefoz-YT-08502,YT-08502,YT08502,YATO,YT-08502,Czesci_zamienne_YT-08502.pdf,,Rysunki wybuchowe,1n_qN5vzA8EgNoNdF76aXWaaOHEiqefoz,https://drive.google.com/file/d/1n_qN5vzA8EgNoNdF76aXWaaOHEiqefoz/preview,https://drive.google.com/file/d/1n_qN5vzA8EgNoNdF76aXWaaOHEiqefoz/view?usp=drivesdk,NIE,0,0,NIE,OCR / konwersja skanu
drive-10xXXBCJ-I_yrzPWMTXl2Y7o1_G6GdxbX-YT-08505,YT-08505,YT08505,YATO,YT-08505,Czesci_zamienne_YT-08505.pdf,,Rysunki wybuchowe,10xXXBCJ-I_yrzPWMTXl2Y7o1_G6GdxbX,https://drive.google.com/file/d/10xXXBCJ-I_yrzPWMTXl2Y7o1_G6GdxbX/preview,https://drive.google.com/file/d/10xXXBCJ-I_yrzPWMTXl2Y7o1_G6GdxbX/view?usp=drivesdk,NIE,0,0,NIE,OCR / konwersja skanu
drive-1HEgtJrL9cx27zSc4vg6tcCn0_NPMvNAq-YT-08518,YT-08518,YT08518,YATO,YT-08518,Czesci_zamienne_YT-08518.pdf,,Rysunki wybuchowe,1HEgtJrL9cx27zSc4vg6tcCn0_NPMvNAq,https://drive.google.com/file/d/1HEgtJrL9cx27zSc4vg6tcCn0_NPMvNAq/preview,https://drive.google.com/file/d/1HEgtJrL9cx27zSc4vg6tcCn0_NPMvNAq/view?usp=drivesdk,NIE,0,0,NIE,OCR / konwersja skanu
drive-1MGU3bV_ywL95uFO2ICknX4B52EFNmwEB-YT-09201,YT-09201,YT09201,YATO,YT-09201,Czesci_zamienne_YT-09201.pdf,,Rysunki wybuchowe,1MGU3bV_ywL95uFO2ICknX4B52EFNmwEB,https://drive.google.com/file/d/1MGU3bV_ywL95uFO2ICknX4B52EFNmwEB/preview,https://drive.google.com/file/d/1MGU3bV_ywL95uFO2ICknX4B52EFNmwEB/view?usp=drivesdk,NIE,0,0,NIE,OCR / konwersja skanu
drive-1gkYzL86GBVHUDjnxPI8bEns5mhfAhJus-YT-09202,YT-09202,YT09202,YATO,YT-09202,Czesci_zamienne_YT-09202.pdf,,Rysunki wybuchowe,1gkYzL86GBVHUDjnxPI8bEns5mhfAhJus,https://drive.google.com/file/d/1gkYzL86GBVHUDjnxPI8bEns5mhfAhJus/preview,https://drive.google.com/file/d/1gkYzL86GBVHUDjnxPI8bEns5mhfAhJus/view?usp=drivesdk,NIE,0,0,NIE,OCR / konwersja skanu
drive-1AI7bjtU9bNNXZZCVsR8DwBVLthD4fMEA-YT-09203,YT-09203,YT09203,YATO,YT-09203,Czesci_zamienne_YT-09203.pdf,,Rysunki wybuchowe,1AI7bjtU9bNNXZZCVsR8DwBVLthD4fMEA,https://drive.google.com/file/d/1AI7bjtU9bNNXZZCVsR8DwBVLthD4fMEA/preview,https://drive.google.com/file/d/1AI7bjtU9bNNXZZCVsR8DwBVLthD4fMEA/view?usp=drivesdk,NIE,0,0,NIE,OCR / konwersja skanu
drive-1gltMdN-GhdoXBnn5ra69x96CsUv2vGvt-YT-09204,YT-09204,YT09204,YATO,YT-09204,Czesci_zamienne_YT-09204.pdf,,Rysunki wybuchowe,1gltMdN-GhdoXBnn5ra69x96CsUv2vGvt,https://drive.google.com/file/d/1gltMdN-GhdoXBnn5ra69x96CsUv2vGvt/preview,https://drive.google.com/file/d/1gltMdN-GhdoXBnn5ra69x96CsUv2vGvt/view?usp=drivesdk,NIE,0,0,NIE,OCR / konwersja skanu
drive-17CQJSs5T6Wfzx9YME_xvi-f2OH0xtX_N-YT-09205,YT-09205,YT09205,YATO,YT-09205,Czesci_zamienne_YT-09205.pdf,,Rysunki wybuchowe,17CQJSs5T6Wfzx9YME_xvi-f2OH0xtX_N,https://drive.google.com/file/d/17CQJSs5T6Wfzx9YME_xvi-f2OH0xtX_N/preview,https://drive.google.com/file/d/17CQJSs5T6Wfzx9YME_xvi-f2OH0xtX_N/view?usp=drivesdk,NIE,0,0,NIE,OCR / konwersja skanu
drive-1v2ffnBFngy_BvCBx_8lWdyETXNgidRUB-YT-09206,YT-09206,YT09206,YATO,YT-09206,Czesci_zamienne_YT-09206.pdf,,Rysunki wybuchowe,1v2ffnBFngy_BvCBx_8lWdyETXNgidRUB,https://drive.google.com/file/d/1v2ffnBFngy_BvCBx_8lWdyETXNgidRUB/preview,https://drive.google.com/file/d/1v2ffnBFngy_BvCBx_8lWdyETXNgidRUB/view?usp=drivesdk,NIE,0,0,NIE,OCR / konwersja skanu
drive-1c5nWqSPIRaoEWNDjOhJugLDJcCRZa2or-YT-09211,YT-09211,YT09211,YATO,YT-09211,Czesci_zamienne_YT-09211.pdf,,Rysunki wybuchowe,1c5nWqSPIRaoEWNDjOhJugLDJcCRZa2or,https://drive.google.com/file/d/1c5nWqSPIRaoEWNDjOhJugLDJcCRZa2or/preview,https://drive.google.com/file/d/1c5nWqSPIRaoEWNDjOhJugLDJcCRZa2or/view?usp=drivesdk,NIE,0,0,NIE,OCR / konwersja skanu
drive-1e79b1_o6KJUnsn6NNxFj7dac7fw9TZpq-YT-09212,YT-09212,YT09212,YATO,YT-09212,Czesci_zamienne_YT-09212.pdf,,Rysunki wybuchowe,1e79b1_o6KJUnsn6NNxFj7dac7fw9TZpq,https://drive.google.com/file/d/1e79b1_o6KJUnsn6NNxFj7dac7fw9TZpq/preview,https://drive.google.com/file/d/1e79b1_o6KJUnsn6NNxFj7dac7fw9TZpq/view?usp=drivesdk,NIE,0,0,NIE,OCR / konwersja skanu
drive-1KkCxNUTq9OlyloGtHUj0JD19u8qWWhAz-YT-09213,YT-09213,YT09213,YATO,YT-09213,Czesci_zamienne_YT-09213.pdf,,Rysunki wybuchowe,1KkCxNUTq9OlyloGtHUj0JD19u8qWWhAz,https://drive.google.com/file/d/1KkCxNUTq9OlyloGtHUj0JD19u8qWWhAz/preview,https://drive.google.com/file/d/1KkCxNUTq9OlyloGtHUj0JD19u8qWWhAz/view?usp=drivesdk,NIE,0,0,NIE,OCR / konwersja skanu
drive-1gyhIB-G5CH1lYVNI49PfS5sZ3aII5nR4-YT-09220,YT-09220,YT09220,YATO,YT-09220,Czesci_zamienne_YT-09220.pdf,,Rysunki wybuchowe,1gyhIB-G5CH1lYVNI49PfS5sZ3aII5nR4,https://drive.google.com/file/d/1gyhIB-G5CH1lYVNI49PfS5sZ3aII5nR4/preview,https://drive.google.com/file/d/1gyhIB-G5CH1lYVNI49PfS5sZ3aII5nR4/view?usp=drivesdk,NIE,0,0,NIE,OCR / konwersja skanu
drive-1icdOWNxWKLgacWpLow-F9j-yFRfyogU5-YT-09221,YT-09221,YT09221,YATO,YT-09221,Czesci_zamienne_YT-09221.pdf,,Rysunki wybuchowe,1icdOWNxWKLgacWpLow-F9j-yFRfyogU5,https://drive.google.com/file/d/1icdOWNxWKLgacWpLow-F9j-yFRfyogU5/preview,https://drive.google.com/file/d/1icdOWNxWKLgacWpLow-F9j-yFRfyogU5/view?usp=drivesdk,NIE,0,0,NIE,OCR / konwersja skanu
drive-172uH49-xyQuEmmfiILGE5xdpFPzCNVly-YT-09222,YT-09222,YT09222,YATO,YT-09222,Czesci_zamienne_YT-09222.pdf,,Rysunki wybuchowe,172uH49-xyQuEmmfiILGE5xdpFPzCNVly,https://drive.google.com/file/d/172uH49-xyQuEmmfiILGE5xdpFPzCNVly/preview,https://drive.google.com/file/d/172uH49-xyQuEmmfiILGE5xdpFPzCNVly/view?usp=drivesdk,NIE,0,0,NIE,OCR / konwersja skanu
drive-1Of6L0vaQjQkjlcAyPUj2FJjI_SvTrpZs-YT-09223,YT-09223,YT09223,YATO,YT-09223,Czesci_zamienne_YT-09223.pdf,,Rysunki wybuchowe,1Of6L0vaQjQkjlcAyPUj2FJjI_SvTrpZs,https://drive.google.com/file/d/1Of6L0vaQjQkjlcAyPUj2FJjI_SvTrpZs/preview,https://drive.google.com/file/d/1Of6L0vaQjQkjlcAyPUj2FJjI_SvTrpZs/view?usp=drivesdk,NIE,0,0,NIE,OCR / konwersja skanu
drive-13y7WoiB6RYV1z88gh0quLTVi17wCdVZj-YT-09224,YT-09224,YT09224,YATO,YT-09224,Czesci_zamienne_YT-09224.pdf,,Rysunki wybuchowe,13y7WoiB6RYV1z88gh0quLTVi17wCdVZj,https://drive.google.com/file/d/13y7WoiB6RYV1z88gh0quLTVi17wCdVZj/preview,https://drive.google.com/file/d/13y7WoiB6RYV1z88gh0quLTVi17wCdVZj/view?usp=drivesdk,NIE,0,0,NIE,OCR / konwersja skanu
drive-1J-_hHZ124mW3NR0QQQGhebNtkA16a9uT-YT-09240,YT-09240,YT09240,YATO,YT-09240,Czesci_zamienne_YT-09240.pdf,,Rysunki wybuchowe,1J-_hHZ124mW3NR0QQQGhebNtkA16a9uT,https://drive.google.com/file/d/1J-_hHZ124mW3NR0QQQGhebNtkA16a9uT/preview,https://drive.google.com/file/d/1J-_hHZ124mW3NR0QQQGhebNtkA16a9uT/view?usp=drivesdk,NIE,0,0,NIE,OCR / konwersja skanu
drive-1fNw1L-bbge5VocGtvjoyVb-yiUmMPFLe-YT-09510,YT-09510,YT09510,YATO,YT-09510,Czesci_zamienne_YT-09510.pdf,,Rysunki wybuchowe,1fNw1L-bbge5VocGtvjoyVb-yiUmMPFLe,https://drive.google.com/file/d/1fNw1L-bbge5VocGtvjoyVb-yiUmMPFLe/preview,https://drive.google.com/file/d/1fNw1L-bbge5VocGtvjoyVb-yiUmMPFLe/view?usp=drivesdk,NIE,0,0,NIE,OCR / konwersja skanu
drive-13-6UP2eqHhWxfjD53JCffAxChCDSDW12-YT-09511,YT-09511,YT09511,YATO,YT-09511,Czesci_zamienne_YT-09511.pdf,,Rysunki wybuchowe,13-6UP2eqHhWxfjD53JCffAxChCDSDW12,https://drive.google.com/file/d/13-6UP2eqHhWxfjD53JCffAxChCDSDW12/preview,https://drive.google.com/file/d/13-6UP2eqHhWxfjD53JCffAxChCDSDW12/view?usp=drivesdk,NIE,0,0,NIE,OCR / konwersja skanu
drive-1VMH9ZrhE064vAXKDh1sXb98YDxwyOQsM-YT-09513,YT-09513,YT09513,YATO,YT-09513,Czesci_zamienne_YT-09513.pdf,,Rysunki wybuchowe,1VMH9ZrhE064vAXKDh1sXb98YDxwyOQsM,https://drive.google.com/file/d/1VMH9ZrhE064vAXKDh1sXb98YDxwyOQsM/preview,https://drive.google.com/file/d/1VMH9ZrhE064vAXKDh1sXb98YDxwyOQsM/view?usp=drivesdk,NIE,0,0,NIE,OCR / konwersja skanu
drive-1z73sq3ClBTY1J0BzdfckoOG02ADH3I7u-YT-09515,YT-09515,YT09515,YATO,YT-09515,Czesci_zamienne_YT-09515.pdf,,Rysunki wybuchowe,1z73sq3ClBTY1J0BzdfckoOG02ADH3I7u,https://drive.google.com/file/d/1z73sq3ClBTY1J0BzdfckoOG02ADH3I7u/preview,https://drive.google.com/file/d/1z73sq3ClBTY1J0BzdfckoOG02ADH3I7u/view?usp=drivesdk,NIE,0,0,NIE,OCR / konwersja skanu
drive-1REwdGE44bkeu9_Gepsh7QBIDNVxr26-a-YT-09516,YT-09516,YT09516,YATO,YT-09516,Czesci_zamienne_YT-09516.pdf,,Rysunki wybuchowe,1REwdGE44bkeu9_Gepsh7QBIDNVxr26-a,https://drive.google.com/file/d/1REwdGE44bkeu9_Gepsh7QBIDNVxr26-a/preview,https://drive.google.com/file/d/1REwdGE44bkeu9_Gepsh7QBIDNVxr26-a/view?usp=drivesdk,NIE,0,0,NIE,OCR / konwersja skanu
drive-1Kn6bjh0GQRZpzRcMqpbfxrF9zN4y2VJp-YT-09525,YT-09525,YT09525,YATO,YT-09525,Czesci_zamienne_YT-09525.pdf,,Rysunki wybuchowe,1Kn6bjh0GQRZpzRcMqpbfxrF9zN4y2VJp,https://drive.google.com/file/d/1Kn6bjh0GQRZpzRcMqpbfxrF9zN4y2VJp/preview,https://drive.google.com/file/d/1Kn6bjh0GQRZpzRcMqpbfxrF9zN4y2VJp/view?usp=drivesdk,NIE,0,0,NIE,OCR / konwersja skanu
drive-1MvVI476pxlMGOvwcXNrLYSYYO1U-ScV3-YT-09528,YT-09528,YT09528,YATO,YT-09528,Czesci_zamienne_YT-09528.pdf,,Rysunki wybuchowe,1MvVI476pxlMGOvwcXNrLYSYYO1U-ScV3,https://drive.google.com/file/d/1MvVI476pxlMGOvwcXNrLYSYYO1U-ScV3/preview,https://drive.google.com/file/d/1MvVI476pxlMGOvwcXNrLYSYYO1U-ScV3/view?usp=drivesdk,NIE,0,0,NIE,OCR / konwersja skanu
drive-10L-yz8uV7ba9axxaD1S6BmZduOmBUwot-YT-0953,YT-0953,YT0953,YATO,YT-0953,Czesci_zamienne_YT-0953.pdf,,Rysunki wybuchowe,10L-yz8uV7ba9axxaD1S6BmZduOmBUwot,https://drive.google.com/file/d/10L-yz8uV7ba9axxaD1S6BmZduOmBUwot/preview,https://drive.google.com/file/d/10L-yz8uV7ba9axxaD1S6BmZduOmBUwot/view?usp=drivesdk,NIE,0,0,NIE,OCR / konwersja skanu
drive-1bLHAxl_DEDMmAwdZKiHbRrlSnhttbqg9-YT-09540,YT-09540,YT09540,YATO,YT-09540,Czesci_zamienne_YT-09540.pdf,,Rysunki wybuchowe,1bLHAxl_DEDMmAwdZKiHbRrlSnhttbqg9,https://drive.google.com/file/d/1bLHAxl_DEDMmAwdZKiHbRrlSnhttbqg9/preview,https://drive.google.com/file/d/1bLHAxl_DEDMmAwdZKiHbRrlSnhttbqg9/view?usp=drivesdk,NIE,0,0,NIE,OCR / konwersja skanu
drive-1b377gFU9UfUS636ghgqBj8prav5TvE78-YT-09544,YT-09544,YT09544,YATO,YT-09544,Czesci_zamienne_YT-09544.pdf,,Rysunki wybuchowe,1b377gFU9UfUS636ghgqBj8prav5TvE78,https://drive.google.com/file/d/1b377gFU9UfUS636ghgqBj8prav5TvE78/preview,https://drive.google.com/file/d/1b377gFU9UfUS636ghgqBj8prav5TvE78/view?usp=drivesdk,NIE,0,0,NIE,OCR / konwersja skanu
drive-1hsdnE_xO1NR14s_gopir9d938Fubdt3_-YT-09545,YT-09545,YT09545,YATO,YT-09545,Czesci_zamienne_YT-09545.pdf,,Rysunki wybuchowe,1hsdnE_xO1NR14s_gopir9d938Fubdt3_,https://drive.google.com/file/d/1hsdnE_xO1NR14s_gopir9d938Fubdt3_/preview,https://drive.google.com/file/d/1hsdnE_xO1NR14s_gopir9d938Fubdt3_/view?usp=drivesdk,NIE,0,0,NIE,OCR / konwersja skanu
drive-1dJkZTW0MylZGHwfS4e3ijRHjEQkk1rKQ-YT-09546,YT-09546,YT09546,YATO,YT-09546,Czesci_zamienne_YT-09546.pdf,,Rysunki wybuchowe,1dJkZTW0MylZGHwfS4e3ijRHjEQkk1rKQ,https://drive.google.com/file/d/1dJkZTW0MylZGHwfS4e3ijRHjEQkk1rKQ/preview,https://drive.google.com/file/d/1dJkZTW0MylZGHwfS4e3ijRHjEQkk1rKQ/view?usp=drivesdk,NIE,0,0,NIE,OCR / konwersja skanu
drive-1tC75yL2jebMIft2oQQkOoGvkmQ1Ns4R6-YT-09547,YT-09547,YT09547,YATO,YT-09547,Czesci_zamienne_YT-09547.pdf,,Rysunki wybuchowe,1tC75yL2jebMIft2oQQkOoGvkmQ1Ns4R6,https://drive.google.com/file/d/1tC75yL2jebMIft2oQQkOoGvkmQ1Ns4R6/preview,https://drive.google.com/file/d/1tC75yL2jebMIft2oQQkOoGvkmQ1Ns4R6/view?usp=drivesdk,NIE,0,0,NIE,OCR / konwersja skanu
drive-1d7ViGIMmLgfr7AojAAw38wuBdiu1TPqJ-YT-09564,YT-09564,YT09564,YATO,YT-09564,Czesci_zamienne_YT-09564.pdf,,Rysunki wybuchowe,1d7ViGIMmLgfr7AojAAw38wuBdiu1TPqJ,https://drive.google.com/file/d/1d7ViGIMmLgfr7AojAAw38wuBdiu1TPqJ/preview,https://drive.google.com/file/d/1d7ViGIMmLgfr7AojAAw38wuBdiu1TPqJ/view?usp=drivesdk,NIE,0,0,NIE,OCR / konwersja skanu
drive-18PURT67ke4DnDfuAjssQuEgIVwEOAaJQ-YT-09571,YT-09571,YT09571,YATO,YT-09571,Czesci_zamienne_YT-09571.pdf,,Rysunki wybuchowe,18PURT67ke4DnDfuAjssQuEgIVwEOAaJQ,https://drive.google.com/file/d/18PURT67ke4DnDfuAjssQuEgIVwEOAaJQ/preview,https://drive.google.com/file/d/18PURT67ke4DnDfuAjssQuEgIVwEOAaJQ/view?usp=drivesdk,NIE,0,0,NIE,OCR / konwersja skanu
drive-1p1BWEAprGKxKp5bkduCCu0rijM0r8t10-YT-09575,YT-09575,YT09575,YATO,YT-09575,Czesci_zamienne_YT-09575.pdf,,Rysunki wybuchowe,1p1BWEAprGKxKp5bkduCCu0rijM0r8t10,https://drive.google.com/file/d/1p1BWEAprGKxKp5bkduCCu0rijM0r8t10/preview,https://drive.google.com/file/d/1p1BWEAprGKxKp5bkduCCu0rijM0r8t10/view?usp=drivesdk,NIE,0,0,NIE,OCR / konwersja skanu
drive-12TLap8q8pdsOCbsKiSMNnKqDjPtHi9GB-YT-0959,YT-0959,YT0959,YATO,YT-0959,Czesci_zamienne_YT-0959.pdf,,Rysunki wybuchowe,12TLap8q8pdsOCbsKiSMNnKqDjPtHi9GB,https://drive.google.com/file/d/12TLap8q8pdsOCbsKiSMNnKqDjPtHi9GB/preview,https://drive.google.com/file/d/12TLap8q8pdsOCbsKiSMNnKqDjPtHi9GB/view?usp=drivesdk,NIE,0,0,NIE,OCR / konwersja skanu
drive-1ngwQMuvuEfNWkN2bwCRQNTyC1abKBh4I-YT-0960,YT-0960,YT0960,YATO,YT-0960,Czesci_zamienne_YT-0960.pdf,,Rysunki wybuchowe,1ngwQMuvuEfNWkN2bwCRQNTyC1abKBh4I,https://drive.google.com/file/d/1ngwQMuvuEfNWkN2bwCRQNTyC1abKBh4I/preview,https://drive.google.com/file/d/1ngwQMuvuEfNWkN2bwCRQNTyC1abKBh4I/view?usp=drivesdk,NIE,0,0,NIE,OCR / konwersja skanu
drive-1DvhTX62oNWQEpcl7AVLoiD1ObLAjjfDg-YT-09615,YT-09615,YT09615,YATO,YT-09615,Czesci_zamienne_YT-09615.pdf,,Rysunki wybuchowe,1DvhTX62oNWQEpcl7AVLoiD1ObLAjjfDg,https://drive.google.com/file/d/1DvhTX62oNWQEpcl7AVLoiD1ObLAjjfDg/preview,https://drive.google.com/file/d/1DvhTX62oNWQEpcl7AVLoiD1ObLAjjfDg/view?usp=drivesdk,NIE,0,0,NIE,OCR / konwersja skanu
drive-137fby1ZMXUGXWlfRZz4W2ZMYOdib73Vs-YT-09620,YT-09620,YT09620,YATO,YT-09620,Czesci_zamienne_YT-09620.pdf,,Rysunki wybuchowe,137fby1ZMXUGXWlfRZz4W2ZMYOdib73Vs,https://drive.google.com/file/d/137fby1ZMXUGXWlfRZz4W2ZMYOdib73Vs/preview,https://drive.google.com/file/d/137fby1ZMXUGXWlfRZz4W2ZMYOdib73Vs/view?usp=drivesdk,NIE,0,0,NIE,OCR / konwersja skanu
drive-1KyE1fJYFezAuyc9FCIrRKNETNYUf2-D--YT-09633,YT-09633,YT09633,YATO,YT-09633,Czesci_zamienne_YT-09633.pdf,,Rysunki wybuchowe,1KyE1fJYFezAuyc9FCIrRKNETNYUf2-D-,https://drive.google.com/file/d/1KyE1fJYFezAuyc9FCIrRKNETNYUf2-D-/preview,https://drive.google.com/file/d/1KyE1fJYFezAuyc9FCIrRKNETNYUf2-D-/view?usp=drivesdk,NIE,0,0,NIE,OCR / konwersja skanu
drive-1BIDqzPTJyMGRfmx4uoj1rmqZz33CfWj3-YT-09676,YT-09676,YT09676,YATO,YT-09676,Czesci_zamienne_YT-09676.pdf,,Rysunki wybuchowe,1BIDqzPTJyMGRfmx4uoj1rmqZz33CfWj3,https://drive.google.com/file/d/1BIDqzPTJyMGRfmx4uoj1rmqZz33CfWj3/preview,https://drive.google.com/file/d/1BIDqzPTJyMGRfmx4uoj1rmqZz33CfWj3/view?usp=drivesdk,NIE,0,0,NIE,OCR / konwersja skanu
drive-1Xf-QBmyIDCzK7lsa3gr7McNOWVivUwuC-YT-09715,YT-09715,YT09715,YATO,YT-09715,Czesci_zamienne_YT-09715.pdf,,Rysunki wybuchowe,1Xf-QBmyIDCzK7lsa3gr7McNOWVivUwuC,https://drive.google.com/file/d/1Xf-QBmyIDCzK7lsa3gr7McNOWVivUwuC/preview,https://drive.google.com/file/d/1Xf-QBmyIDCzK7lsa3gr7McNOWVivUwuC/view?usp=drivesdk,NIE,0,0,NIE,OCR / konwersja skanu
drive-1prqx9ZluarZqsZVa_epplLqgcAGmuut8-YT-09730,YT-09730,YT09730,YATO,YT-09730,Czesci_zamienne_YT-09730.pdf,,Rysunki wybuchowe,1prqx9ZluarZqsZVa_epplLqgcAGmuut8,https://drive.google.com/file/d/1prqx9ZluarZqsZVa_epplLqgcAGmuut8/preview,https://drive.google.com/file/d/1prqx9ZluarZqsZVa_epplLqgcAGmuut8/view?usp=drivesdk,NIE,0,0,NIE,OCR / konwersja skanu
drive-1MUFp_ZiAnwQYmJr1_RklHxVvsLtTcqQw-YT-09738,YT-09738,YT09738,YATO,YT-09738,Czesci_zamienne_YT-09738.pdf,,Rysunki wybuchowe,1MUFp_ZiAnwQYmJr1_RklHxVvsLtTcqQw,https://drive.google.com/file/d/1MUFp_ZiAnwQYmJr1_RklHxVvsLtTcqQw/preview,https://drive.google.com/file/d/1MUFp_ZiAnwQYmJr1_RklHxVvsLtTcqQw/view?usp=drivesdk,NIE,0,0,NIE,OCR / konwersja skanu
drive-1byYx8u2bj32cVZuPefujPH-oPGgmwbKN-YT-09739,YT-09739,YT09739,YATO,YT-09739,Czesci_zamienne_YT-09739.pdf,,Rysunki wybuchowe,1byYx8u2bj32cVZuPefujPH-oPGgmwbKN,https://drive.google.com/file/d/1byYx8u2bj32cVZuPefujPH-oPGgmwbKN/preview,https://drive.google.com/file/d/1byYx8u2bj32cVZuPefujPH-oPGgmwbKN/view?usp=drivesdk,NIE,0,0,NIE,OCR / konwersja skanu
drive-1I34T9CLtNWFxPwLdHKw3BYsxOvb9Q4dc-YT-0980,YT-0980,YT0980,YATO,YT-0980,Czesci_zamienne_YT-0980.pdf,,Rysunki wybuchowe,1I34T9CLtNWFxPwLdHKw3BYsxOvb9Q4dc,https://drive.google.com/file/d/1I34T9CLtNWFxPwLdHKw3BYsxOvb9Q4dc/preview,https://drive.google.com/file/d/1I34T9CLtNWFxPwLdHKw3BYsxOvb9Q4dc/view?usp=drivesdk,NIE,0,0,NIE,OCR / konwersja skanu
drive-1QfDmKxbE6Oaa4nZ2YOemci3tCFMmpfOt-YT-09910,YT-09910,YT09910,YATO,YT-09910,Czesci_zamienne_YT-09910.pdf,,Rysunki wybuchowe,1QfDmKxbE6Oaa4nZ2YOemci3tCFMmpfOt,https://drive.google.com/file/d/1QfDmKxbE6Oaa4nZ2YOemci3tCFMmpfOt/preview,https://drive.google.com/file/d/1QfDmKxbE6Oaa4nZ2YOemci3tCFMmpfOt/view?usp=drivesdk,NIE,0,0,NIE,OCR / konwersja skanu
drive-1bqbTwLcNoK2kFXu1bF5DyfBgDq61SOit-YT-09912,YT-09912,YT09912,YATO,YT-09912,Czesci_zamienne_YT-09912.pdf,,Rysunki wybuchowe,1bqbTwLcNoK2kFXu1bF5DyfBgDq61SOit,https://drive.google.com/file/d/1bqbTwLcNoK2kFXu1bF5DyfBgDq61SOit/preview,https://drive.google.com/file/d/1bqbTwLcNoK2kFXu1bF5DyfBgDq61SOit/view?usp=drivesdk,NIE,0,0,NIE,OCR / konwersja skanu
drive-1eYnFHRd_ZQaUVHK_8Mg2Sx4B2lOi-qZa-YT-09913,YT-09913,YT09913,YATO,YT-09913,Czesci_zamienne_YT-09913.pdf,,Rysunki wybuchowe,1eYnFHRd_ZQaUVHK_8Mg2Sx4B2lOi-qZa,https://drive.google.com/file/d/1eYnFHRd_ZQaUVHK_8Mg2Sx4B2lOi-qZa/preview,https://drive.google.com/file/d/1eYnFHRd_ZQaUVHK_8Mg2Sx4B2lOi-qZa/view?usp=drivesdk,NIE,0,0,NIE,OCR / konwersja skanu
drive-1tZV8U5cQeZ8GRLVtd7ylkbxlOZYqOtS8-YT-09955,YT-09955,YT09955,YATO,YT-09955,Czesci_zamienne_YT-09955.pdf,,Rysunki wybuchowe,1tZV8U5cQeZ8GRLVtd7ylkbxlOZYqOtS8,https://drive.google.com/file/d/1tZV8U5cQeZ8GRLVtd7ylkbxlOZYqOtS8/preview,https://drive.google.com/file/d/1tZV8U5cQeZ8GRLVtd7ylkbxlOZYqOtS8/view?usp=drivesdk,NIE,0,0,NIE,OCR / konwersja skanu
drive-1R7HDIywvKGJzUJEcI_T4Of6CWgKkdPNn-YT-16000,YT-16000,YT16000,YATO,YT-16000,Czesci_zamienne_YT-16000.pdf,,Rysunki wybuchowe,1R7HDIywvKGJzUJEcI_T4Of6CWgKkdPNn,https://drive.google.com/file/d/1R7HDIywvKGJzUJEcI_T4Of6CWgKkdPNn/preview,https://drive.google.com/file/d/1R7HDIywvKGJzUJEcI_T4Of6CWgKkdPNn/view?usp=drivesdk,NIE,0,0,NIE,OCR / konwersja skanu
drive-1m-TH57FZyvO8BhbUxF9MsVXnUggK9O1N-YT-17001,YT-17001,YT17001,YATO,YT-17001,Czesci_zamienne_YT-17001.pdf,,Rysunki wybuchowe,1m-TH57FZyvO8BhbUxF9MsVXnUggK9O1N,https://drive.google.com/file/d/1m-TH57FZyvO8BhbUxF9MsVXnUggK9O1N/preview,https://drive.google.com/file/d/1m-TH57FZyvO8BhbUxF9MsVXnUggK9O1N/view?usp=drivesdk,NIE,0,0,NIE,OCR / konwersja skanu
drive-1bbrc9BpHXVDP8A5z_uP7JeXYCzafB6Ac-YT-17002,YT-17002,YT17002,YATO,YT-17002,Czesci_zamienne_YT-17002.pdf,,Rysunki wybuchowe,1bbrc9BpHXVDP8A5z_uP7JeXYCzafB6Ac,https://drive.google.com/file/d/1bbrc9BpHXVDP8A5z_uP7JeXYCzafB6Ac/preview,https://drive.google.com/file/d/1bbrc9BpHXVDP8A5z_uP7JeXYCzafB6Ac/view?usp=drivesdk,NIE,0,0,NIE,OCR / konwersja skanu
drive-1FmB5bP45W4fHA1Msf-cLufiNr_t9gHRo-YT-17004,YT-17004,YT17004,YATO,YT-17004,Czesci_zamienne_YT-17004.pdf,,Rysunki wybuchowe,1FmB5bP45W4fHA1Msf-cLufiNr_t9gHRo,https://drive.google.com/file/d/1FmB5bP45W4fHA1Msf-cLufiNr_t9gHRo/preview,https://drive.google.com/file/d/1FmB5bP45W4fHA1Msf-cLufiNr_t9gHRo/view?usp=drivesdk,NIE,0,0,NIE,OCR / konwersja skanu
drive-1WVaPhJQYwN6PqpWFiRcOjcvzqWUyErLJ-YT-17005,YT-17005,YT17005,YATO,YT-17005,Czesci_zamienne_YT-17005.pdf,,Rysunki wybuchowe,1WVaPhJQYwN6PqpWFiRcOjcvzqWUyErLJ,https://drive.google.com/file/d/1WVaPhJQYwN6PqpWFiRcOjcvzqWUyErLJ/preview,https://drive.google.com/file/d/1WVaPhJQYwN6PqpWFiRcOjcvzqWUyErLJ/view?usp=drivesdk,NIE,0,0,NIE,OCR / konwersja skanu
drive-1N2kFc1uaAvV8DPNyBQyV0U0qVMv9lnzu-YT-17006,YT-17006,YT17006,YATO,YT-17006,Czesci_zamienne_YT-17006.pdf,,Rysunki wybuchowe,1N2kFc1uaAvV8DPNyBQyV0U0qVMv9lnzu,https://drive.google.com/file/d/1N2kFc1uaAvV8DPNyBQyV0U0qVMv9lnzu/preview,https://drive.google.com/file/d/1N2kFc1uaAvV8DPNyBQyV0U0qVMv9lnzu/view?usp=drivesdk,NIE,0,0,NIE,OCR / konwersja skanu
drive-1qoHnR169Nyr-vtowcC4olCSf_c9TyMyp-YT-17007,YT-17007,YT17007,YATO,YT-17007,Czesci_zamienne_YT-17007.pdf,,Rysunki wybuchowe,1qoHnR169Nyr-vtowcC4olCSf_c9TyMyp,https://drive.google.com/file/d/1qoHnR169Nyr-vtowcC4olCSf_c9TyMyp/preview,https://drive.google.com/file/d/1qoHnR169Nyr-vtowcC4olCSf_c9TyMyp/view?usp=drivesdk,NIE,0,0,NIE,OCR / konwersja skanu
drive-1Xgn6djqAZm25kPdgwxylmDuJQi0NFloE-YT-17008,YT-17008,YT17008,YATO,YT-17008,Czesci_zamienne_YT-17008.pdf,,Rysunki wybuchowe,1Xgn6djqAZm25kPdgwxylmDuJQi0NFloE,https://drive.google.com/file/d/1Xgn6djqAZm25kPdgwxylmDuJQi0NFloE/preview,https://drive.google.com/file/d/1Xgn6djqAZm25kPdgwxylmDuJQi0NFloE/view?usp=drivesdk,NIE,0,0,NIE,OCR / konwersja skanu
drive-1e63QYnUz-VCcF7dUVeVwYiSQXlrAP7H8-YT-17009,YT-17009,YT17009,YATO,YT-17009,Czesci_zamienne_YT-17009.pdf,,Rysunki wybuchowe,1e63QYnUz-VCcF7dUVeVwYiSQXlrAP7H8,https://drive.google.com/file/d/1e63QYnUz-VCcF7dUVeVwYiSQXlrAP7H8/preview,https://drive.google.com/file/d/1e63QYnUz-VCcF7dUVeVwYiSQXlrAP7H8/view?usp=drivesdk,NIE,0,0,NIE,OCR / konwersja skanu
drive-1UPl9h9BmgT-skJVK49X6mFkPLlRhS66Q-YT-1711,YT-1711,YT1711,YATO,YT-1711,Czesci_zamienne_YT-1711.pdf,,Rysunki wybuchowe,1UPl9h9BmgT-skJVK49X6mFkPLlRhS66Q,https://drive.google.com/file/d/1UPl9h9BmgT-skJVK49X6mFkPLlRhS66Q/preview,https://drive.google.com/file/d/1UPl9h9BmgT-skJVK49X6mFkPLlRhS66Q/view?usp=drivesdk,NIE,0,0,NIE,OCR / konwersja skanu
drive-1fYcJMZYdYDvs0vapIMMpteDCf4Uy20GB-YT-1713,YT-1713,YT1713,YATO,YT-1713,Czesci_zamienne_YT-1713.pdf,,Rysunki wybuchowe,1fYcJMZYdYDvs0vapIMMpteDCf4Uy20GB,https://drive.google.com/file/d/1fYcJMZYdYDvs0vapIMMpteDCf4Uy20GB/preview,https://drive.google.com/file/d/1fYcJMZYdYDvs0vapIMMpteDCf4Uy20GB/view?usp=drivesdk,NIE,0,0,NIE,OCR / konwersja skanu
drive-1x0ToR8osp26O3PxQAZ9opEjrHQ1jU2yQ-YT-1720,YT-1720,YT1720,YATO,YT-1720,Czesci_zamienne_YT-1720.pdf,,Rysunki wybuchowe,1x0ToR8osp26O3PxQAZ9opEjrHQ1jU2yQ,https://drive.google.com/file/d/1x0ToR8osp26O3PxQAZ9opEjrHQ1jU2yQ/preview,https://drive.google.com/file/d/1x0ToR8osp26O3PxQAZ9opEjrHQ1jU2yQ/view?usp=drivesdk,NIE,0,0,NIE,OCR / konwersja skanu
drive-1fL8oRFqMOOeCIIkDPQIYe6a-oIJqBQMY-YT-17205,YT-17205,YT17205,YATO,YT-17205,Czesci_zamienne_YT-17205.pdf,,Rysunki wybuchowe,1fL8oRFqMOOeCIIkDPQIYe6a-oIJqBQMY,https://drive.google.com/file/d/1fL8oRFqMOOeCIIkDPQIYe6a-oIJqBQMY/preview,https://drive.google.com/file/d/1fL8oRFqMOOeCIIkDPQIYe6a-oIJqBQMY/view?usp=drivesdk,NIE,0,0,NIE,OCR / konwersja skanu
drive-14nsXsQN9ZGS3CFtt2ja0JNbq5oFNEYNE-YT-17207,YT-17207,YT17207,YATO,YT-17207,Czesci_zamienne_YT-17207.pdf,,Rysunki wybuchowe,14nsXsQN9ZGS3CFtt2ja0JNbq5oFNEYNE,https://drive.google.com/file/d/14nsXsQN9ZGS3CFtt2ja0JNbq5oFNEYNE/preview,https://drive.google.com/file/d/14nsXsQN9ZGS3CFtt2ja0JNbq5oFNEYNE/view?usp=drivesdk,NIE,0,0,NIE,OCR / konwersja skanu
drive-1xMGTp7CiOtONCnQFVixK9SlYq7G1wPPz-YT-1721,YT-1721,YT1721,YATO,YT-1721,Czesci_zamienne_YT-1721.pdf,,Rysunki wybuchowe,1xMGTp7CiOtONCnQFVixK9SlYq7G1wPPz,https://drive.google.com/file/d/1xMGTp7CiOtONCnQFVixK9SlYq7G1wPPz/preview,https://drive.google.com/file/d/1xMGTp7CiOtONCnQFVixK9SlYq7G1wPPz/view?usp=drivesdk,NIE,0,0,NIE,OCR / konwersja skanu
drive-1Sy4zPRVblbC98oI5ec_t5vo3gNRJ64TL-YT-17211,YT-17211,YT17211,YATO,YT-17211,Czesci_zamienne_YT-17211.pdf,,Rysunki wybuchowe,1Sy4zPRVblbC98oI5ec_t5vo3gNRJ64TL,https://drive.google.com/file/d/1Sy4zPRVblbC98oI5ec_t5vo3gNRJ64TL/preview,https://drive.google.com/file/d/1Sy4zPRVblbC98oI5ec_t5vo3gNRJ64TL/view?usp=drivesdk,NIE,0,0,NIE,OCR / konwersja skanu
drive-1DesPzhV-haBCFMUFGf2L_t1l1AmdR6ZK-YT-17213,YT-17213,YT17213,YATO,YT-17213,Czesci_zamienne_YT-17213.pdf,,Rysunki wybuchowe,1DesPzhV-haBCFMUFGf2L_t1l1AmdR6ZK,https://drive.google.com/file/d/1DesPzhV-haBCFMUFGf2L_t1l1AmdR6ZK/preview,https://drive.google.com/file/d/1DesPzhV-haBCFMUFGf2L_t1l1AmdR6ZK/view?usp=drivesdk,NIE,0,0,NIE,OCR / konwersja skanu
drive-1ArQkETbTF43fQ_FTyFHolG5sd5Ml5NhL-YT-17214,YT-17214,YT17214,YATO,YT-17214,Czesci_zamienne_YT-17214.pdf,,Rysunki wybuchowe,1ArQkETbTF43fQ_FTyFHolG5sd5Ml5NhL,https://drive.google.com/file/d/1ArQkETbTF43fQ_FTyFHolG5sd5Ml5NhL/preview,https://drive.google.com/file/d/1ArQkETbTF43fQ_FTyFHolG5sd5Ml5NhL/view?usp=drivesdk,NIE,0,0,NIE,OCR / konwersja skanu
drive-1pIJEbzIGzzxxYdaLT1KJ7gJkKyvxn_iH-YT-18900,YT-18900,YT18900,YATO,YT-18900,Czesci_zamienne_YT-18900.pdf,,Rysunki wybuchowe,1pIJEbzIGzzxxYdaLT1KJ7gJkKyvxn_iH,https://drive.google.com/file/d/1pIJEbzIGzzxxYdaLT1KJ7gJkKyvxn_iH/preview,https://drive.google.com/file/d/1pIJEbzIGzzxxYdaLT1KJ7gJkKyvxn_iH/view?usp=drivesdk,NIE,0,0,NIE,OCR / konwersja skanu
drive-1ZZc_II2VzDeOTTn5LK0zHtooBvXnimW7-YT-21758,YT-21758,YT21758,YATO,YT-21758,Czesci_zamienne_YT-21758.pdf,,Rysunki wybuchowe,1ZZc_II2VzDeOTTn5LK0zHtooBvXnimW7,https://drive.google.com/file/d/1ZZc_II2VzDeOTTn5LK0zHtooBvXnimW7/preview,https://drive.google.com/file/d/1ZZc_II2VzDeOTTn5LK0zHtooBvXnimW7/view?usp=drivesdk,NIE,0,0,NIE,OCR / konwersja skanu
drive-1C18O2MeBaJHGR7aYYQyEJVEDwQuqdXBq-YT-23241,YT-23241,YT23241,YATO,YT-23241 YT-23242,Czesci_zamienne_YT-23241 YT-23242.pdf,,Rysunki wybuchowe,1C18O2MeBaJHGR7aYYQyEJVEDwQuqdXBq,https://drive.google.com/file/d/1C18O2MeBaJHGR7aYYQyEJVEDwQuqdXBq/preview,https://drive.google.com/file/d/1C18O2MeBaJHGR7aYYQyEJVEDwQuqdXBq/view?usp=drivesdk,NIE,0,0,NIE,OCR / konwersja skanu
drive-1C18O2MeBaJHGR7aYYQyEJVEDwQuqdXBq-YT-23242,YT-23242,YT23242,YATO,YT-23242 — YT-23241 YT-23242,Czesci_zamienne_YT-23241 YT-23242.pdf,,Rysunki wybuchowe,1C18O2MeBaJHGR7aYYQyEJVEDwQuqdXBq,https://drive.google.com/file/d/1C18O2MeBaJHGR7aYYQyEJVEDwQuqdXBq/preview,https://drive.google.com/file/d/1C18O2MeBaJHGR7aYYQyEJVEDwQuqdXBq/view?usp=drivesdk,NIE,0,0,NIE,OCR / konwersja skanu
drive-15popLYYQFMAGlYKBSRZi9CWhQ9TWCsnn-YT-23300,YT-23300,YT23300,YATO,YT-23300,Czesci_zamienne_YT-23300.pdf,,Rysunki wybuchowe,15popLYYQFMAGlYKBSRZi9CWhQ9TWCsnn,https://drive.google.com/file/d/15popLYYQFMAGlYKBSRZi9CWhQ9TWCsnn/preview,https://drive.google.com/file/d/15popLYYQFMAGlYKBSRZi9CWhQ9TWCsnn/view?usp=drivesdk,NIE,0,0,NIE,OCR / konwersja skanu
drive-1C6TVyzycnHxq3FH9iQOcOK2wcfUT870P-YT-23305,YT-23305,YT23305,YATO,YT-23305,Czesci_zamienne_YT-23305.pdf,,Rysunki wybuchowe,1C6TVyzycnHxq3FH9iQOcOK2wcfUT870P,https://drive.google.com/file/d/1C6TVyzycnHxq3FH9iQOcOK2wcfUT870P/preview,https://drive.google.com/file/d/1C6TVyzycnHxq3FH9iQOcOK2wcfUT870P/view?usp=drivesdk,NIE,0,0,NIE,OCR / konwersja skanu
drive-1jDY04VEnrpsVnh3ir3AEuhhqBBMI2FKG-YT-23306,YT-23306,YT23306,YATO,YT-23306,Czesci_zamienne_YT-23306.pdf,,Rysunki wybuchowe,1jDY04VEnrpsVnh3ir3AEuhhqBBMI2FKG,https://drive.google.com/file/d/1jDY04VEnrpsVnh3ir3AEuhhqBBMI2FKG/preview,https://drive.google.com/file/d/1jDY04VEnrpsVnh3ir3AEuhhqBBMI2FKG/view?usp=drivesdk,NIE,0,0,NIE,OCR / konwersja skanu
drive-1gaKSXd6dDT8DBnGzzkxtIDF_bHqbMBIZ-YT-23310,YT-23310,YT23310,YATO,YT-23310,Czesci_zamienne_YT-23310.pdf,,Rysunki wybuchowe,1gaKSXd6dDT8DBnGzzkxtIDF_bHqbMBIZ,https://drive.google.com/file/d/1gaKSXd6dDT8DBnGzzkxtIDF_bHqbMBIZ/preview,https://drive.google.com/file/d/1gaKSXd6dDT8DBnGzzkxtIDF_bHqbMBIZ/view?usp=drivesdk,NIE,0,0,NIE,OCR / konwersja skanu
drive-1xG7t39Ka-bLQMNOfG-GkFjVp9Ry48Kh3-YT-23311,YT-23311,YT23311,YATO,YT-23311,Czesci_zamienne_YT-23311.pdf,,Rysunki wybuchowe,1xG7t39Ka-bLQMNOfG-GkFjVp9Ry48Kh3,https://drive.google.com/file/d/1xG7t39Ka-bLQMNOfG-GkFjVp9Ry48Kh3/preview,https://drive.google.com/file/d/1xG7t39Ka-bLQMNOfG-GkFjVp9Ry48Kh3/view?usp=drivesdk,NIE,0,0,NIE,OCR / konwersja skanu
drive-1IQt_lr1YgVGcgg7ZBt4H8JXXVLedcnmn-YT-23320,YT-23320,YT23320,YATO,YT-23320,Czesci_zamienne_YT-23320.pdf,,Rysunki wybuchowe,1IQt_lr1YgVGcgg7ZBt4H8JXXVLedcnmn,https://drive.google.com/file/d/1IQt_lr1YgVGcgg7ZBt4H8JXXVLedcnmn/preview,https://drive.google.com/file/d/1IQt_lr1YgVGcgg7ZBt4H8JXXVLedcnmn/view?usp=drivesdk,NIE,0,0,NIE,OCR / konwersja skanu
drive-1ekHfKXwaUu1x0p1EcjnvEjhds-4KQb8g-YT-23321,YT-23321,YT23321,YATO,YT-23321,Czesci_zamienne_YT-23321.pdf,,Rysunki wybuchowe,1ekHfKXwaUu1x0p1EcjnvEjhds-4KQb8g,https://drive.google.com/file/d/1ekHfKXwaUu1x0p1EcjnvEjhds-4KQb8g/preview,https://drive.google.com/file/d/1ekHfKXwaUu1x0p1EcjnvEjhds-4KQb8g/view?usp=drivesdk,NIE,0,0,NIE,OCR / konwersja skanu
drive-1Tln3_ayQ-_NiW6p37PssYRup0L6pvzgn-YT-2346,YT-2346,YT2346,YATO,YT-2346,Czesci_zamienne_YT-2346.pdf,,Rysunki wybuchowe,1Tln3_ayQ-_NiW6p37PssYRup0L6pvzgn,https://drive.google.com/file/d/1Tln3_ayQ-_NiW6p37PssYRup0L6pvzgn/preview,https://drive.google.com/file/d/1Tln3_ayQ-_NiW6p37PssYRup0L6pvzgn/view?usp=drivesdk,NIE,0,0,NIE,OCR / konwersja skanu
drive-1WH2Nt8wnmc6iHTVsmFUIeVSVnwlWbxyT-YT-23701,YT-23701,YT23701,YATO,YT-23701,Czesci_zamienne_YT-23701.pdf,,Rysunki wybuchowe,1WH2Nt8wnmc6iHTVsmFUIeVSVnwlWbxyT,https://drive.google.com/file/d/1WH2Nt8wnmc6iHTVsmFUIeVSVnwlWbxyT/preview,https://drive.google.com/file/d/1WH2Nt8wnmc6iHTVsmFUIeVSVnwlWbxyT/view?usp=drivesdk,NIE,0,0,NIE,OCR / konwersja skanu
drive-1lBv6CFZTYZPg3pBtcrHEFJe6CPunVXqt-YT-25021,YT-25021,YT25021,YATO,YT-25021,Czesci_zamienne_YT-25021.pdf,,Rysunki wybuchowe,1lBv6CFZTYZPg3pBtcrHEFJe6CPunVXqt,https://drive.google.com/file/d/1lBv6CFZTYZPg3pBtcrHEFJe6CPunVXqt/preview,https://drive.google.com/file/d/1lBv6CFZTYZPg3pBtcrHEFJe6CPunVXqt/view?usp=drivesdk,NIE,0,0,NIE,OCR / konwersja skanu
drive-1T1JoziPFdGjy3VbC8JuPJtuzC8UF5JuF-YT-30436,YT-30436,YT30436,YATO,YT-30436,Czesci_zamienne_YT-30436.pdf,,Rysunki wybuchowe,1T1JoziPFdGjy3VbC8JuPJtuzC8UF5JuF,https://drive.google.com/file/d/1T1JoziPFdGjy3VbC8JuPJtuzC8UF5JuF/preview,https://drive.google.com/file/d/1T1JoziPFdGjy3VbC8JuPJtuzC8UF5JuF/view?usp=drivesdk,NIE,0,0,NIE,OCR / konwersja skanu
drive-1Vf1OZdsFSrj--RY-rNWiSEZpc5sIEKQ6-YT-30520,YT-30520,YT30520,YATO,YT-30520,Czesci_zamienne_YT-30520.pdf,,Rysunki wybuchowe,1Vf1OZdsFSrj--RY-rNWiSEZpc5sIEKQ6,https://drive.google.com/file/d/1Vf1OZdsFSrj--RY-rNWiSEZpc5sIEKQ6/preview,https://drive.google.com/file/d/1Vf1OZdsFSrj--RY-rNWiSEZpc5sIEKQ6/view?usp=drivesdk,NIE,0,0,NIE,OCR / konwersja skanu
drive-114nig8bIWE1WMe3yDZbJNFOjJW1ZEOdU-YT-30521,YT-30521,YT30521,YATO,YT-30521,Czesci_zamienne_YT-30521.pdf,,Rysunki wybuchowe,114nig8bIWE1WMe3yDZbJNFOjJW1ZEOdU,https://drive.google.com/file/d/114nig8bIWE1WMe3yDZbJNFOjJW1ZEOdU/preview,https://drive.google.com/file/d/114nig8bIWE1WMe3yDZbJNFOjJW1ZEOdU/view?usp=drivesdk,NIE,0,0,NIE,OCR / konwersja skanu
drive-1ZnICSyifILrZ87Fl6TIEpGKXnLCR6ltD-YT-30522,YT-30522,YT30522,YATO,YT-30522,Czesci_zamienne_YT-30522.pdf,,Rysunki wybuchowe,1ZnICSyifILrZ87Fl6TIEpGKXnLCR6ltD,https://drive.google.com/file/d/1ZnICSyifILrZ87Fl6TIEpGKXnLCR6ltD/preview,https://drive.google.com/file/d/1ZnICSyifILrZ87Fl6TIEpGKXnLCR6ltD/view?usp=drivesdk,NIE,0,0,NIE,OCR / konwersja skanu
drive-1GV14G4vJfsyreem7opoRcf2SXyeiksFf-YT-3600,YT-3600,YT3600,YATO,YT-3600,Czesci_zamienne_YT-3600.pdf,,Rysunki wybuchowe,1GV14G4vJfsyreem7opoRcf2SXyeiksFf,https://drive.google.com/file/d/1GV14G4vJfsyreem7opoRcf2SXyeiksFf/preview,https://drive.google.com/file/d/1GV14G4vJfsyreem7opoRcf2SXyeiksFf/view?usp=drivesdk,NIE,0,0,NIE,OCR / konwersja skanu
drive-1_cmB1T9MaDZjFtOgNPdkRsUlmCgJCMtF-YT-36012,YT-36012,YT36012,YATO,YT-36012,Czesci_zamienne_YT-36012.pdf,,Rysunki wybuchowe,1_cmB1T9MaDZjFtOgNPdkRsUlmCgJCMtF,https://drive.google.com/file/d/1_cmB1T9MaDZjFtOgNPdkRsUlmCgJCMtF/preview,https://drive.google.com/file/d/1_cmB1T9MaDZjFtOgNPdkRsUlmCgJCMtF/view?usp=drivesdk,NIE,0,0,NIE,OCR / konwersja skanu
drive-1s-rZIajsct_vcMMABQpwFebhTuon8EGW-YT-36013,YT-36013,YT36013,YATO,YT-36013,Czesci_zamienne_YT-36013.pdf,,Rysunki wybuchowe,1s-rZIajsct_vcMMABQpwFebhTuon8EGW,https://drive.google.com/file/d/1s-rZIajsct_vcMMABQpwFebhTuon8EGW/preview,https://drive.google.com/file/d/1s-rZIajsct_vcMMABQpwFebhTuon8EGW/view?usp=drivesdk,NIE,0,0,NIE,OCR / konwersja skanu
drive-1RoA1vkcsuQhFtubjBp0yFPyeD-Re92DP-YT-3609,YT-3609,YT3609,YATO,YT-3609,Czesci_zamienne_YT-3609.pdf,,Rysunki wybuchowe,1RoA1vkcsuQhFtubjBp0yFPyeD-Re92DP,https://drive.google.com/file/d/1RoA1vkcsuQhFtubjBp0yFPyeD-Re92DP/preview,https://drive.google.com/file/d/1RoA1vkcsuQhFtubjBp0yFPyeD-Re92DP/view?usp=drivesdk,NIE,0,0,NIE,OCR / konwersja skanu
drive-1ijuSdTe_D9SdlDaeFjJfIMFkDr6Sl5U9-YT-36091,YT-36091,YT36091,YATO,YT-36091,Czesci_zamienne_YT-36091.pdf,,Rysunki wybuchowe,1ijuSdTe_D9SdlDaeFjJfIMFkDr6Sl5U9,https://drive.google.com/file/d/1ijuSdTe_D9SdlDaeFjJfIMFkDr6Sl5U9/preview,https://drive.google.com/file/d/1ijuSdTe_D9SdlDaeFjJfIMFkDr6Sl5U9/view?usp=drivesdk,NIE,0,0,NIE,OCR / konwersja skanu
drive-1GOb_6vVb8uVdhh02Lmvg8W2ALq6boL38-YT-36092,YT-36092,YT36092,YATO,YT-36092,Czesci_zamienne_YT-36092.pdf,,Rysunki wybuchowe,1GOb_6vVb8uVdhh02Lmvg8W2ALq6boL38,https://drive.google.com/file/d/1GOb_6vVb8uVdhh02Lmvg8W2ALq6boL38/preview,https://drive.google.com/file/d/1GOb_6vVb8uVdhh02Lmvg8W2ALq6boL38/view?usp=drivesdk,NIE,0,0,NIE,OCR / konwersja skanu
drive-1Bez3KOF45-I-g6zsKjukQzC4a0DJ96Il-YT-36095,YT-36095,YT36095,YATO,YT-36095,Czesci_zamienne_YT-36095.pdf,,Rysunki wybuchowe,1Bez3KOF45-I-g6zsKjukQzC4a0DJ96Il,https://drive.google.com/file/d/1Bez3KOF45-I-g6zsKjukQzC4a0DJ96Il/preview,https://drive.google.com/file/d/1Bez3KOF45-I-g6zsKjukQzC4a0DJ96Il/view?usp=drivesdk,NIE,0,0,NIE,OCR / konwersja skanu
drive-1JuoWkUM1XOqZY6FRLz1E9l4_Gnx_YUSM-YT-3610,YT-3610,YT3610,YATO,YT-3610,Czesci_zamienne_YT-3610.pdf,,Rysunki wybuchowe,1JuoWkUM1XOqZY6FRLz1E9l4_Gnx_YUSM,https://drive.google.com/file/d/1JuoWkUM1XOqZY6FRLz1E9l4_Gnx_YUSM/preview,https://drive.google.com/file/d/1JuoWkUM1XOqZY6FRLz1E9l4_Gnx_YUSM/view?usp=drivesdk,NIE,0,0,NIE,OCR / konwersja skanu
drive-1bOkYkQ_DQOuGgvO8gsz0xwbajg63ZzAO-YT-36112,YT-36112,YT36112,YATO,YT-36112,Czesci_zamienne_YT-36112.pdf,,Rysunki wybuchowe,1bOkYkQ_DQOuGgvO8gsz0xwbajg63ZzAO,https://drive.google.com/file/d/1bOkYkQ_DQOuGgvO8gsz0xwbajg63ZzAO/preview,https://drive.google.com/file/d/1bOkYkQ_DQOuGgvO8gsz0xwbajg63ZzAO/view?usp=drivesdk,NIE,0,0,NIE,OCR / konwersja skanu
drive-1MG7jmpRi6sVtUUW5njGJaiaMYaCqFvfM-YT-36119,YT-36119,YT36119,YATO,YT-36119,Czesci_zamienne_YT-36119.pdf,,Rysunki wybuchowe,1MG7jmpRi6sVtUUW5njGJaiaMYaCqFvfM,https://drive.google.com/file/d/1MG7jmpRi6sVtUUW5njGJaiaMYaCqFvfM/preview,https://drive.google.com/file/d/1MG7jmpRi6sVtUUW5njGJaiaMYaCqFvfM/view?usp=drivesdk,NIE,0,0,NIE,OCR / konwersja skanu
drive-1iH0gEqtppXaYDcqOMBferRNPksm5Bp42-YT-3612,YT-3612,YT3612,YATO,YT-3612,Czesci_zamienne_YT-3612.pdf,,Rysunki wybuchowe,1iH0gEqtppXaYDcqOMBferRNPksm5Bp42,https://drive.google.com/file/d/1iH0gEqtppXaYDcqOMBferRNPksm5Bp42/preview,https://drive.google.com/file/d/1iH0gEqtppXaYDcqOMBferRNPksm5Bp42/view?usp=drivesdk,NIE,0,0,NIE,OCR / konwersja skanu
drive-1XAiqRjZ0Tr8Zv6nwYsWcsDZ_iRB1XnVJ-YT-36125,YT-36125,YT36125,YATO,YT-36125,Czesci_zamienne_YT-36125.pdf,,Rysunki wybuchowe,1XAiqRjZ0Tr8Zv6nwYsWcsDZ_iRB1XnVJ,https://drive.google.com/file/d/1XAiqRjZ0Tr8Zv6nwYsWcsDZ_iRB1XnVJ/preview,https://drive.google.com/file/d/1XAiqRjZ0Tr8Zv6nwYsWcsDZ_iRB1XnVJ/view?usp=drivesdk,NIE,0,0,NIE,OCR / konwersja skanu
drive-1l0mWXckuCDxdUEj764kOBijVjO7zE4C_-YT-36127,YT-36127,YT36127,YATO,YT-36127,Czesci_zamienne_YT-36127.pdf,,Rysunki wybuchowe,1l0mWXckuCDxdUEj764kOBijVjO7zE4C_,https://drive.google.com/file/d/1l0mWXckuCDxdUEj764kOBijVjO7zE4C_/preview,https://drive.google.com/file/d/1l0mWXckuCDxdUEj764kOBijVjO7zE4C_/view?usp=drivesdk,NIE,0,0,NIE,OCR / konwersja skanu
drive-1Hmp7e-eHMe2jk30zSHINVCv6b1CPjxqM-YT-36150,YT-36150,YT36150,YATO,YT-36150,Czesci_zamienne_YT-36150.pdf,,Rysunki wybuchowe,1Hmp7e-eHMe2jk30zSHINVCv6b1CPjxqM,https://drive.google.com/file/d/1Hmp7e-eHMe2jk30zSHINVCv6b1CPjxqM/preview,https://drive.google.com/file/d/1Hmp7e-eHMe2jk30zSHINVCv6b1CPjxqM/view?usp=drivesdk,NIE,0,0,NIE,OCR / konwersja skanu
drive-1tEauMAIpxxlAbEK5fEeJ7Zh9wh2ZjsNm-YT-36171,YT-36171,YT36171,YATO,YT-36171,Czesci_zamienne_YT-36171.pdf,,Rysunki wybuchowe,1tEauMAIpxxlAbEK5fEeJ7Zh9wh2ZjsNm,https://drive.google.com/file/d/1tEauMAIpxxlAbEK5fEeJ7Zh9wh2ZjsNm/preview,https://drive.google.com/file/d/1tEauMAIpxxlAbEK5fEeJ7Zh9wh2ZjsNm/view?usp=drivesdk,NIE,0,0,NIE,OCR / konwersja skanu
drive-1lD08oIZvsxK0NlkjKTPKvNKw-WlBSIUa-YT-36177,YT-36177,YT36177,YATO,YT-36177,Czesci_zamienne_YT-36177.pdf,,Rysunki wybuchowe,1lD08oIZvsxK0NlkjKTPKvNKw-WlBSIUa,https://drive.google.com/file/d/1lD08oIZvsxK0NlkjKTPKvNKw-WlBSIUa/preview,https://drive.google.com/file/d/1lD08oIZvsxK0NlkjKTPKvNKw-WlBSIUa/view?usp=drivesdk,NIE,0,0,NIE,OCR / konwersja skanu
drive-1XipPQprDRhn8_2JJ6LUNHJxqaeMThkJ5-YT-3618,YT-3618,YT3618,YATO,YT-3618,Czesci_zamienne_YT-3618.pdf,,Rysunki wybuchowe,1XipPQprDRhn8_2JJ6LUNHJxqaeMThkJ5,https://drive.google.com/file/d/1XipPQprDRhn8_2JJ6LUNHJxqaeMThkJ5/preview,https://drive.google.com/file/d/1XipPQprDRhn8_2JJ6LUNHJxqaeMThkJ5/view?usp=drivesdk,NIE,0,0,NIE,OCR / konwersja skanu
drive-1qj2j2AO9cn_uO6R_dQnYlff_19bz-5e1-YT-3618,YT-3618,YT3618,YATO,YT-3618,YT-3618.pdf,,Rysunki wybuchowe,1qj2j2AO9cn_uO6R_dQnYlff_19bz-5e1,https://drive.google.com/file/d/1qj2j2AO9cn_uO6R_dQnYlff_19bz-5e1/preview,https://drive.google.com/file/d/1qj2j2AO9cn_uO6R_dQnYlff_19bz-5e1/view?usp=drivesdk,NIE,0,0,NIE,OCR / konwersja skanu
drive-1G_a9ufJQJ2JwzQUG0lOfhtU7L3TOHdNO-YT-372160,YT-372160,YT372160,YATO,YT-372160,Czesci_zamienne_YT-372160.pdf,,Rysunki wybuchowe,1G_a9ufJQJ2JwzQUG0lOfhtU7L3TOHdNO,https://drive.google.com/file/d/1G_a9ufJQJ2JwzQUG0lOfhtU7L3TOHdNO/preview,https://drive.google.com/file/d/1G_a9ufJQJ2JwzQUG0lOfhtU7L3TOHdNO/view?usp=drivesdk,NIE,0,0,NIE,OCR / konwersja skanu
drive-1DGZMfmSlIfrExUydW1CI_EGRe0YBaHIb-YT-372161,YT-372161,YT372161,YATO,YT-372161,Czesci_zamienne_YT-372161.pdf,,Rysunki wybuchowe,1DGZMfmSlIfrExUydW1CI_EGRe0YBaHIb,https://drive.google.com/file/d/1DGZMfmSlIfrExUydW1CI_EGRe0YBaHIb/preview,https://drive.google.com/file/d/1DGZMfmSlIfrExUydW1CI_EGRe0YBaHIb/view?usp=drivesdk,NIE,0,0,NIE,OCR / konwersja skanu
drive-1YDILx8Zz2f9OxfhZrtiKeLSkMyzlwCc7-YT-372163,YT-372163,YT372163,YATO,YT-372163,Czesci_zamienne_YT-372163.pdf,,Rysunki wybuchowe,1YDILx8Zz2f9OxfhZrtiKeLSkMyzlwCc7,https://drive.google.com/file/d/1YDILx8Zz2f9OxfhZrtiKeLSkMyzlwCc7/preview,https://drive.google.com/file/d/1YDILx8Zz2f9OxfhZrtiKeLSkMyzlwCc7/view?usp=drivesdk,NIE,0,0,NIE,OCR / konwersja skanu
drive-1iIWhr6vFbn855EtpSkLYzL0L4dJ7l6tr-YT-372164,YT-372164,YT372164,YATO,YT-372164,Czesci_zamienne_YT-372164.pdf,,Rysunki wybuchowe,1iIWhr6vFbn855EtpSkLYzL0L4dJ7l6tr,https://drive.google.com/file/d/1iIWhr6vFbn855EtpSkLYzL0L4dJ7l6tr/preview,https://drive.google.com/file/d/1iIWhr6vFbn855EtpSkLYzL0L4dJ7l6tr/view?usp=drivesdk,NIE,0,0,NIE,OCR / konwersja skanu
drive-1zsuUEzVYRX-yOWWq5qEY1qkyQ4PUf0kh-YT-372165,YT-372165,YT372165,YATO,YT-372165,Czesci_zamienne_YT-372165.pdf,,Rysunki wybuchowe,1zsuUEzVYRX-yOWWq5qEY1qkyQ4PUf0kh,https://drive.google.com/file/d/1zsuUEzVYRX-yOWWq5qEY1qkyQ4PUf0kh/preview,https://drive.google.com/file/d/1zsuUEzVYRX-yOWWq5qEY1qkyQ4PUf0kh/view?usp=drivesdk,NIE,0,0,NIE,OCR / konwersja skanu
drive-1FZZuDMWh1xsrrUVXD7aWt9YrHuPsskIN-YT-372166,YT-372166,YT372166,YATO,YT-372166,Czesci_zamienne_YT-372166.pdf,,Rysunki wybuchowe,1FZZuDMWh1xsrrUVXD7aWt9YrHuPsskIN,https://drive.google.com/file/d/1FZZuDMWh1xsrrUVXD7aWt9YrHuPsskIN/preview,https://drive.google.com/file/d/1FZZuDMWh1xsrrUVXD7aWt9YrHuPsskIN/view?usp=drivesdk,NIE,0,0,NIE,OCR / konwersja skanu
drive-1NGDzvNow8rwOfhW6jRkCoMfxJZs7oEc_-YT-372167,YT-372167,YT372167,YATO,YT-372167,Czesci_zamienne_YT-372167.pdf,,Rysunki wybuchowe,1NGDzvNow8rwOfhW6jRkCoMfxJZs7oEc_,https://drive.google.com/file/d/1NGDzvNow8rwOfhW6jRkCoMfxJZs7oEc_/preview,https://drive.google.com/file/d/1NGDzvNow8rwOfhW6jRkCoMfxJZs7oEc_/view?usp=drivesdk,NIE,0,0,NIE,OCR / konwersja skanu
drive-1wfh0aoXrdzFE7kDOh-bZAEmxp6xPzbP9-YT-372171,YT-372171,YT372171,YATO,YT-372171,Czesci_zamienne_YT-372171.pdf,,Rysunki wybuchowe,1wfh0aoXrdzFE7kDOh-bZAEmxp6xPzbP9,https://drive.google.com/file/d/1wfh0aoXrdzFE7kDOh-bZAEmxp6xPzbP9/preview,https://drive.google.com/file/d/1wfh0aoXrdzFE7kDOh-bZAEmxp6xPzbP9/view?usp=drivesdk,NIE,0,0,NIE,OCR / konwersja skanu
drive-1UugN57sTp6-H0hy6Y1QqEdaognR67VFI-YT-372180,YT-372180,YT372180,YATO,YT-372180,Czesci_zamienne_YT-372180.pdf,,Rysunki wybuchowe,1UugN57sTp6-H0hy6Y1QqEdaognR67VFI,https://drive.google.com/file/d/1UugN57sTp6-H0hy6Y1QqEdaognR67VFI/preview,https://drive.google.com/file/d/1UugN57sTp6-H0hy6Y1QqEdaognR67VFI/view?usp=drivesdk,NIE,0,0,NIE,OCR / konwersja skanu
drive-1ENPDqoPGgAaA_vPrDB4G1agLUBNpBycA-YT-55556,YT-55556,YT55556,YATO,YT-55556,Czesci_zamienne_YT-55556.pdf,,Rysunki wybuchowe,1ENPDqoPGgAaA_vPrDB4G1agLUBNpBycA,https://drive.google.com/file/d/1ENPDqoPGgAaA_vPrDB4G1agLUBNpBycA/preview,https://drive.google.com/file/d/1ENPDqoPGgAaA_vPrDB4G1agLUBNpBycA/view?usp=drivesdk,NIE,0,0,NIE,OCR / konwersja skanu
drive-1JqkVmj9yrEkGuwaiUYO6StoF7Prc1-P5-YT-55557,YT-55557,YT55557,YATO,YT-55557 V2,Czesci_zamienne_YT-55557 V2.pdf,,Rysunki wybuchowe,1JqkVmj9yrEkGuwaiUYO6StoF7Prc1-P5,https://drive.google.com/file/d/1JqkVmj9yrEkGuwaiUYO6StoF7Prc1-P5/preview,https://drive.google.com/file/d/1JqkVmj9yrEkGuwaiUYO6StoF7Prc1-P5/view?usp=drivesdk,NIE,0,0,NIE,OCR / konwersja skanu
drive-1ZR2Xvtpe-5Vk5T5e5NGgCC2Wagb83WAR-YT-55581,YT-55581,YT55581,YATO,YT-55581,Czesci_zamienne_YT-55581.pdf,,Rysunki wybuchowe,1ZR2Xvtpe-5Vk5T5e5NGgCC2Wagb83WAR,https://drive.google.com/file/d/1ZR2Xvtpe-5Vk5T5e5NGgCC2Wagb83WAR/preview,https://drive.google.com/file/d/1ZR2Xvtpe-5Vk5T5e5NGgCC2Wagb83WAR/view?usp=drivesdk,NIE,0,0,NIE,OCR / konwersja skanu
drive-111lTwQg0XQjSpLdmDCwuyg4FganO_qHi-YT-55584,YT-55584,YT55584,YATO,YT-55584,Czesci_zamienne_YT-55584.pdf,,Rysunki wybuchowe,111lTwQg0XQjSpLdmDCwuyg4FganO_qHi,https://drive.google.com/file/d/111lTwQg0XQjSpLdmDCwuyg4FganO_qHi/preview,https://drive.google.com/file/d/111lTwQg0XQjSpLdmDCwuyg4FganO_qHi/view?usp=drivesdk,NIE,0,0,NIE,OCR / konwersja skanu
drive-13shZgW09G4JJstYo9qvSDxjq_ZmIvBW6-YT-55585,YT-55585,YT55585,YATO,YT-55585,Czesci_zamienne_YT-55585.pdf,,Rysunki wybuchowe,13shZgW09G4JJstYo9qvSDxjq_ZmIvBW6,https://drive.google.com/file/d/13shZgW09G4JJstYo9qvSDxjq_ZmIvBW6/preview,https://drive.google.com/file/d/13shZgW09G4JJstYo9qvSDxjq_ZmIvBW6/view?usp=drivesdk,NIE,0,0,NIE,OCR / konwersja skanu
drive-1s97Rw-qddKIoADQCLSuksqBwfsTXSSFZ-YT-55600,YT-55600,YT55600,YATO,YT-55600,Czesci_zamienne_YT-55600.pdf,,Rysunki wybuchowe,1s97Rw-qddKIoADQCLSuksqBwfsTXSSFZ,https://drive.google.com/file/d/1s97Rw-qddKIoADQCLSuksqBwfsTXSSFZ/preview,https://drive.google.com/file/d/1s97Rw-qddKIoADQCLSuksqBwfsTXSSFZ/view?usp=drivesdk,NIE,0,0,NIE,OCR / konwersja skanu
drive-1O4DaxGRKJJlv9fL00K59P1X5PObzURiq-YT-55801,YT-55801,YT55801,YATO,YT-55801,Czesci_zamienne_YT-55801.pdf,,Rysunki wybuchowe,1O4DaxGRKJJlv9fL00K59P1X5PObzURiq,https://drive.google.com/file/d/1O4DaxGRKJJlv9fL00K59P1X5PObzURiq/preview,https://drive.google.com/file/d/1O4DaxGRKJJlv9fL00K59P1X5PObzURiq/view?usp=drivesdk,NIE,0,0,NIE,OCR / konwersja skanu
drive-1uLf7_4oewuPtYWll7khWBuEowDhi1hU4-YT-55803,YT-55803,YT55803,YATO,YT-55803,Czesci_zamienne_YT-55803.pdf,,Rysunki wybuchowe,1uLf7_4oewuPtYWll7khWBuEowDhi1hU4,https://drive.google.com/file/d/1uLf7_4oewuPtYWll7khWBuEowDhi1hU4/preview,https://drive.google.com/file/d/1uLf7_4oewuPtYWll7khWBuEowDhi1hU4/view?usp=drivesdk,NIE,0,0,NIE,OCR / konwersja skanu
drive-1mH0aOQBso3KC6Yrhv6diOgrok1u5S8sJ-YT-55808,YT-55808,YT55808,YATO,YT-55808,Czesci_zamienne_YT-55808.pdf,,Rysunki wybuchowe,1mH0aOQBso3KC6Yrhv6diOgrok1u5S8sJ,https://drive.google.com/file/d/1mH0aOQBso3KC6Yrhv6diOgrok1u5S8sJ/preview,https://drive.google.com/file/d/1mH0aOQBso3KC6Yrhv6diOgrok1u5S8sJ/view?usp=drivesdk,NIE,0,0,NIE,OCR / konwersja skanu
drive-1yXhwbPS4jbsiNWV_YbYsAFCTmXec84eC-YT-5901,YT-5901,YT5901,YATO,YT-5901,Czesci_zamienne_YT-5901.pdf,,Rysunki wybuchowe,1yXhwbPS4jbsiNWV_YbYsAFCTmXec84eC,https://drive.google.com/file/d/1yXhwbPS4jbsiNWV_YbYsAFCTmXec84eC/preview,https://drive.google.com/file/d/1yXhwbPS4jbsiNWV_YbYsAFCTmXec84eC/view?usp=drivesdk,NIE,0,0,NIE,OCR / konwersja skanu
drive-1X4pB2b3NnZ_P-lsrcs1wzTTagkgaOAUE-YT-5902,YT-5902,YT5902,YATO,YT-5902,Czesci_zamienne_YT-5902.pdf,,Rysunki wybuchowe,1X4pB2b3NnZ_P-lsrcs1wzTTagkgaOAUE,https://drive.google.com/file/d/1X4pB2b3NnZ_P-lsrcs1wzTTagkgaOAUE/preview,https://drive.google.com/file/d/1X4pB2b3NnZ_P-lsrcs1wzTTagkgaOAUE/view?usp=drivesdk,NIE,0,0,NIE,OCR / konwersja skanu
drive-106J5G28QvoVmI2279ZFsN-p7HmcZjzT4-YT-5904,YT-5904,YT5904,YATO,YT-5904,Czesci_zamienne_YT-5904.pdf,,Rysunki wybuchowe,106J5G28QvoVmI2279ZFsN-p7HmcZjzT4,https://drive.google.com/file/d/106J5G28QvoVmI2279ZFsN-p7HmcZjzT4/preview,https://drive.google.com/file/d/106J5G28QvoVmI2279ZFsN-p7HmcZjzT4/view?usp=drivesdk,NIE,0,0,NIE,OCR / konwersja skanu
drive-1zyrSpfG8vfiXQvQ8IViVw_S4Qmw1C6F7-YT-5905,YT-5905,YT5905,YATO,YT-5905,Czesci_zamienne_YT-5905.pdf,,Rysunki wybuchowe,1zyrSpfG8vfiXQvQ8IViVw_S4Qmw1C6F7,https://drive.google.com/file/d/1zyrSpfG8vfiXQvQ8IViVw_S4Qmw1C6F7/preview,https://drive.google.com/file/d/1zyrSpfG8vfiXQvQ8IViVw_S4Qmw1C6F7/view?usp=drivesdk,NIE,0,0,NIE,OCR / konwersja skanu
drive-1rKwJdEAwsMc7QYGkI5mh6k07r5TG5YVv-YT-72920,YT-72920,YT72920,YATO,YT-72920,Czesci_zamienne_YT-72920.pdf,,Rysunki wybuchowe,1rKwJdEAwsMc7QYGkI5mh6k07r5TG5YVv,https://drive.google.com/file/d/1rKwJdEAwsMc7QYGkI5mh6k07r5TG5YVv/preview,https://drive.google.com/file/d/1rKwJdEAwsMc7QYGkI5mh6k07r5TG5YVv/view?usp=drivesdk,NIE,0,0,NIE,OCR / konwersja skanu
drive-1-H3jJ850ScKgsil-kKF2sose5lMu_oGP-YT-7302,YT-7302,YT7302,YATO,YT-7302,Czesci_zamienne_YT-7302.pdf,,Rysunki wybuchowe,1-H3jJ850ScKgsil-kKF2sose5lMu_oGP,https://drive.google.com/file/d/1-H3jJ850ScKgsil-kKF2sose5lMu_oGP/preview,https://drive.google.com/file/d/1-H3jJ850ScKgsil-kKF2sose5lMu_oGP/view?usp=drivesdk,NIE,0,0,NIE,OCR / konwersja skanu
drive-1L-TcqkzAKsP-8FJ_vR7BolI8L7aoBUZm-YT-73030,YT-73030,YT73030,YATO,YT-73030,Czesci_zamienne_YT-73030.pdf,,Rysunki wybuchowe,1L-TcqkzAKsP-8FJ_vR7BolI8L7aoBUZm,https://drive.google.com/file/d/1L-TcqkzAKsP-8FJ_vR7BolI8L7aoBUZm/preview,https://drive.google.com/file/d/1L-TcqkzAKsP-8FJ_vR7BolI8L7aoBUZm/view?usp=drivesdk,NIE,0,0,NIE,OCR / konwersja skanu
drive-1KJQ7CxOvlHTGrmaE5DnSj8lb44EW4X2n-YT-73462,YT-73462,YT73462,YATO,YT-73462,Czesci_zamienne_YT-73462.pdf,,Rysunki wybuchowe,1KJQ7CxOvlHTGrmaE5DnSj8lb44EW4X2n,https://drive.google.com/file/d/1KJQ7CxOvlHTGrmaE5DnSj8lb44EW4X2n/preview,https://drive.google.com/file/d/1KJQ7CxOvlHTGrmaE5DnSj8lb44EW4X2n/view?usp=drivesdk,NIE,0,0,NIE,OCR / konwersja skanu
drive-1GkrNeuZwRHKAHrTrqbai9Rlw3J50mY3W-YT-79950,YT-79950,YT79950,YATO,YT-79950,Czesci_zamienne_YT-79950.pdf,,Rysunki wybuchowe,1GkrNeuZwRHKAHrTrqbai9Rlw3J50mY3W,https://drive.google.com/file/d/1GkrNeuZwRHKAHrTrqbai9Rlw3J50mY3W/preview,https://drive.google.com/file/d/1GkrNeuZwRHKAHrTrqbai9Rlw3J50mY3W/view?usp=drivesdk,NIE,0,0,NIE,OCR / konwersja skanu
drive-1Pbs4PEAu5pnm-UtrWwcn7Di0JmdvU6Y3-YT-79951,YT-79951,YT79951,YATO,YT-79951,Czesci_zamienne_YT-79951.pdf,,Rysunki wybuchowe,1Pbs4PEAu5pnm-UtrWwcn7Di0JmdvU6Y3,https://drive.google.com/file/d/1Pbs4PEAu5pnm-UtrWwcn7Di0JmdvU6Y3/preview,https://drive.google.com/file/d/1Pbs4PEAu5pnm-UtrWwcn7Di0JmdvU6Y3/view?usp=drivesdk,NIE,0,0,NIE,OCR / konwersja skanu
drive-1b_rq3w4GCqZnSbWrNJ8sK4GeA6CFc17d-YT-79955,YT-79955,YT79955,YATO,YT-79955,Czesci_zamienne_YT-79955.pdf,,Rysunki wybuchowe,1b_rq3w4GCqZnSbWrNJ8sK4GeA6CFc17d,https://drive.google.com/file/d/1b_rq3w4GCqZnSbWrNJ8sK4GeA6CFc17d/preview,https://drive.google.com/file/d/1b_rq3w4GCqZnSbWrNJ8sK4GeA6CFc17d/view?usp=drivesdk,NIE,0,0,NIE,OCR / konwersja skanu
drive-1qsxJUcbaQ9ds4_NWjQgkZGtiPFkrdtd_-YT-81355,YT-81355,YT81355,YATO,YT-81355,Czesci_zamienne_YT-81355.pdf,,Rysunki wybuchowe,1qsxJUcbaQ9ds4_NWjQgkZGtiPFkrdtd_,https://drive.google.com/file/d/1qsxJUcbaQ9ds4_NWjQgkZGtiPFkrdtd_/preview,https://drive.google.com/file/d/1qsxJUcbaQ9ds4_NWjQgkZGtiPFkrdtd_/view?usp=drivesdk,NIE,0,0,NIE,OCR / konwersja skanu
drive-1KGTjH26prZhTsGuD6_r5uJJnMot4kp9H-YT-81357,YT-81357,YT81357,YATO,YT-81357,Czesci_zamienne_YT-81357.pdf,,Rysunki wybuchowe,1KGTjH26prZhTsGuD6_r5uJJnMot4kp9H,https://drive.google.com/file/d/1KGTjH26prZhTsGuD6_r5uJJnMot4kp9H/preview,https://drive.google.com/file/d/1KGTjH26prZhTsGuD6_r5uJJnMot4kp9H/view?usp=drivesdk,NIE,0,0,NIE,OCR / konwersja skanu
drive-1UatneiLSnGLIcAzaqJrL80ifZj8eHTdy-YT-81358,YT-81358,YT81358,YATO,YT-81358,Czesci_zamienne_YT-81358.pdf,,Rysunki wybuchowe,1UatneiLSnGLIcAzaqJrL80ifZj8eHTdy,https://drive.google.com/file/d/1UatneiLSnGLIcAzaqJrL80ifZj8eHTdy/preview,https://drive.google.com/file/d/1UatneiLSnGLIcAzaqJrL80ifZj8eHTdy/view?usp=drivesdk,NIE,0,0,NIE,OCR / konwersja skanu
drive-1uuB3mJIYTDWn9Ns8ayoHn9RwR0JBTQzo-YT-81953,YT-81953,YT81953,YATO,YT-81953,Czesci_zamienne_YT-81953.pdf,,Rysunki wybuchowe,1uuB3mJIYTDWn9Ns8ayoHn9RwR0JBTQzo,https://drive.google.com/file/d/1uuB3mJIYTDWn9Ns8ayoHn9RwR0JBTQzo/preview,https://drive.google.com/file/d/1uuB3mJIYTDWn9Ns8ayoHn9RwR0JBTQzo/view?usp=drivesdk,NIE,0,0,NIE,OCR / konwersja skanu
drive-1dz783OseTKkVZG10MNhyi8QeOA_TmibI-YT-81956,YT-81956,YT81956,YATO,YT-81956,Czesci_zamienne_YT-81956.pdf,,Rysunki wybuchowe,1dz783OseTKkVZG10MNhyi8QeOA_TmibI,https://drive.google.com/file/d/1dz783OseTKkVZG10MNhyi8QeOA_TmibI/preview,https://drive.google.com/file/d/1dz783OseTKkVZG10MNhyi8QeOA_TmibI/view?usp=drivesdk,NIE,0,0,NIE,OCR / konwersja skanu
drive-1VVdPzdybrMj_1DCSZmTJDWd1PlxY3bn7-YT-81980,YT-81980,YT81980,YATO,YT-81980,Czesci_zamienne_YT-81980.pdf,,Rysunki wybuchowe,1VVdPzdybrMj_1DCSZmTJDWd1PlxY3bn7,https://drive.google.com/file/d/1VVdPzdybrMj_1DCSZmTJDWd1PlxY3bn7/preview,https://drive.google.com/file/d/1VVdPzdybrMj_1DCSZmTJDWd1PlxY3bn7/view?usp=drivesdk,NIE,0,0,NIE,OCR / konwersja skanu
drive-1ViHYB4ICy3Z6PX2OK2ucs9ExUZKk5yfr-YT-81983,YT-81983,YT81983,YATO,YT-81983,Czesci_zamienne_YT-81983.pdf,,Rysunki wybuchowe,1ViHYB4ICy3Z6PX2OK2ucs9ExUZKk5yfr,https://drive.google.com/file/d/1ViHYB4ICy3Z6PX2OK2ucs9ExUZKk5yfr/preview,https://drive.google.com/file/d/1ViHYB4ICy3Z6PX2OK2ucs9ExUZKk5yfr/view?usp=drivesdk,NIE,0,0,NIE,OCR / konwersja skanu
drive-1PCJr7oqnSn97E4khSM4PKTdzvbGKb8XE-YT-82001,YT-82001,YT82001,YATO,YT-82001,Czesci_zamienne_YT-82001.pdf,,Rysunki wybuchowe,1PCJr7oqnSn97E4khSM4PKTdzvbGKb8XE,https://drive.google.com/file/d/1PCJr7oqnSn97E4khSM4PKTdzvbGKb8XE/preview,https://drive.google.com/file/d/1PCJr7oqnSn97E4khSM4PKTdzvbGKb8XE/view?usp=drivesdk,NIE,0,0,NIE,OCR / konwersja skanu
drive-1bOhCY0UKKPZmmG2YHmkbwPijiZIsNO2--YT-82002,YT-82002,YT82002,YATO,YT-82002,Czesci_zamienne_YT-82002.pdf,,Rysunki wybuchowe,1bOhCY0UKKPZmmG2YHmkbwPijiZIsNO2-,https://drive.google.com/file/d/1bOhCY0UKKPZmmG2YHmkbwPijiZIsNO2-/preview,https://drive.google.com/file/d/1bOhCY0UKKPZmmG2YHmkbwPijiZIsNO2-/view?usp=drivesdk,NIE,0,0,NIE,OCR / konwersja skanu
drive-1m56493qyPTr8tJ7W5-wIw1a0hPtuRl-4-YT-82004,YT-82004,YT82004,YATO,YT-82004,Czesci_zamienne_YT-82004.pdf,,Rysunki wybuchowe,1m56493qyPTr8tJ7W5-wIw1a0hPtuRl-4,https://drive.google.com/file/d/1m56493qyPTr8tJ7W5-wIw1a0hPtuRl-4/preview,https://drive.google.com/file/d/1m56493qyPTr8tJ7W5-wIw1a0hPtuRl-4/view?usp=drivesdk,NIE,0,0,NIE,OCR / konwersja skanu
drive-1o-e3vT6YpronD6RKmLpEb3k6t3HDAsdg-YT-82005,YT-82005,YT82005,YATO,YT-82005,Czesci_zamienne_YT-82005.pdf,,Rysunki wybuchowe,1o-e3vT6YpronD6RKmLpEb3k6t3HDAsdg,https://drive.google.com/file/d/1o-e3vT6YpronD6RKmLpEb3k6t3HDAsdg/preview,https://drive.google.com/file/d/1o-e3vT6YpronD6RKmLpEb3k6t3HDAsdg/view?usp=drivesdk,NIE,0,0,NIE,OCR / konwersja skanu
drive-14Bj8jFU0b3rBl6RgSWqpZrHOMLe1AQ_u-YT-82007,YT-82007,YT82007,YATO,YT-82007,Czesci_zamienne_YT-82007.pdf,,Rysunki wybuchowe,14Bj8jFU0b3rBl6RgSWqpZrHOMLe1AQ_u,https://drive.google.com/file/d/14Bj8jFU0b3rBl6RgSWqpZrHOMLe1AQ_u/preview,https://drive.google.com/file/d/14Bj8jFU0b3rBl6RgSWqpZrHOMLe1AQ_u/view?usp=drivesdk,NIE,0,0,NIE,OCR / konwersja skanu
drive-1CcNmyyKYuvnOGhWxPCi6AdDLS7oaVKqs-YT-82015,YT-82015,YT82015,YATO,YT-82015,Czesci_zamienne_YT-82015.pdf,,Rysunki wybuchowe,1CcNmyyKYuvnOGhWxPCi6AdDLS7oaVKqs,https://drive.google.com/file/d/1CcNmyyKYuvnOGhWxPCi6AdDLS7oaVKqs/preview,https://drive.google.com/file/d/1CcNmyyKYuvnOGhWxPCi6AdDLS7oaVKqs/view?usp=drivesdk,NIE,0,0,NIE,OCR / konwersja skanu
drive-1jb68MhHArkQlHAKb_HLVggIjp45cvk_i-YT-82016,YT-82016,YT82016,YATO,YT-82016,Czesci_zamienne_YT-82016.pdf,,Rysunki wybuchowe,1jb68MhHArkQlHAKb_HLVggIjp45cvk_i,https://drive.google.com/file/d/1jb68MhHArkQlHAKb_HLVggIjp45cvk_i/preview,https://drive.google.com/file/d/1jb68MhHArkQlHAKb_HLVggIjp45cvk_i/view?usp=drivesdk,NIE,0,0,NIE,OCR / konwersja skanu
drive-10OdfxryxU6l5X9i470HBdL4zZd0i-nvo-YT-82020,YT-82020,YT82020,YATO,YT-82020,Czesci_zamienne_YT-82020.pdf,,Rysunki wybuchowe,10OdfxryxU6l5X9i470HBdL4zZd0i-nvo,https://drive.google.com/file/d/10OdfxryxU6l5X9i470HBdL4zZd0i-nvo/preview,https://drive.google.com/file/d/10OdfxryxU6l5X9i470HBdL4zZd0i-nvo/view?usp=drivesdk,NIE,0,0,NIE,OCR / konwersja skanu
drive-1l7Yz2-SNoUcfZ4XTEMvJ2Kbt0FWnOr9X-YT-82021,YT-82021,YT82021,YATO,YT-82021,Czesci_zamienne_YT-82021.pdf,,Rysunki wybuchowe,1l7Yz2-SNoUcfZ4XTEMvJ2Kbt0FWnOr9X,https://drive.google.com/file/d/1l7Yz2-SNoUcfZ4XTEMvJ2Kbt0FWnOr9X/preview,https://drive.google.com/file/d/1l7Yz2-SNoUcfZ4XTEMvJ2Kbt0FWnOr9X/view?usp=drivesdk,NIE,0,0,NIE,OCR / konwersja skanu
drive-1E23mz5vq_pPq9w3NNAlhUYeuQLM8fAdQ-YT-82025,YT-82025,YT82025,YATO,YT-82025,Czesci_zamienne_YT-82025.pdf,,Rysunki wybuchowe,1E23mz5vq_pPq9w3NNAlhUYeuQLM8fAdQ,https://drive.google.com/file/d/1E23mz5vq_pPq9w3NNAlhUYeuQLM8fAdQ/preview,https://drive.google.com/file/d/1E23mz5vq_pPq9w3NNAlhUYeuQLM8fAdQ/view?usp=drivesdk,NIE,0,0,NIE,OCR / konwersja skanu
drive-1Tk26NmtcMsp3Vovu6wl1EFn6j600w1o2-YT-82034,YT-82034,YT82034,YATO,YT-82034,Czesci_zamienne_YT-82034.pdf,,Rysunki wybuchowe,1Tk26NmtcMsp3Vovu6wl1EFn6j600w1o2,https://drive.google.com/file/d/1Tk26NmtcMsp3Vovu6wl1EFn6j600w1o2/preview,https://drive.google.com/file/d/1Tk26NmtcMsp3Vovu6wl1EFn6j600w1o2/view?usp=drivesdk,NIE,0,0,NIE,OCR / konwersja skanu
drive-1ol9g3KDpO5g3Y2zTOh4DsWSwZUVTa57i-YT-82035,YT-82035,YT82035,YATO,YT-82035,Czesci_zamienne_YT-82035.pdf,,Rysunki wybuchowe,1ol9g3KDpO5g3Y2zTOh4DsWSwZUVTa57i,https://drive.google.com/file/d/1ol9g3KDpO5g3Y2zTOh4DsWSwZUVTa57i/preview,https://drive.google.com/file/d/1ol9g3KDpO5g3Y2zTOh4DsWSwZUVTa57i/view?usp=drivesdk,NIE,0,0,NIE,OCR / konwersja skanu
drive-1SUQW2DjhaeQujneriMdtuw4NCl-Yi0az-YT-82036,YT-82036,YT82036,YATO,YT-82036,Czesci_zamienne_YT-82036.pdf,,Rysunki wybuchowe,1SUQW2DjhaeQujneriMdtuw4NCl-Yi0az,https://drive.google.com/file/d/1SUQW2DjhaeQujneriMdtuw4NCl-Yi0az/preview,https://drive.google.com/file/d/1SUQW2DjhaeQujneriMdtuw4NCl-Yi0az/view?usp=drivesdk,NIE,0,0,NIE,OCR / konwersja skanu
drive-1YnU5z8V9shykps1ZyFCY--AFX58sheLB-YT-82037,YT-82037,YT82037,YATO,YT-82037,Czesci_zamienne_YT-82037.pdf,,Rysunki wybuchowe,1YnU5z8V9shykps1ZyFCY--AFX58sheLB,https://drive.google.com/file/d/1YnU5z8V9shykps1ZyFCY--AFX58sheLB/preview,https://drive.google.com/file/d/1YnU5z8V9shykps1ZyFCY--AFX58sheLB/view?usp=drivesdk,NIE,0,0,NIE,OCR / konwersja skanu
drive-1V8oL-eOOmcB3YjjFu3_GoMiJvcLXDpVe-YT-82038,YT-82038,YT82038,YATO,YT-82038,Czesci_zamienne_YT-82038.pdf,,Rysunki wybuchowe,1V8oL-eOOmcB3YjjFu3_GoMiJvcLXDpVe,https://drive.google.com/file/d/1V8oL-eOOmcB3YjjFu3_GoMiJvcLXDpVe/preview,https://drive.google.com/file/d/1V8oL-eOOmcB3YjjFu3_GoMiJvcLXDpVe/view?usp=drivesdk,NIE,0,0,NIE,OCR / konwersja skanu
drive-1jgUBt_aO4peN81FadedYfmaY4yWMyhWV-YT-82040,YT-82040,YT82040,YATO,YT-82040,Czesci_zamienne_YT-82040.pdf,,Rysunki wybuchowe,1jgUBt_aO4peN81FadedYfmaY4yWMyhWV,https://drive.google.com/file/d/1jgUBt_aO4peN81FadedYfmaY4yWMyhWV/preview,https://drive.google.com/file/d/1jgUBt_aO4peN81FadedYfmaY4yWMyhWV/view?usp=drivesdk,NIE,0,0,NIE,OCR / konwersja skanu
drive-1_iLjHeLiobC9_HYD0izZ7x9x9wOBZAHT-YT-82044,YT-82044,YT82044,YATO,YT-82044,Czesci_zamienne_YT-82044.pdf,,Rysunki wybuchowe,1_iLjHeLiobC9_HYD0izZ7x9x9wOBZAHT,https://drive.google.com/file/d/1_iLjHeLiobC9_HYD0izZ7x9x9wOBZAHT/preview,https://drive.google.com/file/d/1_iLjHeLiobC9_HYD0izZ7x9x9wOBZAHT/view?usp=drivesdk,NIE,0,0,NIE,OCR / konwersja skanu
drive-1YXa9cigKBMcxCh-5WOg5QwwqdusuM6Og-YT-82045,YT-82045,YT82045,YATO,YT-82045,Czesci_zamienne_YT-82045.pdf,,Rysunki wybuchowe,1YXa9cigKBMcxCh-5WOg5QwwqdusuM6Og,https://drive.google.com/file/d/1YXa9cigKBMcxCh-5WOg5QwwqdusuM6Og/preview,https://drive.google.com/file/d/1YXa9cigKBMcxCh-5WOg5QwwqdusuM6Og/view?usp=drivesdk,NIE,0,0,NIE,OCR / konwersja skanu
drive-12goZEAKOok8Ma83iJYDLLE6DfMqLq7wg-YT-82048,YT-82048,YT82048,YATO,YT-82048,Czesci_zamienne_YT-82048.pdf,,Rysunki wybuchowe,12goZEAKOok8Ma83iJYDLLE6DfMqLq7wg,https://drive.google.com/file/d/12goZEAKOok8Ma83iJYDLLE6DfMqLq7wg/preview,https://drive.google.com/file/d/12goZEAKOok8Ma83iJYDLLE6DfMqLq7wg/view?usp=drivesdk,NIE,0,0,NIE,OCR / konwersja skanu
drive-11J4CNONmH8eOHDunJnZFWMxJKLHkGLgQ-YT-82050,YT-82050,YT82050,YATO,YT-82050,Czesci_zamienne_YT-82050.pdf,,Rysunki wybuchowe,11J4CNONmH8eOHDunJnZFWMxJKLHkGLgQ,https://drive.google.com/file/d/11J4CNONmH8eOHDunJnZFWMxJKLHkGLgQ/preview,https://drive.google.com/file/d/11J4CNONmH8eOHDunJnZFWMxJKLHkGLgQ/view?usp=drivesdk,NIE,0,0,NIE,OCR / konwersja skanu
drive-1csvhiHLQjFu7cqVzTdbjEAWKD_1z3U91-YT-820500,YT-820500,YT820500,YATO,YT-820500,Czesci_zamienne_YT-820500.pdf,,Rysunki wybuchowe,1csvhiHLQjFu7cqVzTdbjEAWKD_1z3U91,https://drive.google.com/file/d/1csvhiHLQjFu7cqVzTdbjEAWKD_1z3U91/preview,https://drive.google.com/file/d/1csvhiHLQjFu7cqVzTdbjEAWKD_1z3U91/view?usp=drivesdk,NIE,0,0,NIE,OCR / konwersja skanu
drive-1eWEvtmeOXQRpd_N9TGLOSwfleKM03oLb-YT-820501,YT-820501,YT820501,YATO,YT-820501,Czesci_zamienne_YT-820501.pdf,,Rysunki wybuchowe,1eWEvtmeOXQRpd_N9TGLOSwfleKM03oLb,https://drive.google.com/file/d/1eWEvtmeOXQRpd_N9TGLOSwfleKM03oLb/preview,https://drive.google.com/file/d/1eWEvtmeOXQRpd_N9TGLOSwfleKM03oLb/view?usp=drivesdk,NIE,0,0,NIE,OCR / konwersja skanu
drive-1IGIOghTq77PN0wMF56Z2Ah251Hm6uSmG-YT-820502,YT-820502,YT820502,YATO,YT-820502,Czesci_zamienne_YT-820502.pdf,,Rysunki wybuchowe,1IGIOghTq77PN0wMF56Z2Ah251Hm6uSmG,https://drive.google.com/file/d/1IGIOghTq77PN0wMF56Z2Ah251Hm6uSmG/preview,https://drive.google.com/file/d/1IGIOghTq77PN0wMF56Z2Ah251Hm6uSmG/view?usp=drivesdk,NIE,0,0,NIE,OCR / konwersja skanu
drive-1eKEkG8xLOTK4OT2fwnk_hbECnlj4Mgju-YT-820507,YT-820507,YT820507,YATO,YT-820507,Czesci_zamienne_YT-820507.pdf,,Rysunki wybuchowe,1eKEkG8xLOTK4OT2fwnk_hbECnlj4Mgju,https://drive.google.com/file/d/1eKEkG8xLOTK4OT2fwnk_hbECnlj4Mgju/preview,https://drive.google.com/file/d/1eKEkG8xLOTK4OT2fwnk_hbECnlj4Mgju/view?usp=drivesdk,NIE,0,0,NIE,OCR / konwersja skanu
drive-1eF6B1t43GIspMrTE5Ghlj4dE3vb6mi5J-YT-82051,YT-82051,YT82051,YATO,YT-82051,Czesci_zamienne_YT-82051.pdf,,Rysunki wybuchowe,1eF6B1t43GIspMrTE5Ghlj4dE3vb6mi5J,https://drive.google.com/file/d/1eF6B1t43GIspMrTE5Ghlj4dE3vb6mi5J/preview,https://drive.google.com/file/d/1eF6B1t43GIspMrTE5Ghlj4dE3vb6mi5J/view?usp=drivesdk,NIE,0,0,NIE,OCR / konwersja skanu
drive-1lxHpSK9Wk17BmeOeo-qLbxYGSCyEBv_z-YT-82060,YT-82060,YT82060,YATO,YT-82060,Czesci_zamienne_YT-82060.pdf,,Rysunki wybuchowe,1lxHpSK9Wk17BmeOeo-qLbxYGSCyEBv_z,https://drive.google.com/file/d/1lxHpSK9Wk17BmeOeo-qLbxYGSCyEBv_z/preview,https://drive.google.com/file/d/1lxHpSK9Wk17BmeOeo-qLbxYGSCyEBv_z/view?usp=drivesdk,NIE,0,0,NIE,OCR / konwersja skanu
drive-1ExFAqEh7PDGJEWoYYDOiKCOv-pEnIKjp-YT-82070,YT-82070,YT82070,YATO,YT-82070,Czesci_zamienne_YT-82070.pdf,,Rysunki wybuchowe,1ExFAqEh7PDGJEWoYYDOiKCOv-pEnIKjp,https://drive.google.com/file/d/1ExFAqEh7PDGJEWoYYDOiKCOv-pEnIKjp/preview,https://drive.google.com/file/d/1ExFAqEh7PDGJEWoYYDOiKCOv-pEnIKjp/view?usp=drivesdk,NIE,0,0,NIE,OCR / konwersja skanu
drive-1rmhwQdVzLfYSc717g1V6d3p2rJnB05mn-YT-82075,YT-82075,YT82075,YATO,YT-82075 YT-82076,Czesci_zamienne_YT-82075 YT-82076.pdf,,Rysunki wybuchowe,1rmhwQdVzLfYSc717g1V6d3p2rJnB05mn,https://drive.google.com/file/d/1rmhwQdVzLfYSc717g1V6d3p2rJnB05mn/preview,https://drive.google.com/file/d/1rmhwQdVzLfYSc717g1V6d3p2rJnB05mn/view?usp=drivesdk,NIE,0,0,NIE,OCR / konwersja skanu
drive-1rmhwQdVzLfYSc717g1V6d3p2rJnB05mn-YT-82076,YT-82076,YT82076,YATO,YT-82076 — YT-82075 YT-82076,Czesci_zamienne_YT-82075 YT-82076.pdf,,Rysunki wybuchowe,1rmhwQdVzLfYSc717g1V6d3p2rJnB05mn,https://drive.google.com/file/d/1rmhwQdVzLfYSc717g1V6d3p2rJnB05mn/preview,https://drive.google.com/file/d/1rmhwQdVzLfYSc717g1V6d3p2rJnB05mn/view?usp=drivesdk,NIE,0,0,NIE,OCR / konwersja skanu
drive-1rVoNfNolMrRLmwTrEmTSffzsF1QG2KFx-YT-82077,YT-82077,YT82077,YATO,YT-82077,Czesci_zamienne_YT-82077.pdf,,Rysunki wybuchowe,1rVoNfNolMrRLmwTrEmTSffzsF1QG2KFx,https://drive.google.com/file/d/1rVoNfNolMrRLmwTrEmTSffzsF1QG2KFx/preview,https://drive.google.com/file/d/1rVoNfNolMrRLmwTrEmTSffzsF1QG2KFx/view?usp=drivesdk,NIE,0,0,NIE,OCR / konwersja skanu
drive-12DCgBHzn4GfVRg6ewJJxtxvOudL7d0Si-YT-82080,YT-82080,YT82080,YATO,YT-82080,Czesci_zamienne_YT-82080.pdf,,Rysunki wybuchowe,12DCgBHzn4GfVRg6ewJJxtxvOudL7d0Si,https://drive.google.com/file/d/12DCgBHzn4GfVRg6ewJJxtxvOudL7d0Si/preview,https://drive.google.com/file/d/12DCgBHzn4GfVRg6ewJJxtxvOudL7d0Si/view?usp=drivesdk,NIE,0,0,NIE,OCR / konwersja skanu
drive-1GHGtk6NrbckQHPgBg3gfDyryh8jDzZFj-YT-820833,YT-820833,YT820833,YATO,YT-820833,Czesci_zamienne_YT-820833.pdf,,Rysunki wybuchowe,1GHGtk6NrbckQHPgBg3gfDyryh8jDzZFj,https://drive.google.com/file/d/1GHGtk6NrbckQHPgBg3gfDyryh8jDzZFj/preview,https://drive.google.com/file/d/1GHGtk6NrbckQHPgBg3gfDyryh8jDzZFj/view?usp=drivesdk,NIE,0,0,NIE,OCR / konwersja skanu
drive-17zSm1Dx_XuWo4-kuFQcbAEy2ECYV8cxd-YT-82089,YT-82089,YT82089,YATO,YT-82089,Czesci_zamienne_YT-82089.pdf,,Rysunki wybuchowe,17zSm1Dx_XuWo4-kuFQcbAEy2ECYV8cxd,https://drive.google.com/file/d/17zSm1Dx_XuWo4-kuFQcbAEy2ECYV8cxd/preview,https://drive.google.com/file/d/17zSm1Dx_XuWo4-kuFQcbAEy2ECYV8cxd/view?usp=drivesdk,NIE,0,0,NIE,OCR / konwersja skanu
drive-1Y7IK1MAkAbdCM6cmU_gFK-AzZWoSroEm-YT-82094,YT-82094,YT82094,YATO,YT-82094,Czesci_zamienne_YT-82094.pdf,,Rysunki wybuchowe,1Y7IK1MAkAbdCM6cmU_gFK-AzZWoSroEm,https://drive.google.com/file/d/1Y7IK1MAkAbdCM6cmU_gFK-AzZWoSroEm/preview,https://drive.google.com/file/d/1Y7IK1MAkAbdCM6cmU_gFK-AzZWoSroEm/view?usp=drivesdk,NIE,0,0,NIE,OCR / konwersja skanu
drive-1xQQMBzU9HdIr4NL5GncRekgjbKNolxyP-YT-82096,YT-82096,YT82096,YATO,YT-82096,Czesci_zamienne_YT-82096.pdf,,Rysunki wybuchowe,1xQQMBzU9HdIr4NL5GncRekgjbKNolxyP,https://drive.google.com/file/d/1xQQMBzU9HdIr4NL5GncRekgjbKNolxyP/preview,https://drive.google.com/file/d/1xQQMBzU9HdIr4NL5GncRekgjbKNolxyP/view?usp=drivesdk,NIE,0,0,NIE,OCR / konwersja skanu
drive-17oBDDnb5ZiYJuCWvWqiQaTA6e4zh-p34-YT-82097,YT-82097,YT82097,YATO,YT-82097,Czesci_zamienne_YT-82097.pdf,,Rysunki wybuchowe,17oBDDnb5ZiYJuCWvWqiQaTA6e4zh-p34,https://drive.google.com/file/d/17oBDDnb5ZiYJuCWvWqiQaTA6e4zh-p34/preview,https://drive.google.com/file/d/17oBDDnb5ZiYJuCWvWqiQaTA6e4zh-p34/view?usp=drivesdk,NIE,0,0,NIE,OCR / konwersja skanu
drive-1NgaKdKMrlAe-smQwqzqyI74bv0BZ-rx3-YT-82098,YT-82098,YT82098,YATO,YT-82098,Czesci_zamienne_YT-82098.pdf,,Rysunki wybuchowe,1NgaKdKMrlAe-smQwqzqyI74bv0BZ-rx3,https://drive.google.com/file/d/1NgaKdKMrlAe-smQwqzqyI74bv0BZ-rx3/preview,https://drive.google.com/file/d/1NgaKdKMrlAe-smQwqzqyI74bv0BZ-rx3/view?usp=drivesdk,NIE,0,0,NIE,OCR / konwersja skanu
drive-15JwkoU-FXeSTVMkK748mYQjQ-JqHbazq-YT-82099,YT-82099,YT82099,YATO,YT-82099,Czesci_zamienne_YT-82099.pdf,,Rysunki wybuchowe,15JwkoU-FXeSTVMkK748mYQjQ-JqHbazq,https://drive.google.com/file/d/15JwkoU-FXeSTVMkK748mYQjQ-JqHbazq/preview,https://drive.google.com/file/d/15JwkoU-FXeSTVMkK748mYQjQ-JqHbazq/view?usp=drivesdk,NIE,0,0,NIE,OCR / konwersja skanu
drive-1D6MLyTEx9i9MNYpXMejPL6bA0rSmoPo4-YT-82100,YT-82100,YT82100,YATO,YT-82100,Czesci_zamienne_YT-82100.pdf,,Rysunki wybuchowe,1D6MLyTEx9i9MNYpXMejPL6bA0rSmoPo4,https://drive.google.com/file/d/1D6MLyTEx9i9MNYpXMejPL6bA0rSmoPo4/preview,https://drive.google.com/file/d/1D6MLyTEx9i9MNYpXMejPL6bA0rSmoPo4/view?usp=drivesdk,NIE,0,0,NIE,OCR / konwersja skanu
drive-1b5cqlx3QHn7lLhDY8Y8aornTIzoE0_UZ-YT-82101,YT-82101,YT82101,YATO,YT-82101,Czesci_zamienne_YT-82101.pdf,,Rysunki wybuchowe,1b5cqlx3QHn7lLhDY8Y8aornTIzoE0_UZ,https://drive.google.com/file/d/1b5cqlx3QHn7lLhDY8Y8aornTIzoE0_UZ/preview,https://drive.google.com/file/d/1b5cqlx3QHn7lLhDY8Y8aornTIzoE0_UZ/view?usp=drivesdk,NIE,0,0,NIE,OCR / konwersja skanu
drive-1_YxjvFBp6Q1RIofvxI-KsKYg9ixUEEvb-YT-821020,YT-821020,YT821020,YATO,YT-821020,Czesci_zamienne_YT-821020.pdf,,Rysunki wybuchowe,1_YxjvFBp6Q1RIofvxI-KsKYg9ixUEEvb,https://drive.google.com/file/d/1_YxjvFBp6Q1RIofvxI-KsKYg9ixUEEvb/preview,https://drive.google.com/file/d/1_YxjvFBp6Q1RIofvxI-KsKYg9ixUEEvb/view?usp=drivesdk,NIE,0,0,NIE,OCR / konwersja skanu
drive-1E8_teihy3eBnyd0KOos0_dFHdGfN26Oj-YT-821021,YT-821021,YT821021,YATO,YT-821021,Czesci_zamienne_YT-821021.pdf,,Rysunki wybuchowe,1E8_teihy3eBnyd0KOos0_dFHdGfN26Oj,https://drive.google.com/file/d/1E8_teihy3eBnyd0KOos0_dFHdGfN26Oj/preview,https://drive.google.com/file/d/1E8_teihy3eBnyd0KOos0_dFHdGfN26Oj/view?usp=drivesdk,NIE,0,0,NIE,OCR / konwersja skanu
drive-1YHllUWTCzjOjACgdtYrNkUF9C-VlLOpu-YT-821023,YT-821023,YT821023,YATO,YT-821023,Czesci_zamienne_YT-821023.pdf,,Rysunki wybuchowe,1YHllUWTCzjOjACgdtYrNkUF9C-VlLOpu,https://drive.google.com/file/d/1YHllUWTCzjOjACgdtYrNkUF9C-VlLOpu/preview,https://drive.google.com/file/d/1YHllUWTCzjOjACgdtYrNkUF9C-VlLOpu/view?usp=drivesdk,NIE,0,0,NIE,OCR / konwersja skanu
drive-1qHqeV292-sx3ap6oqMlcWqdvIgN0W89--YT-821024,YT-821024,YT821024,YATO,YT-821024,Czesci_zamienne_YT-821024.pdf,,Rysunki wybuchowe,1qHqeV292-sx3ap6oqMlcWqdvIgN0W89-,https://drive.google.com/file/d/1qHqeV292-sx3ap6oqMlcWqdvIgN0W89-/preview,https://drive.google.com/file/d/1qHqeV292-sx3ap6oqMlcWqdvIgN0W89-/view?usp=drivesdk,NIE,0,0,NIE,OCR / konwersja skanu
drive-1egXj364vtM-f_QmAHMPvvTE76bBUsFT7-YT-82105,YT-82105,YT82105,YATO,YT-82105,Czesci_zamienne_YT-82105.pdf,,Rysunki wybuchowe,1egXj364vtM-f_QmAHMPvvTE76bBUsFT7,https://drive.google.com/file/d/1egXj364vtM-f_QmAHMPvvTE76bBUsFT7/preview,https://drive.google.com/file/d/1egXj364vtM-f_QmAHMPvvTE76bBUsFT7/view?usp=drivesdk,NIE,0,0,NIE,OCR / konwersja skanu
drive-1DvGGTqN-Oci-6Bre3_CK3YeeV6h6lBaJ-YT-82106,YT-82106,YT82106,YATO,YT-82106,Czesci_zamienne_YT-82106.pdf,,Rysunki wybuchowe,1DvGGTqN-Oci-6Bre3_CK3YeeV6h6lBaJ,https://drive.google.com/file/d/1DvGGTqN-Oci-6Bre3_CK3YeeV6h6lBaJ/preview,https://drive.google.com/file/d/1DvGGTqN-Oci-6Bre3_CK3YeeV6h6lBaJ/view?usp=drivesdk,NIE,0,0,NIE,OCR / konwersja skanu
drive-1NWOwdg_ijIMXY5Avf91lFYkpywsvWQcS-YT-82110,YT-82110,YT82110,YATO,YT-82110,Czesci_zamienne_YT-82110.pdf,,Rysunki wybuchowe,1NWOwdg_ijIMXY5Avf91lFYkpywsvWQcS,https://drive.google.com/file/d/1NWOwdg_ijIMXY5Avf91lFYkpywsvWQcS/preview,https://drive.google.com/file/d/1NWOwdg_ijIMXY5Avf91lFYkpywsvWQcS/view?usp=drivesdk,NIE,0,0,NIE,OCR / konwersja skanu
drive-1AxSKYzpaQyttpDRWuCPHw156XFlMG0EM-YT-82115,YT-82115,YT82115,YATO,YT-82115,Czesci_zamienne_YT-82115.pdf,,Rysunki wybuchowe,1AxSKYzpaQyttpDRWuCPHw156XFlMG0EM,https://drive.google.com/file/d/1AxSKYzpaQyttpDRWuCPHw156XFlMG0EM/preview,https://drive.google.com/file/d/1AxSKYzpaQyttpDRWuCPHw156XFlMG0EM/view?usp=drivesdk,NIE,0,0,NIE,OCR / konwersja skanu
drive-1_u8H1l4l9gMf0nxesFvY1NpVM3txc98n-YT-82116,YT-82116,YT82116,YATO,YT-82116,Czesci_zamienne_YT-82116.pdf,,Rysunki wybuchowe,1_u8H1l4l9gMf0nxesFvY1NpVM3txc98n,https://drive.google.com/file/d/1_u8H1l4l9gMf0nxesFvY1NpVM3txc98n/preview,https://drive.google.com/file/d/1_u8H1l4l9gMf0nxesFvY1NpVM3txc98n/view?usp=drivesdk,NIE,0,0,NIE,OCR / konwersja skanu
drive-1Wh0dYxKAqPFMK_vSAdknx3aFrbG0RN-T-YT-82117,YT-82117,YT82117,YATO,YT-82117,Czesci_zamienne_YT-82117.pdf,,Rysunki wybuchowe,1Wh0dYxKAqPFMK_vSAdknx3aFrbG0RN-T,https://drive.google.com/file/d/1Wh0dYxKAqPFMK_vSAdknx3aFrbG0RN-T/preview,https://drive.google.com/file/d/1Wh0dYxKAqPFMK_vSAdknx3aFrbG0RN-T/view?usp=drivesdk,NIE,0,0,NIE,OCR / konwersja skanu
drive-1aoTiPplUnN6QkIsAlfH3W6cjcjULdcCT-YT-82118,YT-82118,YT82118,YATO,YT-82118,Czesci_zamienne_YT-82118.pdf,,Rysunki wybuchowe,1aoTiPplUnN6QkIsAlfH3W6cjcjULdcCT,https://drive.google.com/file/d/1aoTiPplUnN6QkIsAlfH3W6cjcjULdcCT/preview,https://drive.google.com/file/d/1aoTiPplUnN6QkIsAlfH3W6cjcjULdcCT/view?usp=drivesdk,NIE,0,0,NIE,OCR / konwersja skanu
drive-1789SxFIBGAjgEL0lXmfUCKmxBgexds9J-YT-82119,YT-82119,YT82119,YATO,YT-82119,Czesci_zamienne_YT-82119.pdf,,Rysunki wybuchowe,1789SxFIBGAjgEL0lXmfUCKmxBgexds9J,https://drive.google.com/file/d/1789SxFIBGAjgEL0lXmfUCKmxBgexds9J/preview,https://drive.google.com/file/d/1789SxFIBGAjgEL0lXmfUCKmxBgexds9J/view?usp=drivesdk,NIE,0,0,NIE,OCR / konwersja skanu
drive-1W1HZkMSq20Y0CPdDj8tU4quEw9iMDhKY-YT-82120,YT-82120,YT82120,YATO,YT-82120,Czesci_zamienne_YT-82120.pdf,,Rysunki wybuchowe,1W1HZkMSq20Y0CPdDj8tU4quEw9iMDhKY,https://drive.google.com/file/d/1W1HZkMSq20Y0CPdDj8tU4quEw9iMDhKY/preview,https://drive.google.com/file/d/1W1HZkMSq20Y0CPdDj8tU4quEw9iMDhKY/view?usp=drivesdk,NIE,0,0,NIE,OCR / konwersja skanu
drive-1HobRRsWAXAXO2JSCXnhtedg9CwhRJriD-YT-821210,YT-821210,YT821210,YATO,YT-821210,Czesci_zamienne_YT-821210.pdf,,Rysunki wybuchowe,1HobRRsWAXAXO2JSCXnhtedg9CwhRJriD,https://drive.google.com/file/d/1HobRRsWAXAXO2JSCXnhtedg9CwhRJriD/preview,https://drive.google.com/file/d/1HobRRsWAXAXO2JSCXnhtedg9CwhRJriD/view?usp=drivesdk,NIE,0,0,NIE,OCR / konwersja skanu
drive-1LVtoCgch5qYVdj6TSaBhMiMw5xa-ARAl-YT-82122,YT-82122,YT82122,YATO,YT-82122,Czesci_zamienne_YT-82122.pdf,,Rysunki wybuchowe,1LVtoCgch5qYVdj6TSaBhMiMw5xa-ARAl,https://drive.google.com/file/d/1LVtoCgch5qYVdj6TSaBhMiMw5xa-ARAl/preview,https://drive.google.com/file/d/1LVtoCgch5qYVdj6TSaBhMiMw5xa-ARAl/view?usp=drivesdk,NIE,0,0,NIE,OCR / konwersja skanu
drive-1ahHAtk-Ss7KWoIDKt0YYrij8oaG8HVMK-YT-82123,YT-82123,YT82123,YATO,YT-82123,Czesci_zamienne_YT-82123.pdf,,Rysunki wybuchowe,1ahHAtk-Ss7KWoIDKt0YYrij8oaG8HVMK,https://drive.google.com/file/d/1ahHAtk-Ss7KWoIDKt0YYrij8oaG8HVMK/preview,https://drive.google.com/file/d/1ahHAtk-Ss7KWoIDKt0YYrij8oaG8HVMK/view?usp=drivesdk,NIE,0,0,NIE,OCR / konwersja skanu
drive-1gfybtzRiwtmLe_EzLxW6m6Fl3vuq9Xt8-YT-82125,YT-82125,YT82125,YATO,YT-82125,Czesci_zamienne_YT-82125.pdf,,Rysunki wybuchowe,1gfybtzRiwtmLe_EzLxW6m6Fl3vuq9Xt8,https://drive.google.com/file/d/1gfybtzRiwtmLe_EzLxW6m6Fl3vuq9Xt8/preview,https://drive.google.com/file/d/1gfybtzRiwtmLe_EzLxW6m6Fl3vuq9Xt8/view?usp=drivesdk,NIE,0,0,NIE,OCR / konwersja skanu
drive-1AwTlMDcIvNN1OrYwrXfNSYJLcf6RW5nF-YT-82126,YT-82126,YT82126,YATO,YT-82126,Czesci_zamienne_YT-82126.pdf,,Rysunki wybuchowe,1AwTlMDcIvNN1OrYwrXfNSYJLcf6RW5nF,https://drive.google.com/file/d/1AwTlMDcIvNN1OrYwrXfNSYJLcf6RW5nF/preview,https://drive.google.com/file/d/1AwTlMDcIvNN1OrYwrXfNSYJLcf6RW5nF/view?usp=drivesdk,NIE,0,0,NIE,OCR / konwersja skanu
drive-1n2H8MOnK5q8Tp1mQfxw44xCpnS2nW5Xr-YT-82127,YT-82127,YT82127,YATO,YT-82127,Czesci_zamienne_YT-82127.pdf,,Rysunki wybuchowe,1n2H8MOnK5q8Tp1mQfxw44xCpnS2nW5Xr,https://drive.google.com/file/d/1n2H8MOnK5q8Tp1mQfxw44xCpnS2nW5Xr/preview,https://drive.google.com/file/d/1n2H8MOnK5q8Tp1mQfxw44xCpnS2nW5Xr/view?usp=drivesdk,NIE,0,0,NIE,OCR / konwersja skanu
drive-1FYrdHmJHLHC-PmHPi3y_2YAxFPkKiR8f-YT-82129,YT-82129,YT82129,YATO,YT-82129,Czesci_zamienne_YT-82129.pdf,,Rysunki wybuchowe,1FYrdHmJHLHC-PmHPi3y_2YAxFPkKiR8f,https://drive.google.com/file/d/1FYrdHmJHLHC-PmHPi3y_2YAxFPkKiR8f/preview,https://drive.google.com/file/d/1FYrdHmJHLHC-PmHPi3y_2YAxFPkKiR8f/view?usp=drivesdk,NIE,0,0,NIE,OCR / konwersja skanu
drive-1AyHTr92mLgJHfWaBXLn_ZTMJrLXHNNC0-YT-82130,YT-82130,YT82130,YATO,YT-82130,Czesci_zamienne_YT-82130.pdf,,Rysunki wybuchowe,1AyHTr92mLgJHfWaBXLn_ZTMJrLXHNNC0,https://drive.google.com/file/d/1AyHTr92mLgJHfWaBXLn_ZTMJrLXHNNC0/preview,https://drive.google.com/file/d/1AyHTr92mLgJHfWaBXLn_ZTMJrLXHNNC0/view?usp=drivesdk,NIE,0,0,NIE,OCR / konwersja skanu
drive-1A8Bxv9Z7mwYaqXzl9N2YN1AmuGFZJQxD-YT-82131,YT-82131,YT82131,YATO,YT-82131,Czesci_zamienne_YT-82131.pdf,,Rysunki wybuchowe,1A8Bxv9Z7mwYaqXzl9N2YN1AmuGFZJQxD,https://drive.google.com/file/d/1A8Bxv9Z7mwYaqXzl9N2YN1AmuGFZJQxD/preview,https://drive.google.com/file/d/1A8Bxv9Z7mwYaqXzl9N2YN1AmuGFZJQxD/view?usp=drivesdk,NIE,0,0,NIE,OCR / konwersja skanu
drive-1E46FgMR8TDxKRQpHl_wE5Ct7WgL7A0kT-YT-82132,YT-82132,YT82132,YATO,YT-82132,Czesci_zamienne_YT-82132.pdf,,Rysunki wybuchowe,1E46FgMR8TDxKRQpHl_wE5Ct7WgL7A0kT,https://drive.google.com/file/d/1E46FgMR8TDxKRQpHl_wE5Ct7WgL7A0kT/preview,https://drive.google.com/file/d/1E46FgMR8TDxKRQpHl_wE5Ct7WgL7A0kT/view?usp=drivesdk,NIE,0,0,NIE,OCR / konwersja skanu
drive-12mwfJM4JbQ6J-eCCHo5597ytFedIWhmL-YT-82133,YT-82133,YT82133,YATO,YT-82133,Czesci_zamienne_YT-82133.pdf,,Rysunki wybuchowe,12mwfJM4JbQ6J-eCCHo5597ytFedIWhmL,https://drive.google.com/file/d/12mwfJM4JbQ6J-eCCHo5597ytFedIWhmL/preview,https://drive.google.com/file/d/12mwfJM4JbQ6J-eCCHo5597ytFedIWhmL/view?usp=drivesdk,NIE,0,0,NIE,OCR / konwersja skanu
drive-15UsmnZYzzRlqykLi5DmGkys5DPwaV8q4-YT-82134,YT-82134,YT82134,YATO,YT-82134,Czesci_zamienne_YT-82134.pdf,,Rysunki wybuchowe,15UsmnZYzzRlqykLi5DmGkys5DPwaV8q4,https://drive.google.com/file/d/15UsmnZYzzRlqykLi5DmGkys5DPwaV8q4/preview,https://drive.google.com/file/d/15UsmnZYzzRlqykLi5DmGkys5DPwaV8q4/view?usp=drivesdk,NIE,0,0,NIE,OCR / konwersja skanu
drive-1x7i5pEBGG10I2Cps21aE06fydJgoUmdb-YT-82135,YT-82135,YT82135,YATO,YT-82135,Czesci_zamienne_YT-82135.pdf,,Rysunki wybuchowe,1x7i5pEBGG10I2Cps21aE06fydJgoUmdb,https://drive.google.com/file/d/1x7i5pEBGG10I2Cps21aE06fydJgoUmdb/preview,https://drive.google.com/file/d/1x7i5pEBGG10I2Cps21aE06fydJgoUmdb/view?usp=drivesdk,NIE,0,0,NIE,OCR / konwersja skanu
drive-1faZ6TNCaOJLSCfEhXZ1SrUYaLVC-1S9Y-YT-82138,YT-82138,YT82138,YATO,YT-82138,Czesci_zamienne_YT-82138.pdf,,Rysunki wybuchowe,1faZ6TNCaOJLSCfEhXZ1SrUYaLVC-1S9Y,https://drive.google.com/file/d/1faZ6TNCaOJLSCfEhXZ1SrUYaLVC-1S9Y/preview,https://drive.google.com/file/d/1faZ6TNCaOJLSCfEhXZ1SrUYaLVC-1S9Y/view?usp=drivesdk,NIE,0,0,NIE,OCR / konwersja skanu
drive-1OXWVakb75yFWsaOpqsYyCJhvw0BKqCxf-YT-82141,YT-82141,YT82141,YATO,YT-82141,Czesci_zamienne_YT-82141.pdf,,Rysunki wybuchowe,1OXWVakb75yFWsaOpqsYyCJhvw0BKqCxf,https://drive.google.com/file/d/1OXWVakb75yFWsaOpqsYyCJhvw0BKqCxf/preview,https://drive.google.com/file/d/1OXWVakb75yFWsaOpqsYyCJhvw0BKqCxf/view?usp=drivesdk,NIE,0,0,NIE,OCR / konwersja skanu
drive-1L4PaDi_3tt6lVubsjrox4XKs13kvDHfy-YT-82144,YT-82144,YT82144,YATO,YT-82144,Czesci_zamienne_YT-82144.pdf,,Rysunki wybuchowe,1L4PaDi_3tt6lVubsjrox4XKs13kvDHfy,https://drive.google.com/file/d/1L4PaDi_3tt6lVubsjrox4XKs13kvDHfy/preview,https://drive.google.com/file/d/1L4PaDi_3tt6lVubsjrox4XKs13kvDHfy/view?usp=drivesdk,NIE,0,0,NIE,OCR / konwersja skanu
drive-1euW6EALE1loxE2odLTiEjqeKC469Pkeo-YT-82147,YT-82147,YT82147,YATO,YT-82147,Czesci_zamienne_YT-82147.pdf,,Rysunki wybuchowe,1euW6EALE1loxE2odLTiEjqeKC469Pkeo,https://drive.google.com/file/d/1euW6EALE1loxE2odLTiEjqeKC469Pkeo/preview,https://drive.google.com/file/d/1euW6EALE1loxE2odLTiEjqeKC469Pkeo/view?usp=drivesdk,NIE,0,0,NIE,OCR / konwersja skanu
drive-1TBAsMgukTJTfNOBgBwQt_NXPd-bOD_ND-YT-82148,YT-82148,YT82148,YATO,YT-82148,Czesci_zamienne_YT-82148.pdf,,Rysunki wybuchowe,1TBAsMgukTJTfNOBgBwQt_NXPd-bOD_ND,https://drive.google.com/file/d/1TBAsMgukTJTfNOBgBwQt_NXPd-bOD_ND/preview,https://drive.google.com/file/d/1TBAsMgukTJTfNOBgBwQt_NXPd-bOD_ND/view?usp=drivesdk,NIE,0,0,NIE,OCR / konwersja skanu
drive-18cV6ZD40RW5XEhTncWTs1odM7c6TJNoU-YT-82151,YT-82151,YT82151,YATO,YT-82151,Czesci_zamienne_YT-82151.pdf,,Rysunki wybuchowe,18cV6ZD40RW5XEhTncWTs1odM7c6TJNoU,https://drive.google.com/file/d/18cV6ZD40RW5XEhTncWTs1odM7c6TJNoU/preview,https://drive.google.com/file/d/18cV6ZD40RW5XEhTncWTs1odM7c6TJNoU/view?usp=drivesdk,NIE,0,0,NIE,OCR / konwersja skanu
drive-1-pyizv5DQKpOJ3-CwXIKAN4liRLrPYT4-YT-82152,YT-82152,YT82152,YATO,YT-82152,Czesci_zamienne_YT-82152.pdf,,Rysunki wybuchowe,1-pyizv5DQKpOJ3-CwXIKAN4liRLrPYT4,https://drive.google.com/file/d/1-pyizv5DQKpOJ3-CwXIKAN4liRLrPYT4/preview,https://drive.google.com/file/d/1-pyizv5DQKpOJ3-CwXIKAN4liRLrPYT4/view?usp=drivesdk,NIE,0,0,NIE,OCR / konwersja skanu
drive-1K-Pq9uvESGQoTEmV82ogBcb8VnrlFYxK-YT-821533,YT-821533,YT821533,YATO,YT-821533,Czesci_zamienne_YT-821533.pdf,,Rysunki wybuchowe,1K-Pq9uvESGQoTEmV82ogBcb8VnrlFYxK,https://drive.google.com/file/d/1K-Pq9uvESGQoTEmV82ogBcb8VnrlFYxK/preview,https://drive.google.com/file/d/1K-Pq9uvESGQoTEmV82ogBcb8VnrlFYxK/view?usp=drivesdk,NIE,0,0,NIE,OCR / konwersja skanu
drive-1xf2PGQwXtANmM6oTlPj6ayPvZKA63JZv-YT-82154,YT-82154,YT82154,YATO,YT-82154,Czesci_zamienne_YT-82154.pdf,,Rysunki wybuchowe,1xf2PGQwXtANmM6oTlPj6ayPvZKA63JZv,https://drive.google.com/file/d/1xf2PGQwXtANmM6oTlPj6ayPvZKA63JZv/preview,https://drive.google.com/file/d/1xf2PGQwXtANmM6oTlPj6ayPvZKA63JZv/view?usp=drivesdk,NIE,0,0,NIE,OCR / konwersja skanu
drive-1YxjomYGmjlBYcMcbBSqxQB-CobjWpbhz-YT-82155,YT-82155,YT82155,YATO,YT-82155,Czesci_zamienne_YT-82155.pdf,,Rysunki wybuchowe,1YxjomYGmjlBYcMcbBSqxQB-CobjWpbhz,https://drive.google.com/file/d/1YxjomYGmjlBYcMcbBSqxQB-CobjWpbhz/preview,https://drive.google.com/file/d/1YxjomYGmjlBYcMcbBSqxQB-CobjWpbhz/view?usp=drivesdk,NIE,0,0,NIE,OCR / konwersja skanu
drive-1lnYn8jwur6707XznBOTTrrrE2kyti5BI-YT-82157,YT-82157,YT82157,YATO,YT-82157,Czesci_zamienne_YT-82157.pdf,,Rysunki wybuchowe,1lnYn8jwur6707XznBOTTrrrE2kyti5BI,https://drive.google.com/file/d/1lnYn8jwur6707XznBOTTrrrE2kyti5BI/preview,https://drive.google.com/file/d/1lnYn8jwur6707XznBOTTrrrE2kyti5BI/view?usp=drivesdk,NIE,0,0,NIE,OCR / konwersja skanu
drive-1lf1jtQ6ZnRlhg0DIj35WMCrMpvNv25jS-YT-82158,YT-82158,YT82158,YATO,YT-82158,Czesci_zamienne_YT-82158.pdf,,Rysunki wybuchowe,1lf1jtQ6ZnRlhg0DIj35WMCrMpvNv25jS,https://drive.google.com/file/d/1lf1jtQ6ZnRlhg0DIj35WMCrMpvNv25jS/preview,https://drive.google.com/file/d/1lf1jtQ6ZnRlhg0DIj35WMCrMpvNv25jS/view?usp=drivesdk,NIE,0,0,NIE,OCR / konwersja skanu
drive-1VbNa2G9bgudbc7Llcznj5_yjEp0vu0gq-YT-821583,YT-821583,YT821583,YATO,YT-821583,Czesci_zamienne_YT-821583.pdf,,Rysunki wybuchowe,1VbNa2G9bgudbc7Llcznj5_yjEp0vu0gq,https://drive.google.com/file/d/1VbNa2G9bgudbc7Llcznj5_yjEp0vu0gq/preview,https://drive.google.com/file/d/1VbNa2G9bgudbc7Llcznj5_yjEp0vu0gq/view?usp=drivesdk,NIE,0,0,NIE,OCR / konwersja skanu
drive-1iB41eUS8mympnaHgzFbr9tpHShBqnx8k-YT-82159,YT-82159,YT82159,YATO,YT-82159,Czesci_zamienne_YT-82159.pdf,,Rysunki wybuchowe,1iB41eUS8mympnaHgzFbr9tpHShBqnx8k,https://drive.google.com/file/d/1iB41eUS8mympnaHgzFbr9tpHShBqnx8k/preview,https://drive.google.com/file/d/1iB41eUS8mympnaHgzFbr9tpHShBqnx8k/view?usp=drivesdk,NIE,0,0,NIE,OCR / konwersja skanu
drive-1mU4WgVG2Nf5j0pXE0Z3JI_2soIwh_b0E-YT-821591,YT-821591,YT821591,YATO,YT-821591,Czesci_zamienne_YT-821591.pdf,,Rysunki wybuchowe,1mU4WgVG2Nf5j0pXE0Z3JI_2soIwh_b0E,https://drive.google.com/file/d/1mU4WgVG2Nf5j0pXE0Z3JI_2soIwh_b0E/preview,https://drive.google.com/file/d/1mU4WgVG2Nf5j0pXE0Z3JI_2soIwh_b0E/view?usp=drivesdk,NIE,0,0,NIE,OCR / konwersja skanu
drive-1rPhbDBTZj4m3603agUXaS7vKTKeCEWUZ-YT-821597,YT-821597,YT821597,YATO,YT-821597,Czesci_zamienne_YT-821597.pdf,,Rysunki wybuchowe,1rPhbDBTZj4m3603agUXaS7vKTKeCEWUZ,https://drive.google.com/file/d/1rPhbDBTZj4m3603agUXaS7vKTKeCEWUZ/preview,https://drive.google.com/file/d/1rPhbDBTZj4m3603agUXaS7vKTKeCEWUZ/view?usp=drivesdk,NIE,0,0,NIE,OCR / konwersja skanu
drive-18ua3LbtH942-YbTt03KYMnotVzXw3EjX-YT-82161,YT-82161,YT82161,YATO,YT-82161,Czesci_zamienne_YT-82161.pdf,,Rysunki wybuchowe,18ua3LbtH942-YbTt03KYMnotVzXw3EjX,https://drive.google.com/file/d/18ua3LbtH942-YbTt03KYMnotVzXw3EjX/preview,https://drive.google.com/file/d/18ua3LbtH942-YbTt03KYMnotVzXw3EjX/view?usp=drivesdk,NIE,0,0,NIE,OCR / konwersja skanu
drive-1rSemWEOrWQHnfD2RQ7G4hxGx-k6bvtrq-YT-82163,YT-82163,YT82163,YATO,YT-82163,Czesci_zamienne_YT-82163.pdf,,Rysunki wybuchowe,1rSemWEOrWQHnfD2RQ7G4hxGx-k6bvtrq,https://drive.google.com/file/d/1rSemWEOrWQHnfD2RQ7G4hxGx-k6bvtrq/preview,https://drive.google.com/file/d/1rSemWEOrWQHnfD2RQ7G4hxGx-k6bvtrq/view?usp=drivesdk,NIE,0,0,NIE,OCR / konwersja skanu
drive-1ZY9SJ5lmA4aG4uKIZez7uapvTJmWdBc7-YT-82164,YT-82164,YT82164,YATO,YT-82164,Czesci_zamienne_YT-82164.pdf,,Rysunki wybuchowe,1ZY9SJ5lmA4aG4uKIZez7uapvTJmWdBc7,https://drive.google.com/file/d/1ZY9SJ5lmA4aG4uKIZez7uapvTJmWdBc7/preview,https://drive.google.com/file/d/1ZY9SJ5lmA4aG4uKIZez7uapvTJmWdBc7/view?usp=drivesdk,NIE,0,0,NIE,OCR / konwersja skanu
drive-18oMxyWRteMGMQ-TtClw4ezRxPFgxiyAz-YT-82165,YT-82165,YT82165,YATO,YT-82165,Czesci_zamienne_YT-82165.pdf,,Rysunki wybuchowe,18oMxyWRteMGMQ-TtClw4ezRxPFgxiyAz,https://drive.google.com/file/d/18oMxyWRteMGMQ-TtClw4ezRxPFgxiyAz/preview,https://drive.google.com/file/d/18oMxyWRteMGMQ-TtClw4ezRxPFgxiyAz/view?usp=drivesdk,NIE,0,0,NIE,OCR / konwersja skanu
drive-1BbJG31rX40pYyVo3pyoU6N5c51dLjLFA-YT-82168,YT-82168,YT82168,YATO,YT-82168,Czesci_zamienne_YT-82168.pdf,,Rysunki wybuchowe,1BbJG31rX40pYyVo3pyoU6N5c51dLjLFA,https://drive.google.com/file/d/1BbJG31rX40pYyVo3pyoU6N5c51dLjLFA/preview,https://drive.google.com/file/d/1BbJG31rX40pYyVo3pyoU6N5c51dLjLFA/view?usp=drivesdk,NIE,0,0,NIE,OCR / konwersja skanu
drive-1Bx3o-mbL0cbWunrFBM2FwRt5wIVrwc4o-YT-82171,YT-82171,YT82171,YATO,YT-82171,Czesci_zamienne_YT-82171.pdf,,Rysunki wybuchowe,1Bx3o-mbL0cbWunrFBM2FwRt5wIVrwc4o,https://drive.google.com/file/d/1Bx3o-mbL0cbWunrFBM2FwRt5wIVrwc4o/preview,https://drive.google.com/file/d/1Bx3o-mbL0cbWunrFBM2FwRt5wIVrwc4o/view?usp=drivesdk,NIE,0,0,NIE,OCR / konwersja skanu
drive-1CPFg1XL_0MClzgNIKwBZoicblUdcKph7-YT-821710,YT-821710,YT821710,YATO,YT-821710,Czesci_zamienne_YT-821710.pdf,,Rysunki wybuchowe,1CPFg1XL_0MClzgNIKwBZoicblUdcKph7,https://drive.google.com/file/d/1CPFg1XL_0MClzgNIKwBZoicblUdcKph7/preview,https://drive.google.com/file/d/1CPFg1XL_0MClzgNIKwBZoicblUdcKph7/view?usp=drivesdk,NIE,0,0,NIE,OCR / konwersja skanu
drive-1xfRkuuAnsxWiT_uxcA_0HYUrTeLprDkV-YT-82172,YT-82172,YT82172,YATO,YT-82172,Czesci_zamienne_YT-82172.pdf,,Rysunki wybuchowe,1xfRkuuAnsxWiT_uxcA_0HYUrTeLprDkV,https://drive.google.com/file/d/1xfRkuuAnsxWiT_uxcA_0HYUrTeLprDkV/preview,https://drive.google.com/file/d/1xfRkuuAnsxWiT_uxcA_0HYUrTeLprDkV/view?usp=drivesdk,NIE,0,0,NIE,OCR / konwersja skanu
drive-1Rp6rDPQaGGdkfiDXIIh8anMKM5nhAxg--YT-821722,YT-821722,YT821722,YATO,YT-821722,Czesci_zamienne_YT-821722.pdf,,Rysunki wybuchowe,1Rp6rDPQaGGdkfiDXIIh8anMKM5nhAxg-,https://drive.google.com/file/d/1Rp6rDPQaGGdkfiDXIIh8anMKM5nhAxg-/preview,https://drive.google.com/file/d/1Rp6rDPQaGGdkfiDXIIh8anMKM5nhAxg-/view?usp=drivesdk,NIE,0,0,NIE,OCR / konwersja skanu
drive-1A8dcOfeJdtM0djOGCh9Jpn02LImcPHVz-YT-82173,YT-82173,YT82173,YATO,YT-82173,Czesci_zamienne_YT-82173.pdf,,Rysunki wybuchowe,1A8dcOfeJdtM0djOGCh9Jpn02LImcPHVz,https://drive.google.com/file/d/1A8dcOfeJdtM0djOGCh9Jpn02LImcPHVz/preview,https://drive.google.com/file/d/1A8dcOfeJdtM0djOGCh9Jpn02LImcPHVz/view?usp=drivesdk,NIE,0,0,NIE,OCR / konwersja skanu
drive-1IWvpuBAnqV5w_h53G11Y6uZv6lUi0jWh-YT-82174,YT-82174,YT82174,YATO,YT-82174,Czesci_zamienne_YT-82174.pdf,,Rysunki wybuchowe,1IWvpuBAnqV5w_h53G11Y6uZv6lUi0jWh,https://drive.google.com/file/d/1IWvpuBAnqV5w_h53G11Y6uZv6lUi0jWh/preview,https://drive.google.com/file/d/1IWvpuBAnqV5w_h53G11Y6uZv6lUi0jWh/view?usp=drivesdk,NIE,0,0,NIE,OCR / konwersja skanu
drive-1Jsl1kcyY2MOGHFLjZ7Z0EmVjmIAj4s91-YT-82175,YT-82175,YT82175,YATO,YT-82175,Czesci_zamienne_YT-82175.pdf,,Rysunki wybuchowe,1Jsl1kcyY2MOGHFLjZ7Z0EmVjmIAj4s91,https://drive.google.com/file/d/1Jsl1kcyY2MOGHFLjZ7Z0EmVjmIAj4s91/preview,https://drive.google.com/file/d/1Jsl1kcyY2MOGHFLjZ7Z0EmVjmIAj4s91/view?usp=drivesdk,NIE,0,0,NIE,OCR / konwersja skanu
drive-1uSWON2ikIiWlfAC6tD9b09SmQU4YPsKf-YT-82176,YT-82176,YT82176,YATO,YT-82176,Czesci_zamienne_YT-82176.pdf,,Rysunki wybuchowe,1uSWON2ikIiWlfAC6tD9b09SmQU4YPsKf,https://drive.google.com/file/d/1uSWON2ikIiWlfAC6tD9b09SmQU4YPsKf/preview,https://drive.google.com/file/d/1uSWON2ikIiWlfAC6tD9b09SmQU4YPsKf/view?usp=drivesdk,NIE,0,0,NIE,OCR / konwersja skanu
drive-1dteAGGD3b6xQSIziSEPP9dr6ltQdRYi1-YT-82181,YT-82181,YT82181,YATO,YT-82181,Czesci_zamienne_YT-82181.pdf,,Rysunki wybuchowe,1dteAGGD3b6xQSIziSEPP9dr6ltQdRYi1,https://drive.google.com/file/d/1dteAGGD3b6xQSIziSEPP9dr6ltQdRYi1/preview,https://drive.google.com/file/d/1dteAGGD3b6xQSIziSEPP9dr6ltQdRYi1/view?usp=drivesdk,NIE,0,0,NIE,OCR / konwersja skanu
drive-15eoPlqxyGy8SB6J8t0qwK94wjcZR_ReU-YT-82185,YT-82185,YT82185,YATO,YT-82185,Czesci_zamienne_YT-82185.pdf,,Rysunki wybuchowe,15eoPlqxyGy8SB6J8t0qwK94wjcZR_ReU,https://drive.google.com/file/d/15eoPlqxyGy8SB6J8t0qwK94wjcZR_ReU/preview,https://drive.google.com/file/d/15eoPlqxyGy8SB6J8t0qwK94wjcZR_ReU/view?usp=drivesdk,NIE,0,0,NIE,OCR / konwersja skanu
drive-1mFaztOeqORQ0l_sPwA_h9avFpXY-Tc3J-YT-82190,YT-82190,YT82190,YATO,YT-82190,Czesci_zamienne_YT-82190.pdf,,Rysunki wybuchowe,1mFaztOeqORQ0l_sPwA_h9avFpXY-Tc3J,https://drive.google.com/file/d/1mFaztOeqORQ0l_sPwA_h9avFpXY-Tc3J/preview,https://drive.google.com/file/d/1mFaztOeqORQ0l_sPwA_h9avFpXY-Tc3J/view?usp=drivesdk,NIE,0,0,NIE,OCR / konwersja skanu
drive-1UzqURBNCTPDoqSNZsr5hmC5nT90LaNN6-YT-821901,YT-821901,YT821901,YATO,YT-821901,Czesci_zamienne_YT-821901.pdf,,Rysunki wybuchowe,1UzqURBNCTPDoqSNZsr5hmC5nT90LaNN6,https://drive.google.com/file/d/1UzqURBNCTPDoqSNZsr5hmC5nT90LaNN6/preview,https://drive.google.com/file/d/1UzqURBNCTPDoqSNZsr5hmC5nT90LaNN6/view?usp=drivesdk,NIE,0,0,NIE,OCR / konwersja skanu
drive-14DWjkp6tlTajzR3gLcjYShxaQ-rc8OeB-YT-821905,YT-821905,YT821905,YATO,YT-821905,Czesci_zamienne_YT-821905.pdf,,Rysunki wybuchowe,14DWjkp6tlTajzR3gLcjYShxaQ-rc8OeB,https://drive.google.com/file/d/14DWjkp6tlTajzR3gLcjYShxaQ-rc8OeB/preview,https://drive.google.com/file/d/14DWjkp6tlTajzR3gLcjYShxaQ-rc8OeB/view?usp=drivesdk,NIE,0,0,NIE,OCR / konwersja skanu
drive-1PEJCHN0Po1GG6HHs90DYxh55jTc0B8hT-YT-82191,YT-82191,YT82191,YATO,YT-82191,Czesci_zamienne_YT-82191.pdf,,Rysunki wybuchowe,1PEJCHN0Po1GG6HHs90DYxh55jTc0B8hT,https://drive.google.com/file/d/1PEJCHN0Po1GG6HHs90DYxh55jTc0B8hT/preview,https://drive.google.com/file/d/1PEJCHN0Po1GG6HHs90DYxh55jTc0B8hT/view?usp=drivesdk,NIE,0,0,NIE,OCR / konwersja skanu
drive-1iSBMnCjEN9sUfbF_s4e_R-kBfZpnHTHV-YT-821915,YT-821915,YT821915,YATO,YT-821915,Czesci_zamienne_YT-821915.pdf,,Rysunki wybuchowe,1iSBMnCjEN9sUfbF_s4e_R-kBfZpnHTHV,https://drive.google.com/file/d/1iSBMnCjEN9sUfbF_s4e_R-kBfZpnHTHV/preview,https://drive.google.com/file/d/1iSBMnCjEN9sUfbF_s4e_R-kBfZpnHTHV/view?usp=drivesdk,NIE,0,0,NIE,OCR / konwersja skanu
drive-1izMBTQI1gIdaE-1PcL0BdzWDmf70g2fL-YT-821916,YT-821916,YT821916,YATO,YT-821916,Czesci_zamienne_YT-821916.pdf,,Rysunki wybuchowe,1izMBTQI1gIdaE-1PcL0BdzWDmf70g2fL,https://drive.google.com/file/d/1izMBTQI1gIdaE-1PcL0BdzWDmf70g2fL/preview,https://drive.google.com/file/d/1izMBTQI1gIdaE-1PcL0BdzWDmf70g2fL/view?usp=drivesdk,NIE,0,0,NIE,OCR / konwersja skanu
drive-1IRlPUFSIa2JcRDG5izvkzil3sQHgpwJH-YT-82192,YT-82192,YT82192,YATO,YT-82192,Czesci_zamienne_YT-82192.pdf,,Rysunki wybuchowe,1IRlPUFSIa2JcRDG5izvkzil3sQHgpwJH,https://drive.google.com/file/d/1IRlPUFSIa2JcRDG5izvkzil3sQHgpwJH/preview,https://drive.google.com/file/d/1IRlPUFSIa2JcRDG5izvkzil3sQHgpwJH/view?usp=drivesdk,NIE,0,0,NIE,OCR / konwersja skanu
drive-1PYT6rLTHex2a5a9AuYm8hIt1sxw1LgA5-YT-82194,YT-82194,YT82194,YATO,YT-82194,Czesci_zamienne_YT-82194.pdf,,Rysunki wybuchowe,1PYT6rLTHex2a5a9AuYm8hIt1sxw1LgA5,https://drive.google.com/file/d/1PYT6rLTHex2a5a9AuYm8hIt1sxw1LgA5/preview,https://drive.google.com/file/d/1PYT6rLTHex2a5a9AuYm8hIt1sxw1LgA5/view?usp=drivesdk,NIE,0,0,NIE,OCR / konwersja skanu
drive-1Mc46IytAfjtaZBy7rCVsWyAWVo2BoQo_-YT-82196,YT-82196,YT82196,YATO,YT-82196,Czesci_zamienne_YT-82196.pdf,,Rysunki wybuchowe,1Mc46IytAfjtaZBy7rCVsWyAWVo2BoQo_,https://drive.google.com/file/d/1Mc46IytAfjtaZBy7rCVsWyAWVo2BoQo_/preview,https://drive.google.com/file/d/1Mc46IytAfjtaZBy7rCVsWyAWVo2BoQo_/view?usp=drivesdk,NIE,0,0,NIE,OCR / konwersja skanu
drive-1QK2NoLMCYRxi3fTwAFbQKZoz1OF-KVxV-YT-82198,YT-82198,YT82198,YATO,YT-82198,Czesci_zamienne_YT-82198.pdf,,Rysunki wybuchowe,1QK2NoLMCYRxi3fTwAFbQKZoz1OF-KVxV,https://drive.google.com/file/d/1QK2NoLMCYRxi3fTwAFbQKZoz1OF-KVxV/preview,https://drive.google.com/file/d/1QK2NoLMCYRxi3fTwAFbQKZoz1OF-KVxV/view?usp=drivesdk,NIE,0,0,NIE,OCR / konwersja skanu
drive-14dAvlPBREVjJQbPU9xSElyI4opBOrC67-YT-82205,YT-82205,YT82205,YATO,YT-82205,Czesci_zamienne_YT-82205.pdf,,Rysunki wybuchowe,14dAvlPBREVjJQbPU9xSElyI4opBOrC67,https://drive.google.com/file/d/14dAvlPBREVjJQbPU9xSElyI4opBOrC67/preview,https://drive.google.com/file/d/14dAvlPBREVjJQbPU9xSElyI4opBOrC67/view?usp=drivesdk,NIE,0,0,NIE,OCR / konwersja skanu
drive-1CGc6ieQ8dEtv0WU7Q20geQoCIlrueRU--YT-82206,YT-82206,YT82206,YATO,YT-82206,Czesci_zamienne_YT-82206.pdf,,Rysunki wybuchowe,1CGc6ieQ8dEtv0WU7Q20geQoCIlrueRU-,https://drive.google.com/file/d/1CGc6ieQ8dEtv0WU7Q20geQoCIlrueRU-/preview,https://drive.google.com/file/d/1CGc6ieQ8dEtv0WU7Q20geQoCIlrueRU-/view?usp=drivesdk,NIE,0,0,NIE,OCR / konwersja skanu
drive-1jV2oVbzBi3ViTQeB_9gemgkFJ-eXN0m4-YT-82207,YT-82207,YT82207,YATO,YT-82207,Czesci_zamienne_YT-82207.pdf,,Rysunki wybuchowe,1jV2oVbzBi3ViTQeB_9gemgkFJ-eXN0m4,https://drive.google.com/file/d/1jV2oVbzBi3ViTQeB_9gemgkFJ-eXN0m4/preview,https://drive.google.com/file/d/1jV2oVbzBi3ViTQeB_9gemgkFJ-eXN0m4/view?usp=drivesdk,NIE,0,0,NIE,OCR / konwersja skanu
drive-11iFHd0rH5c7iUaEC8fiMwh445kimUvSP-YT-82208,YT-82208,YT82208,YATO,YT-82208,Czesci_zamienne_YT-82208.pdf,,Rysunki wybuchowe,11iFHd0rH5c7iUaEC8fiMwh445kimUvSP,https://drive.google.com/file/d/11iFHd0rH5c7iUaEC8fiMwh445kimUvSP/preview,https://drive.google.com/file/d/11iFHd0rH5c7iUaEC8fiMwh445kimUvSP/view?usp=drivesdk,NIE,0,0,NIE,OCR / konwersja skanu
drive-1foSWYj7IJ8QIujQHsIRUhJe7WsiYk4va-YT-822100,YT-822100,YT822100,YATO,YT-822100,Czesci_zamienne_YT-822100.pdf,,Rysunki wybuchowe,1foSWYj7IJ8QIujQHsIRUhJe7WsiYk4va,https://drive.google.com/file/d/1foSWYj7IJ8QIujQHsIRUhJe7WsiYk4va/preview,https://drive.google.com/file/d/1foSWYj7IJ8QIujQHsIRUhJe7WsiYk4va/view?usp=drivesdk,NIE,0,0,NIE,OCR / konwersja skanu
drive-1QsTYV0I1Gm2kj23SzIfV5oulrBxZ_-cL-YT-822103,YT-822103,YT822103,YATO,YT-822103,Czesci_zamienne_YT-822103.pdf,,Rysunki wybuchowe,1QsTYV0I1Gm2kj23SzIfV5oulrBxZ_-cL,https://drive.google.com/file/d/1QsTYV0I1Gm2kj23SzIfV5oulrBxZ_-cL/preview,https://drive.google.com/file/d/1QsTYV0I1Gm2kj23SzIfV5oulrBxZ_-cL/view?usp=drivesdk,NIE,0,0,NIE,OCR / konwersja skanu
drive-18HFdz4L0GO26CSnZzpjfpQIskrADykJt-YT-822107,YT-822107,YT822107,YATO,YT-822107,Czesci_zamienne_YT-822107.pdf,,Rysunki wybuchowe,18HFdz4L0GO26CSnZzpjfpQIskrADykJt,https://drive.google.com/file/d/18HFdz4L0GO26CSnZzpjfpQIskrADykJt/preview,https://drive.google.com/file/d/18HFdz4L0GO26CSnZzpjfpQIskrADykJt/view?usp=drivesdk,NIE,0,0,NIE,OCR / konwersja skanu
drive-14w2xnlOTA9uNSu7_6_DkGsC5H5-3MrN6-YT-822110,YT-822110,YT822110,YATO,YT-822110,Czesci_zamienne_YT-822110.pdf,,Rysunki wybuchowe,14w2xnlOTA9uNSu7_6_DkGsC5H5-3MrN6,https://drive.google.com/file/d/14w2xnlOTA9uNSu7_6_DkGsC5H5-3MrN6/preview,https://drive.google.com/file/d/14w2xnlOTA9uNSu7_6_DkGsC5H5-3MrN6/view?usp=drivesdk,NIE,0,0,NIE,OCR / konwersja skanu
drive-10aiYuebdOKpZ63bEIyAoT5xEiBrMe0O1-YT-822112,YT-822112,YT822112,YATO,YT-822112,Czesci_zamienne_YT-822112.pdf,,Rysunki wybuchowe,10aiYuebdOKpZ63bEIyAoT5xEiBrMe0O1,https://drive.google.com/file/d/10aiYuebdOKpZ63bEIyAoT5xEiBrMe0O1/preview,https://drive.google.com/file/d/10aiYuebdOKpZ63bEIyAoT5xEiBrMe0O1/view?usp=drivesdk,NIE,0,0,NIE,OCR / konwersja skanu
drive-1TzjQdUUT4gEEGwuGb_Sdp6Pdj4KHAFyc-YT-82220,YT-82220,YT82220,YATO,YT-82220,Czesci_zamienne_YT-82220.pdf,,Rysunki wybuchowe,1TzjQdUUT4gEEGwuGb_Sdp6Pdj4KHAFyc,https://drive.google.com/file/d/1TzjQdUUT4gEEGwuGb_Sdp6Pdj4KHAFyc/preview,https://drive.google.com/file/d/1TzjQdUUT4gEEGwuGb_Sdp6Pdj4KHAFyc/view?usp=drivesdk,NIE,0,0,NIE,OCR / konwersja skanu
drive-1a8JpvKlC4JPpCEUJR0UReRDF4KHbcGiJ-YT-82221,YT-82221,YT82221,YATO,YT-82221,Czesci_zamienne_YT-82221.pdf,,Rysunki wybuchowe,1a8JpvKlC4JPpCEUJR0UReRDF4KHbcGiJ,https://drive.google.com/file/d/1a8JpvKlC4JPpCEUJR0UReRDF4KHbcGiJ/preview,https://drive.google.com/file/d/1a8JpvKlC4JPpCEUJR0UReRDF4KHbcGiJ/view?usp=drivesdk,NIE,0,0,NIE,OCR / konwersja skanu
drive-1bHltSxW72G2E1KZCobBVFabJriGug4mY-YT-82223,YT-82223,YT82223,YATO,YT-82223,Czesci_zamienne_YT-82223.pdf,,Rysunki wybuchowe,1bHltSxW72G2E1KZCobBVFabJriGug4mY,https://drive.google.com/file/d/1bHltSxW72G2E1KZCobBVFabJriGug4mY/preview,https://drive.google.com/file/d/1bHltSxW72G2E1KZCobBVFabJriGug4mY/view?usp=drivesdk,NIE,0,0,NIE,OCR / konwersja skanu
drive-1Er5YsisfP7aETo-G_DttDBEPZ9HcZXVH-YT-82230,YT-82230,YT82230,YATO,YT-82230,Czesci_zamienne_YT-82230.pdf,,Rysunki wybuchowe,1Er5YsisfP7aETo-G_DttDBEPZ9HcZXVH,https://drive.google.com/file/d/1Er5YsisfP7aETo-G_DttDBEPZ9HcZXVH/preview,https://drive.google.com/file/d/1Er5YsisfP7aETo-G_DttDBEPZ9HcZXVH/view?usp=drivesdk,NIE,0,0,NIE,OCR / konwersja skanu
drive-1FgSc8XugxGVdhfJ5EUg0LhNWKA_KUl40-YT-82234,YT-82234,YT82234,YATO,YT-82234,Czesci_zamienne_YT-82234.pdf,,Rysunki wybuchowe,1FgSc8XugxGVdhfJ5EUg0LhNWKA_KUl40,https://drive.google.com/file/d/1FgSc8XugxGVdhfJ5EUg0LhNWKA_KUl40/preview,https://drive.google.com/file/d/1FgSc8XugxGVdhfJ5EUg0LhNWKA_KUl40/view?usp=drivesdk,NIE,0,0,NIE,OCR / konwersja skanu
drive-1fmLPahNTD5O_fWrntIh9IRojQz6w2SqF-YT-82240,YT-82240,YT82240,YATO,YT-82240,Czesci_zamienne_YT-82240.pdf,,Rysunki wybuchowe,1fmLPahNTD5O_fWrntIh9IRojQz6w2SqF,https://drive.google.com/file/d/1fmLPahNTD5O_fWrntIh9IRojQz6w2SqF/preview,https://drive.google.com/file/d/1fmLPahNTD5O_fWrntIh9IRojQz6w2SqF/view?usp=drivesdk,NIE,0,0,NIE,OCR / konwersja skanu
drive-1FdGDeiOOJCaVtJadaue2UhR65gTzQcA_-YT-82242,YT-82242,YT82242,YATO,YT-82242,Czesci_zamienne_YT-82242.pdf,,Rysunki wybuchowe,1FdGDeiOOJCaVtJadaue2UhR65gTzQcA_,https://drive.google.com/file/d/1FdGDeiOOJCaVtJadaue2UhR65gTzQcA_/preview,https://drive.google.com/file/d/1FdGDeiOOJCaVtJadaue2UhR65gTzQcA_/view?usp=drivesdk,NIE,0,0,NIE,OCR / konwersja skanu
drive-13nLr238acBsPrqZg6UyaywaQYB0dvD_0-YT-82250,YT-82250,YT82250,YATO,YT-82250,Czesci_zamienne_YT-82250.pdf,,Rysunki wybuchowe,13nLr238acBsPrqZg6UyaywaQYB0dvD_0,https://drive.google.com/file/d/13nLr238acBsPrqZg6UyaywaQYB0dvD_0/preview,https://drive.google.com/file/d/13nLr238acBsPrqZg6UyaywaQYB0dvD_0/view?usp=drivesdk,NIE,0,0,NIE,OCR / konwersja skanu
drive-1gTDefX6_XcIjXxXQfAhkr5o5otNkfzCp-YT-82251,YT-82251,YT82251,YATO,YT-82251,Czesci_zamienne_YT-82251.pdf,,Rysunki wybuchowe,1gTDefX6_XcIjXxXQfAhkr5o5otNkfzCp,https://drive.google.com/file/d/1gTDefX6_XcIjXxXQfAhkr5o5otNkfzCp/preview,https://drive.google.com/file/d/1gTDefX6_XcIjXxXQfAhkr5o5otNkfzCp/view?usp=drivesdk,NIE,0,0,NIE,OCR / konwersja skanu
drive-1qjxHBo-1EqzOCkO_BhTkERSoDS3LQr6H-YT-82265,YT-82265,YT82265,YATO,YT-82265,Czesci_zamienne_YT-82265.pdf,,Rysunki wybuchowe,1qjxHBo-1EqzOCkO_BhTkERSoDS3LQr6H,https://drive.google.com/file/d/1qjxHBo-1EqzOCkO_BhTkERSoDS3LQr6H/preview,https://drive.google.com/file/d/1qjxHBo-1EqzOCkO_BhTkERSoDS3LQr6H/view?usp=drivesdk,NIE,0,0,NIE,OCR / konwersja skanu
drive-1MO35OQy261Kftsu_nB1vdm44P50QAFn7-YT-82267,YT-82267,YT82267,YATO,YT-82267,Czesci_zamienne_YT-82267.pdf,,Rysunki wybuchowe,1MO35OQy261Kftsu_nB1vdm44P50QAFn7,https://drive.google.com/file/d/1MO35OQy261Kftsu_nB1vdm44P50QAFn7/preview,https://drive.google.com/file/d/1MO35OQy261Kftsu_nB1vdm44P50QAFn7/view?usp=drivesdk,NIE,0,0,NIE,OCR / konwersja skanu
drive-1rNNl3LQGL9PJ5R3eNBIYH9jKZcAzT0-d-YT-82273,YT-82273,YT82273,YATO,YT-82273,Czesci_zamienne_YT-82273.pdf,,Rysunki wybuchowe,1rNNl3LQGL9PJ5R3eNBIYH9jKZcAzT0-d,https://drive.google.com/file/d/1rNNl3LQGL9PJ5R3eNBIYH9jKZcAzT0-d/preview,https://drive.google.com/file/d/1rNNl3LQGL9PJ5R3eNBIYH9jKZcAzT0-d/view?usp=drivesdk,NIE,0,0,NIE,OCR / konwersja skanu
drive-1B1h69IB7vV3HRtV0In-3JzJssalQEjPV-YT-82274,YT-82274,YT82274,YATO,YT-82274,Czesci_zamienne_YT-82274.pdf,,Rysunki wybuchowe,1B1h69IB7vV3HRtV0In-3JzJssalQEjPV,https://drive.google.com/file/d/1B1h69IB7vV3HRtV0In-3JzJssalQEjPV/preview,https://drive.google.com/file/d/1B1h69IB7vV3HRtV0In-3JzJssalQEjPV/view?usp=drivesdk,NIE,0,0,NIE,OCR / konwersja skanu
drive-1tJbQlMvcAiveGph9VZ4Gf7e_gWdoxsc7-YT-82280,YT-82280,YT82280,YATO,YT-82280,Czesci_zamienne_YT-82280.pdf,,Rysunki wybuchowe,1tJbQlMvcAiveGph9VZ4Gf7e_gWdoxsc7,https://drive.google.com/file/d/1tJbQlMvcAiveGph9VZ4Gf7e_gWdoxsc7/preview,https://drive.google.com/file/d/1tJbQlMvcAiveGph9VZ4Gf7e_gWdoxsc7/view?usp=drivesdk,NIE,0,0,NIE,OCR / konwersja skanu
drive-16ug598we60VAl1M3eL5f43PnRKi9XTWQ-YT-82281,YT-82281,YT82281,YATO,YT-82281,Czesci_zamienne_YT-82281.pdf,,Rysunki wybuchowe,16ug598we60VAl1M3eL5f43PnRKi9XTWQ,https://drive.google.com/file/d/16ug598we60VAl1M3eL5f43PnRKi9XTWQ/preview,https://drive.google.com/file/d/16ug598we60VAl1M3eL5f43PnRKi9XTWQ/view?usp=drivesdk,NIE,0,0,NIE,OCR / konwersja skanu
drive-1kYPdjcX6QCDb7YsCQJ1BndRJzo-tt3Ht-YT-82282,YT-82282,YT82282,YATO,YT-82282,Czesci_zamienne_YT-82282.pdf,,Rysunki wybuchowe,1kYPdjcX6QCDb7YsCQJ1BndRJzo-tt3Ht,https://drive.google.com/file/d/1kYPdjcX6QCDb7YsCQJ1BndRJzo-tt3Ht/preview,https://drive.google.com/file/d/1kYPdjcX6QCDb7YsCQJ1BndRJzo-tt3Ht/view?usp=drivesdk,NIE,0,0,NIE,OCR / konwersja skanu
drive-1zzqVqbdg6WHy5MHprR5lLkALwVtyZ-8b-YT-82284,YT-82284,YT82284,YATO,YT-82284,Czesci_zamienne_YT-82284.pdf,,Rysunki wybuchowe,1zzqVqbdg6WHy5MHprR5lLkALwVtyZ-8b,https://drive.google.com/file/d/1zzqVqbdg6WHy5MHprR5lLkALwVtyZ-8b/preview,https://drive.google.com/file/d/1zzqVqbdg6WHy5MHprR5lLkALwVtyZ-8b/view?usp=drivesdk,NIE,0,0,NIE,OCR / konwersja skanu
drive-1R8r0aqlFFPJP6Mg-QeH38CPk0S8eBmhd-YT-82288,YT-82288,YT82288,YATO,YT-82288,Czesci_zamienne_YT-82288.pdf,,Rysunki wybuchowe,1R8r0aqlFFPJP6Mg-QeH38CPk0S8eBmhd,https://drive.google.com/file/d/1R8r0aqlFFPJP6Mg-QeH38CPk0S8eBmhd/preview,https://drive.google.com/file/d/1R8r0aqlFFPJP6Mg-QeH38CPk0S8eBmhd/view?usp=drivesdk,NIE,0,0,NIE,OCR / konwersja skanu
drive-1bs48LB3MMXUQwBY4cu_PlIV-MIrEhOvf-YT-82291,YT-82291,YT82291,YATO,YT-82291,Czesci_zamienne_YT-82291.pdf,,Rysunki wybuchowe,1bs48LB3MMXUQwBY4cu_PlIV-MIrEhOvf,https://drive.google.com/file/d/1bs48LB3MMXUQwBY4cu_PlIV-MIrEhOvf/preview,https://drive.google.com/file/d/1bs48LB3MMXUQwBY4cu_PlIV-MIrEhOvf/view?usp=drivesdk,NIE,0,0,NIE,OCR / konwersja skanu
drive-1eDbemaH9-CxClUvAFILwB1n9b2T-2msM-YT-82292,YT-82292,YT82292,YATO,YT-82292,Czesci_zamienne_YT-82292.pdf,,Rysunki wybuchowe,1eDbemaH9-CxClUvAFILwB1n9b2T-2msM,https://drive.google.com/file/d/1eDbemaH9-CxClUvAFILwB1n9b2T-2msM/preview,https://drive.google.com/file/d/1eDbemaH9-CxClUvAFILwB1n9b2T-2msM/view?usp=drivesdk,NIE,0,0,NIE,OCR / konwersja skanu
drive-1K7cVRzNFLjbWnDsxrgiueaZsTr8lo9-j-YT-82293,YT-82293,YT82293,YATO,YT-82293,Czesci_zamienne_YT-82293.pdf,,Rysunki wybuchowe,1K7cVRzNFLjbWnDsxrgiueaZsTr8lo9-j,https://drive.google.com/file/d/1K7cVRzNFLjbWnDsxrgiueaZsTr8lo9-j/preview,https://drive.google.com/file/d/1K7cVRzNFLjbWnDsxrgiueaZsTr8lo9-j/view?usp=drivesdk,NIE,0,0,NIE,OCR / konwersja skanu
drive-1usdCmG9pv9Q_8x9YMXtw3oRDv17NOyVw-YT-82294,YT-82294,YT82294,YATO,YT-82294,Czesci_zamienne_YT-82294.pdf,,Rysunki wybuchowe,1usdCmG9pv9Q_8x9YMXtw3oRDv17NOyVw,https://drive.google.com/file/d/1usdCmG9pv9Q_8x9YMXtw3oRDv17NOyVw/preview,https://drive.google.com/file/d/1usdCmG9pv9Q_8x9YMXtw3oRDv17NOyVw/view?usp=drivesdk,NIE,0,0,NIE,OCR / konwersja skanu
drive-1vP1bSys5JcEOSIfYAixPwtBE1hnnlaTD-YT-82295,YT-82295,YT82295,YATO,YT-82295,Czesci_zamienne_YT-82295.pdf,,Rysunki wybuchowe,1vP1bSys5JcEOSIfYAixPwtBE1hnnlaTD,https://drive.google.com/file/d/1vP1bSys5JcEOSIfYAixPwtBE1hnnlaTD/preview,https://drive.google.com/file/d/1vP1bSys5JcEOSIfYAixPwtBE1hnnlaTD/view?usp=drivesdk,NIE,0,0,NIE,OCR / konwersja skanu
drive-10xf-uES1WWgDD23oxClSIwHsl5oIlsg_-YT-82296,YT-82296,YT82296,YATO,YT-82296,Czesci_zamienne_YT-82296.pdf,,Rysunki wybuchowe,10xf-uES1WWgDD23oxClSIwHsl5oIlsg_,https://drive.google.com/file/d/10xf-uES1WWgDD23oxClSIwHsl5oIlsg_/preview,https://drive.google.com/file/d/10xf-uES1WWgDD23oxClSIwHsl5oIlsg_/view?usp=drivesdk,NIE,0,0,NIE,OCR / konwersja skanu
drive-1UuVCLCwFHKzvt_iWqUvwz60YUTum_Xbl-YT-82297,YT-82297,YT82297,YATO,YT-82297,Czesci_zamienne_YT-82297.pdf,,Rysunki wybuchowe,1UuVCLCwFHKzvt_iWqUvwz60YUTum_Xbl,https://drive.google.com/file/d/1UuVCLCwFHKzvt_iWqUvwz60YUTum_Xbl/preview,https://drive.google.com/file/d/1UuVCLCwFHKzvt_iWqUvwz60YUTum_Xbl/view?usp=drivesdk,NIE,0,0,NIE,OCR / konwersja skanu
drive-1MUgyCKV4N8FcHJGguAw6oPAoWOZTRP6d-YT-82330,YT-82330,YT82330,YATO,YT-82330,Czesci_zamienne_YT-82330.pdf,,Rysunki wybuchowe,1MUgyCKV4N8FcHJGguAw6oPAoWOZTRP6d,https://drive.google.com/file/d/1MUgyCKV4N8FcHJGguAw6oPAoWOZTRP6d/preview,https://drive.google.com/file/d/1MUgyCKV4N8FcHJGguAw6oPAoWOZTRP6d/view?usp=drivesdk,NIE,0,0,NIE,OCR / konwersja skanu
drive-1egD6bqQhFE6nrnV3d1n9CbnIJUPDMMM0-YT-82340,YT-82340,YT82340,YATO,YT-82340,Czesci_zamienne_YT-82340.pdf,,Rysunki wybuchowe,1egD6bqQhFE6nrnV3d1n9CbnIJUPDMMM0,https://drive.google.com/file/d/1egD6bqQhFE6nrnV3d1n9CbnIJUPDMMM0/preview,https://drive.google.com/file/d/1egD6bqQhFE6nrnV3d1n9CbnIJUPDMMM0/view?usp=drivesdk,NIE,0,0,NIE,OCR / konwersja skanu
drive-1prZfVQUOyiew2UYbP2j_BpvUGRJm6f_f-YT-82341,YT-82341,YT82341,YATO,YT-82341,Czesci_zamienne_YT-82341.pdf,,Rysunki wybuchowe,1prZfVQUOyiew2UYbP2j_BpvUGRJm6f_f,https://drive.google.com/file/d/1prZfVQUOyiew2UYbP2j_BpvUGRJm6f_f/preview,https://drive.google.com/file/d/1prZfVQUOyiew2UYbP2j_BpvUGRJm6f_f/view?usp=drivesdk,NIE,0,0,NIE,OCR / konwersja skanu
drive-1mA9xWVnAUO99ULCX5SN6t95dNiObRRFU-YT-82342,YT-82342,YT82342,YATO,YT-82342,Czesci_zamienne_YT-82342.pdf,,Rysunki wybuchowe,1mA9xWVnAUO99ULCX5SN6t95dNiObRRFU,https://drive.google.com/file/d/1mA9xWVnAUO99ULCX5SN6t95dNiObRRFU/preview,https://drive.google.com/file/d/1mA9xWVnAUO99ULCX5SN6t95dNiObRRFU/view?usp=drivesdk,NIE,0,0,NIE,OCR / konwersja skanu
drive-1m5df0dqG4sHsRqRyfGm182EK_CPXGKlm-YT-82350,YT-82350,YT82350,YATO,YT-82350,Czesci_zamienne_YT-82350.pdf,,Rysunki wybuchowe,1m5df0dqG4sHsRqRyfGm182EK_CPXGKlm,https://drive.google.com/file/d/1m5df0dqG4sHsRqRyfGm182EK_CPXGKlm/preview,https://drive.google.com/file/d/1m5df0dqG4sHsRqRyfGm182EK_CPXGKlm/view?usp=drivesdk,NIE,0,0,NIE,OCR / konwersja skanu
drive-1tTopkvF7z7pgzeWoWUbKURNASSdqL4mW-YT-82356,YT-82356,YT82356,YATO,YT-82356,Czesci_zamienne_YT-82356.pdf,,Rysunki wybuchowe,1tTopkvF7z7pgzeWoWUbKURNASSdqL4mW,https://drive.google.com/file/d/1tTopkvF7z7pgzeWoWUbKURNASSdqL4mW/preview,https://drive.google.com/file/d/1tTopkvF7z7pgzeWoWUbKURNASSdqL4mW/view?usp=drivesdk,NIE,0,0,NIE,OCR / konwersja skanu
drive-1fQhWjrzzKHUFuCTthDD63vpcJMtf8QZ--YT-82375,YT-82375,YT82375,YATO,YT-82375,Czesci_zamienne_YT-82375.pdf,,Rysunki wybuchowe,1fQhWjrzzKHUFuCTthDD63vpcJMtf8QZ-,https://drive.google.com/file/d/1fQhWjrzzKHUFuCTthDD63vpcJMtf8QZ-/preview,https://drive.google.com/file/d/1fQhWjrzzKHUFuCTthDD63vpcJMtf8QZ-/view?usp=drivesdk,NIE,0,0,NIE,OCR / konwersja skanu
drive-1q9FP529_0-EJMp0MZCnCgHpyMOIGehPa-YT-82380,YT-82380,YT82380,YATO,YT-82380,Czesci_zamienne_YT-82380.pdf,,Rysunki wybuchowe,1q9FP529_0-EJMp0MZCnCgHpyMOIGehPa,https://drive.google.com/file/d/1q9FP529_0-EJMp0MZCnCgHpyMOIGehPa/preview,https://drive.google.com/file/d/1q9FP529_0-EJMp0MZCnCgHpyMOIGehPa/view?usp=drivesdk,NIE,0,0,NIE,OCR / konwersja skanu
drive-1bD3AF8uArnLmZ3KTY0JlJY83Zp6W0a9V-YT-82385,YT-82385,YT82385,YATO,YT-82385,Czesci_zamienne_YT-82385.pdf,,Rysunki wybuchowe,1bD3AF8uArnLmZ3KTY0JlJY83Zp6W0a9V,https://drive.google.com/file/d/1bD3AF8uArnLmZ3KTY0JlJY83Zp6W0a9V/preview,https://drive.google.com/file/d/1bD3AF8uArnLmZ3KTY0JlJY83Zp6W0a9V/view?usp=drivesdk,NIE,0,0,NIE,OCR / konwersja skanu
drive-14SXTxOvxXRGQSfCeRnqwIEBkKNgr4PzK-YT-82389,YT-82389,YT82389,YATO,YT-82389,Czesci_zamienne_YT-82389.pdf,,Rysunki wybuchowe,14SXTxOvxXRGQSfCeRnqwIEBkKNgr4PzK,https://drive.google.com/file/d/14SXTxOvxXRGQSfCeRnqwIEBkKNgr4PzK/preview,https://drive.google.com/file/d/14SXTxOvxXRGQSfCeRnqwIEBkKNgr4PzK/view?usp=drivesdk,NIE,0,0,NIE,OCR / konwersja skanu
drive-1_nQI5hw6JVdA0GyOKOQkGbg4C7s8558H-YT-82390,YT-82390,YT82390,YATO,YT-82390,Czesci_zamienne_YT-82390.pdf,,Rysunki wybuchowe,1_nQI5hw6JVdA0GyOKOQkGbg4C7s8558H,https://drive.google.com/file/d/1_nQI5hw6JVdA0GyOKOQkGbg4C7s8558H/preview,https://drive.google.com/file/d/1_nQI5hw6JVdA0GyOKOQkGbg4C7s8558H/view?usp=drivesdk,NIE,0,0,NIE,OCR / konwersja skanu
drive-1bnuAa1sWu6FoJGwJe7Ry0dG5QyfV9JXp-YT-82395,YT-82395,YT82395,YATO,YT-82395,Czesci_zamienne_YT-82395.pdf,,Rysunki wybuchowe,1bnuAa1sWu6FoJGwJe7Ry0dG5QyfV9JXp,https://drive.google.com/file/d/1bnuAa1sWu6FoJGwJe7Ry0dG5QyfV9JXp/preview,https://drive.google.com/file/d/1bnuAa1sWu6FoJGwJe7Ry0dG5QyfV9JXp/view?usp=drivesdk,NIE,0,0,NIE,OCR / konwersja skanu
drive-1PFkcq57wuMNvqQ9OW_yFHboX73ZvYteK-YT-82398,YT-82398,YT82398,YATO,YT-82398 YT-82399,Czesci_zamienne_YT-82398 YT-82399.pdf,,Rysunki wybuchowe,1PFkcq57wuMNvqQ9OW_yFHboX73ZvYteK,https://drive.google.com/file/d/1PFkcq57wuMNvqQ9OW_yFHboX73ZvYteK/preview,https://drive.google.com/file/d/1PFkcq57wuMNvqQ9OW_yFHboX73ZvYteK/view?usp=drivesdk,NIE,0,0,NIE,OCR / konwersja skanu
drive-1PFkcq57wuMNvqQ9OW_yFHboX73ZvYteK-YT-82399,YT-82399,YT82399,YATO,YT-82399 — YT-82398 YT-82399,Czesci_zamienne_YT-82398 YT-82399.pdf,,Rysunki wybuchowe,1PFkcq57wuMNvqQ9OW_yFHboX73ZvYteK,https://drive.google.com/file/d/1PFkcq57wuMNvqQ9OW_yFHboX73ZvYteK/preview,https://drive.google.com/file/d/1PFkcq57wuMNvqQ9OW_yFHboX73ZvYteK/view?usp=drivesdk,NIE,0,0,NIE,OCR / konwersja skanu
drive-14JmAqKukoe6L4Ru9gKI793_xXEsm_sNc-YT-824480,YT-824480,YT824480,YATO,YT-824480,Czesci_zamienne_YT-824480.pdf,,Rysunki wybuchowe,14JmAqKukoe6L4Ru9gKI793_xXEsm_sNc,https://drive.google.com/file/d/14JmAqKukoe6L4Ru9gKI793_xXEsm_sNc/preview,https://drive.google.com/file/d/14JmAqKukoe6L4Ru9gKI793_xXEsm_sNc/view?usp=drivesdk,NIE,0,0,NIE,OCR / konwersja skanu
drive-1bBWaXPoWFnES1wZ2GKAtuPAq2rWGZc8_-YT-824482,YT-824482,YT824482,YATO,YT-824482,Czesci_zamienne_YT-824482.pdf,,Rysunki wybuchowe,1bBWaXPoWFnES1wZ2GKAtuPAq2rWGZc8_,https://drive.google.com/file/d/1bBWaXPoWFnES1wZ2GKAtuPAq2rWGZc8_/preview,https://drive.google.com/file/d/1bBWaXPoWFnES1wZ2GKAtuPAq2rWGZc8_/view?usp=drivesdk,NIE,0,0,NIE,OCR / konwersja skanu
drive-1LR1Ta6cOlTwomNU6jTJQV6x3wmHaBF-A-YT-824485,YT-824485,YT824485,YATO,YT-824485,Czesci_zamienne_YT-824485.pdf,,Rysunki wybuchowe,1LR1Ta6cOlTwomNU6jTJQV6x3wmHaBF-A,https://drive.google.com/file/d/1LR1Ta6cOlTwomNU6jTJQV6x3wmHaBF-A/preview,https://drive.google.com/file/d/1LR1Ta6cOlTwomNU6jTJQV6x3wmHaBF-A/view?usp=drivesdk,NIE,0,0,NIE,OCR / konwersja skanu
drive-1JggNuuvhbPYTkjSgD29QycWEmzS4KyME-YT-8245,YT-8245,YT8245,YATO,YT-8245,Czesci_zamienne_YT-8245.pdf,,Rysunki wybuchowe,1JggNuuvhbPYTkjSgD29QycWEmzS4KyME,https://drive.google.com/file/d/1JggNuuvhbPYTkjSgD29QycWEmzS4KyME/preview,https://drive.google.com/file/d/1JggNuuvhbPYTkjSgD29QycWEmzS4KyME/view?usp=drivesdk,NIE,0,0,NIE,OCR / konwersja skanu
drive-1aGSIH1Lk-36MlLbstUDBCc_S6QrJwzlg-YT-82455,YT-82455,YT82455,YATO,YT-82455,Czesci_zamienne_YT-82455.pdf,,Rysunki wybuchowe,1aGSIH1Lk-36MlLbstUDBCc_S6QrJwzlg,https://drive.google.com/file/d/1aGSIH1Lk-36MlLbstUDBCc_S6QrJwzlg/preview,https://drive.google.com/file/d/1aGSIH1Lk-36MlLbstUDBCc_S6QrJwzlg/view?usp=drivesdk,NIE,0,0,NIE,OCR / konwersja skanu
drive-1BNQLMULvrm48ZIG-DySvHU50YbHDESZh-YT-82456,YT-82456,YT82456,YATO,YT-82456,Czesci_zamienne_YT-82456.pdf,,Rysunki wybuchowe,1BNQLMULvrm48ZIG-DySvHU50YbHDESZh,https://drive.google.com/file/d/1BNQLMULvrm48ZIG-DySvHU50YbHDESZh/preview,https://drive.google.com/file/d/1BNQLMULvrm48ZIG-DySvHU50YbHDESZh/view?usp=drivesdk,NIE,0,0,NIE,OCR / konwersja skanu
drive-1WyD6wsigJpzouq7uHBTPHHLMvplblZDm-YT-82457,YT-82457,YT82457,YATO,YT-82457,Czesci_zamienne_YT-82457.pdf,,Rysunki wybuchowe,1WyD6wsigJpzouq7uHBTPHHLMvplblZDm,https://drive.google.com/file/d/1WyD6wsigJpzouq7uHBTPHHLMvplblZDm/preview,https://drive.google.com/file/d/1WyD6wsigJpzouq7uHBTPHHLMvplblZDm/view?usp=drivesdk,NIE,0,0,NIE,OCR / konwersja skanu
drive-1NCt7kP7pG8FoBSAyaAK_DU2iZK1Sqcbu-YT-82458,YT-82458,YT82458,YATO,YT-82458,Czesci_zamienne_YT-82458.pdf,,Rysunki wybuchowe,1NCt7kP7pG8FoBSAyaAK_DU2iZK1Sqcbu,https://drive.google.com/file/d/1NCt7kP7pG8FoBSAyaAK_DU2iZK1Sqcbu/preview,https://drive.google.com/file/d/1NCt7kP7pG8FoBSAyaAK_DU2iZK1Sqcbu/view?usp=drivesdk,NIE,0,0,NIE,OCR / konwersja skanu
drive-11Ni0WjI_0RXmLjVw_H3Sh1P9IKzD-st7-YT-82459,YT-82459,YT82459,YATO,YT-82459,Czesci_zamienne_YT-82459.pdf,,Rysunki wybuchowe,11Ni0WjI_0RXmLjVw_H3Sh1P9IKzD-st7,https://drive.google.com/file/d/11Ni0WjI_0RXmLjVw_H3Sh1P9IKzD-st7/preview,https://drive.google.com/file/d/11Ni0WjI_0RXmLjVw_H3Sh1P9IKzD-st7/view?usp=drivesdk,NIE,0,0,NIE,OCR / konwersja skanu
drive-1R6rQemuDtR8tf-hX0vugvQF3hsSkwLXd-YT-82461,YT-82461,YT82461,YATO,YT-82461,Czesci_zamienne_YT-82461.pdf,,Rysunki wybuchowe,1R6rQemuDtR8tf-hX0vugvQF3hsSkwLXd,https://drive.google.com/file/d/1R6rQemuDtR8tf-hX0vugvQF3hsSkwLXd/preview,https://drive.google.com/file/d/1R6rQemuDtR8tf-hX0vugvQF3hsSkwLXd/view?usp=drivesdk,NIE,0,0,NIE,OCR / konwersja skanu
drive-1DQBo34kBmy3i18rErPsUA76TYv4zAp7f-YT-82462,YT-82462,YT82462,YATO,YT-82462,Czesci_zamienne_YT-82462.pdf,,Rysunki wybuchowe,1DQBo34kBmy3i18rErPsUA76TYv4zAp7f,https://drive.google.com/file/d/1DQBo34kBmy3i18rErPsUA76TYv4zAp7f/preview,https://drive.google.com/file/d/1DQBo34kBmy3i18rErPsUA76TYv4zAp7f/view?usp=drivesdk,NIE,0,0,NIE,OCR / konwersja skanu
drive-1UbeXOVGkIi-RC_LEZK3D8RbKnoQQxePj-YT-82550,YT-82550,YT82550,YATO,YT-82550,Czesci_zamienne_YT-82550.pdf,,Rysunki wybuchowe,1UbeXOVGkIi-RC_LEZK3D8RbKnoQQxePj,https://drive.google.com/file/d/1UbeXOVGkIi-RC_LEZK3D8RbKnoQQxePj/preview,https://drive.google.com/file/d/1UbeXOVGkIi-RC_LEZK3D8RbKnoQQxePj/view?usp=drivesdk,NIE,0,0,NIE,OCR / konwersja skanu
drive-1qq4HdFemgKQ5-wLQDT89K7G0MFZQh34R-YT-82553,YT-82553,YT82553,YATO,YT-82553,Czesci_zamienne_YT-82553.pdf,,Rysunki wybuchowe,1qq4HdFemgKQ5-wLQDT89K7G0MFZQh34R,https://drive.google.com/file/d/1qq4HdFemgKQ5-wLQDT89K7G0MFZQh34R/preview,https://drive.google.com/file/d/1qq4HdFemgKQ5-wLQDT89K7G0MFZQh34R/view?usp=drivesdk,NIE,0,0,NIE,OCR / konwersja skanu
drive-1asooiVMoym68aGslvcUTdpJhATGjp_zV-YT-82560,YT-82560,YT82560,YATO,YT-82560,Czesci_zamienne_YT-82560.pdf,,Rysunki wybuchowe,1asooiVMoym68aGslvcUTdpJhATGjp_zV,https://drive.google.com/file/d/1asooiVMoym68aGslvcUTdpJhATGjp_zV/preview,https://drive.google.com/file/d/1asooiVMoym68aGslvcUTdpJhATGjp_zV/view?usp=drivesdk,NIE,0,0,NIE,OCR / konwersja skanu
drive-1AxU-tKugeTH9Qxp0i6_EBdh6WiAgc-WN-YT-82600,YT-82600,YT82600,YATO,YT-82600,Czesci_zamienne_YT-82600.pdf,,Rysunki wybuchowe,1AxU-tKugeTH9Qxp0i6_EBdh6WiAgc-WN,https://drive.google.com/file/d/1AxU-tKugeTH9Qxp0i6_EBdh6WiAgc-WN/preview,https://drive.google.com/file/d/1AxU-tKugeTH9Qxp0i6_EBdh6WiAgc-WN/view?usp=drivesdk,NIE,0,0,NIE,OCR / konwersja skanu
drive-1kXe-P_AvJycmVryOOROXcuN9gUweezpN-YT-82601,YT-82601,YT82601,YATO,YT-82601,Czesci_zamienne_YT-82601.pdf,,Rysunki wybuchowe,1kXe-P_AvJycmVryOOROXcuN9gUweezpN,https://drive.google.com/file/d/1kXe-P_AvJycmVryOOROXcuN9gUweezpN/preview,https://drive.google.com/file/d/1kXe-P_AvJycmVryOOROXcuN9gUweezpN/view?usp=drivesdk,NIE,0,0,NIE,OCR / konwersja skanu
drive-1RWXr0H-i9kJ7LjoZ_TwlxH6Ssh0S_nXa-YT-82604,YT-82604,YT82604,YATO,YT-82604,Czesci_zamienne_YT-82604.pdf,,Rysunki wybuchowe,1RWXr0H-i9kJ7LjoZ_TwlxH6Ssh0S_nXa,https://drive.google.com/file/d/1RWXr0H-i9kJ7LjoZ_TwlxH6Ssh0S_nXa/preview,https://drive.google.com/file/d/1RWXr0H-i9kJ7LjoZ_TwlxH6Ssh0S_nXa/view?usp=drivesdk,NIE,0,0,NIE,OCR / konwersja skanu
drive-1Sh-1UrBnRVyFnhkNwy8VFXWtpBUtUPLa-YT-82605,YT-82605,YT82605,YATO,YT-82605,Czesci_zamienne_YT-82605.pdf,,Rysunki wybuchowe,1Sh-1UrBnRVyFnhkNwy8VFXWtpBUtUPLa,https://drive.google.com/file/d/1Sh-1UrBnRVyFnhkNwy8VFXWtpBUtUPLa/preview,https://drive.google.com/file/d/1Sh-1UrBnRVyFnhkNwy8VFXWtpBUtUPLa/view?usp=drivesdk,NIE,0,0,NIE,OCR / konwersja skanu
drive-1D2k5SkuJ4vIt3UEBOhiXezc9-1iggsvU-YT-82606,YT-82606,YT82606,YATO,YT-82606,Czesci_zamienne_YT-82606.pdf,,Rysunki wybuchowe,1D2k5SkuJ4vIt3UEBOhiXezc9-1iggsvU,https://drive.google.com/file/d/1D2k5SkuJ4vIt3UEBOhiXezc9-1iggsvU/preview,https://drive.google.com/file/d/1D2k5SkuJ4vIt3UEBOhiXezc9-1iggsvU/view?usp=drivesdk,NIE,0,0,NIE,OCR / konwersja skanu
drive-14JmXkN_lATvyBcYKA2RSPNnYRguD9cXx-YT-82607,YT-82607,YT82607,YATO,YT-82607,Czesci_zamienne_YT-82607.pdf,,Rysunki wybuchowe,14JmXkN_lATvyBcYKA2RSPNnYRguD9cXx,https://drive.google.com/file/d/14JmXkN_lATvyBcYKA2RSPNnYRguD9cXx/preview,https://drive.google.com/file/d/14JmXkN_lATvyBcYKA2RSPNnYRguD9cXx/view?usp=drivesdk,NIE,0,0,NIE,OCR / konwersja skanu
drive-1c15hjEeT7t-0W9G1lVQu0qQJ9JCcB-59-YT-82608,YT-82608,YT82608,YATO,YT-82608,Czesci_zamienne_YT-82608.pdf,,Rysunki wybuchowe,1c15hjEeT7t-0W9G1lVQu0qQJ9JCcB-59,https://drive.google.com/file/d/1c15hjEeT7t-0W9G1lVQu0qQJ9JCcB-59/preview,https://drive.google.com/file/d/1c15hjEeT7t-0W9G1lVQu0qQJ9JCcB-59/view?usp=drivesdk,NIE,0,0,NIE,OCR / konwersja skanu
drive-1mBGAD3A6IAzuBjIqTL9MSGRD5O4rfl_D-YT-82609,YT-82609,YT82609,YATO,YT-82609,Czesci_zamienne_YT-82609.pdf,,Rysunki wybuchowe,1mBGAD3A6IAzuBjIqTL9MSGRD5O4rfl_D,https://drive.google.com/file/d/1mBGAD3A6IAzuBjIqTL9MSGRD5O4rfl_D/preview,https://drive.google.com/file/d/1mBGAD3A6IAzuBjIqTL9MSGRD5O4rfl_D/view?usp=drivesdk,NIE,0,0,NIE,OCR / konwersja skanu
drive-1F9NIcQxPmDR6VyoJ41MicRYNk9oqqir8-YT-8271,YT-8271,YT8271,YATO,YT-8271,Czesci_zamienne_YT-8271.pdf,,Rysunki wybuchowe,1F9NIcQxPmDR6VyoJ41MicRYNk9oqqir8,https://drive.google.com/file/d/1F9NIcQxPmDR6VyoJ41MicRYNk9oqqir8/preview,https://drive.google.com/file/d/1F9NIcQxPmDR6VyoJ41MicRYNk9oqqir8/view?usp=drivesdk,NIE,0,0,NIE,OCR / konwersja skanu
drive-1G64ebSOfXulAQkhb4E6AynhGR5hyDeZm-YT-8272,YT-8272,YT8272,YATO,YT-8272,Czesci_zamienne_YT-8272.pdf,,Rysunki wybuchowe,1G64ebSOfXulAQkhb4E6AynhGR5hyDeZm,https://drive.google.com/file/d/1G64ebSOfXulAQkhb4E6AynhGR5hyDeZm/preview,https://drive.google.com/file/d/1G64ebSOfXulAQkhb4E6AynhGR5hyDeZm/view?usp=drivesdk,NIE,0,0,NIE,OCR / konwersja skanu
drive-1KMDxaAnDs7Lqn1Sdf1WFbHN2S-y8tABJ-YT-8273,YT-8273,YT8273,YATO,YT-8273,Czesci_zamienne_YT-8273.pdf,,Rysunki wybuchowe,1KMDxaAnDs7Lqn1Sdf1WFbHN2S-y8tABJ,https://drive.google.com/file/d/1KMDxaAnDs7Lqn1Sdf1WFbHN2S-y8tABJ/preview,https://drive.google.com/file/d/1KMDxaAnDs7Lqn1Sdf1WFbHN2S-y8tABJ/view?usp=drivesdk,NIE,0,0,NIE,OCR / konwersja skanu
drive-17s9QQkYVa44zuY8JIJfnimecRvLUNIK0-YT-827533,YT-827533,YT827533,YATO,YT-827533,Czesci_zamienne_YT-827533.pdf,,Rysunki wybuchowe,17s9QQkYVa44zuY8JIJfnimecRvLUNIK0,https://drive.google.com/file/d/17s9QQkYVa44zuY8JIJfnimecRvLUNIK0/preview,https://drive.google.com/file/d/17s9QQkYVa44zuY8JIJfnimecRvLUNIK0/view?usp=drivesdk,NIE,0,0,NIE,OCR / konwersja skanu
drive-1teSYk6iBJZEt5Z4iflDx619lZQyzGD42-YT-82760,YT-82760,YT82760,YATO,YT-82760,Czesci_zamienne_YT-82760.pdf,,Rysunki wybuchowe,1teSYk6iBJZEt5Z4iflDx619lZQyzGD42,https://drive.google.com/file/d/1teSYk6iBJZEt5Z4iflDx619lZQyzGD42/preview,https://drive.google.com/file/d/1teSYk6iBJZEt5Z4iflDx619lZQyzGD42/view?usp=drivesdk,NIE,0,0,NIE,OCR / konwersja skanu
drive-1WHbN_fv1lF1Qm1GEbG0ij3T26MSay-Lb-YT-82763,YT-82763,YT82763,YATO,YT-82763,Czesci_zamienne_YT-82763.pdf,,Rysunki wybuchowe,1WHbN_fv1lF1Qm1GEbG0ij3T26MSay-Lb,https://drive.google.com/file/d/1WHbN_fv1lF1Qm1GEbG0ij3T26MSay-Lb/preview,https://drive.google.com/file/d/1WHbN_fv1lF1Qm1GEbG0ij3T26MSay-Lb/view?usp=drivesdk,NIE,0,0,NIE,OCR / konwersja skanu
drive-16LbkIEgrwwn6ek_wADWxYrDid0pRpcbH-YT-82765,YT-82765,YT82765,YATO,YT-82765,Czesci_zamienne_YT-82765.pdf,,Rysunki wybuchowe,16LbkIEgrwwn6ek_wADWxYrDid0pRpcbH,https://drive.google.com/file/d/16LbkIEgrwwn6ek_wADWxYrDid0pRpcbH/preview,https://drive.google.com/file/d/16LbkIEgrwwn6ek_wADWxYrDid0pRpcbH/view?usp=drivesdk,NIE,0,0,NIE,OCR / konwersja skanu
drive-11J61dLNQUJVuBEkI8krPK-NPo93vRmIp-YT-82767,YT-82767,YT82767,YATO,YT-82767,Czesci_zamienne_YT-82767.pdf,,Rysunki wybuchowe,11J61dLNQUJVuBEkI8krPK-NPo93vRmIp,https://drive.google.com/file/d/11J61dLNQUJVuBEkI8krPK-NPo93vRmIp/preview,https://drive.google.com/file/d/11J61dLNQUJVuBEkI8krPK-NPo93vRmIp/view?usp=drivesdk,NIE,0,0,NIE,OCR / konwersja skanu
drive-1onRGSADiwM4o7s8HE5DsuaUSG7bhTVab-YT-82770,YT-82770,YT82770,YATO,YT-82770,Czesci_zamienne_YT-82770.pdf,,Rysunki wybuchowe,1onRGSADiwM4o7s8HE5DsuaUSG7bhTVab,https://drive.google.com/file/d/1onRGSADiwM4o7s8HE5DsuaUSG7bhTVab/preview,https://drive.google.com/file/d/1onRGSADiwM4o7s8HE5DsuaUSG7bhTVab/view?usp=drivesdk,NIE,0,0,NIE,OCR / konwersja skanu
drive-1P67XFuci8Sqt5SoH5MKt80r0rj7dM1wB-YT-82772,YT-82772,YT82772,YATO,YT-82772,Czesci_zamienne_YT-82772.pdf,,Rysunki wybuchowe,1P67XFuci8Sqt5SoH5MKt80r0rj7dM1wB,https://drive.google.com/file/d/1P67XFuci8Sqt5SoH5MKt80r0rj7dM1wB/preview,https://drive.google.com/file/d/1P67XFuci8Sqt5SoH5MKt80r0rj7dM1wB/view?usp=drivesdk,NIE,0,0,NIE,OCR / konwersja skanu
drive-1iBWqA1oSPCEFYIKJemHNRWzZIRobMqAm-YT-827721,YT-827721,YT827721,YATO,YT-827721,Czesci_zamienne_YT-827721.pdf,,Rysunki wybuchowe,1iBWqA1oSPCEFYIKJemHNRWzZIRobMqAm,https://drive.google.com/file/d/1iBWqA1oSPCEFYIKJemHNRWzZIRobMqAm/preview,https://drive.google.com/file/d/1iBWqA1oSPCEFYIKJemHNRWzZIRobMqAm/view?usp=drivesdk,NIE,0,0,NIE,OCR / konwersja skanu
drive-10COoep5_WXbz2P3pMv1CzIct09aiypwc-YT-827722,YT-827722,YT827722,YATO,YT-827722,Czesci_zamienne_YT-827722.pdf,,Rysunki wybuchowe,10COoep5_WXbz2P3pMv1CzIct09aiypwc,https://drive.google.com/file/d/10COoep5_WXbz2P3pMv1CzIct09aiypwc/preview,https://drive.google.com/file/d/10COoep5_WXbz2P3pMv1CzIct09aiypwc/view?usp=drivesdk,NIE,0,0,NIE,OCR / konwersja skanu
drive-1lvts_fclxKHgsgNYYeweDdE8tccpaSWK-YT-827723,YT-827723,YT827723,YATO,YT-827723,Czesci_zamienne_YT-827723.pdf,,Rysunki wybuchowe,1lvts_fclxKHgsgNYYeweDdE8tccpaSWK,https://drive.google.com/file/d/1lvts_fclxKHgsgNYYeweDdE8tccpaSWK/preview,https://drive.google.com/file/d/1lvts_fclxKHgsgNYYeweDdE8tccpaSWK/view?usp=drivesdk,NIE,0,0,NIE,OCR / konwersja skanu
drive-11dYjd_1vL2TXQ4iiD3n9vb5vFhrumsn3-YT-827788,YT-827788,YT827788,YATO,YT-827788,Czesci_zamienne_YT-827788.pdf,,Rysunki wybuchowe,11dYjd_1vL2TXQ4iiD3n9vb5vFhrumsn3,https://drive.google.com/file/d/11dYjd_1vL2TXQ4iiD3n9vb5vFhrumsn3/preview,https://drive.google.com/file/d/11dYjd_1vL2TXQ4iiD3n9vb5vFhrumsn3/view?usp=drivesdk,NIE,0,0,NIE,OCR / konwersja skanu
drive-1VO5rC8-hqBsCNOs_mNZs91YRrhMcRuN0-YT-827790,YT-827790,YT827790,YATO,YT-827790,Czesci_zamienne_YT-827790.pdf,,Rysunki wybuchowe,1VO5rC8-hqBsCNOs_mNZs91YRrhMcRuN0,https://drive.google.com/file/d/1VO5rC8-hqBsCNOs_mNZs91YRrhMcRuN0/preview,https://drive.google.com/file/d/1VO5rC8-hqBsCNOs_mNZs91YRrhMcRuN0/view?usp=drivesdk,NIE,0,0,NIE,OCR / konwersja skanu
drive-1GHHmBftW1jSgxZF6OVydFL3R0yS5YpRg-YT-8277905,YT-8277905,YT8277905,YATO,YT-8277905,Czesci_zamienne_YT-8277905.pdf,,Rysunki wybuchowe,1GHHmBftW1jSgxZF6OVydFL3R0yS5YpRg,https://drive.google.com/file/d/1GHHmBftW1jSgxZF6OVydFL3R0yS5YpRg/preview,https://drive.google.com/file/d/1GHHmBftW1jSgxZF6OVydFL3R0yS5YpRg/view?usp=drivesdk,NIE,0,0,NIE,OCR / konwersja skanu
drive-1hQHw-XdMFvYDG3LrHFYYD9kk1jEFI7iK-YT-827791,YT-827791,YT827791,YATO,YT-827791,Czesci_zamienne_YT-827791.pdf,,Rysunki wybuchowe,1hQHw-XdMFvYDG3LrHFYYD9kk1jEFI7iK,https://drive.google.com/file/d/1hQHw-XdMFvYDG3LrHFYYD9kk1jEFI7iK/preview,https://drive.google.com/file/d/1hQHw-XdMFvYDG3LrHFYYD9kk1jEFI7iK/view?usp=drivesdk,NIE,0,0,NIE,OCR / konwersja skanu
drive-1sfYXPkWRa0bmXGfgydtgANIH2y6iippL-YT-8277915,YT-8277915,YT8277915,YATO,YT-8277915,Czesci_zamienne_YT-8277915.pdf,,Rysunki wybuchowe,1sfYXPkWRa0bmXGfgydtgANIH2y6iippL,https://drive.google.com/file/d/1sfYXPkWRa0bmXGfgydtgANIH2y6iippL/preview,https://drive.google.com/file/d/1sfYXPkWRa0bmXGfgydtgANIH2y6iippL/view?usp=drivesdk,NIE,0,0,NIE,OCR / konwersja skanu
drive-1Gnoo9ohcE7nflrAEtDcjBL2WJ32w_wtE-YT-827792,YT-827792,YT827792,YATO,YT-827792,Czesci_zamienne_YT-827792.pdf,,Rysunki wybuchowe,1Gnoo9ohcE7nflrAEtDcjBL2WJ32w_wtE,https://drive.google.com/file/d/1Gnoo9ohcE7nflrAEtDcjBL2WJ32w_wtE/preview,https://drive.google.com/file/d/1Gnoo9ohcE7nflrAEtDcjBL2WJ32w_wtE/view?usp=drivesdk,NIE,0,0,NIE,OCR / konwersja skanu
drive-16a5g-3G0xzpY6c0yJ7RbweT7zImQT7BF-YT-827793,YT-827793,YT827793,YATO,YT-827793,Czesci_zamienne_YT-827793.pdf,,Rysunki wybuchowe,16a5g-3G0xzpY6c0yJ7RbweT7zImQT7BF,https://drive.google.com/file/d/16a5g-3G0xzpY6c0yJ7RbweT7zImQT7BF/preview,https://drive.google.com/file/d/16a5g-3G0xzpY6c0yJ7RbweT7zImQT7BF/view?usp=drivesdk,NIE,0,0,NIE,OCR / konwersja skanu
drive-1AEoY9ge5DH5Fdc5AeUbxiVpUqia8bRRN-YT-8277935,YT-8277935,YT8277935,YATO,YT-8277935,Czesci_zamienne_YT-8277935.pdf,,Rysunki wybuchowe,1AEoY9ge5DH5Fdc5AeUbxiVpUqia8bRRN,https://drive.google.com/file/d/1AEoY9ge5DH5Fdc5AeUbxiVpUqia8bRRN/preview,https://drive.google.com/file/d/1AEoY9ge5DH5Fdc5AeUbxiVpUqia8bRRN/view?usp=drivesdk,NIE,0,0,NIE,OCR / konwersja skanu
drive-1AaQYj9fdlaeCbvPU6HtTgxUVoK9_XCeW-YT-82780,YT-82780,YT82780,YATO,YT-82780,Czesci_zamienne_YT-82780.pdf,,Rysunki wybuchowe,1AaQYj9fdlaeCbvPU6HtTgxUVoK9_XCeW,https://drive.google.com/file/d/1AaQYj9fdlaeCbvPU6HtTgxUVoK9_XCeW/preview,https://drive.google.com/file/d/1AaQYj9fdlaeCbvPU6HtTgxUVoK9_XCeW/view?usp=drivesdk,NIE,0,0,NIE,OCR / konwersja skanu
drive-1rsLi9Ldxf-3khp6frg4lOkIkprUJINF--YT-82781,YT-82781,YT82781,YATO,YT-82781,Czesci_zamienne_YT-82781.pdf,,Rysunki wybuchowe,1rsLi9Ldxf-3khp6frg4lOkIkprUJINF-,https://drive.google.com/file/d/1rsLi9Ldxf-3khp6frg4lOkIkprUJINF-/preview,https://drive.google.com/file/d/1rsLi9Ldxf-3khp6frg4lOkIkprUJINF-/view?usp=drivesdk,NIE,0,0,NIE,OCR / konwersja skanu
drive-1SqgCGrlbXwi07yVE8TsSlE5o46cWzxw1-YT-82782,YT-82782,YT82782,YATO,YT-82782,Czesci_zamienne_YT-82782.pdf,,Rysunki wybuchowe,1SqgCGrlbXwi07yVE8TsSlE5o46cWzxw1,https://drive.google.com/file/d/1SqgCGrlbXwi07yVE8TsSlE5o46cWzxw1/preview,https://drive.google.com/file/d/1SqgCGrlbXwi07yVE8TsSlE5o46cWzxw1/view?usp=drivesdk,NIE,0,0,NIE,OCR / konwersja skanu
drive-1pRNfaSDxu2739QBywpRQwtenHUbSuzRj-YT-827820,YT-827820,YT827820,YATO,YT-827820,Czesci_zamienne_YT-827820.pdf,,Rysunki wybuchowe,1pRNfaSDxu2739QBywpRQwtenHUbSuzRj,https://drive.google.com/file/d/1pRNfaSDxu2739QBywpRQwtenHUbSuzRj/preview,https://drive.google.com/file/d/1pRNfaSDxu2739QBywpRQwtenHUbSuzRj/view?usp=drivesdk,NIE,0,0,NIE,OCR / konwersja skanu
drive-1IqCR6lVdiA2FpR01AR74Q0UQaOZv5O8i-YT-827821,YT-827821,YT827821,YATO,YT-827821,Czesci_zamienne_YT-827821.pdf,,Rysunki wybuchowe,1IqCR6lVdiA2FpR01AR74Q0UQaOZv5O8i,https://drive.google.com/file/d/1IqCR6lVdiA2FpR01AR74Q0UQaOZv5O8i/preview,https://drive.google.com/file/d/1IqCR6lVdiA2FpR01AR74Q0UQaOZv5O8i/view?usp=drivesdk,NIE,0,0,NIE,OCR / konwersja skanu
drive-1UPFiHlVWBCLRCSeHg5r9eirKJuvedMby-YT-827822,YT-827822,YT827822,YATO,YT-827822,Czesci_zamienne_YT-827822.pdf,,Rysunki wybuchowe,1UPFiHlVWBCLRCSeHg5r9eirKJuvedMby,https://drive.google.com/file/d/1UPFiHlVWBCLRCSeHg5r9eirKJuvedMby/preview,https://drive.google.com/file/d/1UPFiHlVWBCLRCSeHg5r9eirKJuvedMby/view?usp=drivesdk,NIE,0,0,NIE,OCR / konwersja skanu
drive-1n2J4tmggUnIG_SEf5x8NmwHGRd5xmwLo-YT-82783,YT-82783,YT82783,YATO,YT-82783,Czesci_zamienne_YT-82783.pdf,,Rysunki wybuchowe,1n2J4tmggUnIG_SEf5x8NmwHGRd5xmwLo,https://drive.google.com/file/d/1n2J4tmggUnIG_SEf5x8NmwHGRd5xmwLo/preview,https://drive.google.com/file/d/1n2J4tmggUnIG_SEf5x8NmwHGRd5xmwLo/view?usp=drivesdk,NIE,0,0,NIE,OCR / konwersja skanu
drive-1LB5vHo87yb7o-_V2gX3rdBli9hsvayj7-YT-82784,YT-82784,YT82784,YATO,YT-82784,Czesci_zamienne_YT-82784.pdf,,Rysunki wybuchowe,1LB5vHo87yb7o-_V2gX3rdBli9hsvayj7,https://drive.google.com/file/d/1LB5vHo87yb7o-_V2gX3rdBli9hsvayj7/preview,https://drive.google.com/file/d/1LB5vHo87yb7o-_V2gX3rdBli9hsvayj7/view?usp=drivesdk,NIE,0,0,NIE,OCR / konwersja skanu
drive-1Ir3f1gtIwz8fSlNLdgszBbrBTaMgXQ5F-YT-82786,YT-82786,YT82786,YATO,YT-82786,Czesci_zamienne_YT-82786.pdf,,Rysunki wybuchowe,1Ir3f1gtIwz8fSlNLdgszBbrBTaMgXQ5F,https://drive.google.com/file/d/1Ir3f1gtIwz8fSlNLdgszBbrBTaMgXQ5F/preview,https://drive.google.com/file/d/1Ir3f1gtIwz8fSlNLdgszBbrBTaMgXQ5F/view?usp=drivesdk,NIE,0,0,NIE,OCR / konwersja skanu
drive-1_0f6frmS95PonEMk2oqW-fjIiTBBYIqN-YT-82787,YT-82787,YT82787,YATO,YT-82787,Czesci_zamienne_YT-82787.pdf,,Rysunki wybuchowe,1_0f6frmS95PonEMk2oqW-fjIiTBBYIqN,https://drive.google.com/file/d/1_0f6frmS95PonEMk2oqW-fjIiTBBYIqN/preview,https://drive.google.com/file/d/1_0f6frmS95PonEMk2oqW-fjIiTBBYIqN/view?usp=drivesdk,NIE,0,0,NIE,OCR / konwersja skanu
drive-1Z6sp_eLycD0eRBqMLLj3vmYjAsJENKgP-YT-82788,YT-82788,YT82788,YATO,YT-82788,Czesci_zamienne_YT-82788.pdf,,Rysunki wybuchowe,1Z6sp_eLycD0eRBqMLLj3vmYjAsJENKgP,https://drive.google.com/file/d/1Z6sp_eLycD0eRBqMLLj3vmYjAsJENKgP/preview,https://drive.google.com/file/d/1Z6sp_eLycD0eRBqMLLj3vmYjAsJENKgP/view?usp=drivesdk,NIE,0,0,NIE,OCR / konwersja skanu
drive-1j8DZXvwMqWXzc8ZqI0PIN1bu1o93wz3q-YT-82789,YT-82789,YT82789,YATO,YT-82789,Czesci_zamienne_YT-82789.pdf,,Rysunki wybuchowe,1j8DZXvwMqWXzc8ZqI0PIN1bu1o93wz3q,https://drive.google.com/file/d/1j8DZXvwMqWXzc8ZqI0PIN1bu1o93wz3q/preview,https://drive.google.com/file/d/1j8DZXvwMqWXzc8ZqI0PIN1bu1o93wz3q/view?usp=drivesdk,NIE,0,0,NIE,OCR / konwersja skanu
drive-1Ot8Phcy_9uwSGH97qBKFtXkmQGjy8VR8-YT-82794,YT-82794,YT82794,YATO,YT-82794,Czesci_zamienne_YT-82794.pdf,,Rysunki wybuchowe,1Ot8Phcy_9uwSGH97qBKFtXkmQGjy8VR8,https://drive.google.com/file/d/1Ot8Phcy_9uwSGH97qBKFtXkmQGjy8VR8/preview,https://drive.google.com/file/d/1Ot8Phcy_9uwSGH97qBKFtXkmQGjy8VR8/view?usp=drivesdk,NIE,0,0,NIE,OCR / konwersja skanu
drive-15IQzi4SkxT9lrSUQP0T29rjpj8Wb-xzi-YT-82795,YT-82795,YT82795,YATO,YT-82795,Czesci_zamienne_YT-82795.pdf,,Rysunki wybuchowe,15IQzi4SkxT9lrSUQP0T29rjpj8Wb-xzi,https://drive.google.com/file/d/15IQzi4SkxT9lrSUQP0T29rjpj8Wb-xzi/preview,https://drive.google.com/file/d/15IQzi4SkxT9lrSUQP0T29rjpj8Wb-xzi/view?usp=drivesdk,NIE,0,0,NIE,OCR / konwersja skanu
drive-1IG-5DIJiW39IAClm8peVvJxNR0aQSSZV-YT-82796,YT-82796,YT82796,YATO,YT-82796,Czesci_zamienne_YT-82796.pdf,,Rysunki wybuchowe,1IG-5DIJiW39IAClm8peVvJxNR0aQSSZV,https://drive.google.com/file/d/1IG-5DIJiW39IAClm8peVvJxNR0aQSSZV/preview,https://drive.google.com/file/d/1IG-5DIJiW39IAClm8peVvJxNR0aQSSZV/view?usp=drivesdk,NIE,0,0,NIE,OCR / konwersja skanu
drive-1Xy1vTjsBVufsznP13kb38YZsQ95JjZLg-YT-82797,YT-82797,YT82797,YATO,YT-82797,Czesci_zamienne_YT-82797.pdf,,Rysunki wybuchowe,1Xy1vTjsBVufsznP13kb38YZsQ95JjZLg,https://drive.google.com/file/d/1Xy1vTjsBVufsznP13kb38YZsQ95JjZLg/preview,https://drive.google.com/file/d/1Xy1vTjsBVufsznP13kb38YZsQ95JjZLg/view?usp=drivesdk,NIE,0,0,NIE,OCR / konwersja skanu
drive-1rzqrbA8GJuGsFXYfFxfXsIttAwC1J9uW-YT-82798,YT-82798,YT82798,YATO,YT-82798,Czesci_zamienne_YT-82798.pdf,,Rysunki wybuchowe,1rzqrbA8GJuGsFXYfFxfXsIttAwC1J9uW,https://drive.google.com/file/d/1rzqrbA8GJuGsFXYfFxfXsIttAwC1J9uW/preview,https://drive.google.com/file/d/1rzqrbA8GJuGsFXYfFxfXsIttAwC1J9uW/view?usp=drivesdk,NIE,0,0,NIE,OCR / konwersja skanu
drive-1E2ChE5LaeAOQePYm684AqwsXfOjCqIVk-YT-82799,YT-82799,YT82799,YATO,YT-82799,Czesci_zamienne_YT-82799.pdf,,Rysunki wybuchowe,1E2ChE5LaeAOQePYm684AqwsXfOjCqIVk,https://drive.google.com/file/d/1E2ChE5LaeAOQePYm684AqwsXfOjCqIVk/preview,https://drive.google.com/file/d/1E2ChE5LaeAOQePYm684AqwsXfOjCqIVk/view?usp=drivesdk,NIE,0,0,NIE,OCR / konwersja skanu
drive-1R4RvX6N4VdKH0ZfBfumINxaxzgg8a-QI-YT-82800,YT-82800,YT82800,YATO,YT-82800,Czesci_zamienne_YT-82800.pdf,,Rysunki wybuchowe,1R4RvX6N4VdKH0ZfBfumINxaxzgg8a-QI,https://drive.google.com/file/d/1R4RvX6N4VdKH0ZfBfumINxaxzgg8a-QI/preview,https://drive.google.com/file/d/1R4RvX6N4VdKH0ZfBfumINxaxzgg8a-QI/view?usp=drivesdk,NIE,0,0,NIE,OCR / konwersja skanu
drive-1i9RIkQmuQgjYrj0S-Swyw3keoRkGfsA2-YT-82801,YT-82801,YT82801,YATO,YT-82801,Czesci_zamienne_YT-82801.pdf,,Rysunki wybuchowe,1i9RIkQmuQgjYrj0S-Swyw3keoRkGfsA2,https://drive.google.com/file/d/1i9RIkQmuQgjYrj0S-Swyw3keoRkGfsA2/preview,https://drive.google.com/file/d/1i9RIkQmuQgjYrj0S-Swyw3keoRkGfsA2/view?usp=drivesdk,NIE,0,0,NIE,OCR / konwersja skanu
drive-13WAUxuTodc_65LTLO7T1Jy3mgypowF1P-YT-82802,YT-82802,YT82802,YATO,YT-82802,Czesci_zamienne_YT-82802.pdf,,Rysunki wybuchowe,13WAUxuTodc_65LTLO7T1Jy3mgypowF1P,https://drive.google.com/file/d/13WAUxuTodc_65LTLO7T1Jy3mgypowF1P/preview,https://drive.google.com/file/d/13WAUxuTodc_65LTLO7T1Jy3mgypowF1P/view?usp=drivesdk,NIE,0,0,NIE,OCR / konwersja skanu
drive-1WZAS0U_vNB0iO2LwV-ChitC0xjGaW2_i-YT-828030,YT-828030,YT828030,YATO,YT-828030,Czesci_zamienne_YT-828030.pdf,,Rysunki wybuchowe,1WZAS0U_vNB0iO2LwV-ChitC0xjGaW2_i,https://drive.google.com/file/d/1WZAS0U_vNB0iO2LwV-ChitC0xjGaW2_i/preview,https://drive.google.com/file/d/1WZAS0U_vNB0iO2LwV-ChitC0xjGaW2_i/view?usp=drivesdk,NIE,0,0,NIE,OCR / konwersja skanu
drive-1DGHZcfwFCBOGXIgkmRB-yjjXIBY01IBK-YT-828031,YT-828031,YT828031,YATO,YT-828031,Czesci_zamienne_YT-828031.pdf,,Rysunki wybuchowe,1DGHZcfwFCBOGXIgkmRB-yjjXIBY01IBK,https://drive.google.com/file/d/1DGHZcfwFCBOGXIgkmRB-yjjXIBY01IBK/preview,https://drive.google.com/file/d/1DGHZcfwFCBOGXIgkmRB-yjjXIBY01IBK/view?usp=drivesdk,NIE,0,0,NIE,OCR / konwersja skanu
drive-1OyXH_PUO1ciGNPkI0LaMYLMTmqtEXhOa-YT-828033,YT-828033,YT828033,YATO,YT-828033,Czesci_zamienne_YT-828033.pdf,,Rysunki wybuchowe,1OyXH_PUO1ciGNPkI0LaMYLMTmqtEXhOa,https://drive.google.com/file/d/1OyXH_PUO1ciGNPkI0LaMYLMTmqtEXhOa/preview,https://drive.google.com/file/d/1OyXH_PUO1ciGNPkI0LaMYLMTmqtEXhOa/view?usp=drivesdk,NIE,0,0,NIE,OCR / konwersja skanu
drive-1wsnom2o91CAcUSKvDuoTLvnKgiwKVTzW-YT-828035,YT-828035,YT828035,YATO,YT-828035,Czesci_zamienne_YT-828035.pdf,,Rysunki wybuchowe,1wsnom2o91CAcUSKvDuoTLvnKgiwKVTzW,https://drive.google.com/file/d/1wsnom2o91CAcUSKvDuoTLvnKgiwKVTzW/preview,https://drive.google.com/file/d/1wsnom2o91CAcUSKvDuoTLvnKgiwKVTzW/view?usp=drivesdk,NIE,0,0,NIE,OCR / konwersja skanu
drive-1JKHWJNQJ10ZU4SLqDI_OGowmbzN-OOWA-YT-82804,YT-82804,YT82804,YATO,YT-82804,Czesci_zamienne_YT-82804.pdf,,Rysunki wybuchowe,1JKHWJNQJ10ZU4SLqDI_OGowmbzN-OOWA,https://drive.google.com/file/d/1JKHWJNQJ10ZU4SLqDI_OGowmbzN-OOWA/preview,https://drive.google.com/file/d/1JKHWJNQJ10ZU4SLqDI_OGowmbzN-OOWA/view?usp=drivesdk,NIE,0,0,NIE,OCR / konwersja skanu
drive-1Rhlz3wRNyUJQLVJYd4zxJdsRSG5xEOJk-YT-82805,YT-82805,YT82805,YATO,YT-82805,Czesci_zamienne_YT-82805.pdf,,Rysunki wybuchowe,1Rhlz3wRNyUJQLVJYd4zxJdsRSG5xEOJk,https://drive.google.com/file/d/1Rhlz3wRNyUJQLVJYd4zxJdsRSG5xEOJk/preview,https://drive.google.com/file/d/1Rhlz3wRNyUJQLVJYd4zxJdsRSG5xEOJk/view?usp=drivesdk,NIE,0,0,NIE,OCR / konwersja skanu
drive-1Axwhy_phQDTg_koleDdMPFugFhZEXjr6-YT-82806,YT-82806,YT82806,YATO,YT-82806,Czesci_zamienne_YT-82806.pdf,,Rysunki wybuchowe,1Axwhy_phQDTg_koleDdMPFugFhZEXjr6,https://drive.google.com/file/d/1Axwhy_phQDTg_koleDdMPFugFhZEXjr6/preview,https://drive.google.com/file/d/1Axwhy_phQDTg_koleDdMPFugFhZEXjr6/view?usp=drivesdk,NIE,0,0,NIE,OCR / konwersja skanu
drive-1TA63i3xRyfDxGmHky9vXAj_C1rco8Prv-YT-828063,YT-828063,YT828063,YATO,YT-828063,Czesci_zamienne_YT-828063.pdf,,Rysunki wybuchowe,1TA63i3xRyfDxGmHky9vXAj_C1rco8Prv,https://drive.google.com/file/d/1TA63i3xRyfDxGmHky9vXAj_C1rco8Prv/preview,https://drive.google.com/file/d/1TA63i3xRyfDxGmHky9vXAj_C1rco8Prv/view?usp=drivesdk,NIE,0,0,NIE,OCR / konwersja skanu
drive-124R0n8t8kNndd1zoTi2XMTwD3uL_20w4-YT-828064,YT-828064,YT828064,YATO,YT-828064,Czesci_zamienne_YT-828064.pdf,,Rysunki wybuchowe,124R0n8t8kNndd1zoTi2XMTwD3uL_20w4,https://drive.google.com/file/d/124R0n8t8kNndd1zoTi2XMTwD3uL_20w4/preview,https://drive.google.com/file/d/124R0n8t8kNndd1zoTi2XMTwD3uL_20w4/view?usp=drivesdk,NIE,0,0,NIE,OCR / konwersja skanu
drive-1XwDmwN1p08iQbcEwr8lj5rWzsFeGR3lw-YT-828065,YT-828065,YT828065,YATO,YT-828065,Czesci_zamienne_YT-828065.pdf,,Rysunki wybuchowe,1XwDmwN1p08iQbcEwr8lj5rWzsFeGR3lw,https://drive.google.com/file/d/1XwDmwN1p08iQbcEwr8lj5rWzsFeGR3lw/preview,https://drive.google.com/file/d/1XwDmwN1p08iQbcEwr8lj5rWzsFeGR3lw/view?usp=drivesdk,NIE,0,0,NIE,OCR / konwersja skanu
drive-1JDZkybXOz07x6e_ABtGNAcCFJ6vp1S3V-YT-828066,YT-828066,YT828066,YATO,YT-828066,Czesci_zamienne_YT-828066.pdf,,Rysunki wybuchowe,1JDZkybXOz07x6e_ABtGNAcCFJ6vp1S3V,https://drive.google.com/file/d/1JDZkybXOz07x6e_ABtGNAcCFJ6vp1S3V/preview,https://drive.google.com/file/d/1JDZkybXOz07x6e_ABtGNAcCFJ6vp1S3V/view?usp=drivesdk,NIE,0,0,NIE,OCR / konwersja skanu
drive-1qeTiT8BT8jdaWAZzpaW8H5U-dMI3srTw-YT-828067,YT-828067,YT828067,YATO,YT-828067,Czesci_zamienne_YT-828067.pdf,,Rysunki wybuchowe,1qeTiT8BT8jdaWAZzpaW8H5U-dMI3srTw,https://drive.google.com/file/d/1qeTiT8BT8jdaWAZzpaW8H5U-dMI3srTw/preview,https://drive.google.com/file/d/1qeTiT8BT8jdaWAZzpaW8H5U-dMI3srTw/view?usp=drivesdk,NIE,0,0,NIE,OCR / konwersja skanu
drive-1SUWfQ_fsupP1B69O9FmI0EtCv3a4Ym8l-YT-828068,YT-828068,YT828068,YATO,YT-828068,Czesci_zamienne_YT-828068.pdf,,Rysunki wybuchowe,1SUWfQ_fsupP1B69O9FmI0EtCv3a4Ym8l,https://drive.google.com/file/d/1SUWfQ_fsupP1B69O9FmI0EtCv3a4Ym8l/preview,https://drive.google.com/file/d/1SUWfQ_fsupP1B69O9FmI0EtCv3a4Ym8l/view?usp=drivesdk,NIE,0,0,NIE,OCR / konwersja skanu
drive-14jkq5b6ZNM7nePDpRO4GXVyKziYvEOYQ-YT-828071,YT-828071,YT828071,YATO,YT-828071,Czesci_zamienne_YT-828071.pdf,,Rysunki wybuchowe,14jkq5b6ZNM7nePDpRO4GXVyKziYvEOYQ,https://drive.google.com/file/d/14jkq5b6ZNM7nePDpRO4GXVyKziYvEOYQ/preview,https://drive.google.com/file/d/14jkq5b6ZNM7nePDpRO4GXVyKziYvEOYQ/view?usp=drivesdk,NIE,0,0,NIE,OCR / konwersja skanu
drive-1zL4_2l2ghOqBnVl_SGlVyolL1Eqn0xTv-YT-828072,YT-828072,YT828072,YATO,YT-828072,Czesci_zamienne_YT-828072.pdf,,Rysunki wybuchowe,1zL4_2l2ghOqBnVl_SGlVyolL1Eqn0xTv,https://drive.google.com/file/d/1zL4_2l2ghOqBnVl_SGlVyolL1Eqn0xTv/preview,https://drive.google.com/file/d/1zL4_2l2ghOqBnVl_SGlVyolL1Eqn0xTv/view?usp=drivesdk,NIE,0,0,NIE,OCR / konwersja skanu
drive-1kno3-xI3bUmld7GQptBracx9wy9I1SsY-YT-828073,YT-828073,YT828073,YATO,YT-828073,Czesci_zamienne_YT-828073.pdf,,Rysunki wybuchowe,1kno3-xI3bUmld7GQptBracx9wy9I1SsY,https://drive.google.com/file/d/1kno3-xI3bUmld7GQptBracx9wy9I1SsY/preview,https://drive.google.com/file/d/1kno3-xI3bUmld7GQptBracx9wy9I1SsY/view?usp=drivesdk,NIE,0,0,NIE,OCR / konwersja skanu
drive-1Kb9nQPOPJlJIFLwzBmagzAGxYFxGn0gb-YT-828074,YT-828074,YT828074,YATO,YT-828074,Czesci_zamienne_YT-828074.pdf,,Rysunki wybuchowe,1Kb9nQPOPJlJIFLwzBmagzAGxYFxGn0gb,https://drive.google.com/file/d/1Kb9nQPOPJlJIFLwzBmagzAGxYFxGn0gb/preview,https://drive.google.com/file/d/1Kb9nQPOPJlJIFLwzBmagzAGxYFxGn0gb/view?usp=drivesdk,NIE,0,0,NIE,OCR / konwersja skanu
drive-1lQT4KXflNdmr1dKTGZTyLcnZx2XQSqHR-YT-828075,YT-828075,YT828075,YATO,YT-828075 YT-828076,Czesci_zamienne_YT-828075_YT-828076.pdf,,Rysunki wybuchowe,1lQT4KXflNdmr1dKTGZTyLcnZx2XQSqHR,https://drive.google.com/file/d/1lQT4KXflNdmr1dKTGZTyLcnZx2XQSqHR/preview,https://drive.google.com/file/d/1lQT4KXflNdmr1dKTGZTyLcnZx2XQSqHR/view?usp=drivesdk,NIE,0,0,NIE,OCR / konwersja skanu
drive-1lQT4KXflNdmr1dKTGZTyLcnZx2XQSqHR-YT-828076,YT-828076,YT828076,YATO,YT-828076 — YT-828075 YT-828076,Czesci_zamienne_YT-828075_YT-828076.pdf,,Rysunki wybuchowe,1lQT4KXflNdmr1dKTGZTyLcnZx2XQSqHR,https://drive.google.com/file/d/1lQT4KXflNdmr1dKTGZTyLcnZx2XQSqHR/preview,https://drive.google.com/file/d/1lQT4KXflNdmr1dKTGZTyLcnZx2XQSqHR/view?usp=drivesdk,NIE,0,0,NIE,OCR / konwersja skanu
drive-1cXIaXCuSpRqhOwnZj4jwhTaHo5g8HP6g-YT-82808,YT-82808,YT82808,YATO,YT-82808,Czesci_zamienne_YT-82808.pdf,,Rysunki wybuchowe,1cXIaXCuSpRqhOwnZj4jwhTaHo5g8HP6g,https://drive.google.com/file/d/1cXIaXCuSpRqhOwnZj4jwhTaHo5g8HP6g/preview,https://drive.google.com/file/d/1cXIaXCuSpRqhOwnZj4jwhTaHo5g8HP6g/view?usp=drivesdk,NIE,0,0,NIE,OCR / konwersja skanu
drive-1CNaKLiR0tT0HB-3E0uswxxnKfoEMW_sg-YT-82809,YT-82809,YT82809,YATO,YT-82809,Czesci_zamienne_YT-82809.pdf,,Rysunki wybuchowe,1CNaKLiR0tT0HB-3E0uswxxnKfoEMW_sg,https://drive.google.com/file/d/1CNaKLiR0tT0HB-3E0uswxxnKfoEMW_sg/preview,https://drive.google.com/file/d/1CNaKLiR0tT0HB-3E0uswxxnKfoEMW_sg/view?usp=drivesdk,NIE,0,0,NIE,OCR / konwersja skanu
drive-1QYMIXRxGfxB6zAtdeNaeVWqamf1cmmKG-YT-82810,YT-82810,YT82810,YATO,YT-82810,Czesci_zamienne_YT-82810.pdf,,Rysunki wybuchowe,1QYMIXRxGfxB6zAtdeNaeVWqamf1cmmKG,https://drive.google.com/file/d/1QYMIXRxGfxB6zAtdeNaeVWqamf1cmmKG/preview,https://drive.google.com/file/d/1QYMIXRxGfxB6zAtdeNaeVWqamf1cmmKG/view?usp=drivesdk,NIE,0,0,NIE,OCR / konwersja skanu
drive-1zr4zDwE_ixtrSTpANU_tVWOaUyK3UOV--YT-82811,YT-82811,YT82811,YATO,YT-82811,Czesci_zamienne_YT-82811.pdf,,Rysunki wybuchowe,1zr4zDwE_ixtrSTpANU_tVWOaUyK3UOV-,https://drive.google.com/file/d/1zr4zDwE_ixtrSTpANU_tVWOaUyK3UOV-/preview,https://drive.google.com/file/d/1zr4zDwE_ixtrSTpANU_tVWOaUyK3UOV-/view?usp=drivesdk,NIE,0,0,NIE,OCR / konwersja skanu
drive-1xSEkF_PE4oqfw0TYhocqR4-rbYJNTtM4-YT-828118,YT-828118,YT828118,YATO,YT-828118 YT-8281185,Czesci_zamienne_YT-828118_YT-8281185.pdf,,Rysunki wybuchowe,1xSEkF_PE4oqfw0TYhocqR4-rbYJNTtM4,https://drive.google.com/file/d/1xSEkF_PE4oqfw0TYhocqR4-rbYJNTtM4/preview,https://drive.google.com/file/d/1xSEkF_PE4oqfw0TYhocqR4-rbYJNTtM4/view?usp=drivesdk,NIE,0,0,NIE,OCR / konwersja skanu
drive-1xSEkF_PE4oqfw0TYhocqR4-rbYJNTtM4-YT-8281185,YT-8281185,YT8281185,YATO,YT-8281185 — YT-828118 YT-8281185,Czesci_zamienne_YT-828118_YT-8281185.pdf,,Rysunki wybuchowe,1xSEkF_PE4oqfw0TYhocqR4-rbYJNTtM4,https://drive.google.com/file/d/1xSEkF_PE4oqfw0TYhocqR4-rbYJNTtM4/preview,https://drive.google.com/file/d/1xSEkF_PE4oqfw0TYhocqR4-rbYJNTtM4/view?usp=drivesdk,NIE,0,0,NIE,OCR / konwersja skanu
drive-1oU9x31rtEbs4RDgd_AIBpwFd_QJkgpdU-YT-82812,YT-82812,YT82812,YATO,YT-82812,Czesci_zamienne_YT-82812.pdf,,Rysunki wybuchowe,1oU9x31rtEbs4RDgd_AIBpwFd_QJkgpdU,https://drive.google.com/file/d/1oU9x31rtEbs4RDgd_AIBpwFd_QJkgpdU/preview,https://drive.google.com/file/d/1oU9x31rtEbs4RDgd_AIBpwFd_QJkgpdU/view?usp=drivesdk,NIE,0,0,NIE,OCR / konwersja skanu
drive-1jhRArf6VNtCS9zt9O13YihqQrAwyfz80-YT-82813,YT-82813,YT82813,YATO,YT-82813,Czesci_zamienne_YT-82813.pdf,,Rysunki wybuchowe,1jhRArf6VNtCS9zt9O13YihqQrAwyfz80,https://drive.google.com/file/d/1jhRArf6VNtCS9zt9O13YihqQrAwyfz80/preview,https://drive.google.com/file/d/1jhRArf6VNtCS9zt9O13YihqQrAwyfz80/view?usp=drivesdk,NIE,0,0,NIE,OCR / konwersja skanu
drive-1FibpsbYGBemnqS0iWycTaKaVxDszWOog-YT-828131,YT-828131,YT828131,YATO,YT-828131,Czesci_zamienne_YT-828131.pdf,,Rysunki wybuchowe,1FibpsbYGBemnqS0iWycTaKaVxDszWOog,https://drive.google.com/file/d/1FibpsbYGBemnqS0iWycTaKaVxDszWOog/preview,https://drive.google.com/file/d/1FibpsbYGBemnqS0iWycTaKaVxDszWOog/view?usp=drivesdk,NIE,0,0,NIE,OCR / konwersja skanu
drive-1fKpHrpxkKPqcgrygYSn7S389OKqnGE64-YT-828132,YT-828132,YT828132,YATO,YT-828132,Czesci_zamienne_YT-828132.pdf,,Rysunki wybuchowe,1fKpHrpxkKPqcgrygYSn7S389OKqnGE64,https://drive.google.com/file/d/1fKpHrpxkKPqcgrygYSn7S389OKqnGE64/preview,https://drive.google.com/file/d/1fKpHrpxkKPqcgrygYSn7S389OKqnGE64/view?usp=drivesdk,NIE,0,0,NIE,OCR / konwersja skanu
drive-1kBOU87O_on8RSsDkQZIPLR_sWHbd414p-YT-828133,YT-828133,YT828133,YATO,YT-828133,Czesci_zamienne_YT-828133.pdf,,Rysunki wybuchowe,1kBOU87O_on8RSsDkQZIPLR_sWHbd414p,https://drive.google.com/file/d/1kBOU87O_on8RSsDkQZIPLR_sWHbd414p/preview,https://drive.google.com/file/d/1kBOU87O_on8RSsDkQZIPLR_sWHbd414p/view?usp=drivesdk,NIE,0,0,NIE,OCR / konwersja skanu
drive-1lKa_nhpwX5MZs58eykEJNuSNiRabSg-h-YT-828134,YT-828134,YT828134,YATO,YT-828134,Czesci_zamienne_YT-828134.pdf,,Rysunki wybuchowe,1lKa_nhpwX5MZs58eykEJNuSNiRabSg-h,https://drive.google.com/file/d/1lKa_nhpwX5MZs58eykEJNuSNiRabSg-h/preview,https://drive.google.com/file/d/1lKa_nhpwX5MZs58eykEJNuSNiRabSg-h/view?usp=drivesdk,NIE,0,0,NIE,OCR / konwersja skanu
drive-1ku3ToL7VhNsUZ9hbrNjw1u_lltY9KaeK-YT-828135,YT-828135,YT828135,YATO,YT-828135 YT-828136,Czesci_zamienne_YT-828135_YT-828136.pdf,,Rysunki wybuchowe,1ku3ToL7VhNsUZ9hbrNjw1u_lltY9KaeK,https://drive.google.com/file/d/1ku3ToL7VhNsUZ9hbrNjw1u_lltY9KaeK/preview,https://drive.google.com/file/d/1ku3ToL7VhNsUZ9hbrNjw1u_lltY9KaeK/view?usp=drivesdk,NIE,0,0,NIE,OCR / konwersja skanu
drive-1ku3ToL7VhNsUZ9hbrNjw1u_lltY9KaeK-YT-828136,YT-828136,YT828136,YATO,YT-828136 — YT-828135 YT-828136,Czesci_zamienne_YT-828135_YT-828136.pdf,,Rysunki wybuchowe,1ku3ToL7VhNsUZ9hbrNjw1u_lltY9KaeK,https://drive.google.com/file/d/1ku3ToL7VhNsUZ9hbrNjw1u_lltY9KaeK/preview,https://drive.google.com/file/d/1ku3ToL7VhNsUZ9hbrNjw1u_lltY9KaeK/view?usp=drivesdk,NIE,0,0,NIE,OCR / konwersja skanu
drive-1jIkQAdT2TDeC6ztGL9fvMVoSW8DBNND1-YT-828137,YT-828137,YT828137,YATO,YT-828137 YT-828138,Czesci_zamienne_YT-828137_YT-828138.pdf,,Rysunki wybuchowe,1jIkQAdT2TDeC6ztGL9fvMVoSW8DBNND1,https://drive.google.com/file/d/1jIkQAdT2TDeC6ztGL9fvMVoSW8DBNND1/preview,https://drive.google.com/file/d/1jIkQAdT2TDeC6ztGL9fvMVoSW8DBNND1/view?usp=drivesdk,NIE,0,0,NIE,OCR / konwersja skanu
drive-1kEiG1Zr0hawFJPTaJ50QQQxsU-ldUpHp-YT-828137,YT-828137,YT828137,YATO,YT-828137,Czesci_zamienne_YT-828137.pdf,,Rysunki wybuchowe,1kEiG1Zr0hawFJPTaJ50QQQxsU-ldUpHp,https://drive.google.com/file/d/1kEiG1Zr0hawFJPTaJ50QQQxsU-ldUpHp/preview,https://drive.google.com/file/d/1kEiG1Zr0hawFJPTaJ50QQQxsU-ldUpHp/view?usp=drivesdk,NIE,0,0,NIE,OCR / konwersja skanu
drive-1jIkQAdT2TDeC6ztGL9fvMVoSW8DBNND1-YT-828138,YT-828138,YT828138,YATO,YT-828138 — YT-828137 YT-828138,Czesci_zamienne_YT-828137_YT-828138.pdf,,Rysunki wybuchowe,1jIkQAdT2TDeC6ztGL9fvMVoSW8DBNND1,https://drive.google.com/file/d/1jIkQAdT2TDeC6ztGL9fvMVoSW8DBNND1/preview,https://drive.google.com/file/d/1jIkQAdT2TDeC6ztGL9fvMVoSW8DBNND1/view?usp=drivesdk,NIE,0,0,NIE,OCR / konwersja skanu
drive-1ZO5Arl28ua3xle8wr_WZR5CQU1BEd_3Y-YT-828138,YT-828138,YT828138,YATO,YT-828138,Czesci_zamienne_YT-828138.pdf,,Rysunki wybuchowe,1ZO5Arl28ua3xle8wr_WZR5CQU1BEd_3Y,https://drive.google.com/file/d/1ZO5Arl28ua3xle8wr_WZR5CQU1BEd_3Y/preview,https://drive.google.com/file/d/1ZO5Arl28ua3xle8wr_WZR5CQU1BEd_3Y/view?usp=drivesdk,NIE,0,0,NIE,OCR / konwersja skanu
drive-1lqqdS-MHBKAMYwmz-fGR57o-vqCC-xps-YT-82814,YT-82814,YT82814,YATO,YT-82814,Czesci_zamienne_YT-82814.pdf,,Rysunki wybuchowe,1lqqdS-MHBKAMYwmz-fGR57o-vqCC-xps,https://drive.google.com/file/d/1lqqdS-MHBKAMYwmz-fGR57o-vqCC-xps/preview,https://drive.google.com/file/d/1lqqdS-MHBKAMYwmz-fGR57o-vqCC-xps/view?usp=drivesdk,NIE,0,0,NIE,OCR / konwersja skanu
drive-1yIRAt76pTIXZFx6u9Va9lUseIdZ_SuVD-YT-82815,YT-82815,YT82815,YATO,YT-82815,Czesci_zamienne_YT-82815.pdf,,Rysunki wybuchowe,1yIRAt76pTIXZFx6u9Va9lUseIdZ_SuVD,https://drive.google.com/file/d/1yIRAt76pTIXZFx6u9Va9lUseIdZ_SuVD/preview,https://drive.google.com/file/d/1yIRAt76pTIXZFx6u9Va9lUseIdZ_SuVD/view?usp=drivesdk,NIE,0,0,NIE,OCR / konwersja skanu
drive-1ydCkfzNtphjfzoQs9jsJtI5sNLiJ8ztW-YT-82816,YT-82816,YT82816,YATO,YT-82816,Czesci_zamienne_YT-82816.pdf,,Rysunki wybuchowe,1ydCkfzNtphjfzoQs9jsJtI5sNLiJ8ztW,https://drive.google.com/file/d/1ydCkfzNtphjfzoQs9jsJtI5sNLiJ8ztW/preview,https://drive.google.com/file/d/1ydCkfzNtphjfzoQs9jsJtI5sNLiJ8ztW/view?usp=drivesdk,NIE,0,0,NIE,OCR / konwersja skanu
drive-1rwVJmePXwvpFZ53oIy8dv-UMQcxFZxjE-YT-82817,YT-82817,YT82817,YATO,YT-82817,Czesci_zamienne_YT-82817.pdf,,Rysunki wybuchowe,1rwVJmePXwvpFZ53oIy8dv-UMQcxFZxjE,https://drive.google.com/file/d/1rwVJmePXwvpFZ53oIy8dv-UMQcxFZxjE/preview,https://drive.google.com/file/d/1rwVJmePXwvpFZ53oIy8dv-UMQcxFZxjE/view?usp=drivesdk,NIE,0,0,NIE,OCR / konwersja skanu
drive-1jb6xZUpNroF4sxXoshSmx7wwGcKMq7Im-YT-82818,YT-82818,YT82818,YATO,YT-82818,Czesci_zamienne_YT-82818.pdf,,Rysunki wybuchowe,1jb6xZUpNroF4sxXoshSmx7wwGcKMq7Im,https://drive.google.com/file/d/1jb6xZUpNroF4sxXoshSmx7wwGcKMq7Im/preview,https://drive.google.com/file/d/1jb6xZUpNroF4sxXoshSmx7wwGcKMq7Im/view?usp=drivesdk,NIE,0,0,NIE,OCR / konwersja skanu
drive-1iUMZpMc7NoAboTM3Tk0FiT54CM8eiS2T-YT-82819,YT-82819,YT82819,YATO,YT-82819,Czesci_zamienne_YT-82819.pdf,,Rysunki wybuchowe,1iUMZpMc7NoAboTM3Tk0FiT54CM8eiS2T,https://drive.google.com/file/d/1iUMZpMc7NoAboTM3Tk0FiT54CM8eiS2T/preview,https://drive.google.com/file/d/1iUMZpMc7NoAboTM3Tk0FiT54CM8eiS2T/view?usp=drivesdk,NIE,0,0,NIE,OCR / konwersja skanu
drive-1SFwR-AoUlLd11UvgV0MmFVjHkbOFmTeO-YT-82822,YT-82822,YT82822,YATO,YT-82822,Czesci_zamienne_YT-82822.pdf,,Rysunki wybuchowe,1SFwR-AoUlLd11UvgV0MmFVjHkbOFmTeO,https://drive.google.com/file/d/1SFwR-AoUlLd11UvgV0MmFVjHkbOFmTeO/preview,https://drive.google.com/file/d/1SFwR-AoUlLd11UvgV0MmFVjHkbOFmTeO/view?usp=drivesdk,NIE,0,0,NIE,OCR / konwersja skanu
drive-175buwiDpACINCOR6a7I4LzQSTe5QhIbn-YT-82823,YT-82823,YT82823,YATO,YT-82823,Czesci_zamienne_YT-82823.pdf,,Rysunki wybuchowe,175buwiDpACINCOR6a7I4LzQSTe5QhIbn,https://drive.google.com/file/d/175buwiDpACINCOR6a7I4LzQSTe5QhIbn/preview,https://drive.google.com/file/d/175buwiDpACINCOR6a7I4LzQSTe5QhIbn/view?usp=drivesdk,NIE,0,0,NIE,OCR / konwersja skanu
drive-1fM1-tMFS3ChHRNfl19v1PEdhrxi7cNSF-YT-82824,YT-82824,YT82824,YATO,YT-82824 YT-828296,Czesci_zamienne_YT-82824_YT-828296.pdf,,Rysunki wybuchowe,1fM1-tMFS3ChHRNfl19v1PEdhrxi7cNSF,https://drive.google.com/file/d/1fM1-tMFS3ChHRNfl19v1PEdhrxi7cNSF/preview,https://drive.google.com/file/d/1fM1-tMFS3ChHRNfl19v1PEdhrxi7cNSF/view?usp=drivesdk,NIE,0,0,NIE,OCR / konwersja skanu
drive-1PFCKpqO8r03oBGVyCMRbkwjKqBCZKiG9-YT-82824,YT-82824,YT82824,YATO,YT-82824,Czesci_zamienne_YT-82824.pdf,,Rysunki wybuchowe,1PFCKpqO8r03oBGVyCMRbkwjKqBCZKiG9,https://drive.google.com/file/d/1PFCKpqO8r03oBGVyCMRbkwjKqBCZKiG9/preview,https://drive.google.com/file/d/1PFCKpqO8r03oBGVyCMRbkwjKqBCZKiG9/view?usp=drivesdk,NIE,0,0,NIE,OCR / konwersja skanu
drive-19liR7QGORGOvylL1Qholmjq42Uh3GvLU-YT-828247,YT-828247,YT828247,YATO,YT-828247,Czesci_zamienne_YT-828247.pdf,,Rysunki wybuchowe,19liR7QGORGOvylL1Qholmjq42Uh3GvLU,https://drive.google.com/file/d/19liR7QGORGOvylL1Qholmjq42Uh3GvLU/preview,https://drive.google.com/file/d/19liR7QGORGOvylL1Qholmjq42Uh3GvLU/view?usp=drivesdk,NIE,0,0,NIE,OCR / konwersja skanu
drive-13zYspH9uvTLdvaZsGCCq2vGQD9KWhpVg-YT-828254,YT-828254,YT828254,YATO,YT-828254,Czesci_zamienne_YT-828254.pdf,,Rysunki wybuchowe,13zYspH9uvTLdvaZsGCCq2vGQD9KWhpVg,https://drive.google.com/file/d/13zYspH9uvTLdvaZsGCCq2vGQD9KWhpVg/preview,https://drive.google.com/file/d/13zYspH9uvTLdvaZsGCCq2vGQD9KWhpVg/view?usp=drivesdk,NIE,0,0,NIE,OCR / konwersja skanu
drive-1hFYtGeQK1c0e51ENx_cfBSDzQWKIJEB5-YT-828255,YT-828255,YT828255,YATO,YT-828255,Czesci_zamienne_YT-828255.pdf,,Rysunki wybuchowe,1hFYtGeQK1c0e51ENx_cfBSDzQWKIJEB5,https://drive.google.com/file/d/1hFYtGeQK1c0e51ENx_cfBSDzQWKIJEB5/preview,https://drive.google.com/file/d/1hFYtGeQK1c0e51ENx_cfBSDzQWKIJEB5/view?usp=drivesdk,NIE,0,0,NIE,OCR / konwersja skanu
drive-1Coy1Qsp7X-G9NAs4govW_M1zCOQw_pGJ-YT-828256,YT-828256,YT828256,YATO,YT-828256,Czesci_zamienne_YT-828256.pdf,,Rysunki wybuchowe,1Coy1Qsp7X-G9NAs4govW_M1zCOQw_pGJ,https://drive.google.com/file/d/1Coy1Qsp7X-G9NAs4govW_M1zCOQw_pGJ/preview,https://drive.google.com/file/d/1Coy1Qsp7X-G9NAs4govW_M1zCOQw_pGJ/view?usp=drivesdk,NIE,0,0,NIE,OCR / konwersja skanu
drive-1nqc2kW4SR4S5WWZpmzWtYagCZ7t7yaCq-YT-82826,YT-82826,YT82826,YATO,YT-82826,Czesci_zamienne_YT-82826.pdf,,Rysunki wybuchowe,1nqc2kW4SR4S5WWZpmzWtYagCZ7t7yaCq,https://drive.google.com/file/d/1nqc2kW4SR4S5WWZpmzWtYagCZ7t7yaCq/preview,https://drive.google.com/file/d/1nqc2kW4SR4S5WWZpmzWtYagCZ7t7yaCq/view?usp=drivesdk,NIE,0,0,NIE,OCR / konwersja skanu
drive-1Zj0gNRDcmPMV96bpivHQGyt5s6hdDmNh-YT-82827,YT-82827,YT82827,YATO,YT-82827,Czesci_zamienne_YT-82827.pdf,,Rysunki wybuchowe,1Zj0gNRDcmPMV96bpivHQGyt5s6hdDmNh,https://drive.google.com/file/d/1Zj0gNRDcmPMV96bpivHQGyt5s6hdDmNh/preview,https://drive.google.com/file/d/1Zj0gNRDcmPMV96bpivHQGyt5s6hdDmNh/view?usp=drivesdk,NIE,0,0,NIE,OCR / konwersja skanu
drive-1y3HT6hO9AqiKoPZ4iTt2fN6k9ZMKO10L-YT-82828,YT-82828,YT82828,YATO,YT-82828,Czesci_zamienne_YT-82828.pdf,,Rysunki wybuchowe,1y3HT6hO9AqiKoPZ4iTt2fN6k9ZMKO10L,https://drive.google.com/file/d/1y3HT6hO9AqiKoPZ4iTt2fN6k9ZMKO10L/preview,https://drive.google.com/file/d/1y3HT6hO9AqiKoPZ4iTt2fN6k9ZMKO10L/view?usp=drivesdk,NIE,0,0,NIE,OCR / konwersja skanu
drive-1BBW6gYdjwnWIIrbhrVStJZLCtJlYyxQ2-YT-82829,YT-82829,YT82829,YATO,YT-82829,Czesci_zamienne_YT-82829.pdf,,Rysunki wybuchowe,1BBW6gYdjwnWIIrbhrVStJZLCtJlYyxQ2,https://drive.google.com/file/d/1BBW6gYdjwnWIIrbhrVStJZLCtJlYyxQ2/preview,https://drive.google.com/file/d/1BBW6gYdjwnWIIrbhrVStJZLCtJlYyxQ2/view?usp=drivesdk,NIE,0,0,NIE,OCR / konwersja skanu
drive-1O2g4QgSNxl4zB_9DQbmjCtnNwMIX2wqP-YT-828293,YT-828293,YT828293,YATO,YT-828293 YT-828294 YT-828295 YT-828296,Czesci_zamienne_YT-828293_YT-828294_YT-828295_YT-828296.pdf,,Rysunki wybuchowe,1O2g4QgSNxl4zB_9DQbmjCtnNwMIX2wqP,https://drive.google.com/file/d/1O2g4QgSNxl4zB_9DQbmjCtnNwMIX2wqP/preview,https://drive.google.com/file/d/1O2g4QgSNxl4zB_9DQbmjCtnNwMIX2wqP/view?usp=drivesdk,NIE,0,0,NIE,OCR / konwersja skanu
drive-1TUMNdyjqqQpCE6OuupUI8gLa4DUMAAiK-YT-828293,YT-828293,YT828293,YATO,YT-828293,Czesci_zamienne_YT-828293.pdf,,Rysunki wybuchowe,1TUMNdyjqqQpCE6OuupUI8gLa4DUMAAiK,https://drive.google.com/file/d/1TUMNdyjqqQpCE6OuupUI8gLa4DUMAAiK/preview,https://drive.google.com/file/d/1TUMNdyjqqQpCE6OuupUI8gLa4DUMAAiK/view?usp=drivesdk,NIE,0,0,NIE,OCR / konwersja skanu
drive-1O2g4QgSNxl4zB_9DQbmjCtnNwMIX2wqP-YT-828294,YT-828294,YT828294,YATO,YT-828294 — YT-828293 YT-828294 YT-828295 YT-828296,Czesci_zamienne_YT-828293_YT-828294_YT-828295_YT-828296.pdf,,Rysunki wybuchowe,1O2g4QgSNxl4zB_9DQbmjCtnNwMIX2wqP,https://drive.google.com/file/d/1O2g4QgSNxl4zB_9DQbmjCtnNwMIX2wqP/preview,https://drive.google.com/file/d/1O2g4QgSNxl4zB_9DQbmjCtnNwMIX2wqP/view?usp=drivesdk,NIE,0,0,NIE,OCR / konwersja skanu
drive-11JLURzZhbymPk9kKw_D0LkX42mbTflUh-YT-828294,YT-828294,YT828294,YATO,YT-828294,Czesci_zamienne_YT-828294.pdf,,Rysunki wybuchowe,11JLURzZhbymPk9kKw_D0LkX42mbTflUh,https://drive.google.com/file/d/11JLURzZhbymPk9kKw_D0LkX42mbTflUh/preview,https://drive.google.com/file/d/11JLURzZhbymPk9kKw_D0LkX42mbTflUh/view?usp=drivesdk,NIE,0,0,NIE,OCR / konwersja skanu
drive-1O2g4QgSNxl4zB_9DQbmjCtnNwMIX2wqP-YT-828295,YT-828295,YT828295,YATO,YT-828295 — YT-828293 YT-828294 YT-828295 YT-828296,Czesci_zamienne_YT-828293_YT-828294_YT-828295_YT-828296.pdf,,Rysunki wybuchowe,1O2g4QgSNxl4zB_9DQbmjCtnNwMIX2wqP,https://drive.google.com/file/d/1O2g4QgSNxl4zB_9DQbmjCtnNwMIX2wqP/preview,https://drive.google.com/file/d/1O2g4QgSNxl4zB_9DQbmjCtnNwMIX2wqP/view?usp=drivesdk,NIE,0,0,NIE,OCR / konwersja skanu
drive-1KQ3Tg7rAtl3FGu2qZzft49_VdeY2oOyP-YT-828295,YT-828295,YT828295,YATO,YT-828295,Czesci_zamienne_YT-828295.pdf,,Rysunki wybuchowe,1KQ3Tg7rAtl3FGu2qZzft49_VdeY2oOyP,https://drive.google.com/file/d/1KQ3Tg7rAtl3FGu2qZzft49_VdeY2oOyP/preview,https://drive.google.com/file/d/1KQ3Tg7rAtl3FGu2qZzft49_VdeY2oOyP/view?usp=drivesdk,NIE,0,0,NIE,OCR / konwersja skanu
drive-1fM1-tMFS3ChHRNfl19v1PEdhrxi7cNSF-YT-828296,YT-828296,YT828296,YATO,YT-828296 — YT-82824 YT-828296,Czesci_zamienne_YT-82824_YT-828296.pdf,,Rysunki wybuchowe,1fM1-tMFS3ChHRNfl19v1PEdhrxi7cNSF,https://drive.google.com/file/d/1fM1-tMFS3ChHRNfl19v1PEdhrxi7cNSF/preview,https://drive.google.com/file/d/1fM1-tMFS3ChHRNfl19v1PEdhrxi7cNSF/view?usp=drivesdk,NIE,0,0,NIE,OCR / konwersja skanu
drive-1O2g4QgSNxl4zB_9DQbmjCtnNwMIX2wqP-YT-828296,YT-828296,YT828296,YATO,YT-828296 — YT-828293 YT-828294 YT-828295 YT-828296,Czesci_zamienne_YT-828293_YT-828294_YT-828295_YT-828296.pdf,,Rysunki wybuchowe,1O2g4QgSNxl4zB_9DQbmjCtnNwMIX2wqP,https://drive.google.com/file/d/1O2g4QgSNxl4zB_9DQbmjCtnNwMIX2wqP/preview,https://drive.google.com/file/d/1O2g4QgSNxl4zB_9DQbmjCtnNwMIX2wqP/view?usp=drivesdk,NIE,0,0,NIE,OCR / konwersja skanu
drive-1PStd9O7-7qFC_pW56v_yRO99Xahw5TLz-YT-828296,YT-828296,YT828296,YATO,YT-828296,Czesci_zamienne_YT-828296.pdf,,Rysunki wybuchowe,1PStd9O7-7qFC_pW56v_yRO99Xahw5TLz,https://drive.google.com/file/d/1PStd9O7-7qFC_pW56v_yRO99Xahw5TLz/preview,https://drive.google.com/file/d/1PStd9O7-7qFC_pW56v_yRO99Xahw5TLz/view?usp=drivesdk,NIE,0,0,NIE,OCR / konwersja skanu
drive-1Lbjy2TeG9tiYb5RGwayctfGfaC6og4sM-YT-82830,YT-82830,YT82830,YATO,YT-82830,Czesci_zamienne_YT-82830.pdf,,Rysunki wybuchowe,1Lbjy2TeG9tiYb5RGwayctfGfaC6og4sM,https://drive.google.com/file/d/1Lbjy2TeG9tiYb5RGwayctfGfaC6og4sM/preview,https://drive.google.com/file/d/1Lbjy2TeG9tiYb5RGwayctfGfaC6og4sM/view?usp=drivesdk,NIE,0,0,NIE,OCR / konwersja skanu
drive-1qQOJ6s4-OQmL-79XPcZp2MFeZe5wP4WL-YT-82831,YT-82831,YT82831,YATO,YT-82831,Czesci_zamienne_YT-82831.pdf,,Rysunki wybuchowe,1qQOJ6s4-OQmL-79XPcZp2MFeZe5wP4WL,https://drive.google.com/file/d/1qQOJ6s4-OQmL-79XPcZp2MFeZe5wP4WL/preview,https://drive.google.com/file/d/1qQOJ6s4-OQmL-79XPcZp2MFeZe5wP4WL/view?usp=drivesdk,NIE,0,0,NIE,OCR / konwersja skanu
drive-1nQMy8e7E8iw4y2NSvBvxwsLWKT5IlFbc-YT-82832,YT-82832,YT82832,YATO,YT-82832,Czesci_zamienne_YT-82832.pdf,,Rysunki wybuchowe,1nQMy8e7E8iw4y2NSvBvxwsLWKT5IlFbc,https://drive.google.com/file/d/1nQMy8e7E8iw4y2NSvBvxwsLWKT5IlFbc/preview,https://drive.google.com/file/d/1nQMy8e7E8iw4y2NSvBvxwsLWKT5IlFbc/view?usp=drivesdk,NIE,0,0,NIE,OCR / konwersja skanu
drive-1PeXIRfsOFyHJ93fEWIUHJPOYC96ziWqS-YT-82833,YT-82833,YT82833,YATO,YT-82833,Czesci_zamienne_YT-82833.pdf,,Rysunki wybuchowe,1PeXIRfsOFyHJ93fEWIUHJPOYC96ziWqS,https://drive.google.com/file/d/1PeXIRfsOFyHJ93fEWIUHJPOYC96ziWqS/preview,https://drive.google.com/file/d/1PeXIRfsOFyHJ93fEWIUHJPOYC96ziWqS/view?usp=drivesdk,NIE,0,0,NIE,OCR / konwersja skanu
drive-1kpOy1zu-QSrnfYJlIPLqV88qr3qmrafm-YT-828331,YT-828331,YT828331,YATO,YT-828331,Czesci_zamienne_YT-828331.pdf,,Rysunki wybuchowe,1kpOy1zu-QSrnfYJlIPLqV88qr3qmrafm,https://drive.google.com/file/d/1kpOy1zu-QSrnfYJlIPLqV88qr3qmrafm/preview,https://drive.google.com/file/d/1kpOy1zu-QSrnfYJlIPLqV88qr3qmrafm/view?usp=drivesdk,NIE,0,0,NIE,OCR / konwersja skanu
drive-1cnl-rukIl1VQmCS3tyl2hPBz2STUmj-Y-YT-828332,YT-828332,YT828332,YATO,YT-828332,Czesci_zamienne_YT-828332.pdf,,Rysunki wybuchowe,1cnl-rukIl1VQmCS3tyl2hPBz2STUmj-Y,https://drive.google.com/file/d/1cnl-rukIl1VQmCS3tyl2hPBz2STUmj-Y/preview,https://drive.google.com/file/d/1cnl-rukIl1VQmCS3tyl2hPBz2STUmj-Y/view?usp=drivesdk,NIE,0,0,NIE,OCR / konwersja skanu
drive-1HnHgMDh4c1x6vvxcJPfBUPKc_q9I1sCU-YT-828333,YT-828333,YT828333,YATO,YT-828333,Czesci_zamienne_YT-828333.pdf,,Rysunki wybuchowe,1HnHgMDh4c1x6vvxcJPfBUPKc_q9I1sCU,https://drive.google.com/file/d/1HnHgMDh4c1x6vvxcJPfBUPKc_q9I1sCU/preview,https://drive.google.com/file/d/1HnHgMDh4c1x6vvxcJPfBUPKc_q9I1sCU/view?usp=drivesdk,NIE,0,0,NIE,OCR / konwersja skanu
drive-1ClbqD6cJOfIeevGVeYqgz3-w6_gOz-uE-YT-828334,YT-828334,YT828334,YATO,YT-828334,Czesci_zamienne_YT-828334.pdf,,Rysunki wybuchowe,1ClbqD6cJOfIeevGVeYqgz3-w6_gOz-uE,https://drive.google.com/file/d/1ClbqD6cJOfIeevGVeYqgz3-w6_gOz-uE/preview,https://drive.google.com/file/d/1ClbqD6cJOfIeevGVeYqgz3-w6_gOz-uE/view?usp=drivesdk,NIE,0,0,NIE,OCR / konwersja skanu
drive-1KeYS8LCm5a70nNXroWuJlRMuKySf_12C-YT-82834,YT-82834,YT82834,YATO,YT-82834,Czesci_zamienne_YT-82834.pdf,,Rysunki wybuchowe,1KeYS8LCm5a70nNXroWuJlRMuKySf_12C,https://drive.google.com/file/d/1KeYS8LCm5a70nNXroWuJlRMuKySf_12C/preview,https://drive.google.com/file/d/1KeYS8LCm5a70nNXroWuJlRMuKySf_12C/view?usp=drivesdk,NIE,0,0,NIE,OCR / konwersja skanu
drive-1TRMYA5hYURNdN9Ew1Pyb4-mtCjoS36G--YT-82835,YT-82835,YT82835,YATO,YT-82835,Czesci_zamienne_YT-82835.pdf,,Rysunki wybuchowe,1TRMYA5hYURNdN9Ew1Pyb4-mtCjoS36G-,https://drive.google.com/file/d/1TRMYA5hYURNdN9Ew1Pyb4-mtCjoS36G-/preview,https://drive.google.com/file/d/1TRMYA5hYURNdN9Ew1Pyb4-mtCjoS36G-/view?usp=drivesdk,NIE,0,0,NIE,OCR / konwersja skanu
drive-1eFbDmHW2pq_TToLMswfaPfh4O7Pi47g0-YT-828353,YT-828353,YT828353,YATO,YT-828353,Czesci_zamienne_YT-828353.pdf,,Rysunki wybuchowe,1eFbDmHW2pq_TToLMswfaPfh4O7Pi47g0,https://drive.google.com/file/d/1eFbDmHW2pq_TToLMswfaPfh4O7Pi47g0/preview,https://drive.google.com/file/d/1eFbDmHW2pq_TToLMswfaPfh4O7Pi47g0/view?usp=drivesdk,NIE,0,0,NIE,OCR / konwersja skanu
drive-147QxRNiQ-_WihhyuCywVj01WLUXCukP5-YT-828355,YT-828355,YT828355,YATO,YT-828355,Czesci_zamienne_YT-828355.pdf,,Rysunki wybuchowe,147QxRNiQ-_WihhyuCywVj01WLUXCukP5,https://drive.google.com/file/d/147QxRNiQ-_WihhyuCywVj01WLUXCukP5/preview,https://drive.google.com/file/d/147QxRNiQ-_WihhyuCywVj01WLUXCukP5/view?usp=drivesdk,NIE,0,0,NIE,OCR / konwersja skanu
drive-1hp64RWzAtBdbEH8cfX1GoOdsoGR-Zb65-YT-828356,YT-828356,YT828356,YATO,YT-828356,Czesci_zamienne_YT-828356.pdf,,Rysunki wybuchowe,1hp64RWzAtBdbEH8cfX1GoOdsoGR-Zb65,https://drive.google.com/file/d/1hp64RWzAtBdbEH8cfX1GoOdsoGR-Zb65/preview,https://drive.google.com/file/d/1hp64RWzAtBdbEH8cfX1GoOdsoGR-Zb65/view?usp=drivesdk,NIE,0,0,NIE,OCR / konwersja skanu
drive-1xKhGmWYtiOy_gFlKpk8ePH8IzZzKyZ43-YT-828357,YT-828357,YT828357,YATO,YT-828357,Czesci_zamienne_YT-828357.pdf,,Rysunki wybuchowe,1xKhGmWYtiOy_gFlKpk8ePH8IzZzKyZ43,https://drive.google.com/file/d/1xKhGmWYtiOy_gFlKpk8ePH8IzZzKyZ43/preview,https://drive.google.com/file/d/1xKhGmWYtiOy_gFlKpk8ePH8IzZzKyZ43/view?usp=drivesdk,NIE,0,0,NIE,OCR / konwersja skanu
drive-1UoZuGcFIAQHS5DgFbdCf1GH0owkKl7Ac-YT-828358,YT-828358,YT828358,YATO,YT-828358,Czesci_zamienne_YT-828358.pdf,,Rysunki wybuchowe,1UoZuGcFIAQHS5DgFbdCf1GH0owkKl7Ac,https://drive.google.com/file/d/1UoZuGcFIAQHS5DgFbdCf1GH0owkKl7Ac/preview,https://drive.google.com/file/d/1UoZuGcFIAQHS5DgFbdCf1GH0owkKl7Ac/view?usp=drivesdk,NIE,0,0,NIE,OCR / konwersja skanu
drive-1XIiGK7N0wmO4vktLjgTPtt2WLycU3iT3-YT-828378,YT-828378,YT828378,YATO,YT-828378,Czesci_zamienne_YT-828378.pdf,,Rysunki wybuchowe,1XIiGK7N0wmO4vktLjgTPtt2WLycU3iT3,https://drive.google.com/file/d/1XIiGK7N0wmO4vktLjgTPtt2WLycU3iT3/preview,https://drive.google.com/file/d/1XIiGK7N0wmO4vktLjgTPtt2WLycU3iT3/view?usp=drivesdk,NIE,0,0,NIE,OCR / konwersja skanu
drive-1QpA2ln77q843-AWlTRnMlaohYfAh6YPR-YT-828380,YT-828380,YT828380,YATO,YT-828380,Czesci_zamienne_YT-828380.pdf,,Rysunki wybuchowe,1QpA2ln77q843-AWlTRnMlaohYfAh6YPR,https://drive.google.com/file/d/1QpA2ln77q843-AWlTRnMlaohYfAh6YPR/preview,https://drive.google.com/file/d/1QpA2ln77q843-AWlTRnMlaohYfAh6YPR/view?usp=drivesdk,NIE,0,0,NIE,OCR / konwersja skanu
drive-1HZ4E3FkoNfcMNeaDebhwanwLM7A9__1n-YT-828381,YT-828381,YT828381,YATO,YT-828381,Czesci_zamienne_YT-828381.pdf,,Rysunki wybuchowe,1HZ4E3FkoNfcMNeaDebhwanwLM7A9__1n,https://drive.google.com/file/d/1HZ4E3FkoNfcMNeaDebhwanwLM7A9__1n/preview,https://drive.google.com/file/d/1HZ4E3FkoNfcMNeaDebhwanwLM7A9__1n/view?usp=drivesdk,NIE,0,0,NIE,OCR / konwersja skanu
drive-1Qa_MBiXt2HFJLVWdbT4nA7BmmyemB13A-YT-828382,YT-828382,YT828382,YATO,YT-828382,Czesci_zamienne_YT-828382.pdf,,Rysunki wybuchowe,1Qa_MBiXt2HFJLVWdbT4nA7BmmyemB13A,https://drive.google.com/file/d/1Qa_MBiXt2HFJLVWdbT4nA7BmmyemB13A/preview,https://drive.google.com/file/d/1Qa_MBiXt2HFJLVWdbT4nA7BmmyemB13A/view?usp=drivesdk,NIE,0,0,NIE,OCR / konwersja skanu
drive-1J5yhsahsN5Hl9gLbWX4ncYM0PnTHCTmG-YT-828383,YT-828383,YT828383,YATO,YT-828383,Czesci_zamienne_YT-828383.pdf,,Rysunki wybuchowe,1J5yhsahsN5Hl9gLbWX4ncYM0PnTHCTmG,https://drive.google.com/file/d/1J5yhsahsN5Hl9gLbWX4ncYM0PnTHCTmG/preview,https://drive.google.com/file/d/1J5yhsahsN5Hl9gLbWX4ncYM0PnTHCTmG/view?usp=drivesdk,NIE,0,0,NIE,OCR / konwersja skanu
drive-1IaSSvtR-CL1GMQdcM3TdRKOmWhH13iFJ-YT-82853,YT-82853,YT82853,YATO,YT-82853,Czesci_zamienne_YT-82853.pdf,,Rysunki wybuchowe,1IaSSvtR-CL1GMQdcM3TdRKOmWhH13iFJ,https://drive.google.com/file/d/1IaSSvtR-CL1GMQdcM3TdRKOmWhH13iFJ/preview,https://drive.google.com/file/d/1IaSSvtR-CL1GMQdcM3TdRKOmWhH13iFJ/view?usp=drivesdk,NIE,0,0,NIE,OCR / konwersja skanu
drive-1k8fNQNL1_WNUEfIGqvsX33G7TqQ0napQ-YT-82854,YT-82854,YT82854,YATO,YT-82854,Czesci_zamienne_YT-82854.pdf,,Rysunki wybuchowe,1k8fNQNL1_WNUEfIGqvsX33G7TqQ0napQ,https://drive.google.com/file/d/1k8fNQNL1_WNUEfIGqvsX33G7TqQ0napQ/preview,https://drive.google.com/file/d/1k8fNQNL1_WNUEfIGqvsX33G7TqQ0napQ/view?usp=drivesdk,NIE,0,0,NIE,OCR / konwersja skanu
drive-1K-9aZ83FrCFkKjsFz1bEqEX4MiX3n52I-YT-82855,YT-82855,YT82855,YATO,YT-82855,Czesci_zamienne_YT-82855.pdf,,Rysunki wybuchowe,1K-9aZ83FrCFkKjsFz1bEqEX4MiX3n52I,https://drive.google.com/file/d/1K-9aZ83FrCFkKjsFz1bEqEX4MiX3n52I/preview,https://drive.google.com/file/d/1K-9aZ83FrCFkKjsFz1bEqEX4MiX3n52I/view?usp=drivesdk,NIE,0,0,NIE,OCR / konwersja skanu
drive-1Zol1QJp_xxiScg2RT2IbmoobZ-_Gx4y9-YT-82877,YT-82877,YT82877,YATO,YT-82877,Czesci_zamienne_YT-82877.pdf,,Rysunki wybuchowe,1Zol1QJp_xxiScg2RT2IbmoobZ-_Gx4y9,https://drive.google.com/file/d/1Zol1QJp_xxiScg2RT2IbmoobZ-_Gx4y9/preview,https://drive.google.com/file/d/1Zol1QJp_xxiScg2RT2IbmoobZ-_Gx4y9/view?usp=drivesdk,NIE,0,0,NIE,OCR / konwersja skanu
drive-1Vob69gUtFDErxcgnHxaS8LCjnXY7dxJ8-YT-82880,YT-82880,YT82880,YATO,YT-82880,Czesci_zamienne_YT-82880.pdf,,Rysunki wybuchowe,1Vob69gUtFDErxcgnHxaS8LCjnXY7dxJ8,https://drive.google.com/file/d/1Vob69gUtFDErxcgnHxaS8LCjnXY7dxJ8/preview,https://drive.google.com/file/d/1Vob69gUtFDErxcgnHxaS8LCjnXY7dxJ8/view?usp=drivesdk,NIE,0,0,NIE,OCR / konwersja skanu
drive-1I9SaernjPy0QXgOQTDCMvsMUYe9FUQVR-YT-82881,YT-82881,YT82881,YATO,YT-82881,Czesci_zamienne_YT-82881.pdf,,Rysunki wybuchowe,1I9SaernjPy0QXgOQTDCMvsMUYe9FUQVR,https://drive.google.com/file/d/1I9SaernjPy0QXgOQTDCMvsMUYe9FUQVR/preview,https://drive.google.com/file/d/1I9SaernjPy0QXgOQTDCMvsMUYe9FUQVR/view?usp=drivesdk,NIE,0,0,NIE,OCR / konwersja skanu
drive-1xvYDVuqNXdYfCK3oiDvRFDaec5OWtHZB-YT-82886,YT-82886,YT82886,YATO,YT-82886,Czesci_zamienne_YT-82886.pdf,,Rysunki wybuchowe,1xvYDVuqNXdYfCK3oiDvRFDaec5OWtHZB,https://drive.google.com/file/d/1xvYDVuqNXdYfCK3oiDvRFDaec5OWtHZB/preview,https://drive.google.com/file/d/1xvYDVuqNXdYfCK3oiDvRFDaec5OWtHZB/view?usp=drivesdk,NIE,0,0,NIE,OCR / konwersja skanu
drive-1RvUpys_HHGSfvSm4zbx2U7jfppLrlv3G-YT-82887,YT-82887,YT82887,YATO,YT-82887,Czesci_zamienne_YT-82887.pdf,,Rysunki wybuchowe,1RvUpys_HHGSfvSm4zbx2U7jfppLrlv3G,https://drive.google.com/file/d/1RvUpys_HHGSfvSm4zbx2U7jfppLrlv3G/preview,https://drive.google.com/file/d/1RvUpys_HHGSfvSm4zbx2U7jfppLrlv3G/view?usp=drivesdk,NIE,0,0,NIE,OCR / konwersja skanu
drive-1sriFcx-7jgp2ZkwU7xhY6z3GDSTKudpf-YT-82888,YT-82888,YT82888,YATO,YT-82888,Czesci_zamienne_YT-82888.pdf,,Rysunki wybuchowe,1sriFcx-7jgp2ZkwU7xhY6z3GDSTKudpf,https://drive.google.com/file/d/1sriFcx-7jgp2ZkwU7xhY6z3GDSTKudpf/preview,https://drive.google.com/file/d/1sriFcx-7jgp2ZkwU7xhY6z3GDSTKudpf/view?usp=drivesdk,NIE,0,0,NIE,OCR / konwersja skanu
drive-1O99z4W8D7r9_4J2qwRWCe0LCUtJ_Eol--YT-82889,YT-82889,YT82889,YATO,YT-82889,Czesci_zamienne_YT-82889.pdf,,Rysunki wybuchowe,1O99z4W8D7r9_4J2qwRWCe0LCUtJ_Eol-,https://drive.google.com/file/d/1O99z4W8D7r9_4J2qwRWCe0LCUtJ_Eol-/preview,https://drive.google.com/file/d/1O99z4W8D7r9_4J2qwRWCe0LCUtJ_Eol-/view?usp=drivesdk,NIE,0,0,NIE,OCR / konwersja skanu
drive-1JcYNar6IZjmCgkN2EuH8fJN3OxKoVEbZ-YT-82894,YT-82894,YT82894,YATO,YT-82894,Czesci_zamienne_YT-82894.pdf,,Rysunki wybuchowe,1JcYNar6IZjmCgkN2EuH8fJN3OxKoVEbZ,https://drive.google.com/file/d/1JcYNar6IZjmCgkN2EuH8fJN3OxKoVEbZ/preview,https://drive.google.com/file/d/1JcYNar6IZjmCgkN2EuH8fJN3OxKoVEbZ/view?usp=drivesdk,NIE,0,0,NIE,OCR / konwersja skanu
drive-1r08FLNoi0E1LvDKDOXDRdMBFHOCgLAK3-YT-82895,YT-82895,YT82895,YATO,YT-82895,Czesci_zamienne_YT-82895.pdf,,Rysunki wybuchowe,1r08FLNoi0E1LvDKDOXDRdMBFHOCgLAK3,https://drive.google.com/file/d/1r08FLNoi0E1LvDKDOXDRdMBFHOCgLAK3/preview,https://drive.google.com/file/d/1r08FLNoi0E1LvDKDOXDRdMBFHOCgLAK3/view?usp=drivesdk,NIE,0,0,NIE,OCR / konwersja skanu
drive-10Dzbh8F8jtMOC9LP0UFrdFi8K6z1iHaN-YT-82900,YT-82900,YT82900,YATO,YT-82900,Czesci_zamienne_YT-82900.pdf,,Rysunki wybuchowe,10Dzbh8F8jtMOC9LP0UFrdFi8K6z1iHaN,https://drive.google.com/file/d/10Dzbh8F8jtMOC9LP0UFrdFi8K6z1iHaN/preview,https://drive.google.com/file/d/10Dzbh8F8jtMOC9LP0UFrdFi8K6z1iHaN/view?usp=drivesdk,NIE,0,0,NIE,OCR / konwersja skanu
drive-1q11dVr7zr6s4V_JFuuCsmQj8z7dLBcGd-YT-82901,YT-82901,YT82901,YATO,YT-82901,Czesci_zamienne_YT-82901.pdf,,Rysunki wybuchowe,1q11dVr7zr6s4V_JFuuCsmQj8z7dLBcGd,https://drive.google.com/file/d/1q11dVr7zr6s4V_JFuuCsmQj8z7dLBcGd/preview,https://drive.google.com/file/d/1q11dVr7zr6s4V_JFuuCsmQj8z7dLBcGd/view?usp=drivesdk,NIE,0,0,NIE,OCR / konwersja skanu
drive-1K5tgXC-ogVju-enXG9xoZ3dr48utMYuN-YT-82902,YT-82902,YT82902,YATO,YT-82902,Czesci_zamienne_YT-82902.pdf,,Rysunki wybuchowe,1K5tgXC-ogVju-enXG9xoZ3dr48utMYuN,https://drive.google.com/file/d/1K5tgXC-ogVju-enXG9xoZ3dr48utMYuN/preview,https://drive.google.com/file/d/1K5tgXC-ogVju-enXG9xoZ3dr48utMYuN/view?usp=drivesdk,NIE,0,0,NIE,OCR / konwersja skanu
drive-1rt1soBZBKC2Glm-UHbIZcNNru_Z3A4Om-YT-82903,YT-82903,YT82903,YATO,YT-82903,Czesci_zamienne_YT-82903.pdf,,Rysunki wybuchowe,1rt1soBZBKC2Glm-UHbIZcNNru_Z3A4Om,https://drive.google.com/file/d/1rt1soBZBKC2Glm-UHbIZcNNru_Z3A4Om/preview,https://drive.google.com/file/d/1rt1soBZBKC2Glm-UHbIZcNNru_Z3A4Om/view?usp=drivesdk,NIE,0,0,NIE,OCR / konwersja skanu
drive-1QMHQ-LO-4Qign9-X8avXzdxlTWz1Yt8n-YT-82904,YT-82904,YT82904,YATO,YT-82904,Czesci_zamienne_YT-82904.pdf,,Rysunki wybuchowe,1QMHQ-LO-4Qign9-X8avXzdxlTWz1Yt8n,https://drive.google.com/file/d/1QMHQ-LO-4Qign9-X8avXzdxlTWz1Yt8n/preview,https://drive.google.com/file/d/1QMHQ-LO-4Qign9-X8avXzdxlTWz1Yt8n/view?usp=drivesdk,NIE,0,0,NIE,OCR / konwersja skanu
drive-1Ya20OEdUIP-IOdAW_PtjVwokKw7RGskq-YT-82920,YT-82920,YT82920,YATO,YT-82920,Czesci_zamienne_YT-82920.pdf,,Rysunki wybuchowe,1Ya20OEdUIP-IOdAW_PtjVwokKw7RGskq,https://drive.google.com/file/d/1Ya20OEdUIP-IOdAW_PtjVwokKw7RGskq/preview,https://drive.google.com/file/d/1Ya20OEdUIP-IOdAW_PtjVwokKw7RGskq/view?usp=drivesdk,NIE,0,0,NIE,OCR / konwersja skanu
drive-1GZS4IZeUBPR6u1yyLla8_GkPFujKjRpt-YT-82922,YT-82922,YT82922,YATO,YT-82922,Czesci_zamienne_YT-82922.pdf,,Rysunki wybuchowe,1GZS4IZeUBPR6u1yyLla8_GkPFujKjRpt,https://drive.google.com/file/d/1GZS4IZeUBPR6u1yyLla8_GkPFujKjRpt/preview,https://drive.google.com/file/d/1GZS4IZeUBPR6u1yyLla8_GkPFujKjRpt/view?usp=drivesdk,NIE,0,0,NIE,OCR / konwersja skanu
drive-1gG81qH6QEI6SBjV60nJRnJKxR4R3dG1M-YT-82927,YT-82927,YT82927,YATO,YT-82927,Czesci_zamienne_YT-82927.pdf,,Rysunki wybuchowe,1gG81qH6QEI6SBjV60nJRnJKxR4R3dG1M,https://drive.google.com/file/d/1gG81qH6QEI6SBjV60nJRnJKxR4R3dG1M/preview,https://drive.google.com/file/d/1gG81qH6QEI6SBjV60nJRnJKxR4R3dG1M/view?usp=drivesdk,NIE,0,0,NIE,OCR / konwersja skanu
drive-1H7x2GaUN-u1VDVs6duAxULJ1SnhO-QH_-YT-82929,YT-82929,YT82929,YATO,YT-82929,Czesci_zamienne_YT-82929.pdf,,Rysunki wybuchowe,1H7x2GaUN-u1VDVs6duAxULJ1SnhO-QH_,https://drive.google.com/file/d/1H7x2GaUN-u1VDVs6duAxULJ1SnhO-QH_/preview,https://drive.google.com/file/d/1H7x2GaUN-u1VDVs6duAxULJ1SnhO-QH_/view?usp=drivesdk,NIE,0,0,NIE,OCR / konwersja skanu
drive-1XQ7MNekBbkoiKhvleW-YHeEETGzf_Ifb-YT-82930,YT-82930,YT82930,YATO,YT-82930,Czesci_zamienne_YT-82930.pdf,,Rysunki wybuchowe,1XQ7MNekBbkoiKhvleW-YHeEETGzf_Ifb,https://drive.google.com/file/d/1XQ7MNekBbkoiKhvleW-YHeEETGzf_Ifb/preview,https://drive.google.com/file/d/1XQ7MNekBbkoiKhvleW-YHeEETGzf_Ifb/view?usp=drivesdk,NIE,0,0,NIE,OCR / konwersja skanu
drive-1VjiTAhKKeoj3LWSmDgfkZ4RC6AlZfqNN-YT-829385,YT-829385,YT829385,YATO,YT-829385,Czesci_zamienne_YT-829385.pdf,,Rysunki wybuchowe,1VjiTAhKKeoj3LWSmDgfkZ4RC6AlZfqNN,https://drive.google.com/file/d/1VjiTAhKKeoj3LWSmDgfkZ4RC6AlZfqNN/preview,https://drive.google.com/file/d/1VjiTAhKKeoj3LWSmDgfkZ4RC6AlZfqNN/view?usp=drivesdk,NIE,0,0,NIE,OCR / konwersja skanu
drive-1toxo1ZYJk8-dJ4xWQdRSengMMYPsXKFX-YT-82955,YT-82955,YT82955,YATO,YT-82955,Czesci_zamienne_YT-82955.pdf,,Rysunki wybuchowe,1toxo1ZYJk8-dJ4xWQdRSengMMYPsXKFX,https://drive.google.com/file/d/1toxo1ZYJk8-dJ4xWQdRSengMMYPsXKFX/preview,https://drive.google.com/file/d/1toxo1ZYJk8-dJ4xWQdRSengMMYPsXKFX/view?usp=drivesdk,NIE,0,0,NIE,OCR / konwersja skanu
drive-1fU3OdMaEuw6j-rM8227opKW5E1-q3wGC-YT-8300,YT-8300,YT8300,YATO,YT-8300,Czesci_zamienne_YT-8300.pdf,,Rysunki wybuchowe,1fU3OdMaEuw6j-rM8227opKW5E1-q3wGC,https://drive.google.com/file/d/1fU3OdMaEuw6j-rM8227opKW5E1-q3wGC/preview,https://drive.google.com/file/d/1fU3OdMaEuw6j-rM8227opKW5E1-q3wGC/view?usp=drivesdk,NIE,0,0,NIE,OCR / konwersja skanu
drive-1VP2XmGPn0AgXiLq699P5x438UdozRpTH-YT-83003,YT-83003,YT83003,YATO,YT-83003,Czesci_zamienne_YT-83003.pdf,,Rysunki wybuchowe,1VP2XmGPn0AgXiLq699P5x438UdozRpTH,https://drive.google.com/file/d/1VP2XmGPn0AgXiLq699P5x438UdozRpTH/preview,https://drive.google.com/file/d/1VP2XmGPn0AgXiLq699P5x438UdozRpTH/view?usp=drivesdk,NIE,0,0,NIE,OCR / konwersja skanu
drive-1-151SLGl-whSO3BTGi9A7rJG2ZDTVyB4-YT-8301,YT-8301,YT8301,YATO,YT-8301,Czesci_zamienne_YT-8301.pdf,,Rysunki wybuchowe,1-151SLGl-whSO3BTGi9A7rJG2ZDTVyB4,https://drive.google.com/file/d/1-151SLGl-whSO3BTGi9A7rJG2ZDTVyB4/preview,https://drive.google.com/file/d/1-151SLGl-whSO3BTGi9A7rJG2ZDTVyB4/view?usp=drivesdk,NIE,0,0,NIE,OCR / konwersja skanu
drive-1NhmEzGMMxwTWTneWIf02uNY37nQUB2qZ-YT-8302,YT-8302,YT8302,YATO,YT-8302,Czesci_zamienne_YT-8302.pdf,,Rysunki wybuchowe,1NhmEzGMMxwTWTneWIf02uNY37nQUB2qZ,https://drive.google.com/file/d/1NhmEzGMMxwTWTneWIf02uNY37nQUB2qZ/preview,https://drive.google.com/file/d/1NhmEzGMMxwTWTneWIf02uNY37nQUB2qZ/view?usp=drivesdk,NIE,0,0,NIE,OCR / konwersja skanu
drive-1IoypKpnnN_ktye2O8TtbqP3uCs3ZfTjy-YT-8303,YT-8303,YT8303,YATO,YT-8303,Czesci_zamienne_YT-8303.pdf,,Rysunki wybuchowe,1IoypKpnnN_ktye2O8TtbqP3uCs3ZfTjy,https://drive.google.com/file/d/1IoypKpnnN_ktye2O8TtbqP3uCs3ZfTjy/preview,https://drive.google.com/file/d/1IoypKpnnN_ktye2O8TtbqP3uCs3ZfTjy/view?usp=drivesdk,NIE,0,0,NIE,OCR / konwersja skanu
drive-1YqQmAWbJSKhlu8UV6gS-jPF4TLUwnFYS-YT-83060,YT-83060,YT83060,YATO,YT-83060,Czesci_zamienne_YT-83060.pdf,,Rysunki wybuchowe,1YqQmAWbJSKhlu8UV6gS-jPF4TLUwnFYS,https://drive.google.com/file/d/1YqQmAWbJSKhlu8UV6gS-jPF4TLUwnFYS/preview,https://drive.google.com/file/d/1YqQmAWbJSKhlu8UV6gS-jPF4TLUwnFYS/view?usp=drivesdk,NIE,0,0,NIE,OCR / konwersja skanu
drive-1x29BMiENAXaMDyPG_D3_Q-Q0F181R3Fn-YT-83061,YT-83061,YT83061,YATO,YT-83061,Czesci_zamienne_YT-83061.pdf,,Rysunki wybuchowe,1x29BMiENAXaMDyPG_D3_Q-Q0F181R3Fn,https://drive.google.com/file/d/1x29BMiENAXaMDyPG_D3_Q-Q0F181R3Fn/preview,https://drive.google.com/file/d/1x29BMiENAXaMDyPG_D3_Q-Q0F181R3Fn/view?usp=drivesdk,NIE,0,0,NIE,OCR / konwersja skanu
drive-14c_ExUpDe96oZeWEbMyKroc9LWRiyOd_-YT-83090,YT-83090,YT83090,YATO,YT-83090,Czesci_zamienne_YT-83090.pdf,,Rysunki wybuchowe,14c_ExUpDe96oZeWEbMyKroc9LWRiyOd_,https://drive.google.com/file/d/14c_ExUpDe96oZeWEbMyKroc9LWRiyOd_/preview,https://drive.google.com/file/d/14c_ExUpDe96oZeWEbMyKroc9LWRiyOd_/view?usp=drivesdk,NIE,0,0,NIE,OCR / konwersja skanu
drive-13nV_8mVlNvASC5c6CluN3ljrgYhCHIpC-YT-83091,YT-83091,YT83091,YATO,YT-83091,Czesci_zamienne_YT-83091.pdf,,Rysunki wybuchowe,13nV_8mVlNvASC5c6CluN3ljrgYhCHIpC,https://drive.google.com/file/d/13nV_8mVlNvASC5c6CluN3ljrgYhCHIpC/preview,https://drive.google.com/file/d/13nV_8mVlNvASC5c6CluN3ljrgYhCHIpC/view?usp=drivesdk,NIE,0,0,NIE,OCR / konwersja skanu
drive-13I_52fd_dktxhcJWNfrZsyqD1MM4mNli-YT-83092,YT-83092,YT83092,YATO,YT-83092,Czesci_zamienne_YT-83092.pdf,,Rysunki wybuchowe,13I_52fd_dktxhcJWNfrZsyqD1MM4mNli,https://drive.google.com/file/d/13I_52fd_dktxhcJWNfrZsyqD1MM4mNli/preview,https://drive.google.com/file/d/13I_52fd_dktxhcJWNfrZsyqD1MM4mNli/view?usp=drivesdk,NIE,0,0,NIE,OCR / konwersja skanu
drive-10XfcLB9e3OsJOKH9NHCyBIzSSRxbHeCq-YT-8311,YT-8311,YT8311,YATO,YT-8311,Czesci_zamienne_YT-8311.pdf,,Rysunki wybuchowe,10XfcLB9e3OsJOKH9NHCyBIzSSRxbHeCq,https://drive.google.com/file/d/10XfcLB9e3OsJOKH9NHCyBIzSSRxbHeCq/preview,https://drive.google.com/file/d/10XfcLB9e3OsJOKH9NHCyBIzSSRxbHeCq/view?usp=drivesdk,NIE,0,0,NIE,OCR / konwersja skanu
drive-1JKhZbmxO9YKRyTfI2hECVHhNLh_s_nch-YT-84641,YT-84641,YT84641,YATO,YT-84641,Czesci_zamienne_YT-84641.pdf,,Rysunki wybuchowe,1JKhZbmxO9YKRyTfI2hECVHhNLh_s_nch,https://drive.google.com/file/d/1JKhZbmxO9YKRyTfI2hECVHhNLh_s_nch/preview,https://drive.google.com/file/d/1JKhZbmxO9YKRyTfI2hECVHhNLh_s_nch/view?usp=drivesdk,NIE,0,0,NIE,OCR / konwersja skanu
drive-18sMxP7COPSOtG1SKgis_1M05wBN-_6p7-YT-84770,YT-84770,YT84770,YATO,YT-84770,Czesci_zamienne_YT-84770.pdf,,Rysunki wybuchowe,18sMxP7COPSOtG1SKgis_1M05wBN-_6p7,https://drive.google.com/file/d/18sMxP7COPSOtG1SKgis_1M05wBN-_6p7/preview,https://drive.google.com/file/d/18sMxP7COPSOtG1SKgis_1M05wBN-_6p7/view?usp=drivesdk,NIE,0,0,NIE,OCR / konwersja skanu
drive-1LZUBRVJF_aATWR-rCyHnYawz6xe0zotJ-YT-84790,YT-84790,YT84790,YATO,YT-84790,Czesci_zamienne_YT-84790.pdf,,Rysunki wybuchowe,1LZUBRVJF_aATWR-rCyHnYawz6xe0zotJ,https://drive.google.com/file/d/1LZUBRVJF_aATWR-rCyHnYawz6xe0zotJ/preview,https://drive.google.com/file/d/1LZUBRVJF_aATWR-rCyHnYawz6xe0zotJ/view?usp=drivesdk,NIE,0,0,NIE,OCR / konwersja skanu
drive-1rWd42FhIVO70nHvaP1K6fF5BjvUfD8-n-YT-84800,YT-84800,YT84800,YATO,YT-84800,Czesci_zamienne_YT-84800.pdf,,Rysunki wybuchowe,1rWd42FhIVO70nHvaP1K6fF5BjvUfD8-n,https://drive.google.com/file/d/1rWd42FhIVO70nHvaP1K6fF5BjvUfD8-n/preview,https://drive.google.com/file/d/1rWd42FhIVO70nHvaP1K6fF5BjvUfD8-n/view?usp=drivesdk,NIE,0,0,NIE,OCR / konwersja skanu
drive-1NSBfjcM8KKQta2yljmm7WsquIy68rJ8U-YT-84820,YT-84820,YT84820,YATO,YT-84820,Czesci_zamienne_YT-84820.pdf,,Rysunki wybuchowe,1NSBfjcM8KKQta2yljmm7WsquIy68rJ8U,https://drive.google.com/file/d/1NSBfjcM8KKQta2yljmm7WsquIy68rJ8U/preview,https://drive.google.com/file/d/1NSBfjcM8KKQta2yljmm7WsquIy68rJ8U/view?usp=drivesdk,NIE,0,0,NIE,OCR / konwersja skanu
drive-1qBh26sCCdkcE7b2OzEdq9NuqQxVB_CxF-YT-84840,YT-84840,YT84840,YATO,YT-84840,Czesci_zamienne_YT-84840.pdf,,Rysunki wybuchowe,1qBh26sCCdkcE7b2OzEdq9NuqQxVB_CxF,https://drive.google.com/file/d/1qBh26sCCdkcE7b2OzEdq9NuqQxVB_CxF/preview,https://drive.google.com/file/d/1qBh26sCCdkcE7b2OzEdq9NuqQxVB_CxF/view?usp=drivesdk,NIE,0,0,NIE,OCR / konwersja skanu
drive-1XN6UTR1KjGiOB6EXa6X21U-qs-IaqpFG-YT-84841,YT-84841,YT84841,YATO,YT-84841,Czesci_zamienne_YT-84841.pdf,,Rysunki wybuchowe,1XN6UTR1KjGiOB6EXa6X21U-qs-IaqpFG,https://drive.google.com/file/d/1XN6UTR1KjGiOB6EXa6X21U-qs-IaqpFG/preview,https://drive.google.com/file/d/1XN6UTR1KjGiOB6EXa6X21U-qs-IaqpFG/view?usp=drivesdk,NIE,0,0,NIE,OCR / konwersja skanu
drive-14EL6oY3YjiHZW069gigI9OCcwj8OVUV3-YT-84842,YT-84842,YT84842,YATO,YT-84842,Czesci_zamienne_YT-84842.pdf,,Rysunki wybuchowe,14EL6oY3YjiHZW069gigI9OCcwj8OVUV3,https://drive.google.com/file/d/14EL6oY3YjiHZW069gigI9OCcwj8OVUV3/preview,https://drive.google.com/file/d/14EL6oY3YjiHZW069gigI9OCcwj8OVUV3/view?usp=drivesdk,NIE,0,0,NIE,OCR / konwersja skanu
drive-1dNAtL2PnFEBGezzAyPYlgxrr7P_odxRU-YT-84860,YT-84860,YT84860,YATO,YT-84860,Czesci_zamienne_YT-84860.pdf,,Rysunki wybuchowe,1dNAtL2PnFEBGezzAyPYlgxrr7P_odxRU,https://drive.google.com/file/d/1dNAtL2PnFEBGezzAyPYlgxrr7P_odxRU/preview,https://drive.google.com/file/d/1dNAtL2PnFEBGezzAyPYlgxrr7P_odxRU/view?usp=drivesdk,NIE,0,0,NIE,OCR / konwersja skanu
drive-12hGwvwXmPCxHTnvWuMLfIJDcXsS56WId-YT-84868,YT-84868,YT84868,YATO,YT-84868,Czesci_zamienne_YT-84868.pdf,,Rysunki wybuchowe,12hGwvwXmPCxHTnvWuMLfIJDcXsS56WId,https://drive.google.com/file/d/12hGwvwXmPCxHTnvWuMLfIJDcXsS56WId/preview,https://drive.google.com/file/d/12hGwvwXmPCxHTnvWuMLfIJDcXsS56WId/view?usp=drivesdk,NIE,0,0,NIE,OCR / konwersja skanu
drive-138Io90UjYSgQloIojryrmur2B-O0QGO5-YT-84870,YT-84870,YT84870,YATO,YT-84870,Czesci_zamienne_YT-84870.pdf,,Rysunki wybuchowe,138Io90UjYSgQloIojryrmur2B-O0QGO5,https://drive.google.com/file/d/138Io90UjYSgQloIojryrmur2B-O0QGO5/preview,https://drive.google.com/file/d/138Io90UjYSgQloIojryrmur2B-O0QGO5/view?usp=drivesdk,NIE,0,0,NIE,OCR / konwersja skanu
drive-1i7Ha00tWlrjfsvTIH40FP-9TSbKWeKo8-YT-84871,YT-84871,YT84871,YATO,YT-84871,Czesci_zamienne_YT-84871.pdf,,Rysunki wybuchowe,1i7Ha00tWlrjfsvTIH40FP-9TSbKWeKo8,https://drive.google.com/file/d/1i7Ha00tWlrjfsvTIH40FP-9TSbKWeKo8/preview,https://drive.google.com/file/d/1i7Ha00tWlrjfsvTIH40FP-9TSbKWeKo8/view?usp=drivesdk,NIE,0,0,NIE,OCR / konwersja skanu
drive-1hVAUxFmT-zRuC4SlKWzwo2pXyQWcSOPk-YT-84872,YT-84872,YT84872,YATO,YT-84872,Czesci_zamienne_YT-84872.pdf,,Rysunki wybuchowe,1hVAUxFmT-zRuC4SlKWzwo2pXyQWcSOPk,https://drive.google.com/file/d/1hVAUxFmT-zRuC4SlKWzwo2pXyQWcSOPk/preview,https://drive.google.com/file/d/1hVAUxFmT-zRuC4SlKWzwo2pXyQWcSOPk/view?usp=drivesdk,NIE,0,0,NIE,OCR / konwersja skanu
drive-1FZwZh20jllg8h16oY0oPudlqI3yN_26R-YT-84877,YT-84877,YT84877,YATO,YT-84877,Czesci_zamienne_YT-84877.pdf,,Rysunki wybuchowe,1FZwZh20jllg8h16oY0oPudlqI3yN_26R,https://drive.google.com/file/d/1FZwZh20jllg8h16oY0oPudlqI3yN_26R/preview,https://drive.google.com/file/d/1FZwZh20jllg8h16oY0oPudlqI3yN_26R/view?usp=drivesdk,NIE,0,0,NIE,OCR / konwersja skanu
drive-1EFKAL9JPB7qzQ-e2LPiyjoqNxi9npFWU-YT-84893,YT-84893,YT84893,YATO,YT-84893,Czesci_zamienne_YT-84893.pdf,,Rysunki wybuchowe,1EFKAL9JPB7qzQ-e2LPiyjoqNxi9npFWU,https://drive.google.com/file/d/1EFKAL9JPB7qzQ-e2LPiyjoqNxi9npFWU/preview,https://drive.google.com/file/d/1EFKAL9JPB7qzQ-e2LPiyjoqNxi9npFWU/view?usp=drivesdk,NIE,0,0,NIE,OCR / konwersja skanu
drive-1Cz1Sp_6bpEpJknDfCjCIooiIlYfy79wd-YT-84901,YT-84901,YT84901,YATO,YT-84901,Czesci_zamienne_YT-84901.pdf,,Rysunki wybuchowe,1Cz1Sp_6bpEpJknDfCjCIooiIlYfy79wd,https://drive.google.com/file/d/1Cz1Sp_6bpEpJknDfCjCIooiIlYfy79wd/preview,https://drive.google.com/file/d/1Cz1Sp_6bpEpJknDfCjCIooiIlYfy79wd/view?usp=drivesdk,NIE,0,0,NIE,OCR / konwersja skanu
drive-1iaKz9fXlygKLB0WAjhKNjBcruwCxqavS-YT-84910,YT-84910,YT84910,YATO,YT-84910,Czesci_zamienne_YT-84910.pdf,,Rysunki wybuchowe,1iaKz9fXlygKLB0WAjhKNjBcruwCxqavS,https://drive.google.com/file/d/1iaKz9fXlygKLB0WAjhKNjBcruwCxqavS/preview,https://drive.google.com/file/d/1iaKz9fXlygKLB0WAjhKNjBcruwCxqavS/view?usp=drivesdk,NIE,0,0,NIE,OCR / konwersja skanu
drive-11jP3j0-aLzxETtpBcOB2ddmqR3MCqQda-YT-84990,YT-84990,YT84990,YATO,YT-84990,Czesci_zamienne_YT-84990.pdf,,Rysunki wybuchowe,11jP3j0-aLzxETtpBcOB2ddmqR3MCqQda,https://drive.google.com/file/d/11jP3j0-aLzxETtpBcOB2ddmqR3MCqQda/preview,https://drive.google.com/file/d/11jP3j0-aLzxETtpBcOB2ddmqR3MCqQda/view?usp=drivesdk,NIE,0,0,NIE,OCR / konwersja skanu
drive-1TD68n1PbaU0fLv077uSaH70xpVv89bR1-YT-85001,YT-85001,YT85001,YATO,YT-85001,Czesci_zamienne_YT-85001.pdf,,Rysunki wybuchowe,1TD68n1PbaU0fLv077uSaH70xpVv89bR1,https://drive.google.com/file/d/1TD68n1PbaU0fLv077uSaH70xpVv89bR1/preview,https://drive.google.com/file/d/1TD68n1PbaU0fLv077uSaH70xpVv89bR1/view?usp=drivesdk,NIE,0,0,NIE,OCR / konwersja skanu
drive-19hAA6gTOm16rUpLRnqsOXhyIxiBKoUYf-YT-85010,YT-85010,YT85010,YATO,YT-85010,Czesci_zamienne_YT-85010.pdf,,Rysunki wybuchowe,19hAA6gTOm16rUpLRnqsOXhyIxiBKoUYf,https://drive.google.com/file/d/19hAA6gTOm16rUpLRnqsOXhyIxiBKoUYf/preview,https://drive.google.com/file/d/19hAA6gTOm16rUpLRnqsOXhyIxiBKoUYf/view?usp=drivesdk,NIE,0,0,NIE,OCR / konwersja skanu
drive-1Y5hAH0yDTyvTfVpaeMnWWhkt2NH4Ynmd-YT-85013,YT-85013,YT85013,YATO,YT-85013,Czesci_zamienne_YT-85013.pdf,,Rysunki wybuchowe,1Y5hAH0yDTyvTfVpaeMnWWhkt2NH4Ynmd,https://drive.google.com/file/d/1Y5hAH0yDTyvTfVpaeMnWWhkt2NH4Ynmd/preview,https://drive.google.com/file/d/1Y5hAH0yDTyvTfVpaeMnWWhkt2NH4Ynmd/view?usp=drivesdk,NIE,0,0,NIE,OCR / konwersja skanu
drive-1hbYIKHjyJFCBEzGuhqbWH-lr4n0JUKrU-YT-85014,YT-85014,YT85014,YATO,YT-85014,Czesci_zamienne_YT-85014.pdf,,Rysunki wybuchowe,1hbYIKHjyJFCBEzGuhqbWH-lr4n0JUKrU,https://drive.google.com/file/d/1hbYIKHjyJFCBEzGuhqbWH-lr4n0JUKrU/preview,https://drive.google.com/file/d/1hbYIKHjyJFCBEzGuhqbWH-lr4n0JUKrU/view?usp=drivesdk,NIE,0,0,NIE,OCR / konwersja skanu
drive-1KL6mTbem-KTzvVUsA4AWzdQt0NBM4PO1-YT-85015,YT-85015,YT85015,YATO,YT-85015,Czesci_zamienne_YT-85015.pdf,,Rysunki wybuchowe,1KL6mTbem-KTzvVUsA4AWzdQt0NBM4PO1,https://drive.google.com/file/d/1KL6mTbem-KTzvVUsA4AWzdQt0NBM4PO1/preview,https://drive.google.com/file/d/1KL6mTbem-KTzvVUsA4AWzdQt0NBM4PO1/view?usp=drivesdk,NIE,0,0,NIE,OCR / konwersja skanu
drive-1DszsCN0SdirmTeo4ywRQhTi6JaS8Xp__-YT-85017,YT-85017,YT85017,YATO,YT-85017,Czesci_zamienne_YT-85017.pdf,,Rysunki wybuchowe,1DszsCN0SdirmTeo4ywRQhTi6JaS8Xp__,https://drive.google.com/file/d/1DszsCN0SdirmTeo4ywRQhTi6JaS8Xp__/preview,https://drive.google.com/file/d/1DszsCN0SdirmTeo4ywRQhTi6JaS8Xp__/view?usp=drivesdk,NIE,0,0,NIE,OCR / konwersja skanu
drive-1lKmoHhO8hYkXOJRakUGRsIuh2Z7SBcRm-YT-85018,YT-85018,YT85018,YATO,YT-85018,Czesci_zamienne_YT-85018.pdf,,Rysunki wybuchowe,1lKmoHhO8hYkXOJRakUGRsIuh2Z7SBcRm,https://drive.google.com/file/d/1lKmoHhO8hYkXOJRakUGRsIuh2Z7SBcRm/preview,https://drive.google.com/file/d/1lKmoHhO8hYkXOJRakUGRsIuh2Z7SBcRm/view?usp=drivesdk,NIE,0,0,NIE,OCR / konwersja skanu
drive-1Y9EVHlNC_WiHCE8vPkItkZVKn90bA9Aj-YT-85019,YT-85019,YT85019,YATO,YT-85019,Czesci_zamienne_YT-85019.pdf,,Rysunki wybuchowe,1Y9EVHlNC_WiHCE8vPkItkZVKn90bA9Aj,https://drive.google.com/file/d/1Y9EVHlNC_WiHCE8vPkItkZVKn90bA9Aj/preview,https://drive.google.com/file/d/1Y9EVHlNC_WiHCE8vPkItkZVKn90bA9Aj/view?usp=drivesdk,NIE,0,0,NIE,OCR / konwersja skanu
drive-1YLDlWsK-3B6rNqk3mHpjiJnnL-HeyQRU-YT-85020,YT-85020,YT85020,YATO,YT-85020,Czesci_zamienne_YT-85020.pdf,,Rysunki wybuchowe,1YLDlWsK-3B6rNqk3mHpjiJnnL-HeyQRU,https://drive.google.com/file/d/1YLDlWsK-3B6rNqk3mHpjiJnnL-HeyQRU/preview,https://drive.google.com/file/d/1YLDlWsK-3B6rNqk3mHpjiJnnL-HeyQRU/view?usp=drivesdk,NIE,0,0,NIE,OCR / konwersja skanu
drive-1AtT0mB-d-zyZ4Il60ukXKbG8Mvt1HjQz-YT-85170,YT-85170,YT85170,YATO,YT-85170,Czesci_zamienne_YT-85170.pdf,,Rysunki wybuchowe,1AtT0mB-d-zyZ4Il60ukXKbG8Mvt1HjQz,https://drive.google.com/file/d/1AtT0mB-d-zyZ4Il60ukXKbG8Mvt1HjQz/preview,https://drive.google.com/file/d/1AtT0mB-d-zyZ4Il60ukXKbG8Mvt1HjQz/view?usp=drivesdk,NIE,0,0,NIE,OCR / konwersja skanu
drive-1sIuYJY9vDCfhbtjXn4Su6UB2lLIHhyWM-YT-85171,YT-85171,YT85171,YATO,YT-85171,Czesci_zamienne_YT-85171.pdf,,Rysunki wybuchowe,1sIuYJY9vDCfhbtjXn4Su6UB2lLIHhyWM,https://drive.google.com/file/d/1sIuYJY9vDCfhbtjXn4Su6UB2lLIHhyWM/preview,https://drive.google.com/file/d/1sIuYJY9vDCfhbtjXn4Su6UB2lLIHhyWM/view?usp=drivesdk,NIE,0,0,NIE,OCR / konwersja skanu
drive-17ckUjN9D34Ut67bduxGGh7IlTzyCtBZ8-YT-85173,YT-85173,YT85173,YATO,YT-85173,Czesci_zamienne_YT-85173.pdf,,Rysunki wybuchowe,17ckUjN9D34Ut67bduxGGh7IlTzyCtBZ8,https://drive.google.com/file/d/17ckUjN9D34Ut67bduxGGh7IlTzyCtBZ8/preview,https://drive.google.com/file/d/17ckUjN9D34Ut67bduxGGh7IlTzyCtBZ8/view?usp=drivesdk,NIE,0,0,NIE,OCR / konwersja skanu
drive-1VotsYQqW1Y-4-4x4q2oprBZacABMYtzz-YT-85175,YT-85175,YT85175,YATO,YT-85175,Czesci_zamienne_YT-85175.pdf,,Rysunki wybuchowe,1VotsYQqW1Y-4-4x4q2oprBZacABMYtzz,https://drive.google.com/file/d/1VotsYQqW1Y-4-4x4q2oprBZacABMYtzz/preview,https://drive.google.com/file/d/1VotsYQqW1Y-4-4x4q2oprBZacABMYtzz/view?usp=drivesdk,NIE,0,0,NIE,OCR / konwersja skanu
drive-1B9m2ufz7d_0D9T0losMYjEQQT6Fh5dpb-YT-85176,YT-85176,YT85176,YATO,YT-85176,Czesci_zamienne_YT-85176.pdf,,Rysunki wybuchowe,1B9m2ufz7d_0D9T0losMYjEQQT6Fh5dpb,https://drive.google.com/file/d/1B9m2ufz7d_0D9T0losMYjEQQT6Fh5dpb/preview,https://drive.google.com/file/d/1B9m2ufz7d_0D9T0losMYjEQQT6Fh5dpb/view?usp=drivesdk,NIE,0,0,NIE,OCR / konwersja skanu
drive-1Cfxs0W_ag9wBnhdkNHzLOs51R6nYfc-H-YT-85177,YT-85177,YT85177,YATO,YT-85177 — DMUCHAWA 18V,Czesci_zamienne_YT-85177.pdf,,Rysunki wybuchowe,1Cfxs0W_ag9wBnhdkNHzLOs51R6nYfc-H,https://drive.google.com/file/d/1Cfxs0W_ag9wBnhdkNHzLOs51R6nYfc-H/preview,https://drive.google.com/file/d/1Cfxs0W_ag9wBnhdkNHzLOs51R6nYfc-H/view?usp=drivesdk,NIE,0,0,NIE,OCR / konwersja skanu
drive-1jKfMsbS6BGBdGxbQ4icyvVzJu8GxAA6a-YT-85179,YT-85179,YT85179,YATO,YT-85179,Czesci_zamienne_YT-85179.pdf,,Rysunki wybuchowe,1jKfMsbS6BGBdGxbQ4icyvVzJu8GxAA6a,https://drive.google.com/file/d/1jKfMsbS6BGBdGxbQ4icyvVzJu8GxAA6a/preview,https://drive.google.com/file/d/1jKfMsbS6BGBdGxbQ4icyvVzJu8GxAA6a/view?usp=drivesdk,NIE,0,0,NIE,OCR / konwersja skanu
drive-1WobBFazp-8GrtPVknTEhkylc9L_u9F3r-YT-85180,YT-85180,YT85180,YATO,YT-85180,Czesci_zamienne_YT-85180.pdf,,Rysunki wybuchowe,1WobBFazp-8GrtPVknTEhkylc9L_u9F3r,https://drive.google.com/file/d/1WobBFazp-8GrtPVknTEhkylc9L_u9F3r/preview,https://drive.google.com/file/d/1WobBFazp-8GrtPVknTEhkylc9L_u9F3r/view?usp=drivesdk,NIE,0,0,NIE,OCR / konwersja skanu
drive-1Nn2X5Tw2kyBDqqEVL0JSd4UU1GBo0Bs2-YT-85182,YT-85182,YT85182,YATO,YT-85182,Czesci_zamienne_YT-85182.pdf,,Rysunki wybuchowe,1Nn2X5Tw2kyBDqqEVL0JSd4UU1GBo0Bs2,https://drive.google.com/file/d/1Nn2X5Tw2kyBDqqEVL0JSd4UU1GBo0Bs2/preview,https://drive.google.com/file/d/1Nn2X5Tw2kyBDqqEVL0JSd4UU1GBo0Bs2/view?usp=drivesdk,NIE,0,0,NIE,OCR / konwersja skanu
drive-1TG2ly3KHknbu4IaxkrsCpuHs3Dlg9JKU-YT-85200,YT-85200,YT85200,YATO,YT-85200,Czesci_zamienne_YT-85200.pdf,,Rysunki wybuchowe,1TG2ly3KHknbu4IaxkrsCpuHs3Dlg9JKU,https://drive.google.com/file/d/1TG2ly3KHknbu4IaxkrsCpuHs3Dlg9JKU/preview,https://drive.google.com/file/d/1TG2ly3KHknbu4IaxkrsCpuHs3Dlg9JKU/view?usp=drivesdk,NIE,0,0,NIE,OCR / konwersja skanu
drive-1o3LtJUD3h3akSnz0wGOY6FGCNRbgpcIn-YT-85205,YT-85205,YT85205,YATO,YT-85205,Czesci_zamienne_YT-85205.pdf,,Rysunki wybuchowe,1o3LtJUD3h3akSnz0wGOY6FGCNRbgpcIn,https://drive.google.com/file/d/1o3LtJUD3h3akSnz0wGOY6FGCNRbgpcIn/preview,https://drive.google.com/file/d/1o3LtJUD3h3akSnz0wGOY6FGCNRbgpcIn/view?usp=drivesdk,NIE,0,0,NIE,OCR / konwersja skanu
drive-1Mco0OUhCeARE8WvGzBjoVA_M3n5lKmdY-YT-85208,YT-85208,YT85208,YATO,YT-85208,Czesci_zamienne_YT-85208.pdf,,Rysunki wybuchowe,1Mco0OUhCeARE8WvGzBjoVA_M3n5lKmdY,https://drive.google.com/file/d/1Mco0OUhCeARE8WvGzBjoVA_M3n5lKmdY/preview,https://drive.google.com/file/d/1Mco0OUhCeARE8WvGzBjoVA_M3n5lKmdY/view?usp=drivesdk,NIE,0,0,NIE,OCR / konwersja skanu
drive-1hM9Dl7OsB7e3JEmS1rGeVmnGJ6iOzat0-YT-852081,YT-852081,YT852081,YATO,YT-852081,Czesci_zamienne_YT-852081.pdf,,Rysunki wybuchowe,1hM9Dl7OsB7e3JEmS1rGeVmnGJ6iOzat0,https://drive.google.com/file/d/1hM9Dl7OsB7e3JEmS1rGeVmnGJ6iOzat0/preview,https://drive.google.com/file/d/1hM9Dl7OsB7e3JEmS1rGeVmnGJ6iOzat0/view?usp=drivesdk,NIE,0,0,NIE,OCR / konwersja skanu
drive-17cMKA2pF8XGDkZ5jPhivVaZTOA8e7yqK-YT-852082,YT-852082,YT852082,YATO,YT-852082,Czesci_zamienne_YT-852082.pdf,,Rysunki wybuchowe,17cMKA2pF8XGDkZ5jPhivVaZTOA8e7yqK,https://drive.google.com/file/d/17cMKA2pF8XGDkZ5jPhivVaZTOA8e7yqK/preview,https://drive.google.com/file/d/17cMKA2pF8XGDkZ5jPhivVaZTOA8e7yqK/view?usp=drivesdk,NIE,0,0,NIE,OCR / konwersja skanu
drive-1v0YiyGSL1ysWpoZxQziWm66jzdvRHRYS-YT-85220,YT-85220,YT85220,YATO,YT-85220,Czesci_zamienne_YT-85220.pdf,,Rysunki wybuchowe,1v0YiyGSL1ysWpoZxQziWm66jzdvRHRYS,https://drive.google.com/file/d/1v0YiyGSL1ysWpoZxQziWm66jzdvRHRYS/preview,https://drive.google.com/file/d/1v0YiyGSL1ysWpoZxQziWm66jzdvRHRYS/view?usp=drivesdk,NIE,0,0,NIE,OCR / konwersja skanu
drive-1RblrdVOmpGwkYRm17eu-ILQha4yHLG6i-YT-85221,YT-85221,YT85221,YATO,YT-85221,Czesci_zamienne_YT-85221.pdf,,Rysunki wybuchowe,1RblrdVOmpGwkYRm17eu-ILQha4yHLG6i,https://drive.google.com/file/d/1RblrdVOmpGwkYRm17eu-ILQha4yHLG6i/preview,https://drive.google.com/file/d/1RblrdVOmpGwkYRm17eu-ILQha4yHLG6i/view?usp=drivesdk,NIE,0,0,NIE,OCR / konwersja skanu
drive-12zi7j4UPWzCBCprnB860h2W1KHeknV7Q-YT-85222,YT-85222,YT85222,YATO,YT-85222,Czesci_zamienne_YT-85222.pdf,,Rysunki wybuchowe,12zi7j4UPWzCBCprnB860h2W1KHeknV7Q,https://drive.google.com/file/d/12zi7j4UPWzCBCprnB860h2W1KHeknV7Q/preview,https://drive.google.com/file/d/12zi7j4UPWzCBCprnB860h2W1KHeknV7Q/view?usp=drivesdk,NIE,0,0,NIE,OCR / konwersja skanu
drive-1IQU4p0zUxxPEenY-G3bZVbzJh_zGdCmC-YT-85223,YT-85223,YT85223,YATO,YT-85223,Czesci_zamienne_YT-85223.pdf,,Rysunki wybuchowe,1IQU4p0zUxxPEenY-G3bZVbzJh_zGdCmC,https://drive.google.com/file/d/1IQU4p0zUxxPEenY-G3bZVbzJh_zGdCmC/preview,https://drive.google.com/file/d/1IQU4p0zUxxPEenY-G3bZVbzJh_zGdCmC/view?usp=drivesdk,NIE,0,0,NIE,OCR / konwersja skanu
drive-1D-coiCoZ8EYrjmrcd7rnZ3XnR9CbsmPA-YT-85224,YT-85224,YT85224,YATO,YT-85224,Czesci_zamienne_YT-85224.pdf,,Rysunki wybuchowe,1D-coiCoZ8EYrjmrcd7rnZ3XnR9CbsmPA,https://drive.google.com/file/d/1D-coiCoZ8EYrjmrcd7rnZ3XnR9CbsmPA/preview,https://drive.google.com/file/d/1D-coiCoZ8EYrjmrcd7rnZ3XnR9CbsmPA/view?usp=drivesdk,NIE,0,0,NIE,OCR / konwersja skanu
drive-1VvNpUvkVBEmC85Nxlges4-1KIp_MBdmf-YT-85225,YT-85225,YT85225,YATO,YT-85225,Czesci_zamienne_YT-85225.pdf,,Rysunki wybuchowe,1VvNpUvkVBEmC85Nxlges4-1KIp_MBdmf,https://drive.google.com/file/d/1VvNpUvkVBEmC85Nxlges4-1KIp_MBdmf/preview,https://drive.google.com/file/d/1VvNpUvkVBEmC85Nxlges4-1KIp_MBdmf/view?usp=drivesdk,NIE,0,0,NIE,OCR / konwersja skanu
drive-1h5sJ5wOioK0T7mb7G0w32epX-rkfqdBD-YT-85230,YT-85230,YT85230,YATO,YT-85230,Czesci_zamienne_YT-85230.pdf,,Rysunki wybuchowe,1h5sJ5wOioK0T7mb7G0w32epX-rkfqdBD,https://drive.google.com/file/d/1h5sJ5wOioK0T7mb7G0w32epX-rkfqdBD/preview,https://drive.google.com/file/d/1h5sJ5wOioK0T7mb7G0w32epX-rkfqdBD/view?usp=drivesdk,NIE,0,0,NIE,OCR / konwersja skanu
drive-1AEeQVSIuHd4uYLnYUyGrATkYHARTxBAD-YT-85234,YT-85234,YT85234,YATO,YT-85234,Czesci_zamienne_YT-85234.pdf,,Rysunki wybuchowe,1AEeQVSIuHd4uYLnYUyGrATkYHARTxBAD,https://drive.google.com/file/d/1AEeQVSIuHd4uYLnYUyGrATkYHARTxBAD/preview,https://drive.google.com/file/d/1AEeQVSIuHd4uYLnYUyGrATkYHARTxBAD/view?usp=drivesdk,NIE,0,0,NIE,OCR / konwersja skanu
drive-157GQvBuatJURFLYJOIpPEq9S26TtX1up-YT-852370,YT-852370,YT852370,YATO,YT-852370,Czesci_zamienne_YT-852370.pdf,,Rysunki wybuchowe,157GQvBuatJURFLYJOIpPEq9S26TtX1up,https://drive.google.com/file/d/157GQvBuatJURFLYJOIpPEq9S26TtX1up/preview,https://drive.google.com/file/d/157GQvBuatJURFLYJOIpPEq9S26TtX1up/view?usp=drivesdk,NIE,0,0,NIE,OCR / konwersja skanu
drive-1auPSAuiSC_gKsK3MH4eCtbzxz3QUga0_-YT-85271,YT-85271,YT85271,YATO,YT-85271,Czesci_zamienne_YT-85271.pdf,,Rysunki wybuchowe,1auPSAuiSC_gKsK3MH4eCtbzxz3QUga0_,https://drive.google.com/file/d/1auPSAuiSC_gKsK3MH4eCtbzxz3QUga0_/preview,https://drive.google.com/file/d/1auPSAuiSC_gKsK3MH4eCtbzxz3QUga0_/view?usp=drivesdk,NIE,0,0,NIE,OCR / konwersja skanu
drive-1lIJ_3jW5ajMbWwHod1GOWuBSCiXVqtYt-YT-85283,YT-85283,YT85283,YATO,YT-85283,Czesci_zamienne_YT-85283.pdf,,Rysunki wybuchowe,1lIJ_3jW5ajMbWwHod1GOWuBSCiXVqtYt,https://drive.google.com/file/d/1lIJ_3jW5ajMbWwHod1GOWuBSCiXVqtYt/preview,https://drive.google.com/file/d/1lIJ_3jW5ajMbWwHod1GOWuBSCiXVqtYt/view?usp=drivesdk,NIE,0,0,NIE,OCR / konwersja skanu
drive-1_VYzEnlH1-uSoPgOFpoVa51D7yPVyjnB-YT-85286,YT-85286,YT85286,YATO,YT-85286,Czesci_zamienne_YT-85286.pdf,,Rysunki wybuchowe,1_VYzEnlH1-uSoPgOFpoVa51D7yPVyjnB,https://drive.google.com/file/d/1_VYzEnlH1-uSoPgOFpoVa51D7yPVyjnB/preview,https://drive.google.com/file/d/1_VYzEnlH1-uSoPgOFpoVa51D7yPVyjnB/view?usp=drivesdk,NIE,0,0,NIE,OCR / konwersja skanu
drive-1O5lqWf9sdR345lErUjE9BmYpvfkAMT4F-YT-85287,YT-85287,YT85287,YATO,YT-85287,Czesci_zamienne_YT-85287.pdf,,Rysunki wybuchowe,1O5lqWf9sdR345lErUjE9BmYpvfkAMT4F,https://drive.google.com/file/d/1O5lqWf9sdR345lErUjE9BmYpvfkAMT4F/preview,https://drive.google.com/file/d/1O5lqWf9sdR345lErUjE9BmYpvfkAMT4F/view?usp=drivesdk,NIE,0,0,NIE,OCR / konwersja skanu
drive-1NoUeXbXp72QaU7tX843dWUni5MVAUTIK-YT-85300,YT-85300,YT85300,YATO,YT-85300,Czesci_zamienne_YT-85300.pdf,,Rysunki wybuchowe,1NoUeXbXp72QaU7tX843dWUni5MVAUTIK,https://drive.google.com/file/d/1NoUeXbXp72QaU7tX843dWUni5MVAUTIK/preview,https://drive.google.com/file/d/1NoUeXbXp72QaU7tX843dWUni5MVAUTIK/view?usp=drivesdk,NIE,0,0,NIE,OCR / konwersja skanu
drive-1T-xIeNQyPlZArSJri9KLbHM2tvIU0uR0-YT-85301,YT-85301,YT85301,YATO,YT-85301,Czesci_zamienne_YT-85301.pdf,,Rysunki wybuchowe,1T-xIeNQyPlZArSJri9KLbHM2tvIU0uR0,https://drive.google.com/file/d/1T-xIeNQyPlZArSJri9KLbHM2tvIU0uR0/preview,https://drive.google.com/file/d/1T-xIeNQyPlZArSJri9KLbHM2tvIU0uR0/view?usp=drivesdk,NIE,0,0,NIE,OCR / konwersja skanu
drive-1nGQ829jI31V9u4p4umXp_mMIKJqhdmJJ-YT-85330,YT-85330,YT85330,YATO,YT-85330,Czesci_zamienne_YT-85330.pdf,,Rysunki wybuchowe,1nGQ829jI31V9u4p4umXp_mMIKJqhdmJJ,https://drive.google.com/file/d/1nGQ829jI31V9u4p4umXp_mMIKJqhdmJJ/preview,https://drive.google.com/file/d/1nGQ829jI31V9u4p4umXp_mMIKJqhdmJJ/view?usp=drivesdk,NIE,0,0,NIE,OCR / konwersja skanu
drive-18sHS7hKFcdRJPL-3I6S6QJYDyqKJGGB9-YT-85333,YT-85333,YT85333,YATO,YT-85333,Czesci_zamienne_YT-85333.pdf,,Rysunki wybuchowe,18sHS7hKFcdRJPL-3I6S6QJYDyqKJGGB9,https://drive.google.com/file/d/18sHS7hKFcdRJPL-3I6S6QJYDyqKJGGB9/preview,https://drive.google.com/file/d/18sHS7hKFcdRJPL-3I6S6QJYDyqKJGGB9/view?usp=drivesdk,NIE,0,0,NIE,OCR / konwersja skanu
drive-1_iS7D352bBcDiv6sswmSPjKPTrSJt8Wt-YT-85341,YT-85341,YT85341,YATO,YT-85341,Czesci_zamienne_YT-85341.pdf,,Rysunki wybuchowe,1_iS7D352bBcDiv6sswmSPjKPTrSJt8Wt,https://drive.google.com/file/d/1_iS7D352bBcDiv6sswmSPjKPTrSJt8Wt/preview,https://drive.google.com/file/d/1_iS7D352bBcDiv6sswmSPjKPTrSJt8Wt/view?usp=drivesdk,NIE,0,0,NIE,OCR / konwersja skanu
drive-13vB46TzZ9ykLXHhjFzoEsDxzZTkVvVsN-YT-85343,YT-85343,YT85343,YATO,YT-85343,Czesci_zamienne_YT-85343.pdf,,Rysunki wybuchowe,13vB46TzZ9ykLXHhjFzoEsDxzZTkVvVsN,https://drive.google.com/file/d/13vB46TzZ9ykLXHhjFzoEsDxzZTkVvVsN/preview,https://drive.google.com/file/d/13vB46TzZ9ykLXHhjFzoEsDxzZTkVvVsN/view?usp=drivesdk,NIE,0,0,NIE,OCR / konwersja skanu
drive-1hwSsol6w4NThzcaWJBgjSuC8K-J2jTse-YT-85349,YT-85349,YT85349,YATO,YT-85349,Czesci_zamienne_YT-85349.pdf,,Rysunki wybuchowe,1hwSsol6w4NThzcaWJBgjSuC8K-J2jTse,https://drive.google.com/file/d/1hwSsol6w4NThzcaWJBgjSuC8K-J2jTse/preview,https://drive.google.com/file/d/1hwSsol6w4NThzcaWJBgjSuC8K-J2jTse/view?usp=drivesdk,NIE,0,0,NIE,OCR / konwersja skanu
drive-1QO6DXJKM0muuyX-HD30_25sN423EXaGr-YT-85350,YT-85350,YT85350,YATO,YT-85350,Czesci_zamienne_YT-85350.pdf,,Rysunki wybuchowe,1QO6DXJKM0muuyX-HD30_25sN423EXaGr,https://drive.google.com/file/d/1QO6DXJKM0muuyX-HD30_25sN423EXaGr/preview,https://drive.google.com/file/d/1QO6DXJKM0muuyX-HD30_25sN423EXaGr/view?usp=drivesdk,NIE,0,0,NIE,OCR / konwersja skanu
drive-1Fpbw-0qYy1VK4a7xr9Afc4SioCJyQgce-YT-85363,YT-85363,YT85363,YATO,YT-85363,Czesci_zamienne_YT-85363.pdf,,Rysunki wybuchowe,1Fpbw-0qYy1VK4a7xr9Afc4SioCJyQgce,https://drive.google.com/file/d/1Fpbw-0qYy1VK4a7xr9Afc4SioCJyQgce/preview,https://drive.google.com/file/d/1Fpbw-0qYy1VK4a7xr9Afc4SioCJyQgce/view?usp=drivesdk,NIE,0,0,NIE,OCR / konwersja skanu
drive-1L55eyBX3WQEqRz9Fuy5JgIbe2kHRyKY6-YT-85364,YT-85364,YT85364,YATO,YT-85364,Czesci_zamienne_YT-85364.pdf,,Rysunki wybuchowe,1L55eyBX3WQEqRz9Fuy5JgIbe2kHRyKY6,https://drive.google.com/file/d/1L55eyBX3WQEqRz9Fuy5JgIbe2kHRyKY6/preview,https://drive.google.com/file/d/1L55eyBX3WQEqRz9Fuy5JgIbe2kHRyKY6/view?usp=drivesdk,NIE,0,0,NIE,OCR / konwersja skanu
drive-1jYP9XGaH8ey8i9Q29ikp6rdCAKpl2qQo-YT-85370,YT-85370,YT85370,YATO,YT-85370,Czesci_zamienne_YT-85370.pdf,,Rysunki wybuchowe,1jYP9XGaH8ey8i9Q29ikp6rdCAKpl2qQo,https://drive.google.com/file/d/1jYP9XGaH8ey8i9Q29ikp6rdCAKpl2qQo/preview,https://drive.google.com/file/d/1jYP9XGaH8ey8i9Q29ikp6rdCAKpl2qQo/view?usp=drivesdk,NIE,0,0,NIE,OCR / konwersja skanu
drive-1KiyAvrp0IpQ0X9dhYzuFDFr7ezvkU7Ap-YT-85371,YT-85371,YT85371,YATO,YT-85371,Czesci_zamienne_YT-85371.pdf,,Rysunki wybuchowe,1KiyAvrp0IpQ0X9dhYzuFDFr7ezvkU7Ap,https://drive.google.com/file/d/1KiyAvrp0IpQ0X9dhYzuFDFr7ezvkU7Ap/preview,https://drive.google.com/file/d/1KiyAvrp0IpQ0X9dhYzuFDFr7ezvkU7Ap/view?usp=drivesdk,NIE,0,0,NIE,OCR / konwersja skanu
drive-1ejdukK6egG5BwOQqNJ95JNH3sW8UV4w7-YT-85372,YT-85372,YT85372,YATO,YT-85372,Czesci_zamienne_YT-85372.pdf,,Rysunki wybuchowe,1ejdukK6egG5BwOQqNJ95JNH3sW8UV4w7,https://drive.google.com/file/d/1ejdukK6egG5BwOQqNJ95JNH3sW8UV4w7/preview,https://drive.google.com/file/d/1ejdukK6egG5BwOQqNJ95JNH3sW8UV4w7/view?usp=drivesdk,NIE,0,0,NIE,OCR / konwersja skanu
drive-1LMsLLd2IKAMvCtseOo8J03e3eGnbx-c2-YT-85401,YT-85401,YT85401,YATO,YT-85401,Czesci_zamienne_YT-85401.pdf,,Rysunki wybuchowe,1LMsLLd2IKAMvCtseOo8J03e3eGnbx-c2,https://drive.google.com/file/d/1LMsLLd2IKAMvCtseOo8J03e3eGnbx-c2/preview,https://drive.google.com/file/d/1LMsLLd2IKAMvCtseOo8J03e3eGnbx-c2/view?usp=drivesdk,NIE,0,0,NIE,OCR / konwersja skanu
drive-1JyGK9tm7IUdsilARaL33d8H98-eqvNrt-YT-85402,YT-85402,YT85402,YATO,YT-85402,Czesci_zamienne_YT-85402.pdf,,Rysunki wybuchowe,1JyGK9tm7IUdsilARaL33d8H98-eqvNrt,https://drive.google.com/file/d/1JyGK9tm7IUdsilARaL33d8H98-eqvNrt/preview,https://drive.google.com/file/d/1JyGK9tm7IUdsilARaL33d8H98-eqvNrt/view?usp=drivesdk,NIE,0,0,NIE,OCR / konwersja skanu
drive-1KaVW_wBg-NytHgqVswuu1Qb2egHq-7i3-YT-85403,YT-85403,YT85403,YATO,YT-85403,Czesci_zamienne_YT-85403.pdf,,Rysunki wybuchowe,1KaVW_wBg-NytHgqVswuu1Qb2egHq-7i3,https://drive.google.com/file/d/1KaVW_wBg-NytHgqVswuu1Qb2egHq-7i3/preview,https://drive.google.com/file/d/1KaVW_wBg-NytHgqVswuu1Qb2egHq-7i3/view?usp=drivesdk,NIE,0,0,NIE,OCR / konwersja skanu
drive-1ZAH4gzJ5PUaxA0FxVFCxUH_nXSXaDk56-YT-85421,YT-85421,YT85421,YATO,YT-85421,Czesci_zamienne_YT-85421.pdf,,Rysunki wybuchowe,1ZAH4gzJ5PUaxA0FxVFCxUH_nXSXaDk56,https://drive.google.com/file/d/1ZAH4gzJ5PUaxA0FxVFCxUH_nXSXaDk56/preview,https://drive.google.com/file/d/1ZAH4gzJ5PUaxA0FxVFCxUH_nXSXaDk56/view?usp=drivesdk,NIE,0,0,NIE,OCR / konwersja skanu
drive-1hgAz_RLG0FiMzR54SXeGAbrh5wtyVkrU-YT-85422,YT-85422,YT85422,YATO,YT-85422,Czesci_zamienne_YT-85422.pdf,,Rysunki wybuchowe,1hgAz_RLG0FiMzR54SXeGAbrh5wtyVkrU,https://drive.google.com/file/d/1hgAz_RLG0FiMzR54SXeGAbrh5wtyVkrU/preview,https://drive.google.com/file/d/1hgAz_RLG0FiMzR54SXeGAbrh5wtyVkrU/view?usp=drivesdk,NIE,0,0,NIE,OCR / konwersja skanu
drive-1SWyj4LnzNHp_djUvo2DWFH4wUpD9WKib-YT-85432,YT-85432,YT85432,YATO,YT-85432,Czesci_zamienne_YT-85432.pdf,,Rysunki wybuchowe,1SWyj4LnzNHp_djUvo2DWFH4wUpD9WKib,https://drive.google.com/file/d/1SWyj4LnzNHp_djUvo2DWFH4wUpD9WKib/preview,https://drive.google.com/file/d/1SWyj4LnzNHp_djUvo2DWFH4wUpD9WKib/view?usp=drivesdk,NIE,0,0,NIE,OCR / konwersja skanu
drive-185-R-KLouCmBhpSYEe1URl-ntVeAsEnH-YT-85434,YT-85434,YT85434,YATO,YT-85434,Czesci_zamienne_YT-85434.pdf,,Rysunki wybuchowe,185-R-KLouCmBhpSYEe1URl-ntVeAsEnH,https://drive.google.com/file/d/185-R-KLouCmBhpSYEe1URl-ntVeAsEnH/preview,https://drive.google.com/file/d/185-R-KLouCmBhpSYEe1URl-ntVeAsEnH/view?usp=drivesdk,NIE,0,0,NIE,OCR / konwersja skanu
drive-1ZE2hekusOzLQj0hWcVBqAGe1YsFzTBtF-YT-85437,YT-85437,YT85437,YATO,YT-85437,Czesci_zamienne_YT-85437.pdf,,Rysunki wybuchowe,1ZE2hekusOzLQj0hWcVBqAGe1YsFzTBtF,https://drive.google.com/file/d/1ZE2hekusOzLQj0hWcVBqAGe1YsFzTBtF/preview,https://drive.google.com/file/d/1ZE2hekusOzLQj0hWcVBqAGe1YsFzTBtF/view?usp=drivesdk,NIE,0,0,NIE,OCR / konwersja skanu
drive-1i1ItLf9iro3wn2Bnis5HsnM3zNNFgiYm-YT-85440,YT-85440,YT85440,YATO,YT-85440,Czesci_zamienne_YT-85440.pdf,,Rysunki wybuchowe,1i1ItLf9iro3wn2Bnis5HsnM3zNNFgiYm,https://drive.google.com/file/d/1i1ItLf9iro3wn2Bnis5HsnM3zNNFgiYm/preview,https://drive.google.com/file/d/1i1ItLf9iro3wn2Bnis5HsnM3zNNFgiYm/view?usp=drivesdk,NIE,0,0,NIE,OCR / konwersja skanu
drive-1yOKvrhCkamy_9abFW1MZxuela2XjhEd1-YT-85451,YT-85451,YT85451,YATO,YT-85451,Czesci_zamienne_YT-85451.pdf,,Rysunki wybuchowe,1yOKvrhCkamy_9abFW1MZxuela2XjhEd1,https://drive.google.com/file/d/1yOKvrhCkamy_9abFW1MZxuela2XjhEd1/preview,https://drive.google.com/file/d/1yOKvrhCkamy_9abFW1MZxuela2XjhEd1/view?usp=drivesdk,NIE,0,0,NIE,OCR / konwersja skanu
drive-1AqMdOYgknJZwNLcnuDMbAgtAJl1EVwcc-YT-85453,YT-85453,YT85453,YATO,YT-85453,Czesci_zamienne_YT-85453.pdf,,Rysunki wybuchowe,1AqMdOYgknJZwNLcnuDMbAgtAJl1EVwcc,https://drive.google.com/file/d/1AqMdOYgknJZwNLcnuDMbAgtAJl1EVwcc/preview,https://drive.google.com/file/d/1AqMdOYgknJZwNLcnuDMbAgtAJl1EVwcc/view?usp=drivesdk,NIE,0,0,NIE,OCR / konwersja skanu
drive-15xlcSQpRFlrrZkE3GnjX2f2qp4eZtZyn-YT-85460,YT-85460,YT85460,YATO,YT-85460,Czesci_zamienne_YT-85460.pdf,,Rysunki wybuchowe,15xlcSQpRFlrrZkE3GnjX2f2qp4eZtZyn,https://drive.google.com/file/d/15xlcSQpRFlrrZkE3GnjX2f2qp4eZtZyn/preview,https://drive.google.com/file/d/15xlcSQpRFlrrZkE3GnjX2f2qp4eZtZyn/view?usp=drivesdk,NIE,0,0,NIE,OCR / konwersja skanu
drive-1Bt2fdH3mjE-8LD9A6fSvPvH0FdzQGZGP-YT-85481,YT-85481,YT85481,YATO,YT-85481,Czesci_zamienne_YT-85481.pdf,,Rysunki wybuchowe,1Bt2fdH3mjE-8LD9A6fSvPvH0FdzQGZGP,https://drive.google.com/file/d/1Bt2fdH3mjE-8LD9A6fSvPvH0FdzQGZGP/preview,https://drive.google.com/file/d/1Bt2fdH3mjE-8LD9A6fSvPvH0FdzQGZGP/view?usp=drivesdk,NIE,0,0,NIE,OCR / konwersja skanu
drive-1nVNKe8VVhJrGH_Wv6E0gKXBlo1SN5klI-YT-85482,YT-85482,YT85482,YATO,YT-85482,Czesci_zamienne_YT-85482.pdf,,Rysunki wybuchowe,1nVNKe8VVhJrGH_Wv6E0gKXBlo1SN5klI,https://drive.google.com/file/d/1nVNKe8VVhJrGH_Wv6E0gKXBlo1SN5klI/preview,https://drive.google.com/file/d/1nVNKe8VVhJrGH_Wv6E0gKXBlo1SN5klI/view?usp=drivesdk,NIE,0,0,NIE,OCR / konwersja skanu
drive-12_ksqHOeTAnzuLBSatVdxI5X9y6iaJxZ-YT-85483,YT-85483,YT85483,YATO,YT-85483,Czesci_zamienne_YT-85483.pdf,,Rysunki wybuchowe,12_ksqHOeTAnzuLBSatVdxI5X9y6iaJxZ,https://drive.google.com/file/d/12_ksqHOeTAnzuLBSatVdxI5X9y6iaJxZ/preview,https://drive.google.com/file/d/12_ksqHOeTAnzuLBSatVdxI5X9y6iaJxZ/view?usp=drivesdk,NIE,0,0,NIE,OCR / konwersja skanu
drive-1hoWKr1JIOyc6j1S43w8E8aE9xchxH1iw-YT-85485,YT-85485,YT85485,YATO,YT-85485,Czesci_zamienne_YT-85485.pdf,,Rysunki wybuchowe,1hoWKr1JIOyc6j1S43w8E8aE9xchxH1iw,https://drive.google.com/file/d/1hoWKr1JIOyc6j1S43w8E8aE9xchxH1iw/preview,https://drive.google.com/file/d/1hoWKr1JIOyc6j1S43w8E8aE9xchxH1iw/view?usp=drivesdk,NIE,0,0,NIE,OCR / konwersja skanu
drive-1N2MBJ0v6N-5LTusoQDDbqKm7y8EsMmvC-YT-85486,YT-85486,YT85486,YATO,YT-85486,Czesci_zamienne_YT-85486.pdf,,Rysunki wybuchowe,1N2MBJ0v6N-5LTusoQDDbqKm7y8EsMmvC,https://drive.google.com/file/d/1N2MBJ0v6N-5LTusoQDDbqKm7y8EsMmvC/preview,https://drive.google.com/file/d/1N2MBJ0v6N-5LTusoQDDbqKm7y8EsMmvC/view?usp=drivesdk,NIE,0,0,NIE,OCR / konwersja skanu
drive-1CEDuqYrUss-S6hXo5e8VAgeRKxqsxIX--YT-85520,YT-85520,YT85520,YATO,YT-85520,Czesci_zamienne_YT-85520.pdf,,Rysunki wybuchowe,1CEDuqYrUss-S6hXo5e8VAgeRKxqsxIX-,https://drive.google.com/file/d/1CEDuqYrUss-S6hXo5e8VAgeRKxqsxIX-/preview,https://drive.google.com/file/d/1CEDuqYrUss-S6hXo5e8VAgeRKxqsxIX-/view?usp=drivesdk,NIE,0,0,NIE,OCR / konwersja skanu
drive-1SAAHrOSH0V8xwJMqKMB7E4mWYcbq6qmy-YT-85521,YT-85521,YT85521,YATO,YT-85521,Czesci_zamienne_YT-85521.pdf,,Rysunki wybuchowe,1SAAHrOSH0V8xwJMqKMB7E4mWYcbq6qmy,https://drive.google.com/file/d/1SAAHrOSH0V8xwJMqKMB7E4mWYcbq6qmy/preview,https://drive.google.com/file/d/1SAAHrOSH0V8xwJMqKMB7E4mWYcbq6qmy/view?usp=drivesdk,NIE,0,0,NIE,OCR / konwersja skanu
drive-1DMCuy4WXiN_oRgXChYqoW99j8QIvThVl-YT-85525,YT-85525,YT85525,YATO,YT-85525,Czesci_zamienne_YT-85525.pdf,,Rysunki wybuchowe,1DMCuy4WXiN_oRgXChYqoW99j8QIvThVl,https://drive.google.com/file/d/1DMCuy4WXiN_oRgXChYqoW99j8QIvThVl/preview,https://drive.google.com/file/d/1DMCuy4WXiN_oRgXChYqoW99j8QIvThVl/view?usp=drivesdk,NIE,0,0,NIE,OCR / konwersja skanu
drive-1NKclqcK-tReNqlO14TqXjdTS8xhraTwa-YT-85528,YT-85528,YT85528,YATO,YT-85528,Czesci_zamienne_YT-85528.pdf,,Rysunki wybuchowe,1NKclqcK-tReNqlO14TqXjdTS8xhraTwa,https://drive.google.com/file/d/1NKclqcK-tReNqlO14TqXjdTS8xhraTwa/preview,https://drive.google.com/file/d/1NKclqcK-tReNqlO14TqXjdTS8xhraTwa/view?usp=drivesdk,NIE,0,0,NIE,OCR / konwersja skanu
drive-1Bmv6AmUfPH7cTjZlUkrpuclIZSaHiYX0-YT-85532,YT-85532,YT85532,YATO,YT-85532,Czesci_zamienne_YT-85532.pdf,,Rysunki wybuchowe,1Bmv6AmUfPH7cTjZlUkrpuclIZSaHiYX0,https://drive.google.com/file/d/1Bmv6AmUfPH7cTjZlUkrpuclIZSaHiYX0/preview,https://drive.google.com/file/d/1Bmv6AmUfPH7cTjZlUkrpuclIZSaHiYX0/view?usp=drivesdk,NIE,0,0,NIE,OCR / konwersja skanu
drive-1r165TvVlSyU41INAV-sAYUHJxyHWRqUs-YT-85533,YT-85533,YT85533,YATO,YT-85533,Czesci_zamienne_YT-85533.pdf,,Rysunki wybuchowe,1r165TvVlSyU41INAV-sAYUHJxyHWRqUs,https://drive.google.com/file/d/1r165TvVlSyU41INAV-sAYUHJxyHWRqUs/preview,https://drive.google.com/file/d/1r165TvVlSyU41INAV-sAYUHJxyHWRqUs/view?usp=drivesdk,NIE,0,0,NIE,OCR / konwersja skanu
drive-1o07RpX0eHvfkGV_I4dbFtHDWZLGiCjff-YT-85537,YT-85537,YT85537,YATO,YT-85537,Czesci_zamienne_YT-85537.pdf,,Rysunki wybuchowe,1o07RpX0eHvfkGV_I4dbFtHDWZLGiCjff,https://drive.google.com/file/d/1o07RpX0eHvfkGV_I4dbFtHDWZLGiCjff/preview,https://drive.google.com/file/d/1o07RpX0eHvfkGV_I4dbFtHDWZLGiCjff/view?usp=drivesdk,NIE,0,0,NIE,OCR / konwersja skanu
drive-10wUTmN4tbpxyN06U7vuBqL7kCzUQb92K-YT-85545,YT-85545,YT85545,YATO,YT-85545,Czesci_zamienne_YT-85545.pdf,,Rysunki wybuchowe,10wUTmN4tbpxyN06U7vuBqL7kCzUQb92K,https://drive.google.com/file/d/10wUTmN4tbpxyN06U7vuBqL7kCzUQb92K/preview,https://drive.google.com/file/d/10wUTmN4tbpxyN06U7vuBqL7kCzUQb92K/view?usp=drivesdk,NIE,0,0,NIE,OCR / konwersja skanu
drive-10cacLBinMEc7ALSkUA7HH_gY013HwChc-YT-85550,YT-85550,YT85550,YATO,YT-85550,Czesci_zamienne_YT-85550.pdf,,Rysunki wybuchowe,10cacLBinMEc7ALSkUA7HH_gY013HwChc,https://drive.google.com/file/d/10cacLBinMEc7ALSkUA7HH_gY013HwChc/preview,https://drive.google.com/file/d/10cacLBinMEc7ALSkUA7HH_gY013HwChc/view?usp=drivesdk,NIE,0,0,NIE,OCR / konwersja skanu
drive-1RkLJUFsugljgP3EX05lIpNIVU6SYAVsI-YT-85551,YT-85551,YT85551,YATO,YT-85551,Czesci_zamienne_YT-85551.pdf,,Rysunki wybuchowe,1RkLJUFsugljgP3EX05lIpNIVU6SYAVsI,https://drive.google.com/file/d/1RkLJUFsugljgP3EX05lIpNIVU6SYAVsI/preview,https://drive.google.com/file/d/1RkLJUFsugljgP3EX05lIpNIVU6SYAVsI/view?usp=drivesdk,NIE,0,0,NIE,OCR / konwersja skanu
drive-1wrC9QvLPX886qx0GywzuN5kGA7Uw35BY-YT-85552,YT-85552,YT85552,YATO,YT-85552,Czesci_zamienne_YT-85552.pdf,,Rysunki wybuchowe,1wrC9QvLPX886qx0GywzuN5kGA7Uw35BY,https://drive.google.com/file/d/1wrC9QvLPX886qx0GywzuN5kGA7Uw35BY/preview,https://drive.google.com/file/d/1wrC9QvLPX886qx0GywzuN5kGA7Uw35BY/view?usp=drivesdk,NIE,0,0,NIE,OCR / konwersja skanu
drive-1qny_iAszUJy_JGzT9CgDlFvPM98Jz_lb-YT-85553,YT-85553,YT85553,YATO,YT-85553,Czesci_zamienne_YT-85553.pdf,,Rysunki wybuchowe,1qny_iAszUJy_JGzT9CgDlFvPM98Jz_lb,https://drive.google.com/file/d/1qny_iAszUJy_JGzT9CgDlFvPM98Jz_lb/preview,https://drive.google.com/file/d/1qny_iAszUJy_JGzT9CgDlFvPM98Jz_lb/view?usp=drivesdk,NIE,0,0,NIE,OCR / konwersja skanu
drive-1IApWa-qkNU6EZL1OBZkUseMPDRQtXGpq-YT-85554,YT-85554,YT85554,YATO,YT-85554,Czesci_zamienne_YT-85554.pdf,,Rysunki wybuchowe,1IApWa-qkNU6EZL1OBZkUseMPDRQtXGpq,https://drive.google.com/file/d/1IApWa-qkNU6EZL1OBZkUseMPDRQtXGpq/preview,https://drive.google.com/file/d/1IApWa-qkNU6EZL1OBZkUseMPDRQtXGpq/view?usp=drivesdk,NIE,0,0,NIE,OCR / konwersja skanu
drive-1xwk9uci_vUi53qJGMZLgVBjNABNU76MB-YT-85570,YT-85570,YT85570,YATO,YT-85570,Czesci_zamienne_YT-85570.pdf,,Rysunki wybuchowe,1xwk9uci_vUi53qJGMZLgVBjNABNU76MB,https://drive.google.com/file/d/1xwk9uci_vUi53qJGMZLgVBjNABNU76MB/preview,https://drive.google.com/file/d/1xwk9uci_vUi53qJGMZLgVBjNABNU76MB/view?usp=drivesdk,NIE,0,0,NIE,OCR / konwersja skanu
drive-10aZjshEV_iBft-ZfmMUveXZDVzjNGKRT-YT-85580,YT-85580,YT85580,YATO,YT-85580,Czesci_zamienne_YT-85580.pdf,,Rysunki wybuchowe,10aZjshEV_iBft-ZfmMUveXZDVzjNGKRT,https://drive.google.com/file/d/10aZjshEV_iBft-ZfmMUveXZDVzjNGKRT/preview,https://drive.google.com/file/d/10aZjshEV_iBft-ZfmMUveXZDVzjNGKRT/view?usp=drivesdk,NIE,0,0,NIE,OCR / konwersja skanu
drive-1UcbLuRbqS-Qfw_F480SS5CUUUWqn3yLP-YT-85590,YT-85590,YT85590,YATO,YT-85590,Czesci_zamienne_YT-85590.pdf,,Rysunki wybuchowe,1UcbLuRbqS-Qfw_F480SS5CUUUWqn3yLP,https://drive.google.com/file/d/1UcbLuRbqS-Qfw_F480SS5CUUUWqn3yLP/preview,https://drive.google.com/file/d/1UcbLuRbqS-Qfw_F480SS5CUUUWqn3yLP/view?usp=drivesdk,NIE,0,0,NIE,OCR / konwersja skanu
drive-1q7fxdkU5Blxh-Z8aZRGghQjN5_3E-g5G-YT-85591,YT-85591,YT85591,YATO,YT-85591,Czesci_zamienne_YT-85591.pdf,,Rysunki wybuchowe,1q7fxdkU5Blxh-Z8aZRGghQjN5_3E-g5G,https://drive.google.com/file/d/1q7fxdkU5Blxh-Z8aZRGghQjN5_3E-g5G/preview,https://drive.google.com/file/d/1q7fxdkU5Blxh-Z8aZRGghQjN5_3E-g5G/view?usp=drivesdk,NIE,0,0,NIE,OCR / konwersja skanu
drive-1HOI21wXVFvvOttINWkcKsoIHgLU35cBe-YT-85592,YT-85592,YT85592,YATO,YT-85592,Czesci_zamienne_YT-85592.pdf,,Rysunki wybuchowe,1HOI21wXVFvvOttINWkcKsoIHgLU35cBe,https://drive.google.com/file/d/1HOI21wXVFvvOttINWkcKsoIHgLU35cBe/preview,https://drive.google.com/file/d/1HOI21wXVFvvOttINWkcKsoIHgLU35cBe/view?usp=drivesdk,NIE,0,0,NIE,OCR / konwersja skanu
drive-1RPCpOYcuIz4uRvW3NaiSZ23wKKWei4fu-YT-85600,YT-85600,YT85600,YATO,YT-85600,Czesci_zamienne_YT-85600.pdf,,Rysunki wybuchowe,1RPCpOYcuIz4uRvW3NaiSZ23wKKWei4fu,https://drive.google.com/file/d/1RPCpOYcuIz4uRvW3NaiSZ23wKKWei4fu/preview,https://drive.google.com/file/d/1RPCpOYcuIz4uRvW3NaiSZ23wKKWei4fu/view?usp=drivesdk,NIE,0,0,NIE,OCR / konwersja skanu
drive-1MFcbQQgP4Rk8BxDmPHnpaUlr3zwXHMzX-YT-85680,YT-85680,YT85680,YATO,YT-85680,Czesci_zamienne_YT-85680.pdf,,Rysunki wybuchowe,1MFcbQQgP4Rk8BxDmPHnpaUlr3zwXHMzX,https://drive.google.com/file/d/1MFcbQQgP4Rk8BxDmPHnpaUlr3zwXHMzX/preview,https://drive.google.com/file/d/1MFcbQQgP4Rk8BxDmPHnpaUlr3zwXHMzX/view?usp=drivesdk,NIE,0,0,NIE,OCR / konwersja skanu
drive-1HkDbrmySMThHB3XI0o3FKfhU-C79wMXC-YT-85690,YT-85690,YT85690,YATO,YT-85690,Czesci_zamienne_YT-85690.pdf,,Rysunki wybuchowe,1HkDbrmySMThHB3XI0o3FKfhU-C79wMXC,https://drive.google.com/file/d/1HkDbrmySMThHB3XI0o3FKfhU-C79wMXC/preview,https://drive.google.com/file/d/1HkDbrmySMThHB3XI0o3FKfhU-C79wMXC/view?usp=drivesdk,NIE,0,0,NIE,OCR / konwersja skanu
drive-1asvFPuCoxzqkHWSkPlP1Ki9InGJA7in5-YT-85691,YT-85691,YT85691,YATO,YT-85691,Czesci_zamienne_YT-85691.pdf,,Rysunki wybuchowe,1asvFPuCoxzqkHWSkPlP1Ki9InGJA7in5,https://drive.google.com/file/d/1asvFPuCoxzqkHWSkPlP1Ki9InGJA7in5/preview,https://drive.google.com/file/d/1asvFPuCoxzqkHWSkPlP1Ki9InGJA7in5/view?usp=drivesdk,NIE,0,0,NIE,OCR / konwersja skanu
drive-1w4I8GPFU0swxcV11ozs4FTDggaBGSJJJ-YT-85695,YT-85695,YT85695,YATO,YT-85695 YT-85696,Czesci_zamienne_YT-85695 YT-85696.pdf,,Rysunki wybuchowe,1w4I8GPFU0swxcV11ozs4FTDggaBGSJJJ,https://drive.google.com/file/d/1w4I8GPFU0swxcV11ozs4FTDggaBGSJJJ/preview,https://drive.google.com/file/d/1w4I8GPFU0swxcV11ozs4FTDggaBGSJJJ/view?usp=drivesdk,NIE,0,0,NIE,OCR / konwersja skanu
drive-1w4I8GPFU0swxcV11ozs4FTDggaBGSJJJ-YT-85696,YT-85696,YT85696,YATO,YT-85696 — YT-85695 YT-85696,Czesci_zamienne_YT-85695 YT-85696.pdf,,Rysunki wybuchowe,1w4I8GPFU0swxcV11ozs4FTDggaBGSJJJ,https://drive.google.com/file/d/1w4I8GPFU0swxcV11ozs4FTDggaBGSJJJ/preview,https://drive.google.com/file/d/1w4I8GPFU0swxcV11ozs4FTDggaBGSJJJ/view?usp=drivesdk,NIE,0,0,NIE,OCR / konwersja skanu
drive-1dRYTf9YwuUK6pfbrPJKghYO461PThLsM-YT-85700,YT-85700,YT85700,YATO,YT-85700,Czesci_zamienne_YT-85700.pdf,,Rysunki wybuchowe,1dRYTf9YwuUK6pfbrPJKghYO461PThLsM,https://drive.google.com/file/d/1dRYTf9YwuUK6pfbrPJKghYO461PThLsM/preview,https://drive.google.com/file/d/1dRYTf9YwuUK6pfbrPJKghYO461PThLsM/view?usp=drivesdk,NIE,0,0,NIE,OCR / konwersja skanu
drive-1zN2vFOBftpvTNkV4hWnCRhaSsXHH9eG6-YT-85701,YT-85701,YT85701,YATO,YT-85701,Czesci_zamienne_YT-85701.pdf,,Rysunki wybuchowe,1zN2vFOBftpvTNkV4hWnCRhaSsXHH9eG6,https://drive.google.com/file/d/1zN2vFOBftpvTNkV4hWnCRhaSsXHH9eG6/preview,https://drive.google.com/file/d/1zN2vFOBftpvTNkV4hWnCRhaSsXHH9eG6/view?usp=drivesdk,NIE,0,0,NIE,OCR / konwersja skanu
drive-1wvo1bt4p382GLzKYWw9r_3hMwBUTIk5i-YT-85702,YT-85702,YT85702,YATO,YT-85702,Czesci_zamienne_YT-85702.pdf,,Rysunki wybuchowe,1wvo1bt4p382GLzKYWw9r_3hMwBUTIk5i,https://drive.google.com/file/d/1wvo1bt4p382GLzKYWw9r_3hMwBUTIk5i/preview,https://drive.google.com/file/d/1wvo1bt4p382GLzKYWw9r_3hMwBUTIk5i/view?usp=drivesdk,NIE,0,0,NIE,OCR / konwersja skanu
drive-1yW5T5Q15jzwW1HCztfKnRLs1JSTsw8Um-YT-85710,YT-85710,YT85710,YATO,YT-85710,Czesci_zamienne_YT-85710.pdf,,Rysunki wybuchowe,1yW5T5Q15jzwW1HCztfKnRLs1JSTsw8Um,https://drive.google.com/file/d/1yW5T5Q15jzwW1HCztfKnRLs1JSTsw8Um/preview,https://drive.google.com/file/d/1yW5T5Q15jzwW1HCztfKnRLs1JSTsw8Um/view?usp=drivesdk,NIE,0,0,NIE,OCR / konwersja skanu
drive-1gjuZbaYt1MNEjPm-Cy_IXg7AEh5wHMJe-YT-85712,YT-85712,YT85712,YATO,YT-85712,Czesci_zamienne_YT-85712.pdf,,Rysunki wybuchowe,1gjuZbaYt1MNEjPm-Cy_IXg7AEh5wHMJe,https://drive.google.com/file/d/1gjuZbaYt1MNEjPm-Cy_IXg7AEh5wHMJe/preview,https://drive.google.com/file/d/1gjuZbaYt1MNEjPm-Cy_IXg7AEh5wHMJe/view?usp=drivesdk,NIE,0,0,NIE,OCR / konwersja skanu
drive-1zs4MevReKjPKZ81rusd0q6mNIEmNBn3A-YT-85715,YT-85715,YT85715,YATO,YT-85715,Czesci_zamienne_YT-85715.pdf,,Rysunki wybuchowe,1zs4MevReKjPKZ81rusd0q6mNIEmNBn3A,https://drive.google.com/file/d/1zs4MevReKjPKZ81rusd0q6mNIEmNBn3A/preview,https://drive.google.com/file/d/1zs4MevReKjPKZ81rusd0q6mNIEmNBn3A/view?usp=drivesdk,NIE,0,0,NIE,OCR / konwersja skanu
drive-1CiiqOTcdEF_lDldabuPbq4DUsoMYzg2C-YT-85716,YT-85716,YT85716,YATO,YT-85716,Czesci_zamienne_YT-85716.pdf,,Rysunki wybuchowe,1CiiqOTcdEF_lDldabuPbq4DUsoMYzg2C,https://drive.google.com/file/d/1CiiqOTcdEF_lDldabuPbq4DUsoMYzg2C/preview,https://drive.google.com/file/d/1CiiqOTcdEF_lDldabuPbq4DUsoMYzg2C/view?usp=drivesdk,NIE,0,0,NIE,OCR / konwersja skanu
drive-14FeXfbB_1je4wCiPzCJcam6wEWNMdbHI-YT-85719,YT-85719,YT85719,YATO,YT-85719,Czesci_zamienne_YT-85719.pdf,,Rysunki wybuchowe,14FeXfbB_1je4wCiPzCJcam6wEWNMdbHI,https://drive.google.com/file/d/14FeXfbB_1je4wCiPzCJcam6wEWNMdbHI/preview,https://drive.google.com/file/d/14FeXfbB_1je4wCiPzCJcam6wEWNMdbHI/view?usp=drivesdk,NIE,0,0,NIE,OCR / konwersja skanu
drive-1WEbgA7eZw6vZgwyvLaaPoKlQF9zXGlm9-YT-85720,YT-85720,YT85720,YATO,YT-85720,Czesci_zamienne_YT-85720.pdf,,Rysunki wybuchowe,1WEbgA7eZw6vZgwyvLaaPoKlQF9zXGlm9,https://drive.google.com/file/d/1WEbgA7eZw6vZgwyvLaaPoKlQF9zXGlm9/preview,https://drive.google.com/file/d/1WEbgA7eZw6vZgwyvLaaPoKlQF9zXGlm9/view?usp=drivesdk,NIE,0,0,NIE,OCR / konwersja skanu
drive-1EUvPh5KIZMI2bej4Xn5oJBmFFzjF1dFX-YT-85800,YT-85800,YT85800,YATO,YT-85800,Czesci_zamienne_YT-85800.pdf,,Rysunki wybuchowe,1EUvPh5KIZMI2bej4Xn5oJBmFFzjF1dFX,https://drive.google.com/file/d/1EUvPh5KIZMI2bej4Xn5oJBmFFzjF1dFX/preview,https://drive.google.com/file/d/1EUvPh5KIZMI2bej4Xn5oJBmFFzjF1dFX/view?usp=drivesdk,NIE,0,0,NIE,OCR / konwersja skanu
drive-1HA6i6PLMBc1GA5KCCdMMvtjsxKiONdTx-YT-85803,YT-85803,YT85803,YATO,YT-85803,Czesci_zamienne_YT-85803.pdf,,Rysunki wybuchowe,1HA6i6PLMBc1GA5KCCdMMvtjsxKiONdTx,https://drive.google.com/file/d/1HA6i6PLMBc1GA5KCCdMMvtjsxKiONdTx/preview,https://drive.google.com/file/d/1HA6i6PLMBc1GA5KCCdMMvtjsxKiONdTx/view?usp=drivesdk,NIE,0,0,NIE,OCR / konwersja skanu
drive-1VevRAIcLAADa0B8JXQqKaDuGeJiG0-p0-YT-85830,YT-85830,YT85830,YATO,YT-85830,Czesci_zamienne_YT-85830.pdf,,Rysunki wybuchowe,1VevRAIcLAADa0B8JXQqKaDuGeJiG0-p0,https://drive.google.com/file/d/1VevRAIcLAADa0B8JXQqKaDuGeJiG0-p0/preview,https://drive.google.com/file/d/1VevRAIcLAADa0B8JXQqKaDuGeJiG0-p0/view?usp=drivesdk,NIE,0,0,NIE,OCR / konwersja skanu
drive-1NpYuNbhf9DVZtYomXPFOkh4gVgETMJmD-YT-85850,YT-85850,YT85850,YATO,YT-85850,Czesci_zamienne_YT-85850.pdf,,Rysunki wybuchowe,1NpYuNbhf9DVZtYomXPFOkh4gVgETMJmD,https://drive.google.com/file/d/1NpYuNbhf9DVZtYomXPFOkh4gVgETMJmD/preview,https://drive.google.com/file/d/1NpYuNbhf9DVZtYomXPFOkh4gVgETMJmD/view?usp=drivesdk,NIE,0,0,NIE,OCR / konwersja skanu
drive-1_LMAXYt1gBdoj1VoTBqpRGfKvOnZM8tS-YT-85851,YT-85851,YT85851,YATO,YT-85851,Czesci_zamienne_YT-85851.pdf,,Rysunki wybuchowe,1_LMAXYt1gBdoj1VoTBqpRGfKvOnZM8tS,https://drive.google.com/file/d/1_LMAXYt1gBdoj1VoTBqpRGfKvOnZM8tS/preview,https://drive.google.com/file/d/1_LMAXYt1gBdoj1VoTBqpRGfKvOnZM8tS/view?usp=drivesdk,NIE,0,0,NIE,OCR / konwersja skanu
drive-1PHH3vrBhepNTMB-JTqwwoScWHSiIX757-YT-85860,YT-85860,YT85860,YATO,YT-85860,Czesci_zamienne_YT-85860.pdf,,Rysunki wybuchowe,1PHH3vrBhepNTMB-JTqwwoScWHSiIX757,https://drive.google.com/file/d/1PHH3vrBhepNTMB-JTqwwoScWHSiIX757/preview,https://drive.google.com/file/d/1PHH3vrBhepNTMB-JTqwwoScWHSiIX757/view?usp=drivesdk,NIE,0,0,NIE,OCR / konwersja skanu
drive-1VHMD2HCXv8wgTChLJUrJJXeggEXoYxIu-YT-85861,YT-85861,YT85861,YATO,YT-85861,Czesci_zamienne_YT-85861.pdf,,Rysunki wybuchowe,1VHMD2HCXv8wgTChLJUrJJXeggEXoYxIu,https://drive.google.com/file/d/1VHMD2HCXv8wgTChLJUrJJXeggEXoYxIu/preview,https://drive.google.com/file/d/1VHMD2HCXv8wgTChLJUrJJXeggEXoYxIu/view?usp=drivesdk,NIE,0,0,NIE,OCR / konwersja skanu
drive-1h2SEOzAZ2rajeS9_5m2KzMXdRW5L9us--YT-85862,YT-85862,YT85862,YATO,YT-85862,Czesci_zamienne_YT-85862.pdf,,Rysunki wybuchowe,1h2SEOzAZ2rajeS9_5m2KzMXdRW5L9us-,https://drive.google.com/file/d/1h2SEOzAZ2rajeS9_5m2KzMXdRW5L9us-/preview,https://drive.google.com/file/d/1h2SEOzAZ2rajeS9_5m2KzMXdRW5L9us-/view?usp=drivesdk,NIE,0,0,NIE,OCR / konwersja skanu
drive-1fvnqakidbfIUMg3jSd882chcOopa-Y0O-YT-85863,YT-85863,YT85863,YATO,YT-85863,Czesci_zamienne_YT-85863.pdf,,Rysunki wybuchowe,1fvnqakidbfIUMg3jSd882chcOopa-Y0O,https://drive.google.com/file/d/1fvnqakidbfIUMg3jSd882chcOopa-Y0O/preview,https://drive.google.com/file/d/1fvnqakidbfIUMg3jSd882chcOopa-Y0O/view?usp=drivesdk,NIE,0,0,NIE,OCR / konwersja skanu
drive-1aR6sJUOD2aEuGzkkJxdHMib-RpwNufNj-YT-85864,YT-85864,YT85864,YATO,YT-85864,Czesci_zamienne_YT-85864.pdf,,Rysunki wybuchowe,1aR6sJUOD2aEuGzkkJxdHMib-RpwNufNj,https://drive.google.com/file/d/1aR6sJUOD2aEuGzkkJxdHMib-RpwNufNj/preview,https://drive.google.com/file/d/1aR6sJUOD2aEuGzkkJxdHMib-RpwNufNj/view?usp=drivesdk,NIE,0,0,NIE,OCR / konwersja skanu
drive-1lZxXMHPVLImrrxvDC8CK4XCFPn-2FXs8-YT-85910,YT-85910,YT85910,YATO,YT-85910,Czesci_zamienne_YT-85910.pdf,,Rysunki wybuchowe,1lZxXMHPVLImrrxvDC8CK4XCFPn-2FXs8,https://drive.google.com/file/d/1lZxXMHPVLImrrxvDC8CK4XCFPn-2FXs8/preview,https://drive.google.com/file/d/1lZxXMHPVLImrrxvDC8CK4XCFPn-2FXs8/view?usp=drivesdk,NIE,0,0,NIE,OCR / konwersja skanu
drive-1thaVav1pZ_gH54fISsvvhc-mBlNRwZ_p-YT-85915,YT-85915,YT85915,YATO,YT-85915,Czesci_zamienne_YT-85915.pdf,,Rysunki wybuchowe,1thaVav1pZ_gH54fISsvvhc-mBlNRwZ_p,https://drive.google.com/file/d/1thaVav1pZ_gH54fISsvvhc-mBlNRwZ_p/preview,https://drive.google.com/file/d/1thaVav1pZ_gH54fISsvvhc-mBlNRwZ_p/view?usp=drivesdk,NIE,0,0,NIE,OCR / konwersja skanu
drive-1t2WodvgigO1SlguBwEDpFehAs-wl9WbC-YT-85930,YT-85930,YT85930,YATO,YT-85930,Czesci_zamienne_YT-85930.pdf,,Rysunki wybuchowe,1t2WodvgigO1SlguBwEDpFehAs-wl9WbC,https://drive.google.com/file/d/1t2WodvgigO1SlguBwEDpFehAs-wl9WbC/preview,https://drive.google.com/file/d/1t2WodvgigO1SlguBwEDpFehAs-wl9WbC/view?usp=drivesdk,NIE,0,0,NIE,OCR / konwersja skanu
drive-1ZwnTu8BJ2Z9Tj4cJe1N2ruBiBlzcZe0A-YT-86097,YT-86097,YT86097,YATO,YT-86097,Czesci_zamienne_YT-86097.pdf,,Rysunki wybuchowe,1ZwnTu8BJ2Z9Tj4cJe1N2ruBiBlzcZe0A,https://drive.google.com/file/d/1ZwnTu8BJ2Z9Tj4cJe1N2ruBiBlzcZe0A/preview,https://drive.google.com/file/d/1ZwnTu8BJ2Z9Tj4cJe1N2ruBiBlzcZe0A/view?usp=drivesdk,NIE,0,0,NIE,OCR / konwersja skanu
drive-1Ihfe12tQscAAQgNdx_1LTC4OgXioDMQC-YT-86106,YT-86106,YT86106,YATO,YT-86106,Czesci_zamienne_YT-86106.pdf,,Rysunki wybuchowe,1Ihfe12tQscAAQgNdx_1LTC4OgXioDMQC,https://drive.google.com/file/d/1Ihfe12tQscAAQgNdx_1LTC4OgXioDMQC/preview,https://drive.google.com/file/d/1Ihfe12tQscAAQgNdx_1LTC4OgXioDMQC/view?usp=drivesdk,NIE,0,0,NIE,OCR / konwersja skanu
drive-1y9KTtox2bkp6A0l9w_BiRwjU2g8enCBp-YT-86115,YT-86115,YT86115,YATO,YT-86115,Czesci_zamienne_YT-86115.pdf,,Rysunki wybuchowe,1y9KTtox2bkp6A0l9w_BiRwjU2g8enCBp,https://drive.google.com/file/d/1y9KTtox2bkp6A0l9w_BiRwjU2g8enCBp/preview,https://drive.google.com/file/d/1y9KTtox2bkp6A0l9w_BiRwjU2g8enCBp/view?usp=drivesdk,NIE,0,0,NIE,OCR / konwersja skanu
drive-1b9PnJo933JEpwB7AoEv2WGUOQ7T8g1ht-YT-86120,YT-86120,YT86120,YATO,YT-86120,Czesci_zamienne_YT-86120.pdf,,Rysunki wybuchowe,1b9PnJo933JEpwB7AoEv2WGUOQ7T8g1ht,https://drive.google.com/file/d/1b9PnJo933JEpwB7AoEv2WGUOQ7T8g1ht/preview,https://drive.google.com/file/d/1b9PnJo933JEpwB7AoEv2WGUOQ7T8g1ht/view?usp=drivesdk,NIE,0,0,NIE,OCR / konwersja skanu
drive-1GCuImpXO9805f7Y2EgiWkX4L0IiCdJP1-YT-86125,YT-86125,YT86125,YATO,YT-86125,Czesci_zamienne_YT-86125.pdf,,Rysunki wybuchowe,1GCuImpXO9805f7Y2EgiWkX4L0IiCdJP1,https://drive.google.com/file/d/1GCuImpXO9805f7Y2EgiWkX4L0IiCdJP1/preview,https://drive.google.com/file/d/1GCuImpXO9805f7Y2EgiWkX4L0IiCdJP1/view?usp=drivesdk,NIE,0,0,NIE,OCR / konwersja skanu
drive-1s_gIN-uxK_R2uh1FKYtgvhXYIRlRawh2-YT-86139,YT-86139,YT86139,YATO,YT-86139,Czesci_zamienne_YT-86139.pdf,,Rysunki wybuchowe,1s_gIN-uxK_R2uh1FKYtgvhXYIRlRawh2,https://drive.google.com/file/d/1s_gIN-uxK_R2uh1FKYtgvhXYIRlRawh2/preview,https://drive.google.com/file/d/1s_gIN-uxK_R2uh1FKYtgvhXYIRlRawh2/view?usp=drivesdk,NIE,0,0,NIE,OCR / konwersja skanu
drive-1uFQRSy4p3cI8RvTLhT_I3-nCblc5NZDU-YT-86140,YT-86140,YT86140,YATO,YT-86140,Czesci_zamienne_YT-86140.pdf,,Rysunki wybuchowe,1uFQRSy4p3cI8RvTLhT_I3-nCblc5NZDU,https://drive.google.com/file/d/1uFQRSy4p3cI8RvTLhT_I3-nCblc5NZDU/preview,https://drive.google.com/file/d/1uFQRSy4p3cI8RvTLhT_I3-nCblc5NZDU/view?usp=drivesdk,NIE,0,0,NIE,OCR / konwersja skanu
drive-1H6zDaM13S_CSjh3bcRf0bMm30n3-613f-YT-86144,YT-86144,YT86144,YATO,YT-86144,Czesci_zamienne_YT-86144.pdf,,Rysunki wybuchowe,1H6zDaM13S_CSjh3bcRf0bMm30n3-613f,https://drive.google.com/file/d/1H6zDaM13S_CSjh3bcRf0bMm30n3-613f/preview,https://drive.google.com/file/d/1H6zDaM13S_CSjh3bcRf0bMm30n3-613f/view?usp=drivesdk,NIE,0,0,NIE,OCR / konwersja skanu
drive-1ElMmE9sOhGQ1vWyUImWl6QvOBe27hiue-YT-86150,YT-86150,YT86150,YATO,YT-86150,Czesci_zamienne_YT-86150.pdf,,Rysunki wybuchowe,1ElMmE9sOhGQ1vWyUImWl6QvOBe27hiue,https://drive.google.com/file/d/1ElMmE9sOhGQ1vWyUImWl6QvOBe27hiue/preview,https://drive.google.com/file/d/1ElMmE9sOhGQ1vWyUImWl6QvOBe27hiue/view?usp=drivesdk,NIE,0,0,NIE,OCR / konwersja skanu
drive-1GwfMnp0wUmC_nqexhxWhUI9_1S1xXYPE-YT-86155,YT-86155,YT86155,YATO,YT-86155,Czesci_zamienne_YT-86155.pdf,,Rysunki wybuchowe,1GwfMnp0wUmC_nqexhxWhUI9_1S1xXYPE,https://drive.google.com/file/d/1GwfMnp0wUmC_nqexhxWhUI9_1S1xXYPE/preview,https://drive.google.com/file/d/1GwfMnp0wUmC_nqexhxWhUI9_1S1xXYPE/view?usp=drivesdk,NIE,0,0,NIE,OCR / konwersja skanu
drive-1kkvSxe4wXJGxqw-S7bXLFO7iVRWKFqQb-YT-86158,YT-86158,YT86158,YATO,YT-86158,Czesci_zamienne_YT-86158.pdf,,Rysunki wybuchowe,1kkvSxe4wXJGxqw-S7bXLFO7iVRWKFqQb,https://drive.google.com/file/d/1kkvSxe4wXJGxqw-S7bXLFO7iVRWKFqQb/preview,https://drive.google.com/file/d/1kkvSxe4wXJGxqw-S7bXLFO7iVRWKFqQb/view?usp=drivesdk,NIE,0,0,NIE,OCR / konwersja skanu
drive-1jitYdLLopR0DFFH6J-gnRRQOXkYh1y02-YT-86160,YT-86160,YT86160,YATO,YT-86160,Czesci_zamienne_YT-86160.pdf,,Rysunki wybuchowe,1jitYdLLopR0DFFH6J-gnRRQOXkYh1y02,https://drive.google.com/file/d/1jitYdLLopR0DFFH6J-gnRRQOXkYh1y02/preview,https://drive.google.com/file/d/1jitYdLLopR0DFFH6J-gnRRQOXkYh1y02/view?usp=drivesdk,NIE,0,0,NIE,OCR / konwersja skanu
drive-1kJJagT_i4vrwnqtL8R_hJNdHbFVEQZ3e-YT-86161,YT-86161,YT86161,YATO,YT-86161,Czesci_zamienne_YT-86161.pdf,,Rysunki wybuchowe,1kJJagT_i4vrwnqtL8R_hJNdHbFVEQZ3e,https://drive.google.com/file/d/1kJJagT_i4vrwnqtL8R_hJNdHbFVEQZ3e/preview,https://drive.google.com/file/d/1kJJagT_i4vrwnqtL8R_hJNdHbFVEQZ3e/view?usp=drivesdk,NIE,0,0,NIE,OCR / konwersja skanu
drive-1JtFhPZZT48yAQ6KEANQJ6QQlZnIZ0i73-YT-86200,YT-86200,YT86200,YATO,YT-86200,Czesci_zamienne_YT-86200.pdf,,Rysunki wybuchowe,1JtFhPZZT48yAQ6KEANQJ6QQlZnIZ0i73,https://drive.google.com/file/d/1JtFhPZZT48yAQ6KEANQJ6QQlZnIZ0i73/preview,https://drive.google.com/file/d/1JtFhPZZT48yAQ6KEANQJ6QQlZnIZ0i73/view?usp=drivesdk,NIE,0,0,NIE,OCR / konwersja skanu
drive-19ggdpIMRQbTL6Xorblz_fNAfjVt5zK5y-YT-86211,YT-86211,YT86211,YATO,YT-86211,Czesci_zamienne_YT-86211.pdf,,Rysunki wybuchowe,19ggdpIMRQbTL6Xorblz_fNAfjVt5zK5y,https://drive.google.com/file/d/19ggdpIMRQbTL6Xorblz_fNAfjVt5zK5y/preview,https://drive.google.com/file/d/19ggdpIMRQbTL6Xorblz_fNAfjVt5zK5y/view?usp=drivesdk,NIE,0,0,NIE,OCR / konwersja skanu
drive-1_X8AjiydeW1dXCFjI-nbpBE7yl-lau6--YT-86220,YT-86220,YT86220,YATO,YT-86220,Czesci_zamienne_YT-86220.pdf,,Rysunki wybuchowe,1_X8AjiydeW1dXCFjI-nbpBE7yl-lau6-,https://drive.google.com/file/d/1_X8AjiydeW1dXCFjI-nbpBE7yl-lau6-/preview,https://drive.google.com/file/d/1_X8AjiydeW1dXCFjI-nbpBE7yl-lau6-/view?usp=drivesdk,NIE,0,0,NIE,OCR / konwersja skanu
drive-1C2ocXWkiaYVFXupTCgygRqDMpAvXgKXb-YT-86240,YT-86240,YT86240,YATO,YT-86240,Czesci_zamienne_YT-86240.pdf,,Rysunki wybuchowe,1C2ocXWkiaYVFXupTCgygRqDMpAvXgKXb,https://drive.google.com/file/d/1C2ocXWkiaYVFXupTCgygRqDMpAvXgKXb/preview,https://drive.google.com/file/d/1C2ocXWkiaYVFXupTCgygRqDMpAvXgKXb/view?usp=drivesdk,NIE,0,0,NIE,OCR / konwersja skanu
drive-1prtvSvm31QgVPE_HOmHuHkjjklZpMkQ3-YT-86300,YT-86300,YT86300,YATO,YT-86300,Czesci_zamienne_YT-86300.pdf,,Rysunki wybuchowe,1prtvSvm31QgVPE_HOmHuHkjjklZpMkQ3,https://drive.google.com/file/d/1prtvSvm31QgVPE_HOmHuHkjjklZpMkQ3/preview,https://drive.google.com/file/d/1prtvSvm31QgVPE_HOmHuHkjjklZpMkQ3/view?usp=drivesdk,NIE,0,0,NIE,OCR / konwersja skanu
drive-19LnVqb8ktGlY8PzH7VdKWqUfeggoju2B-YT-86305,YT-86305,YT86305,YATO,YT-86305,Czesci_zamienne_YT-86305.pdf,,Rysunki wybuchowe,19LnVqb8ktGlY8PzH7VdKWqUfeggoju2B,https://drive.google.com/file/d/19LnVqb8ktGlY8PzH7VdKWqUfeggoju2B/preview,https://drive.google.com/file/d/19LnVqb8ktGlY8PzH7VdKWqUfeggoju2B/view?usp=drivesdk,NIE,0,0,NIE,OCR / konwersja skanu
drive-1ZWA0xOegFgYND6yD16NN5wj-5KR4awVa-YT-86400,YT-86400,YT86400,YATO,YT-86400,Czesci_zamienne_YT-86400.pdf,,Rysunki wybuchowe,1ZWA0xOegFgYND6yD16NN5wj-5KR4awVa,https://drive.google.com/file/d/1ZWA0xOegFgYND6yD16NN5wj-5KR4awVa/preview,https://drive.google.com/file/d/1ZWA0xOegFgYND6yD16NN5wj-5KR4awVa/view?usp=drivesdk,NIE,0,0,NIE,OCR / konwersja skanu
drive-1VjCsYWYcOYu0HfCUCadnU2K32khErwqP-YT-99500,YT-99500,YT99500,YATO,YT-99500,Czesci_zamienne_YT-99500.pdf,,Rysunki wybuchowe,1VjCsYWYcOYu0HfCUCadnU2K32khErwqP,https://drive.google.com/file/d/1VjCsYWYcOYu0HfCUCadnU2K32khErwqP/preview,https://drive.google.com/file/d/1VjCsYWYcOYu0HfCUCadnU2K32khErwqP/view?usp=drivesdk,NIE,0,0,NIE,OCR / konwersja skanu
drive-1O3lm44Yuxva9KBlPcEvYpobiaLMy_bT_-YT-99501,YT-99501,YT99501,YATO,YT-99501,Czesci_zamienne_YT-99501.pdf,,Rysunki wybuchowe,1O3lm44Yuxva9KBlPcEvYpobiaLMy_bT_,https://drive.google.com/file/d/1O3lm44Yuxva9KBlPcEvYpobiaLMy_bT_/preview,https://drive.google.com/file/d/1O3lm44Yuxva9KBlPcEvYpobiaLMy_bT_/view?usp=drivesdk,NIE,0,0,NIE,OCR / konwersja skanu
drive-1X0bSvqhnmNQTzGF76_VxO3-Ia1r3DijT-YT-99520,YT-99520,YT99520,YATO,YT-99520,Czesci_zamienne_YT-99520.pdf,,Rysunki wybuchowe,1X0bSvqhnmNQTzGF76_VxO3-Ia1r3DijT,https://drive.google.com/file/d/1X0bSvqhnmNQTzGF76_VxO3-Ia1r3DijT/preview,https://drive.google.com/file/d/1X0bSvqhnmNQTzGF76_VxO3-Ia1r3DijT/view?usp=drivesdk,NIE,0,0,NIE,OCR / konwersja skanu
drive-1WSzWUGt8uZQtK_flTNIZrWIbR9WL2-UA-YT-99530,YT-99530,YT99530,YATO,YT-99530,Czesci_zamienne_YT-99530.pdf,,Rysunki wybuchowe,1WSzWUGt8uZQtK_flTNIZrWIbR9WL2-UA,https://drive.google.com/file/d/1WSzWUGt8uZQtK_flTNIZrWIbR9WL2-UA/preview,https://drive.google.com/file/d/1WSzWUGt8uZQtK_flTNIZrWIbR9WL2-UA/view?usp=drivesdk,NIE,0,0,NIE,OCR / konwersja skanu
drive-1nN53C1z4gsNi6egaJa18MXwzSucUCxRC-YT-99531,YT-99531,YT99531,YATO,YT-99531,Czesci_zamienne_YT-99531.pdf,,Rysunki wybuchowe,1nN53C1z4gsNi6egaJa18MXwzSucUCxRC,https://drive.google.com/file/d/1nN53C1z4gsNi6egaJa18MXwzSucUCxRC/preview,https://drive.google.com/file/d/1nN53C1z4gsNi6egaJa18MXwzSucUCxRC/view?usp=drivesdk,NIE,0,0,NIE,OCR / konwersja skanu
drive-1wWHRwBQAKfed16bHgTX_BetvCF9xQrp9-YT-99532,YT-99532,YT99532,YATO,YT-99532,Czesci_zamienne_YT-99532.pdf,,Rysunki wybuchowe,1wWHRwBQAKfed16bHgTX_BetvCF9xQrp9,https://drive.google.com/file/d/1wWHRwBQAKfed16bHgTX_BetvCF9xQrp9/preview,https://drive.google.com/file/d/1wWHRwBQAKfed16bHgTX_BetvCF9xQrp9/view?usp=drivesdk,NIE,0,0,NIE,OCR / konwersja skanu
drive-1bzSdk-vOa-CYO93O0_qHf_f22UJUHnAH-YT-99536,YT-99536,YT99536,YATO,YT-99536,Czesci_zamienne_YT-99536.pdf,,Rysunki wybuchowe,1bzSdk-vOa-CYO93O0_qHf_f22UJUHnAH,https://drive.google.com/file/d/1bzSdk-vOa-CYO93O0_qHf_f22UJUHnAH/preview,https://drive.google.com/file/d/1bzSdk-vOa-CYO93O0_qHf_f22UJUHnAH/view?usp=drivesdk,NIE,0,0,NIE,OCR / konwersja skanu
drive-1FAyuocRkGMy5twzuhtvVprCURnxUepIV-YT-99650,YT-99650,YT99650,YATO,YT-99650,Czesci_zamienne_YT-99650.pdf,,Rysunki wybuchowe,1FAyuocRkGMy5twzuhtvVprCURnxUepIV,https://drive.google.com/file/d/1FAyuocRkGMy5twzuhtvVprCURnxUepIV/preview,https://drive.google.com/file/d/1FAyuocRkGMy5twzuhtvVprCURnxUepIV/view?usp=drivesdk,NIE,0,0,NIE,OCR / konwersja skanu
drive-1eDu1Gyzoa1mppUgh6WzRFAyTyYhnTA3H-YT-99651,YT-99651,YT99651,YATO,YT-99651,Czesci_zamienne_YT-99651.pdf,,Rysunki wybuchowe,1eDu1Gyzoa1mppUgh6WzRFAyTyYhnTA3H,https://drive.google.com/file/d/1eDu1Gyzoa1mppUgh6WzRFAyTyYhnTA3H/preview,https://drive.google.com/file/d/1eDu1Gyzoa1mppUgh6WzRFAyTyYhnTA3H/view?usp=drivesdk,NIE,0,0,NIE,OCR / konwersja skanu
drive-1gzu6TuDb_zH5bpFEbizn3ZPhLjmg1_EA-YT-99690,YT-99690,YT99690,YATO,YT-99690,Czesci_zamienne_YT-99690.pdf,,Rysunki wybuchowe,1gzu6TuDb_zH5bpFEbizn3ZPhLjmg1_EA,https://drive.google.com/file/d/1gzu6TuDb_zH5bpFEbizn3ZPhLjmg1_EA/preview,https://drive.google.com/file/d/1gzu6TuDb_zH5bpFEbizn3ZPhLjmg1_EA/view?usp=drivesdk,NIE,0,0,NIE,OCR / konwersja skanu
drive-1axs06S8zuqSncPrsOVPcWpbjO1emn7Zl-YT-99693,YT-99693,YT99693,YATO,YT-99693,Czesci_zamienne_YT-99693.pdf,,Rysunki wybuchowe,1axs06S8zuqSncPrsOVPcWpbjO1emn7Zl,https://drive.google.com/file/d/1axs06S8zuqSncPrsOVPcWpbjO1emn7Zl/preview,https://drive.google.com/file/d/1axs06S8zuqSncPrsOVPcWpbjO1emn7Zl/view?usp=drivesdk,NIE,0,0,NIE,OCR / konwersja skanu
drive-18xuCFQTcrh5baZqtlkMfk9sN1tdWGtUA-YT-99695,YT-99695,YT99695,YATO,YT-99695,Czesci_zamienne_YT-99695.pdf,,Rysunki wybuchowe,18xuCFQTcrh5baZqtlkMfk9sN1tdWGtUA,https://drive.google.com/file/d/18xuCFQTcrh5baZqtlkMfk9sN1tdWGtUA/preview,https://drive.google.com/file/d/18xuCFQTcrh5baZqtlkMfk9sN1tdWGtUA/view?usp=drivesdk,NIE,0,0,NIE,OCR / konwersja skanu
drive-1r4PF_LFoLmQpxDyM4ZWgzGnIOzwaDqpJ-YT-99700,YT-99700,YT99700,YATO,YT-99700,Czesci_zamienne_YT-99700.pdf,,Rysunki wybuchowe,1r4PF_LFoLmQpxDyM4ZWgzGnIOzwaDqpJ,https://drive.google.com/file/d/1r4PF_LFoLmQpxDyM4ZWgzGnIOzwaDqpJ/preview,https://drive.google.com/file/d/1r4PF_LFoLmQpxDyM4ZWgzGnIOzwaDqpJ/view?usp=drivesdk,NIE,0,0,NIE,OCR / konwersja skanu
drive-1N0wQ-xP4gI3NFr7WQbftD6K7iuPxRXz3-YT-99705,YT-99705,YT99705,YATO,YT-99705,Czesci_zamienne_YT-99705.pdf,,Rysunki wybuchowe,1N0wQ-xP4gI3NFr7WQbftD6K7iuPxRXz3,https://drive.google.com/file/d/1N0wQ-xP4gI3NFr7WQbftD6K7iuPxRXz3/preview,https://drive.google.com/file/d/1N0wQ-xP4gI3NFr7WQbftD6K7iuPxRXz3/view?usp=drivesdk,NIE,0,0,NIE,OCR / konwersja skanu
drive-1AFcZuQpUju3nIPCCVoHf2xN-Fa245MA6-YT-99710,YT-99710,YT99710,YATO,YT-99710,Czesci_zamienne_YT-99710.pdf,,Rysunki wybuchowe,1AFcZuQpUju3nIPCCVoHf2xN-Fa245MA6,https://drive.google.com/file/d/1AFcZuQpUju3nIPCCVoHf2xN-Fa245MA6/preview,https://drive.google.com/file/d/1AFcZuQpUju3nIPCCVoHf2xN-Fa245MA6/view?usp=drivesdk,NIE,0,0,NIE,OCR / konwersja skanu
drive-1pbsIKOqCy_MOV8ABdb4K-PlSXE19mfea-YT-99720,YT-99720,YT99720,YATO,YT-99720,Czesci_zamienne_YT-99720.pdf,,Rysunki wybuchowe,1pbsIKOqCy_MOV8ABdb4K-PlSXE19mfea,https://drive.google.com/file/d/1pbsIKOqCy_MOV8ABdb4K-PlSXE19mfea/preview,https://drive.google.com/file/d/1pbsIKOqCy_MOV8ABdb4K-PlSXE19mfea/view?usp=drivesdk,NIE,0,0,NIE,OCR / konwersja skanu
drive-1fJ3xNKhf0i14p9Fm4uS469JiP9HONWqt-YT-99730,YT-99730,YT99730,YATO,YT-99730,Czesci_zamienne_YT-99730.pdf,,Rysunki wybuchowe,1fJ3xNKhf0i14p9Fm4uS469JiP9HONWqt,https://drive.google.com/file/d/1fJ3xNKhf0i14p9Fm4uS469JiP9HONWqt/preview,https://drive.google.com/file/d/1fJ3xNKhf0i14p9Fm4uS469JiP9HONWqt/view?usp=drivesdk,NIE,0,0,NIE,OCR / konwersja skanu
drive-1jV05HrUj4XmoREnY30wHNp9y2vqpsMqr-YT-99733,YT-99733,YT99733,YATO,YT-99733,Czesci_zamienne_YT-99733.pdf,,Rysunki wybuchowe,1jV05HrUj4XmoREnY30wHNp9y2vqpsMqr,https://drive.google.com/file/d/1jV05HrUj4XmoREnY30wHNp9y2vqpsMqr/preview,https://drive.google.com/file/d/1jV05HrUj4XmoREnY30wHNp9y2vqpsMqr/view?usp=drivesdk,NIE,0,0,NIE,OCR / konwersja skanu
drive-10Dqmf_Q9p97rnErZ9n7NIeqwlpruq83c-YT-99738,YT-99738,YT99738,YATO,YT-99738,Czesci_zamienne_YT-99738.pdf,,Rysunki wybuchowe,10Dqmf_Q9p97rnErZ9n7NIeqwlpruq83c,https://drive.google.com/file/d/10Dqmf_Q9p97rnErZ9n7NIeqwlpruq83c/preview,https://drive.google.com/file/d/10Dqmf_Q9p97rnErZ9n7NIeqwlpruq83c/view?usp=drivesdk,NIE,0,0,NIE,OCR / konwersja skanu
drive-1TOMr2HhpgGO6J45xvy7d-aW6SUPdb7-h-YT-99739,YT-99739,YT99739,YATO,YT-99739,Czesci_zamienne_YT-99739.pdf,,Rysunki wybuchowe,1TOMr2HhpgGO6J45xvy7d-aW6SUPdb7-h,https://drive.google.com/file/d/1TOMr2HhpgGO6J45xvy7d-aW6SUPdb7-h/preview,https://drive.google.com/file/d/1TOMr2HhpgGO6J45xvy7d-aW6SUPdb7-h/view?usp=drivesdk,NIE,0,0,NIE,OCR / konwersja skanu
drive-1_Sz7yMCBnVBWXhB4hP69Ew5cHU6lxY7g-YT-99740,YT-99740,YT99740,YATO,YT-99740,Czesci_zamienne_YT-99740.pdf,,Rysunki wybuchowe,1_Sz7yMCBnVBWXhB4hP69Ew5cHU6lxY7g,https://drive.google.com/file/d/1_Sz7yMCBnVBWXhB4hP69Ew5cHU6lxY7g/preview,https://drive.google.com/file/d/1_Sz7yMCBnVBWXhB4hP69Ew5cHU6lxY7g/view?usp=drivesdk,NIE,0,0,NIE,OCR / konwersja skanu
drive-1jmxa2WhFxt_5TdpVNRlUt_RD8mT7OnPo-YT-99743,YT-99743,YT99743,YATO,YT-99743,Czesci_zamienne_YT-99743.pdf,,Rysunki wybuchowe,1jmxa2WhFxt_5TdpVNRlUt_RD8mT7OnPo,https://drive.google.com/file/d/1jmxa2WhFxt_5TdpVNRlUt_RD8mT7OnPo/preview,https://drive.google.com/file/d/1jmxa2WhFxt_5TdpVNRlUt_RD8mT7OnPo/view?usp=drivesdk,NIE,0,0,NIE,OCR / konwersja skanu
drive-1oEwSBnBx8pVF9c6GbbOBQjQqx9GhOFnu-YT-99760,YT-99760,YT99760,YATO,YT-99760,Czesci_zamienne_YT-99760.pdf,,Rysunki wybuchowe,1oEwSBnBx8pVF9c6GbbOBQjQqx9GhOFnu,https://drive.google.com/file/d/1oEwSBnBx8pVF9c6GbbOBQjQqx9GhOFnu/preview,https://drive.google.com/file/d/1oEwSBnBx8pVF9c6GbbOBQjQqx9GhOFnu/view?usp=drivesdk,NIE,0,0,NIE,OCR / konwersja skanu
drive-1aRXtj6EzI6N_Smxe7tup6qOK4iNKpmu8-YT-99763,YT-99763,YT99763,YATO,YT-99763,Czesci_zamienne_YT-99763.pdf,,Rysunki wybuchowe,1aRXtj6EzI6N_Smxe7tup6qOK4iNKpmu8,https://drive.google.com/file/d/1aRXtj6EzI6N_Smxe7tup6qOK4iNKpmu8/preview,https://drive.google.com/file/d/1aRXtj6EzI6N_Smxe7tup6qOK4iNKpmu8/view?usp=drivesdk,NIE,0,0,NIE,OCR / konwersja skanu
drive-105oFJqRI0PIKlpxMzFO_ohc4Xp26qlW--YG-03000,YG-03000,YG03000,YATO GASTRO,YG-03000,Czesci_zamienne_YG-03000.pdf,,Rysunki wybuchowe,105oFJqRI0PIKlpxMzFO_ohc4Xp26qlW-,https://drive.google.com/file/d/105oFJqRI0PIKlpxMzFO_ohc4Xp26qlW-/preview,https://drive.google.com/file/d/105oFJqRI0PIKlpxMzFO_ohc4Xp26qlW-/view?usp=drivesdk,NIE,0,0,NIE,OCR / konwersja skanu
drive-18LeGgvNVJHTSshsvRUtnKCppw6rD9gfF-YG-03006,YG-03006,YG03006,YATO GASTRO,YG-03006,Czesci_zamienne_YG-03006.pdf,,Rysunki wybuchowe,18LeGgvNVJHTSshsvRUtnKCppw6rD9gfF,https://drive.google.com/file/d/18LeGgvNVJHTSshsvRUtnKCppw6rD9gfF/preview,https://drive.google.com/file/d/18LeGgvNVJHTSshsvRUtnKCppw6rD9gfF/view?usp=drivesdk,NIE,0,0,NIE,OCR / konwersja skanu
drive-1x-lpIKRsjmm6waU1FnseweaQIWPyN72b-YG-03012,YG-03012,YG03012,YATO GASTRO,YG-03012,Czesci_zamienne_YG-03012.pdf,,Rysunki wybuchowe,1x-lpIKRsjmm6waU1FnseweaQIWPyN72b,https://drive.google.com/file/d/1x-lpIKRsjmm6waU1FnseweaQIWPyN72b/preview,https://drive.google.com/file/d/1x-lpIKRsjmm6waU1FnseweaQIWPyN72b/view?usp=drivesdk,NIE,0,0,NIE,OCR / konwersja skanu
drive-1eatWRR1WFJvpOgnP94zckDHY1Mq6YruX-YG-03020,YG-03020,YG03020,YATO GASTRO,YG-03020,Czesci_zamienne_YG-03020.pdf,,Rysunki wybuchowe,1eatWRR1WFJvpOgnP94zckDHY1Mq6YruX,https://drive.google.com/file/d/1eatWRR1WFJvpOgnP94zckDHY1Mq6YruX/preview,https://drive.google.com/file/d/1eatWRR1WFJvpOgnP94zckDHY1Mq6YruX/view?usp=drivesdk,NIE,0,0,NIE,OCR / konwersja skanu
drive-1H-gTJMBC7lXDDkqixecPkOYYP5cOwpfu-YG-03021,YG-03021,YG03021,YATO GASTRO,YG-03021,Czesci_zamienne_YG-03021.pdf,,Rysunki wybuchowe,1H-gTJMBC7lXDDkqixecPkOYYP5cOwpfu,https://drive.google.com/file/d/1H-gTJMBC7lXDDkqixecPkOYYP5cOwpfu/preview,https://drive.google.com/file/d/1H-gTJMBC7lXDDkqixecPkOYYP5cOwpfu/view?usp=drivesdk,NIE,0,0,NIE,OCR / konwersja skanu
drive-1VEZ6VscdKxQHI1aSBuUuIaPLX8E6Lqx5-YG-03022,YG-03022,YG03022,YATO GASTRO,YG-03022,Czesci_zamienne_YG-03022.pdf,,Rysunki wybuchowe,1VEZ6VscdKxQHI1aSBuUuIaPLX8E6Lqx5,https://drive.google.com/file/d/1VEZ6VscdKxQHI1aSBuUuIaPLX8E6Lqx5/preview,https://drive.google.com/file/d/1VEZ6VscdKxQHI1aSBuUuIaPLX8E6Lqx5/view?usp=drivesdk,NIE,0,0,NIE,OCR / konwersja skanu
drive-1kbJM8q37BCPYMOzAwj8_bC-Atvz3Lig--YG-03023,YG-03023,YG03023,YATO GASTRO,YG-03023,Czesci_zamienne_YG-03023.pdf,,Rysunki wybuchowe,1kbJM8q37BCPYMOzAwj8_bC-Atvz3Lig-,https://drive.google.com/file/d/1kbJM8q37BCPYMOzAwj8_bC-Atvz3Lig-/preview,https://drive.google.com/file/d/1kbJM8q37BCPYMOzAwj8_bC-Atvz3Lig-/view?usp=drivesdk,NIE,0,0,NIE,OCR / konwersja skanu
drive-1TwPO-bpJv9UpTZGwsDidk2QInwreHQey-YG-03025,YG-03025,YG03025,YATO GASTRO,YG-03025,Czesci_zamienne_YG-03025.pdf,,Rysunki wybuchowe,1TwPO-bpJv9UpTZGwsDidk2QInwreHQey,https://drive.google.com/file/d/1TwPO-bpJv9UpTZGwsDidk2QInwreHQey/preview,https://drive.google.com/file/d/1TwPO-bpJv9UpTZGwsDidk2QInwreHQey/view?usp=drivesdk,NIE,0,0,NIE,OCR / konwersja skanu
drive-1d_gYqOxsd1Azkoqi1kRlvuuLbEfkzZtP-YG-03026,YG-03026,YG03026,YATO GASTRO,YG-03026,Czesci_zamienne_YG-03026.pdf,,Rysunki wybuchowe,1d_gYqOxsd1Azkoqi1kRlvuuLbEfkzZtP,https://drive.google.com/file/d/1d_gYqOxsd1Azkoqi1kRlvuuLbEfkzZtP/preview,https://drive.google.com/file/d/1d_gYqOxsd1Azkoqi1kRlvuuLbEfkzZtP/view?usp=drivesdk,NIE,0,0,NIE,OCR / konwersja skanu
drive-12HSkxCWQe77u3ARCrq5MdyiOsc97Bqa--YG-03027,YG-03027,YG03027,YATO GASTRO,YG-03027,Czesci_zamienne_YG-03027.pdf,,Rysunki wybuchowe,12HSkxCWQe77u3ARCrq5MdyiOsc97Bqa-,https://drive.google.com/file/d/12HSkxCWQe77u3ARCrq5MdyiOsc97Bqa-/preview,https://drive.google.com/file/d/12HSkxCWQe77u3ARCrq5MdyiOsc97Bqa-/view?usp=drivesdk,NIE,0,0,NIE,OCR / konwersja skanu
drive-1ky_LpDsn5P0tQG5iFXJNaPjqImkEzqC7-YG-03028,YG-03028,YG03028,YATO GASTRO,YG-03028,Czesci_zamienne_YG-03028.pdf,,Rysunki wybuchowe,1ky_LpDsn5P0tQG5iFXJNaPjqImkEzqC7,https://drive.google.com/file/d/1ky_LpDsn5P0tQG5iFXJNaPjqImkEzqC7/preview,https://drive.google.com/file/d/1ky_LpDsn5P0tQG5iFXJNaPjqImkEzqC7/view?usp=drivesdk,NIE,0,0,NIE,OCR / konwersja skanu
drive-1GSZJKQkrsN19VgLZmoBjv_wWGbnjdFdw-YG-03029,YG-03029,YG03029,YATO GASTRO,YG-03029,Czesci_zamienne_YG-03029.pdf,,Rysunki wybuchowe,1GSZJKQkrsN19VgLZmoBjv_wWGbnjdFdw,https://drive.google.com/file/d/1GSZJKQkrsN19VgLZmoBjv_wWGbnjdFdw/preview,https://drive.google.com/file/d/1GSZJKQkrsN19VgLZmoBjv_wWGbnjdFdw/view?usp=drivesdk,NIE,0,0,NIE,OCR / konwersja skanu
drive-1AOkqcXFtoU9KMZ8uRuYHp_kD4wMBqfyc-YG-03059,YG-03059,YG03059,YATO GASTRO,YG-03059,Czesci_zamienne_YG-03059.pdf,,Rysunki wybuchowe,1AOkqcXFtoU9KMZ8uRuYHp_kD4wMBqfyc,https://drive.google.com/file/d/1AOkqcXFtoU9KMZ8uRuYHp_kD4wMBqfyc/preview,https://drive.google.com/file/d/1AOkqcXFtoU9KMZ8uRuYHp_kD4wMBqfyc/view?usp=drivesdk,NIE,0,0,NIE,OCR / konwersja skanu
drive-1tfsvYbLxnrbz5gSzSInEYYgPNnssxCRM-YG-03060,YG-03060,YG03060,YATO GASTRO,YG-03060,Czesci_zamienne_YG-03060.pdf,,Rysunki wybuchowe,1tfsvYbLxnrbz5gSzSInEYYgPNnssxCRM,https://drive.google.com/file/d/1tfsvYbLxnrbz5gSzSInEYYgPNnssxCRM/preview,https://drive.google.com/file/d/1tfsvYbLxnrbz5gSzSInEYYgPNnssxCRM/view?usp=drivesdk,NIE,0,0,NIE,OCR / konwersja skanu
drive-1KQ7ZOOlgAkLGWp7O1Xn8Gc7zXHIcaXGj-YG-03062,YG-03062,YG03062,YATO GASTRO,YG-03062,Czesci_zamienne_YG-03062.pdf,,Rysunki wybuchowe,1KQ7ZOOlgAkLGWp7O1Xn8Gc7zXHIcaXGj,https://drive.google.com/file/d/1KQ7ZOOlgAkLGWp7O1Xn8Gc7zXHIcaXGj/preview,https://drive.google.com/file/d/1KQ7ZOOlgAkLGWp7O1Xn8Gc7zXHIcaXGj/view?usp=drivesdk,NIE,0,0,NIE,OCR / konwersja skanu
drive-1jss2V9QMPqBuiUI1waI_G4wb64fW97sC-YG-03065,YG-03065,YG03065,YATO GASTRO,YG-03065,Czesci_zamienne_YG-03065.pdf,,Rysunki wybuchowe,1jss2V9QMPqBuiUI1waI_G4wb64fW97sC,https://drive.google.com/file/d/1jss2V9QMPqBuiUI1waI_G4wb64fW97sC/preview,https://drive.google.com/file/d/1jss2V9QMPqBuiUI1waI_G4wb64fW97sC/view?usp=drivesdk,NIE,0,0,NIE,OCR / konwersja skanu
drive-1Pz53c5_1wzs7jivaZZuTIYLwfhUGLLvm-YG-03068,YG-03068,YG03068,YATO GASTRO,YG-03068,Czesci_zamienne_YG-03068.pdf,,Rysunki wybuchowe,1Pz53c5_1wzs7jivaZZuTIYLwfhUGLLvm,https://drive.google.com/file/d/1Pz53c5_1wzs7jivaZZuTIYLwfhUGLLvm/preview,https://drive.google.com/file/d/1Pz53c5_1wzs7jivaZZuTIYLwfhUGLLvm/view?usp=drivesdk,NIE,0,0,NIE,OCR / konwersja skanu
drive-1UYLgAtvSTGPeDYAulHk3Cl0Lo-xJ9HrV-YG-03087,YG-03087,YG03087,YATO GASTRO,YG-03087,Czesci_zamienne_YG-03087.pdf,,Rysunki wybuchowe,1UYLgAtvSTGPeDYAulHk3Cl0Lo-xJ9HrV,https://drive.google.com/file/d/1UYLgAtvSTGPeDYAulHk3Cl0Lo-xJ9HrV/preview,https://drive.google.com/file/d/1UYLgAtvSTGPeDYAulHk3Cl0Lo-xJ9HrV/view?usp=drivesdk,NIE,0,0,NIE,OCR / konwersja skanu
drive-1vu_XZA6z1gYf0dRyWVkbTZ0ue6qtPLqB-YG-03090,YG-03090,YG03090,YATO GASTRO,YG-03090,Czesci_zamienne_YG-03090.pdf,,Rysunki wybuchowe,1vu_XZA6z1gYf0dRyWVkbTZ0ue6qtPLqB,https://drive.google.com/file/d/1vu_XZA6z1gYf0dRyWVkbTZ0ue6qtPLqB/preview,https://drive.google.com/file/d/1vu_XZA6z1gYf0dRyWVkbTZ0ue6qtPLqB/view?usp=drivesdk,NIE,0,0,NIE,OCR / konwersja skanu
drive-1vRlMbx4EzZABAznWqY8U4IPJkNfbeDEx-YG-03100,YG-03100,YG03100,YATO GASTRO,YG-03100,Czesci_zamienne_YG-03100.pdf,,Rysunki wybuchowe,1vRlMbx4EzZABAznWqY8U4IPJkNfbeDEx,https://drive.google.com/file/d/1vRlMbx4EzZABAznWqY8U4IPJkNfbeDEx/preview,https://drive.google.com/file/d/1vRlMbx4EzZABAznWqY8U4IPJkNfbeDEx/view?usp=drivesdk,NIE,0,0,NIE,OCR / konwersja skanu
drive-1Mu0J7afZaCsMue-8L2FEWPGJ-aRJthzW-YG-03110,YG-03110,YG03110,YATO GASTRO,YG-03110,Czesci_zamienne_YG-03110.pdf,,Rysunki wybuchowe,1Mu0J7afZaCsMue-8L2FEWPGJ-aRJthzW,https://drive.google.com/file/d/1Mu0J7afZaCsMue-8L2FEWPGJ-aRJthzW/preview,https://drive.google.com/file/d/1Mu0J7afZaCsMue-8L2FEWPGJ-aRJthzW/view?usp=drivesdk,NIE,0,0,NIE,OCR / konwersja skanu
drive-1QsSdZWU-Efah03borBdNeFvYdm454TOZ-YG-03120,YG-03120,YG03120,YATO GASTRO,YG-03120,Czesci_zamienne_YG-03120.pdf,,Rysunki wybuchowe,1QsSdZWU-Efah03borBdNeFvYdm454TOZ,https://drive.google.com/file/d/1QsSdZWU-Efah03borBdNeFvYdm454TOZ/preview,https://drive.google.com/file/d/1QsSdZWU-Efah03borBdNeFvYdm454TOZ/view?usp=drivesdk,NIE,0,0,NIE,OCR / konwersja skanu
drive-1QrqnLXGcEVVyg92Z2pAJr6e6JB3nWNzJ-YG-03130,YG-03130,YG03130,YATO GASTRO,YG-03130,Czesci_zamienne_YG-03130.pdf,,Rysunki wybuchowe,1QrqnLXGcEVVyg92Z2pAJr6e6JB3nWNzJ,https://drive.google.com/file/d/1QrqnLXGcEVVyg92Z2pAJr6e6JB3nWNzJ/preview,https://drive.google.com/file/d/1QrqnLXGcEVVyg92Z2pAJr6e6JB3nWNzJ/view?usp=drivesdk,NIE,0,0,NIE,OCR / konwersja skanu
drive-1kl7ahBltHPoM_gDL-AOPnnIapcqQNRl4-YG-03200,YG-03200,YG03200,YATO GASTRO,YG-03200,Czesci_zamienne_YG-03200.pdf,,Rysunki wybuchowe,1kl7ahBltHPoM_gDL-AOPnnIapcqQNRl4,https://drive.google.com/file/d/1kl7ahBltHPoM_gDL-AOPnnIapcqQNRl4/preview,https://drive.google.com/file/d/1kl7ahBltHPoM_gDL-AOPnnIapcqQNRl4/view?usp=drivesdk,NIE,0,0,NIE,OCR / konwersja skanu
drive-1Qq3DZYL87u4e41fypbuBDVkrEM34JaSQ-YG-03211,YG-03211,YG03211,YATO GASTRO,YG-03211,Czesci_zamienne_YG-03211.pdf,,Rysunki wybuchowe,1Qq3DZYL87u4e41fypbuBDVkrEM34JaSQ,https://drive.google.com/file/d/1Qq3DZYL87u4e41fypbuBDVkrEM34JaSQ/preview,https://drive.google.com/file/d/1Qq3DZYL87u4e41fypbuBDVkrEM34JaSQ/view?usp=drivesdk,NIE,0,0,NIE,OCR / konwersja skanu
drive-1PU37ufjdQW4-tchiH4b_ddx9QBDzN7kp-YG-03215,YG-03215,YG03215,YATO GASTRO,YG-03215,Czesci_zamienne_YG-03215.pdf,,Rysunki wybuchowe,1PU37ufjdQW4-tchiH4b_ddx9QBDzN7kp,https://drive.google.com/file/d/1PU37ufjdQW4-tchiH4b_ddx9QBDzN7kp/preview,https://drive.google.com/file/d/1PU37ufjdQW4-tchiH4b_ddx9QBDzN7kp/view?usp=drivesdk,NIE,0,0,NIE,OCR / konwersja skanu
drive-1VKIipqmUgD1eUunW00UqB-sBi1-7mM7R-YG-03231,YG-03231,YG03231,YATO GASTRO,YG-03231,Czesci_zamienne_YG-03231.pdf,,Rysunki wybuchowe,1VKIipqmUgD1eUunW00UqB-sBi1-7mM7R,https://drive.google.com/file/d/1VKIipqmUgD1eUunW00UqB-sBi1-7mM7R/preview,https://drive.google.com/file/d/1VKIipqmUgD1eUunW00UqB-sBi1-7mM7R/view?usp=drivesdk,NIE,0,0,NIE,OCR / konwersja skanu
drive-1LrpploZ8CL4w9xq9yblv_4dkxTjbFmxT-YG-03232,YG-03232,YG03232,YATO GASTRO,YG-03232,Czesci_zamienne_YG-03232.pdf,,Rysunki wybuchowe,1LrpploZ8CL4w9xq9yblv_4dkxTjbFmxT,https://drive.google.com/file/d/1LrpploZ8CL4w9xq9yblv_4dkxTjbFmxT/preview,https://drive.google.com/file/d/1LrpploZ8CL4w9xq9yblv_4dkxTjbFmxT/view?usp=drivesdk,NIE,0,0,NIE,OCR / konwersja skanu
drive-1VxtJ5MNhs1uPSumCen1pfJjxcW2iNSCX-YG-03235,YG-03235,YG03235,YATO GASTRO,YG-03235,Czesci_zamienne_YG-03235.pdf,,Rysunki wybuchowe,1VxtJ5MNhs1uPSumCen1pfJjxcW2iNSCX,https://drive.google.com/file/d/1VxtJ5MNhs1uPSumCen1pfJjxcW2iNSCX/preview,https://drive.google.com/file/d/1VxtJ5MNhs1uPSumCen1pfJjxcW2iNSCX/view?usp=drivesdk,NIE,0,0,NIE,OCR / konwersja skanu
drive-1SjdnwltWtul5kf-5dj_Vdf1UsCJlRhvv-YG-03275,YG-03275,YG03275,YATO GASTRO,YG-03275,Czesci_zamienne_YG-03275.pdf,,Rysunki wybuchowe,1SjdnwltWtul5kf-5dj_Vdf1UsCJlRhvv,https://drive.google.com/file/d/1SjdnwltWtul5kf-5dj_Vdf1UsCJlRhvv/preview,https://drive.google.com/file/d/1SjdnwltWtul5kf-5dj_Vdf1UsCJlRhvv/view?usp=drivesdk,NIE,0,0,NIE,OCR / konwersja skanu
drive-1QQmb6SpfGBo1XZeWzuPRur_HPJUTCEVf-YG-03300,YG-03300,YG03300,YATO GASTRO,YG-03300,Czesci_zamienne_YG-03300.pdf,,Rysunki wybuchowe,1QQmb6SpfGBo1XZeWzuPRur_HPJUTCEVf,https://drive.google.com/file/d/1QQmb6SpfGBo1XZeWzuPRur_HPJUTCEVf/preview,https://drive.google.com/file/d/1QQmb6SpfGBo1XZeWzuPRur_HPJUTCEVf/view?usp=drivesdk,NIE,0,0,NIE,OCR / konwersja skanu
drive-1fCpfkm6XJ_lGM9R_azUuB0Chl69pV54B-YG-03350,YG-03350,YG03350,YATO GASTRO,YG-03350,Czesci_zamienne_YG-03350.pdf,,Rysunki wybuchowe,1fCpfkm6XJ_lGM9R_azUuB0Chl69pV54B,https://drive.google.com/file/d/1fCpfkm6XJ_lGM9R_azUuB0Chl69pV54B/preview,https://drive.google.com/file/d/1fCpfkm6XJ_lGM9R_azUuB0Chl69pV54B/view?usp=drivesdk,NIE,0,0,NIE,OCR / konwersja skanu
drive-1eALFD9rRUlGq4DEe5lO4Vo3veLIe38Um-YG-03360,YG-03360,YG03360,YATO GASTRO,YG-03360,Czesci_zamienne_YG-03360.pdf,,Rysunki wybuchowe,1eALFD9rRUlGq4DEe5lO4Vo3veLIe38Um,https://drive.google.com/file/d/1eALFD9rRUlGq4DEe5lO4Vo3veLIe38Um/preview,https://drive.google.com/file/d/1eALFD9rRUlGq4DEe5lO4Vo3veLIe38Um/view?usp=drivesdk,NIE,0,0,NIE,OCR / konwersja skanu
drive-17FxRPhIbK8L5-VqOzfc-tbpNeqXu5_1H-YG-03370,YG-03370,YG03370,YATO GASTRO,YG-03370,Czesci_zamienne_YG-03370.pdf,,Rysunki wybuchowe,17FxRPhIbK8L5-VqOzfc-tbpNeqXu5_1H,https://drive.google.com/file/d/17FxRPhIbK8L5-VqOzfc-tbpNeqXu5_1H/preview,https://drive.google.com/file/d/17FxRPhIbK8L5-VqOzfc-tbpNeqXu5_1H/view?usp=drivesdk,NIE,0,0,NIE,OCR / konwersja skanu
drive-1G4z36UKX1du0tkh9QG6BvYHURJuQpZGC-YG-03371,YG-03371,YG03371,YATO GASTRO,YG-03371,Czesci_zamienne_YG-03371.pdf,,Rysunki wybuchowe,1G4z36UKX1du0tkh9QG6BvYHURJuQpZGC,https://drive.google.com/file/d/1G4z36UKX1du0tkh9QG6BvYHURJuQpZGC/preview,https://drive.google.com/file/d/1G4z36UKX1du0tkh9QG6BvYHURJuQpZGC/view?usp=drivesdk,NIE,0,0,NIE,OCR / konwersja skanu
drive-19WN22FppCknLlDDhrdKkeQpxWj_fZMuo-YG-03372,YG-03372,YG03372,YATO GASTRO,YG-03372,Czesci_zamienne_YG-03372.pdf,,Rysunki wybuchowe,19WN22FppCknLlDDhrdKkeQpxWj_fZMuo,https://drive.google.com/file/d/19WN22FppCknLlDDhrdKkeQpxWj_fZMuo/preview,https://drive.google.com/file/d/19WN22FppCknLlDDhrdKkeQpxWj_fZMuo/view?usp=drivesdk,NIE,0,0,NIE,OCR / konwersja skanu
drive-1mzU4_d4HB-gSEZcOremmPZFAcrGbXsOv-YG-03373,YG-03373,YG03373,YATO GASTRO,YG-03373,Czesci_zamienne_YG-03373.pdf,,Rysunki wybuchowe,1mzU4_d4HB-gSEZcOremmPZFAcrGbXsOv,https://drive.google.com/file/d/1mzU4_d4HB-gSEZcOremmPZFAcrGbXsOv/preview,https://drive.google.com/file/d/1mzU4_d4HB-gSEZcOremmPZFAcrGbXsOv/view?usp=drivesdk,NIE,0,0,NIE,OCR / konwersja skanu
drive-1QSQ3qx3ohoAF7QtSbZBNp8pSSc7VeGyV-YG-03379,YG-03379,YG03379,YATO GASTRO,YG-03379,Czesci_zamienne_YG-03379.pdf,,Rysunki wybuchowe,1QSQ3qx3ohoAF7QtSbZBNp8pSSc7VeGyV,https://drive.google.com/file/d/1QSQ3qx3ohoAF7QtSbZBNp8pSSc7VeGyV/preview,https://drive.google.com/file/d/1QSQ3qx3ohoAF7QtSbZBNp8pSSc7VeGyV/view?usp=drivesdk,NIE,0,0,NIE,OCR / konwersja skanu
drive-12ms-vus_VhMTlYLQA_gHtL8U4cZRJYTt-YG-03380,YG-03380,YG03380,YATO GASTRO,YG-03380,Czesci_zamienne_YG-03380.pdf,,Rysunki wybuchowe,12ms-vus_VhMTlYLQA_gHtL8U4cZRJYTt,https://drive.google.com/file/d/12ms-vus_VhMTlYLQA_gHtL8U4cZRJYTt/preview,https://drive.google.com/file/d/12ms-vus_VhMTlYLQA_gHtL8U4cZRJYTt/view?usp=drivesdk,NIE,0,0,NIE,OCR / konwersja skanu
drive-1ALkzt4KLWV0fvNBUebHnU7QMBRdwrzP0-YG-03382,YG-03382,YG03382,YATO GASTRO,YG-03382,Czesci_zamienne_YG-03382.pdf,,Rysunki wybuchowe,1ALkzt4KLWV0fvNBUebHnU7QMBRdwrzP0,https://drive.google.com/file/d/1ALkzt4KLWV0fvNBUebHnU7QMBRdwrzP0/preview,https://drive.google.com/file/d/1ALkzt4KLWV0fvNBUebHnU7QMBRdwrzP0/view?usp=drivesdk,NIE,0,0,NIE,OCR / konwersja skanu
drive-1hTtru5uaE9orG8_jBwV8YeZxfDEaRfLN-YG-03392,YG-03392,YG03392,YATO GASTRO,YG-03392,Czesci_zamienne_YG-03392.pdf,,Rysunki wybuchowe,1hTtru5uaE9orG8_jBwV8YeZxfDEaRfLN,https://drive.google.com/file/d/1hTtru5uaE9orG8_jBwV8YeZxfDEaRfLN/preview,https://drive.google.com/file/d/1hTtru5uaE9orG8_jBwV8YeZxfDEaRfLN/view?usp=drivesdk,NIE,0,0,NIE,OCR / konwersja skanu
drive-1sdnkBXMp7K3t6BeoEGr870nUviAwf4ub-YG-03395,YG-03395,YG03395,YATO GASTRO,YG-03395,Czesci_zamienne_YG-03395.pdf,,Rysunki wybuchowe,1sdnkBXMp7K3t6BeoEGr870nUviAwf4ub,https://drive.google.com/file/d/1sdnkBXMp7K3t6BeoEGr870nUviAwf4ub/preview,https://drive.google.com/file/d/1sdnkBXMp7K3t6BeoEGr870nUviAwf4ub/view?usp=drivesdk,NIE,0,0,NIE,OCR / konwersja skanu
drive-1mGuBWk-YfmZaLbfsQSaHVjc6SXnMHJb0-YG-04250,YG-04250,YG04250,YATO GASTRO,YG-04250,Czesci_zamienne_YG-04250.pdf,,Rysunki wybuchowe,1mGuBWk-YfmZaLbfsQSaHVjc6SXnMHJb0,https://drive.google.com/file/d/1mGuBWk-YfmZaLbfsQSaHVjc6SXnMHJb0/preview,https://drive.google.com/file/d/1mGuBWk-YfmZaLbfsQSaHVjc6SXnMHJb0/view?usp=drivesdk,NIE,0,0,NIE,OCR / konwersja skanu
drive-1Oua7op2t1d-ujuEvUSlXYcqFmHXuAvXk-YG-04292,YG-04292,YG04292,YATO GASTRO,YG-04292,Czesci_zamienne_YG-04292.pdf,,Rysunki wybuchowe,1Oua7op2t1d-ujuEvUSlXYcqFmHXuAvXk,https://drive.google.com/file/d/1Oua7op2t1d-ujuEvUSlXYcqFmHXuAvXk/preview,https://drive.google.com/file/d/1Oua7op2t1d-ujuEvUSlXYcqFmHXuAvXk/view?usp=drivesdk,NIE,0,0,NIE,OCR / konwersja skanu
drive-1R_h_z0-ao1qp6LFI_lHnqx20RHtSIv2K-YG-04301,YG-04301,YG04301,YATO GASTRO,YG-04301,Czesci_zamienne_YG-04301.pdf,,Rysunki wybuchowe,1R_h_z0-ao1qp6LFI_lHnqx20RHtSIv2K,https://drive.google.com/file/d/1R_h_z0-ao1qp6LFI_lHnqx20RHtSIv2K/preview,https://drive.google.com/file/d/1R_h_z0-ao1qp6LFI_lHnqx20RHtSIv2K/view?usp=drivesdk,NIE,0,0,NIE,OCR / konwersja skanu
drive-1GPqGz4p7D8tEUCwoWPWUVGAgSvIo9dpP-YG-04310,YG-04310,YG04310,YATO GASTRO,YG-04310,Czesci_zamienne_YG-04310.pdf,,Rysunki wybuchowe,1GPqGz4p7D8tEUCwoWPWUVGAgSvIo9dpP,https://drive.google.com/file/d/1GPqGz4p7D8tEUCwoWPWUVGAgSvIo9dpP/preview,https://drive.google.com/file/d/1GPqGz4p7D8tEUCwoWPWUVGAgSvIo9dpP/view?usp=drivesdk,NIE,0,0,NIE,OCR / konwersja skanu
drive-1rFj0jYBCqjFV8JJewBrXwYqGPISclXRT-YG-04311,YG-04311,YG04311,YATO GASTRO,YG-04311,Czesci_zamienne_YG-04311.pdf,,Rysunki wybuchowe,1rFj0jYBCqjFV8JJewBrXwYqGPISclXRT,https://drive.google.com/file/d/1rFj0jYBCqjFV8JJewBrXwYqGPISclXRT/preview,https://drive.google.com/file/d/1rFj0jYBCqjFV8JJewBrXwYqGPISclXRT/view?usp=drivesdk,NIE,0,0,NIE,OCR / konwersja skanu
drive-1Yp-mxxvBZC6odbOFEBAUb_dr3j8DFdtk-YG-04315,YG-04315,YG04315,YATO GASTRO,YG-04315,Czesci_zamienne_YG-04315.pdf,,Rysunki wybuchowe,1Yp-mxxvBZC6odbOFEBAUb_dr3j8DFdtk,https://drive.google.com/file/d/1Yp-mxxvBZC6odbOFEBAUb_dr3j8DFdtk/preview,https://drive.google.com/file/d/1Yp-mxxvBZC6odbOFEBAUb_dr3j8DFdtk/view?usp=drivesdk,NIE,0,0,NIE,OCR / konwersja skanu
drive-1FE_B0NfVH1xSb78jKYc0cMoZMO4mWkqu-YG-04316,YG-04316,YG04316,YATO GASTRO,YG-04316,Czesci_zamienne_YG-04316.pdf,,Rysunki wybuchowe,1FE_B0NfVH1xSb78jKYc0cMoZMO4mWkqu,https://drive.google.com/file/d/1FE_B0NfVH1xSb78jKYc0cMoZMO4mWkqu/preview,https://drive.google.com/file/d/1FE_B0NfVH1xSb78jKYc0cMoZMO4mWkqu/view?usp=drivesdk,NIE,0,0,NIE,OCR / konwersja skanu
drive-1FYmrwGGwLFS41OyR6qSldZx1peub0Qwr-YG-04318,YG-04318,YG04318,YATO GASTRO,YG-04318,Czesci_zamienne_YG-04318.pdf,,Rysunki wybuchowe,1FYmrwGGwLFS41OyR6qSldZx1peub0Qwr,https://drive.google.com/file/d/1FYmrwGGwLFS41OyR6qSldZx1peub0Qwr/preview,https://drive.google.com/file/d/1FYmrwGGwLFS41OyR6qSldZx1peub0Qwr/view?usp=drivesdk,NIE,0,0,NIE,OCR / konwersja skanu
drive-1bzyFGLvJahfsc-ua2D2fD2tIStRhM1V7-YG-04319,YG-04319,YG04319,YATO GASTRO,YG-04319,Czesci_zamienne_YG-04319.pdf,,Rysunki wybuchowe,1bzyFGLvJahfsc-ua2D2fD2tIStRhM1V7,https://drive.google.com/file/d/1bzyFGLvJahfsc-ua2D2fD2tIStRhM1V7/preview,https://drive.google.com/file/d/1bzyFGLvJahfsc-ua2D2fD2tIStRhM1V7/view?usp=drivesdk,NIE,0,0,NIE,OCR / konwersja skanu
drive-1x_-PVJfnPQExxcWflGU_2dusWDFfJadk-YG-04321,YG-04321,YG04321,YATO GASTRO,YG-04321,Czesci_zamienne_YG-04321.pdf,,Rysunki wybuchowe,1x_-PVJfnPQExxcWflGU_2dusWDFfJadk,https://drive.google.com/file/d/1x_-PVJfnPQExxcWflGU_2dusWDFfJadk/preview,https://drive.google.com/file/d/1x_-PVJfnPQExxcWflGU_2dusWDFfJadk/view?usp=drivesdk,NIE,0,0,NIE,OCR / konwersja skanu
drive-1HdJy94YYJEfZ0jk6x0apS-JVv-hQCYX1-YG-04324,YG-04324,YG04324,YATO GASTRO,YG-04324,Czesci_zamienne_YG-04324.pdf,,Rysunki wybuchowe,1HdJy94YYJEfZ0jk6x0apS-JVv-hQCYX1,https://drive.google.com/file/d/1HdJy94YYJEfZ0jk6x0apS-JVv-hQCYX1/preview,https://drive.google.com/file/d/1HdJy94YYJEfZ0jk6x0apS-JVv-hQCYX1/view?usp=drivesdk,NIE,0,0,NIE,OCR / konwersja skanu
drive-1OXkc5EtpSM9lEGmQcDMqz9V0GzQkImM6-YG-04555,YG-04555,YG04555,YATO GASTRO,YG-04555,Czesci_zamienne_YG-04555.pdf,,Rysunki wybuchowe,1OXkc5EtpSM9lEGmQcDMqz9V0GzQkImM6,https://drive.google.com/file/d/1OXkc5EtpSM9lEGmQcDMqz9V0GzQkImM6/preview,https://drive.google.com/file/d/1OXkc5EtpSM9lEGmQcDMqz9V0GzQkImM6/view?usp=drivesdk,NIE,0,0,NIE,OCR / konwersja skanu
drive-1e2HtAwqqktn2mD3_0hcuf06k83MrFFld-YG-04556,YG-04556,YG04556,YATO GASTRO,YG-04556,Czesci_zamienne_YG-04556.pdf,,Rysunki wybuchowe,1e2HtAwqqktn2mD3_0hcuf06k83MrFFld,https://drive.google.com/file/d/1e2HtAwqqktn2mD3_0hcuf06k83MrFFld/preview,https://drive.google.com/file/d/1e2HtAwqqktn2mD3_0hcuf06k83MrFFld/view?usp=drivesdk,NIE,0,0,NIE,OCR / konwersja skanu
drive-1zyuuTPiIQVY9FUjR7BAubFidt4VfYuPZ-YG-04557,YG-04557,YG04557,YATO GASTRO,YG-04557,Czesci_zamienne_YG-04557.pdf,,Rysunki wybuchowe,1zyuuTPiIQVY9FUjR7BAubFidt4VfYuPZ,https://drive.google.com/file/d/1zyuuTPiIQVY9FUjR7BAubFidt4VfYuPZ/preview,https://drive.google.com/file/d/1zyuuTPiIQVY9FUjR7BAubFidt4VfYuPZ/view?usp=drivesdk,NIE,0,0,NIE,OCR / konwersja skanu
drive-1TNUWfeLbphSW3SQ0eu9dyB5vDj87iJfm-YG-04558,YG-04558,YG04558,YATO GASTRO,YG-04558,Czesci_zamienne_YG-04558.pdf,,Rysunki wybuchowe,1TNUWfeLbphSW3SQ0eu9dyB5vDj87iJfm,https://drive.google.com/file/d/1TNUWfeLbphSW3SQ0eu9dyB5vDj87iJfm/preview,https://drive.google.com/file/d/1TNUWfeLbphSW3SQ0eu9dyB5vDj87iJfm/view?usp=drivesdk,NIE,0,0,NIE,OCR / konwersja skanu
drive-13ddvepsyWYdBMINXp6H78MbYFPQar3w8-YG-04559,YG-04559,YG04559,YATO GASTRO,YG-04559,Czesci_zamienne_YG-04559.pdf,,Rysunki wybuchowe,13ddvepsyWYdBMINXp6H78MbYFPQar3w8,https://drive.google.com/file/d/13ddvepsyWYdBMINXp6H78MbYFPQar3w8/preview,https://drive.google.com/file/d/13ddvepsyWYdBMINXp6H78MbYFPQar3w8/view?usp=drivesdk,NIE,0,0,NIE,OCR / konwersja skanu
drive-1dIQD9BF_WRvZDZmxJgo5xx6uvHGFhKA3-YG-04560,YG-04560,YG04560,YATO GASTRO,YG-04560,Czesci_zamienne_YG-04560.pdf,,Rysunki wybuchowe,1dIQD9BF_WRvZDZmxJgo5xx6uvHGFhKA3,https://drive.google.com/file/d/1dIQD9BF_WRvZDZmxJgo5xx6uvHGFhKA3/preview,https://drive.google.com/file/d/1dIQD9BF_WRvZDZmxJgo5xx6uvHGFhKA3/view?usp=drivesdk,NIE,0,0,NIE,OCR / konwersja skanu
drive-1BJVzUZdb1cvCYQDK28Mx3sBqxGyWfLKu-YG-04563,YG-04563,YG04563,YATO GASTRO,YG-04563,Czesci_zamienne_YG-04563.pdf,,Rysunki wybuchowe,1BJVzUZdb1cvCYQDK28Mx3sBqxGyWfLKu,https://drive.google.com/file/d/1BJVzUZdb1cvCYQDK28Mx3sBqxGyWfLKu/preview,https://drive.google.com/file/d/1BJVzUZdb1cvCYQDK28Mx3sBqxGyWfLKu/view?usp=drivesdk,NIE,0,0,NIE,OCR / konwersja skanu
drive-1pPpXdRc_Sp0pyV8YM9al7CWYYwNcLvaj-YG-04584,YG-04584,YG04584,YATO GASTRO,YG-04584,Czesci_zamienne_YG-04584.pdf,,Rysunki wybuchowe,1pPpXdRc_Sp0pyV8YM9al7CWYYwNcLvaj,https://drive.google.com/file/d/1pPpXdRc_Sp0pyV8YM9al7CWYYwNcLvaj/preview,https://drive.google.com/file/d/1pPpXdRc_Sp0pyV8YM9al7CWYYwNcLvaj/view?usp=drivesdk,NIE,0,0,NIE,OCR / konwersja skanu
drive-1m0i4N3Obz7OjnkAWzKJvQ7m-BuLj2rjs-YG-04585,YG-04585,YG04585,YATO GASTRO,YG-04585,Czesci_zamienne_YG-04585.pdf,,Rysunki wybuchowe,1m0i4N3Obz7OjnkAWzKJvQ7m-BuLj2rjs,https://drive.google.com/file/d/1m0i4N3Obz7OjnkAWzKJvQ7m-BuLj2rjs/preview,https://drive.google.com/file/d/1m0i4N3Obz7OjnkAWzKJvQ7m-BuLj2rjs/view?usp=drivesdk,NIE,0,0,NIE,OCR / konwersja skanu
drive-1D5ThNSkyAOBlchopEqTIqFEJLWXL5W9Z-YG-04586,YG-04586,YG04586,YATO GASTRO,YG-04586,Czesci_zamienne_YG-04586.pdf,,Rysunki wybuchowe,1D5ThNSkyAOBlchopEqTIqFEJLWXL5W9Z,https://drive.google.com/file/d/1D5ThNSkyAOBlchopEqTIqFEJLWXL5W9Z/preview,https://drive.google.com/file/d/1D5ThNSkyAOBlchopEqTIqFEJLWXL5W9Z/view?usp=drivesdk,NIE,0,0,NIE,OCR / konwersja skanu
drive-1C-HNnE543GYv17v3vVMjVKLKvWUPDSfa-YG-04587,YG-04587,YG04587,YATO GASTRO,YG-04587,Czesci_zamienne_YG-04587.pdf,,Rysunki wybuchowe,1C-HNnE543GYv17v3vVMjVKLKvWUPDSfa,https://drive.google.com/file/d/1C-HNnE543GYv17v3vVMjVKLKvWUPDSfa/preview,https://drive.google.com/file/d/1C-HNnE543GYv17v3vVMjVKLKvWUPDSfa/view?usp=drivesdk,NIE,0,0,NIE,OCR / konwersja skanu
drive-1QsEY6tZRlMXrmqt-c8NXPuM6XA1hhvMm-YG-04588,YG-04588,YG04588,YATO GASTRO,YG-04588,Czesci_zamienne_YG-04588.pdf,,Rysunki wybuchowe,1QsEY6tZRlMXrmqt-c8NXPuM6XA1hhvMm,https://drive.google.com/file/d/1QsEY6tZRlMXrmqt-c8NXPuM6XA1hhvMm/preview,https://drive.google.com/file/d/1QsEY6tZRlMXrmqt-c8NXPuM6XA1hhvMm/view?usp=drivesdk,NIE,0,0,NIE,OCR / konwersja skanu
drive-1TFvgTf2j-p4wkVNmSgPkGxqbJlWcGlWt-YG-04608,YG-04608,YG04608,YATO GASTRO,YG-04608,Czesci_zamienne_YG-04608.pdf,,Rysunki wybuchowe,1TFvgTf2j-p4wkVNmSgPkGxqbJlWcGlWt,https://drive.google.com/file/d/1TFvgTf2j-p4wkVNmSgPkGxqbJlWcGlWt/preview,https://drive.google.com/file/d/1TFvgTf2j-p4wkVNmSgPkGxqbJlWcGlWt/view?usp=drivesdk,NIE,0,0,NIE,OCR / konwersja skanu
drive-1XYiYH3Q8hU_r7uq5NdVA7jRC5OZkONCM-YG-04609,YG-04609,YG04609,YATO GASTRO,YG-04609,Czesci_zamienne_YG-04609.pdf,,Rysunki wybuchowe,1XYiYH3Q8hU_r7uq5NdVA7jRC5OZkONCM,https://drive.google.com/file/d/1XYiYH3Q8hU_r7uq5NdVA7jRC5OZkONCM/preview,https://drive.google.com/file/d/1XYiYH3Q8hU_r7uq5NdVA7jRC5OZkONCM/view?usp=drivesdk,NIE,0,0,NIE,OCR / konwersja skanu
drive-1ERrcoxn2h3QSdf8Br46NQ8PJTF1vk2DG-YG-04610,YG-04610,YG04610,YATO GASTRO,YG-04610,Czesci_zamienne_YG-04610.pdf,,Rysunki wybuchowe,1ERrcoxn2h3QSdf8Br46NQ8PJTF1vk2DG,https://drive.google.com/file/d/1ERrcoxn2h3QSdf8Br46NQ8PJTF1vk2DG/preview,https://drive.google.com/file/d/1ERrcoxn2h3QSdf8Br46NQ8PJTF1vk2DG/view?usp=drivesdk,NIE,0,0,NIE,OCR / konwersja skanu
drive-19VufTx6fz6CkUownCfov5VINfU7nDM3m-YG-04615,YG-04615,YG04615,YATO GASTRO,YG-04615,Czesci_zamienne_YG-04615.pdf,,Rysunki wybuchowe,19VufTx6fz6CkUownCfov5VINfU7nDM3m,https://drive.google.com/file/d/19VufTx6fz6CkUownCfov5VINfU7nDM3m/preview,https://drive.google.com/file/d/19VufTx6fz6CkUownCfov5VINfU7nDM3m/view?usp=drivesdk,NIE,0,0,NIE,OCR / konwersja skanu
drive-1-4NOyef8qU5skmXBYnMvSVPp6ae82ZOs-YG-04616,YG-04616,YG04616,YATO GASTRO,YG-04616,Czesci_zamienne_YG-04616.pdf,,Rysunki wybuchowe,1-4NOyef8qU5skmXBYnMvSVPp6ae82ZOs,https://drive.google.com/file/d/1-4NOyef8qU5skmXBYnMvSVPp6ae82ZOs/preview,https://drive.google.com/file/d/1-4NOyef8qU5skmXBYnMvSVPp6ae82ZOs/view?usp=drivesdk,NIE,0,0,NIE,OCR / konwersja skanu
drive-1SJ2ScGm6JSkFfYTMrC4G1GeSCpAz1GfI-YG-04617,YG-04617,YG04617,YATO GASTRO,YG-04617,Czesci_zamienne_YG-04617.pdf,,Rysunki wybuchowe,1SJ2ScGm6JSkFfYTMrC4G1GeSCpAz1GfI,https://drive.google.com/file/d/1SJ2ScGm6JSkFfYTMrC4G1GeSCpAz1GfI/preview,https://drive.google.com/file/d/1SJ2ScGm6JSkFfYTMrC4G1GeSCpAz1GfI/view?usp=drivesdk,NIE,0,0,NIE,OCR / konwersja skanu
drive-13sPtzxbF0pLTSUJnlS5wA1tZxkyaZstS-YG-04620,YG-04620,YG04620,YATO GASTRO,YG-04620,Czesci_zamienne_YG-04620.pdf,,Rysunki wybuchowe,13sPtzxbF0pLTSUJnlS5wA1tZxkyaZstS,https://drive.google.com/file/d/13sPtzxbF0pLTSUJnlS5wA1tZxkyaZstS/preview,https://drive.google.com/file/d/13sPtzxbF0pLTSUJnlS5wA1tZxkyaZstS/view?usp=drivesdk,NIE,0,0,NIE,OCR / konwersja skanu
drive-1txitZs3b9CaB6qRd_nyv3Qo12XOxgdtM-YG-04621,YG-04621,YG04621,YATO GASTRO,YG-04621,Czesci_zamienne_YG-04621.pdf,,Rysunki wybuchowe,1txitZs3b9CaB6qRd_nyv3Qo12XOxgdtM,https://drive.google.com/file/d/1txitZs3b9CaB6qRd_nyv3Qo12XOxgdtM/preview,https://drive.google.com/file/d/1txitZs3b9CaB6qRd_nyv3Qo12XOxgdtM/view?usp=drivesdk,NIE,0,0,NIE,OCR / konwersja skanu
drive-1RkMGzljvms0ZWIUjpqKfdLPRKwJSxUxF-YG-04622,YG-04622,YG04622,YATO GASTRO,YG-04622,Czesci_zamienne_YG-04622.pdf,,Rysunki wybuchowe,1RkMGzljvms0ZWIUjpqKfdLPRKwJSxUxF,https://drive.google.com/file/d/1RkMGzljvms0ZWIUjpqKfdLPRKwJSxUxF/preview,https://drive.google.com/file/d/1RkMGzljvms0ZWIUjpqKfdLPRKwJSxUxF/view?usp=drivesdk,NIE,0,0,NIE,OCR / konwersja skanu
drive-1AFewjUpl88J8RC2XxX3-T4Qn_5vNsBml-YG-04623,YG-04623,YG04623,YATO GASTRO,YG-04623,Czesci_zamienne_YG-04623.pdf,,Rysunki wybuchowe,1AFewjUpl88J8RC2XxX3-T4Qn_5vNsBml,https://drive.google.com/file/d/1AFewjUpl88J8RC2XxX3-T4Qn_5vNsBml/preview,https://drive.google.com/file/d/1AFewjUpl88J8RC2XxX3-T4Qn_5vNsBml/view?usp=drivesdk,NIE,0,0,NIE,OCR / konwersja skanu
drive-1-w09m9y_KO0sAWWOAMwgCbz8EYEIhMAU-YG-04624,YG-04624,YG04624,YATO GASTRO,YG-04624,Czesci_zamienne_YG-04624.pdf,,Rysunki wybuchowe,1-w09m9y_KO0sAWWOAMwgCbz8EYEIhMAU,https://drive.google.com/file/d/1-w09m9y_KO0sAWWOAMwgCbz8EYEIhMAU/preview,https://drive.google.com/file/d/1-w09m9y_KO0sAWWOAMwgCbz8EYEIhMAU/view?usp=drivesdk,NIE,0,0,NIE,OCR / konwersja skanu
drive-1WZnEK2ttn6HtNbbGOdlQnFSWSP-uP4Cd-YG-04630,YG-04630,YG04630,YATO GASTRO,YG-04630,Czesci_zamienne_YG-04630.pdf,,Rysunki wybuchowe,1WZnEK2ttn6HtNbbGOdlQnFSWSP-uP4Cd,https://drive.google.com/file/d/1WZnEK2ttn6HtNbbGOdlQnFSWSP-uP4Cd/preview,https://drive.google.com/file/d/1WZnEK2ttn6HtNbbGOdlQnFSWSP-uP4Cd/view?usp=drivesdk,NIE,0,0,NIE,OCR / konwersja skanu
drive-1IPbqi-Ws7mDn3RHDgLCN3p28YATUazsB-YG-04632,YG-04632,YG04632,YATO GASTRO,YG-04632,Czesci_zamienne_YG-04632.pdf,,Rysunki wybuchowe,1IPbqi-Ws7mDn3RHDgLCN3p28YATUazsB,https://drive.google.com/file/d/1IPbqi-Ws7mDn3RHDgLCN3p28YATUazsB/preview,https://drive.google.com/file/d/1IPbqi-Ws7mDn3RHDgLCN3p28YATUazsB/view?usp=drivesdk,NIE,0,0,NIE,OCR / konwersja skanu
drive-1vxnW61ThgTdNzRMI4zdqMiF4M37AFGoS-YG-04634,YG-04634,YG04634,YATO GASTRO,YG-04634,Czesci_zamienne_YG-04634.pdf,,Rysunki wybuchowe,1vxnW61ThgTdNzRMI4zdqMiF4M37AFGoS,https://drive.google.com/file/d/1vxnW61ThgTdNzRMI4zdqMiF4M37AFGoS/preview,https://drive.google.com/file/d/1vxnW61ThgTdNzRMI4zdqMiF4M37AFGoS/view?usp=drivesdk,NIE,0,0,NIE,OCR / konwersja skanu
drive-18Fx_qXKIjh9JdM1VszU7fDbauTV4BR8X-YG-04636,YG-04636,YG04636,YATO GASTRO,YG-04636,Czesci_zamienne_YG-04636.pdf,,Rysunki wybuchowe,18Fx_qXKIjh9JdM1VszU7fDbauTV4BR8X,https://drive.google.com/file/d/18Fx_qXKIjh9JdM1VszU7fDbauTV4BR8X/preview,https://drive.google.com/file/d/18Fx_qXKIjh9JdM1VszU7fDbauTV4BR8X/view?usp=drivesdk,NIE,0,0,NIE,OCR / konwersja skanu
drive-1ycb_jAP6OLjYLvdOmEHaxJTWnBhdhbmq-YG-04638,YG-04638,YG04638,YATO GASTRO,YG-04638,Czesci_zamienne_YG-04638.pdf,,Rysunki wybuchowe,1ycb_jAP6OLjYLvdOmEHaxJTWnBhdhbmq,https://drive.google.com/file/d/1ycb_jAP6OLjYLvdOmEHaxJTWnBhdhbmq/preview,https://drive.google.com/file/d/1ycb_jAP6OLjYLvdOmEHaxJTWnBhdhbmq/view?usp=drivesdk,NIE,0,0,NIE,OCR / konwersja skanu
drive-1RRE7CjzU4zRNKlTuhwxo-mpdTbIuRl7x-YG-04640,YG-04640,YG04640,YATO GASTRO,YG-04640,Czesci_zamienne_YG-04640.pdf,,Rysunki wybuchowe,1RRE7CjzU4zRNKlTuhwxo-mpdTbIuRl7x,https://drive.google.com/file/d/1RRE7CjzU4zRNKlTuhwxo-mpdTbIuRl7x/preview,https://drive.google.com/file/d/1RRE7CjzU4zRNKlTuhwxo-mpdTbIuRl7x/view?usp=drivesdk,NIE,0,0,NIE,OCR / konwersja skanu
drive-1XneQPZfDZvNnG8GZXYEd2C_efELsS9qS-YG-04641,YG-04641,YG04641,YATO GASTRO,YG-04641,Czesci_zamienne_YG-04641.pdf,,Rysunki wybuchowe,1XneQPZfDZvNnG8GZXYEd2C_efELsS9qS,https://drive.google.com/file/d/1XneQPZfDZvNnG8GZXYEd2C_efELsS9qS/preview,https://drive.google.com/file/d/1XneQPZfDZvNnG8GZXYEd2C_efELsS9qS/view?usp=drivesdk,NIE,0,0,NIE,OCR / konwersja skanu
drive-1TaRFyPoKZXkeyypKrO99b7bhWmoZ1WiL-YG-04660,YG-04660,YG04660,YATO GASTRO,YG-04660,Czesci_zamienne_YG-04660.pdf,,Rysunki wybuchowe,1TaRFyPoKZXkeyypKrO99b7bhWmoZ1WiL,https://drive.google.com/file/d/1TaRFyPoKZXkeyypKrO99b7bhWmoZ1WiL/preview,https://drive.google.com/file/d/1TaRFyPoKZXkeyypKrO99b7bhWmoZ1WiL/view?usp=drivesdk,NIE,0,0,NIE,OCR / konwersja skanu
drive-1waf80g2TCFWBuVKXshmzANqJvmSZVLhb-YG-04680,YG-04680,YG04680,YATO GASTRO,YG-04680,Czesci_zamienne_YG-04680.pdf,,Rysunki wybuchowe,1waf80g2TCFWBuVKXshmzANqJvmSZVLhb,https://drive.google.com/file/d/1waf80g2TCFWBuVKXshmzANqJvmSZVLhb/preview,https://drive.google.com/file/d/1waf80g2TCFWBuVKXshmzANqJvmSZVLhb/view?usp=drivesdk,NIE,0,0,NIE,OCR / konwersja skanu
drive-1rrCqTPSqKFoDU1N4FT31e7wNOf7qQJGF-YG-04695,YG-04695,YG04695,YATO GASTRO,YG-04695,Czesci_zamienne_YG-04695.pdf,,Rysunki wybuchowe,1rrCqTPSqKFoDU1N4FT31e7wNOf7qQJGF,https://drive.google.com/file/d/1rrCqTPSqKFoDU1N4FT31e7wNOf7qQJGF/preview,https://drive.google.com/file/d/1rrCqTPSqKFoDU1N4FT31e7wNOf7qQJGF/view?usp=drivesdk,NIE,0,0,NIE,OCR / konwersja skanu
drive-1B0Y1OpmKLAoRxxjoQ41otBbTlJKqZpzW-YG-04696,YG-04696,YG04696,YATO GASTRO,YG-04696,Czesci_zamienne_YG-04696.pdf,,Rysunki wybuchowe,1B0Y1OpmKLAoRxxjoQ41otBbTlJKqZpzW,https://drive.google.com/file/d/1B0Y1OpmKLAoRxxjoQ41otBbTlJKqZpzW/preview,https://drive.google.com/file/d/1B0Y1OpmKLAoRxxjoQ41otBbTlJKqZpzW/view?usp=drivesdk,NIE,0,0,NIE,OCR / konwersja skanu
drive-1bz73oCx-o-ZhllTJBVeHTZtja7fGWw-2-YG-04700,YG-04700,YG04700,YATO GASTRO,YG-04700,Czesci_zamienne_YG-04700.pdf,,Rysunki wybuchowe,1bz73oCx-o-ZhllTJBVeHTZtja7fGWw-2,https://drive.google.com/file/d/1bz73oCx-o-ZhllTJBVeHTZtja7fGWw-2/preview,https://drive.google.com/file/d/1bz73oCx-o-ZhllTJBVeHTZtja7fGWw-2/view?usp=drivesdk,NIE,0,0,NIE,OCR / konwersja skanu
drive-1BK_uNEzrPnbQPSpUlvxlhUOebKs7VeVZ-YG-04701,YG-04701,YG04701,YATO GASTRO,YG-04701,Czesci_zamienne_YG-04701.pdf,,Rysunki wybuchowe,1BK_uNEzrPnbQPSpUlvxlhUOebKs7VeVZ,https://drive.google.com/file/d/1BK_uNEzrPnbQPSpUlvxlhUOebKs7VeVZ/preview,https://drive.google.com/file/d/1BK_uNEzrPnbQPSpUlvxlhUOebKs7VeVZ/view?usp=drivesdk,NIE,0,0,NIE,OCR / konwersja skanu
drive-18eh7TTHs4j6lCNkgLIxSV44WWJv37Ywz-YG-04705,YG-04705,YG04705,YATO GASTRO,YG-04705,Czesci_zamienne_YG-04705.pdf,,Rysunki wybuchowe,18eh7TTHs4j6lCNkgLIxSV44WWJv37Ywz,https://drive.google.com/file/d/18eh7TTHs4j6lCNkgLIxSV44WWJv37Ywz/preview,https://drive.google.com/file/d/18eh7TTHs4j6lCNkgLIxSV44WWJv37Ywz/view?usp=drivesdk,NIE,0,0,NIE,OCR / konwersja skanu
drive-1GWpi2AIGKS2op5N2fNQFETrgwWHFBV90-YG-05000,YG-05000,YG05000,YATO GASTRO,YG-05000,Czesci_zamienne_YG-05000.pdf,,Rysunki wybuchowe,1GWpi2AIGKS2op5N2fNQFETrgwWHFBV90,https://drive.google.com/file/d/1GWpi2AIGKS2op5N2fNQFETrgwWHFBV90/preview,https://drive.google.com/file/d/1GWpi2AIGKS2op5N2fNQFETrgwWHFBV90/view?usp=drivesdk,NIE,0,0,NIE,OCR / konwersja skanu
drive-1BUeGqirXSCd1ivzWU03dOIQZIZSHB5n7-YG-05001,YG-05001,YG05001,YATO GASTRO,YG-05001,Czesci_zamienne_YG-05001.pdf,,Rysunki wybuchowe,1BUeGqirXSCd1ivzWU03dOIQZIZSHB5n7,https://drive.google.com/file/d/1BUeGqirXSCd1ivzWU03dOIQZIZSHB5n7/preview,https://drive.google.com/file/d/1BUeGqirXSCd1ivzWU03dOIQZIZSHB5n7/view?usp=drivesdk,NIE,0,0,NIE,OCR / konwersja skanu
drive-1lnwJBUULSW55jCQkJ5ArP8FYVNEtk1nB-YG-05002,YG-05002,YG05002,YATO GASTRO,YG-05002,Czesci_zamienne_YG-05002.pdf,,Rysunki wybuchowe,1lnwJBUULSW55jCQkJ5ArP8FYVNEtk1nB,https://drive.google.com/file/d/1lnwJBUULSW55jCQkJ5ArP8FYVNEtk1nB/preview,https://drive.google.com/file/d/1lnwJBUULSW55jCQkJ5ArP8FYVNEtk1nB/view?usp=drivesdk,NIE,0,0,NIE,OCR / konwersja skanu
drive-1F6vIbeKUBSdmEn8I1kck_ZsTBKfBhPL2-YG-05005,YG-05005,YG05005,YATO GASTRO,YG-05005,Czesci_zamienne_YG-05005.pdf,,Rysunki wybuchowe,1F6vIbeKUBSdmEn8I1kck_ZsTBKfBhPL2,https://drive.google.com/file/d/1F6vIbeKUBSdmEn8I1kck_ZsTBKfBhPL2/preview,https://drive.google.com/file/d/1F6vIbeKUBSdmEn8I1kck_ZsTBKfBhPL2/view?usp=drivesdk,NIE,0,0,NIE,OCR / konwersja skanu
drive-1n4zVX_AnQz8B3iXoBicnuV0GwvRvp8qG-YG-05007,YG-05007,YG05007,YATO GASTRO,YG-05007,Czesci_zamienne_YG-05007.pdf,,Rysunki wybuchowe,1n4zVX_AnQz8B3iXoBicnuV0GwvRvp8qG,https://drive.google.com/file/d/1n4zVX_AnQz8B3iXoBicnuV0GwvRvp8qG/preview,https://drive.google.com/file/d/1n4zVX_AnQz8B3iXoBicnuV0GwvRvp8qG/view?usp=drivesdk,NIE,0,0,NIE,OCR / konwersja skanu
drive-1UfWtX7Rsy8bAQ95ud5zJAct-a19y2LDk-YG-05020,YG-05020,YG05020,YATO GASTRO,YG-05020,Czesci_zamienne_YG-05020.pdf,,Rysunki wybuchowe,1UfWtX7Rsy8bAQ95ud5zJAct-a19y2LDk,https://drive.google.com/file/d/1UfWtX7Rsy8bAQ95ud5zJAct-a19y2LDk/preview,https://drive.google.com/file/d/1UfWtX7Rsy8bAQ95ud5zJAct-a19y2LDk/view?usp=drivesdk,NIE,0,0,NIE,OCR / konwersja skanu
drive-1nJ9LsVQU7RR-8v_6xmiYCbNX6LoELJ8G-YG-05021,YG-05021,YG05021,YATO GASTRO,YG-05021,Czesci_zamienne_YG-05021.pdf,,Rysunki wybuchowe,1nJ9LsVQU7RR-8v_6xmiYCbNX6LoELJ8G,https://drive.google.com/file/d/1nJ9LsVQU7RR-8v_6xmiYCbNX6LoELJ8G/preview,https://drive.google.com/file/d/1nJ9LsVQU7RR-8v_6xmiYCbNX6LoELJ8G/view?usp=drivesdk,NIE,0,0,NIE,OCR / konwersja skanu
drive-1pZT4lb-nxwx-4jWNjTEBg6LAXHdoGoai-YG-05022,YG-05022,YG05022,YATO GASTRO,YG-05022,Czesci_zamienne_YG-05022.pdf,,Rysunki wybuchowe,1pZT4lb-nxwx-4jWNjTEBg6LAXHdoGoai,https://drive.google.com/file/d/1pZT4lb-nxwx-4jWNjTEBg6LAXHdoGoai/preview,https://drive.google.com/file/d/1pZT4lb-nxwx-4jWNjTEBg6LAXHdoGoai/view?usp=drivesdk,NIE,0,0,NIE,OCR / konwersja skanu
drive-1qDIbHYHMOWXMjT2b4v6yLx3pHu7hVByb-YG-05025,YG-05025,YG05025,YATO GASTRO,YG-05025,Czesci_zamienne_YG-05025.pdf,,Rysunki wybuchowe,1qDIbHYHMOWXMjT2b4v6yLx3pHu7hVByb,https://drive.google.com/file/d/1qDIbHYHMOWXMjT2b4v6yLx3pHu7hVByb/preview,https://drive.google.com/file/d/1qDIbHYHMOWXMjT2b4v6yLx3pHu7hVByb/view?usp=drivesdk,NIE,0,0,NIE,OCR / konwersja skanu
drive-1XglKPj5bQ2dBsehMjmeHHu5sG5UdJF9G-YG-05040,YG-05040,YG05040,YATO GASTRO,YG-05040,Czesci_zamienne_YG-05040.pdf,,Rysunki wybuchowe,1XglKPj5bQ2dBsehMjmeHHu5sG5UdJF9G,https://drive.google.com/file/d/1XglKPj5bQ2dBsehMjmeHHu5sG5UdJF9G/preview,https://drive.google.com/file/d/1XglKPj5bQ2dBsehMjmeHHu5sG5UdJF9G/view?usp=drivesdk,NIE,0,0,NIE,OCR / konwersja skanu
drive-1KjTMwHjnZTAkXHzmDob4U1i1a-m-qGN7-YG-05045,YG-05045,YG05045,YATO GASTRO,YG-05045,Czesci_zamienne_YG-05045.pdf,,Rysunki wybuchowe,1KjTMwHjnZTAkXHzmDob4U1i1a-m-qGN7,https://drive.google.com/file/d/1KjTMwHjnZTAkXHzmDob4U1i1a-m-qGN7/preview,https://drive.google.com/file/d/1KjTMwHjnZTAkXHzmDob4U1i1a-m-qGN7/view?usp=drivesdk,NIE,0,0,NIE,OCR / konwersja skanu
drive-1WjvVFgPkFYrXUpX-7qAvr8UOsKLLfcjl-YG-05050,YG-05050,YG05050,YATO GASTRO,YG-05050,Czesci_zamienne_YG-05050.pdf,,Rysunki wybuchowe,1WjvVFgPkFYrXUpX-7qAvr8UOsKLLfcjl,https://drive.google.com/file/d/1WjvVFgPkFYrXUpX-7qAvr8UOsKLLfcjl/preview,https://drive.google.com/file/d/1WjvVFgPkFYrXUpX-7qAvr8UOsKLLfcjl/view?usp=drivesdk,NIE,0,0,NIE,OCR / konwersja skanu
drive-1Yhl3Gq9LalzIb86UR4xSFrX7z4MX3JHH-YG-05051,YG-05051,YG05051,YATO GASTRO,YG-05051,Czesci_zamienne_YG-05051.pdf,,Rysunki wybuchowe,1Yhl3Gq9LalzIb86UR4xSFrX7z4MX3JHH,https://drive.google.com/file/d/1Yhl3Gq9LalzIb86UR4xSFrX7z4MX3JHH/preview,https://drive.google.com/file/d/1Yhl3Gq9LalzIb86UR4xSFrX7z4MX3JHH/view?usp=drivesdk,NIE,0,0,NIE,OCR / konwersja skanu
drive-1OZwJqmc59EiBNkYRNCXZxtem27uH5mMO-YG-05052,YG-05052,YG05052,YATO GASTRO,YG-05052,Czesci_zamienne_YG-05052.pdf,,Rysunki wybuchowe,1OZwJqmc59EiBNkYRNCXZxtem27uH5mMO,https://drive.google.com/file/d/1OZwJqmc59EiBNkYRNCXZxtem27uH5mMO/preview,https://drive.google.com/file/d/1OZwJqmc59EiBNkYRNCXZxtem27uH5mMO/view?usp=drivesdk,NIE,0,0,NIE,OCR / konwersja skanu
drive-1H8mP2hSTXkfB9nIu9vVgEtGqkT_cB5RN-YG-05053,YG-05053,YG05053,YATO GASTRO,YG-05053,Czesci_zamienne_YG-05053.pdf,,Rysunki wybuchowe,1H8mP2hSTXkfB9nIu9vVgEtGqkT_cB5RN,https://drive.google.com/file/d/1H8mP2hSTXkfB9nIu9vVgEtGqkT_cB5RN/preview,https://drive.google.com/file/d/1H8mP2hSTXkfB9nIu9vVgEtGqkT_cB5RN/view?usp=drivesdk,NIE,0,0,NIE,OCR / konwersja skanu
drive-1vGXZynxZtyTHBUn8GxtnLgjo6f2_a8ze-YG-05055,YG-05055,YG05055,YATO GASTRO,YG-05055,Czesci_zamienne_YG-05055.pdf,,Rysunki wybuchowe,1vGXZynxZtyTHBUn8GxtnLgjo6f2_a8ze,https://drive.google.com/file/d/1vGXZynxZtyTHBUn8GxtnLgjo6f2_a8ze/preview,https://drive.google.com/file/d/1vGXZynxZtyTHBUn8GxtnLgjo6f2_a8ze/view?usp=drivesdk,NIE,0,0,NIE,OCR / konwersja skanu
drive-1_rizT-XyKhR3pqF7cJUrjX5ik47LMZNf-YG-05056,YG-05056,YG05056,YATO GASTRO,YG-05056,Czesci_zamienne_YG-05056.pdf,,Rysunki wybuchowe,1_rizT-XyKhR3pqF7cJUrjX5ik47LMZNf,https://drive.google.com/file/d/1_rizT-XyKhR3pqF7cJUrjX5ik47LMZNf/preview,https://drive.google.com/file/d/1_rizT-XyKhR3pqF7cJUrjX5ik47LMZNf/view?usp=drivesdk,NIE,0,0,NIE,OCR / konwersja skanu
drive-14dfF4fKyyeGbdhTRKdiTLqjLNjN5G3SG-YG-05057,YG-05057,YG05057,YATO GASTRO,YG-05057,Czesci_zamienne_YG-05057.pdf,,Rysunki wybuchowe,14dfF4fKyyeGbdhTRKdiTLqjLNjN5G3SG,https://drive.google.com/file/d/14dfF4fKyyeGbdhTRKdiTLqjLNjN5G3SG/preview,https://drive.google.com/file/d/14dfF4fKyyeGbdhTRKdiTLqjLNjN5G3SG/view?usp=drivesdk,NIE,0,0,NIE,OCR / konwersja skanu
drive-1YLc1cuifRoOegpyJ-2Yv1-71YOC0vuag-YG-05060,YG-05060,YG05060,YATO GASTRO,YG-05060,Czesci_zamienne_YG-05060.pdf,,Rysunki wybuchowe,1YLc1cuifRoOegpyJ-2Yv1-71YOC0vuag,https://drive.google.com/file/d/1YLc1cuifRoOegpyJ-2Yv1-71YOC0vuag/preview,https://drive.google.com/file/d/1YLc1cuifRoOegpyJ-2Yv1-71YOC0vuag/view?usp=drivesdk,NIE,0,0,NIE,OCR / konwersja skanu
drive-11DRakz-8tl31r80ON40rrC5u0X0GQ3lG-YG-05064,YG-05064,YG05064,YATO GASTRO,YG-05064,Czesci_zamienne_YG-05064.pdf,,Rysunki wybuchowe,11DRakz-8tl31r80ON40rrC5u0X0GQ3lG,https://drive.google.com/file/d/11DRakz-8tl31r80ON40rrC5u0X0GQ3lG/preview,https://drive.google.com/file/d/11DRakz-8tl31r80ON40rrC5u0X0GQ3lG/view?usp=drivesdk,NIE,0,0,NIE,OCR / konwersja skanu
drive-1JDrLOMg8jqeAqu5_vLluFxvx_jKxMFBe-YG-05068,YG-05068,YG05068,YATO GASTRO,YG-05068,Czesci_zamienne_YG-05068.pdf,,Rysunki wybuchowe,1JDrLOMg8jqeAqu5_vLluFxvx_jKxMFBe,https://drive.google.com/file/d/1JDrLOMg8jqeAqu5_vLluFxvx_jKxMFBe/preview,https://drive.google.com/file/d/1JDrLOMg8jqeAqu5_vLluFxvx_jKxMFBe/view?usp=drivesdk,NIE,0,0,NIE,OCR / konwersja skanu
drive-1YbL2bCI5HPfzrWbTjl9_qP_sWTNnx2yd-YG-05090,YG-05090,YG05090,YATO GASTRO,YG-05090,Czesci_zamienne_YG-05090.pdf,,Rysunki wybuchowe,1YbL2bCI5HPfzrWbTjl9_qP_sWTNnx2yd,https://drive.google.com/file/d/1YbL2bCI5HPfzrWbTjl9_qP_sWTNnx2yd/preview,https://drive.google.com/file/d/1YbL2bCI5HPfzrWbTjl9_qP_sWTNnx2yd/view?usp=drivesdk,NIE,0,0,NIE,OCR / konwersja skanu
drive-1L5d3ukT4nimqqHUYemcf1u6YEYh2r03T-YG-05094,YG-05094,YG05094,YATO GASTRO,YG-05094,Czesci_zamienne_YG-05094.pdf,,Rysunki wybuchowe,1L5d3ukT4nimqqHUYemcf1u6YEYh2r03T,https://drive.google.com/file/d/1L5d3ukT4nimqqHUYemcf1u6YEYh2r03T/preview,https://drive.google.com/file/d/1L5d3ukT4nimqqHUYemcf1u6YEYh2r03T/view?usp=drivesdk,NIE,0,0,NIE,OCR / konwersja skanu
drive-172VQNIjFdewdFCnJJhAZ0BKGHpSh7rIK-YG-05098,YG-05098,YG05098,YATO GASTRO,YG-05098,Czesci_zamienne_YG-05098.pdf,,Rysunki wybuchowe,172VQNIjFdewdFCnJJhAZ0BKGHpSh7rIK,https://drive.google.com/file/d/172VQNIjFdewdFCnJJhAZ0BKGHpSh7rIK/preview,https://drive.google.com/file/d/172VQNIjFdewdFCnJJhAZ0BKGHpSh7rIK/view?usp=drivesdk,NIE,0,0,NIE,OCR / konwersja skanu
drive-1TB4idVXPgQFd1CpFCxQrXPh-xX9f-dY3-YG-05171,YG-05171,YG05171,YATO GASTRO,YG-05171,Czesci_zamienne_YG-05171.pdf,,Rysunki wybuchowe,1TB4idVXPgQFd1CpFCxQrXPh-xX9f-dY3,https://drive.google.com/file/d/1TB4idVXPgQFd1CpFCxQrXPh-xX9f-dY3/preview,https://drive.google.com/file/d/1TB4idVXPgQFd1CpFCxQrXPh-xX9f-dY3/view?usp=drivesdk,NIE,0,0,NIE,OCR / konwersja skanu
drive-1bFr1YuxwHwviJllQCMz32fMZyLH-Ub1I-YG-05174,YG-05174,YG05174,YATO GASTRO,YG-05174,Czesci_zamienne_YG-05174.pdf,,Rysunki wybuchowe,1bFr1YuxwHwviJllQCMz32fMZyLH-Ub1I,https://drive.google.com/file/d/1bFr1YuxwHwviJllQCMz32fMZyLH-Ub1I/preview,https://drive.google.com/file/d/1bFr1YuxwHwviJllQCMz32fMZyLH-Ub1I/view?usp=drivesdk,NIE,0,0,NIE,OCR / konwersja skanu
drive-1GTxCUZOQUD7T2iM-w6_d6nbz7fxlC7f3-YG-05177,YG-05177,YG05177,YATO GASTRO,YG-05177,Czesci_zamienne_YG-05177.pdf,,Rysunki wybuchowe,1GTxCUZOQUD7T2iM-w6_d6nbz7fxlC7f3,https://drive.google.com/file/d/1GTxCUZOQUD7T2iM-w6_d6nbz7fxlC7f3/preview,https://drive.google.com/file/d/1GTxCUZOQUD7T2iM-w6_d6nbz7fxlC7f3/view?usp=drivesdk,NIE,0,0,NIE,OCR / konwersja skanu
drive-1Md4AiyS0ipEXUBTur20rsRl8gqCWaFTc-YG-05179,YG-05179,YG05179,YATO GASTRO,YG-05179,Czesci_zamienne_YG-05179.pdf,,Rysunki wybuchowe,1Md4AiyS0ipEXUBTur20rsRl8gqCWaFTc,https://drive.google.com/file/d/1Md4AiyS0ipEXUBTur20rsRl8gqCWaFTc/preview,https://drive.google.com/file/d/1Md4AiyS0ipEXUBTur20rsRl8gqCWaFTc/view?usp=drivesdk,NIE,0,0,NIE,OCR / konwersja skanu
drive-1E5rZHQxpxpe2RoLxbUoJpZy8VmO-rit4-YG-05180,YG-05180,YG05180,YATO GASTRO,YG-05180,Czesci_zamienne_YG-05180.pdf,,Rysunki wybuchowe,1E5rZHQxpxpe2RoLxbUoJpZy8VmO-rit4,https://drive.google.com/file/d/1E5rZHQxpxpe2RoLxbUoJpZy8VmO-rit4/preview,https://drive.google.com/file/d/1E5rZHQxpxpe2RoLxbUoJpZy8VmO-rit4/view?usp=drivesdk,NIE,0,0,NIE,OCR / konwersja skanu
drive-14oH4E8U9ccKXScbWANRUlrPvbALYzqgj-YG-05200,YG-05200,YG05200,YATO GASTRO,YG-05200,Czesci_zamienne_YG-05200.pdf,,Rysunki wybuchowe,14oH4E8U9ccKXScbWANRUlrPvbALYzqgj,https://drive.google.com/file/d/14oH4E8U9ccKXScbWANRUlrPvbALYzqgj/preview,https://drive.google.com/file/d/14oH4E8U9ccKXScbWANRUlrPvbALYzqgj/view?usp=drivesdk,NIE,0,0,NIE,OCR / konwersja skanu
drive-1MnPcTPWSBMukXAaCqTcRAG89iILEcTnZ-YG-05201,YG-05201,YG05201,YATO GASTRO,YG-05201,Czesci_zamienne_YG-05201.pdf,,Rysunki wybuchowe,1MnPcTPWSBMukXAaCqTcRAG89iILEcTnZ,https://drive.google.com/file/d/1MnPcTPWSBMukXAaCqTcRAG89iILEcTnZ/preview,https://drive.google.com/file/d/1MnPcTPWSBMukXAaCqTcRAG89iILEcTnZ/view?usp=drivesdk,NIE,0,0,NIE,OCR / konwersja skanu
drive-1RoRkFjPmEytCV2l1OwXet9l6LsSehvoI-YG-05210,YG-05210,YG05210,YATO GASTRO,YG-05210,Czesci_zamienne_YG-05210.pdf,,Rysunki wybuchowe,1RoRkFjPmEytCV2l1OwXet9l6LsSehvoI,https://drive.google.com/file/d/1RoRkFjPmEytCV2l1OwXet9l6LsSehvoI/preview,https://drive.google.com/file/d/1RoRkFjPmEytCV2l1OwXet9l6LsSehvoI/view?usp=drivesdk,NIE,0,0,NIE,OCR / konwersja skanu
drive-1BWfQf7jfExB-dVhWzGK7nm5oIWGuZNXS-YG-05211,YG-05211,YG05211,YATO GASTRO,YG-05211,Czesci_zamienne_YG-05211.pdf,,Rysunki wybuchowe,1BWfQf7jfExB-dVhWzGK7nm5oIWGuZNXS,https://drive.google.com/file/d/1BWfQf7jfExB-dVhWzGK7nm5oIWGuZNXS/preview,https://drive.google.com/file/d/1BWfQf7jfExB-dVhWzGK7nm5oIWGuZNXS/view?usp=drivesdk,NIE,0,0,NIE,OCR / konwersja skanu
drive-13ajRZf2WNvJvv76J57Em4jOiYB6IIx6T-YG-05215,YG-05215,YG05215,YATO GASTRO,YG-05215,Czesci_zamienne_YG-05215.pdf,,Rysunki wybuchowe,13ajRZf2WNvJvv76J57Em4jOiYB6IIx6T,https://drive.google.com/file/d/13ajRZf2WNvJvv76J57Em4jOiYB6IIx6T/preview,https://drive.google.com/file/d/13ajRZf2WNvJvv76J57Em4jOiYB6IIx6T/view?usp=drivesdk,NIE,0,0,NIE,OCR / konwersja skanu
drive-1TXgzfCqD9Khjo4B0NaSUcWzmCqixOf0a-YG-05216,YG-05216,YG05216,YATO GASTRO,YG-05216,Czesci_zamienne_YG-05216.pdf,,Rysunki wybuchowe,1TXgzfCqD9Khjo4B0NaSUcWzmCqixOf0a,https://drive.google.com/file/d/1TXgzfCqD9Khjo4B0NaSUcWzmCqixOf0a/preview,https://drive.google.com/file/d/1TXgzfCqD9Khjo4B0NaSUcWzmCqixOf0a/view?usp=drivesdk,NIE,0,0,NIE,OCR / konwersja skanu
drive-193LAfI2tO3oguLoWvnhZBEegCPv4Ry9D-YG-05220,YG-05220,YG05220,YATO GASTRO,YG-05220,Czesci_zamienne_YG-05220.pdf,,Rysunki wybuchowe,193LAfI2tO3oguLoWvnhZBEegCPv4Ry9D,https://drive.google.com/file/d/193LAfI2tO3oguLoWvnhZBEegCPv4Ry9D/preview,https://drive.google.com/file/d/193LAfI2tO3oguLoWvnhZBEegCPv4Ry9D/view?usp=drivesdk,NIE,0,0,NIE,OCR / konwersja skanu
drive-13aBpkm_eqC7BctOgdzeGxXQBBy17Gtey-YG-05221,YG-05221,YG05221,YATO GASTRO,YG-05221,Czesci_zamienne_YG-05221.pdf,,Rysunki wybuchowe,13aBpkm_eqC7BctOgdzeGxXQBBy17Gtey,https://drive.google.com/file/d/13aBpkm_eqC7BctOgdzeGxXQBBy17Gtey/preview,https://drive.google.com/file/d/13aBpkm_eqC7BctOgdzeGxXQBBy17Gtey/view?usp=drivesdk,NIE,0,0,NIE,OCR / konwersja skanu
drive-1yOAfi5qDtFqHPWUuA2xpNp0Mj11qort1-YG-05225,YG-05225,YG05225,YATO GASTRO,YG-05225,Czesci_zamienne_YG-05225.pdf,,Rysunki wybuchowe,1yOAfi5qDtFqHPWUuA2xpNp0Mj11qort1,https://drive.google.com/file/d/1yOAfi5qDtFqHPWUuA2xpNp0Mj11qort1/preview,https://drive.google.com/file/d/1yOAfi5qDtFqHPWUuA2xpNp0Mj11qort1/view?usp=drivesdk,NIE,0,0,NIE,OCR / konwersja skanu
drive-1BQExBQvoxc4T-zNYJp-j825IlG1ImTNy-YG-05226,YG-05226,YG05226,YATO GASTRO,YG-05226,Czesci_zamienne_YG-05226.pdf,,Rysunki wybuchowe,1BQExBQvoxc4T-zNYJp-j825IlG1ImTNy,https://drive.google.com/file/d/1BQExBQvoxc4T-zNYJp-j825IlG1ImTNy/preview,https://drive.google.com/file/d/1BQExBQvoxc4T-zNYJp-j825IlG1ImTNy/view?usp=drivesdk,NIE,0,0,NIE,OCR / konwersja skanu
drive-1TkdGPFpdZRjbITGHIskZkCBCbOaMylLm-YG-05227,YG-05227,YG05227,YATO GASTRO,YG-05227,Czesci_zamienne_YG-05227.pdf,,Rysunki wybuchowe,1TkdGPFpdZRjbITGHIskZkCBCbOaMylLm,https://drive.google.com/file/d/1TkdGPFpdZRjbITGHIskZkCBCbOaMylLm/preview,https://drive.google.com/file/d/1TkdGPFpdZRjbITGHIskZkCBCbOaMylLm/view?usp=drivesdk,NIE,0,0,NIE,OCR / konwersja skanu
drive-1wbhEbllL-aomKGEzmQIP1vz6PsqBl3up-YG-05230,YG-05230,YG05230,YATO GASTRO,YG-05230,Czesci_zamienne_YG-05230.pdf,,Rysunki wybuchowe,1wbhEbllL-aomKGEzmQIP1vz6PsqBl3up,https://drive.google.com/file/d/1wbhEbllL-aomKGEzmQIP1vz6PsqBl3up/preview,https://drive.google.com/file/d/1wbhEbllL-aomKGEzmQIP1vz6PsqBl3up/view?usp=drivesdk,NIE,0,0,NIE,OCR / konwersja skanu
drive-1ooINGlkyzRhfCSLFX_01xe2EsVRcKQT7-YG-05231,YG-05231,YG05231,YATO GASTRO,YG-05231,Czesci_zamienne_YG-05231.pdf,,Rysunki wybuchowe,1ooINGlkyzRhfCSLFX_01xe2EsVRcKQT7,https://drive.google.com/file/d/1ooINGlkyzRhfCSLFX_01xe2EsVRcKQT7/preview,https://drive.google.com/file/d/1ooINGlkyzRhfCSLFX_01xe2EsVRcKQT7/view?usp=drivesdk,NIE,0,0,NIE,OCR / konwersja skanu
drive-1O90X_ugnIKL7ZVexiXastOYbaIdlaBcn-YG-05232,YG-05232,YG05232,YATO GASTRO,YG-05232,Czesci_zamienne_YG-05232.pdf,,Rysunki wybuchowe,1O90X_ugnIKL7ZVexiXastOYbaIdlaBcn,https://drive.google.com/file/d/1O90X_ugnIKL7ZVexiXastOYbaIdlaBcn/preview,https://drive.google.com/file/d/1O90X_ugnIKL7ZVexiXastOYbaIdlaBcn/view?usp=drivesdk,NIE,0,0,NIE,OCR / konwersja skanu
drive-1YcSvQC6NWqIGyX69bk0v7LDYr5hHxHy5-YG-05233,YG-05233,YG05233,YATO GASTRO,YG-05233,Czesci_zamienne_YG-05233.pdf,,Rysunki wybuchowe,1YcSvQC6NWqIGyX69bk0v7LDYr5hHxHy5,https://drive.google.com/file/d/1YcSvQC6NWqIGyX69bk0v7LDYr5hHxHy5/preview,https://drive.google.com/file/d/1YcSvQC6NWqIGyX69bk0v7LDYr5hHxHy5/view?usp=drivesdk,NIE,0,0,NIE,OCR / konwersja skanu
drive-1_SjtyNkv9OmMcNLKEXVceTQyNl5KU-oA-YG-05234,YG-05234,YG05234,YATO GASTRO,YG-05234,Czesci_zamienne_YG-05234.pdf,,Rysunki wybuchowe,1_SjtyNkv9OmMcNLKEXVceTQyNl5KU-oA,https://drive.google.com/file/d/1_SjtyNkv9OmMcNLKEXVceTQyNl5KU-oA/preview,https://drive.google.com/file/d/1_SjtyNkv9OmMcNLKEXVceTQyNl5KU-oA/view?usp=drivesdk,NIE,0,0,NIE,OCR / konwersja skanu
drive-1r7BXfWGEQjFpMMnyDK6d9V4o1fG0NYOT-YG-05235,YG-05235,YG05235,YATO GASTRO,YG-05235,Czesci_zamienne_YG-05235.pdf,,Rysunki wybuchowe,1r7BXfWGEQjFpMMnyDK6d9V4o1fG0NYOT,https://drive.google.com/file/d/1r7BXfWGEQjFpMMnyDK6d9V4o1fG0NYOT/preview,https://drive.google.com/file/d/1r7BXfWGEQjFpMMnyDK6d9V4o1fG0NYOT/view?usp=drivesdk,NIE,0,0,NIE,OCR / konwersja skanu
drive-1ZpEBtziT0DovNuwnk4ENmDHydfKURvpq-YG-05236,YG-05236,YG05236,YATO GASTRO,YG-05236,Czesci_zamienne_YG-05236.pdf,,Rysunki wybuchowe,1ZpEBtziT0DovNuwnk4ENmDHydfKURvpq,https://drive.google.com/file/d/1ZpEBtziT0DovNuwnk4ENmDHydfKURvpq/preview,https://drive.google.com/file/d/1ZpEBtziT0DovNuwnk4ENmDHydfKURvpq/view?usp=drivesdk,NIE,0,0,NIE,OCR / konwersja skanu
drive-10559ZjWFdOhhmhKvbAMEdRlforGWoRpY-YG-05250,YG-05250,YG05250,YATO GASTRO,YG-05250,Czesci_zamienne_YG-05250.pdf,,Rysunki wybuchowe,10559ZjWFdOhhmhKvbAMEdRlforGWoRpY,https://drive.google.com/file/d/10559ZjWFdOhhmhKvbAMEdRlforGWoRpY/preview,https://drive.google.com/file/d/10559ZjWFdOhhmhKvbAMEdRlforGWoRpY/view?usp=drivesdk,NIE,0,0,NIE,OCR / konwersja skanu
drive-1BroqoVF2ijSkYdmTSrXLFpEPPzHnK28A-YG-05251,YG-05251,YG05251,YATO GASTRO,YG-05251,Czesci_zamienne_YG-05251.pdf,,Rysunki wybuchowe,1BroqoVF2ijSkYdmTSrXLFpEPPzHnK28A,https://drive.google.com/file/d/1BroqoVF2ijSkYdmTSrXLFpEPPzHnK28A/preview,https://drive.google.com/file/d/1BroqoVF2ijSkYdmTSrXLFpEPPzHnK28A/view?usp=drivesdk,NIE,0,0,NIE,OCR / konwersja skanu
drive-1FT_ip-5PxXc6W11kr9SA_mEoqngzcvXz-YG-05252,YG-05252,YG05252,YATO GASTRO,YG-05252,Czesci_zamienne_YG-05252.pdf,,Rysunki wybuchowe,1FT_ip-5PxXc6W11kr9SA_mEoqngzcvXz,https://drive.google.com/file/d/1FT_ip-5PxXc6W11kr9SA_mEoqngzcvXz/preview,https://drive.google.com/file/d/1FT_ip-5PxXc6W11kr9SA_mEoqngzcvXz/view?usp=drivesdk,NIE,0,0,NIE,OCR / konwersja skanu
drive-1wmcT5DOJc-emyjzCOIW_Vi3PSiOKJUat-YG-05253,YG-05253,YG05253,YATO GASTRO,YG-05253,Czesci_zamienne_YG-05253.pdf,,Rysunki wybuchowe,1wmcT5DOJc-emyjzCOIW_Vi3PSiOKJUat,https://drive.google.com/file/d/1wmcT5DOJc-emyjzCOIW_Vi3PSiOKJUat/preview,https://drive.google.com/file/d/1wmcT5DOJc-emyjzCOIW_Vi3PSiOKJUat/view?usp=drivesdk,NIE,0,0,NIE,OCR / konwersja skanu
drive-19Br67KCBAAL8TdWVEk4b8sxshLgcYniI-YG-05254,YG-05254,YG05254,YATO GASTRO,YG-05254,Czesci_zamienne_YG-05254.pdf,,Rysunki wybuchowe,19Br67KCBAAL8TdWVEk4b8sxshLgcYniI,https://drive.google.com/file/d/19Br67KCBAAL8TdWVEk4b8sxshLgcYniI/preview,https://drive.google.com/file/d/19Br67KCBAAL8TdWVEk4b8sxshLgcYniI/view?usp=drivesdk,NIE,0,0,NIE,OCR / konwersja skanu
drive-1MnvU8sNAFRXrvQyWyU5AJNimpzKERAVN-YG-05255,YG-05255,YG05255,YATO GASTRO,YG-05255,Czesci_zamienne_YG-05255.pdf,,Rysunki wybuchowe,1MnvU8sNAFRXrvQyWyU5AJNimpzKERAVN,https://drive.google.com/file/d/1MnvU8sNAFRXrvQyWyU5AJNimpzKERAVN/preview,https://drive.google.com/file/d/1MnvU8sNAFRXrvQyWyU5AJNimpzKERAVN/view?usp=drivesdk,NIE,0,0,NIE,OCR / konwersja skanu
drive-18Rgstq9qlajQdageGS5wGulXxntBN5eW-YG-05256,YG-05256,YG05256,YATO GASTRO,YG-05256,Czesci_zamienne_YG-05256.pdf,,Rysunki wybuchowe,18Rgstq9qlajQdageGS5wGulXxntBN5eW,https://drive.google.com/file/d/18Rgstq9qlajQdageGS5wGulXxntBN5eW/preview,https://drive.google.com/file/d/18Rgstq9qlajQdageGS5wGulXxntBN5eW/view?usp=drivesdk,NIE,0,0,NIE,OCR / konwersja skanu
drive-18EHu2RGoJYtQzEx8-BRL8Tv599Z6F4v7-YG-05257,YG-05257,YG05257,YATO GASTRO,YG-05257,Czesci_zamienne_YG-05257.pdf,,Rysunki wybuchowe,18EHu2RGoJYtQzEx8-BRL8Tv599Z6F4v7,https://drive.google.com/file/d/18EHu2RGoJYtQzEx8-BRL8Tv599Z6F4v7/preview,https://drive.google.com/file/d/18EHu2RGoJYtQzEx8-BRL8Tv599Z6F4v7/view?usp=drivesdk,NIE,0,0,NIE,OCR / konwersja skanu
drive-1jauQCKnDPcsqBl9St4MubyllLWyPBGdd-YG-05258,YG-05258,YG05258,YATO GASTRO,YG-05258,Czesci_zamienne_YG-05258.pdf,,Rysunki wybuchowe,1jauQCKnDPcsqBl9St4MubyllLWyPBGdd,https://drive.google.com/file/d/1jauQCKnDPcsqBl9St4MubyllLWyPBGdd/preview,https://drive.google.com/file/d/1jauQCKnDPcsqBl9St4MubyllLWyPBGdd/view?usp=drivesdk,NIE,0,0,NIE,OCR / konwersja skanu
drive-1S5RR69nthRRW0mtelGNJwzahpmvC9ShW-YG-05259,YG-05259,YG05259,YATO GASTRO,YG-05259,Czesci_zamienne_YG-05259.pdf,,Rysunki wybuchowe,1S5RR69nthRRW0mtelGNJwzahpmvC9ShW,https://drive.google.com/file/d/1S5RR69nthRRW0mtelGNJwzahpmvC9ShW/preview,https://drive.google.com/file/d/1S5RR69nthRRW0mtelGNJwzahpmvC9ShW/view?usp=drivesdk,NIE,0,0,NIE,OCR / konwersja skanu
drive-1taETUPbi4yxmGvxdEtTFp-5aosagX86Y-YG-05260,YG-05260,YG05260,YATO GASTRO,YG-05260,Czesci_zamienne_YG-05260.pdf,,Rysunki wybuchowe,1taETUPbi4yxmGvxdEtTFp-5aosagX86Y,https://drive.google.com/file/d/1taETUPbi4yxmGvxdEtTFp-5aosagX86Y/preview,https://drive.google.com/file/d/1taETUPbi4yxmGvxdEtTFp-5aosagX86Y/view?usp=drivesdk,NIE,0,0,NIE,OCR / konwersja skanu
drive-1gzbd8KyWkMvXMjxHRZha9U3GJIBd_hlO-YG-05262,YG-05262,YG05262,YATO GASTRO,YG-05262,Czesci_zamienne_YG-05262.pdf,,Rysunki wybuchowe,1gzbd8KyWkMvXMjxHRZha9U3GJIBd_hlO,https://drive.google.com/file/d/1gzbd8KyWkMvXMjxHRZha9U3GJIBd_hlO/preview,https://drive.google.com/file/d/1gzbd8KyWkMvXMjxHRZha9U3GJIBd_hlO/view?usp=drivesdk,NIE,0,0,NIE,OCR / konwersja skanu
drive-1GiB_RP4Bt_XZaw_VWpM3pLp-As6zhzOp-YG-05270,YG-05270,YG05270,YATO GASTRO,YG-05270,Czesci_zamienne_YG-05270.pdf,,Rysunki wybuchowe,1GiB_RP4Bt_XZaw_VWpM3pLp-As6zhzOp,https://drive.google.com/file/d/1GiB_RP4Bt_XZaw_VWpM3pLp-As6zhzOp/preview,https://drive.google.com/file/d/1GiB_RP4Bt_XZaw_VWpM3pLp-As6zhzOp/view?usp=drivesdk,NIE,0,0,NIE,OCR / konwersja skanu
drive-1jWcttH6tya0QFlC5AMHOTdVgVdzufWNd-YG-05275,YG-05275,YG05275,YATO GASTRO,YG-05275,Czesci_zamienne_YG-05275.pdf,,Rysunki wybuchowe,1jWcttH6tya0QFlC5AMHOTdVgVdzufWNd,https://drive.google.com/file/d/1jWcttH6tya0QFlC5AMHOTdVgVdzufWNd/preview,https://drive.google.com/file/d/1jWcttH6tya0QFlC5AMHOTdVgVdzufWNd/view?usp=drivesdk,NIE,0,0,NIE,OCR / konwersja skanu
drive-1AXSFo1QyYdqe-4DTH8hNtFZwvhMYSH8Y-YG-05280,YG-05280,YG05280,YATO GASTRO,YG-05280,Czesci_zamienne_YG-05280.pdf,,Rysunki wybuchowe,1AXSFo1QyYdqe-4DTH8hNtFZwvhMYSH8Y,https://drive.google.com/file/d/1AXSFo1QyYdqe-4DTH8hNtFZwvhMYSH8Y/preview,https://drive.google.com/file/d/1AXSFo1QyYdqe-4DTH8hNtFZwvhMYSH8Y/view?usp=drivesdk,NIE,0,0,NIE,OCR / konwersja skanu
drive-1oq52mued2JWZONBtQ1vZJd9_vIlN2BA0-YG-05281,YG-05281,YG05281,YATO GASTRO,YG-05281,Czesci_zamienne_YG-05281.pdf,,Rysunki wybuchowe,1oq52mued2JWZONBtQ1vZJd9_vIlN2BA0,https://drive.google.com/file/d/1oq52mued2JWZONBtQ1vZJd9_vIlN2BA0/preview,https://drive.google.com/file/d/1oq52mued2JWZONBtQ1vZJd9_vIlN2BA0/view?usp=drivesdk,NIE,0,0,NIE,OCR / konwersja skanu
drive-1stoEIpn0RtPzk7EANHkaSf6fHZa0ihT9-YG-05290,YG-05290,YG05290,YATO GASTRO,YG-05290,Czesci_zamienne_YG-05290.pdf,,Rysunki wybuchowe,1stoEIpn0RtPzk7EANHkaSf6fHZa0ihT9,https://drive.google.com/file/d/1stoEIpn0RtPzk7EANHkaSf6fHZa0ihT9/preview,https://drive.google.com/file/d/1stoEIpn0RtPzk7EANHkaSf6fHZa0ihT9/view?usp=drivesdk,NIE,0,0,NIE,OCR / konwersja skanu
drive-1t7MBzyzz8jAU_GDanjt_6JdkSqVCekbv-YG-05300,YG-05300,YG05300,YATO GASTRO,YG-05300,Czesci_zamienne_YG-05300.pdf,,Rysunki wybuchowe,1t7MBzyzz8jAU_GDanjt_6JdkSqVCekbv,https://drive.google.com/file/d/1t7MBzyzz8jAU_GDanjt_6JdkSqVCekbv/preview,https://drive.google.com/file/d/1t7MBzyzz8jAU_GDanjt_6JdkSqVCekbv/view?usp=drivesdk,NIE,0,0,NIE,OCR / konwersja skanu
drive-1WEsyO9E5jk8CzFAqepzH1cmx1hh2lROA-YG-05305,YG-05305,YG05305,YATO GASTRO,YG-05305,Czesci_zamienne_YG-05305.pdf,,Rysunki wybuchowe,1WEsyO9E5jk8CzFAqepzH1cmx1hh2lROA,https://drive.google.com/file/d/1WEsyO9E5jk8CzFAqepzH1cmx1hh2lROA/preview,https://drive.google.com/file/d/1WEsyO9E5jk8CzFAqepzH1cmx1hh2lROA/view?usp=drivesdk,NIE,0,0,NIE,OCR / konwersja skanu
drive-1K65b-5MclzPb8MqJsdAAcvZUzNGM0jJ6-YG-05310,YG-05310,YG05310,YATO GASTRO,YG-05310,Czesci_zamienne_YG-05310.pdf,,Rysunki wybuchowe,1K65b-5MclzPb8MqJsdAAcvZUzNGM0jJ6,https://drive.google.com/file/d/1K65b-5MclzPb8MqJsdAAcvZUzNGM0jJ6/preview,https://drive.google.com/file/d/1K65b-5MclzPb8MqJsdAAcvZUzNGM0jJ6/view?usp=drivesdk,NIE,0,0,NIE,OCR / konwersja skanu
drive-17vBbpG78JjjJF7HbT7cggxRZBT_VHoeP-YG-05320,YG-05320,YG05320,YATO GASTRO,YG-05320,Czesci_zamienne_YG-05320.pdf,,Rysunki wybuchowe,17vBbpG78JjjJF7HbT7cggxRZBT_VHoeP,https://drive.google.com/file/d/17vBbpG78JjjJF7HbT7cggxRZBT_VHoeP/preview,https://drive.google.com/file/d/17vBbpG78JjjJF7HbT7cggxRZBT_VHoeP/view?usp=drivesdk,NIE,0,0,NIE,OCR / konwersja skanu
drive-1VHBKXpTwKBU0nq5bHtpB2OOrOIGLkwca-YG-05321,YG-05321,YG05321,YATO GASTRO,YG-05321,Czesci_zamienne_YG-05321.pdf,,Rysunki wybuchowe,1VHBKXpTwKBU0nq5bHtpB2OOrOIGLkwca,https://drive.google.com/file/d/1VHBKXpTwKBU0nq5bHtpB2OOrOIGLkwca/preview,https://drive.google.com/file/d/1VHBKXpTwKBU0nq5bHtpB2OOrOIGLkwca/view?usp=drivesdk,NIE,0,0,NIE,OCR / konwersja skanu
drive-1u8DhZDvK3ftMMeoypPzqPVScZ53LElO3-YG-05322,YG-05322,YG05322,YATO GASTRO,YG-05322,Czesci_zamienne_YG-05322.pdf,,Rysunki wybuchowe,1u8DhZDvK3ftMMeoypPzqPVScZ53LElO3,https://drive.google.com/file/d/1u8DhZDvK3ftMMeoypPzqPVScZ53LElO3/preview,https://drive.google.com/file/d/1u8DhZDvK3ftMMeoypPzqPVScZ53LElO3/view?usp=drivesdk,NIE,0,0,NIE,OCR / konwersja skanu
drive-1_ml9zu6dUTR7v-1Ur9zJAXglaIiubHGb-YG-05323,YG-05323,YG05323,YATO GASTRO,YG-05323,Czesci_zamienne_YG-05323.pdf,,Rysunki wybuchowe,1_ml9zu6dUTR7v-1Ur9zJAXglaIiubHGb,https://drive.google.com/file/d/1_ml9zu6dUTR7v-1Ur9zJAXglaIiubHGb/preview,https://drive.google.com/file/d/1_ml9zu6dUTR7v-1Ur9zJAXglaIiubHGb/view?usp=drivesdk,NIE,0,0,NIE,OCR / konwersja skanu
drive-1AvxoEicaWl6q08sWqlu6VAxOc1ozId4S-YG-05330,YG-05330,YG05330,YATO GASTRO,YG-05330,Czesci_zamienne_YG-05330.pdf,,Rysunki wybuchowe,1AvxoEicaWl6q08sWqlu6VAxOc1ozId4S,https://drive.google.com/file/d/1AvxoEicaWl6q08sWqlu6VAxOc1ozId4S/preview,https://drive.google.com/file/d/1AvxoEicaWl6q08sWqlu6VAxOc1ozId4S/view?usp=drivesdk,NIE,0,0,NIE,OCR / konwersja skanu
drive-1ibwucu0M62mmWwHTVBovSQfvXuCzp7KK-YG-05331,YG-05331,YG05331,YATO GASTRO,YG-05331,Czesci_zamienne_YG-05331.pdf,,Rysunki wybuchowe,1ibwucu0M62mmWwHTVBovSQfvXuCzp7KK,https://drive.google.com/file/d/1ibwucu0M62mmWwHTVBovSQfvXuCzp7KK/preview,https://drive.google.com/file/d/1ibwucu0M62mmWwHTVBovSQfvXuCzp7KK/view?usp=drivesdk,NIE,0,0,NIE,OCR / konwersja skanu
drive-1B9lWY_tlPnbzM5f1vXLlChQDwRPvVhpu-YG-05332,YG-05332,YG05332,YATO GASTRO,YG-05332,Czesci_zamienne_YG-05332.pdf,,Rysunki wybuchowe,1B9lWY_tlPnbzM5f1vXLlChQDwRPvVhpu,https://drive.google.com/file/d/1B9lWY_tlPnbzM5f1vXLlChQDwRPvVhpu/preview,https://drive.google.com/file/d/1B9lWY_tlPnbzM5f1vXLlChQDwRPvVhpu/view?usp=drivesdk,NIE,0,0,NIE,OCR / konwersja skanu
drive-1nXTjEmYkVF8cnwf-UWA_PAmUABN2z7OC-YG-05350,YG-05350,YG05350,YATO GASTRO,YG-05350,Czesci_zamienne_YG-05350.pdf,,Rysunki wybuchowe,1nXTjEmYkVF8cnwf-UWA_PAmUABN2z7OC,https://drive.google.com/file/d/1nXTjEmYkVF8cnwf-UWA_PAmUABN2z7OC/preview,https://drive.google.com/file/d/1nXTjEmYkVF8cnwf-UWA_PAmUABN2z7OC/view?usp=drivesdk,NIE,0,0,NIE,OCR / konwersja skanu
drive-1B9mNXP0Tuj-8BeWvE3VAykbOYmvWBk-B-YG-05355,YG-05355,YG05355,YATO GASTRO,YG-05355,Czesci_zamienne_YG-05355.pdf,,Rysunki wybuchowe,1B9mNXP0Tuj-8BeWvE3VAykbOYmvWBk-B,https://drive.google.com/file/d/1B9mNXP0Tuj-8BeWvE3VAykbOYmvWBk-B/preview,https://drive.google.com/file/d/1B9mNXP0Tuj-8BeWvE3VAykbOYmvWBk-B/view?usp=drivesdk,NIE,0,0,NIE,OCR / konwersja skanu
drive-17CbBtUQ-TjK37iGqmzSNfw6J0TmG3qns-YG-05356,YG-05356,YG05356,YATO GASTRO,YG-05356,Czesci_zamienne_YG-05356.pdf,,Rysunki wybuchowe,17CbBtUQ-TjK37iGqmzSNfw6J0TmG3qns,https://drive.google.com/file/d/17CbBtUQ-TjK37iGqmzSNfw6J0TmG3qns/preview,https://drive.google.com/file/d/17CbBtUQ-TjK37iGqmzSNfw6J0TmG3qns/view?usp=drivesdk,NIE,0,0,NIE,OCR / konwersja skanu
drive-1esme57WfzTf-vlDndmnXxmcToZcZZAG6-YG-05360,YG-05360,YG05360,YATO GASTRO,YG-05360,Czesci_zamienne_YG-05360.pdf,,Rysunki wybuchowe,1esme57WfzTf-vlDndmnXxmcToZcZZAG6,https://drive.google.com/file/d/1esme57WfzTf-vlDndmnXxmcToZcZZAG6/preview,https://drive.google.com/file/d/1esme57WfzTf-vlDndmnXxmcToZcZZAG6/view?usp=drivesdk,NIE,0,0,NIE,OCR / konwersja skanu
drive-13b_WpRBdYOfyfObhiRq3qeXNaoBoR6nh-YG-07001,YG-07001,YG07001,YATO GASTRO,YG-07001,Czesci_zamienne_YG-07001.pdf,,Rysunki wybuchowe,13b_WpRBdYOfyfObhiRq3qeXNaoBoR6nh,https://drive.google.com/file/d/13b_WpRBdYOfyfObhiRq3qeXNaoBoR6nh/preview,https://drive.google.com/file/d/13b_WpRBdYOfyfObhiRq3qeXNaoBoR6nh/view?usp=drivesdk,NIE,0,0,NIE,OCR / konwersja skanu
drive-14TTnJtWUDY2Hae7y2h__JduEWMI3gfhC-YG-09000,YG-09000,YG09000,YATO GASTRO,YG-09000,Czesci_zamienne_YG-09000.pdf,,Rysunki wybuchowe,14TTnJtWUDY2Hae7y2h__JduEWMI3gfhC,https://drive.google.com/file/d/14TTnJtWUDY2Hae7y2h__JduEWMI3gfhC/preview,https://drive.google.com/file/d/14TTnJtWUDY2Hae7y2h__JduEWMI3gfhC/view?usp=drivesdk,NIE,0,0,NIE,OCR / konwersja skanu
drive-1jjBnK-BHwqNGyNpOBV0F9A6sidYVqMYD-YG-09001,YG-09001,YG09001,YATO GASTRO,YG-09001,Czesci_zamienne_YG-09001.pdf,,Rysunki wybuchowe,1jjBnK-BHwqNGyNpOBV0F9A6sidYVqMYD,https://drive.google.com/file/d/1jjBnK-BHwqNGyNpOBV0F9A6sidYVqMYD/preview,https://drive.google.com/file/d/1jjBnK-BHwqNGyNpOBV0F9A6sidYVqMYD/view?usp=drivesdk,NIE,0,0,NIE,OCR / konwersja skanu
drive-1pPu1J--dQUWGiKSUfhMG2ZQsMjPt0qHd-YG-09002,YG-09002,YG09002,YATO GASTRO,YG-09002,Czesci_zamienne_YG-09002.pdf,,Rysunki wybuchowe,1pPu1J--dQUWGiKSUfhMG2ZQsMjPt0qHd,https://drive.google.com/file/d/1pPu1J--dQUWGiKSUfhMG2ZQsMjPt0qHd/preview,https://drive.google.com/file/d/1pPu1J--dQUWGiKSUfhMG2ZQsMjPt0qHd/view?usp=drivesdk,NIE,0,0,NIE,OCR / konwersja skanu
drive-1u0cE0T7InjmAlQ7E58kfqcBiMO6nxBmg-YG-09003,YG-09003,YG09003,YATO GASTRO,YG-09003,Czesci_zamienne_YG-09003.pdf,,Rysunki wybuchowe,1u0cE0T7InjmAlQ7E58kfqcBiMO6nxBmg,https://drive.google.com/file/d/1u0cE0T7InjmAlQ7E58kfqcBiMO6nxBmg/preview,https://drive.google.com/file/d/1u0cE0T7InjmAlQ7E58kfqcBiMO6nxBmg/view?usp=drivesdk,NIE,0,0,NIE,OCR / konwersja skanu
drive-10zr12EZ-X2qeGlmuk4QD2Ze89GZUh_n--YG-09004,YG-09004,YG09004,YATO GASTRO,YG-09004,Czesci_zamienne_YG-09004.pdf,,Rysunki wybuchowe,10zr12EZ-X2qeGlmuk4QD2Ze89GZUh_n-,https://drive.google.com/file/d/10zr12EZ-X2qeGlmuk4QD2Ze89GZUh_n-/preview,https://drive.google.com/file/d/10zr12EZ-X2qeGlmuk4QD2Ze89GZUh_n-/view?usp=drivesdk,NIE,0,0,NIE,OCR / konwersja skanu
drive-1BD5N-i7DhwHQ9BDZMAMvjxonp1x-Flhr-YG-09005,YG-09005,YG09005,YATO GASTRO,YG-09005,Czesci_zamienne_YG-09005.pdf,,Rysunki wybuchowe,1BD5N-i7DhwHQ9BDZMAMvjxonp1x-Flhr,https://drive.google.com/file/d/1BD5N-i7DhwHQ9BDZMAMvjxonp1x-Flhr/preview,https://drive.google.com/file/d/1BD5N-i7DhwHQ9BDZMAMvjxonp1x-Flhr/view?usp=drivesdk,NIE,0,0,NIE,OCR / konwersja skanu
drive-1xlj21duLR9S2VvKLRGYEgOrD2Js_vrks-YG-09006,YG-09006,YG09006,YATO GASTRO,YG-09006,Czesci_zamienne_YG-09006.pdf,,Rysunki wybuchowe,1xlj21duLR9S2VvKLRGYEgOrD2Js_vrks,https://drive.google.com/file/d/1xlj21duLR9S2VvKLRGYEgOrD2Js_vrks/preview,https://drive.google.com/file/d/1xlj21duLR9S2VvKLRGYEgOrD2Js_vrks/view?usp=drivesdk,NIE,0,0,NIE,OCR / konwersja skanu
drive-1v4RyaDcyl1mx0i7dZR2_GTaGmyLiI5Ox-YG-09010,YG-09010,YG09010,YATO GASTRO,YG-09010,Czesci_zamienne_YG-09010.pdf,,Rysunki wybuchowe,1v4RyaDcyl1mx0i7dZR2_GTaGmyLiI5Ox,https://drive.google.com/file/d/1v4RyaDcyl1mx0i7dZR2_GTaGmyLiI5Ox/preview,https://drive.google.com/file/d/1v4RyaDcyl1mx0i7dZR2_GTaGmyLiI5Ox/view?usp=drivesdk,NIE,0,0,NIE,OCR / konwersja skanu
drive-1np3E91pSOESLnQkJzUYxalqM3cd5aAMl-YG-09011,YG-09011,YG09011,YATO GASTRO,YG-09011,Czesci_zamienne_YG-09011.pdf,,Rysunki wybuchowe,1np3E91pSOESLnQkJzUYxalqM3cd5aAMl,https://drive.google.com/file/d/1np3E91pSOESLnQkJzUYxalqM3cd5aAMl/preview,https://drive.google.com/file/d/1np3E91pSOESLnQkJzUYxalqM3cd5aAMl/view?usp=drivesdk,NIE,0,0,NIE,OCR / konwersja skanu
drive-1ujI3ABGxnbsz5NW2ZuZ1NDNVCcV_4is1-YG-09012,YG-09012,YG09012,YATO GASTRO,YG-09012,Czesci_zamienne_YG-09012.pdf,,Rysunki wybuchowe,1ujI3ABGxnbsz5NW2ZuZ1NDNVCcV_4is1,https://drive.google.com/file/d/1ujI3ABGxnbsz5NW2ZuZ1NDNVCcV_4is1/preview,https://drive.google.com/file/d/1ujI3ABGxnbsz5NW2ZuZ1NDNVCcV_4is1/view?usp=drivesdk,NIE,0,0,NIE,OCR / konwersja skanu
drive-11kfEMTh6TE5aT0ga5G2fe5aDuRAPGIoW-YG-09013,YG-09013,YG09013,YATO GASTRO,YG-09013,Czesci_zamienne_YG-09013.pdf,,Rysunki wybuchowe,11kfEMTh6TE5aT0ga5G2fe5aDuRAPGIoW,https://drive.google.com/file/d/11kfEMTh6TE5aT0ga5G2fe5aDuRAPGIoW/preview,https://drive.google.com/file/d/11kfEMTh6TE5aT0ga5G2fe5aDuRAPGIoW/view?usp=drivesdk,NIE,0,0,NIE,OCR / konwersja skanu
drive-1ax-k3CSSk0iGo9TtMtmKUPOF_C2cQc3Q-YG-09014,YG-09014,YG09014,YATO GASTRO,YG-09014,Czesci_zamienne_YG-09014.pdf,,Rysunki wybuchowe,1ax-k3CSSk0iGo9TtMtmKUPOF_C2cQc3Q,https://drive.google.com/file/d/1ax-k3CSSk0iGo9TtMtmKUPOF_C2cQc3Q/preview,https://drive.google.com/file/d/1ax-k3CSSk0iGo9TtMtmKUPOF_C2cQc3Q/view?usp=drivesdk,NIE,0,0,NIE,OCR / konwersja skanu
drive-1HWydFEiO-NhNUFEQQmy0pF1FiQgkQHPE-YG-09020,YG-09020,YG09020,YATO GASTRO,YG-09020,Czesci_zamienne_YG-09020.pdf,,Rysunki wybuchowe,1HWydFEiO-NhNUFEQQmy0pF1FiQgkQHPE,https://drive.google.com/file/d/1HWydFEiO-NhNUFEQQmy0pF1FiQgkQHPE/preview,https://drive.google.com/file/d/1HWydFEiO-NhNUFEQQmy0pF1FiQgkQHPE/view?usp=drivesdk,NIE,0,0,NIE,OCR / konwersja skanu
drive-1WDXWfrzLdu1hg6EPHp4aes6-eDUkIL_3-YG-09021,YG-09021,YG09021,YATO GASTRO,YG-09021,Czesci_zamienne_YG-09021.pdf,,Rysunki wybuchowe,1WDXWfrzLdu1hg6EPHp4aes6-eDUkIL_3,https://drive.google.com/file/d/1WDXWfrzLdu1hg6EPHp4aes6-eDUkIL_3/preview,https://drive.google.com/file/d/1WDXWfrzLdu1hg6EPHp4aes6-eDUkIL_3/view?usp=drivesdk,NIE,0,0,NIE,OCR / konwersja skanu
drive-1YRZsaIy3VqOgye67YMtQoo2S6fFVVbuD-YG-09022,YG-09022,YG09022,YATO GASTRO,YG-09022,Czesci_zamienne_YG-09022.pdf,,Rysunki wybuchowe,1YRZsaIy3VqOgye67YMtQoo2S6fFVVbuD,https://drive.google.com/file/d/1YRZsaIy3VqOgye67YMtQoo2S6fFVVbuD/preview,https://drive.google.com/file/d/1YRZsaIy3VqOgye67YMtQoo2S6fFVVbuD/view?usp=drivesdk,NIE,0,0,NIE,OCR / konwersja skanu
drive-1eNviNQq-ugSD8x6sE2lbzT8MpGoPvgqo-YG-09023,YG-09023,YG09023,YATO GASTRO,YG-09023,Czesci_zamienne_YG-09023.pdf,,Rysunki wybuchowe,1eNviNQq-ugSD8x6sE2lbzT8MpGoPvgqo,https://drive.google.com/file/d/1eNviNQq-ugSD8x6sE2lbzT8MpGoPvgqo/preview,https://drive.google.com/file/d/1eNviNQq-ugSD8x6sE2lbzT8MpGoPvgqo/view?usp=drivesdk,NIE,0,0,NIE,OCR / konwersja skanu
drive-1dCpw6jkXf-r2Q2UfPJSI43SzMESeu4dI-YG-09024,YG-09024,YG09024,YATO GASTRO,YG-09024,Czesci_zamienne_YG-09024.pdf,,Rysunki wybuchowe,1dCpw6jkXf-r2Q2UfPJSI43SzMESeu4dI,https://drive.google.com/file/d/1dCpw6jkXf-r2Q2UfPJSI43SzMESeu4dI/preview,https://drive.google.com/file/d/1dCpw6jkXf-r2Q2UfPJSI43SzMESeu4dI/view?usp=drivesdk,NIE,0,0,NIE,OCR / konwersja skanu
drive-1ZxH84Qzrmo6Q6RRwrt4sm-GWR7IJSKJz-YG-09025,YG-09025,YG09025,YATO GASTRO,YG-09025,Czesci_zamienne_YG-09025.pdf,,Rysunki wybuchowe,1ZxH84Qzrmo6Q6RRwrt4sm-GWR7IJSKJz,https://drive.google.com/file/d/1ZxH84Qzrmo6Q6RRwrt4sm-GWR7IJSKJz/preview,https://drive.google.com/file/d/1ZxH84Qzrmo6Q6RRwrt4sm-GWR7IJSKJz/view?usp=drivesdk,NIE,0,0,NIE,OCR / konwersja skanu
drive-1-sc6lMLB1ofRM5yCp09hTN_YOvE6CxAt-YG-09030,YG-09030,YG09030,YATO GASTRO,YG-09030,Czesci_zamienne_YG-09030.pdf,,Rysunki wybuchowe,1-sc6lMLB1ofRM5yCp09hTN_YOvE6CxAt,https://drive.google.com/file/d/1-sc6lMLB1ofRM5yCp09hTN_YOvE6CxAt/preview,https://drive.google.com/file/d/1-sc6lMLB1ofRM5yCp09hTN_YOvE6CxAt/view?usp=drivesdk,NIE,0,0,NIE,OCR / konwersja skanu
drive-1OA5to2VskIvvGb3gFx1js6GhGDWsb8Mu-YG-09031,YG-09031,YG09031,YATO GASTRO,YG-09031,Czesci_zamienne_YG-09031.pdf,,Rysunki wybuchowe,1OA5to2VskIvvGb3gFx1js6GhGDWsb8Mu,https://drive.google.com/file/d/1OA5to2VskIvvGb3gFx1js6GhGDWsb8Mu/preview,https://drive.google.com/file/d/1OA5to2VskIvvGb3gFx1js6GhGDWsb8Mu/view?usp=drivesdk,NIE,0,0,NIE,OCR / konwersja skanu
drive-12jtjcXKjzmJDRw_MZMvO2yL2VZrQyfOS-YG-09032,YG-09032,YG09032,YATO GASTRO,YG-09032,Czesci_zamienne_YG-09032.pdf,,Rysunki wybuchowe,12jtjcXKjzmJDRw_MZMvO2yL2VZrQyfOS,https://drive.google.com/file/d/12jtjcXKjzmJDRw_MZMvO2yL2VZrQyfOS/preview,https://drive.google.com/file/d/12jtjcXKjzmJDRw_MZMvO2yL2VZrQyfOS/view?usp=drivesdk,NIE,0,0,NIE,OCR / konwersja skanu
drive-1GdeSBr-Jyfv5A4lOScxMeAldOVrv6ZO6-YG-09033,YG-09033,YG09033,YATO GASTRO,YG-09033,Czesci_zamienne_YG-09033.pdf,,Rysunki wybuchowe,1GdeSBr-Jyfv5A4lOScxMeAldOVrv6ZO6,https://drive.google.com/file/d/1GdeSBr-Jyfv5A4lOScxMeAldOVrv6ZO6/preview,https://drive.google.com/file/d/1GdeSBr-Jyfv5A4lOScxMeAldOVrv6ZO6/view?usp=drivesdk,NIE,0,0,NIE,OCR / konwersja skanu
drive-19iP1TxqNBJ3B9bEVWtm7KUkwz7KzVDsA-YG-09034,YG-09034,YG09034,YATO GASTRO,YG-09034,Czesci_zamienne_YG-09034.pdf,,Rysunki wybuchowe,19iP1TxqNBJ3B9bEVWtm7KUkwz7KzVDsA,https://drive.google.com/file/d/19iP1TxqNBJ3B9bEVWtm7KUkwz7KzVDsA/preview,https://drive.google.com/file/d/19iP1TxqNBJ3B9bEVWtm7KUkwz7KzVDsA/view?usp=drivesdk,NIE,0,0,NIE,OCR / konwersja skanu
drive-1v4XtY1lDtS-SAZP4Ft7NiNomqhjsu0GE-YG-09035,YG-09035,YG09035,YATO GASTRO,YG-09035,Czesci_zamienne_YG-09035.pdf,,Rysunki wybuchowe,1v4XtY1lDtS-SAZP4Ft7NiNomqhjsu0GE,https://drive.google.com/file/d/1v4XtY1lDtS-SAZP4Ft7NiNomqhjsu0GE/preview,https://drive.google.com/file/d/1v4XtY1lDtS-SAZP4Ft7NiNomqhjsu0GE/view?usp=drivesdk,NIE,0,0,NIE,OCR / konwersja skanu
drive-1-ZvJslIWKDKWEuZe7VZygkrUnrU69iAC-YG-09225,YG-09225,YG09225,YATO GASTRO,YG-09225,Czesci_zamienne_YG-09225.pdf,,Rysunki wybuchowe,1-ZvJslIWKDKWEuZe7VZygkrUnrU69iAC,https://drive.google.com/file/d/1-ZvJslIWKDKWEuZe7VZygkrUnrU69iAC/preview,https://drive.google.com/file/d/1-ZvJslIWKDKWEuZe7VZygkrUnrU69iAC/view?usp=drivesdk,NIE,0,0,NIE,OCR / konwersja skanu
drive-1OGWaSFzC6Xx59P1NeQq0TfeRQVqxUvYv-YG-09226,YG-09226,YG09226,YATO GASTRO,YG-09226,Czesci_zamienne_YG-09226.pdf,,Rysunki wybuchowe,1OGWaSFzC6Xx59P1NeQq0TfeRQVqxUvYv,https://drive.google.com/file/d/1OGWaSFzC6Xx59P1NeQq0TfeRQVqxUvYv/preview,https://drive.google.com/file/d/1OGWaSFzC6Xx59P1NeQq0TfeRQVqxUvYv/view?usp=drivesdk,NIE,0,0,NIE,OCR / konwersja skanu
drive-1dOFvQAvhlDYnTIAiQu1F6FmExhvmCQUJ-YG-09227,YG-09227,YG09227,YATO GASTRO,YG-09227,Czesci_zamienne_YG-09227.pdf,,Rysunki wybuchowe,1dOFvQAvhlDYnTIAiQu1F6FmExhvmCQUJ,https://drive.google.com/file/d/1dOFvQAvhlDYnTIAiQu1F6FmExhvmCQUJ/preview,https://drive.google.com/file/d/1dOFvQAvhlDYnTIAiQu1F6FmExhvmCQUJ/view?usp=drivesdk,NIE,0,0,NIE,OCR / konwersja skanu
drive-1kzrz3wkKcvk_Z3buSsM6Yudk3TKcW3iJ-YG-09230,YG-09230,YG09230,YATO GASTRO,YG-09230,Czesci_zamienne_YG-09230.pdf,,Rysunki wybuchowe,1kzrz3wkKcvk_Z3buSsM6Yudk3TKcW3iJ,https://drive.google.com/file/d/1kzrz3wkKcvk_Z3buSsM6Yudk3TKcW3iJ/preview,https://drive.google.com/file/d/1kzrz3wkKcvk_Z3buSsM6Yudk3TKcW3iJ/view?usp=drivesdk,NIE,0,0,NIE,OCR / konwersja skanu
drive-16kF1rn8WsVxN73CXdGplsZ4gXGqbNI2V-YG-09231,YG-09231,YG09231,YATO GASTRO,YG-09231,Czesci_zamienne_YG-09231.pdf,,Rysunki wybuchowe,16kF1rn8WsVxN73CXdGplsZ4gXGqbNI2V,https://drive.google.com/file/d/16kF1rn8WsVxN73CXdGplsZ4gXGqbNI2V/preview,https://drive.google.com/file/d/16kF1rn8WsVxN73CXdGplsZ4gXGqbNI2V/view?usp=drivesdk,NIE,0,0,NIE,OCR / konwersja skanu
drive-1Sjt1bfhZiU7nth24F0bRh4_XLEfTYg93-YG-09233,YG-09233,YG09233,YATO GASTRO,YG-09233,Czesci_zamienne_YG-09233.pdf,,Rysunki wybuchowe,1Sjt1bfhZiU7nth24F0bRh4_XLEfTYg93,https://drive.google.com/file/d/1Sjt1bfhZiU7nth24F0bRh4_XLEfTYg93/preview,https://drive.google.com/file/d/1Sjt1bfhZiU7nth24F0bRh4_XLEfTYg93/view?usp=drivesdk,NIE,0,0,NIE,OCR / konwersja skanu
drive-1YC3txMWvhA4rs_ugZ70NhXhMI0a5kMlF-YG-09249,YG-09249,YG09249,YATO GASTRO,YG-09249,Czesci_zamienne_YG-09249.pdf,,Rysunki wybuchowe,1YC3txMWvhA4rs_ugZ70NhXhMI0a5kMlF,https://drive.google.com/file/d/1YC3txMWvhA4rs_ugZ70NhXhMI0a5kMlF/preview,https://drive.google.com/file/d/1YC3txMWvhA4rs_ugZ70NhXhMI0a5kMlF/view?usp=drivesdk,NIE,0,0,NIE,OCR / konwersja skanu
drive-1ZrCsAtSG2HAhnNjQ-pgI8VM5903X5wBV-YG-09250,YG-09250,YG09250,YATO GASTRO,YG-09250,Czesci_zamienne_YG-09250.pdf,,Rysunki wybuchowe,1ZrCsAtSG2HAhnNjQ-pgI8VM5903X5wBV,https://drive.google.com/file/d/1ZrCsAtSG2HAhnNjQ-pgI8VM5903X5wBV/preview,https://drive.google.com/file/d/1ZrCsAtSG2HAhnNjQ-pgI8VM5903X5wBV/view?usp=drivesdk,NIE,0,0,NIE,OCR / konwersja skanu
drive-16XUEP2pF_iuVzNtyO0bk0p0HkCF2bfty-YG-09303,YG-09303,YG09303,YATO GASTRO,YG-09303,Czesci_zamienne_YG-09303.pdf,,Rysunki wybuchowe,16XUEP2pF_iuVzNtyO0bk0p0HkCF2bfty,https://drive.google.com/file/d/16XUEP2pF_iuVzNtyO0bk0p0HkCF2bfty/preview,https://drive.google.com/file/d/16XUEP2pF_iuVzNtyO0bk0p0HkCF2bfty/view?usp=drivesdk,NIE,0,0,NIE,OCR / konwersja skanu
drive-1heWGvRj1WFA3QrGIqMqkbKo9jBKwmJKM-YG-09304,YG-09304,YG09304,YATO GASTRO,YG-09304,Czesci_zamienne_YG-09304.pdf,,Rysunki wybuchowe,1heWGvRj1WFA3QrGIqMqkbKo9jBKwmJKM,https://drive.google.com/file/d/1heWGvRj1WFA3QrGIqMqkbKo9jBKwmJKM/preview,https://drive.google.com/file/d/1heWGvRj1WFA3QrGIqMqkbKo9jBKwmJKM/view?usp=drivesdk,NIE,0,0,NIE,OCR / konwersja skanu
drive-1Yq70VKat4XOnKhmjgf4EG65opA0emTb1-YG-09305,YG-09305,YG09305,YATO GASTRO,YG-09305,Czesci_zamienne_YG-09305.pdf,,Rysunki wybuchowe,1Yq70VKat4XOnKhmjgf4EG65opA0emTb1,https://drive.google.com/file/d/1Yq70VKat4XOnKhmjgf4EG65opA0emTb1/preview,https://drive.google.com/file/d/1Yq70VKat4XOnKhmjgf4EG65opA0emTb1/view?usp=drivesdk,NIE,0,0,NIE,OCR / konwersja skanu
drive-1hzJ7qWOdaRapgoZ-O4np1ZcM3EPjIT61-YG-09307,YG-09307,YG09307,YATO GASTRO,YG-09307,Czesci_zamienne_YG-09307.pdf,,Rysunki wybuchowe,1hzJ7qWOdaRapgoZ-O4np1ZcM3EPjIT61,https://drive.google.com/file/d/1hzJ7qWOdaRapgoZ-O4np1ZcM3EPjIT61/preview,https://drive.google.com/file/d/1hzJ7qWOdaRapgoZ-O4np1ZcM3EPjIT61/view?usp=drivesdk,NIE,0,0,NIE,OCR / konwersja skanu
drive-1zDVHHmBb3RTZM2JrjCFK_PMDaGym7y3A-YG-09310,YG-09310,YG09310,YATO GASTRO,YG-09310,Czesci_zamienne_YG-09310.pdf,,Rysunki wybuchowe,1zDVHHmBb3RTZM2JrjCFK_PMDaGym7y3A,https://drive.google.com/file/d/1zDVHHmBb3RTZM2JrjCFK_PMDaGym7y3A/preview,https://drive.google.com/file/d/1zDVHHmBb3RTZM2JrjCFK_PMDaGym7y3A/view?usp=drivesdk,NIE,0,0,NIE,OCR / konwersja skanu
drive-1k-uozJfiPMCQ462Ohs5rXpzaiLJsm-Dz-YG-09311,YG-09311,YG09311,YATO GASTRO,YG-09311,Czesci_zamienne_YG-09311.pdf,,Rysunki wybuchowe,1k-uozJfiPMCQ462Ohs5rXpzaiLJsm-Dz,https://drive.google.com/file/d/1k-uozJfiPMCQ462Ohs5rXpzaiLJsm-Dz/preview,https://drive.google.com/file/d/1k-uozJfiPMCQ462Ohs5rXpzaiLJsm-Dz/view?usp=drivesdk,NIE,0,0,NIE,OCR / konwersja skanu
drive-1nnBzs8Pa_KXzkIm3tByKda7t7o22bd6m-YG-09312,YG-09312,YG09312,YATO GASTRO,YG-09312,Czesci_zamienne_YG-09312.pdf,,Rysunki wybuchowe,1nnBzs8Pa_KXzkIm3tByKda7t7o22bd6m,https://drive.google.com/file/d/1nnBzs8Pa_KXzkIm3tByKda7t7o22bd6m/preview,https://drive.google.com/file/d/1nnBzs8Pa_KXzkIm3tByKda7t7o22bd6m/view?usp=drivesdk,NIE,0,0,NIE,OCR / konwersja skanu
drive-1ZvG-T4OdWj9mZKeLeQx41JDQmVfOHo2V-YG-09315,YG-09315,YG09315,YATO GASTRO,YG-09315,Czesci_zamienne_YG-09315.pdf,,Rysunki wybuchowe,1ZvG-T4OdWj9mZKeLeQx41JDQmVfOHo2V,https://drive.google.com/file/d/1ZvG-T4OdWj9mZKeLeQx41JDQmVfOHo2V/preview,https://drive.google.com/file/d/1ZvG-T4OdWj9mZKeLeQx41JDQmVfOHo2V/view?usp=drivesdk,NIE,0,0,NIE,OCR / konwersja skanu
drive-1NgLb6f9b7LmKUyRgX7SBu4gK4gJbiWLF-YG-09510,YG-09510,YG09510,YATO GASTRO,YG-09510,Czesci_zamienne_YG-09510.pdf,,Rysunki wybuchowe,1NgLb6f9b7LmKUyRgX7SBu4gK4gJbiWLF,https://drive.google.com/file/d/1NgLb6f9b7LmKUyRgX7SBu4gK4gJbiWLF/preview,https://drive.google.com/file/d/1NgLb6f9b7LmKUyRgX7SBu4gK4gJbiWLF/view?usp=drivesdk,NIE,0,0,NIE,OCR / konwersja skanu
drive-1ySn4i3dXg5Z9Uu3qnlrpsXwpt2RwTLvC-YG-09550,YG-09550,YG09550,YATO GASTRO,YG-09550,Czesci_zamienne_YG-09550.pdf,,Rysunki wybuchowe,1ySn4i3dXg5Z9Uu3qnlrpsXwpt2RwTLvC,https://drive.google.com/file/d/1ySn4i3dXg5Z9Uu3qnlrpsXwpt2RwTLvC/preview,https://drive.google.com/file/d/1ySn4i3dXg5Z9Uu3qnlrpsXwpt2RwTLvC/view?usp=drivesdk,NIE,0,0,NIE,OCR / konwersja skanu
drive-1vln1SFHWbjINklQ6V1Otskn3l7z8d7TP-YG-09551,YG-09551,YG09551,YATO GASTRO,YG-09551,Czesci_zamienne_YG-09551.pdf,,Rysunki wybuchowe,1vln1SFHWbjINklQ6V1Otskn3l7z8d7TP,https://drive.google.com/file/d/1vln1SFHWbjINklQ6V1Otskn3l7z8d7TP/preview,https://drive.google.com/file/d/1vln1SFHWbjINklQ6V1Otskn3l7z8d7TP/view?usp=drivesdk,NIE,0,0,NIE,OCR / konwersja skanu
drive-1F2oTq-ZZ5SQvvphy2CXMGWagATHhq9BH-YG-10010,YG-10010,YG10010,YATO GASTRO,YG-10010,Czesci_zamienne_YG-10010.pdf,,Rysunki wybuchowe,1F2oTq-ZZ5SQvvphy2CXMGWagATHhq9BH,https://drive.google.com/file/d/1F2oTq-ZZ5SQvvphy2CXMGWagATHhq9BH/preview,https://drive.google.com/file/d/1F2oTq-ZZ5SQvvphy2CXMGWagATHhq9BH/view?usp=drivesdk,NIE,0,0,NIE,OCR / konwersja skanu
drive-14PhaednSYiWaZoGTQteVzCawDeGoOAOf-YG-20001,YG-20001,YG20001,YATO GASTRO,YG-20001,Czesci_zamienne_YG-20001.pdf,,Rysunki wybuchowe,14PhaednSYiWaZoGTQteVzCawDeGoOAOf,https://drive.google.com/file/d/14PhaednSYiWaZoGTQteVzCawDeGoOAOf/preview,https://drive.google.com/file/d/14PhaednSYiWaZoGTQteVzCawDeGoOAOf/view?usp=drivesdk,NIE,0,0,NIE,OCR / konwersja skanu
drive-1m7G6GjcBY67IHZPqIxbiAqrauZOSIPpB-YG-20002,YG-20002,YG20002,YATO GASTRO,YG-20002,Czesci_zamienne_YG-20002.pdf,,Rysunki wybuchowe,1m7G6GjcBY67IHZPqIxbiAqrauZOSIPpB,https://drive.google.com/file/d/1m7G6GjcBY67IHZPqIxbiAqrauZOSIPpB/preview,https://drive.google.com/file/d/1m7G6GjcBY67IHZPqIxbiAqrauZOSIPpB/view?usp=drivesdk,NIE,0,0,NIE,OCR / konwersja skanu
drive-1Jv55j9GsZgJV7zojhtWS1zEkvcxw1TlH-YG-20011,YG-20011,YG20011,YATO GASTRO,YG-20011,Czesci_zamienne_YG-20011.pdf,,Rysunki wybuchowe,1Jv55j9GsZgJV7zojhtWS1zEkvcxw1TlH,https://drive.google.com/file/d/1Jv55j9GsZgJV7zojhtWS1zEkvcxw1TlH/preview,https://drive.google.com/file/d/1Jv55j9GsZgJV7zojhtWS1zEkvcxw1TlH/view?usp=drivesdk,NIE,0,0,NIE,OCR / konwersja skanu
drive-1GIGIVwluhU0Wc07yslDirz-bN6JVxqvz-YG-20012,YG-20012,YG20012,YATO GASTRO,YG-20012,Czesci_zamienne_YG-20012.pdf,,Rysunki wybuchowe,1GIGIVwluhU0Wc07yslDirz-bN6JVxqvz,https://drive.google.com/file/d/1GIGIVwluhU0Wc07yslDirz-bN6JVxqvz/preview,https://drive.google.com/file/d/1GIGIVwluhU0Wc07yslDirz-bN6JVxqvz/view?usp=drivesdk,NIE,0,0,NIE,OCR / konwersja skanu
drive-1asvvs4vC_kb2oPo5CysbOlZJp0PY7nVy-YG-20013,YG-20013,YG20013,YATO GASTRO,YG-20013,Czesci_zamienne_YG-20013.pdf,,Rysunki wybuchowe,1asvvs4vC_kb2oPo5CysbOlZJp0PY7nVy,https://drive.google.com/file/d/1asvvs4vC_kb2oPo5CysbOlZJp0PY7nVy/preview,https://drive.google.com/file/d/1asvvs4vC_kb2oPo5CysbOlZJp0PY7nVy/view?usp=drivesdk,NIE,0,0,NIE,OCR / konwersja skanu
drive-14-QFjmLNV7f7z2QnIPgn5Dtemm3dKC0s-YG-20015,YG-20015,YG20015,YATO GASTRO,YG-20015,Czesci_zamienne_YG-20015.pdf,,Rysunki wybuchowe,14-QFjmLNV7f7z2QnIPgn5Dtemm3dKC0s,https://drive.google.com/file/d/14-QFjmLNV7f7z2QnIPgn5Dtemm3dKC0s/preview,https://drive.google.com/file/d/14-QFjmLNV7f7z2QnIPgn5Dtemm3dKC0s/view?usp=drivesdk,NIE,0,0,NIE,OCR / konwersja skanu
drive-1Rwmnol43o00lBqfE2FD0wHw3qefp6MPB-YG-20016,YG-20016,YG20016,YATO GASTRO,YG-20016,Czesci_zamienne_YG-20016.pdf,,Rysunki wybuchowe,1Rwmnol43o00lBqfE2FD0wHw3qefp6MPB,https://drive.google.com/file/d/1Rwmnol43o00lBqfE2FD0wHw3qefp6MPB/preview,https://drive.google.com/file/d/1Rwmnol43o00lBqfE2FD0wHw3qefp6MPB/view?usp=drivesdk,NIE,0,0,NIE,OCR / konwersja skanu
drive-1gR5FzRzVQXpeyMpQSxcxK2bXonn3DM6N-YG-20102,YG-20102,YG20102,YATO GASTRO,YG-20102,Czesci_zamienne_YG-20102.pdf,,Rysunki wybuchowe,1gR5FzRzVQXpeyMpQSxcxK2bXonn3DM6N,https://drive.google.com/file/d/1gR5FzRzVQXpeyMpQSxcxK2bXonn3DM6N/preview,https://drive.google.com/file/d/1gR5FzRzVQXpeyMpQSxcxK2bXonn3DM6N/view?usp=drivesdk,NIE,0,0,NIE,OCR / konwersja skanu
drive-1Dv-ijWfh2PEOol1EkaLvFYbrVGo1Pnk5-YG-20106,YG-20106,YG20106,YATO GASTRO,YG-20106,Czesci_zamienne_YG-20106.pdf,,Rysunki wybuchowe,1Dv-ijWfh2PEOol1EkaLvFYbrVGo1Pnk5,https://drive.google.com/file/d/1Dv-ijWfh2PEOol1EkaLvFYbrVGo1Pnk5/preview,https://drive.google.com/file/d/1Dv-ijWfh2PEOol1EkaLvFYbrVGo1Pnk5/view?usp=drivesdk,NIE,0,0,NIE,OCR / konwersja skanu
6b227d3893723f76,79444,79444,FLO,79444 — rysunek części FLO (PDF Drive),Czesci_zamienne_79444.pdf,,,12qH9x3tYNs3DIFmNCtaAEEy0ZWOsFS1-,https://drive.google.com/file/d/12qH9x3tYNs3DIFmNCtaAEEy0ZWOsFS1-/preview,https://drive.google.com/file/d/12qH9x3tYNs3DIFmNCtaAEEy0ZWOsFS1-/view,TAK,83,0,NIE,parser tekstu
caa34e59e7c54ed8,79467,79467,FLO,79467 — rysunek części FLO (PDF Drive),Czesci_zamienne_79467.pdf,,,1DhOG_4gCUYlp-nRedfJTSnpNRrHqhzkp,https://drive.google.com/file/d/1DhOG_4gCUYlp-nRedfJTSnpNRrHqhzkp/preview,https://drive.google.com/file/d/1DhOG_4gCUYlp-nRedfJTSnpNRrHqhzkp/view,TAK,83,0,NIE,parser tekstu
de325d867d027ad2,73060,73060,LUND,73060 — rysunek części LUND (PDF Drive),Czesci_zamienne_73060.pdf,,,1D636X69gLB38HaCUMzGMqQfYxohWIBQt,https://drive.google.com/file/d/1D636X69gLB38HaCUMzGMqQfYxohWIBQt/preview,https://drive.google.com/file/d/1D636X69gLB38HaCUMzGMqQfYxohWIBQt/view,TAK,84,0,NIE,parser tekstu
c922d1e18d0f5ccc,79004,79004,LUND,79004 — rysunek części LUND (PDF Drive),Czesci_zamienne_79004.pdf,,,1QFjDcOKcVO1RuFhU-5jb8vQLpIe8d0Ob,https://drive.google.com/file/d/1QFjDcOKcVO1RuFhU-5jb8vQLpIe8d0Ob/preview,https://drive.google.com/file/d/1QFjDcOKcVO1RuFhU-5jb8vQLpIe8d0Ob/view,TAK,84,0,NIE,parser tekstu
4d16f8234839175c,79024,79024,LUND,79024 — rysunek części LUND (PDF Drive),Czesci_zamienne_79024.pdf,,,1tqE-_TBiUPGOPfgb0tANJE8ZW75npZqK,https://drive.google.com/file/d/1tqE-_TBiUPGOPfgb0tANJE8ZW75npZqK/preview,https://drive.google.com/file/d/1tqE-_TBiUPGOPfgb0tANJE8ZW75npZqK/view,TAK,84,0,NIE,parser tekstu
2e8b38326660225c,79096,79096,LUND,79096 — rysunek części LUND (PDF Drive),Czesci_zamienne_79096.pdf,,,1K5ErBbwCA0d7TZ9pDKu3fhRC_SSIIIeG,https://drive.google.com/file/d/1K5ErBbwCA0d7TZ9pDKu3fhRC_SSIIIeG/preview,https://drive.google.com/file/d/1K5ErBbwCA0d7TZ9pDKu3fhRC_SSIIIeG/view,TAK,84,0,NIE,parser tekstu
4c899d0fa918a397,79098,79098,LUND,79098 — rysunek części LUND (PDF Drive),Czesci_zamienne_79098.pdf,,,13h5yw0iIUuS1mWwRce2L0_iXrKnWtvL8,https://drive.google.com/file/d/13h5yw0iIUuS1mWwRce2L0_iXrKnWtvL8/preview,https://drive.google.com/file/d/13h5yw0iIUuS1mWwRce2L0_iXrKnWtvL8/view,TAK,84,0,NIE,parser tekstu
9b6f6e6a5e4e237f,79106,79106,LUND,79106 — rysunek części LUND (PDF Drive),Czesci_zamienne_79106.pdf,,,160OFy9Bo1-hscX8yz_zLNyPCJreLfqi_,https://drive.google.com/file/d/160OFy9Bo1-hscX8yz_zLNyPCJreLfqi_/preview,https://drive.google.com/file/d/160OFy9Bo1-hscX8yz_zLNyPCJreLfqi_/view,TAK,84,0,NIE,parser tekstu
9ff622905c0e0bf0,79005,79005,STHOR,79005 — rysunek części STHOR (PDF Drive),Czesci_zamienne_79005.pdf,,,1xGORqr7JyddiBNWaZigBRYbMZPROm0HU,https://drive.google.com/file/d/1xGORqr7JyddiBNWaZigBRYbMZPROm0HU/preview,https://drive.google.com/file/d/1xGORqr7JyddiBNWaZigBRYbMZPROm0HU/view,TAK,85,0,NIE,parser tekstu
b41a9b033255191b,79030,79030,STHOR,79030 — rysunek części STHOR (PDF Drive),Czesci_zamienne_79030.pdf,,,1H0FiaXuSgiw4FIkBp5sbkhWJiu7RmMOK,https://drive.google.com/file/d/1H0FiaXuSgiw4FIkBp5sbkhWJiu7RmMOK/preview,https://drive.google.com/file/d/1H0FiaXuSgiw4FIkBp5sbkhWJiu7RmMOK/view,TAK,85,0,NIE,parser tekstu
c481453521a743e6,79095,79095,STHOR,79095 — rysunek części STHOR (PDF Drive),Czesci_zamienne_79095.pdf,,,1sL5QnhyU06Zz6LvaVbOUaN5cLJpQZxeh,https://drive.google.com/file/d/1sL5QnhyU06Zz6LvaVbOUaN5cLJpQZxeh/preview,https://drive.google.com/file/d/1sL5QnhyU06Zz6LvaVbOUaN5cLJpQZxeh/view,TAK,85,0,NIE,parser tekstu
d898cd04df43fef8,79108,79108,STHOR,79108 — rysunek części STHOR (PDF Drive),Czesci_zamienne_79108.pdf,,,1lxucq8Ws37ldD107Ge8DVn2dOfat2D_4,https://drive.google.com/file/d/1lxucq8Ws37ldD107Ge8DVn2dOfat2D_4/preview,https://drive.google.com/file/d/1lxucq8Ws37ldD107Ge8DVn2dOfat2D_4/view,TAK,85,0,NIE,parser tekstu
31525d85c5e69e89,79119,79119,STHOR,79119 — rysunek części STHOR (PDF Drive),Czesci_zamienne_79119.pdf,,,1Ln8feT8aVnt33zxx4Z4mICsRZncIFcbP,https://drive.google.com/file/d/1Ln8feT8aVnt33zxx4Z4mICsRZncIFcbP/preview,https://drive.google.com/file/d/1Ln8feT8aVnt33zxx4Z4mICsRZncIFcbP/view,TAK,85,0,NIE,parser tekstu
c14f16f0ee7dd12d,79140,79140,STHOR,79140 — rysunek części STHOR (PDF Drive),Czesci_zamienne_79140.pdf,,,1V16kpJUdUHdMtpy6dov0ewvlm2bP8Vkp,https://drive.google.com/file/d/1V16kpJUdUHdMtpy6dov0ewvlm2bP8Vkp/preview,https://drive.google.com/file/d/1V16kpJUdUHdMtpy6dov0ewvlm2bP8Vkp/view,TAK,85,0,NIE,parser tekstu
97af5268fc6c514e,79151,79151,STHOR,79151 — rysunek części STHOR (PDF Drive),Czesci_zamienne_79151.pdf,,,1DAJGp-Aulimf-yuUbR0e7WbAp-NaCaTS,https://drive.google.com/file/d/1DAJGp-Aulimf-yuUbR0e7WbAp-NaCaTS/preview,https://drive.google.com/file/d/1DAJGp-Aulimf-yuUbR0e7WbAp-NaCaTS/view,TAK,85,0,NIE,parser tekstu
b73069310d955f7c,79354,79354,STHOR,79354 — rysunek części STHOR (PDF Drive),Czesci_zamienne_79354.pdf,,,136cRXR5QK5k7Uan2vatjIqPSvdyESAd_,https://drive.google.com/file/d/136cRXR5QK5k7Uan2vatjIqPSvdyESAd_/preview,https://drive.google.com/file/d/136cRXR5QK5k7Uan2vatjIqPSvdyESAd_/view,TAK,85,0,NIE,parser tekstu
045ce389316a9b81,00300,00300,INNE,"00300 — PRZYRZĄD DO CIĘCIA GLAZURY, 600MM, 3 FUNKCJE",Czesci_zamienne_00300.pdf,PGW - Rysunki-20260604T095309Z-3-001.zip,drawings/UNMAPPED/NUMERIC/00300/Czesci_zamienne_00300.pdf,1YoiY5vVPMm_sr4V8r6m8V7fUZ11cEc3t,https://drive.google.com/file/d/1YoiY5vVPMm_sr4V8r6m8V7fUZ11cEc3t/preview,https://drive.google.com/file/d/1YoiY5vVPMm_sr4V8r6m8V7fUZ11cEc3t/view,TAK,1810,36,TAK,OK - lista części
ddc0e8dc1a0d72c7,00320,00320,INNE,"00320 — PRZYRZĄD DO CIĘCIA GLAZURY 430 MM, 3 FUNKCJE",Czesci_zamienne_00320.pdf,PGW - Rysunki-20260604T095309Z-3-001.zip,drawings/UNMAPPED/NUMERIC/00320/Czesci_zamienne_00320.pdf,1h8ttk_EzTvZgdC0D5NP1C6UZFdpw0nMr,https://drive.google.com/file/d/1h8ttk_EzTvZgdC0D5NP1C6UZFdpw0nMr/preview,https://drive.google.com/file/d/1h8ttk_EzTvZgdC0D5NP1C6UZFdpw0nMr/view,TAK,1810,36,TAK,OK - lista części
2ae26b42eac4f5f8,00500,00500,INNE,00500 — PRZYRZĄD DO CIĘCIA GLAZURY 500 MM ŁOŻYSKOWANY,Czesci_zamienne_00500.pdf,PGW - Rysunki-20260604T095309Z-3-001.zip,drawings/UNMAPPED/NUMERIC/00500/Czesci_zamienne_00500.pdf,1ppGFspXKQvreMV7qIK-1_QymR2gviyOM,https://drive.google.com/file/d/1ppGFspXKQvreMV7qIK-1_QymR2gviyOM/preview,https://drive.google.com/file/d/1ppGFspXKQvreMV7qIK-1_QymR2gviyOM/view,TAK,1470,27,TAK,OK - lista części
ef4642ee359c60e9,00510,00510,INNE,00510 — PRZYRZĄD DO CIĘCIA GLAZURY 500 MM ŁOŻYSKOWANY,Czesci_zamienne_00510.pdf,PGW - Rysunki-20260604T095309Z-3-001.zip,drawings/UNMAPPED/NUMERIC/00510/Czesci_zamienne_00510.pdf,1THdZU3y8I5hFyFpO1yHD0T8ddBniJuVI,https://drive.google.com/file/d/1THdZU3y8I5hFyFpO1yHD0T8ddBniJuVI/preview,https://drive.google.com/file/d/1THdZU3y8I5hFyFpO1yHD0T8ddBniJuVI/view,TAK,1664,32,TAK,OK - lista części
2aa21b8aebca59a9,00600,00600,INNE,00600 — PRZYRZĄD DO CIĘCIA GLAZURY 600 MM ŁOŻYSKOWANY,Czesci_zamienne_00600.pdf,PGW - Rysunki-20260604T095309Z-3-001.zip,drawings/UNMAPPED/NUMERIC/00600/Czesci_zamienne_00600.pdf,1oUOyKCDXrWyOXZibjAE2BLZTlu0gx0lR,https://drive.google.com/file/d/1oUOyKCDXrWyOXZibjAE2BLZTlu0gx0lR/preview,https://drive.google.com/file/d/1oUOyKCDXrWyOXZibjAE2BLZTlu0gx0lR/view,TAK,1470,27,TAK,OK - lista części
616ca6f1cddfe7a7,00610,00610,INNE,00610 — PRZYRZĄD DO CIĘCIA GLAZURY 600 MM ŁOŻYSKOWANY,Czesci_zamienne_00610.pdf,PGW - Rysunki-20260604T095309Z-3-001.zip,drawings/UNMAPPED/NUMERIC/00610/Czesci_zamienne_00610.pdf,1JyHUBIgFBdSWSKHZetxVGD_PUCw6yD5M,https://drive.google.com/file/d/1JyHUBIgFBdSWSKHZetxVGD_PUCw6yD5M/preview,https://drive.google.com/file/d/1JyHUBIgFBdSWSKHZetxVGD_PUCw6yD5M/view,TAK,1664,32,TAK,OK - lista części
88c9daee1f7c8a0e,00703,00703,INNE,00703 — PRZYRZĄD DO CIĘCIA GLAZURY 500 MM ŁOŻYSKOWANY,Czesci_zamienne_00703.pdf,PGW - Rysunki-20260604T095309Z-3-001.zip,drawings/UNMAPPED/NUMERIC/00703/Czesci_zamienne_00703.pdf,1Ap4UFF15N5eCAPoluJET8va-xMwClkuO,https://drive.google.com/file/d/1Ap4UFF15N5eCAPoluJET8va-xMwClkuO/preview,https://drive.google.com/file/d/1Ap4UFF15N5eCAPoluJET8va-xMwClkuO/view,TAK,1785,36,TAK,OK - lista części
d861302646ba2758,01060,01060,INNE,"01060 — PRZYRZĄD DO CIĘCIA GLAZURY 600 MM, 2 FUNKCJE",Czesci_zamienne_01060.pdf,PGW - Rysunki-20260604T095309Z-3-001.zip,drawings/UNMAPPED/NUMERIC/01060/Czesci_zamienne_01060.pdf,1besvKvsDzwlUr2ndf9D0qH2bTnTUM2Qp,https://drive.google.com/file/d/1besvKvsDzwlUr2ndf9D0qH2bTnTUM2Qp/preview,https://drive.google.com/file/d/1besvKvsDzwlUr2ndf9D0qH2bTnTUM2Qp/view,TAK,1523,29,TAK,OK - lista części
dcfdfca302ddb1d3,09900,09900,INNE,09900 — TYNKOWNICA PNEUMATYCZNA DO ŚCIAN,Czesci_zamienne_09900.pdf,PGW - Rysunki-20260604T095309Z-3-001.zip,drawings/UNMAPPED/NUMERIC/09900/Czesci_zamienne_09900.pdf,1RQeVZdnCkfLRPgRr0pRrtj-MluClXhK1,https://drive.google.com/file/d/1RQeVZdnCkfLRPgRr0pRrtj-MluClXhK1/preview,https://drive.google.com/file/d/1RQeVZdnCkfLRPgRr0pRrtj-MluClXhK1/view,TAK,684,4,TAK,OK - lista części
4e7ca0c82412596f,827791,827791,YATO,827791 — WIERTARKA UDAROWA BEZSZCZOTKOW 18V 120NM - 2X 4AH,Czesci_zamienne_YT-8277915.pdf,PGW - Rysunki-20260604T095309Z-3-001.zip,drawings/YATO/NUMERIC/827791/Czesci_zamienne_YT-8277915.pdf,1sfYXPkWRa0bmXGfgydtgANIH2y6iippL,https://drive.google.com/file/d/1sfYXPkWRa0bmXGfgydtgANIH2y6iippL/preview,https://drive.google.com/file/d/1sfYXPkWRa0bmXGfgydtgANIH2y6iippL/view,TAK,1455,23,TAK,OK - lista części
c117142a16ab8fb3,827793,827793,YATO,827793 — KLUCZ UDAROWY 18V 1/2'' 800NM - 2X 4AH,Czesci_zamienne_YT-8277935.pdf,PGW - Rysunki-20260604T095309Z-3-001.zip,drawings/YATO/NUMERIC/827793/Czesci_zamienne_YT-8277935.pdf,1AEoY9ge5DH5Fdc5AeUbxiVpUqia8bRRN,https://drive.google.com/file/d/1AEoY9ge5DH5Fdc5AeUbxiVpUqia8bRRN/preview,https://drive.google.com/file/d/1AEoY9ge5DH5Fdc5AeUbxiVpUqia8bRRN/view,TAK,2125,35,TAK,OK - lista części
17c51e7b6873a6e1,YT-17003,YT17003,YATO,YT-17003 — PODNOŚNIK TŁOKOWY HYDRAULICZNY 8T TUV GS/CE,Czesci_zamienne_YT-17003.pdf,PGW - Rysunki-20260604T095309Z-3-001.zip,drawings/YATO/YT/YT-17003/Czesci_zamienne_YT-17003.pdf,1eoy9zSBsdWNUw6fJErMCOBIKqgeQ36Rm,https://drive.google.com/file/d/1eoy9zSBsdWNUw6fJErMCOBIKqgeQ36Rm/preview,https://drive.google.com/file/d/1eoy9zSBsdWNUw6fJErMCOBIKqgeQ36Rm/view,TAK,1994,36,TAK,OK - lista części
73a0c41f767042ad,YT-82003,YT82003,YATO,YT-82003 — MŁOT SDS MAX WYBURZENIOWY 1700W,Czesci_zamienne_YT-82003.pdf,PGW - Rysunki-20260604T095309Z-3-001.zip,drawings/YATO/YT/YT-82003/Czesci_zamienne_YT-82003.pdf,1sg7wd4jaFT7nLYyBrJs5xwgeObJjEzcl,https://drive.google.com/file/d/1sg7wd4jaFT7nLYyBrJs5xwgeObJjEzcl/preview,https://drive.google.com/file/d/1sg7wd4jaFT7nLYyBrJs5xwgeObJjEzcl/view,TAK,4798,102,TAK,OK - lista części
7809a8b3ed3f39a8,YT-82200,YT82200,YATO,YT-82200 — POLERKA MIMOŚRODOWA,Czesci_zamienne_YT-82200.pdf,PGW - Rysunki-20260604T095309Z-3-001.zip,drawings/YATO/YT/YT-82200/Czesci_zamienne_YT-82200.pdf,1EIgrbkm1P63569i1m2B-23LZt-GiDJDU,https://drive.google.com/file/d/1EIgrbkm1P63569i1m2B-23LZt-GiDJDU/preview,https://drive.google.com/file/d/1EIgrbkm1P63569i1m2B-23LZt-GiDJDU/view,TAK,3626,68,TAK,OK - lista części
b26aed40e30a7774,YT-82355,YT82355,YATO,YT-82355 — SZLIFIERKA DO GŁADZI NA WYSIĘGNIKU 820W Z WBUDOWANYM ODKURZACZEM,Czesci_zamienne_YT-82355.pdf,PGW - Rysunki-20260604T095309Z-3-001.zip,drawings/YATO/YT/YT-82355/Czesci_zamienne_YT-82355.pdf,1_y2LzQOEaVJ66xUTnHZzuBEGblDFN_kj,https://drive.google.com/file/d/1_y2LzQOEaVJ66xUTnHZzuBEGblDFN_kj/preview,https://drive.google.com/file/d/1_y2LzQOEaVJ66xUTnHZzuBEGblDFN_kj/view,TAK,4907,128,TAK,OK - lista części
c6cfb9d9625ec5df,YT-827795,YT827795,YATO,YT-827795 — KLUCZ KĄTOWY 1/2'' 270NM 18V (BL; BODY),Czesci_zamienne_YT-827795.pdf,PGW - Rysunki-20260604T095309Z-3-001.zip,drawings/YATO/YT/YT-827795/Czesci_zamienne_YT-827795.pdf,18m1QdR5XyAirPAn10mRO3ok2pjA2wAxm,https://drive.google.com/file/d/18m1QdR5XyAirPAn10mRO3ok2pjA2wAxm/preview,https://drive.google.com/file/d/18m1QdR5XyAirPAn10mRO3ok2pjA2wAxm/view,TAK,2066,31,TAK,OK - lista części
476d6a18215b3ddc,YT-828377,YT828377,YATO,YT-828377 — SEKATOR 18V Z AKU I ŁADOWARKĄ,Czesci_zamienne_YT-828377.pdf,PGW - Rysunki-20260604T095309Z-3-001.zip,drawings/YATO/YT/YT-828377/Czesci_zamienne_YT-828377.pdf,1pzlf4sPtFzXKyzBgMPU6e9sx4oJfuNff,https://drive.google.com/file/d/1pzlf4sPtFzXKyzBgMPU6e9sx4oJfuNff/preview,https://drive.google.com/file/d/1pzlf4sPtFzXKyzBgMPU6e9sx4oJfuNff/view,TAK,2342,44,TAK,OK - lista części
5a79d5a3a0517813,YT-828390,YT828390,YATO,YT-828390 — OGRODOWE NARZĘDZIE WIELOFUNKCYJNE 18V,Czesci_zamienne_YT-828390.pdf,PGW - Rysunki-20260604T095309Z-3-001.zip,drawings/YATO/YT/YT-828390/Czesci_zamienne_YT-828390.pdf,17GsCcU4c0uZipY5uvgGnB7YLFBuwzabb,https://drive.google.com/file/d/17GsCcU4c0uZipY5uvgGnB7YLFBuwzabb/preview,https://drive.google.com/file/d/17GsCcU4c0uZipY5uvgGnB7YLFBuwzabb/view,TAK,5000,129,TAK,OK - lista części
e44bc36b0b4f81a6,YT-828391,YT828391,YATO,YT-828391 — OGRODOWE NARZĘDZIE WIELOFUNKCYJNE 18V - BEZ AKUMULATORA,Czesci_zamienne_YT-828391.pdf,PGW - Rysunki-20260604T095309Z-3-001.zip,drawings/YATO/YT/YT-828391/Czesci_zamienne_YT-828391.pdf,1L9iJLTfYGI1vyQ6eVPFRgSVhbHuYVrXw,https://drive.google.com/file/d/1L9iJLTfYGI1vyQ6eVPFRgSVhbHuYVrXw/preview,https://drive.google.com/file/d/1L9iJLTfYGI1vyQ6eVPFRgSVhbHuYVrXw/view,TAK,5000,129,TAK,OK - lista części
e30b14c1ce4a628c,YT-829021,YT829021,YATO,YT-829021 — GRZECHOTKA BEZSZCZOTKOWA 12V 80NM 1/2'',Czesci_zamienne_YT-829021.pdf,PGW - Rysunki-20260604T095309Z-3-001.zip,drawings/YATO/YT/YT-829021/Czesci_zamienne_YT-829021.pdf,1kwpgyZQttlvXyWghWYYoijzKzZHbKZg1,https://drive.google.com/file/d/1kwpgyZQttlvXyWghWYYoijzKzZHbKZg1/preview,https://drive.google.com/file/d/1kwpgyZQttlvXyWghWYYoijzKzZHbKZg1/view,TAK,1326,15,TAK,OK - lista części
96196cd71f8513c7,YT-829383,YT829383,YATO,"YT-829383 — 18V DMUCHAWA 10,4 M3/MIN (BL MOTOR;BODY)",Czesci_zamienne_YT-829383.pdf,PGW - Rysunki-20260604T095309Z-3-001.zip,drawings/YATO/YT/YT-829383/Czesci_zamienne_YT-829383.pdf,18M1dwSfIV-VMg3Ir5Rc7ZN3IDxb0RopE,https://drive.google.com/file/d/18M1dwSfIV-VMg3Ir5Rc7ZN3IDxb0RopE/preview,https://drive.google.com/file/d/18M1dwSfIV-VMg3Ir5Rc7ZN3IDxb0RopE/view,TAK,1172,16,TAK,OK - lista części
a44e8e594b6a9b0b,YT-85003,YT85003,YATO,"YT-85003 — KOSA SPALINOWA DZIELONA 1,8 KM",Czesci_zamienne_YT-85003.pdf,PGW - Rysunki-20260604T095309Z-3-001.zip,drawings/YATO/YT/YT-85003/Czesci_zamienne_YT-85003.pdf,1kD1TubPre2j4vjOSblvq5nx3FmulMozB,https://drive.google.com/file/d/1kD1TubPre2j4vjOSblvq5nx3FmulMozB/preview,https://drive.google.com/file/d/1kD1TubPre2j4vjOSblvq5nx3FmulMozB/view,TAK,5000,182,TAK,OK - lista części
99191804f05ea345,YT-85177,YT85177,YATO,YT-85177 — DMUCHAWA 18V,Czesci_zamienne_YT-85177.pdf,PGW - Rysunki-20260604T095309Z-3-002.zip,drawings/YATO/YT/YT-85177/Czesci_zamienne_YT-85177.pdf,1m1v1moGbncsEK48z6Q5e9QZVFYQ87nUh,https://drive.google.com/file/d/1m1v1moGbncsEK48z6Q5e9QZVFYQ87nUh/preview,https://drive.google.com/file/d/1m1v1moGbncsEK48z6Q5e9QZVFYQ87nUh/view,TAK,1901,33,TAK,OK - lista części
5edc8998e9ceb864,YT-851990,YT851990,YATO,YT-851990 — KOSIARKA ELEKTRYCZNA 1300W 330MM,Czesci_zamienne_YT-851990.pdf,PGW - Rysunki-20260604T095309Z-3-001.zip,drawings/YATO/YT/YT-851990/Czesci_zamienne_YT-851990.pdf,1nxaXN1lel1w1J5S8ZzNKwVEsPKsLn1gm,https://drive.google.com/file/d/1nxaXN1lel1w1J5S8ZzNKwVEsPKsLn1gm/preview,https://drive.google.com/file/d/1nxaXN1lel1w1J5S8ZzNKwVEsPKsLn1gm/view,TAK,4491,70,TAK,OK - lista części
a870b44d6f3eb729,YT-851991,YT851991,YATO,YT-851991 — KOSIARKA ELEKTRYCZNA 1500W 360MM,Czesci_zamienne_YT-851991.pdf,PGW - Rysunki-20260604T095309Z-3-001.zip,drawings/YATO/YT/YT-851991/Czesci_zamienne_YT-851991.pdf,1qtk-AH9deQS4kE9I8TbE90x_8-u7fdBe,https://drive.google.com/file/d/1qtk-AH9deQS4kE9I8TbE90x_8-u7fdBe/preview,https://drive.google.com/file/d/1qtk-AH9deQS4kE9I8TbE90x_8-u7fdBe/view,TAK,5000,89,TAK,OK - lista części
0cba73a8d702ea32,YT-851992,YT851992,YATO,YT-851992 — KOSIARKA ELEKTRYCZNA 1800W 400MM,Czesci_zamienne_YT-851992.pdf,PGW - Rysunki-20260604T095309Z-3-001.zip,drawings/YATO/YT/YT-851992/Czesci_zamienne_YT-851992.pdf,1pt7cMBI0AZkZsvNbXbmMIVp1bXvNvbTq,https://drive.google.com/file/d/1pt7cMBI0AZkZsvNbXbmMIVp1bXvNvbTq/preview,https://drive.google.com/file/d/1pt7cMBI0AZkZsvNbXbmMIVp1bXvNvbTq/view,TAK,5000,109,TAK,OK - lista części
686beea779f43be2,YT-851993,YT851993,YATO,YT-851993 — KOSIARKA ELEKTRYCZNA 2000W 460MM,Czesci_zamienne_YT-851993.pdf,PGW - Rysunki-20260604T095309Z-3-001.zip,drawings/YATO/YT/YT-851993/Czesci_zamienne_YT-851993.pdf,1BEM5IKAFLgRbUg1kLbg6y9CmX9ogrkF6,https://drive.google.com/file/d/1BEM5IKAFLgRbUg1kLbg6y9CmX9ogrkF6/preview,https://drive.google.com/file/d/1BEM5IKAFLgRbUg1kLbg6y9CmX9ogrkF6/view,TAK,5000,145,TAK,OK - lista części
53985a31cfa4891c,YT-852090,YT852090,YATO,YT-852090 — ROBOT KOSZĄCY,Czesci_zamienne_YT-852090.pdf,PGW - Rysunki-20260604T095309Z-3-001.zip,drawings/YATO/YT/YT-852090/Czesci_zamienne_YT-852090.pdf,1y1wlbcmxAyLHQ2VAyVsocqCoIlrSJp8o,https://drive.google.com/file/d/1y1wlbcmxAyLHQ2VAyVsocqCoIlrSJp8o/preview,https://drive.google.com/file/d/1y1wlbcmxAyLHQ2VAyVsocqCoIlrSJp8o/view,TAK,3484,45,TAK,OK - lista części
3122c5e4844acc96,YT-852091,YT852091,YATO,YT-852091 — ROBOT KOSZĄCY,Czesci_zamienne_YT-852091.pdf,PGW - Rysunki-20260604T095309Z-3-001.zip,drawings/YATO/YT/YT-852091/Czesci_zamienne_YT-852091.pdf,1Reso76H_2qmGrJIbg2MLQzjPAiB1OKVo,https://drive.google.com/file/d/1Reso76H_2qmGrJIbg2MLQzjPAiB1OKVo/preview,https://drive.google.com/file/d/1Reso76H_2qmGrJIbg2MLQzjPAiB1OKVo/view,TAK,4341,59,TAK,OK - lista części
853249ae8d8b612f,YT-852092,YT852092,YATO,YT-852092 — ROBOT KOSZĄCY,Czesci_zamienne_YT-852092.pdf,PGW - Rysunki-20260604T095309Z-3-001.zip,drawings/YATO/YT/YT-852092/Czesci_zamienne_YT-852092.pdf,1p8PaGB1CNPBlC1X3h7DgdrIYDxIaXPuo,https://drive.google.com/file/d/1p8PaGB1CNPBlC1X3h7DgdrIYDxIaXPuo/preview,https://drive.google.com/file/d/1p8PaGB1CNPBlC1X3h7DgdrIYDxIaXPuo/view,TAK,4349,59,TAK,OK - lista części
5a4ee2d46492e9de,YT-852093,YT852093,YATO,YT-852093 — ROBOT KOSZĄCY,Czesci_zamienne_YT-852093.pdf,PGW - Rysunki-20260604T095309Z-3-001.zip,drawings/YATO/YT/YT-852093/Czesci_zamienne_YT-852093.pdf,1rLi4gHQMov8hVqky_bUORq6_cVBVZ_JY,https://drive.google.com/file/d/1rLi4gHQMov8hVqky_bUORq6_cVBVZ_JY/preview,https://drive.google.com/file/d/1rLi4gHQMov8hVqky_bUORq6_cVBVZ_JY/view,TAK,4349,59,TAK,OK - lista części
f6a13b167a2bc3e6,YT-852371,YT852371,YATO,YT-852371 — ROZDRABNIACZ ELEKTRYCZNY 2800W CICHY,Czesci_zamienne_YT-852371.pdf,PGW - Rysunki-20260604T095309Z-3-001.zip,drawings/YATO/YT/YT-852371/Czesci_zamienne_YT-852371.pdf,1-Ys1osnXhyg2sWG1wcPREu9ophIfdLfZ,https://drive.google.com/file/d/1-Ys1osnXhyg2sWG1wcPREu9ophIfdLfZ/preview,https://drive.google.com/file/d/1-Ys1osnXhyg2sWG1wcPREu9ophIfdLfZ/view,TAK,5000,114,TAK,OK - lista części
eae1dac860504f29,YT-854837,YT854837,YATO,YT-854837 — AGREGAT PRĄDOTWÓRCZY INWERTOROWY 2000W,Czesci_zamienne_YT-854837.pdf,PGW - Rysunki-20260604T095309Z-3-001.zip,drawings/YATO/YT/YT-854837/Czesci_zamienne_YT-854837.pdf,1vMzaYwMnJHiBaXqLVJUYHWYKI8zWMDBc,https://drive.google.com/file/d/1vMzaYwMnJHiBaXqLVJUYHWYKI8zWMDBc/preview,https://drive.google.com/file/d/1vMzaYwMnJHiBaXqLVJUYHWYKI8zWMDBc/view,TAK,5000,132,TAK,OK - lista części
1fad9be73d60e853,YG-03118,YG03118,YATO GASTRO,YG-03118 — KRAJALNICA AL DO WĘDLIN 250MM,Czesci_zamienne_YG-03118.pdf,PGW - Rysunki-20260604T095309Z-3-001.zip,drawings/YATO_GASTRO/YG/YG-03118/Czesci_zamienne_YG-03118.pdf,16ZKShR7DFvrMhfk8vAWY2vLjYhkO7Kxy,https://drive.google.com/file/d/16ZKShR7DFvrMhfk8vAWY2vLjYhkO7Kxy/preview,https://drive.google.com/file/d/16ZKShR7DFvrMhfk8vAWY2vLjYhkO7Kxy/view,TAK,3773,68,TAK,OK - lista części
