file_id,model,model_norm,brand,title,file_name,folder,viewer_url,download_url,status,review_status,brand_confidence,models_in_pdf,action_required
12qH9x3tYNs3DIFmNCtaAEEy0ZWOsFS1-,79444,79444,FLO,Czesci_zamienne_79444.pdf,Czesci_zamienne_79444.pdf,Rysunki wybuchowe,https://drive.google.com/file/d/12qH9x3tYNs3DIFmNCtaAEEy0ZWOsFS1-/view?usp=drivesdk,https://drive.google.com/uc?export=download&id=12qH9x3tYNs3DIFmNCtaAEEy0ZWOsFS1-,OK,confirmed_or_hard_rule,confirmed,79444,OK
1DhOG_4gCUYlp-nRedfJTSnpNRrHqhzkp,79467,79467,FLO,Czesci_zamienne_79467.pdf,Czesci_zamienne_79467.pdf,Rysunki wybuchowe,https://drive.google.com/file/d/1DhOG_4gCUYlp-nRedfJTSnpNRrHqhzkp/view?usp=drivesdk,https://drive.google.com/uc?export=download&id=1DhOG_4gCUYlp-nRedfJTSnpNRrHqhzkp,OK,confirmed_or_hard_rule,confirmed,79467,OK
1D636X69gLB38HaCUMzGMqQfYxohWIBQt,73060,73060,LUND,Czesci_zamienne_73060.pdf,Czesci_zamienne_73060.pdf,Rysunki wybuchowe,https://drive.google.com/file/d/1D636X69gLB38HaCUMzGMqQfYxohWIBQt/view?usp=drivesdk,https://drive.google.com/uc?export=download&id=1D636X69gLB38HaCUMzGMqQfYxohWIBQt,OK,confirmed_or_hard_rule,confirmed,73060,OK
1QFjDcOKcVO1RuFhU-5jb8vQLpIe8d0Ob,79004,79004,LUND,Czesci_zamienne_79004.pdf,Czesci_zamienne_79004.pdf,Rysunki wybuchowe,https://drive.google.com/file/d/1QFjDcOKcVO1RuFhU-5jb8vQLpIe8d0Ob/view?usp=drivesdk,https://drive.google.com/uc?export=download&id=1QFjDcOKcVO1RuFhU-5jb8vQLpIe8d0Ob,OK,confirmed_or_hard_rule,confirmed,79004,OK
1tqE-_TBiUPGOPfgb0tANJE8ZW75npZqK,79024,79024,LUND,Czesci_zamienne_79024.pdf,Czesci_zamienne_79024.pdf,Rysunki wybuchowe,https://drive.google.com/file/d/1tqE-_TBiUPGOPfgb0tANJE8ZW75npZqK/view?usp=drivesdk,https://drive.google.com/uc?export=download&id=1tqE-_TBiUPGOPfgb0tANJE8ZW75npZqK,OK,confirmed_or_hard_rule,confirmed,79024,OK
1K5ErBbwCA0d7TZ9pDKu3fhRC_SSIIIeG,79096,79096,LUND,Czesci_zamienne_79096.pdf,Czesci_zamienne_79096.pdf,Rysunki wybuchowe,https://drive.google.com/file/d/1K5ErBbwCA0d7TZ9pDKu3fhRC_SSIIIeG/view?usp=drivesdk,https://drive.google.com/uc?export=download&id=1K5ErBbwCA0d7TZ9pDKu3fhRC_SSIIIeG,OK,confirmed_or_hard_rule,confirmed,79096,OK
13h5yw0iIUuS1mWwRce2L0_iXrKnWtvL8,79098,79098,LUND,Czesci_zamienne_79098.pdf,Czesci_zamienne_79098.pdf,Rysunki wybuchowe,https://drive.google.com/file/d/13h5yw0iIUuS1mWwRce2L0_iXrKnWtvL8/view?usp=drivesdk,https://drive.google.com/uc?export=download&id=13h5yw0iIUuS1mWwRce2L0_iXrKnWtvL8,OK,confirmed_or_hard_rule,confirmed,79098,OK
160OFy9Bo1-hscX8yz_zLNyPCJreLfqi_,79106,79106,LUND,Czesci_zamienne_79106.pdf,Czesci_zamienne_79106.pdf,Rysunki wybuchowe,https://drive.google.com/file/d/160OFy9Bo1-hscX8yz_zLNyPCJreLfqi_/view?usp=drivesdk,https://drive.google.com/uc?export=download&id=160OFy9Bo1-hscX8yz_zLNyPCJreLfqi_,OK,confirmed_or_hard_rule,confirmed,79106,OK
1xGORqr7JyddiBNWaZigBRYbMZPROm0HU,79005,79005,STHOR,Czesci_zamienne_79005.pdf,Czesci_zamienne_79005.pdf,Rysunki wybuchowe,https://drive.google.com/file/d/1xGORqr7JyddiBNWaZigBRYbMZPROm0HU/view?usp=drivesdk,https://drive.google.com/uc?export=download&id=1xGORqr7JyddiBNWaZigBRYbMZPROm0HU,OK,confirmed_or_hard_rule,confirmed,79005,OK
1H0FiaXuSgiw4FIkBp5sbkhWJiu7RmMOK,79030,79030,STHOR,Czesci_zamienne_79030.pdf,Czesci_zamienne_79030.pdf,Rysunki wybuchowe,https://drive.google.com/file/d/1H0FiaXuSgiw4FIkBp5sbkhWJiu7RmMOK/view?usp=drivesdk,https://drive.google.com/uc?export=download&id=1H0FiaXuSgiw4FIkBp5sbkhWJiu7RmMOK,OK,confirmed_or_hard_rule,confirmed,79030,OK
1sL5QnhyU06Zz6LvaVbOUaN5cLJpQZxeh,79095,79095,STHOR,Czesci_zamienne_79095.pdf,Czesci_zamienne_79095.pdf,Rysunki wybuchowe,https://drive.google.com/file/d/1sL5QnhyU06Zz6LvaVbOUaN5cLJpQZxeh/view?usp=drivesdk,https://drive.google.com/uc?export=download&id=1sL5QnhyU06Zz6LvaVbOUaN5cLJpQZxeh,OK,confirmed_or_hard_rule,confirmed,79095,OK
1lxucq8Ws37ldD107Ge8DVn2dOfat2D_4,79108,79108,STHOR,Czesci_zamienne_79108.pdf,Czesci_zamienne_79108.pdf,Rysunki wybuchowe,https://drive.google.com/file/d/1lxucq8Ws37ldD107Ge8DVn2dOfat2D_4/view?usp=drivesdk,https://drive.google.com/uc?export=download&id=1lxucq8Ws37ldD107Ge8DVn2dOfat2D_4,OK,confirmed_or_hard_rule,confirmed,79108,OK
1Ln8feT8aVnt33zxx4Z4mICsRZncIFcbP,79119,79119,STHOR,Czesci_zamienne_79119.pdf,Czesci_zamienne_79119.pdf,Rysunki wybuchowe,https://drive.google.com/file/d/1Ln8feT8aVnt33zxx4Z4mICsRZncIFcbP/view?usp=drivesdk,https://drive.google.com/uc?export=download&id=1Ln8feT8aVnt33zxx4Z4mICsRZncIFcbP,OK,confirmed_or_hard_rule,confirmed,79119,OK
1V16kpJUdUHdMtpy6dov0ewvlm2bP8Vkp,79140,79140,STHOR,Czesci_zamienne_79140.pdf,Czesci_zamienne_79140.pdf,Rysunki wybuchowe,https://drive.google.com/file/d/1V16kpJUdUHdMtpy6dov0ewvlm2bP8Vkp/view?usp=drivesdk,https://drive.google.com/uc?export=download&id=1V16kpJUdUHdMtpy6dov0ewvlm2bP8Vkp,OK,confirmed_or_hard_rule,confirmed,79140,OK
1DAJGp-Aulimf-yuUbR0e7WbAp-NaCaTS,79151,79151,STHOR,Czesci_zamienne_79151.pdf,Czesci_zamienne_79151.pdf,Rysunki wybuchowe,https://drive.google.com/file/d/1DAJGp-Aulimf-yuUbR0e7WbAp-NaCaTS/view?usp=drivesdk,https://drive.google.com/uc?export=download&id=1DAJGp-Aulimf-yuUbR0e7WbAp-NaCaTS,OK,confirmed_or_hard_rule,confirmed,79151,OK
136cRXR5QK5k7Uan2vatjIqPSvdyESAd_,79354,79354,STHOR,Czesci_zamienne_79354.pdf,Czesci_zamienne_79354.pdf,Rysunki wybuchowe,https://drive.google.com/file/d/136cRXR5QK5k7Uan2vatjIqPSvdyESAd_/view?usp=drivesdk,https://drive.google.com/uc?export=download&id=136cRXR5QK5k7Uan2vatjIqPSvdyESAd_,OK,confirmed_or_hard_rule,confirmed,79354,OK
1YoiY5vVPMm_sr4V8r6m8V7fUZ11cEc3t,00300,00300,VOREL,Czesci_zamienne_00300.pdf,Czesci_zamienne_00300.pdf,Rysunki wybuchowe,https://drive.google.com/file/d/1YoiY5vVPMm_sr4V8r6m8V7fUZ11cEc3t/view?usp=drivesdk,https://drive.google.com/uc?export=download&id=1YoiY5vVPMm_sr4V8r6m8V7fUZ11cEc3t,OK,confirmed_or_hard_rule,confirmed,00300,OK
1h8ttk_EzTvZgdC0D5NP1C6UZFdpw0nMr,00320,00320,VOREL,Czesci_zamienne_00320.pdf,Czesci_zamienne_00320.pdf,Rysunki wybuchowe,https://drive.google.com/file/d/1h8ttk_EzTvZgdC0D5NP1C6UZFdpw0nMr/view?usp=drivesdk,https://drive.google.com/uc?export=download&id=1h8ttk_EzTvZgdC0D5NP1C6UZFdpw0nMr,OK,confirmed_or_hard_rule,confirmed,00320,OK
1ppGFspXKQvreMV7qIK-1_QymR2gviyOM,00500,00500,VOREL,Czesci_zamienne_00500.pdf,Czesci_zamienne_00500.pdf,Rysunki wybuchowe,https://drive.google.com/file/d/1ppGFspXKQvreMV7qIK-1_QymR2gviyOM/view?usp=drivesdk,https://drive.google.com/uc?export=download&id=1ppGFspXKQvreMV7qIK-1_QymR2gviyOM,OK,confirmed_or_hard_rule,confirmed,00500,OK
1THdZU3y8I5hFyFpO1yHD0T8ddBniJuVI,00510,00510,VOREL,Czesci_zamienne_00510.pdf,Czesci_zamienne_00510.pdf,Rysunki wybuchowe,https://drive.google.com/file/d/1THdZU3y8I5hFyFpO1yHD0T8ddBniJuVI/view?usp=drivesdk,https://drive.google.com/uc?export=download&id=1THdZU3y8I5hFyFpO1yHD0T8ddBniJuVI,OK,confirmed_or_hard_rule,confirmed,00510,OK
1oUOyKCDXrWyOXZibjAE2BLZTlu0gx0lR,00600,00600,VOREL,Czesci_zamienne_00600.pdf,Czesci_zamienne_00600.pdf,Rysunki wybuchowe,https://drive.google.com/file/d/1oUOyKCDXrWyOXZibjAE2BLZTlu0gx0lR/view?usp=drivesdk,https://drive.google.com/uc?export=download&id=1oUOyKCDXrWyOXZibjAE2BLZTlu0gx0lR,OK,confirmed_or_hard_rule,confirmed,00600,OK
1JyHUBIgFBdSWSKHZetxVGD_PUCw6yD5M,00610,00610,VOREL,Czesci_zamienne_00610.pdf,Czesci_zamienne_00610.pdf,Rysunki wybuchowe,https://drive.google.com/file/d/1JyHUBIgFBdSWSKHZetxVGD_PUCw6yD5M/view?usp=drivesdk,https://drive.google.com/uc?export=download&id=1JyHUBIgFBdSWSKHZetxVGD_PUCw6yD5M,OK,confirmed_or_hard_rule,confirmed,00610,OK
1Ap4UFF15N5eCAPoluJET8va-xMwClkuO,00703,00703,VOREL,Czesci_zamienne_00703.pdf,Czesci_zamienne_00703.pdf,Rysunki wybuchowe,https://drive.google.com/file/d/1Ap4UFF15N5eCAPoluJET8va-xMwClkuO/view?usp=drivesdk,https://drive.google.com/uc?export=download&id=1Ap4UFF15N5eCAPoluJET8va-xMwClkuO,OK,confirmed_or_hard_rule,confirmed,00703,OK
1besvKvsDzwlUr2ndf9D0qH2bTnTUM2Qp,01060,01060,VOREL,Czesci_zamienne_01060.pdf,Czesci_zamienne_01060.pdf,Rysunki wybuchowe,https://drive.google.com/file/d/1besvKvsDzwlUr2ndf9D0qH2bTnTUM2Qp/view?usp=drivesdk,https://drive.google.com/uc?export=download&id=1besvKvsDzwlUr2ndf9D0qH2bTnTUM2Qp,OK,confirmed_or_hard_rule,confirmed,01060,OK
1RQeVZdnCkfLRPgRr0pRrtj-MluClXhK1,09900,09900,VOREL,Czesci_zamienne_09900.pdf,Czesci_zamienne_09900.pdf,Rysunki wybuchowe,https://drive.google.com/file/d/1RQeVZdnCkfLRPgRr0pRrtj-MluClXhK1/view?usp=drivesdk,https://drive.google.com/uc?export=download&id=1RQeVZdnCkfLRPgRr0pRrtj-MluClXhK1,OK,confirmed_or_hard_rule,confirmed,09900,OK
1z5Wu-WgmgNUT63WIfRONFX4OLAG5EI3u,YT-05855,YT05855,YATO,Czesci_zamienne_YT-05855.pdf,Czesci_zamienne_YT-05855.pdf,Rysunki wybuchowe,https://drive.google.com/file/d/1z5Wu-WgmgNUT63WIfRONFX4OLAG5EI3u/view?usp=drivesdk,https://drive.google.com/uc?export=download&id=1z5Wu-WgmgNUT63WIfRONFX4OLAG5EI3u,OK,confirmed_or_hard_rule,confirmed,YT-05855,OK
1wgFrbX4F4o_yr3V-zM3i3n0dGsi5mqU0,YT-05856,YT05856,YATO,Czesci_zamienne_YT-05856.pdf,Czesci_zamienne_YT-05856.pdf,Rysunki wybuchowe,https://drive.google.com/file/d/1wgFrbX4F4o_yr3V-zM3i3n0dGsi5mqU0/view?usp=drivesdk,https://drive.google.com/uc?export=download&id=1wgFrbX4F4o_yr3V-zM3i3n0dGsi5mqU0,OK,confirmed_or_hard_rule,confirmed,YT-05856,OK
1GVQ_GVkVO4GOJ5TV5QP__S1NBhsnmlMM,YT-06845,YT06845,YATO,Czesci_zamienne_YT-06845.pdf,Czesci_zamienne_YT-06845.pdf,Rysunki wybuchowe,https://drive.google.com/file/d/1GVQ_GVkVO4GOJ5TV5QP__S1NBhsnmlMM/view?usp=drivesdk,https://drive.google.com/uc?export=download&id=1GVQ_GVkVO4GOJ5TV5QP__S1NBhsnmlMM,OK,confirmed_or_hard_rule,confirmed,YT-06845,OK
11fFzd7aGwaPLUl1NJ3yNsSwK97lhnfMv,YT-07020,YT07020,YATO,Czesci_zamienne_YT-07020 YT-07021.pdf,Czesci_zamienne_YT-07020 YT-07021.pdf,Rysunki wybuchowe,https://drive.google.com/file/d/11fFzd7aGwaPLUl1NJ3yNsSwK97lhnfMv/view?usp=drivesdk,https://drive.google.com/uc?export=download&id=11fFzd7aGwaPLUl1NJ3yNsSwK97lhnfMv,OK_MULTIMODEL,confirmed_or_hard_rule,confirmed,"YT-07020, YT-07021",OK
11fFzd7aGwaPLUl1NJ3yNsSwK97lhnfMv,YT-07021,YT07021,YATO,Czesci_zamienne_YT-07020 YT-07021.pdf,Czesci_zamienne_YT-07020 YT-07021.pdf,Rysunki wybuchowe,https://drive.google.com/file/d/11fFzd7aGwaPLUl1NJ3yNsSwK97lhnfMv/view?usp=drivesdk,https://drive.google.com/uc?export=download&id=11fFzd7aGwaPLUl1NJ3yNsSwK97lhnfMv,ALIAS_MODEL,confirmed_or_hard_rule,confirmed,"YT-07020, YT-07021",OK
1qW7yyJBZY0kt9A8zN2mup0bptNshcUnC,YT-07057,YT07057,YATO,Czesci_zamienne_YT-07057.pdf,Czesci_zamienne_YT-07057.pdf,Rysunki wybuchowe,https://drive.google.com/file/d/1qW7yyJBZY0kt9A8zN2mup0bptNshcUnC/view?usp=drivesdk,https://drive.google.com/uc?export=download&id=1qW7yyJBZY0kt9A8zN2mup0bptNshcUnC,OK,confirmed_or_hard_rule,confirmed,YT-07057,OK
1pB9oYDWxg1vzglBeT1mmAzQ8s_-69arh,YT-07067,YT07067,YATO,Czesci_zamienne_YT-07067.pdf,Czesci_zamienne_YT-07067.pdf,Rysunki wybuchowe,https://drive.google.com/file/d/1pB9oYDWxg1vzglBeT1mmAzQ8s_-69arh/view?usp=drivesdk,https://drive.google.com/uc?export=download&id=1pB9oYDWxg1vzglBeT1mmAzQ8s_-69arh,OK,confirmed_or_hard_rule,confirmed,YT-07067,OK
1hT4Mph_hCgu_bJcRGjB-HIasIPlNPlaK,YT-07068,YT07068,YATO,Czesci_zamienne_YT-07068.pdf,Czesci_zamienne_YT-07068.pdf,Rysunki wybuchowe,https://drive.google.com/file/d/1hT4Mph_hCgu_bJcRGjB-HIasIPlNPlaK/view?usp=drivesdk,https://drive.google.com/uc?export=download&id=1hT4Mph_hCgu_bJcRGjB-HIasIPlNPlaK,OK,confirmed_or_hard_rule,confirmed,YT-07068,OK
10obSeu9r60nnPFQHZ053-5V8c5j-yZRe,YT-07069,YT07069,YATO,Czesci_zamienne_YT-07069.pdf,Czesci_zamienne_YT-07069.pdf,Rysunki wybuchowe,https://drive.google.com/file/d/10obSeu9r60nnPFQHZ053-5V8c5j-yZRe/view?usp=drivesdk,https://drive.google.com/uc?export=download&id=10obSeu9r60nnPFQHZ053-5V8c5j-yZRe,OK,confirmed_or_hard_rule,confirmed,YT-07069,OK
1U_4HaTKdLuzuq4DwPAZhijwUUR_XNZhV,YT-07190,YT07190,YATO,Czesci_zamienne_YT-07190.pdf,Czesci_zamienne_YT-07190.pdf,Rysunki wybuchowe,https://drive.google.com/file/d/1U_4HaTKdLuzuq4DwPAZhijwUUR_XNZhV/view?usp=drivesdk,https://drive.google.com/uc?export=download&id=1U_4HaTKdLuzuq4DwPAZhijwUUR_XNZhV,OK,confirmed_or_hard_rule,confirmed,YT-07190,OK
1QUP2KVd2-E_PJVDUvmrenMGLiW7PBRIq,YT-07195,YT07195,YATO,Czesci_zamienne_YT-07195.pdf,Czesci_zamienne_YT-07195.pdf,Rysunki wybuchowe,https://drive.google.com/file/d/1QUP2KVd2-E_PJVDUvmrenMGLiW7PBRIq/view?usp=drivesdk,https://drive.google.com/uc?export=download&id=1QUP2KVd2-E_PJVDUvmrenMGLiW7PBRIq,OK,confirmed_or_hard_rule,confirmed,YT-07195,OK
1wrm09coOHV3QjcFej3Sny_CcaGOUWkht,YT-0750,YT0750,YATO,Czesci_zamienne_YT-0750.pdf,Czesci_zamienne_YT-0750.pdf,Rysunki wybuchowe,https://drive.google.com/file/d/1wrm09coOHV3QjcFej3Sny_CcaGOUWkht/view?usp=drivesdk,https://drive.google.com/uc?export=download&id=1wrm09coOHV3QjcFej3Sny_CcaGOUWkht,OK,confirmed_or_hard_rule,confirmed,YT-0750,OK
1YZMTeDKGVhIjqOMY1OID5xAC7W4cApdk,YT-0751,YT0751,YATO,Czesci_zamienne_YT-0751.pdf,Czesci_zamienne_YT-0751.pdf,Rysunki wybuchowe,https://drive.google.com/file/d/1YZMTeDKGVhIjqOMY1OID5xAC7W4cApdk/view?usp=drivesdk,https://drive.google.com/uc?export=download&id=1YZMTeDKGVhIjqOMY1OID5xAC7W4cApdk,OK,confirmed_or_hard_rule,confirmed,YT-0751,OK
10vIReAW2k4Ekjlnn0nzimIKiqkoEZbZz,YT-0752,YT0752,YATO,Czesci_zamienne_YT-0752.pdf,Czesci_zamienne_YT-0752.pdf,Rysunki wybuchowe,https://drive.google.com/file/d/10vIReAW2k4Ekjlnn0nzimIKiqkoEZbZz/view?usp=drivesdk,https://drive.google.com/uc?export=download&id=10vIReAW2k4Ekjlnn0nzimIKiqkoEZbZz,OK,confirmed_or_hard_rule,confirmed,YT-0752,OK
1TGrxLUfouCz19-nRZXrrnCSfm3bS8HvF,YT-0756,YT0756,YATO,Czesci_zamienne_YT-0756.pdf,Czesci_zamienne_YT-0756.pdf,Rysunki wybuchowe,https://drive.google.com/file/d/1TGrxLUfouCz19-nRZXrrnCSfm3bS8HvF/view?usp=drivesdk,https://drive.google.com/uc?export=download&id=1TGrxLUfouCz19-nRZXrrnCSfm3bS8HvF,OK,confirmed_or_hard_rule,confirmed,YT-0756,OK
10u9CsjiZwbB6tvj9OoYcJbukEAOo6OZY,YT-0762,YT0762,YATO,Czesci_zamienne_YT-0762.pdf,Czesci_zamienne_YT-0762.pdf,Rysunki wybuchowe,https://drive.google.com/file/d/10u9CsjiZwbB6tvj9OoYcJbukEAOo6OZY/view?usp=drivesdk,https://drive.google.com/uc?export=download&id=10u9CsjiZwbB6tvj9OoYcJbukEAOo6OZY,OK,confirmed_or_hard_rule,confirmed,YT-0762,OK
1xDeAehvmsHPhaxaiWLmYLYGHfbkYRE9L,YT-0767,YT0767,YATO,Czesci_zamienne_YT-0767.pdf,Czesci_zamienne_YT-0767.pdf,Rysunki wybuchowe,https://drive.google.com/file/d/1xDeAehvmsHPhaxaiWLmYLYGHfbkYRE9L/view?usp=drivesdk,https://drive.google.com/uc?export=download&id=1xDeAehvmsHPhaxaiWLmYLYGHfbkYRE9L,OK,confirmed_or_hard_rule,confirmed,YT-0767,OK
1Zi4Umvnqil2iMib4JcacsmZqv6su3UPU,YT-0780,YT0780,YATO,Czesci_zamienne_YT-0780.pdf,Czesci_zamienne_YT-0780.pdf,Rysunki wybuchowe,https://drive.google.com/file/d/1Zi4Umvnqil2iMib4JcacsmZqv6su3UPU/view?usp=drivesdk,https://drive.google.com/uc?export=download&id=1Zi4Umvnqil2iMib4JcacsmZqv6su3UPU,OK,confirmed_or_hard_rule,confirmed,YT-0780,OK
1qpe1zBSs-2AhVlsYr0Cw7wKTBpDeJR5d,YT-0781,YT0781,YATO,Czesci_zamienne_YT-0781.pdf,Czesci_zamienne_YT-0781.pdf,Rysunki wybuchowe,https://drive.google.com/file/d/1qpe1zBSs-2AhVlsYr0Cw7wKTBpDeJR5d/view?usp=drivesdk,https://drive.google.com/uc?export=download&id=1qpe1zBSs-2AhVlsYr0Cw7wKTBpDeJR5d,OK,confirmed_or_hard_rule,confirmed,YT-0781,OK
1n_qN5vzA8EgNoNdF76aXWaaOHEiqefoz,YT-08502,YT08502,YATO,Czesci_zamienne_YT-08502.pdf,Czesci_zamienne_YT-08502.pdf,Rysunki wybuchowe,https://drive.google.com/file/d/1n_qN5vzA8EgNoNdF76aXWaaOHEiqefoz/view?usp=drivesdk,https://drive.google.com/uc?export=download&id=1n_qN5vzA8EgNoNdF76aXWaaOHEiqefoz,OK,confirmed_or_hard_rule,confirmed,YT-08502,OK
10xXXBCJ-I_yrzPWMTXl2Y7o1_G6GdxbX,YT-08505,YT08505,YATO,Czesci_zamienne_YT-08505.pdf,Czesci_zamienne_YT-08505.pdf,Rysunki wybuchowe,https://drive.google.com/file/d/10xXXBCJ-I_yrzPWMTXl2Y7o1_G6GdxbX/view?usp=drivesdk,https://drive.google.com/uc?export=download&id=10xXXBCJ-I_yrzPWMTXl2Y7o1_G6GdxbX,OK,confirmed_or_hard_rule,confirmed,YT-08505,OK
1HEgtJrL9cx27zSc4vg6tcCn0_NPMvNAq,YT-08518,YT08518,YATO,Czesci_zamienne_YT-08518.pdf,Czesci_zamienne_YT-08518.pdf,Rysunki wybuchowe,https://drive.google.com/file/d/1HEgtJrL9cx27zSc4vg6tcCn0_NPMvNAq/view?usp=drivesdk,https://drive.google.com/uc?export=download&id=1HEgtJrL9cx27zSc4vg6tcCn0_NPMvNAq,OK,confirmed_or_hard_rule,confirmed,YT-08518,OK
1MGU3bV_ywL95uFO2ICknX4B52EFNmwEB,YT-09201,YT09201,YATO,Czesci_zamienne_YT-09201.pdf,Czesci_zamienne_YT-09201.pdf,Rysunki wybuchowe,https://drive.google.com/file/d/1MGU3bV_ywL95uFO2ICknX4B52EFNmwEB/view?usp=drivesdk,https://drive.google.com/uc?export=download&id=1MGU3bV_ywL95uFO2ICknX4B52EFNmwEB,OK,confirmed_or_hard_rule,confirmed,YT-09201,OK
1gkYzL86GBVHUDjnxPI8bEns5mhfAhJus,YT-09202,YT09202,YATO,Czesci_zamienne_YT-09202.pdf,Czesci_zamienne_YT-09202.pdf,Rysunki wybuchowe,https://drive.google.com/file/d/1gkYzL86GBVHUDjnxPI8bEns5mhfAhJus/view?usp=drivesdk,https://drive.google.com/uc?export=download&id=1gkYzL86GBVHUDjnxPI8bEns5mhfAhJus,OK,confirmed_or_hard_rule,confirmed,YT-09202,OK
1AI7bjtU9bNNXZZCVsR8DwBVLthD4fMEA,YT-09203,YT09203,YATO,Czesci_zamienne_YT-09203.pdf,Czesci_zamienne_YT-09203.pdf,Rysunki wybuchowe,https://drive.google.com/file/d/1AI7bjtU9bNNXZZCVsR8DwBVLthD4fMEA/view?usp=drivesdk,https://drive.google.com/uc?export=download&id=1AI7bjtU9bNNXZZCVsR8DwBVLthD4fMEA,OK,confirmed_or_hard_rule,confirmed,YT-09203,OK
1gltMdN-GhdoXBnn5ra69x96CsUv2vGvt,YT-09204,YT09204,YATO,Czesci_zamienne_YT-09204.pdf,Czesci_zamienne_YT-09204.pdf,Rysunki wybuchowe,https://drive.google.com/file/d/1gltMdN-GhdoXBnn5ra69x96CsUv2vGvt/view?usp=drivesdk,https://drive.google.com/uc?export=download&id=1gltMdN-GhdoXBnn5ra69x96CsUv2vGvt,OK,confirmed_or_hard_rule,confirmed,YT-09204,OK
17CQJSs5T6Wfzx9YME_xvi-f2OH0xtX_N,YT-09205,YT09205,YATO,Czesci_zamienne_YT-09205.pdf,Czesci_zamienne_YT-09205.pdf,Rysunki wybuchowe,https://drive.google.com/file/d/17CQJSs5T6Wfzx9YME_xvi-f2OH0xtX_N/view?usp=drivesdk,https://drive.google.com/uc?export=download&id=17CQJSs5T6Wfzx9YME_xvi-f2OH0xtX_N,OK,confirmed_or_hard_rule,confirmed,YT-09205,OK
1v2ffnBFngy_BvCBx_8lWdyETXNgidRUB,YT-09206,YT09206,YATO,Czesci_zamienne_YT-09206.pdf,Czesci_zamienne_YT-09206.pdf,Rysunki wybuchowe,https://drive.google.com/file/d/1v2ffnBFngy_BvCBx_8lWdyETXNgidRUB/view?usp=drivesdk,https://drive.google.com/uc?export=download&id=1v2ffnBFngy_BvCBx_8lWdyETXNgidRUB,OK,confirmed_or_hard_rule,confirmed,YT-09206,OK
1c5nWqSPIRaoEWNDjOhJugLDJcCRZa2or,YT-09211,YT09211,YATO,Czesci_zamienne_YT-09211.pdf,Czesci_zamienne_YT-09211.pdf,Rysunki wybuchowe,https://drive.google.com/file/d/1c5nWqSPIRaoEWNDjOhJugLDJcCRZa2or/view?usp=drivesdk,https://drive.google.com/uc?export=download&id=1c5nWqSPIRaoEWNDjOhJugLDJcCRZa2or,OK,confirmed_or_hard_rule,confirmed,YT-09211,OK
1e79b1_o6KJUnsn6NNxFj7dac7fw9TZpq,YT-09212,YT09212,YATO,Czesci_zamienne_YT-09212.pdf,Czesci_zamienne_YT-09212.pdf,Rysunki wybuchowe,https://drive.google.com/file/d/1e79b1_o6KJUnsn6NNxFj7dac7fw9TZpq/view?usp=drivesdk,https://drive.google.com/uc?export=download&id=1e79b1_o6KJUnsn6NNxFj7dac7fw9TZpq,OK,confirmed_or_hard_rule,confirmed,YT-09212,OK
1KkCxNUTq9OlyloGtHUj0JD19u8qWWhAz,YT-09213,YT09213,YATO,Czesci_zamienne_YT-09213.pdf,Czesci_zamienne_YT-09213.pdf,Rysunki wybuchowe,https://drive.google.com/file/d/1KkCxNUTq9OlyloGtHUj0JD19u8qWWhAz/view?usp=drivesdk,https://drive.google.com/uc?export=download&id=1KkCxNUTq9OlyloGtHUj0JD19u8qWWhAz,OK,confirmed_or_hard_rule,confirmed,YT-09213,OK
1gyhIB-G5CH1lYVNI49PfS5sZ3aII5nR4,YT-09220,YT09220,YATO,Czesci_zamienne_YT-09220.pdf,Czesci_zamienne_YT-09220.pdf,Rysunki wybuchowe,https://drive.google.com/file/d/1gyhIB-G5CH1lYVNI49PfS5sZ3aII5nR4/view?usp=drivesdk,https://drive.google.com/uc?export=download&id=1gyhIB-G5CH1lYVNI49PfS5sZ3aII5nR4,OK,confirmed_or_hard_rule,confirmed,YT-09220,OK
1icdOWNxWKLgacWpLow-F9j-yFRfyogU5,YT-09221,YT09221,YATO,Czesci_zamienne_YT-09221.pdf,Czesci_zamienne_YT-09221.pdf,Rysunki wybuchowe,https://drive.google.com/file/d/1icdOWNxWKLgacWpLow-F9j-yFRfyogU5/view?usp=drivesdk,https://drive.google.com/uc?export=download&id=1icdOWNxWKLgacWpLow-F9j-yFRfyogU5,OK,confirmed_or_hard_rule,confirmed,YT-09221,OK
172uH49-xyQuEmmfiILGE5xdpFPzCNVly,YT-09222,YT09222,YATO,Czesci_zamienne_YT-09222.pdf,Czesci_zamienne_YT-09222.pdf,Rysunki wybuchowe,https://drive.google.com/file/d/172uH49-xyQuEmmfiILGE5xdpFPzCNVly/view?usp=drivesdk,https://drive.google.com/uc?export=download&id=172uH49-xyQuEmmfiILGE5xdpFPzCNVly,OK,confirmed_or_hard_rule,confirmed,YT-09222,OK
1Of6L0vaQjQkjlcAyPUj2FJjI_SvTrpZs,YT-09223,YT09223,YATO,Czesci_zamienne_YT-09223.pdf,Czesci_zamienne_YT-09223.pdf,Rysunki wybuchowe,https://drive.google.com/file/d/1Of6L0vaQjQkjlcAyPUj2FJjI_SvTrpZs/view?usp=drivesdk,https://drive.google.com/uc?export=download&id=1Of6L0vaQjQkjlcAyPUj2FJjI_SvTrpZs,OK,confirmed_or_hard_rule,confirmed,YT-09223,OK
13y7WoiB6RYV1z88gh0quLTVi17wCdVZj,YT-09224,YT09224,YATO,Czesci_zamienne_YT-09224.pdf,Czesci_zamienne_YT-09224.pdf,Rysunki wybuchowe,https://drive.google.com/file/d/13y7WoiB6RYV1z88gh0quLTVi17wCdVZj/view?usp=drivesdk,https://drive.google.com/uc?export=download&id=13y7WoiB6RYV1z88gh0quLTVi17wCdVZj,OK,confirmed_or_hard_rule,confirmed,YT-09224,OK
1J-_hHZ124mW3NR0QQQGhebNtkA16a9uT,YT-09240,YT09240,YATO,Czesci_zamienne_YT-09240.pdf,Czesci_zamienne_YT-09240.pdf,Rysunki wybuchowe,https://drive.google.com/file/d/1J-_hHZ124mW3NR0QQQGhebNtkA16a9uT/view?usp=drivesdk,https://drive.google.com/uc?export=download&id=1J-_hHZ124mW3NR0QQQGhebNtkA16a9uT,OK,confirmed_or_hard_rule,confirmed,YT-09240,OK
1fNw1L-bbge5VocGtvjoyVb-yiUmMPFLe,YT-09510,YT09510,YATO,Czesci_zamienne_YT-09510.pdf,Czesci_zamienne_YT-09510.pdf,Rysunki wybuchowe,https://drive.google.com/file/d/1fNw1L-bbge5VocGtvjoyVb-yiUmMPFLe/view?usp=drivesdk,https://drive.google.com/uc?export=download&id=1fNw1L-bbge5VocGtvjoyVb-yiUmMPFLe,OK,confirmed_or_hard_rule,confirmed,YT-09510,OK
13-6UP2eqHhWxfjD53JCffAxChCDSDW12,YT-09511,YT09511,YATO,Czesci_zamienne_YT-09511.pdf,Czesci_zamienne_YT-09511.pdf,Rysunki wybuchowe,https://drive.google.com/file/d/13-6UP2eqHhWxfjD53JCffAxChCDSDW12/view?usp=drivesdk,https://drive.google.com/uc?export=download&id=13-6UP2eqHhWxfjD53JCffAxChCDSDW12,OK,confirmed_or_hard_rule,confirmed,YT-09511,OK
1VMH9ZrhE064vAXKDh1sXb98YDxwyOQsM,YT-09513,YT09513,YATO,Czesci_zamienne_YT-09513.pdf,Czesci_zamienne_YT-09513.pdf,Rysunki wybuchowe,https://drive.google.com/file/d/1VMH9ZrhE064vAXKDh1sXb98YDxwyOQsM/view?usp=drivesdk,https://drive.google.com/uc?export=download&id=1VMH9ZrhE064vAXKDh1sXb98YDxwyOQsM,OK,confirmed_or_hard_rule,confirmed,YT-09513,OK
1z73sq3ClBTY1J0BzdfckoOG02ADH3I7u,YT-09515,YT09515,YATO,Czesci_zamienne_YT-09515.pdf,Czesci_zamienne_YT-09515.pdf,Rysunki wybuchowe,https://drive.google.com/file/d/1z73sq3ClBTY1J0BzdfckoOG02ADH3I7u/view?usp=drivesdk,https://drive.google.com/uc?export=download&id=1z73sq3ClBTY1J0BzdfckoOG02ADH3I7u,OK,confirmed_or_hard_rule,confirmed,YT-09515,OK
1REwdGE44bkeu9_Gepsh7QBIDNVxr26-a,YT-09516,YT09516,YATO,Czesci_zamienne_YT-09516.pdf,Czesci_zamienne_YT-09516.pdf,Rysunki wybuchowe,https://drive.google.com/file/d/1REwdGE44bkeu9_Gepsh7QBIDNVxr26-a/view?usp=drivesdk,https://drive.google.com/uc?export=download&id=1REwdGE44bkeu9_Gepsh7QBIDNVxr26-a,OK,confirmed_or_hard_rule,confirmed,YT-09516,OK
1Kn6bjh0GQRZpzRcMqpbfxrF9zN4y2VJp,YT-09525,YT09525,YATO,Czesci_zamienne_YT-09525.pdf,Czesci_zamienne_YT-09525.pdf,Rysunki wybuchowe,https://drive.google.com/file/d/1Kn6bjh0GQRZpzRcMqpbfxrF9zN4y2VJp/view?usp=drivesdk,https://drive.google.com/uc?export=download&id=1Kn6bjh0GQRZpzRcMqpbfxrF9zN4y2VJp,OK,confirmed_or_hard_rule,confirmed,YT-09525,OK
1MvVI476pxlMGOvwcXNrLYSYYO1U-ScV3,YT-09528,YT09528,YATO,Czesci_zamienne_YT-09528.pdf,Czesci_zamienne_YT-09528.pdf,Rysunki wybuchowe,https://drive.google.com/file/d/1MvVI476pxlMGOvwcXNrLYSYYO1U-ScV3/view?usp=drivesdk,https://drive.google.com/uc?export=download&id=1MvVI476pxlMGOvwcXNrLYSYYO1U-ScV3,OK,confirmed_or_hard_rule,confirmed,YT-09528,OK
10L-yz8uV7ba9axxaD1S6BmZduOmBUwot,YT-0953,YT0953,YATO,Czesci_zamienne_YT-0953.pdf,Czesci_zamienne_YT-0953.pdf,Rysunki wybuchowe,https://drive.google.com/file/d/10L-yz8uV7ba9axxaD1S6BmZduOmBUwot/view?usp=drivesdk,https://drive.google.com/uc?export=download&id=10L-yz8uV7ba9axxaD1S6BmZduOmBUwot,OK,confirmed_or_hard_rule,confirmed,YT-0953,OK
1bLHAxl_DEDMmAwdZKiHbRrlSnhttbqg9,YT-09540,YT09540,YATO,Czesci_zamienne_YT-09540.pdf,Czesci_zamienne_YT-09540.pdf,Rysunki wybuchowe,https://drive.google.com/file/d/1bLHAxl_DEDMmAwdZKiHbRrlSnhttbqg9/view?usp=drivesdk,https://drive.google.com/uc?export=download&id=1bLHAxl_DEDMmAwdZKiHbRrlSnhttbqg9,OK,confirmed_or_hard_rule,confirmed,YT-09540,OK
1b377gFU9UfUS636ghgqBj8prav5TvE78,YT-09544,YT09544,YATO,Czesci_zamienne_YT-09544.pdf,Czesci_zamienne_YT-09544.pdf,Rysunki wybuchowe,https://drive.google.com/file/d/1b377gFU9UfUS636ghgqBj8prav5TvE78/view?usp=drivesdk,https://drive.google.com/uc?export=download&id=1b377gFU9UfUS636ghgqBj8prav5TvE78,OK,confirmed_or_hard_rule,confirmed,YT-09544,OK
1hsdnE_xO1NR14s_gopir9d938Fubdt3_,YT-09545,YT09545,YATO,Czesci_zamienne_YT-09545.pdf,Czesci_zamienne_YT-09545.pdf,Rysunki wybuchowe,https://drive.google.com/file/d/1hsdnE_xO1NR14s_gopir9d938Fubdt3_/view?usp=drivesdk,https://drive.google.com/uc?export=download&id=1hsdnE_xO1NR14s_gopir9d938Fubdt3_,OK,confirmed_or_hard_rule,confirmed,YT-09545,OK
1dJkZTW0MylZGHwfS4e3ijRHjEQkk1rKQ,YT-09546,YT09546,YATO,Czesci_zamienne_YT-09546.pdf,Czesci_zamienne_YT-09546.pdf,Rysunki wybuchowe,https://drive.google.com/file/d/1dJkZTW0MylZGHwfS4e3ijRHjEQkk1rKQ/view?usp=drivesdk,https://drive.google.com/uc?export=download&id=1dJkZTW0MylZGHwfS4e3ijRHjEQkk1rKQ,OK,confirmed_or_hard_rule,confirmed,YT-09546,OK
1tC75yL2jebMIft2oQQkOoGvkmQ1Ns4R6,YT-09547,YT09547,YATO,Czesci_zamienne_YT-09547.pdf,Czesci_zamienne_YT-09547.pdf,Rysunki wybuchowe,https://drive.google.com/file/d/1tC75yL2jebMIft2oQQkOoGvkmQ1Ns4R6/view?usp=drivesdk,https://drive.google.com/uc?export=download&id=1tC75yL2jebMIft2oQQkOoGvkmQ1Ns4R6,OK,confirmed_or_hard_rule,confirmed,YT-09547,OK
1d7ViGIMmLgfr7AojAAw38wuBdiu1TPqJ,YT-09564,YT09564,YATO,Czesci_zamienne_YT-09564.pdf,Czesci_zamienne_YT-09564.pdf,Rysunki wybuchowe,https://drive.google.com/file/d/1d7ViGIMmLgfr7AojAAw38wuBdiu1TPqJ/view?usp=drivesdk,https://drive.google.com/uc?export=download&id=1d7ViGIMmLgfr7AojAAw38wuBdiu1TPqJ,OK,confirmed_or_hard_rule,confirmed,YT-09564,OK
18PURT67ke4DnDfuAjssQuEgIVwEOAaJQ,YT-09571,YT09571,YATO,Czesci_zamienne_YT-09571.pdf,Czesci_zamienne_YT-09571.pdf,Rysunki wybuchowe,https://drive.google.com/file/d/18PURT67ke4DnDfuAjssQuEgIVwEOAaJQ/view?usp=drivesdk,https://drive.google.com/uc?export=download&id=18PURT67ke4DnDfuAjssQuEgIVwEOAaJQ,OK,confirmed_or_hard_rule,confirmed,YT-09571,OK
1p1BWEAprGKxKp5bkduCCu0rijM0r8t10,YT-09575,YT09575,YATO,Czesci_zamienne_YT-09575.pdf,Czesci_zamienne_YT-09575.pdf,Rysunki wybuchowe,https://drive.google.com/file/d/1p1BWEAprGKxKp5bkduCCu0rijM0r8t10/view?usp=drivesdk,https://drive.google.com/uc?export=download&id=1p1BWEAprGKxKp5bkduCCu0rijM0r8t10,OK,confirmed_or_hard_rule,confirmed,YT-09575,OK
12TLap8q8pdsOCbsKiSMNnKqDjPtHi9GB,YT-0959,YT0959,YATO,Czesci_zamienne_YT-0959.pdf,Czesci_zamienne_YT-0959.pdf,Rysunki wybuchowe,https://drive.google.com/file/d/12TLap8q8pdsOCbsKiSMNnKqDjPtHi9GB/view?usp=drivesdk,https://drive.google.com/uc?export=download&id=12TLap8q8pdsOCbsKiSMNnKqDjPtHi9GB,OK,confirmed_or_hard_rule,confirmed,YT-0959,OK
1ngwQMuvuEfNWkN2bwCRQNTyC1abKBh4I,YT-0960,YT0960,YATO,Czesci_zamienne_YT-0960.pdf,Czesci_zamienne_YT-0960.pdf,Rysunki wybuchowe,https://drive.google.com/file/d/1ngwQMuvuEfNWkN2bwCRQNTyC1abKBh4I/view?usp=drivesdk,https://drive.google.com/uc?export=download&id=1ngwQMuvuEfNWkN2bwCRQNTyC1abKBh4I,OK,confirmed_or_hard_rule,confirmed,YT-0960,OK
1DvhTX62oNWQEpcl7AVLoiD1ObLAjjfDg,YT-09615,YT09615,YATO,Czesci_zamienne_YT-09615.pdf,Czesci_zamienne_YT-09615.pdf,Rysunki wybuchowe,https://drive.google.com/file/d/1DvhTX62oNWQEpcl7AVLoiD1ObLAjjfDg/view?usp=drivesdk,https://drive.google.com/uc?export=download&id=1DvhTX62oNWQEpcl7AVLoiD1ObLAjjfDg,OK,confirmed_or_hard_rule,confirmed,YT-09615,OK
137fby1ZMXUGXWlfRZz4W2ZMYOdib73Vs,YT-09620,YT09620,YATO,Czesci_zamienne_YT-09620.pdf,Czesci_zamienne_YT-09620.pdf,Rysunki wybuchowe,https://drive.google.com/file/d/137fby1ZMXUGXWlfRZz4W2ZMYOdib73Vs/view?usp=drivesdk,https://drive.google.com/uc?export=download&id=137fby1ZMXUGXWlfRZz4W2ZMYOdib73Vs,OK,confirmed_or_hard_rule,confirmed,YT-09620,OK
1KyE1fJYFezAuyc9FCIrRKNETNYUf2-D-,YT-09633,YT09633,YATO,Czesci_zamienne_YT-09633.pdf,Czesci_zamienne_YT-09633.pdf,Rysunki wybuchowe,https://drive.google.com/file/d/1KyE1fJYFezAuyc9FCIrRKNETNYUf2-D-/view?usp=drivesdk,https://drive.google.com/uc?export=download&id=1KyE1fJYFezAuyc9FCIrRKNETNYUf2-D-,OK,confirmed_or_hard_rule,confirmed,YT-09633,OK
1BIDqzPTJyMGRfmx4uoj1rmqZz33CfWj3,YT-09676,YT09676,YATO,Czesci_zamienne_YT-09676.pdf,Czesci_zamienne_YT-09676.pdf,Rysunki wybuchowe,https://drive.google.com/file/d/1BIDqzPTJyMGRfmx4uoj1rmqZz33CfWj3/view?usp=drivesdk,https://drive.google.com/uc?export=download&id=1BIDqzPTJyMGRfmx4uoj1rmqZz33CfWj3,OK,confirmed_or_hard_rule,confirmed,YT-09676,OK
1Xf-QBmyIDCzK7lsa3gr7McNOWVivUwuC,YT-09715,YT09715,YATO,Czesci_zamienne_YT-09715.pdf,Czesci_zamienne_YT-09715.pdf,Rysunki wybuchowe,https://drive.google.com/file/d/1Xf-QBmyIDCzK7lsa3gr7McNOWVivUwuC/view?usp=drivesdk,https://drive.google.com/uc?export=download&id=1Xf-QBmyIDCzK7lsa3gr7McNOWVivUwuC,OK,confirmed_or_hard_rule,confirmed,YT-09715,OK
1prqx9ZluarZqsZVa_epplLqgcAGmuut8,YT-09730,YT09730,YATO,Czesci_zamienne_YT-09730.pdf,Czesci_zamienne_YT-09730.pdf,Rysunki wybuchowe,https://drive.google.com/file/d/1prqx9ZluarZqsZVa_epplLqgcAGmuut8/view?usp=drivesdk,https://drive.google.com/uc?export=download&id=1prqx9ZluarZqsZVa_epplLqgcAGmuut8,OK,confirmed_or_hard_rule,confirmed,YT-09730,OK
1MUFp_ZiAnwQYmJr1_RklHxVvsLtTcqQw,YT-09738,YT09738,YATO,Czesci_zamienne_YT-09738.pdf,Czesci_zamienne_YT-09738.pdf,Rysunki wybuchowe,https://drive.google.com/file/d/1MUFp_ZiAnwQYmJr1_RklHxVvsLtTcqQw/view?usp=drivesdk,https://drive.google.com/uc?export=download&id=1MUFp_ZiAnwQYmJr1_RklHxVvsLtTcqQw,OK,confirmed_or_hard_rule,confirmed,YT-09738,OK
1byYx8u2bj32cVZuPefujPH-oPGgmwbKN,YT-09739,YT09739,YATO,Czesci_zamienne_YT-09739.pdf,Czesci_zamienne_YT-09739.pdf,Rysunki wybuchowe,https://drive.google.com/file/d/1byYx8u2bj32cVZuPefujPH-oPGgmwbKN/view?usp=drivesdk,https://drive.google.com/uc?export=download&id=1byYx8u2bj32cVZuPefujPH-oPGgmwbKN,OK,confirmed_or_hard_rule,confirmed,YT-09739,OK
1I34T9CLtNWFxPwLdHKw3BYsxOvb9Q4dc,YT-0980,YT0980,YATO,Czesci_zamienne_YT-0980.pdf,Czesci_zamienne_YT-0980.pdf,Rysunki wybuchowe,https://drive.google.com/file/d/1I34T9CLtNWFxPwLdHKw3BYsxOvb9Q4dc/view?usp=drivesdk,https://drive.google.com/uc?export=download&id=1I34T9CLtNWFxPwLdHKw3BYsxOvb9Q4dc,OK,confirmed_or_hard_rule,confirmed,YT-0980,OK
1QfDmKxbE6Oaa4nZ2YOemci3tCFMmpfOt,YT-09910,YT09910,YATO,Czesci_zamienne_YT-09910.pdf,Czesci_zamienne_YT-09910.pdf,Rysunki wybuchowe,https://drive.google.com/file/d/1QfDmKxbE6Oaa4nZ2YOemci3tCFMmpfOt/view?usp=drivesdk,https://drive.google.com/uc?export=download&id=1QfDmKxbE6Oaa4nZ2YOemci3tCFMmpfOt,OK,confirmed_or_hard_rule,confirmed,YT-09910,OK
1bqbTwLcNoK2kFXu1bF5DyfBgDq61SOit,YT-09912,YT09912,YATO,Czesci_zamienne_YT-09912.pdf,Czesci_zamienne_YT-09912.pdf,Rysunki wybuchowe,https://drive.google.com/file/d/1bqbTwLcNoK2kFXu1bF5DyfBgDq61SOit/view?usp=drivesdk,https://drive.google.com/uc?export=download&id=1bqbTwLcNoK2kFXu1bF5DyfBgDq61SOit,OK,confirmed_or_hard_rule,confirmed,YT-09912,OK
1eYnFHRd_ZQaUVHK_8Mg2Sx4B2lOi-qZa,YT-09913,YT09913,YATO,Czesci_zamienne_YT-09913.pdf,Czesci_zamienne_YT-09913.pdf,Rysunki wybuchowe,https://drive.google.com/file/d/1eYnFHRd_ZQaUVHK_8Mg2Sx4B2lOi-qZa/view?usp=drivesdk,https://drive.google.com/uc?export=download&id=1eYnFHRd_ZQaUVHK_8Mg2Sx4B2lOi-qZa,OK,confirmed_or_hard_rule,confirmed,YT-09913,OK
1tZV8U5cQeZ8GRLVtd7ylkbxlOZYqOtS8,YT-09955,YT09955,YATO,Czesci_zamienne_YT-09955.pdf,Czesci_zamienne_YT-09955.pdf,Rysunki wybuchowe,https://drive.google.com/file/d/1tZV8U5cQeZ8GRLVtd7ylkbxlOZYqOtS8/view?usp=drivesdk,https://drive.google.com/uc?export=download&id=1tZV8U5cQeZ8GRLVtd7ylkbxlOZYqOtS8,OK,confirmed_or_hard_rule,confirmed,YT-09955,OK
1R7HDIywvKGJzUJEcI_T4Of6CWgKkdPNn,YT-16000,YT16000,YATO,Czesci_zamienne_YT-16000.pdf,Czesci_zamienne_YT-16000.pdf,Rysunki wybuchowe,https://drive.google.com/file/d/1R7HDIywvKGJzUJEcI_T4Of6CWgKkdPNn/view?usp=drivesdk,https://drive.google.com/uc?export=download&id=1R7HDIywvKGJzUJEcI_T4Of6CWgKkdPNn,OK,confirmed_or_hard_rule,confirmed,YT-16000,OK
1m-TH57FZyvO8BhbUxF9MsVXnUggK9O1N,YT-17001,YT17001,YATO,Czesci_zamienne_YT-17001.pdf,Czesci_zamienne_YT-17001.pdf,Rysunki wybuchowe,https://drive.google.com/file/d/1m-TH57FZyvO8BhbUxF9MsVXnUggK9O1N/view?usp=drivesdk,https://drive.google.com/uc?export=download&id=1m-TH57FZyvO8BhbUxF9MsVXnUggK9O1N,OK,confirmed_or_hard_rule,confirmed,YT-17001,OK
1bbrc9BpHXVDP8A5z_uP7JeXYCzafB6Ac,YT-17002,YT17002,YATO,Czesci_zamienne_YT-17002.pdf,Czesci_zamienne_YT-17002.pdf,Rysunki wybuchowe,https://drive.google.com/file/d/1bbrc9BpHXVDP8A5z_uP7JeXYCzafB6Ac/view?usp=drivesdk,https://drive.google.com/uc?export=download&id=1bbrc9BpHXVDP8A5z_uP7JeXYCzafB6Ac,OK,confirmed_or_hard_rule,confirmed,YT-17002,OK
1eoy9zSBsdWNUw6fJErMCOBIKqgeQ36Rm,YT-17003,YT17003,YATO,Czesci_zamienne_YT-17003.pdf,Czesci_zamienne_YT-17003.pdf,Rysunki wybuchowe,https://drive.google.com/file/d/1eoy9zSBsdWNUw6fJErMCOBIKqgeQ36Rm/view?usp=drivesdk,https://drive.google.com/uc?export=download&id=1eoy9zSBsdWNUw6fJErMCOBIKqgeQ36Rm,OK,confirmed_or_hard_rule,confirmed,YT-17003,OK
1FmB5bP45W4fHA1Msf-cLufiNr_t9gHRo,YT-17004,YT17004,YATO,Czesci_zamienne_YT-17004.pdf,Czesci_zamienne_YT-17004.pdf,Rysunki wybuchowe,https://drive.google.com/file/d/1FmB5bP45W4fHA1Msf-cLufiNr_t9gHRo/view?usp=drivesdk,https://drive.google.com/uc?export=download&id=1FmB5bP45W4fHA1Msf-cLufiNr_t9gHRo,OK,confirmed_or_hard_rule,confirmed,YT-17004,OK
1WVaPhJQYwN6PqpWFiRcOjcvzqWUyErLJ,YT-17005,YT17005,YATO,Czesci_zamienne_YT-17005.pdf,Czesci_zamienne_YT-17005.pdf,Rysunki wybuchowe,https://drive.google.com/file/d/1WVaPhJQYwN6PqpWFiRcOjcvzqWUyErLJ/view?usp=drivesdk,https://drive.google.com/uc?export=download&id=1WVaPhJQYwN6PqpWFiRcOjcvzqWUyErLJ,OK,confirmed_or_hard_rule,confirmed,YT-17005,OK
1N2kFc1uaAvV8DPNyBQyV0U0qVMv9lnzu,YT-17006,YT17006,YATO,Czesci_zamienne_YT-17006.pdf,Czesci_zamienne_YT-17006.pdf,Rysunki wybuchowe,https://drive.google.com/file/d/1N2kFc1uaAvV8DPNyBQyV0U0qVMv9lnzu/view?usp=drivesdk,https://drive.google.com/uc?export=download&id=1N2kFc1uaAvV8DPNyBQyV0U0qVMv9lnzu,OK,confirmed_or_hard_rule,confirmed,YT-17006,OK
1qoHnR169Nyr-vtowcC4olCSf_c9TyMyp,YT-17007,YT17007,YATO,Czesci_zamienne_YT-17007.pdf,Czesci_zamienne_YT-17007.pdf,Rysunki wybuchowe,https://drive.google.com/file/d/1qoHnR169Nyr-vtowcC4olCSf_c9TyMyp/view?usp=drivesdk,https://drive.google.com/uc?export=download&id=1qoHnR169Nyr-vtowcC4olCSf_c9TyMyp,OK,confirmed_or_hard_rule,confirmed,YT-17007,OK
1Xgn6djqAZm25kPdgwxylmDuJQi0NFloE,YT-17008,YT17008,YATO,Czesci_zamienne_YT-17008.pdf,Czesci_zamienne_YT-17008.pdf,Rysunki wybuchowe,https://drive.google.com/file/d/1Xgn6djqAZm25kPdgwxylmDuJQi0NFloE/view?usp=drivesdk,https://drive.google.com/uc?export=download&id=1Xgn6djqAZm25kPdgwxylmDuJQi0NFloE,OK,confirmed_or_hard_rule,confirmed,YT-17008,OK
1e63QYnUz-VCcF7dUVeVwYiSQXlrAP7H8,YT-17009,YT17009,YATO,Czesci_zamienne_YT-17009.pdf,Czesci_zamienne_YT-17009.pdf,Rysunki wybuchowe,https://drive.google.com/file/d/1e63QYnUz-VCcF7dUVeVwYiSQXlrAP7H8/view?usp=drivesdk,https://drive.google.com/uc?export=download&id=1e63QYnUz-VCcF7dUVeVwYiSQXlrAP7H8,OK,confirmed_or_hard_rule,confirmed,YT-17009,OK
1UPl9h9BmgT-skJVK49X6mFkPLlRhS66Q,YT-1711,YT1711,YATO,Czesci_zamienne_YT-1711.pdf,Czesci_zamienne_YT-1711.pdf,Rysunki wybuchowe,https://drive.google.com/file/d/1UPl9h9BmgT-skJVK49X6mFkPLlRhS66Q/view?usp=drivesdk,https://drive.google.com/uc?export=download&id=1UPl9h9BmgT-skJVK49X6mFkPLlRhS66Q,OK,confirmed_or_hard_rule,confirmed,YT-1711,OK
1fYcJMZYdYDvs0vapIMMpteDCf4Uy20GB,YT-1713,YT1713,YATO,Czesci_zamienne_YT-1713.pdf,Czesci_zamienne_YT-1713.pdf,Rysunki wybuchowe,https://drive.google.com/file/d/1fYcJMZYdYDvs0vapIMMpteDCf4Uy20GB/view?usp=drivesdk,https://drive.google.com/uc?export=download&id=1fYcJMZYdYDvs0vapIMMpteDCf4Uy20GB,OK,confirmed_or_hard_rule,confirmed,YT-1713,OK
1x0ToR8osp26O3PxQAZ9opEjrHQ1jU2yQ,YT-1720,YT1720,YATO,Czesci_zamienne_YT-1720.pdf,Czesci_zamienne_YT-1720.pdf,Rysunki wybuchowe,https://drive.google.com/file/d/1x0ToR8osp26O3PxQAZ9opEjrHQ1jU2yQ/view?usp=drivesdk,https://drive.google.com/uc?export=download&id=1x0ToR8osp26O3PxQAZ9opEjrHQ1jU2yQ,OK,confirmed_or_hard_rule,confirmed,YT-1720,OK
1fL8oRFqMOOeCIIkDPQIYe6a-oIJqBQMY,YT-17205,YT17205,YATO,Czesci_zamienne_YT-17205.pdf,Czesci_zamienne_YT-17205.pdf,Rysunki wybuchowe,https://drive.google.com/file/d/1fL8oRFqMOOeCIIkDPQIYe6a-oIJqBQMY/view?usp=drivesdk,https://drive.google.com/uc?export=download&id=1fL8oRFqMOOeCIIkDPQIYe6a-oIJqBQMY,OK,confirmed_or_hard_rule,confirmed,YT-17205,OK
14nsXsQN9ZGS3CFtt2ja0JNbq5oFNEYNE,YT-17207,YT17207,YATO,Czesci_zamienne_YT-17207.pdf,Czesci_zamienne_YT-17207.pdf,Rysunki wybuchowe,https://drive.google.com/file/d/14nsXsQN9ZGS3CFtt2ja0JNbq5oFNEYNE/view?usp=drivesdk,https://drive.google.com/uc?export=download&id=14nsXsQN9ZGS3CFtt2ja0JNbq5oFNEYNE,OK,confirmed_or_hard_rule,confirmed,YT-17207,OK
1xMGTp7CiOtONCnQFVixK9SlYq7G1wPPz,YT-1721,YT1721,YATO,Czesci_zamienne_YT-1721.pdf,Czesci_zamienne_YT-1721.pdf,Rysunki wybuchowe,https://drive.google.com/file/d/1xMGTp7CiOtONCnQFVixK9SlYq7G1wPPz/view?usp=drivesdk,https://drive.google.com/uc?export=download&id=1xMGTp7CiOtONCnQFVixK9SlYq7G1wPPz,OK,confirmed_or_hard_rule,confirmed,YT-1721,OK
1Sy4zPRVblbC98oI5ec_t5vo3gNRJ64TL,YT-17211,YT17211,YATO,Czesci_zamienne_YT-17211.pdf,Czesci_zamienne_YT-17211.pdf,Rysunki wybuchowe,https://drive.google.com/file/d/1Sy4zPRVblbC98oI5ec_t5vo3gNRJ64TL/view?usp=drivesdk,https://drive.google.com/uc?export=download&id=1Sy4zPRVblbC98oI5ec_t5vo3gNRJ64TL,OK,confirmed_or_hard_rule,confirmed,YT-17211,OK
1DesPzhV-haBCFMUFGf2L_t1l1AmdR6ZK,YT-17213,YT17213,YATO,Czesci_zamienne_YT-17213.pdf,Czesci_zamienne_YT-17213.pdf,Rysunki wybuchowe,https://drive.google.com/file/d/1DesPzhV-haBCFMUFGf2L_t1l1AmdR6ZK/view?usp=drivesdk,https://drive.google.com/uc?export=download&id=1DesPzhV-haBCFMUFGf2L_t1l1AmdR6ZK,OK,confirmed_or_hard_rule,confirmed,YT-17213,OK
1ArQkETbTF43fQ_FTyFHolG5sd5Ml5NhL,YT-17214,YT17214,YATO,Czesci_zamienne_YT-17214.pdf,Czesci_zamienne_YT-17214.pdf,Rysunki wybuchowe,https://drive.google.com/file/d/1ArQkETbTF43fQ_FTyFHolG5sd5Ml5NhL/view?usp=drivesdk,https://drive.google.com/uc?export=download&id=1ArQkETbTF43fQ_FTyFHolG5sd5Ml5NhL,OK,confirmed_or_hard_rule,confirmed,YT-17214,OK
1pIJEbzIGzzxxYdaLT1KJ7gJkKyvxn_iH,YT-18900,YT18900,YATO,Czesci_zamienne_YT-18900.pdf,Czesci_zamienne_YT-18900.pdf,Rysunki wybuchowe,https://drive.google.com/file/d/1pIJEbzIGzzxxYdaLT1KJ7gJkKyvxn_iH/view?usp=drivesdk,https://drive.google.com/uc?export=download&id=1pIJEbzIGzzxxYdaLT1KJ7gJkKyvxn_iH,OK,confirmed_or_hard_rule,confirmed,YT-18900,OK
1ZZc_II2VzDeOTTn5LK0zHtooBvXnimW7,YT-21758,YT21758,YATO,Czesci_zamienne_YT-21758.pdf,Czesci_zamienne_YT-21758.pdf,Rysunki wybuchowe,https://drive.google.com/file/d/1ZZc_II2VzDeOTTn5LK0zHtooBvXnimW7/view?usp=drivesdk,https://drive.google.com/uc?export=download&id=1ZZc_II2VzDeOTTn5LK0zHtooBvXnimW7,OK,confirmed_or_hard_rule,confirmed,YT-21758,OK
1C18O2MeBaJHGR7aYYQyEJVEDwQuqdXBq,YT-23241,YT23241,YATO,Czesci_zamienne_YT-23241 YT-23242.pdf,Czesci_zamienne_YT-23241 YT-23242.pdf,Rysunki wybuchowe,https://drive.google.com/file/d/1C18O2MeBaJHGR7aYYQyEJVEDwQuqdXBq/view?usp=drivesdk,https://drive.google.com/uc?export=download&id=1C18O2MeBaJHGR7aYYQyEJVEDwQuqdXBq,OK_MULTIMODEL,confirmed_or_hard_rule,confirmed,"YT-23241, YT-23242",OK
1C18O2MeBaJHGR7aYYQyEJVEDwQuqdXBq,YT-23242,YT23242,YATO,Czesci_zamienne_YT-23241 YT-23242.pdf,Czesci_zamienne_YT-23241 YT-23242.pdf,Rysunki wybuchowe,https://drive.google.com/file/d/1C18O2MeBaJHGR7aYYQyEJVEDwQuqdXBq/view?usp=drivesdk,https://drive.google.com/uc?export=download&id=1C18O2MeBaJHGR7aYYQyEJVEDwQuqdXBq,ALIAS_MODEL,confirmed_or_hard_rule,confirmed,"YT-23241, YT-23242",OK
15popLYYQFMAGlYKBSRZi9CWhQ9TWCsnn,YT-23300,YT23300,YATO,Czesci_zamienne_YT-23300.pdf,Czesci_zamienne_YT-23300.pdf,Rysunki wybuchowe,https://drive.google.com/file/d/15popLYYQFMAGlYKBSRZi9CWhQ9TWCsnn/view?usp=drivesdk,https://drive.google.com/uc?export=download&id=15popLYYQFMAGlYKBSRZi9CWhQ9TWCsnn,OK,confirmed_or_hard_rule,confirmed,YT-23300,OK
1C6TVyzycnHxq3FH9iQOcOK2wcfUT870P,YT-23305,YT23305,YATO,Czesci_zamienne_YT-23305.pdf,Czesci_zamienne_YT-23305.pdf,Rysunki wybuchowe,https://drive.google.com/file/d/1C6TVyzycnHxq3FH9iQOcOK2wcfUT870P/view?usp=drivesdk,https://drive.google.com/uc?export=download&id=1C6TVyzycnHxq3FH9iQOcOK2wcfUT870P,OK,confirmed_or_hard_rule,confirmed,YT-23305,OK
1jDY04VEnrpsVnh3ir3AEuhhqBBMI2FKG,YT-23306,YT23306,YATO,Czesci_zamienne_YT-23306.pdf,Czesci_zamienne_YT-23306.pdf,Rysunki wybuchowe,https://drive.google.com/file/d/1jDY04VEnrpsVnh3ir3AEuhhqBBMI2FKG/view?usp=drivesdk,https://drive.google.com/uc?export=download&id=1jDY04VEnrpsVnh3ir3AEuhhqBBMI2FKG,OK,confirmed_or_hard_rule,confirmed,YT-23306,OK
1gaKSXd6dDT8DBnGzzkxtIDF_bHqbMBIZ,YT-23310,YT23310,YATO,Czesci_zamienne_YT-23310.pdf,Czesci_zamienne_YT-23310.pdf,Rysunki wybuchowe,https://drive.google.com/file/d/1gaKSXd6dDT8DBnGzzkxtIDF_bHqbMBIZ/view?usp=drivesdk,https://drive.google.com/uc?export=download&id=1gaKSXd6dDT8DBnGzzkxtIDF_bHqbMBIZ,OK,confirmed_or_hard_rule,confirmed,YT-23310,OK
1xG7t39Ka-bLQMNOfG-GkFjVp9Ry48Kh3,YT-23311,YT23311,YATO,Czesci_zamienne_YT-23311.pdf,Czesci_zamienne_YT-23311.pdf,Rysunki wybuchowe,https://drive.google.com/file/d/1xG7t39Ka-bLQMNOfG-GkFjVp9Ry48Kh3/view?usp=drivesdk,https://drive.google.com/uc?export=download&id=1xG7t39Ka-bLQMNOfG-GkFjVp9Ry48Kh3,OK,confirmed_or_hard_rule,confirmed,YT-23311,OK
1IQt_lr1YgVGcgg7ZBt4H8JXXVLedcnmn,YT-23320,YT23320,YATO,Czesci_zamienne_YT-23320.pdf,Czesci_zamienne_YT-23320.pdf,Rysunki wybuchowe,https://drive.google.com/file/d/1IQt_lr1YgVGcgg7ZBt4H8JXXVLedcnmn/view?usp=drivesdk,https://drive.google.com/uc?export=download&id=1IQt_lr1YgVGcgg7ZBt4H8JXXVLedcnmn,OK,confirmed_or_hard_rule,confirmed,YT-23320,OK
1ekHfKXwaUu1x0p1EcjnvEjhds-4KQb8g,YT-23321,YT23321,YATO,Czesci_zamienne_YT-23321.pdf,Czesci_zamienne_YT-23321.pdf,Rysunki wybuchowe,https://drive.google.com/file/d/1ekHfKXwaUu1x0p1EcjnvEjhds-4KQb8g/view?usp=drivesdk,https://drive.google.com/uc?export=download&id=1ekHfKXwaUu1x0p1EcjnvEjhds-4KQb8g,OK,confirmed_or_hard_rule,confirmed,YT-23321,OK
1Tln3_ayQ-_NiW6p37PssYRup0L6pvzgn,YT-2346,YT2346,YATO,Czesci_zamienne_YT-2346.pdf,Czesci_zamienne_YT-2346.pdf,Rysunki wybuchowe,https://drive.google.com/file/d/1Tln3_ayQ-_NiW6p37PssYRup0L6pvzgn/view?usp=drivesdk,https://drive.google.com/uc?export=download&id=1Tln3_ayQ-_NiW6p37PssYRup0L6pvzgn,OK,confirmed_or_hard_rule,confirmed,YT-2346,OK
1WH2Nt8wnmc6iHTVsmFUIeVSVnwlWbxyT,YT-23701,YT23701,YATO,Czesci_zamienne_YT-23701.pdf,Czesci_zamienne_YT-23701.pdf,Rysunki wybuchowe,https://drive.google.com/file/d/1WH2Nt8wnmc6iHTVsmFUIeVSVnwlWbxyT/view?usp=drivesdk,https://drive.google.com/uc?export=download&id=1WH2Nt8wnmc6iHTVsmFUIeVSVnwlWbxyT,OK,confirmed_or_hard_rule,confirmed,YT-23701,OK
1lBv6CFZTYZPg3pBtcrHEFJe6CPunVXqt,YT-25021,YT25021,YATO,Czesci_zamienne_YT-25021.pdf,Czesci_zamienne_YT-25021.pdf,Rysunki wybuchowe,https://drive.google.com/file/d/1lBv6CFZTYZPg3pBtcrHEFJe6CPunVXqt/view?usp=drivesdk,https://drive.google.com/uc?export=download&id=1lBv6CFZTYZPg3pBtcrHEFJe6CPunVXqt,OK,confirmed_or_hard_rule,confirmed,YT-25021,OK
1T1JoziPFdGjy3VbC8JuPJtuzC8UF5JuF,YT-30436,YT30436,YATO,Czesci_zamienne_YT-30436.pdf,Czesci_zamienne_YT-30436.pdf,Rysunki wybuchowe,https://drive.google.com/file/d/1T1JoziPFdGjy3VbC8JuPJtuzC8UF5JuF/view?usp=drivesdk,https://drive.google.com/uc?export=download&id=1T1JoziPFdGjy3VbC8JuPJtuzC8UF5JuF,OK,confirmed_or_hard_rule,confirmed,YT-30436,OK
1Vf1OZdsFSrj--RY-rNWiSEZpc5sIEKQ6,YT-30520,YT30520,YATO,Czesci_zamienne_YT-30520.pdf,Czesci_zamienne_YT-30520.pdf,Rysunki wybuchowe,https://drive.google.com/file/d/1Vf1OZdsFSrj--RY-rNWiSEZpc5sIEKQ6/view?usp=drivesdk,https://drive.google.com/uc?export=download&id=1Vf1OZdsFSrj--RY-rNWiSEZpc5sIEKQ6,OK,confirmed_or_hard_rule,confirmed,YT-30520,OK
114nig8bIWE1WMe3yDZbJNFOjJW1ZEOdU,YT-30521,YT30521,YATO,Czesci_zamienne_YT-30521.pdf,Czesci_zamienne_YT-30521.pdf,Rysunki wybuchowe,https://drive.google.com/file/d/114nig8bIWE1WMe3yDZbJNFOjJW1ZEOdU/view?usp=drivesdk,https://drive.google.com/uc?export=download&id=114nig8bIWE1WMe3yDZbJNFOjJW1ZEOdU,OK,confirmed_or_hard_rule,confirmed,YT-30521,OK
1ZnICSyifILrZ87Fl6TIEpGKXnLCR6ltD,YT-30522,YT30522,YATO,Czesci_zamienne_YT-30522.pdf,Czesci_zamienne_YT-30522.pdf,Rysunki wybuchowe,https://drive.google.com/file/d/1ZnICSyifILrZ87Fl6TIEpGKXnLCR6ltD/view?usp=drivesdk,https://drive.google.com/uc?export=download&id=1ZnICSyifILrZ87Fl6TIEpGKXnLCR6ltD,OK,confirmed_or_hard_rule,confirmed,YT-30522,OK
1GV14G4vJfsyreem7opoRcf2SXyeiksFf,YT-3600,YT3600,YATO,Czesci_zamienne_YT-3600.pdf,Czesci_zamienne_YT-3600.pdf,Rysunki wybuchowe,https://drive.google.com/file/d/1GV14G4vJfsyreem7opoRcf2SXyeiksFf/view?usp=drivesdk,https://drive.google.com/uc?export=download&id=1GV14G4vJfsyreem7opoRcf2SXyeiksFf,OK,confirmed_or_hard_rule,confirmed,YT-3600,OK
1_cmB1T9MaDZjFtOgNPdkRsUlmCgJCMtF,YT-36012,YT36012,YATO,Czesci_zamienne_YT-36012.pdf,Czesci_zamienne_YT-36012.pdf,Rysunki wybuchowe,https://drive.google.com/file/d/1_cmB1T9MaDZjFtOgNPdkRsUlmCgJCMtF/view?usp=drivesdk,https://drive.google.com/uc?export=download&id=1_cmB1T9MaDZjFtOgNPdkRsUlmCgJCMtF,OK,confirmed_or_hard_rule,confirmed,YT-36012,OK
1s-rZIajsct_vcMMABQpwFebhTuon8EGW,YT-36013,YT36013,YATO,Czesci_zamienne_YT-36013.pdf,Czesci_zamienne_YT-36013.pdf,Rysunki wybuchowe,https://drive.google.com/file/d/1s-rZIajsct_vcMMABQpwFebhTuon8EGW/view?usp=drivesdk,https://drive.google.com/uc?export=download&id=1s-rZIajsct_vcMMABQpwFebhTuon8EGW,OK,confirmed_or_hard_rule,confirmed,YT-36013,OK
1RoA1vkcsuQhFtubjBp0yFPyeD-Re92DP,YT-3609,YT3609,YATO,Czesci_zamienne_YT-3609.pdf,Czesci_zamienne_YT-3609.pdf,Rysunki wybuchowe,https://drive.google.com/file/d/1RoA1vkcsuQhFtubjBp0yFPyeD-Re92DP/view?usp=drivesdk,https://drive.google.com/uc?export=download&id=1RoA1vkcsuQhFtubjBp0yFPyeD-Re92DP,OK,confirmed_or_hard_rule,confirmed,YT-3609,OK
1ijuSdTe_D9SdlDaeFjJfIMFkDr6Sl5U9,YT-36091,YT36091,YATO,Czesci_zamienne_YT-36091.pdf,Czesci_zamienne_YT-36091.pdf,Rysunki wybuchowe,https://drive.google.com/file/d/1ijuSdTe_D9SdlDaeFjJfIMFkDr6Sl5U9/view?usp=drivesdk,https://drive.google.com/uc?export=download&id=1ijuSdTe_D9SdlDaeFjJfIMFkDr6Sl5U9,OK,confirmed_or_hard_rule,confirmed,YT-36091,OK
1GOb_6vVb8uVdhh02Lmvg8W2ALq6boL38,YT-36092,YT36092,YATO,Czesci_zamienne_YT-36092.pdf,Czesci_zamienne_YT-36092.pdf,Rysunki wybuchowe,https://drive.google.com/file/d/1GOb_6vVb8uVdhh02Lmvg8W2ALq6boL38/view?usp=drivesdk,https://drive.google.com/uc?export=download&id=1GOb_6vVb8uVdhh02Lmvg8W2ALq6boL38,OK,confirmed_or_hard_rule,confirmed,YT-36092,OK
1Bez3KOF45-I-g6zsKjukQzC4a0DJ96Il,YT-36095,YT36095,YATO,Czesci_zamienne_YT-36095.pdf,Czesci_zamienne_YT-36095.pdf,Rysunki wybuchowe,https://drive.google.com/file/d/1Bez3KOF45-I-g6zsKjukQzC4a0DJ96Il/view?usp=drivesdk,https://drive.google.com/uc?export=download&id=1Bez3KOF45-I-g6zsKjukQzC4a0DJ96Il,OK,confirmed_or_hard_rule,confirmed,YT-36095,OK
1JuoWkUM1XOqZY6FRLz1E9l4_Gnx_YUSM,YT-3610,YT3610,YATO,Czesci_zamienne_YT-3610.pdf,Czesci_zamienne_YT-3610.pdf,Rysunki wybuchowe,https://drive.google.com/file/d/1JuoWkUM1XOqZY6FRLz1E9l4_Gnx_YUSM/view?usp=drivesdk,https://drive.google.com/uc?export=download&id=1JuoWkUM1XOqZY6FRLz1E9l4_Gnx_YUSM,OK,confirmed_or_hard_rule,confirmed,YT-3610,OK
1bOkYkQ_DQOuGgvO8gsz0xwbajg63ZzAO,YT-36112,YT36112,YATO,Czesci_zamienne_YT-36112.pdf,Czesci_zamienne_YT-36112.pdf,Rysunki wybuchowe,https://drive.google.com/file/d/1bOkYkQ_DQOuGgvO8gsz0xwbajg63ZzAO/view?usp=drivesdk,https://drive.google.com/uc?export=download&id=1bOkYkQ_DQOuGgvO8gsz0xwbajg63ZzAO,OK,confirmed_or_hard_rule,confirmed,YT-36112,OK
1MG7jmpRi6sVtUUW5njGJaiaMYaCqFvfM,YT-36119,YT36119,YATO,Czesci_zamienne_YT-36119.pdf,Czesci_zamienne_YT-36119.pdf,Rysunki wybuchowe,https://drive.google.com/file/d/1MG7jmpRi6sVtUUW5njGJaiaMYaCqFvfM/view?usp=drivesdk,https://drive.google.com/uc?export=download&id=1MG7jmpRi6sVtUUW5njGJaiaMYaCqFvfM,OK,confirmed_or_hard_rule,confirmed,YT-36119,OK
1iH0gEqtppXaYDcqOMBferRNPksm5Bp42,YT-3612,YT3612,YATO,Czesci_zamienne_YT-3612.pdf,Czesci_zamienne_YT-3612.pdf,Rysunki wybuchowe,https://drive.google.com/file/d/1iH0gEqtppXaYDcqOMBferRNPksm5Bp42/view?usp=drivesdk,https://drive.google.com/uc?export=download&id=1iH0gEqtppXaYDcqOMBferRNPksm5Bp42,OK,confirmed_or_hard_rule,confirmed,YT-3612,OK
1XAiqRjZ0Tr8Zv6nwYsWcsDZ_iRB1XnVJ,YT-36125,YT36125,YATO,Czesci_zamienne_YT-36125.pdf,Czesci_zamienne_YT-36125.pdf,Rysunki wybuchowe,https://drive.google.com/file/d/1XAiqRjZ0Tr8Zv6nwYsWcsDZ_iRB1XnVJ/view?usp=drivesdk,https://drive.google.com/uc?export=download&id=1XAiqRjZ0Tr8Zv6nwYsWcsDZ_iRB1XnVJ,OK,confirmed_or_hard_rule,confirmed,YT-36125,OK
1l0mWXckuCDxdUEj764kOBijVjO7zE4C_,YT-36127,YT36127,YATO,Czesci_zamienne_YT-36127.pdf,Czesci_zamienne_YT-36127.pdf,Rysunki wybuchowe,https://drive.google.com/file/d/1l0mWXckuCDxdUEj764kOBijVjO7zE4C_/view?usp=drivesdk,https://drive.google.com/uc?export=download&id=1l0mWXckuCDxdUEj764kOBijVjO7zE4C_,OK,confirmed_or_hard_rule,confirmed,YT-36127,OK
1Hmp7e-eHMe2jk30zSHINVCv6b1CPjxqM,YT-36150,YT36150,YATO,Czesci_zamienne_YT-36150.pdf,Czesci_zamienne_YT-36150.pdf,Rysunki wybuchowe,https://drive.google.com/file/d/1Hmp7e-eHMe2jk30zSHINVCv6b1CPjxqM/view?usp=drivesdk,https://drive.google.com/uc?export=download&id=1Hmp7e-eHMe2jk30zSHINVCv6b1CPjxqM,OK,confirmed_or_hard_rule,confirmed,YT-36150,OK
1tEauMAIpxxlAbEK5fEeJ7Zh9wh2ZjsNm,YT-36171,YT36171,YATO,Czesci_zamienne_YT-36171.pdf,Czesci_zamienne_YT-36171.pdf,Rysunki wybuchowe,https://drive.google.com/file/d/1tEauMAIpxxlAbEK5fEeJ7Zh9wh2ZjsNm/view?usp=drivesdk,https://drive.google.com/uc?export=download&id=1tEauMAIpxxlAbEK5fEeJ7Zh9wh2ZjsNm,OK,confirmed_or_hard_rule,confirmed,YT-36171,OK
1lD08oIZvsxK0NlkjKTPKvNKw-WlBSIUa,YT-36177,YT36177,YATO,Czesci_zamienne_YT-36177.pdf,Czesci_zamienne_YT-36177.pdf,Rysunki wybuchowe,https://drive.google.com/file/d/1lD08oIZvsxK0NlkjKTPKvNKw-WlBSIUa/view?usp=drivesdk,https://drive.google.com/uc?export=download&id=1lD08oIZvsxK0NlkjKTPKvNKw-WlBSIUa,OK,confirmed_or_hard_rule,confirmed,YT-36177,OK
1XipPQprDRhn8_2JJ6LUNHJxqaeMThkJ5,YT-3618,YT3618,YATO,Czesci_zamienne_YT-3618.pdf,Czesci_zamienne_YT-3618.pdf,Rysunki wybuchowe,https://drive.google.com/file/d/1XipPQprDRhn8_2JJ6LUNHJxqaeMThkJ5/view?usp=drivesdk,https://drive.google.com/uc?export=download&id=1XipPQprDRhn8_2JJ6LUNHJxqaeMThkJ5,DUPLICATE_MODEL,confirmed_or_hard_rule,confirmed,YT-3618,OK
1qj2j2AO9cn_uO6R_dQnYlff_19bz-5e1,YT-3618,YT3618,YATO,YT-3618.pdf,YT-3618.pdf,Rysunki wybuchowe,https://drive.google.com/file/d/1qj2j2AO9cn_uO6R_dQnYlff_19bz-5e1/view?usp=drivesdk,https://drive.google.com/uc?export=download&id=1qj2j2AO9cn_uO6R_dQnYlff_19bz-5e1,OK,confirmed_or_hard_rule,confirmed,YT-3618,OK
1G_a9ufJQJ2JwzQUG0lOfhtU7L3TOHdNO,YT-372160,YT372160,YATO,Czesci_zamienne_YT-372160.pdf,Czesci_zamienne_YT-372160.pdf,Rysunki wybuchowe,https://drive.google.com/file/d/1G_a9ufJQJ2JwzQUG0lOfhtU7L3TOHdNO/view?usp=drivesdk,https://drive.google.com/uc?export=download&id=1G_a9ufJQJ2JwzQUG0lOfhtU7L3TOHdNO,OK,confirmed_or_hard_rule,confirmed,YT-372160,OK
1DGZMfmSlIfrExUydW1CI_EGRe0YBaHIb,YT-372161,YT372161,YATO,Czesci_zamienne_YT-372161.pdf,Czesci_zamienne_YT-372161.pdf,Rysunki wybuchowe,https://drive.google.com/file/d/1DGZMfmSlIfrExUydW1CI_EGRe0YBaHIb/view?usp=drivesdk,https://drive.google.com/uc?export=download&id=1DGZMfmSlIfrExUydW1CI_EGRe0YBaHIb,OK,confirmed_or_hard_rule,confirmed,YT-372161,OK
1YDILx8Zz2f9OxfhZrtiKeLSkMyzlwCc7,YT-372163,YT372163,YATO,Czesci_zamienne_YT-372163.pdf,Czesci_zamienne_YT-372163.pdf,Rysunki wybuchowe,https://drive.google.com/file/d/1YDILx8Zz2f9OxfhZrtiKeLSkMyzlwCc7/view?usp=drivesdk,https://drive.google.com/uc?export=download&id=1YDILx8Zz2f9OxfhZrtiKeLSkMyzlwCc7,OK,confirmed_or_hard_rule,confirmed,YT-372163,OK
1iIWhr6vFbn855EtpSkLYzL0L4dJ7l6tr,YT-372164,YT372164,YATO,Czesci_zamienne_YT-372164.pdf,Czesci_zamienne_YT-372164.pdf,Rysunki wybuchowe,https://drive.google.com/file/d/1iIWhr6vFbn855EtpSkLYzL0L4dJ7l6tr/view?usp=drivesdk,https://drive.google.com/uc?export=download&id=1iIWhr6vFbn855EtpSkLYzL0L4dJ7l6tr,OK,confirmed_or_hard_rule,confirmed,YT-372164,OK
1zsuUEzVYRX-yOWWq5qEY1qkyQ4PUf0kh,YT-372165,YT372165,YATO,Czesci_zamienne_YT-372165.pdf,Czesci_zamienne_YT-372165.pdf,Rysunki wybuchowe,https://drive.google.com/file/d/1zsuUEzVYRX-yOWWq5qEY1qkyQ4PUf0kh/view?usp=drivesdk,https://drive.google.com/uc?export=download&id=1zsuUEzVYRX-yOWWq5qEY1qkyQ4PUf0kh,OK,confirmed_or_hard_rule,confirmed,YT-372165,OK
1FZZuDMWh1xsrrUVXD7aWt9YrHuPsskIN,YT-372166,YT372166,YATO,Czesci_zamienne_YT-372166.pdf,Czesci_zamienne_YT-372166.pdf,Rysunki wybuchowe,https://drive.google.com/file/d/1FZZuDMWh1xsrrUVXD7aWt9YrHuPsskIN/view?usp=drivesdk,https://drive.google.com/uc?export=download&id=1FZZuDMWh1xsrrUVXD7aWt9YrHuPsskIN,OK,confirmed_or_hard_rule,confirmed,YT-372166,OK
1NGDzvNow8rwOfhW6jRkCoMfxJZs7oEc_,YT-372167,YT372167,YATO,Czesci_zamienne_YT-372167.pdf,Czesci_zamienne_YT-372167.pdf,Rysunki wybuchowe,https://drive.google.com/file/d/1NGDzvNow8rwOfhW6jRkCoMfxJZs7oEc_/view?usp=drivesdk,https://drive.google.com/uc?export=download&id=1NGDzvNow8rwOfhW6jRkCoMfxJZs7oEc_,OK,confirmed_or_hard_rule,confirmed,YT-372167,OK
1wfh0aoXrdzFE7kDOh-bZAEmxp6xPzbP9,YT-372171,YT372171,YATO,Czesci_zamienne_YT-372171.pdf,Czesci_zamienne_YT-372171.pdf,Rysunki wybuchowe,https://drive.google.com/file/d/1wfh0aoXrdzFE7kDOh-bZAEmxp6xPzbP9/view?usp=drivesdk,https://drive.google.com/uc?export=download&id=1wfh0aoXrdzFE7kDOh-bZAEmxp6xPzbP9,OK,confirmed_or_hard_rule,confirmed,YT-372171,OK
1UugN57sTp6-H0hy6Y1QqEdaognR67VFI,YT-372180,YT372180,YATO,Czesci_zamienne_YT-372180.pdf,Czesci_zamienne_YT-372180.pdf,Rysunki wybuchowe,https://drive.google.com/file/d/1UugN57sTp6-H0hy6Y1QqEdaognR67VFI/view?usp=drivesdk,https://drive.google.com/uc?export=download&id=1UugN57sTp6-H0hy6Y1QqEdaognR67VFI,OK,confirmed_or_hard_rule,confirmed,YT-372180,OK
1ENPDqoPGgAaA_vPrDB4G1agLUBNpBycA,YT-55556,YT55556,YATO,Czesci_zamienne_YT-55556.pdf,Czesci_zamienne_YT-55556.pdf,Rysunki wybuchowe,https://drive.google.com/file/d/1ENPDqoPGgAaA_vPrDB4G1agLUBNpBycA/view?usp=drivesdk,https://drive.google.com/uc?export=download&id=1ENPDqoPGgAaA_vPrDB4G1agLUBNpBycA,OK,confirmed_or_hard_rule,confirmed,YT-55556,OK
1JqkVmj9yrEkGuwaiUYO6StoF7Prc1-P5,YT-55557,YT55557,YATO,Czesci_zamienne_YT-55557 V2.pdf,Czesci_zamienne_YT-55557 V2.pdf,Rysunki wybuchowe,https://drive.google.com/file/d/1JqkVmj9yrEkGuwaiUYO6StoF7Prc1-P5/view?usp=drivesdk,https://drive.google.com/uc?export=download&id=1JqkVmj9yrEkGuwaiUYO6StoF7Prc1-P5,OK,confirmed_or_hard_rule,confirmed,YT-55557,OK
1ZR2Xvtpe-5Vk5T5e5NGgCC2Wagb83WAR,YT-55581,YT55581,YATO,Czesci_zamienne_YT-55581.pdf,Czesci_zamienne_YT-55581.pdf,Rysunki wybuchowe,https://drive.google.com/file/d/1ZR2Xvtpe-5Vk5T5e5NGgCC2Wagb83WAR/view?usp=drivesdk,https://drive.google.com/uc?export=download&id=1ZR2Xvtpe-5Vk5T5e5NGgCC2Wagb83WAR,OK,confirmed_or_hard_rule,confirmed,YT-55581,OK
111lTwQg0XQjSpLdmDCwuyg4FganO_qHi,YT-55584,YT55584,YATO,Czesci_zamienne_YT-55584.pdf,Czesci_zamienne_YT-55584.pdf,Rysunki wybuchowe,https://drive.google.com/file/d/111lTwQg0XQjSpLdmDCwuyg4FganO_qHi/view?usp=drivesdk,https://drive.google.com/uc?export=download&id=111lTwQg0XQjSpLdmDCwuyg4FganO_qHi,OK,confirmed_or_hard_rule,confirmed,YT-55584,OK
13shZgW09G4JJstYo9qvSDxjq_ZmIvBW6,YT-55585,YT55585,YATO,Czesci_zamienne_YT-55585.pdf,Czesci_zamienne_YT-55585.pdf,Rysunki wybuchowe,https://drive.google.com/file/d/13shZgW09G4JJstYo9qvSDxjq_ZmIvBW6/view?usp=drivesdk,https://drive.google.com/uc?export=download&id=13shZgW09G4JJstYo9qvSDxjq_ZmIvBW6,OK,confirmed_or_hard_rule,confirmed,YT-55585,OK
1s97Rw-qddKIoADQCLSuksqBwfsTXSSFZ,YT-55600,YT55600,YATO,Czesci_zamienne_YT-55600.pdf,Czesci_zamienne_YT-55600.pdf,Rysunki wybuchowe,https://drive.google.com/file/d/1s97Rw-qddKIoADQCLSuksqBwfsTXSSFZ/view?usp=drivesdk,https://drive.google.com/uc?export=download&id=1s97Rw-qddKIoADQCLSuksqBwfsTXSSFZ,OK,confirmed_or_hard_rule,confirmed,YT-55600,OK
1O4DaxGRKJJlv9fL00K59P1X5PObzURiq,YT-55801,YT55801,YATO,Czesci_zamienne_YT-55801.pdf,Czesci_zamienne_YT-55801.pdf,Rysunki wybuchowe,https://drive.google.com/file/d/1O4DaxGRKJJlv9fL00K59P1X5PObzURiq/view?usp=drivesdk,https://drive.google.com/uc?export=download&id=1O4DaxGRKJJlv9fL00K59P1X5PObzURiq,OK,confirmed_or_hard_rule,confirmed,YT-55801,OK
1uLf7_4oewuPtYWll7khWBuEowDhi1hU4,YT-55803,YT55803,YATO,Czesci_zamienne_YT-55803.pdf,Czesci_zamienne_YT-55803.pdf,Rysunki wybuchowe,https://drive.google.com/file/d/1uLf7_4oewuPtYWll7khWBuEowDhi1hU4/view?usp=drivesdk,https://drive.google.com/uc?export=download&id=1uLf7_4oewuPtYWll7khWBuEowDhi1hU4,OK,confirmed_or_hard_rule,confirmed,YT-55803,OK
1mH0aOQBso3KC6Yrhv6diOgrok1u5S8sJ,YT-55808,YT55808,YATO,Czesci_zamienne_YT-55808.pdf,Czesci_zamienne_YT-55808.pdf,Rysunki wybuchowe,https://drive.google.com/file/d/1mH0aOQBso3KC6Yrhv6diOgrok1u5S8sJ/view?usp=drivesdk,https://drive.google.com/uc?export=download&id=1mH0aOQBso3KC6Yrhv6diOgrok1u5S8sJ,OK,confirmed_or_hard_rule,confirmed,YT-55808,OK
1yXhwbPS4jbsiNWV_YbYsAFCTmXec84eC,YT-5901,YT5901,YATO,Czesci_zamienne_YT-5901.pdf,Czesci_zamienne_YT-5901.pdf,Rysunki wybuchowe,https://drive.google.com/file/d/1yXhwbPS4jbsiNWV_YbYsAFCTmXec84eC/view?usp=drivesdk,https://drive.google.com/uc?export=download&id=1yXhwbPS4jbsiNWV_YbYsAFCTmXec84eC,OK,confirmed_or_hard_rule,confirmed,YT-5901,OK
1X4pB2b3NnZ_P-lsrcs1wzTTagkgaOAUE,YT-5902,YT5902,YATO,Czesci_zamienne_YT-5902.pdf,Czesci_zamienne_YT-5902.pdf,Rysunki wybuchowe,https://drive.google.com/file/d/1X4pB2b3NnZ_P-lsrcs1wzTTagkgaOAUE/view?usp=drivesdk,https://drive.google.com/uc?export=download&id=1X4pB2b3NnZ_P-lsrcs1wzTTagkgaOAUE,OK,confirmed_or_hard_rule,confirmed,YT-5902,OK
106J5G28QvoVmI2279ZFsN-p7HmcZjzT4,YT-5904,YT5904,YATO,Czesci_zamienne_YT-5904.pdf,Czesci_zamienne_YT-5904.pdf,Rysunki wybuchowe,https://drive.google.com/file/d/106J5G28QvoVmI2279ZFsN-p7HmcZjzT4/view?usp=drivesdk,https://drive.google.com/uc?export=download&id=106J5G28QvoVmI2279ZFsN-p7HmcZjzT4,OK,confirmed_or_hard_rule,confirmed,YT-5904,OK
1zyrSpfG8vfiXQvQ8IViVw_S4Qmw1C6F7,YT-5905,YT5905,YATO,Czesci_zamienne_YT-5905.pdf,Czesci_zamienne_YT-5905.pdf,Rysunki wybuchowe,https://drive.google.com/file/d/1zyrSpfG8vfiXQvQ8IViVw_S4Qmw1C6F7/view?usp=drivesdk,https://drive.google.com/uc?export=download&id=1zyrSpfG8vfiXQvQ8IViVw_S4Qmw1C6F7,OK,confirmed_or_hard_rule,confirmed,YT-5905,OK
1rKwJdEAwsMc7QYGkI5mh6k07r5TG5YVv,YT-72920,YT72920,YATO,Czesci_zamienne_YT-72920.pdf,Czesci_zamienne_YT-72920.pdf,Rysunki wybuchowe,https://drive.google.com/file/d/1rKwJdEAwsMc7QYGkI5mh6k07r5TG5YVv/view?usp=drivesdk,https://drive.google.com/uc?export=download&id=1rKwJdEAwsMc7QYGkI5mh6k07r5TG5YVv,OK,confirmed_or_hard_rule,confirmed,YT-72920,OK
1-H3jJ850ScKgsil-kKF2sose5lMu_oGP,YT-7302,YT7302,YATO,Czesci_zamienne_YT-7302.pdf,Czesci_zamienne_YT-7302.pdf,Rysunki wybuchowe,https://drive.google.com/file/d/1-H3jJ850ScKgsil-kKF2sose5lMu_oGP/view?usp=drivesdk,https://drive.google.com/uc?export=download&id=1-H3jJ850ScKgsil-kKF2sose5lMu_oGP,OK,confirmed_or_hard_rule,confirmed,YT-7302,OK
1L-TcqkzAKsP-8FJ_vR7BolI8L7aoBUZm,YT-73030,YT73030,YATO,Czesci_zamienne_YT-73030.pdf,Czesci_zamienne_YT-73030.pdf,Rysunki wybuchowe,https://drive.google.com/file/d/1L-TcqkzAKsP-8FJ_vR7BolI8L7aoBUZm/view?usp=drivesdk,https://drive.google.com/uc?export=download&id=1L-TcqkzAKsP-8FJ_vR7BolI8L7aoBUZm,OK,confirmed_or_hard_rule,confirmed,YT-73030,OK
1KJQ7CxOvlHTGrmaE5DnSj8lb44EW4X2n,YT-73462,YT73462,YATO,Czesci_zamienne_YT-73462.pdf,Czesci_zamienne_YT-73462.pdf,Rysunki wybuchowe,https://drive.google.com/file/d/1KJQ7CxOvlHTGrmaE5DnSj8lb44EW4X2n/view?usp=drivesdk,https://drive.google.com/uc?export=download&id=1KJQ7CxOvlHTGrmaE5DnSj8lb44EW4X2n,OK,confirmed_or_hard_rule,confirmed,YT-73462,OK
1GkrNeuZwRHKAHrTrqbai9Rlw3J50mY3W,YT-79950,YT79950,YATO,Czesci_zamienne_YT-79950.pdf,Czesci_zamienne_YT-79950.pdf,Rysunki wybuchowe,https://drive.google.com/file/d/1GkrNeuZwRHKAHrTrqbai9Rlw3J50mY3W/view?usp=drivesdk,https://drive.google.com/uc?export=download&id=1GkrNeuZwRHKAHrTrqbai9Rlw3J50mY3W,OK,confirmed_or_hard_rule,confirmed,YT-79950,OK
1Pbs4PEAu5pnm-UtrWwcn7Di0JmdvU6Y3,YT-79951,YT79951,YATO,Czesci_zamienne_YT-79951.pdf,Czesci_zamienne_YT-79951.pdf,Rysunki wybuchowe,https://drive.google.com/file/d/1Pbs4PEAu5pnm-UtrWwcn7Di0JmdvU6Y3/view?usp=drivesdk,https://drive.google.com/uc?export=download&id=1Pbs4PEAu5pnm-UtrWwcn7Di0JmdvU6Y3,OK,confirmed_or_hard_rule,confirmed,YT-79951,OK
1b_rq3w4GCqZnSbWrNJ8sK4GeA6CFc17d,YT-79955,YT79955,YATO,Czesci_zamienne_YT-79955.pdf,Czesci_zamienne_YT-79955.pdf,Rysunki wybuchowe,https://drive.google.com/file/d/1b_rq3w4GCqZnSbWrNJ8sK4GeA6CFc17d/view?usp=drivesdk,https://drive.google.com/uc?export=download&id=1b_rq3w4GCqZnSbWrNJ8sK4GeA6CFc17d,OK,confirmed_or_hard_rule,confirmed,YT-79955,OK
1qsxJUcbaQ9ds4_NWjQgkZGtiPFkrdtd_,YT-81355,YT81355,YATO,Czesci_zamienne_YT-81355.pdf,Czesci_zamienne_YT-81355.pdf,Rysunki wybuchowe,https://drive.google.com/file/d/1qsxJUcbaQ9ds4_NWjQgkZGtiPFkrdtd_/view?usp=drivesdk,https://drive.google.com/uc?export=download&id=1qsxJUcbaQ9ds4_NWjQgkZGtiPFkrdtd_,OK,confirmed_or_hard_rule,confirmed,YT-81355,OK
1KGTjH26prZhTsGuD6_r5uJJnMot4kp9H,YT-81357,YT81357,YATO,Czesci_zamienne_YT-81357.pdf,Czesci_zamienne_YT-81357.pdf,Rysunki wybuchowe,https://drive.google.com/file/d/1KGTjH26prZhTsGuD6_r5uJJnMot4kp9H/view?usp=drivesdk,https://drive.google.com/uc?export=download&id=1KGTjH26prZhTsGuD6_r5uJJnMot4kp9H,OK,confirmed_or_hard_rule,confirmed,YT-81357,OK
1UatneiLSnGLIcAzaqJrL80ifZj8eHTdy,YT-81358,YT81358,YATO,Czesci_zamienne_YT-81358.pdf,Czesci_zamienne_YT-81358.pdf,Rysunki wybuchowe,https://drive.google.com/file/d/1UatneiLSnGLIcAzaqJrL80ifZj8eHTdy/view?usp=drivesdk,https://drive.google.com/uc?export=download&id=1UatneiLSnGLIcAzaqJrL80ifZj8eHTdy,OK,confirmed_or_hard_rule,confirmed,YT-81358,OK
1uuB3mJIYTDWn9Ns8ayoHn9RwR0JBTQzo,YT-81953,YT81953,YATO,Czesci_zamienne_YT-81953.pdf,Czesci_zamienne_YT-81953.pdf,Rysunki wybuchowe,https://drive.google.com/file/d/1uuB3mJIYTDWn9Ns8ayoHn9RwR0JBTQzo/view?usp=drivesdk,https://drive.google.com/uc?export=download&id=1uuB3mJIYTDWn9Ns8ayoHn9RwR0JBTQzo,OK,confirmed_or_hard_rule,confirmed,YT-81953,OK
1dz783OseTKkVZG10MNhyi8QeOA_TmibI,YT-81956,YT81956,YATO,Czesci_zamienne_YT-81956.pdf,Czesci_zamienne_YT-81956.pdf,Rysunki wybuchowe,https://drive.google.com/file/d/1dz783OseTKkVZG10MNhyi8QeOA_TmibI/view?usp=drivesdk,https://drive.google.com/uc?export=download&id=1dz783OseTKkVZG10MNhyi8QeOA_TmibI,OK,confirmed_or_hard_rule,confirmed,YT-81956,OK
1VVdPzdybrMj_1DCSZmTJDWd1PlxY3bn7,YT-81980,YT81980,YATO,Czesci_zamienne_YT-81980.pdf,Czesci_zamienne_YT-81980.pdf,Rysunki wybuchowe,https://drive.google.com/file/d/1VVdPzdybrMj_1DCSZmTJDWd1PlxY3bn7/view?usp=drivesdk,https://drive.google.com/uc?export=download&id=1VVdPzdybrMj_1DCSZmTJDWd1PlxY3bn7,OK,confirmed_or_hard_rule,confirmed,YT-81980,OK
1ViHYB4ICy3Z6PX2OK2ucs9ExUZKk5yfr,YT-81983,YT81983,YATO,Czesci_zamienne_YT-81983.pdf,Czesci_zamienne_YT-81983.pdf,Rysunki wybuchowe,https://drive.google.com/file/d/1ViHYB4ICy3Z6PX2OK2ucs9ExUZKk5yfr/view?usp=drivesdk,https://drive.google.com/uc?export=download&id=1ViHYB4ICy3Z6PX2OK2ucs9ExUZKk5yfr,OK,confirmed_or_hard_rule,confirmed,YT-81983,OK
1PCJr7oqnSn97E4khSM4PKTdzvbGKb8XE,YT-82001,YT82001,YATO,Czesci_zamienne_YT-82001.pdf,Czesci_zamienne_YT-82001.pdf,Rysunki wybuchowe,https://drive.google.com/file/d/1PCJr7oqnSn97E4khSM4PKTdzvbGKb8XE/view?usp=drivesdk,https://drive.google.com/uc?export=download&id=1PCJr7oqnSn97E4khSM4PKTdzvbGKb8XE,OK,confirmed_or_hard_rule,confirmed,YT-82001,OK
1bOhCY0UKKPZmmG2YHmkbwPijiZIsNO2-,YT-82002,YT82002,YATO,Czesci_zamienne_YT-82002.pdf,Czesci_zamienne_YT-82002.pdf,Rysunki wybuchowe,https://drive.google.com/file/d/1bOhCY0UKKPZmmG2YHmkbwPijiZIsNO2-/view?usp=drivesdk,https://drive.google.com/uc?export=download&id=1bOhCY0UKKPZmmG2YHmkbwPijiZIsNO2-,OK,confirmed_or_hard_rule,confirmed,YT-82002,OK
1sg7wd4jaFT7nLYyBrJs5xwgeObJjEzcl,YT-82003,YT82003,YATO,Czesci_zamienne_YT-82003.pdf,Czesci_zamienne_YT-82003.pdf,Rysunki wybuchowe,https://drive.google.com/file/d/1sg7wd4jaFT7nLYyBrJs5xwgeObJjEzcl/view?usp=drivesdk,https://drive.google.com/uc?export=download&id=1sg7wd4jaFT7nLYyBrJs5xwgeObJjEzcl,OK,confirmed_or_hard_rule,confirmed,YT-82003,OK
1m56493qyPTr8tJ7W5-wIw1a0hPtuRl-4,YT-82004,YT82004,YATO,Czesci_zamienne_YT-82004.pdf,Czesci_zamienne_YT-82004.pdf,Rysunki wybuchowe,https://drive.google.com/file/d/1m56493qyPTr8tJ7W5-wIw1a0hPtuRl-4/view?usp=drivesdk,https://drive.google.com/uc?export=download&id=1m56493qyPTr8tJ7W5-wIw1a0hPtuRl-4,OK,confirmed_or_hard_rule,confirmed,YT-82004,OK
1o-e3vT6YpronD6RKmLpEb3k6t3HDAsdg,YT-82005,YT82005,YATO,Czesci_zamienne_YT-82005.pdf,Czesci_zamienne_YT-82005.pdf,Rysunki wybuchowe,https://drive.google.com/file/d/1o-e3vT6YpronD6RKmLpEb3k6t3HDAsdg/view?usp=drivesdk,https://drive.google.com/uc?export=download&id=1o-e3vT6YpronD6RKmLpEb3k6t3HDAsdg,OK,confirmed_or_hard_rule,confirmed,YT-82005,OK
14Bj8jFU0b3rBl6RgSWqpZrHOMLe1AQ_u,YT-82007,YT82007,YATO,Czesci_zamienne_YT-82007.pdf,Czesci_zamienne_YT-82007.pdf,Rysunki wybuchowe,https://drive.google.com/file/d/14Bj8jFU0b3rBl6RgSWqpZrHOMLe1AQ_u/view?usp=drivesdk,https://drive.google.com/uc?export=download&id=14Bj8jFU0b3rBl6RgSWqpZrHOMLe1AQ_u,OK,confirmed_or_hard_rule,confirmed,YT-82007,OK
1CcNmyyKYuvnOGhWxPCi6AdDLS7oaVKqs,YT-82015,YT82015,YATO,Czesci_zamienne_YT-82015.pdf,Czesci_zamienne_YT-82015.pdf,Rysunki wybuchowe,https://drive.google.com/file/d/1CcNmyyKYuvnOGhWxPCi6AdDLS7oaVKqs/view?usp=drivesdk,https://drive.google.com/uc?export=download&id=1CcNmyyKYuvnOGhWxPCi6AdDLS7oaVKqs,OK,confirmed_or_hard_rule,confirmed,YT-82015,OK
1jb68MhHArkQlHAKb_HLVggIjp45cvk_i,YT-82016,YT82016,YATO,Czesci_zamienne_YT-82016.pdf,Czesci_zamienne_YT-82016.pdf,Rysunki wybuchowe,https://drive.google.com/file/d/1jb68MhHArkQlHAKb_HLVggIjp45cvk_i/view?usp=drivesdk,https://drive.google.com/uc?export=download&id=1jb68MhHArkQlHAKb_HLVggIjp45cvk_i,OK,confirmed_or_hard_rule,confirmed,YT-82016,OK
10OdfxryxU6l5X9i470HBdL4zZd0i-nvo,YT-82020,YT82020,YATO,Czesci_zamienne_YT-82020.pdf,Czesci_zamienne_YT-82020.pdf,Rysunki wybuchowe,https://drive.google.com/file/d/10OdfxryxU6l5X9i470HBdL4zZd0i-nvo/view?usp=drivesdk,https://drive.google.com/uc?export=download&id=10OdfxryxU6l5X9i470HBdL4zZd0i-nvo,OK,confirmed_or_hard_rule,confirmed,YT-82020,OK
1l7Yz2-SNoUcfZ4XTEMvJ2Kbt0FWnOr9X,YT-82021,YT82021,YATO,Czesci_zamienne_YT-82021.pdf,Czesci_zamienne_YT-82021.pdf,Rysunki wybuchowe,https://drive.google.com/file/d/1l7Yz2-SNoUcfZ4XTEMvJ2Kbt0FWnOr9X/view?usp=drivesdk,https://drive.google.com/uc?export=download&id=1l7Yz2-SNoUcfZ4XTEMvJ2Kbt0FWnOr9X,OK,confirmed_or_hard_rule,confirmed,YT-82021,OK
1E23mz5vq_pPq9w3NNAlhUYeuQLM8fAdQ,YT-82025,YT82025,YATO,Czesci_zamienne_YT-82025.pdf,Czesci_zamienne_YT-82025.pdf,Rysunki wybuchowe,https://drive.google.com/file/d/1E23mz5vq_pPq9w3NNAlhUYeuQLM8fAdQ/view?usp=drivesdk,https://drive.google.com/uc?export=download&id=1E23mz5vq_pPq9w3NNAlhUYeuQLM8fAdQ,OK,confirmed_or_hard_rule,confirmed,YT-82025,OK
1Tk26NmtcMsp3Vovu6wl1EFn6j600w1o2,YT-82034,YT82034,YATO,Czesci_zamienne_YT-82034.pdf,Czesci_zamienne_YT-82034.pdf,Rysunki wybuchowe,https://drive.google.com/file/d/1Tk26NmtcMsp3Vovu6wl1EFn6j600w1o2/view?usp=drivesdk,https://drive.google.com/uc?export=download&id=1Tk26NmtcMsp3Vovu6wl1EFn6j600w1o2,OK,confirmed_or_hard_rule,confirmed,YT-82034,OK
1ol9g3KDpO5g3Y2zTOh4DsWSwZUVTa57i,YT-82035,YT82035,YATO,Czesci_zamienne_YT-82035.pdf,Czesci_zamienne_YT-82035.pdf,Rysunki wybuchowe,https://drive.google.com/file/d/1ol9g3KDpO5g3Y2zTOh4DsWSwZUVTa57i/view?usp=drivesdk,https://drive.google.com/uc?export=download&id=1ol9g3KDpO5g3Y2zTOh4DsWSwZUVTa57i,OK,confirmed_or_hard_rule,confirmed,YT-82035,OK
1SUQW2DjhaeQujneriMdtuw4NCl-Yi0az,YT-82036,YT82036,YATO,Czesci_zamienne_YT-82036.pdf,Czesci_zamienne_YT-82036.pdf,Rysunki wybuchowe,https://drive.google.com/file/d/1SUQW2DjhaeQujneriMdtuw4NCl-Yi0az/view?usp=drivesdk,https://drive.google.com/uc?export=download&id=1SUQW2DjhaeQujneriMdtuw4NCl-Yi0az,OK,confirmed_or_hard_rule,confirmed,YT-82036,OK
1YnU5z8V9shykps1ZyFCY--AFX58sheLB,YT-82037,YT82037,YATO,Czesci_zamienne_YT-82037.pdf,Czesci_zamienne_YT-82037.pdf,Rysunki wybuchowe,https://drive.google.com/file/d/1YnU5z8V9shykps1ZyFCY--AFX58sheLB/view?usp=drivesdk,https://drive.google.com/uc?export=download&id=1YnU5z8V9shykps1ZyFCY--AFX58sheLB,OK,confirmed_or_hard_rule,confirmed,YT-82037,OK
1V8oL-eOOmcB3YjjFu3_GoMiJvcLXDpVe,YT-82038,YT82038,YATO,Czesci_zamienne_YT-82038.pdf,Czesci_zamienne_YT-82038.pdf,Rysunki wybuchowe,https://drive.google.com/file/d/1V8oL-eOOmcB3YjjFu3_GoMiJvcLXDpVe/view?usp=drivesdk,https://drive.google.com/uc?export=download&id=1V8oL-eOOmcB3YjjFu3_GoMiJvcLXDpVe,OK,confirmed_or_hard_rule,confirmed,YT-82038,OK
1jgUBt_aO4peN81FadedYfmaY4yWMyhWV,YT-82040,YT82040,YATO,Czesci_zamienne_YT-82040.pdf,Czesci_zamienne_YT-82040.pdf,Rysunki wybuchowe,https://drive.google.com/file/d/1jgUBt_aO4peN81FadedYfmaY4yWMyhWV/view?usp=drivesdk,https://drive.google.com/uc?export=download&id=1jgUBt_aO4peN81FadedYfmaY4yWMyhWV,OK,confirmed_or_hard_rule,confirmed,YT-82040,OK
1_iLjHeLiobC9_HYD0izZ7x9x9wOBZAHT,YT-82044,YT82044,YATO,Czesci_zamienne_YT-82044.pdf,Czesci_zamienne_YT-82044.pdf,Rysunki wybuchowe,https://drive.google.com/file/d/1_iLjHeLiobC9_HYD0izZ7x9x9wOBZAHT/view?usp=drivesdk,https://drive.google.com/uc?export=download&id=1_iLjHeLiobC9_HYD0izZ7x9x9wOBZAHT,OK,confirmed_or_hard_rule,confirmed,YT-82044,OK
1YXa9cigKBMcxCh-5WOg5QwwqdusuM6Og,YT-82045,YT82045,YATO,Czesci_zamienne_YT-82045.pdf,Czesci_zamienne_YT-82045.pdf,Rysunki wybuchowe,https://drive.google.com/file/d/1YXa9cigKBMcxCh-5WOg5QwwqdusuM6Og/view?usp=drivesdk,https://drive.google.com/uc?export=download&id=1YXa9cigKBMcxCh-5WOg5QwwqdusuM6Og,OK,confirmed_or_hard_rule,confirmed,YT-82045,OK
12goZEAKOok8Ma83iJYDLLE6DfMqLq7wg,YT-82048,YT82048,YATO,Czesci_zamienne_YT-82048.pdf,Czesci_zamienne_YT-82048.pdf,Rysunki wybuchowe,https://drive.google.com/file/d/12goZEAKOok8Ma83iJYDLLE6DfMqLq7wg/view?usp=drivesdk,https://drive.google.com/uc?export=download&id=12goZEAKOok8Ma83iJYDLLE6DfMqLq7wg,OK,confirmed_or_hard_rule,confirmed,YT-82048,OK
11J4CNONmH8eOHDunJnZFWMxJKLHkGLgQ,YT-82050,YT82050,YATO,Czesci_zamienne_YT-82050.pdf,Czesci_zamienne_YT-82050.pdf,Rysunki wybuchowe,https://drive.google.com/file/d/11J4CNONmH8eOHDunJnZFWMxJKLHkGLgQ/view?usp=drivesdk,https://drive.google.com/uc?export=download&id=11J4CNONmH8eOHDunJnZFWMxJKLHkGLgQ,OK,confirmed_or_hard_rule,confirmed,YT-82050,OK
1csvhiHLQjFu7cqVzTdbjEAWKD_1z3U91,YT-820500,YT820500,YATO,Czesci_zamienne_YT-820500.pdf,Czesci_zamienne_YT-820500.pdf,Rysunki wybuchowe,https://drive.google.com/file/d/1csvhiHLQjFu7cqVzTdbjEAWKD_1z3U91/view?usp=drivesdk,https://drive.google.com/uc?export=download&id=1csvhiHLQjFu7cqVzTdbjEAWKD_1z3U91,OK,confirmed_or_hard_rule,confirmed,YT-820500,OK
1eWEvtmeOXQRpd_N9TGLOSwfleKM03oLb,YT-820501,YT820501,YATO,Czesci_zamienne_YT-820501.pdf,Czesci_zamienne_YT-820501.pdf,Rysunki wybuchowe,https://drive.google.com/file/d/1eWEvtmeOXQRpd_N9TGLOSwfleKM03oLb/view?usp=drivesdk,https://drive.google.com/uc?export=download&id=1eWEvtmeOXQRpd_N9TGLOSwfleKM03oLb,OK,confirmed_or_hard_rule,confirmed,YT-820501,OK
1IGIOghTq77PN0wMF56Z2Ah251Hm6uSmG,YT-820502,YT820502,YATO,Czesci_zamienne_YT-820502.pdf,Czesci_zamienne_YT-820502.pdf,Rysunki wybuchowe,https://drive.google.com/file/d/1IGIOghTq77PN0wMF56Z2Ah251Hm6uSmG/view?usp=drivesdk,https://drive.google.com/uc?export=download&id=1IGIOghTq77PN0wMF56Z2Ah251Hm6uSmG,OK,confirmed_or_hard_rule,confirmed,YT-820502,OK
1eKEkG8xLOTK4OT2fwnk_hbECnlj4Mgju,YT-820507,YT820507,YATO,Czesci_zamienne_YT-820507.pdf,Czesci_zamienne_YT-820507.pdf,Rysunki wybuchowe,https://drive.google.com/file/d/1eKEkG8xLOTK4OT2fwnk_hbECnlj4Mgju/view?usp=drivesdk,https://drive.google.com/uc?export=download&id=1eKEkG8xLOTK4OT2fwnk_hbECnlj4Mgju,OK,confirmed_or_hard_rule,confirmed,YT-820507,OK
1eF6B1t43GIspMrTE5Ghlj4dE3vb6mi5J,YT-82051,YT82051,YATO,Czesci_zamienne_YT-82051.pdf,Czesci_zamienne_YT-82051.pdf,Rysunki wybuchowe,https://drive.google.com/file/d/1eF6B1t43GIspMrTE5Ghlj4dE3vb6mi5J/view?usp=drivesdk,https://drive.google.com/uc?export=download&id=1eF6B1t43GIspMrTE5Ghlj4dE3vb6mi5J,OK,confirmed_or_hard_rule,confirmed,YT-82051,OK
1lxHpSK9Wk17BmeOeo-qLbxYGSCyEBv_z,YT-82060,YT82060,YATO,Czesci_zamienne_YT-82060.pdf,Czesci_zamienne_YT-82060.pdf,Rysunki wybuchowe,https://drive.google.com/file/d/1lxHpSK9Wk17BmeOeo-qLbxYGSCyEBv_z/view?usp=drivesdk,https://drive.google.com/uc?export=download&id=1lxHpSK9Wk17BmeOeo-qLbxYGSCyEBv_z,OK,confirmed_or_hard_rule,confirmed,YT-82060,OK
1ExFAqEh7PDGJEWoYYDOiKCOv-pEnIKjp,YT-82070,YT82070,YATO,Czesci_zamienne_YT-82070.pdf,Czesci_zamienne_YT-82070.pdf,Rysunki wybuchowe,https://drive.google.com/file/d/1ExFAqEh7PDGJEWoYYDOiKCOv-pEnIKjp/view?usp=drivesdk,https://drive.google.com/uc?export=download&id=1ExFAqEh7PDGJEWoYYDOiKCOv-pEnIKjp,OK,confirmed_or_hard_rule,confirmed,YT-82070,OK
1rmhwQdVzLfYSc717g1V6d3p2rJnB05mn,YT-82075,YT82075,YATO,Czesci_zamienne_YT-82075 YT-82076.pdf,Czesci_zamienne_YT-82075 YT-82076.pdf,Rysunki wybuchowe,https://drive.google.com/file/d/1rmhwQdVzLfYSc717g1V6d3p2rJnB05mn/view?usp=drivesdk,https://drive.google.com/uc?export=download&id=1rmhwQdVzLfYSc717g1V6d3p2rJnB05mn,OK_MULTIMODEL,confirmed_or_hard_rule,confirmed,"YT-82075, YT-82076",OK
1rmhwQdVzLfYSc717g1V6d3p2rJnB05mn,YT-82076,YT82076,YATO,Czesci_zamienne_YT-82075 YT-82076.pdf,Czesci_zamienne_YT-82075 YT-82076.pdf,Rysunki wybuchowe,https://drive.google.com/file/d/1rmhwQdVzLfYSc717g1V6d3p2rJnB05mn/view?usp=drivesdk,https://drive.google.com/uc?export=download&id=1rmhwQdVzLfYSc717g1V6d3p2rJnB05mn,ALIAS_MODEL,confirmed_or_hard_rule,confirmed,"YT-82075, YT-82076",OK
1rVoNfNolMrRLmwTrEmTSffzsF1QG2KFx,YT-82077,YT82077,YATO,Czesci_zamienne_YT-82077.pdf,Czesci_zamienne_YT-82077.pdf,Rysunki wybuchowe,https://drive.google.com/file/d/1rVoNfNolMrRLmwTrEmTSffzsF1QG2KFx/view?usp=drivesdk,https://drive.google.com/uc?export=download&id=1rVoNfNolMrRLmwTrEmTSffzsF1QG2KFx,OK,confirmed_or_hard_rule,confirmed,YT-82077,OK
12DCgBHzn4GfVRg6ewJJxtxvOudL7d0Si,YT-82080,YT82080,YATO,Czesci_zamienne_YT-82080.pdf,Czesci_zamienne_YT-82080.pdf,Rysunki wybuchowe,https://drive.google.com/file/d/12DCgBHzn4GfVRg6ewJJxtxvOudL7d0Si/view?usp=drivesdk,https://drive.google.com/uc?export=download&id=12DCgBHzn4GfVRg6ewJJxtxvOudL7d0Si,OK,confirmed_or_hard_rule,confirmed,YT-82080,OK
1GHGtk6NrbckQHPgBg3gfDyryh8jDzZFj,YT-820833,YT820833,YATO,Czesci_zamienne_YT-820833.pdf,Czesci_zamienne_YT-820833.pdf,Rysunki wybuchowe,https://drive.google.com/file/d/1GHGtk6NrbckQHPgBg3gfDyryh8jDzZFj/view?usp=drivesdk,https://drive.google.com/uc?export=download&id=1GHGtk6NrbckQHPgBg3gfDyryh8jDzZFj,OK,confirmed_or_hard_rule,confirmed,YT-820833,OK
17zSm1Dx_XuWo4-kuFQcbAEy2ECYV8cxd,YT-82089,YT82089,YATO,Czesci_zamienne_YT-82089.pdf,Czesci_zamienne_YT-82089.pdf,Rysunki wybuchowe,https://drive.google.com/file/d/17zSm1Dx_XuWo4-kuFQcbAEy2ECYV8cxd/view?usp=drivesdk,https://drive.google.com/uc?export=download&id=17zSm1Dx_XuWo4-kuFQcbAEy2ECYV8cxd,OK,confirmed_or_hard_rule,confirmed,YT-82089,OK
1Y7IK1MAkAbdCM6cmU_gFK-AzZWoSroEm,YT-82094,YT82094,YATO,Czesci_zamienne_YT-82094.pdf,Czesci_zamienne_YT-82094.pdf,Rysunki wybuchowe,https://drive.google.com/file/d/1Y7IK1MAkAbdCM6cmU_gFK-AzZWoSroEm/view?usp=drivesdk,https://drive.google.com/uc?export=download&id=1Y7IK1MAkAbdCM6cmU_gFK-AzZWoSroEm,OK,confirmed_or_hard_rule,confirmed,YT-82094,OK
1xQQMBzU9HdIr4NL5GncRekgjbKNolxyP,YT-82096,YT82096,YATO,Czesci_zamienne_YT-82096.pdf,Czesci_zamienne_YT-82096.pdf,Rysunki wybuchowe,https://drive.google.com/file/d/1xQQMBzU9HdIr4NL5GncRekgjbKNolxyP/view?usp=drivesdk,https://drive.google.com/uc?export=download&id=1xQQMBzU9HdIr4NL5GncRekgjbKNolxyP,OK,confirmed_or_hard_rule,confirmed,YT-82096,OK
17oBDDnb5ZiYJuCWvWqiQaTA6e4zh-p34,YT-82097,YT82097,YATO,Czesci_zamienne_YT-82097.pdf,Czesci_zamienne_YT-82097.pdf,Rysunki wybuchowe,https://drive.google.com/file/d/17oBDDnb5ZiYJuCWvWqiQaTA6e4zh-p34/view?usp=drivesdk,https://drive.google.com/uc?export=download&id=17oBDDnb5ZiYJuCWvWqiQaTA6e4zh-p34,OK,confirmed_or_hard_rule,confirmed,YT-82097,OK
1NgaKdKMrlAe-smQwqzqyI74bv0BZ-rx3,YT-82098,YT82098,YATO,Czesci_zamienne_YT-82098.pdf,Czesci_zamienne_YT-82098.pdf,Rysunki wybuchowe,https://drive.google.com/file/d/1NgaKdKMrlAe-smQwqzqyI74bv0BZ-rx3/view?usp=drivesdk,https://drive.google.com/uc?export=download&id=1NgaKdKMrlAe-smQwqzqyI74bv0BZ-rx3,OK,confirmed_or_hard_rule,confirmed,YT-82098,OK
15JwkoU-FXeSTVMkK748mYQjQ-JqHbazq,YT-82099,YT82099,YATO,Czesci_zamienne_YT-82099.pdf,Czesci_zamienne_YT-82099.pdf,Rysunki wybuchowe,https://drive.google.com/file/d/15JwkoU-FXeSTVMkK748mYQjQ-JqHbazq/view?usp=drivesdk,https://drive.google.com/uc?export=download&id=15JwkoU-FXeSTVMkK748mYQjQ-JqHbazq,OK,confirmed_or_hard_rule,confirmed,YT-82099,OK
1D6MLyTEx9i9MNYpXMejPL6bA0rSmoPo4,YT-82100,YT82100,YATO,Czesci_zamienne_YT-82100.pdf,Czesci_zamienne_YT-82100.pdf,Rysunki wybuchowe,https://drive.google.com/file/d/1D6MLyTEx9i9MNYpXMejPL6bA0rSmoPo4/view?usp=drivesdk,https://drive.google.com/uc?export=download&id=1D6MLyTEx9i9MNYpXMejPL6bA0rSmoPo4,OK,confirmed_or_hard_rule,confirmed,YT-82100,OK
1b5cqlx3QHn7lLhDY8Y8aornTIzoE0_UZ,YT-82101,YT82101,YATO,Czesci_zamienne_YT-82101.pdf,Czesci_zamienne_YT-82101.pdf,Rysunki wybuchowe,https://drive.google.com/file/d/1b5cqlx3QHn7lLhDY8Y8aornTIzoE0_UZ/view?usp=drivesdk,https://drive.google.com/uc?export=download&id=1b5cqlx3QHn7lLhDY8Y8aornTIzoE0_UZ,OK,confirmed_or_hard_rule,confirmed,YT-82101,OK
1_YxjvFBp6Q1RIofvxI-KsKYg9ixUEEvb,YT-821020,YT821020,YATO,Czesci_zamienne_YT-821020.pdf,Czesci_zamienne_YT-821020.pdf,Rysunki wybuchowe,https://drive.google.com/file/d/1_YxjvFBp6Q1RIofvxI-KsKYg9ixUEEvb/view?usp=drivesdk,https://drive.google.com/uc?export=download&id=1_YxjvFBp6Q1RIofvxI-KsKYg9ixUEEvb,OK,confirmed_or_hard_rule,confirmed,YT-821020,OK
1E8_teihy3eBnyd0KOos0_dFHdGfN26Oj,YT-821021,YT821021,YATO,Czesci_zamienne_YT-821021.pdf,Czesci_zamienne_YT-821021.pdf,Rysunki wybuchowe,https://drive.google.com/file/d/1E8_teihy3eBnyd0KOos0_dFHdGfN26Oj/view?usp=drivesdk,https://drive.google.com/uc?export=download&id=1E8_teihy3eBnyd0KOos0_dFHdGfN26Oj,OK,confirmed_or_hard_rule,confirmed,YT-821021,OK
1YHllUWTCzjOjACgdtYrNkUF9C-VlLOpu,YT-821023,YT821023,YATO,Czesci_zamienne_YT-821023.pdf,Czesci_zamienne_YT-821023.pdf,Rysunki wybuchowe,https://drive.google.com/file/d/1YHllUWTCzjOjACgdtYrNkUF9C-VlLOpu/view?usp=drivesdk,https://drive.google.com/uc?export=download&id=1YHllUWTCzjOjACgdtYrNkUF9C-VlLOpu,OK,confirmed_or_hard_rule,confirmed,YT-821023,OK
1qHqeV292-sx3ap6oqMlcWqdvIgN0W89-,YT-821024,YT821024,YATO,Czesci_zamienne_YT-821024.pdf,Czesci_zamienne_YT-821024.pdf,Rysunki wybuchowe,https://drive.google.com/file/d/1qHqeV292-sx3ap6oqMlcWqdvIgN0W89-/view?usp=drivesdk,https://drive.google.com/uc?export=download&id=1qHqeV292-sx3ap6oqMlcWqdvIgN0W89-,OK,confirmed_or_hard_rule,confirmed,YT-821024,OK
1egXj364vtM-f_QmAHMPvvTE76bBUsFT7,YT-82105,YT82105,YATO,Czesci_zamienne_YT-82105.pdf,Czesci_zamienne_YT-82105.pdf,Rysunki wybuchowe,https://drive.google.com/file/d/1egXj364vtM-f_QmAHMPvvTE76bBUsFT7/view?usp=drivesdk,https://drive.google.com/uc?export=download&id=1egXj364vtM-f_QmAHMPvvTE76bBUsFT7,OK,confirmed_or_hard_rule,confirmed,YT-82105,OK
1DvGGTqN-Oci-6Bre3_CK3YeeV6h6lBaJ,YT-82106,YT82106,YATO,Czesci_zamienne_YT-82106.pdf,Czesci_zamienne_YT-82106.pdf,Rysunki wybuchowe,https://drive.google.com/file/d/1DvGGTqN-Oci-6Bre3_CK3YeeV6h6lBaJ/view?usp=drivesdk,https://drive.google.com/uc?export=download&id=1DvGGTqN-Oci-6Bre3_CK3YeeV6h6lBaJ,OK,confirmed_or_hard_rule,confirmed,YT-82106,OK
1NWOwdg_ijIMXY5Avf91lFYkpywsvWQcS,YT-82110,YT82110,YATO,Czesci_zamienne_YT-82110.pdf,Czesci_zamienne_YT-82110.pdf,Rysunki wybuchowe,https://drive.google.com/file/d/1NWOwdg_ijIMXY5Avf91lFYkpywsvWQcS/view?usp=drivesdk,https://drive.google.com/uc?export=download&id=1NWOwdg_ijIMXY5Avf91lFYkpywsvWQcS,OK,confirmed_or_hard_rule,confirmed,YT-82110,OK
1AxSKYzpaQyttpDRWuCPHw156XFlMG0EM,YT-82115,YT82115,YATO,Czesci_zamienne_YT-82115.pdf,Czesci_zamienne_YT-82115.pdf,Rysunki wybuchowe,https://drive.google.com/file/d/1AxSKYzpaQyttpDRWuCPHw156XFlMG0EM/view?usp=drivesdk,https://drive.google.com/uc?export=download&id=1AxSKYzpaQyttpDRWuCPHw156XFlMG0EM,OK,confirmed_or_hard_rule,confirmed,YT-82115,OK
1_u8H1l4l9gMf0nxesFvY1NpVM3txc98n,YT-82116,YT82116,YATO,Czesci_zamienne_YT-82116.pdf,Czesci_zamienne_YT-82116.pdf,Rysunki wybuchowe,https://drive.google.com/file/d/1_u8H1l4l9gMf0nxesFvY1NpVM3txc98n/view?usp=drivesdk,https://drive.google.com/uc?export=download&id=1_u8H1l4l9gMf0nxesFvY1NpVM3txc98n,OK,confirmed_or_hard_rule,confirmed,YT-82116,OK
1Wh0dYxKAqPFMK_vSAdknx3aFrbG0RN-T,YT-82117,YT82117,YATO,Czesci_zamienne_YT-82117.pdf,Czesci_zamienne_YT-82117.pdf,Rysunki wybuchowe,https://drive.google.com/file/d/1Wh0dYxKAqPFMK_vSAdknx3aFrbG0RN-T/view?usp=drivesdk,https://drive.google.com/uc?export=download&id=1Wh0dYxKAqPFMK_vSAdknx3aFrbG0RN-T,OK,confirmed_or_hard_rule,confirmed,YT-82117,OK
1aoTiPplUnN6QkIsAlfH3W6cjcjULdcCT,YT-82118,YT82118,YATO,Czesci_zamienne_YT-82118.pdf,Czesci_zamienne_YT-82118.pdf,Rysunki wybuchowe,https://drive.google.com/file/d/1aoTiPplUnN6QkIsAlfH3W6cjcjULdcCT/view?usp=drivesdk,https://drive.google.com/uc?export=download&id=1aoTiPplUnN6QkIsAlfH3W6cjcjULdcCT,OK,confirmed_or_hard_rule,confirmed,YT-82118,OK
1789SxFIBGAjgEL0lXmfUCKmxBgexds9J,YT-82119,YT82119,YATO,Czesci_zamienne_YT-82119.pdf,Czesci_zamienne_YT-82119.pdf,Rysunki wybuchowe,https://drive.google.com/file/d/1789SxFIBGAjgEL0lXmfUCKmxBgexds9J/view?usp=drivesdk,https://drive.google.com/uc?export=download&id=1789SxFIBGAjgEL0lXmfUCKmxBgexds9J,OK,confirmed_or_hard_rule,confirmed,YT-82119,OK
1W1HZkMSq20Y0CPdDj8tU4quEw9iMDhKY,YT-82120,YT82120,YATO,Czesci_zamienne_YT-82120.pdf,Czesci_zamienne_YT-82120.pdf,Rysunki wybuchowe,https://drive.google.com/file/d/1W1HZkMSq20Y0CPdDj8tU4quEw9iMDhKY/view?usp=drivesdk,https://drive.google.com/uc?export=download&id=1W1HZkMSq20Y0CPdDj8tU4quEw9iMDhKY,OK,confirmed_or_hard_rule,confirmed,YT-82120,OK
1HobRRsWAXAXO2JSCXnhtedg9CwhRJriD,YT-821210,YT821210,YATO,Czesci_zamienne_YT-821210.pdf,Czesci_zamienne_YT-821210.pdf,Rysunki wybuchowe,https://drive.google.com/file/d/1HobRRsWAXAXO2JSCXnhtedg9CwhRJriD/view?usp=drivesdk,https://drive.google.com/uc?export=download&id=1HobRRsWAXAXO2JSCXnhtedg9CwhRJriD,OK,confirmed_or_hard_rule,confirmed,YT-821210,OK
1LVtoCgch5qYVdj6TSaBhMiMw5xa-ARAl,YT-82122,YT82122,YATO,Czesci_zamienne_YT-82122.pdf,Czesci_zamienne_YT-82122.pdf,Rysunki wybuchowe,https://drive.google.com/file/d/1LVtoCgch5qYVdj6TSaBhMiMw5xa-ARAl/view?usp=drivesdk,https://drive.google.com/uc?export=download&id=1LVtoCgch5qYVdj6TSaBhMiMw5xa-ARAl,OK,confirmed_or_hard_rule,confirmed,YT-82122,OK
1ahHAtk-Ss7KWoIDKt0YYrij8oaG8HVMK,YT-82123,YT82123,YATO,Czesci_zamienne_YT-82123.pdf,Czesci_zamienne_YT-82123.pdf,Rysunki wybuchowe,https://drive.google.com/file/d/1ahHAtk-Ss7KWoIDKt0YYrij8oaG8HVMK/view?usp=drivesdk,https://drive.google.com/uc?export=download&id=1ahHAtk-Ss7KWoIDKt0YYrij8oaG8HVMK,OK,confirmed_or_hard_rule,confirmed,YT-82123,OK
1gfybtzRiwtmLe_EzLxW6m6Fl3vuq9Xt8,YT-82125,YT82125,YATO,Czesci_zamienne_YT-82125.pdf,Czesci_zamienne_YT-82125.pdf,Rysunki wybuchowe,https://drive.google.com/file/d/1gfybtzRiwtmLe_EzLxW6m6Fl3vuq9Xt8/view?usp=drivesdk,https://drive.google.com/uc?export=download&id=1gfybtzRiwtmLe_EzLxW6m6Fl3vuq9Xt8,OK,confirmed_or_hard_rule,confirmed,YT-82125,OK
1AwTlMDcIvNN1OrYwrXfNSYJLcf6RW5nF,YT-82126,YT82126,YATO,Czesci_zamienne_YT-82126.pdf,Czesci_zamienne_YT-82126.pdf,Rysunki wybuchowe,https://drive.google.com/file/d/1AwTlMDcIvNN1OrYwrXfNSYJLcf6RW5nF/view?usp=drivesdk,https://drive.google.com/uc?export=download&id=1AwTlMDcIvNN1OrYwrXfNSYJLcf6RW5nF,OK,confirmed_or_hard_rule,confirmed,YT-82126,OK
1n2H8MOnK5q8Tp1mQfxw44xCpnS2nW5Xr,YT-82127,YT82127,YATO,Czesci_zamienne_YT-82127.pdf,Czesci_zamienne_YT-82127.pdf,Rysunki wybuchowe,https://drive.google.com/file/d/1n2H8MOnK5q8Tp1mQfxw44xCpnS2nW5Xr/view?usp=drivesdk,https://drive.google.com/uc?export=download&id=1n2H8MOnK5q8Tp1mQfxw44xCpnS2nW5Xr,OK,confirmed_or_hard_rule,confirmed,YT-82127,OK
1FYrdHmJHLHC-PmHPi3y_2YAxFPkKiR8f,YT-82129,YT82129,YATO,Czesci_zamienne_YT-82129.pdf,Czesci_zamienne_YT-82129.pdf,Rysunki wybuchowe,https://drive.google.com/file/d/1FYrdHmJHLHC-PmHPi3y_2YAxFPkKiR8f/view?usp=drivesdk,https://drive.google.com/uc?export=download&id=1FYrdHmJHLHC-PmHPi3y_2YAxFPkKiR8f,OK,confirmed_or_hard_rule,confirmed,YT-82129,OK
1AyHTr92mLgJHfWaBXLn_ZTMJrLXHNNC0,YT-82130,YT82130,YATO,Czesci_zamienne_YT-82130.pdf,Czesci_zamienne_YT-82130.pdf,Rysunki wybuchowe,https://drive.google.com/file/d/1AyHTr92mLgJHfWaBXLn_ZTMJrLXHNNC0/view?usp=drivesdk,https://drive.google.com/uc?export=download&id=1AyHTr92mLgJHfWaBXLn_ZTMJrLXHNNC0,OK,confirmed_or_hard_rule,confirmed,YT-82130,OK
1A8Bxv9Z7mwYaqXzl9N2YN1AmuGFZJQxD,YT-82131,YT82131,YATO,Czesci_zamienne_YT-82131.pdf,Czesci_zamienne_YT-82131.pdf,Rysunki wybuchowe,https://drive.google.com/file/d/1A8Bxv9Z7mwYaqXzl9N2YN1AmuGFZJQxD/view?usp=drivesdk,https://drive.google.com/uc?export=download&id=1A8Bxv9Z7mwYaqXzl9N2YN1AmuGFZJQxD,OK,confirmed_or_hard_rule,confirmed,YT-82131,OK
1E46FgMR8TDxKRQpHl_wE5Ct7WgL7A0kT,YT-82132,YT82132,YATO,Czesci_zamienne_YT-82132.pdf,Czesci_zamienne_YT-82132.pdf,Rysunki wybuchowe,https://drive.google.com/file/d/1E46FgMR8TDxKRQpHl_wE5Ct7WgL7A0kT/view?usp=drivesdk,https://drive.google.com/uc?export=download&id=1E46FgMR8TDxKRQpHl_wE5Ct7WgL7A0kT,OK,confirmed_or_hard_rule,confirmed,YT-82132,OK
12mwfJM4JbQ6J-eCCHo5597ytFedIWhmL,YT-82133,YT82133,YATO,Czesci_zamienne_YT-82133.pdf,Czesci_zamienne_YT-82133.pdf,Rysunki wybuchowe,https://drive.google.com/file/d/12mwfJM4JbQ6J-eCCHo5597ytFedIWhmL/view?usp=drivesdk,https://drive.google.com/uc?export=download&id=12mwfJM4JbQ6J-eCCHo5597ytFedIWhmL,OK,confirmed_or_hard_rule,confirmed,YT-82133,OK
15UsmnZYzzRlqykLi5DmGkys5DPwaV8q4,YT-82134,YT82134,YATO,Czesci_zamienne_YT-82134.pdf,Czesci_zamienne_YT-82134.pdf,Rysunki wybuchowe,https://drive.google.com/file/d/15UsmnZYzzRlqykLi5DmGkys5DPwaV8q4/view?usp=drivesdk,https://drive.google.com/uc?export=download&id=15UsmnZYzzRlqykLi5DmGkys5DPwaV8q4,OK,confirmed_or_hard_rule,confirmed,YT-82134,OK
1x7i5pEBGG10I2Cps21aE06fydJgoUmdb,YT-82135,YT82135,YATO,Czesci_zamienne_YT-82135.pdf,Czesci_zamienne_YT-82135.pdf,Rysunki wybuchowe,https://drive.google.com/file/d/1x7i5pEBGG10I2Cps21aE06fydJgoUmdb/view?usp=drivesdk,https://drive.google.com/uc?export=download&id=1x7i5pEBGG10I2Cps21aE06fydJgoUmdb,OK,confirmed_or_hard_rule,confirmed,YT-82135,OK
1faZ6TNCaOJLSCfEhXZ1SrUYaLVC-1S9Y,YT-82138,YT82138,YATO,Czesci_zamienne_YT-82138.pdf,Czesci_zamienne_YT-82138.pdf,Rysunki wybuchowe,https://drive.google.com/file/d/1faZ6TNCaOJLSCfEhXZ1SrUYaLVC-1S9Y/view?usp=drivesdk,https://drive.google.com/uc?export=download&id=1faZ6TNCaOJLSCfEhXZ1SrUYaLVC-1S9Y,OK,confirmed_or_hard_rule,confirmed,YT-82138,OK
1OXWVakb75yFWsaOpqsYyCJhvw0BKqCxf,YT-82141,YT82141,YATO,Czesci_zamienne_YT-82141.pdf,Czesci_zamienne_YT-82141.pdf,Rysunki wybuchowe,https://drive.google.com/file/d/1OXWVakb75yFWsaOpqsYyCJhvw0BKqCxf/view?usp=drivesdk,https://drive.google.com/uc?export=download&id=1OXWVakb75yFWsaOpqsYyCJhvw0BKqCxf,OK,confirmed_or_hard_rule,confirmed,YT-82141,OK
1L4PaDi_3tt6lVubsjrox4XKs13kvDHfy,YT-82144,YT82144,YATO,Czesci_zamienne_YT-82144.pdf,Czesci_zamienne_YT-82144.pdf,Rysunki wybuchowe,https://drive.google.com/file/d/1L4PaDi_3tt6lVubsjrox4XKs13kvDHfy/view?usp=drivesdk,https://drive.google.com/uc?export=download&id=1L4PaDi_3tt6lVubsjrox4XKs13kvDHfy,OK,confirmed_or_hard_rule,confirmed,YT-82144,OK
1euW6EALE1loxE2odLTiEjqeKC469Pkeo,YT-82147,YT82147,YATO,Czesci_zamienne_YT-82147.pdf,Czesci_zamienne_YT-82147.pdf,Rysunki wybuchowe,https://drive.google.com/file/d/1euW6EALE1loxE2odLTiEjqeKC469Pkeo/view?usp=drivesdk,https://drive.google.com/uc?export=download&id=1euW6EALE1loxE2odLTiEjqeKC469Pkeo,OK,confirmed_or_hard_rule,confirmed,YT-82147,OK
1TBAsMgukTJTfNOBgBwQt_NXPd-bOD_ND,YT-82148,YT82148,YATO,Czesci_zamienne_YT-82148.pdf,Czesci_zamienne_YT-82148.pdf,Rysunki wybuchowe,https://drive.google.com/file/d/1TBAsMgukTJTfNOBgBwQt_NXPd-bOD_ND/view?usp=drivesdk,https://drive.google.com/uc?export=download&id=1TBAsMgukTJTfNOBgBwQt_NXPd-bOD_ND,OK,confirmed_or_hard_rule,confirmed,YT-82148,OK
18cV6ZD40RW5XEhTncWTs1odM7c6TJNoU,YT-82151,YT82151,YATO,Czesci_zamienne_YT-82151.pdf,Czesci_zamienne_YT-82151.pdf,Rysunki wybuchowe,https://drive.google.com/file/d/18cV6ZD40RW5XEhTncWTs1odM7c6TJNoU/view?usp=drivesdk,https://drive.google.com/uc?export=download&id=18cV6ZD40RW5XEhTncWTs1odM7c6TJNoU,OK,confirmed_or_hard_rule,confirmed,YT-82151,OK
1-pyizv5DQKpOJ3-CwXIKAN4liRLrPYT4,YT-82152,YT82152,YATO,Czesci_zamienne_YT-82152.pdf,Czesci_zamienne_YT-82152.pdf,Rysunki wybuchowe,https://drive.google.com/file/d/1-pyizv5DQKpOJ3-CwXIKAN4liRLrPYT4/view?usp=drivesdk,https://drive.google.com/uc?export=download&id=1-pyizv5DQKpOJ3-CwXIKAN4liRLrPYT4,OK,confirmed_or_hard_rule,confirmed,YT-82152,OK
1K-Pq9uvESGQoTEmV82ogBcb8VnrlFYxK,YT-821533,YT821533,YATO,Czesci_zamienne_YT-821533.pdf,Czesci_zamienne_YT-821533.pdf,Rysunki wybuchowe,https://drive.google.com/file/d/1K-Pq9uvESGQoTEmV82ogBcb8VnrlFYxK/view?usp=drivesdk,https://drive.google.com/uc?export=download&id=1K-Pq9uvESGQoTEmV82ogBcb8VnrlFYxK,OK,confirmed_or_hard_rule,confirmed,YT-821533,OK
1xf2PGQwXtANmM6oTlPj6ayPvZKA63JZv,YT-82154,YT82154,YATO,Czesci_zamienne_YT-82154.pdf,Czesci_zamienne_YT-82154.pdf,Rysunki wybuchowe,https://drive.google.com/file/d/1xf2PGQwXtANmM6oTlPj6ayPvZKA63JZv/view?usp=drivesdk,https://drive.google.com/uc?export=download&id=1xf2PGQwXtANmM6oTlPj6ayPvZKA63JZv,OK,confirmed_or_hard_rule,confirmed,YT-82154,OK
1YxjomYGmjlBYcMcbBSqxQB-CobjWpbhz,YT-82155,YT82155,YATO,Czesci_zamienne_YT-82155.pdf,Czesci_zamienne_YT-82155.pdf,Rysunki wybuchowe,https://drive.google.com/file/d/1YxjomYGmjlBYcMcbBSqxQB-CobjWpbhz/view?usp=drivesdk,https://drive.google.com/uc?export=download&id=1YxjomYGmjlBYcMcbBSqxQB-CobjWpbhz,OK,confirmed_or_hard_rule,confirmed,YT-82155,OK
1lnYn8jwur6707XznBOTTrrrE2kyti5BI,YT-82157,YT82157,YATO,Czesci_zamienne_YT-82157.pdf,Czesci_zamienne_YT-82157.pdf,Rysunki wybuchowe,https://drive.google.com/file/d/1lnYn8jwur6707XznBOTTrrrE2kyti5BI/view?usp=drivesdk,https://drive.google.com/uc?export=download&id=1lnYn8jwur6707XznBOTTrrrE2kyti5BI,OK,confirmed_or_hard_rule,confirmed,YT-82157,OK
1lf1jtQ6ZnRlhg0DIj35WMCrMpvNv25jS,YT-82158,YT82158,YATO,Czesci_zamienne_YT-82158.pdf,Czesci_zamienne_YT-82158.pdf,Rysunki wybuchowe,https://drive.google.com/file/d/1lf1jtQ6ZnRlhg0DIj35WMCrMpvNv25jS/view?usp=drivesdk,https://drive.google.com/uc?export=download&id=1lf1jtQ6ZnRlhg0DIj35WMCrMpvNv25jS,OK,confirmed_or_hard_rule,confirmed,YT-82158,OK
1VbNa2G9bgudbc7Llcznj5_yjEp0vu0gq,YT-821583,YT821583,YATO,Czesci_zamienne_YT-821583.pdf,Czesci_zamienne_YT-821583.pdf,Rysunki wybuchowe,https://drive.google.com/file/d/1VbNa2G9bgudbc7Llcznj5_yjEp0vu0gq/view?usp=drivesdk,https://drive.google.com/uc?export=download&id=1VbNa2G9bgudbc7Llcznj5_yjEp0vu0gq,OK,confirmed_or_hard_rule,confirmed,YT-821583,OK
1iB41eUS8mympnaHgzFbr9tpHShBqnx8k,YT-82159,YT82159,YATO,Czesci_zamienne_YT-82159.pdf,Czesci_zamienne_YT-82159.pdf,Rysunki wybuchowe,https://drive.google.com/file/d/1iB41eUS8mympnaHgzFbr9tpHShBqnx8k/view?usp=drivesdk,https://drive.google.com/uc?export=download&id=1iB41eUS8mympnaHgzFbr9tpHShBqnx8k,OK,confirmed_or_hard_rule,confirmed,YT-82159,OK
1mU4WgVG2Nf5j0pXE0Z3JI_2soIwh_b0E,YT-821591,YT821591,YATO,Czesci_zamienne_YT-821591.pdf,Czesci_zamienne_YT-821591.pdf,Rysunki wybuchowe,https://drive.google.com/file/d/1mU4WgVG2Nf5j0pXE0Z3JI_2soIwh_b0E/view?usp=drivesdk,https://drive.google.com/uc?export=download&id=1mU4WgVG2Nf5j0pXE0Z3JI_2soIwh_b0E,OK,confirmed_or_hard_rule,confirmed,YT-821591,OK
1rPhbDBTZj4m3603agUXaS7vKTKeCEWUZ,YT-821597,YT821597,YATO,Czesci_zamienne_YT-821597.pdf,Czesci_zamienne_YT-821597.pdf,Rysunki wybuchowe,https://drive.google.com/file/d/1rPhbDBTZj4m3603agUXaS7vKTKeCEWUZ/view?usp=drivesdk,https://drive.google.com/uc?export=download&id=1rPhbDBTZj4m3603agUXaS7vKTKeCEWUZ,OK,confirmed_or_hard_rule,confirmed,YT-821597,OK
18ua3LbtH942-YbTt03KYMnotVzXw3EjX,YT-82161,YT82161,YATO,Czesci_zamienne_YT-82161.pdf,Czesci_zamienne_YT-82161.pdf,Rysunki wybuchowe,https://drive.google.com/file/d/18ua3LbtH942-YbTt03KYMnotVzXw3EjX/view?usp=drivesdk,https://drive.google.com/uc?export=download&id=18ua3LbtH942-YbTt03KYMnotVzXw3EjX,OK,confirmed_or_hard_rule,confirmed,YT-82161,OK
1rSemWEOrWQHnfD2RQ7G4hxGx-k6bvtrq,YT-82163,YT82163,YATO,Czesci_zamienne_YT-82163.pdf,Czesci_zamienne_YT-82163.pdf,Rysunki wybuchowe,https://drive.google.com/file/d/1rSemWEOrWQHnfD2RQ7G4hxGx-k6bvtrq/view?usp=drivesdk,https://drive.google.com/uc?export=download&id=1rSemWEOrWQHnfD2RQ7G4hxGx-k6bvtrq,OK,confirmed_or_hard_rule,confirmed,YT-82163,OK
1ZY9SJ5lmA4aG4uKIZez7uapvTJmWdBc7,YT-82164,YT82164,YATO,Czesci_zamienne_YT-82164.pdf,Czesci_zamienne_YT-82164.pdf,Rysunki wybuchowe,https://drive.google.com/file/d/1ZY9SJ5lmA4aG4uKIZez7uapvTJmWdBc7/view?usp=drivesdk,https://drive.google.com/uc?export=download&id=1ZY9SJ5lmA4aG4uKIZez7uapvTJmWdBc7,OK,confirmed_or_hard_rule,confirmed,YT-82164,OK
18oMxyWRteMGMQ-TtClw4ezRxPFgxiyAz,YT-82165,YT82165,YATO,Czesci_zamienne_YT-82165.pdf,Czesci_zamienne_YT-82165.pdf,Rysunki wybuchowe,https://drive.google.com/file/d/18oMxyWRteMGMQ-TtClw4ezRxPFgxiyAz/view?usp=drivesdk,https://drive.google.com/uc?export=download&id=18oMxyWRteMGMQ-TtClw4ezRxPFgxiyAz,OK,confirmed_or_hard_rule,confirmed,YT-82165,OK
1BbJG31rX40pYyVo3pyoU6N5c51dLjLFA,YT-82168,YT82168,YATO,Czesci_zamienne_YT-82168.pdf,Czesci_zamienne_YT-82168.pdf,Rysunki wybuchowe,https://drive.google.com/file/d/1BbJG31rX40pYyVo3pyoU6N5c51dLjLFA/view?usp=drivesdk,https://drive.google.com/uc?export=download&id=1BbJG31rX40pYyVo3pyoU6N5c51dLjLFA,OK,confirmed_or_hard_rule,confirmed,YT-82168,OK
1Bx3o-mbL0cbWunrFBM2FwRt5wIVrwc4o,YT-82171,YT82171,YATO,Czesci_zamienne_YT-82171.pdf,Czesci_zamienne_YT-82171.pdf,Rysunki wybuchowe,https://drive.google.com/file/d/1Bx3o-mbL0cbWunrFBM2FwRt5wIVrwc4o/view?usp=drivesdk,https://drive.google.com/uc?export=download&id=1Bx3o-mbL0cbWunrFBM2FwRt5wIVrwc4o,OK,confirmed_or_hard_rule,confirmed,YT-82171,OK
1CPFg1XL_0MClzgNIKwBZoicblUdcKph7,YT-821710,YT821710,YATO,Czesci_zamienne_YT-821710.pdf,Czesci_zamienne_YT-821710.pdf,Rysunki wybuchowe,https://drive.google.com/file/d/1CPFg1XL_0MClzgNIKwBZoicblUdcKph7/view?usp=drivesdk,https://drive.google.com/uc?export=download&id=1CPFg1XL_0MClzgNIKwBZoicblUdcKph7,OK,confirmed_or_hard_rule,confirmed,YT-821710,OK
1xfRkuuAnsxWiT_uxcA_0HYUrTeLprDkV,YT-82172,YT82172,YATO,Czesci_zamienne_YT-82172.pdf,Czesci_zamienne_YT-82172.pdf,Rysunki wybuchowe,https://drive.google.com/file/d/1xfRkuuAnsxWiT_uxcA_0HYUrTeLprDkV/view?usp=drivesdk,https://drive.google.com/uc?export=download&id=1xfRkuuAnsxWiT_uxcA_0HYUrTeLprDkV,OK,confirmed_or_hard_rule,confirmed,YT-82172,OK
1Rp6rDPQaGGdkfiDXIIh8anMKM5nhAxg-,YT-821722,YT821722,YATO,Czesci_zamienne_YT-821722.pdf,Czesci_zamienne_YT-821722.pdf,Rysunki wybuchowe,https://drive.google.com/file/d/1Rp6rDPQaGGdkfiDXIIh8anMKM5nhAxg-/view?usp=drivesdk,https://drive.google.com/uc?export=download&id=1Rp6rDPQaGGdkfiDXIIh8anMKM5nhAxg-,OK,confirmed_or_hard_rule,confirmed,YT-821722,OK
1A8dcOfeJdtM0djOGCh9Jpn02LImcPHVz,YT-82173,YT82173,YATO,Czesci_zamienne_YT-82173.pdf,Czesci_zamienne_YT-82173.pdf,Rysunki wybuchowe,https://drive.google.com/file/d/1A8dcOfeJdtM0djOGCh9Jpn02LImcPHVz/view?usp=drivesdk,https://drive.google.com/uc?export=download&id=1A8dcOfeJdtM0djOGCh9Jpn02LImcPHVz,OK,confirmed_or_hard_rule,confirmed,YT-82173,OK
1IWvpuBAnqV5w_h53G11Y6uZv6lUi0jWh,YT-82174,YT82174,YATO,Czesci_zamienne_YT-82174.pdf,Czesci_zamienne_YT-82174.pdf,Rysunki wybuchowe,https://drive.google.com/file/d/1IWvpuBAnqV5w_h53G11Y6uZv6lUi0jWh/view?usp=drivesdk,https://drive.google.com/uc?export=download&id=1IWvpuBAnqV5w_h53G11Y6uZv6lUi0jWh,OK,confirmed_or_hard_rule,confirmed,YT-82174,OK
1Jsl1kcyY2MOGHFLjZ7Z0EmVjmIAj4s91,YT-82175,YT82175,YATO,Czesci_zamienne_YT-82175.pdf,Czesci_zamienne_YT-82175.pdf,Rysunki wybuchowe,https://drive.google.com/file/d/1Jsl1kcyY2MOGHFLjZ7Z0EmVjmIAj4s91/view?usp=drivesdk,https://drive.google.com/uc?export=download&id=1Jsl1kcyY2MOGHFLjZ7Z0EmVjmIAj4s91,OK,confirmed_or_hard_rule,confirmed,YT-82175,OK
1uSWON2ikIiWlfAC6tD9b09SmQU4YPsKf,YT-82176,YT82176,YATO,Czesci_zamienne_YT-82176.pdf,Czesci_zamienne_YT-82176.pdf,Rysunki wybuchowe,https://drive.google.com/file/d/1uSWON2ikIiWlfAC6tD9b09SmQU4YPsKf/view?usp=drivesdk,https://drive.google.com/uc?export=download&id=1uSWON2ikIiWlfAC6tD9b09SmQU4YPsKf,OK,confirmed_or_hard_rule,confirmed,YT-82176,OK
1dteAGGD3b6xQSIziSEPP9dr6ltQdRYi1,YT-82181,YT82181,YATO,Czesci_zamienne_YT-82181.pdf,Czesci_zamienne_YT-82181.pdf,Rysunki wybuchowe,https://drive.google.com/file/d/1dteAGGD3b6xQSIziSEPP9dr6ltQdRYi1/view?usp=drivesdk,https://drive.google.com/uc?export=download&id=1dteAGGD3b6xQSIziSEPP9dr6ltQdRYi1,OK,confirmed_or_hard_rule,confirmed,YT-82181,OK
15eoPlqxyGy8SB6J8t0qwK94wjcZR_ReU,YT-82185,YT82185,YATO,Czesci_zamienne_YT-82185.pdf,Czesci_zamienne_YT-82185.pdf,Rysunki wybuchowe,https://drive.google.com/file/d/15eoPlqxyGy8SB6J8t0qwK94wjcZR_ReU/view?usp=drivesdk,https://drive.google.com/uc?export=download&id=15eoPlqxyGy8SB6J8t0qwK94wjcZR_ReU,OK,confirmed_or_hard_rule,confirmed,YT-82185,OK
1mFaztOeqORQ0l_sPwA_h9avFpXY-Tc3J,YT-82190,YT82190,YATO,Czesci_zamienne_YT-82190.pdf,Czesci_zamienne_YT-82190.pdf,Rysunki wybuchowe,https://drive.google.com/file/d/1mFaztOeqORQ0l_sPwA_h9avFpXY-Tc3J/view?usp=drivesdk,https://drive.google.com/uc?export=download&id=1mFaztOeqORQ0l_sPwA_h9avFpXY-Tc3J,OK,confirmed_or_hard_rule,confirmed,YT-82190,OK
1UzqURBNCTPDoqSNZsr5hmC5nT90LaNN6,YT-821901,YT821901,YATO,Czesci_zamienne_YT-821901.pdf,Czesci_zamienne_YT-821901.pdf,Rysunki wybuchowe,https://drive.google.com/file/d/1UzqURBNCTPDoqSNZsr5hmC5nT90LaNN6/view?usp=drivesdk,https://drive.google.com/uc?export=download&id=1UzqURBNCTPDoqSNZsr5hmC5nT90LaNN6,OK,confirmed_or_hard_rule,confirmed,YT-821901,OK
14DWjkp6tlTajzR3gLcjYShxaQ-rc8OeB,YT-821905,YT821905,YATO,Czesci_zamienne_YT-821905.pdf,Czesci_zamienne_YT-821905.pdf,Rysunki wybuchowe,https://drive.google.com/file/d/14DWjkp6tlTajzR3gLcjYShxaQ-rc8OeB/view?usp=drivesdk,https://drive.google.com/uc?export=download&id=14DWjkp6tlTajzR3gLcjYShxaQ-rc8OeB,OK,confirmed_or_hard_rule,confirmed,YT-821905,OK
1PEJCHN0Po1GG6HHs90DYxh55jTc0B8hT,YT-82191,YT82191,YATO,Czesci_zamienne_YT-82191.pdf,Czesci_zamienne_YT-82191.pdf,Rysunki wybuchowe,https://drive.google.com/file/d/1PEJCHN0Po1GG6HHs90DYxh55jTc0B8hT/view?usp=drivesdk,https://drive.google.com/uc?export=download&id=1PEJCHN0Po1GG6HHs90DYxh55jTc0B8hT,OK,confirmed_or_hard_rule,confirmed,YT-82191,OK
1iSBMnCjEN9sUfbF_s4e_R-kBfZpnHTHV,YT-821915,YT821915,YATO,Czesci_zamienne_YT-821915.pdf,Czesci_zamienne_YT-821915.pdf,Rysunki wybuchowe,https://drive.google.com/file/d/1iSBMnCjEN9sUfbF_s4e_R-kBfZpnHTHV/view?usp=drivesdk,https://drive.google.com/uc?export=download&id=1iSBMnCjEN9sUfbF_s4e_R-kBfZpnHTHV,OK,confirmed_or_hard_rule,confirmed,YT-821915,OK
1izMBTQI1gIdaE-1PcL0BdzWDmf70g2fL,YT-821916,YT821916,YATO,Czesci_zamienne_YT-821916.pdf,Czesci_zamienne_YT-821916.pdf,Rysunki wybuchowe,https://drive.google.com/file/d/1izMBTQI1gIdaE-1PcL0BdzWDmf70g2fL/view?usp=drivesdk,https://drive.google.com/uc?export=download&id=1izMBTQI1gIdaE-1PcL0BdzWDmf70g2fL,OK,confirmed_or_hard_rule,confirmed,YT-821916,OK
1IRlPUFSIa2JcRDG5izvkzil3sQHgpwJH,YT-82192,YT82192,YATO,Czesci_zamienne_YT-82192.pdf,Czesci_zamienne_YT-82192.pdf,Rysunki wybuchowe,https://drive.google.com/file/d/1IRlPUFSIa2JcRDG5izvkzil3sQHgpwJH/view?usp=drivesdk,https://drive.google.com/uc?export=download&id=1IRlPUFSIa2JcRDG5izvkzil3sQHgpwJH,OK,confirmed_or_hard_rule,confirmed,YT-82192,OK
1PYT6rLTHex2a5a9AuYm8hIt1sxw1LgA5,YT-82194,YT82194,YATO,Czesci_zamienne_YT-82194.pdf,Czesci_zamienne_YT-82194.pdf,Rysunki wybuchowe,https://drive.google.com/file/d/1PYT6rLTHex2a5a9AuYm8hIt1sxw1LgA5/view?usp=drivesdk,https://drive.google.com/uc?export=download&id=1PYT6rLTHex2a5a9AuYm8hIt1sxw1LgA5,OK,confirmed_or_hard_rule,confirmed,YT-82194,OK
1Mc46IytAfjtaZBy7rCVsWyAWVo2BoQo_,YT-82196,YT82196,YATO,Czesci_zamienne_YT-82196.pdf,Czesci_zamienne_YT-82196.pdf,Rysunki wybuchowe,https://drive.google.com/file/d/1Mc46IytAfjtaZBy7rCVsWyAWVo2BoQo_/view?usp=drivesdk,https://drive.google.com/uc?export=download&id=1Mc46IytAfjtaZBy7rCVsWyAWVo2BoQo_,OK,confirmed_or_hard_rule,confirmed,YT-82196,OK
1QK2NoLMCYRxi3fTwAFbQKZoz1OF-KVxV,YT-82198,YT82198,YATO,Czesci_zamienne_YT-82198.pdf,Czesci_zamienne_YT-82198.pdf,Rysunki wybuchowe,https://drive.google.com/file/d/1QK2NoLMCYRxi3fTwAFbQKZoz1OF-KVxV/view?usp=drivesdk,https://drive.google.com/uc?export=download&id=1QK2NoLMCYRxi3fTwAFbQKZoz1OF-KVxV,OK,confirmed_or_hard_rule,confirmed,YT-82198,OK
1EIgrbkm1P63569i1m2B-23LZt-GiDJDU,YT-82200,YT82200,YATO,Czesci_zamienne_YT-82200.pdf,Czesci_zamienne_YT-82200.pdf,Rysunki wybuchowe,https://drive.google.com/file/d/1EIgrbkm1P63569i1m2B-23LZt-GiDJDU/view?usp=drivesdk,https://drive.google.com/uc?export=download&id=1EIgrbkm1P63569i1m2B-23LZt-GiDJDU,OK,confirmed_or_hard_rule,confirmed,YT-82200,OK
14dAvlPBREVjJQbPU9xSElyI4opBOrC67,YT-82205,YT82205,YATO,Czesci_zamienne_YT-82205.pdf,Czesci_zamienne_YT-82205.pdf,Rysunki wybuchowe,https://drive.google.com/file/d/14dAvlPBREVjJQbPU9xSElyI4opBOrC67/view?usp=drivesdk,https://drive.google.com/uc?export=download&id=14dAvlPBREVjJQbPU9xSElyI4opBOrC67,OK,confirmed_or_hard_rule,confirmed,YT-82205,OK
1CGc6ieQ8dEtv0WU7Q20geQoCIlrueRU-,YT-82206,YT82206,YATO,Czesci_zamienne_YT-82206.pdf,Czesci_zamienne_YT-82206.pdf,Rysunki wybuchowe,https://drive.google.com/file/d/1CGc6ieQ8dEtv0WU7Q20geQoCIlrueRU-/view?usp=drivesdk,https://drive.google.com/uc?export=download&id=1CGc6ieQ8dEtv0WU7Q20geQoCIlrueRU-,OK,confirmed_or_hard_rule,confirmed,YT-82206,OK
1jV2oVbzBi3ViTQeB_9gemgkFJ-eXN0m4,YT-82207,YT82207,YATO,Czesci_zamienne_YT-82207.pdf,Czesci_zamienne_YT-82207.pdf,Rysunki wybuchowe,https://drive.google.com/file/d/1jV2oVbzBi3ViTQeB_9gemgkFJ-eXN0m4/view?usp=drivesdk,https://drive.google.com/uc?export=download&id=1jV2oVbzBi3ViTQeB_9gemgkFJ-eXN0m4,OK,confirmed_or_hard_rule,confirmed,YT-82207,OK
11iFHd0rH5c7iUaEC8fiMwh445kimUvSP,YT-82208,YT82208,YATO,Czesci_zamienne_YT-82208.pdf,Czesci_zamienne_YT-82208.pdf,Rysunki wybuchowe,https://drive.google.com/file/d/11iFHd0rH5c7iUaEC8fiMwh445kimUvSP/view?usp=drivesdk,https://drive.google.com/uc?export=download&id=11iFHd0rH5c7iUaEC8fiMwh445kimUvSP,OK,confirmed_or_hard_rule,confirmed,YT-82208,OK
1foSWYj7IJ8QIujQHsIRUhJe7WsiYk4va,YT-822100,YT822100,YATO,Czesci_zamienne_YT-822100.pdf,Czesci_zamienne_YT-822100.pdf,Rysunki wybuchowe,https://drive.google.com/file/d/1foSWYj7IJ8QIujQHsIRUhJe7WsiYk4va/view?usp=drivesdk,https://drive.google.com/uc?export=download&id=1foSWYj7IJ8QIujQHsIRUhJe7WsiYk4va,OK,confirmed_or_hard_rule,confirmed,YT-822100,OK
1QsTYV0I1Gm2kj23SzIfV5oulrBxZ_-cL,YT-822103,YT822103,YATO,Czesci_zamienne_YT-822103.pdf,Czesci_zamienne_YT-822103.pdf,Rysunki wybuchowe,https://drive.google.com/file/d/1QsTYV0I1Gm2kj23SzIfV5oulrBxZ_-cL/view?usp=drivesdk,https://drive.google.com/uc?export=download&id=1QsTYV0I1Gm2kj23SzIfV5oulrBxZ_-cL,OK,confirmed_or_hard_rule,confirmed,YT-822103,OK
18HFdz4L0GO26CSnZzpjfpQIskrADykJt,YT-822107,YT822107,YATO,Czesci_zamienne_YT-822107.pdf,Czesci_zamienne_YT-822107.pdf,Rysunki wybuchowe,https://drive.google.com/file/d/18HFdz4L0GO26CSnZzpjfpQIskrADykJt/view?usp=drivesdk,https://drive.google.com/uc?export=download&id=18HFdz4L0GO26CSnZzpjfpQIskrADykJt,OK,confirmed_or_hard_rule,confirmed,YT-822107,OK
14w2xnlOTA9uNSu7_6_DkGsC5H5-3MrN6,YT-822110,YT822110,YATO,Czesci_zamienne_YT-822110.pdf,Czesci_zamienne_YT-822110.pdf,Rysunki wybuchowe,https://drive.google.com/file/d/14w2xnlOTA9uNSu7_6_DkGsC5H5-3MrN6/view?usp=drivesdk,https://drive.google.com/uc?export=download&id=14w2xnlOTA9uNSu7_6_DkGsC5H5-3MrN6,OK,confirmed_or_hard_rule,confirmed,YT-822110,OK
10aiYuebdOKpZ63bEIyAoT5xEiBrMe0O1,YT-822112,YT822112,YATO,Czesci_zamienne_YT-822112.pdf,Czesci_zamienne_YT-822112.pdf,Rysunki wybuchowe,https://drive.google.com/file/d/10aiYuebdOKpZ63bEIyAoT5xEiBrMe0O1/view?usp=drivesdk,https://drive.google.com/uc?export=download&id=10aiYuebdOKpZ63bEIyAoT5xEiBrMe0O1,OK,confirmed_or_hard_rule,confirmed,YT-822112,OK
1TzjQdUUT4gEEGwuGb_Sdp6Pdj4KHAFyc,YT-82220,YT82220,YATO,Czesci_zamienne_YT-82220.pdf,Czesci_zamienne_YT-82220.pdf,Rysunki wybuchowe,https://drive.google.com/file/d/1TzjQdUUT4gEEGwuGb_Sdp6Pdj4KHAFyc/view?usp=drivesdk,https://drive.google.com/uc?export=download&id=1TzjQdUUT4gEEGwuGb_Sdp6Pdj4KHAFyc,OK,confirmed_or_hard_rule,confirmed,YT-82220,OK
1a8JpvKlC4JPpCEUJR0UReRDF4KHbcGiJ,YT-82221,YT82221,YATO,Czesci_zamienne_YT-82221.pdf,Czesci_zamienne_YT-82221.pdf,Rysunki wybuchowe,https://drive.google.com/file/d/1a8JpvKlC4JPpCEUJR0UReRDF4KHbcGiJ/view?usp=drivesdk,https://drive.google.com/uc?export=download&id=1a8JpvKlC4JPpCEUJR0UReRDF4KHbcGiJ,OK,confirmed_or_hard_rule,confirmed,YT-82221,OK
1bHltSxW72G2E1KZCobBVFabJriGug4mY,YT-82223,YT82223,YATO,Czesci_zamienne_YT-82223.pdf,Czesci_zamienne_YT-82223.pdf,Rysunki wybuchowe,https://drive.google.com/file/d/1bHltSxW72G2E1KZCobBVFabJriGug4mY/view?usp=drivesdk,https://drive.google.com/uc?export=download&id=1bHltSxW72G2E1KZCobBVFabJriGug4mY,OK,confirmed_or_hard_rule,confirmed,YT-82223,OK
1Er5YsisfP7aETo-G_DttDBEPZ9HcZXVH,YT-82230,YT82230,YATO,Czesci_zamienne_YT-82230.pdf,Czesci_zamienne_YT-82230.pdf,Rysunki wybuchowe,https://drive.google.com/file/d/1Er5YsisfP7aETo-G_DttDBEPZ9HcZXVH/view?usp=drivesdk,https://drive.google.com/uc?export=download&id=1Er5YsisfP7aETo-G_DttDBEPZ9HcZXVH,OK,confirmed_or_hard_rule,confirmed,YT-82230,OK
1FgSc8XugxGVdhfJ5EUg0LhNWKA_KUl40,YT-82234,YT82234,YATO,Czesci_zamienne_YT-82234.pdf,Czesci_zamienne_YT-82234.pdf,Rysunki wybuchowe,https://drive.google.com/file/d/1FgSc8XugxGVdhfJ5EUg0LhNWKA_KUl40/view?usp=drivesdk,https://drive.google.com/uc?export=download&id=1FgSc8XugxGVdhfJ5EUg0LhNWKA_KUl40,OK,confirmed_or_hard_rule,confirmed,YT-82234,OK
1fmLPahNTD5O_fWrntIh9IRojQz6w2SqF,YT-82240,YT82240,YATO,Czesci_zamienne_YT-82240.pdf,Czesci_zamienne_YT-82240.pdf,Rysunki wybuchowe,https://drive.google.com/file/d/1fmLPahNTD5O_fWrntIh9IRojQz6w2SqF/view?usp=drivesdk,https://drive.google.com/uc?export=download&id=1fmLPahNTD5O_fWrntIh9IRojQz6w2SqF,OK,confirmed_or_hard_rule,confirmed,YT-82240,OK
1FdGDeiOOJCaVtJadaue2UhR65gTzQcA_,YT-82242,YT82242,YATO,Czesci_zamienne_YT-82242.pdf,Czesci_zamienne_YT-82242.pdf,Rysunki wybuchowe,https://drive.google.com/file/d/1FdGDeiOOJCaVtJadaue2UhR65gTzQcA_/view?usp=drivesdk,https://drive.google.com/uc?export=download&id=1FdGDeiOOJCaVtJadaue2UhR65gTzQcA_,OK,confirmed_or_hard_rule,confirmed,YT-82242,OK
13nLr238acBsPrqZg6UyaywaQYB0dvD_0,YT-82250,YT82250,YATO,Czesci_zamienne_YT-82250.pdf,Czesci_zamienne_YT-82250.pdf,Rysunki wybuchowe,https://drive.google.com/file/d/13nLr238acBsPrqZg6UyaywaQYB0dvD_0/view?usp=drivesdk,https://drive.google.com/uc?export=download&id=13nLr238acBsPrqZg6UyaywaQYB0dvD_0,OK,confirmed_or_hard_rule,confirmed,YT-82250,OK
1gTDefX6_XcIjXxXQfAhkr5o5otNkfzCp,YT-82251,YT82251,YATO,Czesci_zamienne_YT-82251.pdf,Czesci_zamienne_YT-82251.pdf,Rysunki wybuchowe,https://drive.google.com/file/d/1gTDefX6_XcIjXxXQfAhkr5o5otNkfzCp/view?usp=drivesdk,https://drive.google.com/uc?export=download&id=1gTDefX6_XcIjXxXQfAhkr5o5otNkfzCp,OK,confirmed_or_hard_rule,confirmed,YT-82251,OK
1qjxHBo-1EqzOCkO_BhTkERSoDS3LQr6H,YT-82265,YT82265,YATO,Czesci_zamienne_YT-82265.pdf,Czesci_zamienne_YT-82265.pdf,Rysunki wybuchowe,https://drive.google.com/file/d/1qjxHBo-1EqzOCkO_BhTkERSoDS3LQr6H/view?usp=drivesdk,https://drive.google.com/uc?export=download&id=1qjxHBo-1EqzOCkO_BhTkERSoDS3LQr6H,OK,confirmed_or_hard_rule,confirmed,YT-82265,OK
1MO35OQy261Kftsu_nB1vdm44P50QAFn7,YT-82267,YT82267,YATO,Czesci_zamienne_YT-82267.pdf,Czesci_zamienne_YT-82267.pdf,Rysunki wybuchowe,https://drive.google.com/file/d/1MO35OQy261Kftsu_nB1vdm44P50QAFn7/view?usp=drivesdk,https://drive.google.com/uc?export=download&id=1MO35OQy261Kftsu_nB1vdm44P50QAFn7,OK,confirmed_or_hard_rule,confirmed,YT-82267,OK
1rNNl3LQGL9PJ5R3eNBIYH9jKZcAzT0-d,YT-82273,YT82273,YATO,Czesci_zamienne_YT-82273.pdf,Czesci_zamienne_YT-82273.pdf,Rysunki wybuchowe,https://drive.google.com/file/d/1rNNl3LQGL9PJ5R3eNBIYH9jKZcAzT0-d/view?usp=drivesdk,https://drive.google.com/uc?export=download&id=1rNNl3LQGL9PJ5R3eNBIYH9jKZcAzT0-d,OK,confirmed_or_hard_rule,confirmed,YT-82273,OK
1B1h69IB7vV3HRtV0In-3JzJssalQEjPV,YT-82274,YT82274,YATO,Czesci_zamienne_YT-82274.pdf,Czesci_zamienne_YT-82274.pdf,Rysunki wybuchowe,https://drive.google.com/file/d/1B1h69IB7vV3HRtV0In-3JzJssalQEjPV/view?usp=drivesdk,https://drive.google.com/uc?export=download&id=1B1h69IB7vV3HRtV0In-3JzJssalQEjPV,OK,confirmed_or_hard_rule,confirmed,YT-82274,OK
1tJbQlMvcAiveGph9VZ4Gf7e_gWdoxsc7,YT-82280,YT82280,YATO,Czesci_zamienne_YT-82280.pdf,Czesci_zamienne_YT-82280.pdf,Rysunki wybuchowe,https://drive.google.com/file/d/1tJbQlMvcAiveGph9VZ4Gf7e_gWdoxsc7/view?usp=drivesdk,https://drive.google.com/uc?export=download&id=1tJbQlMvcAiveGph9VZ4Gf7e_gWdoxsc7,OK,confirmed_or_hard_rule,confirmed,YT-82280,OK
16ug598we60VAl1M3eL5f43PnRKi9XTWQ,YT-82281,YT82281,YATO,Czesci_zamienne_YT-82281.pdf,Czesci_zamienne_YT-82281.pdf,Rysunki wybuchowe,https://drive.google.com/file/d/16ug598we60VAl1M3eL5f43PnRKi9XTWQ/view?usp=drivesdk,https://drive.google.com/uc?export=download&id=16ug598we60VAl1M3eL5f43PnRKi9XTWQ,OK,confirmed_or_hard_rule,confirmed,YT-82281,OK
1kYPdjcX6QCDb7YsCQJ1BndRJzo-tt3Ht,YT-82282,YT82282,YATO,Czesci_zamienne_YT-82282.pdf,Czesci_zamienne_YT-82282.pdf,Rysunki wybuchowe,https://drive.google.com/file/d/1kYPdjcX6QCDb7YsCQJ1BndRJzo-tt3Ht/view?usp=drivesdk,https://drive.google.com/uc?export=download&id=1kYPdjcX6QCDb7YsCQJ1BndRJzo-tt3Ht,OK,confirmed_or_hard_rule,confirmed,YT-82282,OK
1zzqVqbdg6WHy5MHprR5lLkALwVtyZ-8b,YT-82284,YT82284,YATO,Czesci_zamienne_YT-82284.pdf,Czesci_zamienne_YT-82284.pdf,Rysunki wybuchowe,https://drive.google.com/file/d/1zzqVqbdg6WHy5MHprR5lLkALwVtyZ-8b/view?usp=drivesdk,https://drive.google.com/uc?export=download&id=1zzqVqbdg6WHy5MHprR5lLkALwVtyZ-8b,OK,confirmed_or_hard_rule,confirmed,YT-82284,OK
1R8r0aqlFFPJP6Mg-QeH38CPk0S8eBmhd,YT-82288,YT82288,YATO,Czesci_zamienne_YT-82288.pdf,Czesci_zamienne_YT-82288.pdf,Rysunki wybuchowe,https://drive.google.com/file/d/1R8r0aqlFFPJP6Mg-QeH38CPk0S8eBmhd/view?usp=drivesdk,https://drive.google.com/uc?export=download&id=1R8r0aqlFFPJP6Mg-QeH38CPk0S8eBmhd,OK,confirmed_or_hard_rule,confirmed,YT-82288,OK
1bs48LB3MMXUQwBY4cu_PlIV-MIrEhOvf,YT-82291,YT82291,YATO,Czesci_zamienne_YT-82291.pdf,Czesci_zamienne_YT-82291.pdf,Rysunki wybuchowe,https://drive.google.com/file/d/1bs48LB3MMXUQwBY4cu_PlIV-MIrEhOvf/view?usp=drivesdk,https://drive.google.com/uc?export=download&id=1bs48LB3MMXUQwBY4cu_PlIV-MIrEhOvf,OK,confirmed_or_hard_rule,confirmed,YT-82291,OK
1eDbemaH9-CxClUvAFILwB1n9b2T-2msM,YT-82292,YT82292,YATO,Czesci_zamienne_YT-82292.pdf,Czesci_zamienne_YT-82292.pdf,Rysunki wybuchowe,https://drive.google.com/file/d/1eDbemaH9-CxClUvAFILwB1n9b2T-2msM/view?usp=drivesdk,https://drive.google.com/uc?export=download&id=1eDbemaH9-CxClUvAFILwB1n9b2T-2msM,OK,confirmed_or_hard_rule,confirmed,YT-82292,OK
1K7cVRzNFLjbWnDsxrgiueaZsTr8lo9-j,YT-82293,YT82293,YATO,Czesci_zamienne_YT-82293.pdf,Czesci_zamienne_YT-82293.pdf,Rysunki wybuchowe,https://drive.google.com/file/d/1K7cVRzNFLjbWnDsxrgiueaZsTr8lo9-j/view?usp=drivesdk,https://drive.google.com/uc?export=download&id=1K7cVRzNFLjbWnDsxrgiueaZsTr8lo9-j,OK,confirmed_or_hard_rule,confirmed,YT-82293,OK
1usdCmG9pv9Q_8x9YMXtw3oRDv17NOyVw,YT-82294,YT82294,YATO,Czesci_zamienne_YT-82294.pdf,Czesci_zamienne_YT-82294.pdf,Rysunki wybuchowe,https://drive.google.com/file/d/1usdCmG9pv9Q_8x9YMXtw3oRDv17NOyVw/view?usp=drivesdk,https://drive.google.com/uc?export=download&id=1usdCmG9pv9Q_8x9YMXtw3oRDv17NOyVw,OK,confirmed_or_hard_rule,confirmed,YT-82294,OK
1vP1bSys5JcEOSIfYAixPwtBE1hnnlaTD,YT-82295,YT82295,YATO,Czesci_zamienne_YT-82295.pdf,Czesci_zamienne_YT-82295.pdf,Rysunki wybuchowe,https://drive.google.com/file/d/1vP1bSys5JcEOSIfYAixPwtBE1hnnlaTD/view?usp=drivesdk,https://drive.google.com/uc?export=download&id=1vP1bSys5JcEOSIfYAixPwtBE1hnnlaTD,OK,confirmed_or_hard_rule,confirmed,YT-82295,OK
10xf-uES1WWgDD23oxClSIwHsl5oIlsg_,YT-82296,YT82296,YATO,Czesci_zamienne_YT-82296.pdf,Czesci_zamienne_YT-82296.pdf,Rysunki wybuchowe,https://drive.google.com/file/d/10xf-uES1WWgDD23oxClSIwHsl5oIlsg_/view?usp=drivesdk,https://drive.google.com/uc?export=download&id=10xf-uES1WWgDD23oxClSIwHsl5oIlsg_,OK,confirmed_or_hard_rule,confirmed,YT-82296,OK
1UuVCLCwFHKzvt_iWqUvwz60YUTum_Xbl,YT-82297,YT82297,YATO,Czesci_zamienne_YT-82297.pdf,Czesci_zamienne_YT-82297.pdf,Rysunki wybuchowe,https://drive.google.com/file/d/1UuVCLCwFHKzvt_iWqUvwz60YUTum_Xbl/view?usp=drivesdk,https://drive.google.com/uc?export=download&id=1UuVCLCwFHKzvt_iWqUvwz60YUTum_Xbl,OK,confirmed_or_hard_rule,confirmed,YT-82297,OK
1MUgyCKV4N8FcHJGguAw6oPAoWOZTRP6d,YT-82330,YT82330,YATO,Czesci_zamienne_YT-82330.pdf,Czesci_zamienne_YT-82330.pdf,Rysunki wybuchowe,https://drive.google.com/file/d/1MUgyCKV4N8FcHJGguAw6oPAoWOZTRP6d/view?usp=drivesdk,https://drive.google.com/uc?export=download&id=1MUgyCKV4N8FcHJGguAw6oPAoWOZTRP6d,OK,confirmed_or_hard_rule,confirmed,YT-82330,OK
1egD6bqQhFE6nrnV3d1n9CbnIJUPDMMM0,YT-82340,YT82340,YATO,Czesci_zamienne_YT-82340.pdf,Czesci_zamienne_YT-82340.pdf,Rysunki wybuchowe,https://drive.google.com/file/d/1egD6bqQhFE6nrnV3d1n9CbnIJUPDMMM0/view?usp=drivesdk,https://drive.google.com/uc?export=download&id=1egD6bqQhFE6nrnV3d1n9CbnIJUPDMMM0,OK,confirmed_or_hard_rule,confirmed,YT-82340,OK
1prZfVQUOyiew2UYbP2j_BpvUGRJm6f_f,YT-82341,YT82341,YATO,Czesci_zamienne_YT-82341.pdf,Czesci_zamienne_YT-82341.pdf,Rysunki wybuchowe,https://drive.google.com/file/d/1prZfVQUOyiew2UYbP2j_BpvUGRJm6f_f/view?usp=drivesdk,https://drive.google.com/uc?export=download&id=1prZfVQUOyiew2UYbP2j_BpvUGRJm6f_f,OK,confirmed_or_hard_rule,confirmed,YT-82341,OK
1mA9xWVnAUO99ULCX5SN6t95dNiObRRFU,YT-82342,YT82342,YATO,Czesci_zamienne_YT-82342.pdf,Czesci_zamienne_YT-82342.pdf,Rysunki wybuchowe,https://drive.google.com/file/d/1mA9xWVnAUO99ULCX5SN6t95dNiObRRFU/view?usp=drivesdk,https://drive.google.com/uc?export=download&id=1mA9xWVnAUO99ULCX5SN6t95dNiObRRFU,OK,confirmed_or_hard_rule,confirmed,YT-82342,OK
1m5df0dqG4sHsRqRyfGm182EK_CPXGKlm,YT-82350,YT82350,YATO,Czesci_zamienne_YT-82350.pdf,Czesci_zamienne_YT-82350.pdf,Rysunki wybuchowe,https://drive.google.com/file/d/1m5df0dqG4sHsRqRyfGm182EK_CPXGKlm/view?usp=drivesdk,https://drive.google.com/uc?export=download&id=1m5df0dqG4sHsRqRyfGm182EK_CPXGKlm,OK,confirmed_or_hard_rule,confirmed,YT-82350,OK
1_y2LzQOEaVJ66xUTnHZzuBEGblDFN_kj,YT-82355,YT82355,YATO,Czesci_zamienne_YT-82355.pdf,Czesci_zamienne_YT-82355.pdf,Rysunki wybuchowe,https://drive.google.com/file/d/1_y2LzQOEaVJ66xUTnHZzuBEGblDFN_kj/view?usp=drivesdk,https://drive.google.com/uc?export=download&id=1_y2LzQOEaVJ66xUTnHZzuBEGblDFN_kj,OK,confirmed_or_hard_rule,confirmed,YT-82355,OK
1tTopkvF7z7pgzeWoWUbKURNASSdqL4mW,YT-82356,YT82356,YATO,Czesci_zamienne_YT-82356.pdf,Czesci_zamienne_YT-82356.pdf,Rysunki wybuchowe,https://drive.google.com/file/d/1tTopkvF7z7pgzeWoWUbKURNASSdqL4mW/view?usp=drivesdk,https://drive.google.com/uc?export=download&id=1tTopkvF7z7pgzeWoWUbKURNASSdqL4mW,OK,confirmed_or_hard_rule,confirmed,YT-82356,OK
1fQhWjrzzKHUFuCTthDD63vpcJMtf8QZ-,YT-82375,YT82375,YATO,Czesci_zamienne_YT-82375.pdf,Czesci_zamienne_YT-82375.pdf,Rysunki wybuchowe,https://drive.google.com/file/d/1fQhWjrzzKHUFuCTthDD63vpcJMtf8QZ-/view?usp=drivesdk,https://drive.google.com/uc?export=download&id=1fQhWjrzzKHUFuCTthDD63vpcJMtf8QZ-,OK,confirmed_or_hard_rule,confirmed,YT-82375,OK
1q9FP529_0-EJMp0MZCnCgHpyMOIGehPa,YT-82380,YT82380,YATO,Czesci_zamienne_YT-82380.pdf,Czesci_zamienne_YT-82380.pdf,Rysunki wybuchowe,https://drive.google.com/file/d/1q9FP529_0-EJMp0MZCnCgHpyMOIGehPa/view?usp=drivesdk,https://drive.google.com/uc?export=download&id=1q9FP529_0-EJMp0MZCnCgHpyMOIGehPa,OK,confirmed_or_hard_rule,confirmed,YT-82380,OK
1bD3AF8uArnLmZ3KTY0JlJY83Zp6W0a9V,YT-82385,YT82385,YATO,Czesci_zamienne_YT-82385.pdf,Czesci_zamienne_YT-82385.pdf,Rysunki wybuchowe,https://drive.google.com/file/d/1bD3AF8uArnLmZ3KTY0JlJY83Zp6W0a9V/view?usp=drivesdk,https://drive.google.com/uc?export=download&id=1bD3AF8uArnLmZ3KTY0JlJY83Zp6W0a9V,OK,confirmed_or_hard_rule,confirmed,YT-82385,OK
14SXTxOvxXRGQSfCeRnqwIEBkKNgr4PzK,YT-82389,YT82389,YATO,Czesci_zamienne_YT-82389.pdf,Czesci_zamienne_YT-82389.pdf,Rysunki wybuchowe,https://drive.google.com/file/d/14SXTxOvxXRGQSfCeRnqwIEBkKNgr4PzK/view?usp=drivesdk,https://drive.google.com/uc?export=download&id=14SXTxOvxXRGQSfCeRnqwIEBkKNgr4PzK,OK,confirmed_or_hard_rule,confirmed,YT-82389,OK
1_nQI5hw6JVdA0GyOKOQkGbg4C7s8558H,YT-82390,YT82390,YATO,Czesci_zamienne_YT-82390.pdf,Czesci_zamienne_YT-82390.pdf,Rysunki wybuchowe,https://drive.google.com/file/d/1_nQI5hw6JVdA0GyOKOQkGbg4C7s8558H/view?usp=drivesdk,https://drive.google.com/uc?export=download&id=1_nQI5hw6JVdA0GyOKOQkGbg4C7s8558H,OK,confirmed_or_hard_rule,confirmed,YT-82390,OK
1bnuAa1sWu6FoJGwJe7Ry0dG5QyfV9JXp,YT-82395,YT82395,YATO,Czesci_zamienne_YT-82395.pdf,Czesci_zamienne_YT-82395.pdf,Rysunki wybuchowe,https://drive.google.com/file/d/1bnuAa1sWu6FoJGwJe7Ry0dG5QyfV9JXp/view?usp=drivesdk,https://drive.google.com/uc?export=download&id=1bnuAa1sWu6FoJGwJe7Ry0dG5QyfV9JXp,OK,confirmed_or_hard_rule,confirmed,YT-82395,OK
1PFkcq57wuMNvqQ9OW_yFHboX73ZvYteK,YT-82398,YT82398,YATO,Czesci_zamienne_YT-82398 YT-82399.pdf,Czesci_zamienne_YT-82398 YT-82399.pdf,Rysunki wybuchowe,https://drive.google.com/file/d/1PFkcq57wuMNvqQ9OW_yFHboX73ZvYteK/view?usp=drivesdk,https://drive.google.com/uc?export=download&id=1PFkcq57wuMNvqQ9OW_yFHboX73ZvYteK,OK_MULTIMODEL,confirmed_or_hard_rule,confirmed,"YT-82398, YT-82399",OK
1PFkcq57wuMNvqQ9OW_yFHboX73ZvYteK,YT-82399,YT82399,YATO,Czesci_zamienne_YT-82398 YT-82399.pdf,Czesci_zamienne_YT-82398 YT-82399.pdf,Rysunki wybuchowe,https://drive.google.com/file/d/1PFkcq57wuMNvqQ9OW_yFHboX73ZvYteK/view?usp=drivesdk,https://drive.google.com/uc?export=download&id=1PFkcq57wuMNvqQ9OW_yFHboX73ZvYteK,ALIAS_MODEL,confirmed_or_hard_rule,confirmed,"YT-82398, YT-82399",OK
14JmAqKukoe6L4Ru9gKI793_xXEsm_sNc,YT-824480,YT824480,YATO,Czesci_zamienne_YT-824480.pdf,Czesci_zamienne_YT-824480.pdf,Rysunki wybuchowe,https://drive.google.com/file/d/14JmAqKukoe6L4Ru9gKI793_xXEsm_sNc/view?usp=drivesdk,https://drive.google.com/uc?export=download&id=14JmAqKukoe6L4Ru9gKI793_xXEsm_sNc,OK,confirmed_or_hard_rule,confirmed,YT-824480,OK
1bBWaXPoWFnES1wZ2GKAtuPAq2rWGZc8_,YT-824482,YT824482,YATO,Czesci_zamienne_YT-824482.pdf,Czesci_zamienne_YT-824482.pdf,Rysunki wybuchowe,https://drive.google.com/file/d/1bBWaXPoWFnES1wZ2GKAtuPAq2rWGZc8_/view?usp=drivesdk,https://drive.google.com/uc?export=download&id=1bBWaXPoWFnES1wZ2GKAtuPAq2rWGZc8_,OK,confirmed_or_hard_rule,confirmed,YT-824482,OK
1LR1Ta6cOlTwomNU6jTJQV6x3wmHaBF-A,YT-824485,YT824485,YATO,Czesci_zamienne_YT-824485.pdf,Czesci_zamienne_YT-824485.pdf,Rysunki wybuchowe,https://drive.google.com/file/d/1LR1Ta6cOlTwomNU6jTJQV6x3wmHaBF-A/view?usp=drivesdk,https://drive.google.com/uc?export=download&id=1LR1Ta6cOlTwomNU6jTJQV6x3wmHaBF-A,OK,confirmed_or_hard_rule,confirmed,YT-824485,OK
1JggNuuvhbPYTkjSgD29QycWEmzS4KyME,YT-8245,YT8245,YATO,Czesci_zamienne_YT-8245.pdf,Czesci_zamienne_YT-8245.pdf,Rysunki wybuchowe,https://drive.google.com/file/d/1JggNuuvhbPYTkjSgD29QycWEmzS4KyME/view?usp=drivesdk,https://drive.google.com/uc?export=download&id=1JggNuuvhbPYTkjSgD29QycWEmzS4KyME,OK,confirmed_or_hard_rule,confirmed,YT-8245,OK
1aGSIH1Lk-36MlLbstUDBCc_S6QrJwzlg,YT-82455,YT82455,YATO,Czesci_zamienne_YT-82455.pdf,Czesci_zamienne_YT-82455.pdf,Rysunki wybuchowe,https://drive.google.com/file/d/1aGSIH1Lk-36MlLbstUDBCc_S6QrJwzlg/view?usp=drivesdk,https://drive.google.com/uc?export=download&id=1aGSIH1Lk-36MlLbstUDBCc_S6QrJwzlg,OK,confirmed_or_hard_rule,confirmed,YT-82455,OK
1BNQLMULvrm48ZIG-DySvHU50YbHDESZh,YT-82456,YT82456,YATO,Czesci_zamienne_YT-82456.pdf,Czesci_zamienne_YT-82456.pdf,Rysunki wybuchowe,https://drive.google.com/file/d/1BNQLMULvrm48ZIG-DySvHU50YbHDESZh/view?usp=drivesdk,https://drive.google.com/uc?export=download&id=1BNQLMULvrm48ZIG-DySvHU50YbHDESZh,OK,confirmed_or_hard_rule,confirmed,YT-82456,OK
1WyD6wsigJpzouq7uHBTPHHLMvplblZDm,YT-82457,YT82457,YATO,Czesci_zamienne_YT-82457.pdf,Czesci_zamienne_YT-82457.pdf,Rysunki wybuchowe,https://drive.google.com/file/d/1WyD6wsigJpzouq7uHBTPHHLMvplblZDm/view?usp=drivesdk,https://drive.google.com/uc?export=download&id=1WyD6wsigJpzouq7uHBTPHHLMvplblZDm,OK,confirmed_or_hard_rule,confirmed,YT-82457,OK
1NCt7kP7pG8FoBSAyaAK_DU2iZK1Sqcbu,YT-82458,YT82458,YATO,Czesci_zamienne_YT-82458.pdf,Czesci_zamienne_YT-82458.pdf,Rysunki wybuchowe,https://drive.google.com/file/d/1NCt7kP7pG8FoBSAyaAK_DU2iZK1Sqcbu/view?usp=drivesdk,https://drive.google.com/uc?export=download&id=1NCt7kP7pG8FoBSAyaAK_DU2iZK1Sqcbu,OK,confirmed_or_hard_rule,confirmed,YT-82458,OK
11Ni0WjI_0RXmLjVw_H3Sh1P9IKzD-st7,YT-82459,YT82459,YATO,Czesci_zamienne_YT-82459.pdf,Czesci_zamienne_YT-82459.pdf,Rysunki wybuchowe,https://drive.google.com/file/d/11Ni0WjI_0RXmLjVw_H3Sh1P9IKzD-st7/view?usp=drivesdk,https://drive.google.com/uc?export=download&id=11Ni0WjI_0RXmLjVw_H3Sh1P9IKzD-st7,OK,confirmed_or_hard_rule,confirmed,YT-82459,OK
1R6rQemuDtR8tf-hX0vugvQF3hsSkwLXd,YT-82461,YT82461,YATO,Czesci_zamienne_YT-82461.pdf,Czesci_zamienne_YT-82461.pdf,Rysunki wybuchowe,https://drive.google.com/file/d/1R6rQemuDtR8tf-hX0vugvQF3hsSkwLXd/view?usp=drivesdk,https://drive.google.com/uc?export=download&id=1R6rQemuDtR8tf-hX0vugvQF3hsSkwLXd,OK,confirmed_or_hard_rule,confirmed,YT-82461,OK
1DQBo34kBmy3i18rErPsUA76TYv4zAp7f,YT-82462,YT82462,YATO,Czesci_zamienne_YT-82462.pdf,Czesci_zamienne_YT-82462.pdf,Rysunki wybuchowe,https://drive.google.com/file/d/1DQBo34kBmy3i18rErPsUA76TYv4zAp7f/view?usp=drivesdk,https://drive.google.com/uc?export=download&id=1DQBo34kBmy3i18rErPsUA76TYv4zAp7f,OK,confirmed_or_hard_rule,confirmed,YT-82462,OK
1UbeXOVGkIi-RC_LEZK3D8RbKnoQQxePj,YT-82550,YT82550,YATO,Czesci_zamienne_YT-82550.pdf,Czesci_zamienne_YT-82550.pdf,Rysunki wybuchowe,https://drive.google.com/file/d/1UbeXOVGkIi-RC_LEZK3D8RbKnoQQxePj/view?usp=drivesdk,https://drive.google.com/uc?export=download&id=1UbeXOVGkIi-RC_LEZK3D8RbKnoQQxePj,OK,confirmed_or_hard_rule,confirmed,YT-82550,OK
1qq4HdFemgKQ5-wLQDT89K7G0MFZQh34R,YT-82553,YT82553,YATO,Czesci_zamienne_YT-82553.pdf,Czesci_zamienne_YT-82553.pdf,Rysunki wybuchowe,https://drive.google.com/file/d/1qq4HdFemgKQ5-wLQDT89K7G0MFZQh34R/view?usp=drivesdk,https://drive.google.com/uc?export=download&id=1qq4HdFemgKQ5-wLQDT89K7G0MFZQh34R,OK,confirmed_or_hard_rule,confirmed,YT-82553,OK
1asooiVMoym68aGslvcUTdpJhATGjp_zV,YT-82560,YT82560,YATO,Czesci_zamienne_YT-82560.pdf,Czesci_zamienne_YT-82560.pdf,Rysunki wybuchowe,https://drive.google.com/file/d/1asooiVMoym68aGslvcUTdpJhATGjp_zV/view?usp=drivesdk,https://drive.google.com/uc?export=download&id=1asooiVMoym68aGslvcUTdpJhATGjp_zV,OK,confirmed_or_hard_rule,confirmed,YT-82560,OK
1AxU-tKugeTH9Qxp0i6_EBdh6WiAgc-WN,YT-82600,YT82600,YATO,Czesci_zamienne_YT-82600.pdf,Czesci_zamienne_YT-82600.pdf,Rysunki wybuchowe,https://drive.google.com/file/d/1AxU-tKugeTH9Qxp0i6_EBdh6WiAgc-WN/view?usp=drivesdk,https://drive.google.com/uc?export=download&id=1AxU-tKugeTH9Qxp0i6_EBdh6WiAgc-WN,OK,confirmed_or_hard_rule,confirmed,YT-82600,OK
1kXe-P_AvJycmVryOOROXcuN9gUweezpN,YT-82601,YT82601,YATO,Czesci_zamienne_YT-82601.pdf,Czesci_zamienne_YT-82601.pdf,Rysunki wybuchowe,https://drive.google.com/file/d/1kXe-P_AvJycmVryOOROXcuN9gUweezpN/view?usp=drivesdk,https://drive.google.com/uc?export=download&id=1kXe-P_AvJycmVryOOROXcuN9gUweezpN,OK,confirmed_or_hard_rule,confirmed,YT-82601,OK
1RWXr0H-i9kJ7LjoZ_TwlxH6Ssh0S_nXa,YT-82604,YT82604,YATO,Czesci_zamienne_YT-82604.pdf,Czesci_zamienne_YT-82604.pdf,Rysunki wybuchowe,https://drive.google.com/file/d/1RWXr0H-i9kJ7LjoZ_TwlxH6Ssh0S_nXa/view?usp=drivesdk,https://drive.google.com/uc?export=download&id=1RWXr0H-i9kJ7LjoZ_TwlxH6Ssh0S_nXa,OK,confirmed_or_hard_rule,confirmed,YT-82604,OK
1Sh-1UrBnRVyFnhkNwy8VFXWtpBUtUPLa,YT-82605,YT82605,YATO,Czesci_zamienne_YT-82605.pdf,Czesci_zamienne_YT-82605.pdf,Rysunki wybuchowe,https://drive.google.com/file/d/1Sh-1UrBnRVyFnhkNwy8VFXWtpBUtUPLa/view?usp=drivesdk,https://drive.google.com/uc?export=download&id=1Sh-1UrBnRVyFnhkNwy8VFXWtpBUtUPLa,OK,confirmed_or_hard_rule,confirmed,YT-82605,OK
1D2k5SkuJ4vIt3UEBOhiXezc9-1iggsvU,YT-82606,YT82606,YATO,Czesci_zamienne_YT-82606.pdf,Czesci_zamienne_YT-82606.pdf,Rysunki wybuchowe,https://drive.google.com/file/d/1D2k5SkuJ4vIt3UEBOhiXezc9-1iggsvU/view?usp=drivesdk,https://drive.google.com/uc?export=download&id=1D2k5SkuJ4vIt3UEBOhiXezc9-1iggsvU,OK,confirmed_or_hard_rule,confirmed,YT-82606,OK
14JmXkN_lATvyBcYKA2RSPNnYRguD9cXx,YT-82607,YT82607,YATO,Czesci_zamienne_YT-82607.pdf,Czesci_zamienne_YT-82607.pdf,Rysunki wybuchowe,https://drive.google.com/file/d/14JmXkN_lATvyBcYKA2RSPNnYRguD9cXx/view?usp=drivesdk,https://drive.google.com/uc?export=download&id=14JmXkN_lATvyBcYKA2RSPNnYRguD9cXx,OK,confirmed_or_hard_rule,confirmed,YT-82607,OK
1c15hjEeT7t-0W9G1lVQu0qQJ9JCcB-59,YT-82608,YT82608,YATO,Czesci_zamienne_YT-82608.pdf,Czesci_zamienne_YT-82608.pdf,Rysunki wybuchowe,https://drive.google.com/file/d/1c15hjEeT7t-0W9G1lVQu0qQJ9JCcB-59/view?usp=drivesdk,https://drive.google.com/uc?export=download&id=1c15hjEeT7t-0W9G1lVQu0qQJ9JCcB-59,OK,confirmed_or_hard_rule,confirmed,YT-82608,OK
1mBGAD3A6IAzuBjIqTL9MSGRD5O4rfl_D,YT-82609,YT82609,YATO,Czesci_zamienne_YT-82609.pdf,Czesci_zamienne_YT-82609.pdf,Rysunki wybuchowe,https://drive.google.com/file/d/1mBGAD3A6IAzuBjIqTL9MSGRD5O4rfl_D/view?usp=drivesdk,https://drive.google.com/uc?export=download&id=1mBGAD3A6IAzuBjIqTL9MSGRD5O4rfl_D,OK,confirmed_or_hard_rule,confirmed,YT-82609,OK
1F9NIcQxPmDR6VyoJ41MicRYNk9oqqir8,YT-8271,YT8271,YATO,Czesci_zamienne_YT-8271.pdf,Czesci_zamienne_YT-8271.pdf,Rysunki wybuchowe,https://drive.google.com/file/d/1F9NIcQxPmDR6VyoJ41MicRYNk9oqqir8/view?usp=drivesdk,https://drive.google.com/uc?export=download&id=1F9NIcQxPmDR6VyoJ41MicRYNk9oqqir8,OK,confirmed_or_hard_rule,confirmed,YT-8271,OK
1G64ebSOfXulAQkhb4E6AynhGR5hyDeZm,YT-8272,YT8272,YATO,Czesci_zamienne_YT-8272.pdf,Czesci_zamienne_YT-8272.pdf,Rysunki wybuchowe,https://drive.google.com/file/d/1G64ebSOfXulAQkhb4E6AynhGR5hyDeZm/view?usp=drivesdk,https://drive.google.com/uc?export=download&id=1G64ebSOfXulAQkhb4E6AynhGR5hyDeZm,OK,confirmed_or_hard_rule,confirmed,YT-8272,OK
1KMDxaAnDs7Lqn1Sdf1WFbHN2S-y8tABJ,YT-8273,YT8273,YATO,Czesci_zamienne_YT-8273.pdf,Czesci_zamienne_YT-8273.pdf,Rysunki wybuchowe,https://drive.google.com/file/d/1KMDxaAnDs7Lqn1Sdf1WFbHN2S-y8tABJ/view?usp=drivesdk,https://drive.google.com/uc?export=download&id=1KMDxaAnDs7Lqn1Sdf1WFbHN2S-y8tABJ,OK,confirmed_or_hard_rule,confirmed,YT-8273,OK
17s9QQkYVa44zuY8JIJfnimecRvLUNIK0,YT-827533,YT827533,YATO,Czesci_zamienne_YT-827533.pdf,Czesci_zamienne_YT-827533.pdf,Rysunki wybuchowe,https://drive.google.com/file/d/17s9QQkYVa44zuY8JIJfnimecRvLUNIK0/view?usp=drivesdk,https://drive.google.com/uc?export=download&id=17s9QQkYVa44zuY8JIJfnimecRvLUNIK0,OK,confirmed_or_hard_rule,confirmed,YT-827533,OK
1teSYk6iBJZEt5Z4iflDx619lZQyzGD42,YT-82760,YT82760,YATO,Czesci_zamienne_YT-82760.pdf,Czesci_zamienne_YT-82760.pdf,Rysunki wybuchowe,https://drive.google.com/file/d/1teSYk6iBJZEt5Z4iflDx619lZQyzGD42/view?usp=drivesdk,https://drive.google.com/uc?export=download&id=1teSYk6iBJZEt5Z4iflDx619lZQyzGD42,OK,confirmed_or_hard_rule,confirmed,YT-82760,OK
1WHbN_fv1lF1Qm1GEbG0ij3T26MSay-Lb,YT-82763,YT82763,YATO,Czesci_zamienne_YT-82763.pdf,Czesci_zamienne_YT-82763.pdf,Rysunki wybuchowe,https://drive.google.com/file/d/1WHbN_fv1lF1Qm1GEbG0ij3T26MSay-Lb/view?usp=drivesdk,https://drive.google.com/uc?export=download&id=1WHbN_fv1lF1Qm1GEbG0ij3T26MSay-Lb,OK,confirmed_or_hard_rule,confirmed,YT-82763,OK
16LbkIEgrwwn6ek_wADWxYrDid0pRpcbH,YT-82765,YT82765,YATO,Czesci_zamienne_YT-82765.pdf,Czesci_zamienne_YT-82765.pdf,Rysunki wybuchowe,https://drive.google.com/file/d/16LbkIEgrwwn6ek_wADWxYrDid0pRpcbH/view?usp=drivesdk,https://drive.google.com/uc?export=download&id=16LbkIEgrwwn6ek_wADWxYrDid0pRpcbH,OK,confirmed_or_hard_rule,confirmed,YT-82765,OK
11J61dLNQUJVuBEkI8krPK-NPo93vRmIp,YT-82767,YT82767,YATO,Czesci_zamienne_YT-82767.pdf,Czesci_zamienne_YT-82767.pdf,Rysunki wybuchowe,https://drive.google.com/file/d/11J61dLNQUJVuBEkI8krPK-NPo93vRmIp/view?usp=drivesdk,https://drive.google.com/uc?export=download&id=11J61dLNQUJVuBEkI8krPK-NPo93vRmIp,OK,confirmed_or_hard_rule,confirmed,YT-82767,OK
1onRGSADiwM4o7s8HE5DsuaUSG7bhTVab,YT-82770,YT82770,YATO,Czesci_zamienne_YT-82770.pdf,Czesci_zamienne_YT-82770.pdf,Rysunki wybuchowe,https://drive.google.com/file/d/1onRGSADiwM4o7s8HE5DsuaUSG7bhTVab/view?usp=drivesdk,https://drive.google.com/uc?export=download&id=1onRGSADiwM4o7s8HE5DsuaUSG7bhTVab,OK,confirmed_or_hard_rule,confirmed,YT-82770,OK
1P67XFuci8Sqt5SoH5MKt80r0rj7dM1wB,YT-82772,YT82772,YATO,Czesci_zamienne_YT-82772.pdf,Czesci_zamienne_YT-82772.pdf,Rysunki wybuchowe,https://drive.google.com/file/d/1P67XFuci8Sqt5SoH5MKt80r0rj7dM1wB/view?usp=drivesdk,https://drive.google.com/uc?export=download&id=1P67XFuci8Sqt5SoH5MKt80r0rj7dM1wB,OK,confirmed_or_hard_rule,confirmed,YT-82772,OK
1iBWqA1oSPCEFYIKJemHNRWzZIRobMqAm,YT-827721,YT827721,YATO,Czesci_zamienne_YT-827721.pdf,Czesci_zamienne_YT-827721.pdf,Rysunki wybuchowe,https://drive.google.com/file/d/1iBWqA1oSPCEFYIKJemHNRWzZIRobMqAm/view?usp=drivesdk,https://drive.google.com/uc?export=download&id=1iBWqA1oSPCEFYIKJemHNRWzZIRobMqAm,OK,confirmed_or_hard_rule,confirmed,YT-827721,OK
10COoep5_WXbz2P3pMv1CzIct09aiypwc,YT-827722,YT827722,YATO,Czesci_zamienne_YT-827722.pdf,Czesci_zamienne_YT-827722.pdf,Rysunki wybuchowe,https://drive.google.com/file/d/10COoep5_WXbz2P3pMv1CzIct09aiypwc/view?usp=drivesdk,https://drive.google.com/uc?export=download&id=10COoep5_WXbz2P3pMv1CzIct09aiypwc,OK,confirmed_or_hard_rule,confirmed,YT-827722,OK
1lvts_fclxKHgsgNYYeweDdE8tccpaSWK,YT-827723,YT827723,YATO,Czesci_zamienne_YT-827723.pdf,Czesci_zamienne_YT-827723.pdf,Rysunki wybuchowe,https://drive.google.com/file/d/1lvts_fclxKHgsgNYYeweDdE8tccpaSWK/view?usp=drivesdk,https://drive.google.com/uc?export=download&id=1lvts_fclxKHgsgNYYeweDdE8tccpaSWK,OK,confirmed_or_hard_rule,confirmed,YT-827723,OK
11dYjd_1vL2TXQ4iiD3n9vb5vFhrumsn3,YT-827788,YT827788,YATO,Czesci_zamienne_YT-827788.pdf,Czesci_zamienne_YT-827788.pdf,Rysunki wybuchowe,https://drive.google.com/file/d/11dYjd_1vL2TXQ4iiD3n9vb5vFhrumsn3/view?usp=drivesdk,https://drive.google.com/uc?export=download&id=11dYjd_1vL2TXQ4iiD3n9vb5vFhrumsn3,OK,confirmed_or_hard_rule,confirmed,YT-827788,OK
1VO5rC8-hqBsCNOs_mNZs91YRrhMcRuN0,YT-827790,YT827790,YATO,Czesci_zamienne_YT-827790.pdf,Czesci_zamienne_YT-827790.pdf,Rysunki wybuchowe,https://drive.google.com/file/d/1VO5rC8-hqBsCNOs_mNZs91YRrhMcRuN0/view?usp=drivesdk,https://drive.google.com/uc?export=download&id=1VO5rC8-hqBsCNOs_mNZs91YRrhMcRuN0,OK,confirmed_or_hard_rule,confirmed,YT-827790,OK
1GHHmBftW1jSgxZF6OVydFL3R0yS5YpRg,YT-8277905,YT8277905,YATO,Czesci_zamienne_YT-8277905.pdf,Czesci_zamienne_YT-8277905.pdf,Rysunki wybuchowe,https://drive.google.com/file/d/1GHHmBftW1jSgxZF6OVydFL3R0yS5YpRg/view?usp=drivesdk,https://drive.google.com/uc?export=download&id=1GHHmBftW1jSgxZF6OVydFL3R0yS5YpRg,OK,confirmed_or_hard_rule,confirmed,YT-8277905,OK
1hQHw-XdMFvYDG3LrHFYYD9kk1jEFI7iK,YT-827791,YT827791,YATO,Czesci_zamienne_YT-827791.pdf,Czesci_zamienne_YT-827791.pdf,Rysunki wybuchowe,https://drive.google.com/file/d/1hQHw-XdMFvYDG3LrHFYYD9kk1jEFI7iK/view?usp=drivesdk,https://drive.google.com/uc?export=download&id=1hQHw-XdMFvYDG3LrHFYYD9kk1jEFI7iK,OK,confirmed_or_hard_rule,confirmed,YT-827791,OK
1sfYXPkWRa0bmXGfgydtgANIH2y6iippL,YT-8277915,YT8277915,YATO,Czesci_zamienne_YT-8277915.pdf,Czesci_zamienne_YT-8277915.pdf,Rysunki wybuchowe,https://drive.google.com/file/d/1sfYXPkWRa0bmXGfgydtgANIH2y6iippL/view?usp=drivesdk,https://drive.google.com/uc?export=download&id=1sfYXPkWRa0bmXGfgydtgANIH2y6iippL,OK,confirmed_or_hard_rule,confirmed,YT-8277915,OK
1Gnoo9ohcE7nflrAEtDcjBL2WJ32w_wtE,YT-827792,YT827792,YATO,Czesci_zamienne_YT-827792.pdf,Czesci_zamienne_YT-827792.pdf,Rysunki wybuchowe,https://drive.google.com/file/d/1Gnoo9ohcE7nflrAEtDcjBL2WJ32w_wtE/view?usp=drivesdk,https://drive.google.com/uc?export=download&id=1Gnoo9ohcE7nflrAEtDcjBL2WJ32w_wtE,OK,confirmed_or_hard_rule,confirmed,YT-827792,OK
16a5g-3G0xzpY6c0yJ7RbweT7zImQT7BF,YT-827793,YT827793,YATO,Czesci_zamienne_YT-827793.pdf,Czesci_zamienne_YT-827793.pdf,Rysunki wybuchowe,https://drive.google.com/file/d/16a5g-3G0xzpY6c0yJ7RbweT7zImQT7BF/view?usp=drivesdk,https://drive.google.com/uc?export=download&id=16a5g-3G0xzpY6c0yJ7RbweT7zImQT7BF,OK,confirmed_or_hard_rule,confirmed,YT-827793,OK
1AEoY9ge5DH5Fdc5AeUbxiVpUqia8bRRN,YT-8277935,YT8277935,YATO,Czesci_zamienne_YT-8277935.pdf,Czesci_zamienne_YT-8277935.pdf,Rysunki wybuchowe,https://drive.google.com/file/d/1AEoY9ge5DH5Fdc5AeUbxiVpUqia8bRRN/view?usp=drivesdk,https://drive.google.com/uc?export=download&id=1AEoY9ge5DH5Fdc5AeUbxiVpUqia8bRRN,OK,confirmed_or_hard_rule,confirmed,YT-8277935,OK
18m1QdR5XyAirPAn10mRO3ok2pjA2wAxm,YT-827795,YT827795,YATO,Czesci_zamienne_YT-827795.pdf,Czesci_zamienne_YT-827795.pdf,Rysunki wybuchowe,https://drive.google.com/file/d/18m1QdR5XyAirPAn10mRO3ok2pjA2wAxm/view?usp=drivesdk,https://drive.google.com/uc?export=download&id=18m1QdR5XyAirPAn10mRO3ok2pjA2wAxm,OK,confirmed_or_hard_rule,confirmed,YT-827795,OK
1AaQYj9fdlaeCbvPU6HtTgxUVoK9_XCeW,YT-82780,YT82780,YATO,Czesci_zamienne_YT-82780.pdf,Czesci_zamienne_YT-82780.pdf,Rysunki wybuchowe,https://drive.google.com/file/d/1AaQYj9fdlaeCbvPU6HtTgxUVoK9_XCeW/view?usp=drivesdk,https://drive.google.com/uc?export=download&id=1AaQYj9fdlaeCbvPU6HtTgxUVoK9_XCeW,OK,confirmed_or_hard_rule,confirmed,YT-82780,OK
1rsLi9Ldxf-3khp6frg4lOkIkprUJINF-,YT-82781,YT82781,YATO,Czesci_zamienne_YT-82781.pdf,Czesci_zamienne_YT-82781.pdf,Rysunki wybuchowe,https://drive.google.com/file/d/1rsLi9Ldxf-3khp6frg4lOkIkprUJINF-/view?usp=drivesdk,https://drive.google.com/uc?export=download&id=1rsLi9Ldxf-3khp6frg4lOkIkprUJINF-,OK,confirmed_or_hard_rule,confirmed,YT-82781,OK
1SqgCGrlbXwi07yVE8TsSlE5o46cWzxw1,YT-82782,YT82782,YATO,Czesci_zamienne_YT-82782.pdf,Czesci_zamienne_YT-82782.pdf,Rysunki wybuchowe,https://drive.google.com/file/d/1SqgCGrlbXwi07yVE8TsSlE5o46cWzxw1/view?usp=drivesdk,https://drive.google.com/uc?export=download&id=1SqgCGrlbXwi07yVE8TsSlE5o46cWzxw1,OK,confirmed_or_hard_rule,confirmed,YT-82782,OK
1pRNfaSDxu2739QBywpRQwtenHUbSuzRj,YT-827820,YT827820,YATO,Czesci_zamienne_YT-827820.pdf,Czesci_zamienne_YT-827820.pdf,Rysunki wybuchowe,https://drive.google.com/file/d/1pRNfaSDxu2739QBywpRQwtenHUbSuzRj/view?usp=drivesdk,https://drive.google.com/uc?export=download&id=1pRNfaSDxu2739QBywpRQwtenHUbSuzRj,OK,confirmed_or_hard_rule,confirmed,YT-827820,OK
1IqCR6lVdiA2FpR01AR74Q0UQaOZv5O8i,YT-827821,YT827821,YATO,Czesci_zamienne_YT-827821.pdf,Czesci_zamienne_YT-827821.pdf,Rysunki wybuchowe,https://drive.google.com/file/d/1IqCR6lVdiA2FpR01AR74Q0UQaOZv5O8i/view?usp=drivesdk,https://drive.google.com/uc?export=download&id=1IqCR6lVdiA2FpR01AR74Q0UQaOZv5O8i,OK,confirmed_or_hard_rule,confirmed,YT-827821,OK
1UPFiHlVWBCLRCSeHg5r9eirKJuvedMby,YT-827822,YT827822,YATO,Czesci_zamienne_YT-827822.pdf,Czesci_zamienne_YT-827822.pdf,Rysunki wybuchowe,https://drive.google.com/file/d/1UPFiHlVWBCLRCSeHg5r9eirKJuvedMby/view?usp=drivesdk,https://drive.google.com/uc?export=download&id=1UPFiHlVWBCLRCSeHg5r9eirKJuvedMby,OK,confirmed_or_hard_rule,confirmed,YT-827822,OK
1n2J4tmggUnIG_SEf5x8NmwHGRd5xmwLo,YT-82783,YT82783,YATO,Czesci_zamienne_YT-82783.pdf,Czesci_zamienne_YT-82783.pdf,Rysunki wybuchowe,https://drive.google.com/file/d/1n2J4tmggUnIG_SEf5x8NmwHGRd5xmwLo/view?usp=drivesdk,https://drive.google.com/uc?export=download&id=1n2J4tmggUnIG_SEf5x8NmwHGRd5xmwLo,OK,confirmed_or_hard_rule,confirmed,YT-82783,OK
1LB5vHo87yb7o-_V2gX3rdBli9hsvayj7,YT-82784,YT82784,YATO,Czesci_zamienne_YT-82784.pdf,Czesci_zamienne_YT-82784.pdf,Rysunki wybuchowe,https://drive.google.com/file/d/1LB5vHo87yb7o-_V2gX3rdBli9hsvayj7/view?usp=drivesdk,https://drive.google.com/uc?export=download&id=1LB5vHo87yb7o-_V2gX3rdBli9hsvayj7,OK,confirmed_or_hard_rule,confirmed,YT-82784,OK
1Ir3f1gtIwz8fSlNLdgszBbrBTaMgXQ5F,YT-82786,YT82786,YATO,Czesci_zamienne_YT-82786.pdf,Czesci_zamienne_YT-82786.pdf,Rysunki wybuchowe,https://drive.google.com/file/d/1Ir3f1gtIwz8fSlNLdgszBbrBTaMgXQ5F/view?usp=drivesdk,https://drive.google.com/uc?export=download&id=1Ir3f1gtIwz8fSlNLdgszBbrBTaMgXQ5F,OK,confirmed_or_hard_rule,confirmed,YT-82786,OK
1_0f6frmS95PonEMk2oqW-fjIiTBBYIqN,YT-82787,YT82787,YATO,Czesci_zamienne_YT-82787.pdf,Czesci_zamienne_YT-82787.pdf,Rysunki wybuchowe,https://drive.google.com/file/d/1_0f6frmS95PonEMk2oqW-fjIiTBBYIqN/view?usp=drivesdk,https://drive.google.com/uc?export=download&id=1_0f6frmS95PonEMk2oqW-fjIiTBBYIqN,OK,confirmed_or_hard_rule,confirmed,YT-82787,OK
1Z6sp_eLycD0eRBqMLLj3vmYjAsJENKgP,YT-82788,YT82788,YATO,Czesci_zamienne_YT-82788.pdf,Czesci_zamienne_YT-82788.pdf,Rysunki wybuchowe,https://drive.google.com/file/d/1Z6sp_eLycD0eRBqMLLj3vmYjAsJENKgP/view?usp=drivesdk,https://drive.google.com/uc?export=download&id=1Z6sp_eLycD0eRBqMLLj3vmYjAsJENKgP,OK,confirmed_or_hard_rule,confirmed,YT-82788,OK
1j8DZXvwMqWXzc8ZqI0PIN1bu1o93wz3q,YT-82789,YT82789,YATO,Czesci_zamienne_YT-82789.pdf,Czesci_zamienne_YT-82789.pdf,Rysunki wybuchowe,https://drive.google.com/file/d/1j8DZXvwMqWXzc8ZqI0PIN1bu1o93wz3q/view?usp=drivesdk,https://drive.google.com/uc?export=download&id=1j8DZXvwMqWXzc8ZqI0PIN1bu1o93wz3q,OK,confirmed_or_hard_rule,confirmed,YT-82789,OK
1Ot8Phcy_9uwSGH97qBKFtXkmQGjy8VR8,YT-82794,YT82794,YATO,Czesci_zamienne_YT-82794.pdf,Czesci_zamienne_YT-82794.pdf,Rysunki wybuchowe,https://drive.google.com/file/d/1Ot8Phcy_9uwSGH97qBKFtXkmQGjy8VR8/view?usp=drivesdk,https://drive.google.com/uc?export=download&id=1Ot8Phcy_9uwSGH97qBKFtXkmQGjy8VR8,OK,confirmed_or_hard_rule,confirmed,YT-82794,OK
15IQzi4SkxT9lrSUQP0T29rjpj8Wb-xzi,YT-82795,YT82795,YATO,Czesci_zamienne_YT-82795.pdf,Czesci_zamienne_YT-82795.pdf,Rysunki wybuchowe,https://drive.google.com/file/d/15IQzi4SkxT9lrSUQP0T29rjpj8Wb-xzi/view?usp=drivesdk,https://drive.google.com/uc?export=download&id=15IQzi4SkxT9lrSUQP0T29rjpj8Wb-xzi,OK,confirmed_or_hard_rule,confirmed,YT-82795,OK
1IG-5DIJiW39IAClm8peVvJxNR0aQSSZV,YT-82796,YT82796,YATO,Czesci_zamienne_YT-82796.pdf,Czesci_zamienne_YT-82796.pdf,Rysunki wybuchowe,https://drive.google.com/file/d/1IG-5DIJiW39IAClm8peVvJxNR0aQSSZV/view?usp=drivesdk,https://drive.google.com/uc?export=download&id=1IG-5DIJiW39IAClm8peVvJxNR0aQSSZV,OK,confirmed_or_hard_rule,confirmed,YT-82796,OK
1Xy1vTjsBVufsznP13kb38YZsQ95JjZLg,YT-82797,YT82797,YATO,Czesci_zamienne_YT-82797.pdf,Czesci_zamienne_YT-82797.pdf,Rysunki wybuchowe,https://drive.google.com/file/d/1Xy1vTjsBVufsznP13kb38YZsQ95JjZLg/view?usp=drivesdk,https://drive.google.com/uc?export=download&id=1Xy1vTjsBVufsznP13kb38YZsQ95JjZLg,OK,confirmed_or_hard_rule,confirmed,YT-82797,OK
1rzqrbA8GJuGsFXYfFxfXsIttAwC1J9uW,YT-82798,YT82798,YATO,Czesci_zamienne_YT-82798.pdf,Czesci_zamienne_YT-82798.pdf,Rysunki wybuchowe,https://drive.google.com/file/d/1rzqrbA8GJuGsFXYfFxfXsIttAwC1J9uW/view?usp=drivesdk,https://drive.google.com/uc?export=download&id=1rzqrbA8GJuGsFXYfFxfXsIttAwC1J9uW,OK,confirmed_or_hard_rule,confirmed,YT-82798,OK
1E2ChE5LaeAOQePYm684AqwsXfOjCqIVk,YT-82799,YT82799,YATO,Czesci_zamienne_YT-82799.pdf,Czesci_zamienne_YT-82799.pdf,Rysunki wybuchowe,https://drive.google.com/file/d/1E2ChE5LaeAOQePYm684AqwsXfOjCqIVk/view?usp=drivesdk,https://drive.google.com/uc?export=download&id=1E2ChE5LaeAOQePYm684AqwsXfOjCqIVk,OK,confirmed_or_hard_rule,confirmed,YT-82799,OK
1R4RvX6N4VdKH0ZfBfumINxaxzgg8a-QI,YT-82800,YT82800,YATO,Czesci_zamienne_YT-82800.pdf,Czesci_zamienne_YT-82800.pdf,Rysunki wybuchowe,https://drive.google.com/file/d/1R4RvX6N4VdKH0ZfBfumINxaxzgg8a-QI/view?usp=drivesdk,https://drive.google.com/uc?export=download&id=1R4RvX6N4VdKH0ZfBfumINxaxzgg8a-QI,OK,confirmed_or_hard_rule,confirmed,YT-82800,OK
1i9RIkQmuQgjYrj0S-Swyw3keoRkGfsA2,YT-82801,YT82801,YATO,Czesci_zamienne_YT-82801.pdf,Czesci_zamienne_YT-82801.pdf,Rysunki wybuchowe,https://drive.google.com/file/d/1i9RIkQmuQgjYrj0S-Swyw3keoRkGfsA2/view?usp=drivesdk,https://drive.google.com/uc?export=download&id=1i9RIkQmuQgjYrj0S-Swyw3keoRkGfsA2,OK,confirmed_or_hard_rule,confirmed,YT-82801,OK
13WAUxuTodc_65LTLO7T1Jy3mgypowF1P,YT-82802,YT82802,YATO,Czesci_zamienne_YT-82802.pdf,Czesci_zamienne_YT-82802.pdf,Rysunki wybuchowe,https://drive.google.com/file/d/13WAUxuTodc_65LTLO7T1Jy3mgypowF1P/view?usp=drivesdk,https://drive.google.com/uc?export=download&id=13WAUxuTodc_65LTLO7T1Jy3mgypowF1P,OK,confirmed_or_hard_rule,confirmed,YT-82802,OK
1WZAS0U_vNB0iO2LwV-ChitC0xjGaW2_i,YT-828030,YT828030,YATO,Czesci_zamienne_YT-828030.pdf,Czesci_zamienne_YT-828030.pdf,Rysunki wybuchowe,https://drive.google.com/file/d/1WZAS0U_vNB0iO2LwV-ChitC0xjGaW2_i/view?usp=drivesdk,https://drive.google.com/uc?export=download&id=1WZAS0U_vNB0iO2LwV-ChitC0xjGaW2_i,OK,confirmed_or_hard_rule,confirmed,YT-828030,OK
1DGHZcfwFCBOGXIgkmRB-yjjXIBY01IBK,YT-828031,YT828031,YATO,Czesci_zamienne_YT-828031.pdf,Czesci_zamienne_YT-828031.pdf,Rysunki wybuchowe,https://drive.google.com/file/d/1DGHZcfwFCBOGXIgkmRB-yjjXIBY01IBK/view?usp=drivesdk,https://drive.google.com/uc?export=download&id=1DGHZcfwFCBOGXIgkmRB-yjjXIBY01IBK,OK,confirmed_or_hard_rule,confirmed,YT-828031,OK
1OyXH_PUO1ciGNPkI0LaMYLMTmqtEXhOa,YT-828033,YT828033,YATO,Czesci_zamienne_YT-828033.pdf,Czesci_zamienne_YT-828033.pdf,Rysunki wybuchowe,https://drive.google.com/file/d/1OyXH_PUO1ciGNPkI0LaMYLMTmqtEXhOa/view?usp=drivesdk,https://drive.google.com/uc?export=download&id=1OyXH_PUO1ciGNPkI0LaMYLMTmqtEXhOa,OK,confirmed_or_hard_rule,confirmed,YT-828033,OK
1wsnom2o91CAcUSKvDuoTLvnKgiwKVTzW,YT-828035,YT828035,YATO,Czesci_zamienne_YT-828035.pdf,Czesci_zamienne_YT-828035.pdf,Rysunki wybuchowe,https://drive.google.com/file/d/1wsnom2o91CAcUSKvDuoTLvnKgiwKVTzW/view?usp=drivesdk,https://drive.google.com/uc?export=download&id=1wsnom2o91CAcUSKvDuoTLvnKgiwKVTzW,OK,confirmed_or_hard_rule,confirmed,YT-828035,OK
1JKHWJNQJ10ZU4SLqDI_OGowmbzN-OOWA,YT-82804,YT82804,YATO,Czesci_zamienne_YT-82804.pdf,Czesci_zamienne_YT-82804.pdf,Rysunki wybuchowe,https://drive.google.com/file/d/1JKHWJNQJ10ZU4SLqDI_OGowmbzN-OOWA/view?usp=drivesdk,https://drive.google.com/uc?export=download&id=1JKHWJNQJ10ZU4SLqDI_OGowmbzN-OOWA,OK,confirmed_or_hard_rule,confirmed,YT-82804,OK
1Rhlz3wRNyUJQLVJYd4zxJdsRSG5xEOJk,YT-82805,YT82805,YATO,Czesci_zamienne_YT-82805.pdf,Czesci_zamienne_YT-82805.pdf,Rysunki wybuchowe,https://drive.google.com/file/d/1Rhlz3wRNyUJQLVJYd4zxJdsRSG5xEOJk/view?usp=drivesdk,https://drive.google.com/uc?export=download&id=1Rhlz3wRNyUJQLVJYd4zxJdsRSG5xEOJk,OK,confirmed_or_hard_rule,confirmed,YT-82805,OK
1Axwhy_phQDTg_koleDdMPFugFhZEXjr6,YT-82806,YT82806,YATO,Czesci_zamienne_YT-82806.pdf,Czesci_zamienne_YT-82806.pdf,Rysunki wybuchowe,https://drive.google.com/file/d/1Axwhy_phQDTg_koleDdMPFugFhZEXjr6/view?usp=drivesdk,https://drive.google.com/uc?export=download&id=1Axwhy_phQDTg_koleDdMPFugFhZEXjr6,OK,confirmed_or_hard_rule,confirmed,YT-82806,OK
1TA63i3xRyfDxGmHky9vXAj_C1rco8Prv,YT-828063,YT828063,YATO,Czesci_zamienne_YT-828063.pdf,Czesci_zamienne_YT-828063.pdf,Rysunki wybuchowe,https://drive.google.com/file/d/1TA63i3xRyfDxGmHky9vXAj_C1rco8Prv/view?usp=drivesdk,https://drive.google.com/uc?export=download&id=1TA63i3xRyfDxGmHky9vXAj_C1rco8Prv,OK,confirmed_or_hard_rule,confirmed,YT-828063,OK
124R0n8t8kNndd1zoTi2XMTwD3uL_20w4,YT-828064,YT828064,YATO,Czesci_zamienne_YT-828064.pdf,Czesci_zamienne_YT-828064.pdf,Rysunki wybuchowe,https://drive.google.com/file/d/124R0n8t8kNndd1zoTi2XMTwD3uL_20w4/view?usp=drivesdk,https://drive.google.com/uc?export=download&id=124R0n8t8kNndd1zoTi2XMTwD3uL_20w4,OK,confirmed_or_hard_rule,confirmed,YT-828064,OK
1XwDmwN1p08iQbcEwr8lj5rWzsFeGR3lw,YT-828065,YT828065,YATO,Czesci_zamienne_YT-828065.pdf,Czesci_zamienne_YT-828065.pdf,Rysunki wybuchowe,https://drive.google.com/file/d/1XwDmwN1p08iQbcEwr8lj5rWzsFeGR3lw/view?usp=drivesdk,https://drive.google.com/uc?export=download&id=1XwDmwN1p08iQbcEwr8lj5rWzsFeGR3lw,OK,confirmed_or_hard_rule,confirmed,YT-828065,OK
1JDZkybXOz07x6e_ABtGNAcCFJ6vp1S3V,YT-828066,YT828066,YATO,Czesci_zamienne_YT-828066.pdf,Czesci_zamienne_YT-828066.pdf,Rysunki wybuchowe,https://drive.google.com/file/d/1JDZkybXOz07x6e_ABtGNAcCFJ6vp1S3V/view?usp=drivesdk,https://drive.google.com/uc?export=download&id=1JDZkybXOz07x6e_ABtGNAcCFJ6vp1S3V,OK,confirmed_or_hard_rule,confirmed,YT-828066,OK
1qeTiT8BT8jdaWAZzpaW8H5U-dMI3srTw,YT-828067,YT828067,YATO,Czesci_zamienne_YT-828067.pdf,Czesci_zamienne_YT-828067.pdf,Rysunki wybuchowe,https://drive.google.com/file/d/1qeTiT8BT8jdaWAZzpaW8H5U-dMI3srTw/view?usp=drivesdk,https://drive.google.com/uc?export=download&id=1qeTiT8BT8jdaWAZzpaW8H5U-dMI3srTw,OK,confirmed_or_hard_rule,confirmed,YT-828067,OK
1SUWfQ_fsupP1B69O9FmI0EtCv3a4Ym8l,YT-828068,YT828068,YATO,Czesci_zamienne_YT-828068.pdf,Czesci_zamienne_YT-828068.pdf,Rysunki wybuchowe,https://drive.google.com/file/d/1SUWfQ_fsupP1B69O9FmI0EtCv3a4Ym8l/view?usp=drivesdk,https://drive.google.com/uc?export=download&id=1SUWfQ_fsupP1B69O9FmI0EtCv3a4Ym8l,OK,confirmed_or_hard_rule,confirmed,YT-828068,OK
14jkq5b6ZNM7nePDpRO4GXVyKziYvEOYQ,YT-828071,YT828071,YATO,Czesci_zamienne_YT-828071.pdf,Czesci_zamienne_YT-828071.pdf,Rysunki wybuchowe,https://drive.google.com/file/d/14jkq5b6ZNM7nePDpRO4GXVyKziYvEOYQ/view?usp=drivesdk,https://drive.google.com/uc?export=download&id=14jkq5b6ZNM7nePDpRO4GXVyKziYvEOYQ,OK,confirmed_or_hard_rule,confirmed,YT-828071,OK
1zL4_2l2ghOqBnVl_SGlVyolL1Eqn0xTv,YT-828072,YT828072,YATO,Czesci_zamienne_YT-828072.pdf,Czesci_zamienne_YT-828072.pdf,Rysunki wybuchowe,https://drive.google.com/file/d/1zL4_2l2ghOqBnVl_SGlVyolL1Eqn0xTv/view?usp=drivesdk,https://drive.google.com/uc?export=download&id=1zL4_2l2ghOqBnVl_SGlVyolL1Eqn0xTv,OK,confirmed_or_hard_rule,confirmed,YT-828072,OK
1kno3-xI3bUmld7GQptBracx9wy9I1SsY,YT-828073,YT828073,YATO,Czesci_zamienne_YT-828073.pdf,Czesci_zamienne_YT-828073.pdf,Rysunki wybuchowe,https://drive.google.com/file/d/1kno3-xI3bUmld7GQptBracx9wy9I1SsY/view?usp=drivesdk,https://drive.google.com/uc?export=download&id=1kno3-xI3bUmld7GQptBracx9wy9I1SsY,OK,confirmed_or_hard_rule,confirmed,YT-828073,OK
1Kb9nQPOPJlJIFLwzBmagzAGxYFxGn0gb,YT-828074,YT828074,YATO,Czesci_zamienne_YT-828074.pdf,Czesci_zamienne_YT-828074.pdf,Rysunki wybuchowe,https://drive.google.com/file/d/1Kb9nQPOPJlJIFLwzBmagzAGxYFxGn0gb/view?usp=drivesdk,https://drive.google.com/uc?export=download&id=1Kb9nQPOPJlJIFLwzBmagzAGxYFxGn0gb,OK,confirmed_or_hard_rule,confirmed,YT-828074,OK
1lQT4KXflNdmr1dKTGZTyLcnZx2XQSqHR,YT-828075,YT828075,YATO,Czesci_zamienne_YT-828075_YT-828076.pdf,Czesci_zamienne_YT-828075_YT-828076.pdf,Rysunki wybuchowe,https://drive.google.com/file/d/1lQT4KXflNdmr1dKTGZTyLcnZx2XQSqHR/view?usp=drivesdk,https://drive.google.com/uc?export=download&id=1lQT4KXflNdmr1dKTGZTyLcnZx2XQSqHR,OK_MULTIMODEL,confirmed_or_hard_rule,confirmed,"YT-828075, YT-828076",OK
1lQT4KXflNdmr1dKTGZTyLcnZx2XQSqHR,YT-828076,YT828076,YATO,Czesci_zamienne_YT-828075_YT-828076.pdf,Czesci_zamienne_YT-828075_YT-828076.pdf,Rysunki wybuchowe,https://drive.google.com/file/d/1lQT4KXflNdmr1dKTGZTyLcnZx2XQSqHR/view?usp=drivesdk,https://drive.google.com/uc?export=download&id=1lQT4KXflNdmr1dKTGZTyLcnZx2XQSqHR,ALIAS_MODEL,confirmed_or_hard_rule,confirmed,"YT-828075, YT-828076",OK
1cXIaXCuSpRqhOwnZj4jwhTaHo5g8HP6g,YT-82808,YT82808,YATO,Czesci_zamienne_YT-82808.pdf,Czesci_zamienne_YT-82808.pdf,Rysunki wybuchowe,https://drive.google.com/file/d/1cXIaXCuSpRqhOwnZj4jwhTaHo5g8HP6g/view?usp=drivesdk,https://drive.google.com/uc?export=download&id=1cXIaXCuSpRqhOwnZj4jwhTaHo5g8HP6g,OK,confirmed_or_hard_rule,confirmed,YT-82808,OK
1CNaKLiR0tT0HB-3E0uswxxnKfoEMW_sg,YT-82809,YT82809,YATO,Czesci_zamienne_YT-82809.pdf,Czesci_zamienne_YT-82809.pdf,Rysunki wybuchowe,https://drive.google.com/file/d/1CNaKLiR0tT0HB-3E0uswxxnKfoEMW_sg/view?usp=drivesdk,https://drive.google.com/uc?export=download&id=1CNaKLiR0tT0HB-3E0uswxxnKfoEMW_sg,OK,confirmed_or_hard_rule,confirmed,YT-82809,OK
1QYMIXRxGfxB6zAtdeNaeVWqamf1cmmKG,YT-82810,YT82810,YATO,Czesci_zamienne_YT-82810.pdf,Czesci_zamienne_YT-82810.pdf,Rysunki wybuchowe,https://drive.google.com/file/d/1QYMIXRxGfxB6zAtdeNaeVWqamf1cmmKG/view?usp=drivesdk,https://drive.google.com/uc?export=download&id=1QYMIXRxGfxB6zAtdeNaeVWqamf1cmmKG,OK,confirmed_or_hard_rule,confirmed,YT-82810,OK
1zr4zDwE_ixtrSTpANU_tVWOaUyK3UOV-,YT-82811,YT82811,YATO,Czesci_zamienne_YT-82811.pdf,Czesci_zamienne_YT-82811.pdf,Rysunki wybuchowe,https://drive.google.com/file/d/1zr4zDwE_ixtrSTpANU_tVWOaUyK3UOV-/view?usp=drivesdk,https://drive.google.com/uc?export=download&id=1zr4zDwE_ixtrSTpANU_tVWOaUyK3UOV-,OK,confirmed_or_hard_rule,confirmed,YT-82811,OK
1xSEkF_PE4oqfw0TYhocqR4-rbYJNTtM4,YT-828118,YT828118,YATO,Czesci_zamienne_YT-828118_YT-8281185.pdf,Czesci_zamienne_YT-828118_YT-8281185.pdf,Rysunki wybuchowe,https://drive.google.com/file/d/1xSEkF_PE4oqfw0TYhocqR4-rbYJNTtM4/view?usp=drivesdk,https://drive.google.com/uc?export=download&id=1xSEkF_PE4oqfw0TYhocqR4-rbYJNTtM4,OK_MULTIMODEL,confirmed_or_hard_rule,confirmed,"YT-828118, YT-8281185",OK
1xSEkF_PE4oqfw0TYhocqR4-rbYJNTtM4,YT-8281185,YT8281185,YATO,Czesci_zamienne_YT-828118_YT-8281185.pdf,Czesci_zamienne_YT-828118_YT-8281185.pdf,Rysunki wybuchowe,https://drive.google.com/file/d/1xSEkF_PE4oqfw0TYhocqR4-rbYJNTtM4/view?usp=drivesdk,https://drive.google.com/uc?export=download&id=1xSEkF_PE4oqfw0TYhocqR4-rbYJNTtM4,ALIAS_MODEL,confirmed_or_hard_rule,confirmed,"YT-828118, YT-8281185",OK
1oU9x31rtEbs4RDgd_AIBpwFd_QJkgpdU,YT-82812,YT82812,YATO,Czesci_zamienne_YT-82812.pdf,Czesci_zamienne_YT-82812.pdf,Rysunki wybuchowe,https://drive.google.com/file/d/1oU9x31rtEbs4RDgd_AIBpwFd_QJkgpdU/view?usp=drivesdk,https://drive.google.com/uc?export=download&id=1oU9x31rtEbs4RDgd_AIBpwFd_QJkgpdU,OK,confirmed_or_hard_rule,confirmed,YT-82812,OK
1jhRArf6VNtCS9zt9O13YihqQrAwyfz80,YT-82813,YT82813,YATO,Czesci_zamienne_YT-82813.pdf,Czesci_zamienne_YT-82813.pdf,Rysunki wybuchowe,https://drive.google.com/file/d/1jhRArf6VNtCS9zt9O13YihqQrAwyfz80/view?usp=drivesdk,https://drive.google.com/uc?export=download&id=1jhRArf6VNtCS9zt9O13YihqQrAwyfz80,OK,confirmed_or_hard_rule,confirmed,YT-82813,OK
1FibpsbYGBemnqS0iWycTaKaVxDszWOog,YT-828131,YT828131,YATO,Czesci_zamienne_YT-828131.pdf,Czesci_zamienne_YT-828131.pdf,Rysunki wybuchowe,https://drive.google.com/file/d/1FibpsbYGBemnqS0iWycTaKaVxDszWOog/view?usp=drivesdk,https://drive.google.com/uc?export=download&id=1FibpsbYGBemnqS0iWycTaKaVxDszWOog,OK,confirmed_or_hard_rule,confirmed,YT-828131,OK
1fKpHrpxkKPqcgrygYSn7S389OKqnGE64,YT-828132,YT828132,YATO,Czesci_zamienne_YT-828132.pdf,Czesci_zamienne_YT-828132.pdf,Rysunki wybuchowe,https://drive.google.com/file/d/1fKpHrpxkKPqcgrygYSn7S389OKqnGE64/view?usp=drivesdk,https://drive.google.com/uc?export=download&id=1fKpHrpxkKPqcgrygYSn7S389OKqnGE64,OK,confirmed_or_hard_rule,confirmed,YT-828132,OK
1kBOU87O_on8RSsDkQZIPLR_sWHbd414p,YT-828133,YT828133,YATO,Czesci_zamienne_YT-828133.pdf,Czesci_zamienne_YT-828133.pdf,Rysunki wybuchowe,https://drive.google.com/file/d/1kBOU87O_on8RSsDkQZIPLR_sWHbd414p/view?usp=drivesdk,https://drive.google.com/uc?export=download&id=1kBOU87O_on8RSsDkQZIPLR_sWHbd414p,OK,confirmed_or_hard_rule,confirmed,YT-828133,OK
1lKa_nhpwX5MZs58eykEJNuSNiRabSg-h,YT-828134,YT828134,YATO,Czesci_zamienne_YT-828134.pdf,Czesci_zamienne_YT-828134.pdf,Rysunki wybuchowe,https://drive.google.com/file/d/1lKa_nhpwX5MZs58eykEJNuSNiRabSg-h/view?usp=drivesdk,https://drive.google.com/uc?export=download&id=1lKa_nhpwX5MZs58eykEJNuSNiRabSg-h,OK,confirmed_or_hard_rule,confirmed,YT-828134,OK
1ku3ToL7VhNsUZ9hbrNjw1u_lltY9KaeK,YT-828135,YT828135,YATO,Czesci_zamienne_YT-828135_YT-828136.pdf,Czesci_zamienne_YT-828135_YT-828136.pdf,Rysunki wybuchowe,https://drive.google.com/file/d/1ku3ToL7VhNsUZ9hbrNjw1u_lltY9KaeK/view?usp=drivesdk,https://drive.google.com/uc?export=download&id=1ku3ToL7VhNsUZ9hbrNjw1u_lltY9KaeK,OK_MULTIMODEL,confirmed_or_hard_rule,confirmed,"YT-828135, YT-828136",OK
1ku3ToL7VhNsUZ9hbrNjw1u_lltY9KaeK,YT-828136,YT828136,YATO,Czesci_zamienne_YT-828135_YT-828136.pdf,Czesci_zamienne_YT-828135_YT-828136.pdf,Rysunki wybuchowe,https://drive.google.com/file/d/1ku3ToL7VhNsUZ9hbrNjw1u_lltY9KaeK/view?usp=drivesdk,https://drive.google.com/uc?export=download&id=1ku3ToL7VhNsUZ9hbrNjw1u_lltY9KaeK,ALIAS_MODEL,confirmed_or_hard_rule,confirmed,"YT-828135, YT-828136",OK
1jIkQAdT2TDeC6ztGL9fvMVoSW8DBNND1,YT-828137,YT828137,YATO,Czesci_zamienne_YT-828137_YT-828138.pdf,Czesci_zamienne_YT-828137_YT-828138.pdf,Rysunki wybuchowe,https://drive.google.com/file/d/1jIkQAdT2TDeC6ztGL9fvMVoSW8DBNND1/view?usp=drivesdk,https://drive.google.com/uc?export=download&id=1jIkQAdT2TDeC6ztGL9fvMVoSW8DBNND1,OK_MULTIMODEL,confirmed_or_hard_rule,confirmed,"YT-828137, YT-828138",OK
1kEiG1Zr0hawFJPTaJ50QQQxsU-ldUpHp,YT-828137,YT828137,YATO,Czesci_zamienne_YT-828137.pdf,Czesci_zamienne_YT-828137.pdf,Rysunki wybuchowe,https://drive.google.com/file/d/1kEiG1Zr0hawFJPTaJ50QQQxsU-ldUpHp/view?usp=drivesdk,https://drive.google.com/uc?export=download&id=1kEiG1Zr0hawFJPTaJ50QQQxsU-ldUpHp,OK,confirmed_or_hard_rule,confirmed,YT-828137,OK
1jIkQAdT2TDeC6ztGL9fvMVoSW8DBNND1,YT-828138,YT828138,YATO,Czesci_zamienne_YT-828137_YT-828138.pdf,Czesci_zamienne_YT-828137_YT-828138.pdf,Rysunki wybuchowe,https://drive.google.com/file/d/1jIkQAdT2TDeC6ztGL9fvMVoSW8DBNND1/view?usp=drivesdk,https://drive.google.com/uc?export=download&id=1jIkQAdT2TDeC6ztGL9fvMVoSW8DBNND1,ALIAS_MODEL,confirmed_or_hard_rule,confirmed,"YT-828137, YT-828138",OK
1ZO5Arl28ua3xle8wr_WZR5CQU1BEd_3Y,YT-828138,YT828138,YATO,Czesci_zamienne_YT-828138.pdf,Czesci_zamienne_YT-828138.pdf,Rysunki wybuchowe,https://drive.google.com/file/d/1ZO5Arl28ua3xle8wr_WZR5CQU1BEd_3Y/view?usp=drivesdk,https://drive.google.com/uc?export=download&id=1ZO5Arl28ua3xle8wr_WZR5CQU1BEd_3Y,OK,confirmed_or_hard_rule,confirmed,YT-828138,OK
1lqqdS-MHBKAMYwmz-fGR57o-vqCC-xps,YT-82814,YT82814,YATO,Czesci_zamienne_YT-82814.pdf,Czesci_zamienne_YT-82814.pdf,Rysunki wybuchowe,https://drive.google.com/file/d/1lqqdS-MHBKAMYwmz-fGR57o-vqCC-xps/view?usp=drivesdk,https://drive.google.com/uc?export=download&id=1lqqdS-MHBKAMYwmz-fGR57o-vqCC-xps,OK,confirmed_or_hard_rule,confirmed,YT-82814,OK
1yIRAt76pTIXZFx6u9Va9lUseIdZ_SuVD,YT-82815,YT82815,YATO,Czesci_zamienne_YT-82815.pdf,Czesci_zamienne_YT-82815.pdf,Rysunki wybuchowe,https://drive.google.com/file/d/1yIRAt76pTIXZFx6u9Va9lUseIdZ_SuVD/view?usp=drivesdk,https://drive.google.com/uc?export=download&id=1yIRAt76pTIXZFx6u9Va9lUseIdZ_SuVD,OK,confirmed_or_hard_rule,confirmed,YT-82815,OK
1ydCkfzNtphjfzoQs9jsJtI5sNLiJ8ztW,YT-82816,YT82816,YATO,Czesci_zamienne_YT-82816.pdf,Czesci_zamienne_YT-82816.pdf,Rysunki wybuchowe,https://drive.google.com/file/d/1ydCkfzNtphjfzoQs9jsJtI5sNLiJ8ztW/view?usp=drivesdk,https://drive.google.com/uc?export=download&id=1ydCkfzNtphjfzoQs9jsJtI5sNLiJ8ztW,OK,confirmed_or_hard_rule,confirmed,YT-82816,OK
1rwVJmePXwvpFZ53oIy8dv-UMQcxFZxjE,YT-82817,YT82817,YATO,Czesci_zamienne_YT-82817.pdf,Czesci_zamienne_YT-82817.pdf,Rysunki wybuchowe,https://drive.google.com/file/d/1rwVJmePXwvpFZ53oIy8dv-UMQcxFZxjE/view?usp=drivesdk,https://drive.google.com/uc?export=download&id=1rwVJmePXwvpFZ53oIy8dv-UMQcxFZxjE,OK,confirmed_or_hard_rule,confirmed,YT-82817,OK
1jb6xZUpNroF4sxXoshSmx7wwGcKMq7Im,YT-82818,YT82818,YATO,Czesci_zamienne_YT-82818.pdf,Czesci_zamienne_YT-82818.pdf,Rysunki wybuchowe,https://drive.google.com/file/d/1jb6xZUpNroF4sxXoshSmx7wwGcKMq7Im/view?usp=drivesdk,https://drive.google.com/uc?export=download&id=1jb6xZUpNroF4sxXoshSmx7wwGcKMq7Im,OK,confirmed_or_hard_rule,confirmed,YT-82818,OK
1iUMZpMc7NoAboTM3Tk0FiT54CM8eiS2T,YT-82819,YT82819,YATO,Czesci_zamienne_YT-82819.pdf,Czesci_zamienne_YT-82819.pdf,Rysunki wybuchowe,https://drive.google.com/file/d/1iUMZpMc7NoAboTM3Tk0FiT54CM8eiS2T/view?usp=drivesdk,https://drive.google.com/uc?export=download&id=1iUMZpMc7NoAboTM3Tk0FiT54CM8eiS2T,OK,confirmed_or_hard_rule,confirmed,YT-82819,OK
1SFwR-AoUlLd11UvgV0MmFVjHkbOFmTeO,YT-82822,YT82822,YATO,Czesci_zamienne_YT-82822.pdf,Czesci_zamienne_YT-82822.pdf,Rysunki wybuchowe,https://drive.google.com/file/d/1SFwR-AoUlLd11UvgV0MmFVjHkbOFmTeO/view?usp=drivesdk,https://drive.google.com/uc?export=download&id=1SFwR-AoUlLd11UvgV0MmFVjHkbOFmTeO,OK,confirmed_or_hard_rule,confirmed,YT-82822,OK
175buwiDpACINCOR6a7I4LzQSTe5QhIbn,YT-82823,YT82823,YATO,Czesci_zamienne_YT-82823.pdf,Czesci_zamienne_YT-82823.pdf,Rysunki wybuchowe,https://drive.google.com/file/d/175buwiDpACINCOR6a7I4LzQSTe5QhIbn/view?usp=drivesdk,https://drive.google.com/uc?export=download&id=175buwiDpACINCOR6a7I4LzQSTe5QhIbn,OK,confirmed_or_hard_rule,confirmed,YT-82823,OK
1fM1-tMFS3ChHRNfl19v1PEdhrxi7cNSF,YT-82824,YT82824,YATO,Czesci_zamienne_YT-82824_YT-828296.pdf,Czesci_zamienne_YT-82824_YT-828296.pdf,Rysunki wybuchowe,https://drive.google.com/file/d/1fM1-tMFS3ChHRNfl19v1PEdhrxi7cNSF/view?usp=drivesdk,https://drive.google.com/uc?export=download&id=1fM1-tMFS3ChHRNfl19v1PEdhrxi7cNSF,OK_MULTIMODEL,confirmed_or_hard_rule,confirmed,"YT-82824, YT-828296",OK
1PFCKpqO8r03oBGVyCMRbkwjKqBCZKiG9,YT-82824,YT82824,YATO,Czesci_zamienne_YT-82824.pdf,Czesci_zamienne_YT-82824.pdf,Rysunki wybuchowe,https://drive.google.com/file/d/1PFCKpqO8r03oBGVyCMRbkwjKqBCZKiG9/view?usp=drivesdk,https://drive.google.com/uc?export=download&id=1PFCKpqO8r03oBGVyCMRbkwjKqBCZKiG9,OK,confirmed_or_hard_rule,confirmed,YT-82824,OK
19liR7QGORGOvylL1Qholmjq42Uh3GvLU,YT-828247,YT828247,YATO,Czesci_zamienne_YT-828247.pdf,Czesci_zamienne_YT-828247.pdf,Rysunki wybuchowe,https://drive.google.com/file/d/19liR7QGORGOvylL1Qholmjq42Uh3GvLU/view?usp=drivesdk,https://drive.google.com/uc?export=download&id=19liR7QGORGOvylL1Qholmjq42Uh3GvLU,OK,confirmed_or_hard_rule,confirmed,YT-828247,OK
13zYspH9uvTLdvaZsGCCq2vGQD9KWhpVg,YT-828254,YT828254,YATO,Czesci_zamienne_YT-828254.pdf,Czesci_zamienne_YT-828254.pdf,Rysunki wybuchowe,https://drive.google.com/file/d/13zYspH9uvTLdvaZsGCCq2vGQD9KWhpVg/view?usp=drivesdk,https://drive.google.com/uc?export=download&id=13zYspH9uvTLdvaZsGCCq2vGQD9KWhpVg,OK,confirmed_or_hard_rule,confirmed,YT-828254,OK
1hFYtGeQK1c0e51ENx_cfBSDzQWKIJEB5,YT-828255,YT828255,YATO,Czesci_zamienne_YT-828255.pdf,Czesci_zamienne_YT-828255.pdf,Rysunki wybuchowe,https://drive.google.com/file/d/1hFYtGeQK1c0e51ENx_cfBSDzQWKIJEB5/view?usp=drivesdk,https://drive.google.com/uc?export=download&id=1hFYtGeQK1c0e51ENx_cfBSDzQWKIJEB5,OK,confirmed_or_hard_rule,confirmed,YT-828255,OK
1Coy1Qsp7X-G9NAs4govW_M1zCOQw_pGJ,YT-828256,YT828256,YATO,Czesci_zamienne_YT-828256.pdf,Czesci_zamienne_YT-828256.pdf,Rysunki wybuchowe,https://drive.google.com/file/d/1Coy1Qsp7X-G9NAs4govW_M1zCOQw_pGJ/view?usp=drivesdk,https://drive.google.com/uc?export=download&id=1Coy1Qsp7X-G9NAs4govW_M1zCOQw_pGJ,OK,confirmed_or_hard_rule,confirmed,YT-828256,OK
1nqc2kW4SR4S5WWZpmzWtYagCZ7t7yaCq,YT-82826,YT82826,YATO,Czesci_zamienne_YT-82826.pdf,Czesci_zamienne_YT-82826.pdf,Rysunki wybuchowe,https://drive.google.com/file/d/1nqc2kW4SR4S5WWZpmzWtYagCZ7t7yaCq/view?usp=drivesdk,https://drive.google.com/uc?export=download&id=1nqc2kW4SR4S5WWZpmzWtYagCZ7t7yaCq,OK,confirmed_or_hard_rule,confirmed,YT-82826,OK
1Zj0gNRDcmPMV96bpivHQGyt5s6hdDmNh,YT-82827,YT82827,YATO,Czesci_zamienne_YT-82827.pdf,Czesci_zamienne_YT-82827.pdf,Rysunki wybuchowe,https://drive.google.com/file/d/1Zj0gNRDcmPMV96bpivHQGyt5s6hdDmNh/view?usp=drivesdk,https://drive.google.com/uc?export=download&id=1Zj0gNRDcmPMV96bpivHQGyt5s6hdDmNh,OK,confirmed_or_hard_rule,confirmed,YT-82827,OK
1y3HT6hO9AqiKoPZ4iTt2fN6k9ZMKO10L,YT-82828,YT82828,YATO,Czesci_zamienne_YT-82828.pdf,Czesci_zamienne_YT-82828.pdf,Rysunki wybuchowe,https://drive.google.com/file/d/1y3HT6hO9AqiKoPZ4iTt2fN6k9ZMKO10L/view?usp=drivesdk,https://drive.google.com/uc?export=download&id=1y3HT6hO9AqiKoPZ4iTt2fN6k9ZMKO10L,OK,confirmed_or_hard_rule,confirmed,YT-82828,OK
1BBW6gYdjwnWIIrbhrVStJZLCtJlYyxQ2,YT-82829,YT82829,YATO,Czesci_zamienne_YT-82829.pdf,Czesci_zamienne_YT-82829.pdf,Rysunki wybuchowe,https://drive.google.com/file/d/1BBW6gYdjwnWIIrbhrVStJZLCtJlYyxQ2/view?usp=drivesdk,https://drive.google.com/uc?export=download&id=1BBW6gYdjwnWIIrbhrVStJZLCtJlYyxQ2,OK,confirmed_or_hard_rule,confirmed,YT-82829,OK
1O2g4QgSNxl4zB_9DQbmjCtnNwMIX2wqP,YT-828293,YT828293,YATO,Czesci_zamienne_YT-828293_YT-828294_YT-828295_YT-828296.pdf,Czesci_zamienne_YT-828293_YT-828294_YT-828295_YT-828296.pdf,Rysunki wybuchowe,https://drive.google.com/file/d/1O2g4QgSNxl4zB_9DQbmjCtnNwMIX2wqP/view?usp=drivesdk,https://drive.google.com/uc?export=download&id=1O2g4QgSNxl4zB_9DQbmjCtnNwMIX2wqP,OK_MULTIMODEL,confirmed_or_hard_rule,confirmed,"YT-828293, YT-828294, YT-828295, YT-828296",OK
1TUMNdyjqqQpCE6OuupUI8gLa4DUMAAiK,YT-828293,YT828293,YATO,Czesci_zamienne_YT-828293.pdf,Czesci_zamienne_YT-828293.pdf,Rysunki wybuchowe,https://drive.google.com/file/d/1TUMNdyjqqQpCE6OuupUI8gLa4DUMAAiK/view?usp=drivesdk,https://drive.google.com/uc?export=download&id=1TUMNdyjqqQpCE6OuupUI8gLa4DUMAAiK,OK,confirmed_or_hard_rule,confirmed,YT-828293,OK
1O2g4QgSNxl4zB_9DQbmjCtnNwMIX2wqP,YT-828294,YT828294,YATO,Czesci_zamienne_YT-828293_YT-828294_YT-828295_YT-828296.pdf,Czesci_zamienne_YT-828293_YT-828294_YT-828295_YT-828296.pdf,Rysunki wybuchowe,https://drive.google.com/file/d/1O2g4QgSNxl4zB_9DQbmjCtnNwMIX2wqP/view?usp=drivesdk,https://drive.google.com/uc?export=download&id=1O2g4QgSNxl4zB_9DQbmjCtnNwMIX2wqP,ALIAS_MODEL,confirmed_or_hard_rule,confirmed,"YT-828293, YT-828294, YT-828295, YT-828296",OK
11JLURzZhbymPk9kKw_D0LkX42mbTflUh,YT-828294,YT828294,YATO,Czesci_zamienne_YT-828294.pdf,Czesci_zamienne_YT-828294.pdf,Rysunki wybuchowe,https://drive.google.com/file/d/11JLURzZhbymPk9kKw_D0LkX42mbTflUh/view?usp=drivesdk,https://drive.google.com/uc?export=download&id=11JLURzZhbymPk9kKw_D0LkX42mbTflUh,OK,confirmed_or_hard_rule,confirmed,YT-828294,OK
1O2g4QgSNxl4zB_9DQbmjCtnNwMIX2wqP,YT-828295,YT828295,YATO,Czesci_zamienne_YT-828293_YT-828294_YT-828295_YT-828296.pdf,Czesci_zamienne_YT-828293_YT-828294_YT-828295_YT-828296.pdf,Rysunki wybuchowe,https://drive.google.com/file/d/1O2g4QgSNxl4zB_9DQbmjCtnNwMIX2wqP/view?usp=drivesdk,https://drive.google.com/uc?export=download&id=1O2g4QgSNxl4zB_9DQbmjCtnNwMIX2wqP,ALIAS_MODEL,confirmed_or_hard_rule,confirmed,"YT-828293, YT-828294, YT-828295, YT-828296",OK
1KQ3Tg7rAtl3FGu2qZzft49_VdeY2oOyP,YT-828295,YT828295,YATO,Czesci_zamienne_YT-828295.pdf,Czesci_zamienne_YT-828295.pdf,Rysunki wybuchowe,https://drive.google.com/file/d/1KQ3Tg7rAtl3FGu2qZzft49_VdeY2oOyP/view?usp=drivesdk,https://drive.google.com/uc?export=download&id=1KQ3Tg7rAtl3FGu2qZzft49_VdeY2oOyP,OK,confirmed_or_hard_rule,confirmed,YT-828295,OK
1fM1-tMFS3ChHRNfl19v1PEdhrxi7cNSF,YT-828296,YT828296,YATO,Czesci_zamienne_YT-82824_YT-828296.pdf,Czesci_zamienne_YT-82824_YT-828296.pdf,Rysunki wybuchowe,https://drive.google.com/file/d/1fM1-tMFS3ChHRNfl19v1PEdhrxi7cNSF/view?usp=drivesdk,https://drive.google.com/uc?export=download&id=1fM1-tMFS3ChHRNfl19v1PEdhrxi7cNSF,ALIAS_MODEL,confirmed_or_hard_rule,confirmed,"YT-82824, YT-828296",OK
1O2g4QgSNxl4zB_9DQbmjCtnNwMIX2wqP,YT-828296,YT828296,YATO,Czesci_zamienne_YT-828293_YT-828294_YT-828295_YT-828296.pdf,Czesci_zamienne_YT-828293_YT-828294_YT-828295_YT-828296.pdf,Rysunki wybuchowe,https://drive.google.com/file/d/1O2g4QgSNxl4zB_9DQbmjCtnNwMIX2wqP/view?usp=drivesdk,https://drive.google.com/uc?export=download&id=1O2g4QgSNxl4zB_9DQbmjCtnNwMIX2wqP,ALIAS_MODEL,confirmed_or_hard_rule,confirmed,"YT-828293, YT-828294, YT-828295, YT-828296",OK
1PStd9O7-7qFC_pW56v_yRO99Xahw5TLz,YT-828296,YT828296,YATO,Czesci_zamienne_YT-828296.pdf,Czesci_zamienne_YT-828296.pdf,Rysunki wybuchowe,https://drive.google.com/file/d/1PStd9O7-7qFC_pW56v_yRO99Xahw5TLz/view?usp=drivesdk,https://drive.google.com/uc?export=download&id=1PStd9O7-7qFC_pW56v_yRO99Xahw5TLz,OK,confirmed_or_hard_rule,confirmed,YT-828296,OK
1Lbjy2TeG9tiYb5RGwayctfGfaC6og4sM,YT-82830,YT82830,YATO,Czesci_zamienne_YT-82830.pdf,Czesci_zamienne_YT-82830.pdf,Rysunki wybuchowe,https://drive.google.com/file/d/1Lbjy2TeG9tiYb5RGwayctfGfaC6og4sM/view?usp=drivesdk,https://drive.google.com/uc?export=download&id=1Lbjy2TeG9tiYb5RGwayctfGfaC6og4sM,OK,confirmed_or_hard_rule,confirmed,YT-82830,OK
1qQOJ6s4-OQmL-79XPcZp2MFeZe5wP4WL,YT-82831,YT82831,YATO,Czesci_zamienne_YT-82831.pdf,Czesci_zamienne_YT-82831.pdf,Rysunki wybuchowe,https://drive.google.com/file/d/1qQOJ6s4-OQmL-79XPcZp2MFeZe5wP4WL/view?usp=drivesdk,https://drive.google.com/uc?export=download&id=1qQOJ6s4-OQmL-79XPcZp2MFeZe5wP4WL,OK,confirmed_or_hard_rule,confirmed,YT-82831,OK
1nQMy8e7E8iw4y2NSvBvxwsLWKT5IlFbc,YT-82832,YT82832,YATO,Czesci_zamienne_YT-82832.pdf,Czesci_zamienne_YT-82832.pdf,Rysunki wybuchowe,https://drive.google.com/file/d/1nQMy8e7E8iw4y2NSvBvxwsLWKT5IlFbc/view?usp=drivesdk,https://drive.google.com/uc?export=download&id=1nQMy8e7E8iw4y2NSvBvxwsLWKT5IlFbc,OK,confirmed_or_hard_rule,confirmed,YT-82832,OK
1PeXIRfsOFyHJ93fEWIUHJPOYC96ziWqS,YT-82833,YT82833,YATO,Czesci_zamienne_YT-82833.pdf,Czesci_zamienne_YT-82833.pdf,Rysunki wybuchowe,https://drive.google.com/file/d/1PeXIRfsOFyHJ93fEWIUHJPOYC96ziWqS/view?usp=drivesdk,https://drive.google.com/uc?export=download&id=1PeXIRfsOFyHJ93fEWIUHJPOYC96ziWqS,OK,confirmed_or_hard_rule,confirmed,YT-82833,OK
1kpOy1zu-QSrnfYJlIPLqV88qr3qmrafm,YT-828331,YT828331,YATO,Czesci_zamienne_YT-828331.pdf,Czesci_zamienne_YT-828331.pdf,Rysunki wybuchowe,https://drive.google.com/file/d/1kpOy1zu-QSrnfYJlIPLqV88qr3qmrafm/view?usp=drivesdk,https://drive.google.com/uc?export=download&id=1kpOy1zu-QSrnfYJlIPLqV88qr3qmrafm,OK,confirmed_or_hard_rule,confirmed,YT-828331,OK
1cnl-rukIl1VQmCS3tyl2hPBz2STUmj-Y,YT-828332,YT828332,YATO,Czesci_zamienne_YT-828332.pdf,Czesci_zamienne_YT-828332.pdf,Rysunki wybuchowe,https://drive.google.com/file/d/1cnl-rukIl1VQmCS3tyl2hPBz2STUmj-Y/view?usp=drivesdk,https://drive.google.com/uc?export=download&id=1cnl-rukIl1VQmCS3tyl2hPBz2STUmj-Y,OK,confirmed_or_hard_rule,confirmed,YT-828332,OK
1HnHgMDh4c1x6vvxcJPfBUPKc_q9I1sCU,YT-828333,YT828333,YATO,Czesci_zamienne_YT-828333.pdf,Czesci_zamienne_YT-828333.pdf,Rysunki wybuchowe,https://drive.google.com/file/d/1HnHgMDh4c1x6vvxcJPfBUPKc_q9I1sCU/view?usp=drivesdk,https://drive.google.com/uc?export=download&id=1HnHgMDh4c1x6vvxcJPfBUPKc_q9I1sCU,OK,confirmed_or_hard_rule,confirmed,YT-828333,OK
1ClbqD6cJOfIeevGVeYqgz3-w6_gOz-uE,YT-828334,YT828334,YATO,Czesci_zamienne_YT-828334.pdf,Czesci_zamienne_YT-828334.pdf,Rysunki wybuchowe,https://drive.google.com/file/d/1ClbqD6cJOfIeevGVeYqgz3-w6_gOz-uE/view?usp=drivesdk,https://drive.google.com/uc?export=download&id=1ClbqD6cJOfIeevGVeYqgz3-w6_gOz-uE,OK,confirmed_or_hard_rule,confirmed,YT-828334,OK
1KeYS8LCm5a70nNXroWuJlRMuKySf_12C,YT-82834,YT82834,YATO,Czesci_zamienne_YT-82834.pdf,Czesci_zamienne_YT-82834.pdf,Rysunki wybuchowe,https://drive.google.com/file/d/1KeYS8LCm5a70nNXroWuJlRMuKySf_12C/view?usp=drivesdk,https://drive.google.com/uc?export=download&id=1KeYS8LCm5a70nNXroWuJlRMuKySf_12C,OK,confirmed_or_hard_rule,confirmed,YT-82834,OK
1TRMYA5hYURNdN9Ew1Pyb4-mtCjoS36G-,YT-82835,YT82835,YATO,Czesci_zamienne_YT-82835.pdf,Czesci_zamienne_YT-82835.pdf,Rysunki wybuchowe,https://drive.google.com/file/d/1TRMYA5hYURNdN9Ew1Pyb4-mtCjoS36G-/view?usp=drivesdk,https://drive.google.com/uc?export=download&id=1TRMYA5hYURNdN9Ew1Pyb4-mtCjoS36G-,OK,confirmed_or_hard_rule,confirmed,YT-82835,OK
1eFbDmHW2pq_TToLMswfaPfh4O7Pi47g0,YT-828353,YT828353,YATO,Czesci_zamienne_YT-828353.pdf,Czesci_zamienne_YT-828353.pdf,Rysunki wybuchowe,https://drive.google.com/file/d/1eFbDmHW2pq_TToLMswfaPfh4O7Pi47g0/view?usp=drivesdk,https://drive.google.com/uc?export=download&id=1eFbDmHW2pq_TToLMswfaPfh4O7Pi47g0,OK,confirmed_or_hard_rule,confirmed,YT-828353,OK
147QxRNiQ-_WihhyuCywVj01WLUXCukP5,YT-828355,YT828355,YATO,Czesci_zamienne_YT-828355.pdf,Czesci_zamienne_YT-828355.pdf,Rysunki wybuchowe,https://drive.google.com/file/d/147QxRNiQ-_WihhyuCywVj01WLUXCukP5/view?usp=drivesdk,https://drive.google.com/uc?export=download&id=147QxRNiQ-_WihhyuCywVj01WLUXCukP5,OK,confirmed_or_hard_rule,confirmed,YT-828355,OK
1hp64RWzAtBdbEH8cfX1GoOdsoGR-Zb65,YT-828356,YT828356,YATO,Czesci_zamienne_YT-828356.pdf,Czesci_zamienne_YT-828356.pdf,Rysunki wybuchowe,https://drive.google.com/file/d/1hp64RWzAtBdbEH8cfX1GoOdsoGR-Zb65/view?usp=drivesdk,https://drive.google.com/uc?export=download&id=1hp64RWzAtBdbEH8cfX1GoOdsoGR-Zb65,OK,confirmed_or_hard_rule,confirmed,YT-828356,OK
1xKhGmWYtiOy_gFlKpk8ePH8IzZzKyZ43,YT-828357,YT828357,YATO,Czesci_zamienne_YT-828357.pdf,Czesci_zamienne_YT-828357.pdf,Rysunki wybuchowe,https://drive.google.com/file/d/1xKhGmWYtiOy_gFlKpk8ePH8IzZzKyZ43/view?usp=drivesdk,https://drive.google.com/uc?export=download&id=1xKhGmWYtiOy_gFlKpk8ePH8IzZzKyZ43,OK,confirmed_or_hard_rule,confirmed,YT-828357,OK
1UoZuGcFIAQHS5DgFbdCf1GH0owkKl7Ac,YT-828358,YT828358,YATO,Czesci_zamienne_YT-828358.pdf,Czesci_zamienne_YT-828358.pdf,Rysunki wybuchowe,https://drive.google.com/file/d/1UoZuGcFIAQHS5DgFbdCf1GH0owkKl7Ac/view?usp=drivesdk,https://drive.google.com/uc?export=download&id=1UoZuGcFIAQHS5DgFbdCf1GH0owkKl7Ac,OK,confirmed_or_hard_rule,confirmed,YT-828358,OK
1pzlf4sPtFzXKyzBgMPU6e9sx4oJfuNff,YT-828377,YT828377,YATO,Czesci_zamienne_YT-828377.pdf,Czesci_zamienne_YT-828377.pdf,Rysunki wybuchowe,https://drive.google.com/file/d/1pzlf4sPtFzXKyzBgMPU6e9sx4oJfuNff/view?usp=drivesdk,https://drive.google.com/uc?export=download&id=1pzlf4sPtFzXKyzBgMPU6e9sx4oJfuNff,OK,confirmed_or_hard_rule,confirmed,YT-828377,OK
1XIiGK7N0wmO4vktLjgTPtt2WLycU3iT3,YT-828378,YT828378,YATO,Czesci_zamienne_YT-828378.pdf,Czesci_zamienne_YT-828378.pdf,Rysunki wybuchowe,https://drive.google.com/file/d/1XIiGK7N0wmO4vktLjgTPtt2WLycU3iT3/view?usp=drivesdk,https://drive.google.com/uc?export=download&id=1XIiGK7N0wmO4vktLjgTPtt2WLycU3iT3,OK,confirmed_or_hard_rule,confirmed,YT-828378,OK
1QpA2ln77q843-AWlTRnMlaohYfAh6YPR,YT-828380,YT828380,YATO,Czesci_zamienne_YT-828380.pdf,Czesci_zamienne_YT-828380.pdf,Rysunki wybuchowe,https://drive.google.com/file/d/1QpA2ln77q843-AWlTRnMlaohYfAh6YPR/view?usp=drivesdk,https://drive.google.com/uc?export=download&id=1QpA2ln77q843-AWlTRnMlaohYfAh6YPR,OK,confirmed_or_hard_rule,confirmed,YT-828380,OK
1HZ4E3FkoNfcMNeaDebhwanwLM7A9__1n,YT-828381,YT828381,YATO,Czesci_zamienne_YT-828381.pdf,Czesci_zamienne_YT-828381.pdf,Rysunki wybuchowe,https://drive.google.com/file/d/1HZ4E3FkoNfcMNeaDebhwanwLM7A9__1n/view?usp=drivesdk,https://drive.google.com/uc?export=download&id=1HZ4E3FkoNfcMNeaDebhwanwLM7A9__1n,OK,confirmed_or_hard_rule,confirmed,YT-828381,OK
1Qa_MBiXt2HFJLVWdbT4nA7BmmyemB13A,YT-828382,YT828382,YATO,Czesci_zamienne_YT-828382.pdf,Czesci_zamienne_YT-828382.pdf,Rysunki wybuchowe,https://drive.google.com/file/d/1Qa_MBiXt2HFJLVWdbT4nA7BmmyemB13A/view?usp=drivesdk,https://drive.google.com/uc?export=download&id=1Qa_MBiXt2HFJLVWdbT4nA7BmmyemB13A,OK,confirmed_or_hard_rule,confirmed,YT-828382,OK
1J5yhsahsN5Hl9gLbWX4ncYM0PnTHCTmG,YT-828383,YT828383,YATO,Czesci_zamienne_YT-828383.pdf,Czesci_zamienne_YT-828383.pdf,Rysunki wybuchowe,https://drive.google.com/file/d/1J5yhsahsN5Hl9gLbWX4ncYM0PnTHCTmG/view?usp=drivesdk,https://drive.google.com/uc?export=download&id=1J5yhsahsN5Hl9gLbWX4ncYM0PnTHCTmG,OK,confirmed_or_hard_rule,confirmed,YT-828383,OK
17GsCcU4c0uZipY5uvgGnB7YLFBuwzabb,YT-828390,YT828390,YATO,Czesci_zamienne_YT-828390.pdf,Czesci_zamienne_YT-828390.pdf,Rysunki wybuchowe,https://drive.google.com/file/d/17GsCcU4c0uZipY5uvgGnB7YLFBuwzabb/view?usp=drivesdk,https://drive.google.com/uc?export=download&id=17GsCcU4c0uZipY5uvgGnB7YLFBuwzabb,OK,confirmed_or_hard_rule,confirmed,YT-828390,OK
1L9iJLTfYGI1vyQ6eVPFRgSVhbHuYVrXw,YT-828391,YT828391,YATO,Czesci_zamienne_YT-828391.pdf,Czesci_zamienne_YT-828391.pdf,Rysunki wybuchowe,https://drive.google.com/file/d/1L9iJLTfYGI1vyQ6eVPFRgSVhbHuYVrXw/view?usp=drivesdk,https://drive.google.com/uc?export=download&id=1L9iJLTfYGI1vyQ6eVPFRgSVhbHuYVrXw,OK,confirmed_or_hard_rule,confirmed,YT-828391,OK
1IaSSvtR-CL1GMQdcM3TdRKOmWhH13iFJ,YT-82853,YT82853,YATO,Czesci_zamienne_YT-82853.pdf,Czesci_zamienne_YT-82853.pdf,Rysunki wybuchowe,https://drive.google.com/file/d/1IaSSvtR-CL1GMQdcM3TdRKOmWhH13iFJ/view?usp=drivesdk,https://drive.google.com/uc?export=download&id=1IaSSvtR-CL1GMQdcM3TdRKOmWhH13iFJ,OK,confirmed_or_hard_rule,confirmed,YT-82853,OK
1k8fNQNL1_WNUEfIGqvsX33G7TqQ0napQ,YT-82854,YT82854,YATO,Czesci_zamienne_YT-82854.pdf,Czesci_zamienne_YT-82854.pdf,Rysunki wybuchowe,https://drive.google.com/file/d/1k8fNQNL1_WNUEfIGqvsX33G7TqQ0napQ/view?usp=drivesdk,https://drive.google.com/uc?export=download&id=1k8fNQNL1_WNUEfIGqvsX33G7TqQ0napQ,OK,confirmed_or_hard_rule,confirmed,YT-82854,OK
1K-9aZ83FrCFkKjsFz1bEqEX4MiX3n52I,YT-82855,YT82855,YATO,Czesci_zamienne_YT-82855.pdf,Czesci_zamienne_YT-82855.pdf,Rysunki wybuchowe,https://drive.google.com/file/d/1K-9aZ83FrCFkKjsFz1bEqEX4MiX3n52I/view?usp=drivesdk,https://drive.google.com/uc?export=download&id=1K-9aZ83FrCFkKjsFz1bEqEX4MiX3n52I,OK,confirmed_or_hard_rule,confirmed,YT-82855,OK
1Zol1QJp_xxiScg2RT2IbmoobZ-_Gx4y9,YT-82877,YT82877,YATO,Czesci_zamienne_YT-82877.pdf,Czesci_zamienne_YT-82877.pdf,Rysunki wybuchowe,https://drive.google.com/file/d/1Zol1QJp_xxiScg2RT2IbmoobZ-_Gx4y9/view?usp=drivesdk,https://drive.google.com/uc?export=download&id=1Zol1QJp_xxiScg2RT2IbmoobZ-_Gx4y9,OK,confirmed_or_hard_rule,confirmed,YT-82877,OK
1Vob69gUtFDErxcgnHxaS8LCjnXY7dxJ8,YT-82880,YT82880,YATO,Czesci_zamienne_YT-82880.pdf,Czesci_zamienne_YT-82880.pdf,Rysunki wybuchowe,https://drive.google.com/file/d/1Vob69gUtFDErxcgnHxaS8LCjnXY7dxJ8/view?usp=drivesdk,https://drive.google.com/uc?export=download&id=1Vob69gUtFDErxcgnHxaS8LCjnXY7dxJ8,OK,confirmed_or_hard_rule,confirmed,YT-82880,OK
1I9SaernjPy0QXgOQTDCMvsMUYe9FUQVR,YT-82881,YT82881,YATO,Czesci_zamienne_YT-82881.pdf,Czesci_zamienne_YT-82881.pdf,Rysunki wybuchowe,https://drive.google.com/file/d/1I9SaernjPy0QXgOQTDCMvsMUYe9FUQVR/view?usp=drivesdk,https://drive.google.com/uc?export=download&id=1I9SaernjPy0QXgOQTDCMvsMUYe9FUQVR,OK,confirmed_or_hard_rule,confirmed,YT-82881,OK
1xvYDVuqNXdYfCK3oiDvRFDaec5OWtHZB,YT-82886,YT82886,YATO,Czesci_zamienne_YT-82886.pdf,Czesci_zamienne_YT-82886.pdf,Rysunki wybuchowe,https://drive.google.com/file/d/1xvYDVuqNXdYfCK3oiDvRFDaec5OWtHZB/view?usp=drivesdk,https://drive.google.com/uc?export=download&id=1xvYDVuqNXdYfCK3oiDvRFDaec5OWtHZB,OK,confirmed_or_hard_rule,confirmed,YT-82886,OK
1RvUpys_HHGSfvSm4zbx2U7jfppLrlv3G,YT-82887,YT82887,YATO,Czesci_zamienne_YT-82887.pdf,Czesci_zamienne_YT-82887.pdf,Rysunki wybuchowe,https://drive.google.com/file/d/1RvUpys_HHGSfvSm4zbx2U7jfppLrlv3G/view?usp=drivesdk,https://drive.google.com/uc?export=download&id=1RvUpys_HHGSfvSm4zbx2U7jfppLrlv3G,OK,confirmed_or_hard_rule,confirmed,YT-82887,OK
1sriFcx-7jgp2ZkwU7xhY6z3GDSTKudpf,YT-82888,YT82888,YATO,Czesci_zamienne_YT-82888.pdf,Czesci_zamienne_YT-82888.pdf,Rysunki wybuchowe,https://drive.google.com/file/d/1sriFcx-7jgp2ZkwU7xhY6z3GDSTKudpf/view?usp=drivesdk,https://drive.google.com/uc?export=download&id=1sriFcx-7jgp2ZkwU7xhY6z3GDSTKudpf,OK,confirmed_or_hard_rule,confirmed,YT-82888,OK
1O99z4W8D7r9_4J2qwRWCe0LCUtJ_Eol-,YT-82889,YT82889,YATO,Czesci_zamienne_YT-82889.pdf,Czesci_zamienne_YT-82889.pdf,Rysunki wybuchowe,https://drive.google.com/file/d/1O99z4W8D7r9_4J2qwRWCe0LCUtJ_Eol-/view?usp=drivesdk,https://drive.google.com/uc?export=download&id=1O99z4W8D7r9_4J2qwRWCe0LCUtJ_Eol-,OK,confirmed_or_hard_rule,confirmed,YT-82889,OK
1JcYNar6IZjmCgkN2EuH8fJN3OxKoVEbZ,YT-82894,YT82894,YATO,Czesci_zamienne_YT-82894.pdf,Czesci_zamienne_YT-82894.pdf,Rysunki wybuchowe,https://drive.google.com/file/d/1JcYNar6IZjmCgkN2EuH8fJN3OxKoVEbZ/view?usp=drivesdk,https://drive.google.com/uc?export=download&id=1JcYNar6IZjmCgkN2EuH8fJN3OxKoVEbZ,OK,confirmed_or_hard_rule,confirmed,YT-82894,OK
1r08FLNoi0E1LvDKDOXDRdMBFHOCgLAK3,YT-82895,YT82895,YATO,Czesci_zamienne_YT-82895.pdf,Czesci_zamienne_YT-82895.pdf,Rysunki wybuchowe,https://drive.google.com/file/d/1r08FLNoi0E1LvDKDOXDRdMBFHOCgLAK3/view?usp=drivesdk,https://drive.google.com/uc?export=download&id=1r08FLNoi0E1LvDKDOXDRdMBFHOCgLAK3,OK,confirmed_or_hard_rule,confirmed,YT-82895,OK
10Dzbh8F8jtMOC9LP0UFrdFi8K6z1iHaN,YT-82900,YT82900,YATO,Czesci_zamienne_YT-82900.pdf,Czesci_zamienne_YT-82900.pdf,Rysunki wybuchowe,https://drive.google.com/file/d/10Dzbh8F8jtMOC9LP0UFrdFi8K6z1iHaN/view?usp=drivesdk,https://drive.google.com/uc?export=download&id=10Dzbh8F8jtMOC9LP0UFrdFi8K6z1iHaN,OK,confirmed_or_hard_rule,confirmed,YT-82900,OK
1q11dVr7zr6s4V_JFuuCsmQj8z7dLBcGd,YT-82901,YT82901,YATO,Czesci_zamienne_YT-82901.pdf,Czesci_zamienne_YT-82901.pdf,Rysunki wybuchowe,https://drive.google.com/file/d/1q11dVr7zr6s4V_JFuuCsmQj8z7dLBcGd/view?usp=drivesdk,https://drive.google.com/uc?export=download&id=1q11dVr7zr6s4V_JFuuCsmQj8z7dLBcGd,OK,confirmed_or_hard_rule,confirmed,YT-82901,OK
1K5tgXC-ogVju-enXG9xoZ3dr48utMYuN,YT-82902,YT82902,YATO,Czesci_zamienne_YT-82902.pdf,Czesci_zamienne_YT-82902.pdf,Rysunki wybuchowe,https://drive.google.com/file/d/1K5tgXC-ogVju-enXG9xoZ3dr48utMYuN/view?usp=drivesdk,https://drive.google.com/uc?export=download&id=1K5tgXC-ogVju-enXG9xoZ3dr48utMYuN,OK,confirmed_or_hard_rule,confirmed,YT-82902,OK
1kwpgyZQttlvXyWghWYYoijzKzZHbKZg1,YT-829021,YT829021,YATO,Czesci_zamienne_YT-829021.pdf,Czesci_zamienne_YT-829021.pdf,Rysunki wybuchowe,https://drive.google.com/file/d/1kwpgyZQttlvXyWghWYYoijzKzZHbKZg1/view?usp=drivesdk,https://drive.google.com/uc?export=download&id=1kwpgyZQttlvXyWghWYYoijzKzZHbKZg1,OK,confirmed_or_hard_rule,confirmed,YT-829021,OK
1rt1soBZBKC2Glm-UHbIZcNNru_Z3A4Om,YT-82903,YT82903,YATO,Czesci_zamienne_YT-82903.pdf,Czesci_zamienne_YT-82903.pdf,Rysunki wybuchowe,https://drive.google.com/file/d/1rt1soBZBKC2Glm-UHbIZcNNru_Z3A4Om/view?usp=drivesdk,https://drive.google.com/uc?export=download&id=1rt1soBZBKC2Glm-UHbIZcNNru_Z3A4Om,OK,confirmed_or_hard_rule,confirmed,YT-82903,OK
1QMHQ-LO-4Qign9-X8avXzdxlTWz1Yt8n,YT-82904,YT82904,YATO,Czesci_zamienne_YT-82904.pdf,Czesci_zamienne_YT-82904.pdf,Rysunki wybuchowe,https://drive.google.com/file/d/1QMHQ-LO-4Qign9-X8avXzdxlTWz1Yt8n/view?usp=drivesdk,https://drive.google.com/uc?export=download&id=1QMHQ-LO-4Qign9-X8avXzdxlTWz1Yt8n,OK,confirmed_or_hard_rule,confirmed,YT-82904,OK
1Ya20OEdUIP-IOdAW_PtjVwokKw7RGskq,YT-82920,YT82920,YATO,Czesci_zamienne_YT-82920.pdf,Czesci_zamienne_YT-82920.pdf,Rysunki wybuchowe,https://drive.google.com/file/d/1Ya20OEdUIP-IOdAW_PtjVwokKw7RGskq/view?usp=drivesdk,https://drive.google.com/uc?export=download&id=1Ya20OEdUIP-IOdAW_PtjVwokKw7RGskq,OK,confirmed_or_hard_rule,confirmed,YT-82920,OK
1GZS4IZeUBPR6u1yyLla8_GkPFujKjRpt,YT-82922,YT82922,YATO,Czesci_zamienne_YT-82922.pdf,Czesci_zamienne_YT-82922.pdf,Rysunki wybuchowe,https://drive.google.com/file/d/1GZS4IZeUBPR6u1yyLla8_GkPFujKjRpt/view?usp=drivesdk,https://drive.google.com/uc?export=download&id=1GZS4IZeUBPR6u1yyLla8_GkPFujKjRpt,OK,confirmed_or_hard_rule,confirmed,YT-82922,OK
1gG81qH6QEI6SBjV60nJRnJKxR4R3dG1M,YT-82927,YT82927,YATO,Czesci_zamienne_YT-82927.pdf,Czesci_zamienne_YT-82927.pdf,Rysunki wybuchowe,https://drive.google.com/file/d/1gG81qH6QEI6SBjV60nJRnJKxR4R3dG1M/view?usp=drivesdk,https://drive.google.com/uc?export=download&id=1gG81qH6QEI6SBjV60nJRnJKxR4R3dG1M,OK,confirmed_or_hard_rule,confirmed,YT-82927,OK
1H7x2GaUN-u1VDVs6duAxULJ1SnhO-QH_,YT-82929,YT82929,YATO,Czesci_zamienne_YT-82929.pdf,Czesci_zamienne_YT-82929.pdf,Rysunki wybuchowe,https://drive.google.com/file/d/1H7x2GaUN-u1VDVs6duAxULJ1SnhO-QH_/view?usp=drivesdk,https://drive.google.com/uc?export=download&id=1H7x2GaUN-u1VDVs6duAxULJ1SnhO-QH_,OK,confirmed_or_hard_rule,confirmed,YT-82929,OK
1XQ7MNekBbkoiKhvleW-YHeEETGzf_Ifb,YT-82930,YT82930,YATO,Czesci_zamienne_YT-82930.pdf,Czesci_zamienne_YT-82930.pdf,Rysunki wybuchowe,https://drive.google.com/file/d/1XQ7MNekBbkoiKhvleW-YHeEETGzf_Ifb/view?usp=drivesdk,https://drive.google.com/uc?export=download&id=1XQ7MNekBbkoiKhvleW-YHeEETGzf_Ifb,OK,confirmed_or_hard_rule,confirmed,YT-82930,OK
18M1dwSfIV-VMg3Ir5Rc7ZN3IDxb0RopE,YT-829383,YT829383,YATO,Czesci_zamienne_YT-829383.pdf,Czesci_zamienne_YT-829383.pdf,Rysunki wybuchowe,https://drive.google.com/file/d/18M1dwSfIV-VMg3Ir5Rc7ZN3IDxb0RopE/view?usp=drivesdk,https://drive.google.com/uc?export=download&id=18M1dwSfIV-VMg3Ir5Rc7ZN3IDxb0RopE,OK,confirmed_or_hard_rule,confirmed,YT-829383,OK
1VjiTAhKKeoj3LWSmDgfkZ4RC6AlZfqNN,YT-829385,YT829385,YATO,Czesci_zamienne_YT-829385.pdf,Czesci_zamienne_YT-829385.pdf,Rysunki wybuchowe,https://drive.google.com/file/d/1VjiTAhKKeoj3LWSmDgfkZ4RC6AlZfqNN/view?usp=drivesdk,https://drive.google.com/uc?export=download&id=1VjiTAhKKeoj3LWSmDgfkZ4RC6AlZfqNN,OK,confirmed_or_hard_rule,confirmed,YT-829385,OK
1toxo1ZYJk8-dJ4xWQdRSengMMYPsXKFX,YT-82955,YT82955,YATO,Czesci_zamienne_YT-82955.pdf,Czesci_zamienne_YT-82955.pdf,Rysunki wybuchowe,https://drive.google.com/file/d/1toxo1ZYJk8-dJ4xWQdRSengMMYPsXKFX/view?usp=drivesdk,https://drive.google.com/uc?export=download&id=1toxo1ZYJk8-dJ4xWQdRSengMMYPsXKFX,OK,confirmed_or_hard_rule,confirmed,YT-82955,OK
1fU3OdMaEuw6j-rM8227opKW5E1-q3wGC,YT-8300,YT8300,YATO,Czesci_zamienne_YT-8300.pdf,Czesci_zamienne_YT-8300.pdf,Rysunki wybuchowe,https://drive.google.com/file/d/1fU3OdMaEuw6j-rM8227opKW5E1-q3wGC/view?usp=drivesdk,https://drive.google.com/uc?export=download&id=1fU3OdMaEuw6j-rM8227opKW5E1-q3wGC,OK,confirmed_or_hard_rule,confirmed,YT-8300,OK
1VP2XmGPn0AgXiLq699P5x438UdozRpTH,YT-83003,YT83003,YATO,Czesci_zamienne_YT-83003.pdf,Czesci_zamienne_YT-83003.pdf,Rysunki wybuchowe,https://drive.google.com/file/d/1VP2XmGPn0AgXiLq699P5x438UdozRpTH/view?usp=drivesdk,https://drive.google.com/uc?export=download&id=1VP2XmGPn0AgXiLq699P5x438UdozRpTH,OK,confirmed_or_hard_rule,confirmed,YT-83003,OK
1-151SLGl-whSO3BTGi9A7rJG2ZDTVyB4,YT-8301,YT8301,YATO,Czesci_zamienne_YT-8301.pdf,Czesci_zamienne_YT-8301.pdf,Rysunki wybuchowe,https://drive.google.com/file/d/1-151SLGl-whSO3BTGi9A7rJG2ZDTVyB4/view?usp=drivesdk,https://drive.google.com/uc?export=download&id=1-151SLGl-whSO3BTGi9A7rJG2ZDTVyB4,OK,confirmed_or_hard_rule,confirmed,YT-8301,OK
1NhmEzGMMxwTWTneWIf02uNY37nQUB2qZ,YT-8302,YT8302,YATO,Czesci_zamienne_YT-8302.pdf,Czesci_zamienne_YT-8302.pdf,Rysunki wybuchowe,https://drive.google.com/file/d/1NhmEzGMMxwTWTneWIf02uNY37nQUB2qZ/view?usp=drivesdk,https://drive.google.com/uc?export=download&id=1NhmEzGMMxwTWTneWIf02uNY37nQUB2qZ,OK,confirmed_or_hard_rule,confirmed,YT-8302,OK
1IoypKpnnN_ktye2O8TtbqP3uCs3ZfTjy,YT-8303,YT8303,YATO,Czesci_zamienne_YT-8303.pdf,Czesci_zamienne_YT-8303.pdf,Rysunki wybuchowe,https://drive.google.com/file/d/1IoypKpnnN_ktye2O8TtbqP3uCs3ZfTjy/view?usp=drivesdk,https://drive.google.com/uc?export=download&id=1IoypKpnnN_ktye2O8TtbqP3uCs3ZfTjy,OK,confirmed_or_hard_rule,confirmed,YT-8303,OK
1YqQmAWbJSKhlu8UV6gS-jPF4TLUwnFYS,YT-83060,YT83060,YATO,Czesci_zamienne_YT-83060.pdf,Czesci_zamienne_YT-83060.pdf,Rysunki wybuchowe,https://drive.google.com/file/d/1YqQmAWbJSKhlu8UV6gS-jPF4TLUwnFYS/view?usp=drivesdk,https://drive.google.com/uc?export=download&id=1YqQmAWbJSKhlu8UV6gS-jPF4TLUwnFYS,OK,confirmed_or_hard_rule,confirmed,YT-83060,OK
1x29BMiENAXaMDyPG_D3_Q-Q0F181R3Fn,YT-83061,YT83061,YATO,Czesci_zamienne_YT-83061.pdf,Czesci_zamienne_YT-83061.pdf,Rysunki wybuchowe,https://drive.google.com/file/d/1x29BMiENAXaMDyPG_D3_Q-Q0F181R3Fn/view?usp=drivesdk,https://drive.google.com/uc?export=download&id=1x29BMiENAXaMDyPG_D3_Q-Q0F181R3Fn,OK,confirmed_or_hard_rule,confirmed,YT-83061,OK
14c_ExUpDe96oZeWEbMyKroc9LWRiyOd_,YT-83090,YT83090,YATO,Czesci_zamienne_YT-83090.pdf,Czesci_zamienne_YT-83090.pdf,Rysunki wybuchowe,https://drive.google.com/file/d/14c_ExUpDe96oZeWEbMyKroc9LWRiyOd_/view?usp=drivesdk,https://drive.google.com/uc?export=download&id=14c_ExUpDe96oZeWEbMyKroc9LWRiyOd_,OK,confirmed_or_hard_rule,confirmed,YT-83090,OK
13nV_8mVlNvASC5c6CluN3ljrgYhCHIpC,YT-83091,YT83091,YATO,Czesci_zamienne_YT-83091.pdf,Czesci_zamienne_YT-83091.pdf,Rysunki wybuchowe,https://drive.google.com/file/d/13nV_8mVlNvASC5c6CluN3ljrgYhCHIpC/view?usp=drivesdk,https://drive.google.com/uc?export=download&id=13nV_8mVlNvASC5c6CluN3ljrgYhCHIpC,OK,confirmed_or_hard_rule,confirmed,YT-83091,OK
13I_52fd_dktxhcJWNfrZsyqD1MM4mNli,YT-83092,YT83092,YATO,Czesci_zamienne_YT-83092.pdf,Czesci_zamienne_YT-83092.pdf,Rysunki wybuchowe,https://drive.google.com/file/d/13I_52fd_dktxhcJWNfrZsyqD1MM4mNli/view?usp=drivesdk,https://drive.google.com/uc?export=download&id=13I_52fd_dktxhcJWNfrZsyqD1MM4mNli,OK,confirmed_or_hard_rule,confirmed,YT-83092,OK
10XfcLB9e3OsJOKH9NHCyBIzSSRxbHeCq,YT-8311,YT8311,YATO,Czesci_zamienne_YT-8311.pdf,Czesci_zamienne_YT-8311.pdf,Rysunki wybuchowe,https://drive.google.com/file/d/10XfcLB9e3OsJOKH9NHCyBIzSSRxbHeCq/view?usp=drivesdk,https://drive.google.com/uc?export=download&id=10XfcLB9e3OsJOKH9NHCyBIzSSRxbHeCq,OK,confirmed_or_hard_rule,confirmed,YT-8311,OK
1JKhZbmxO9YKRyTfI2hECVHhNLh_s_nch,YT-84641,YT84641,YATO,Czesci_zamienne_YT-84641.pdf,Czesci_zamienne_YT-84641.pdf,Rysunki wybuchowe,https://drive.google.com/file/d/1JKhZbmxO9YKRyTfI2hECVHhNLh_s_nch/view?usp=drivesdk,https://drive.google.com/uc?export=download&id=1JKhZbmxO9YKRyTfI2hECVHhNLh_s_nch,OK,confirmed_or_hard_rule,confirmed,YT-84641,OK
18sMxP7COPSOtG1SKgis_1M05wBN-_6p7,YT-84770,YT84770,YATO,Czesci_zamienne_YT-84770.pdf,Czesci_zamienne_YT-84770.pdf,Rysunki wybuchowe,https://drive.google.com/file/d/18sMxP7COPSOtG1SKgis_1M05wBN-_6p7/view?usp=drivesdk,https://drive.google.com/uc?export=download&id=18sMxP7COPSOtG1SKgis_1M05wBN-_6p7,OK,confirmed_or_hard_rule,confirmed,YT-84770,OK
1LZUBRVJF_aATWR-rCyHnYawz6xe0zotJ,YT-84790,YT84790,YATO,Czesci_zamienne_YT-84790.pdf,Czesci_zamienne_YT-84790.pdf,Rysunki wybuchowe,https://drive.google.com/file/d/1LZUBRVJF_aATWR-rCyHnYawz6xe0zotJ/view?usp=drivesdk,https://drive.google.com/uc?export=download&id=1LZUBRVJF_aATWR-rCyHnYawz6xe0zotJ,OK,confirmed_or_hard_rule,confirmed,YT-84790,OK
1rWd42FhIVO70nHvaP1K6fF5BjvUfD8-n,YT-84800,YT84800,YATO,Czesci_zamienne_YT-84800.pdf,Czesci_zamienne_YT-84800.pdf,Rysunki wybuchowe,https://drive.google.com/file/d/1rWd42FhIVO70nHvaP1K6fF5BjvUfD8-n/view?usp=drivesdk,https://drive.google.com/uc?export=download&id=1rWd42FhIVO70nHvaP1K6fF5BjvUfD8-n,OK,confirmed_or_hard_rule,confirmed,YT-84800,OK
1NSBfjcM8KKQta2yljmm7WsquIy68rJ8U,YT-84820,YT84820,YATO,Czesci_zamienne_YT-84820.pdf,Czesci_zamienne_YT-84820.pdf,Rysunki wybuchowe,https://drive.google.com/file/d/1NSBfjcM8KKQta2yljmm7WsquIy68rJ8U/view?usp=drivesdk,https://drive.google.com/uc?export=download&id=1NSBfjcM8KKQta2yljmm7WsquIy68rJ8U,OK,confirmed_or_hard_rule,confirmed,YT-84820,OK
1qBh26sCCdkcE7b2OzEdq9NuqQxVB_CxF,YT-84840,YT84840,YATO,Czesci_zamienne_YT-84840.pdf,Czesci_zamienne_YT-84840.pdf,Rysunki wybuchowe,https://drive.google.com/file/d/1qBh26sCCdkcE7b2OzEdq9NuqQxVB_CxF/view?usp=drivesdk,https://drive.google.com/uc?export=download&id=1qBh26sCCdkcE7b2OzEdq9NuqQxVB_CxF,OK,confirmed_or_hard_rule,confirmed,YT-84840,OK
1XN6UTR1KjGiOB6EXa6X21U-qs-IaqpFG,YT-84841,YT84841,YATO,Czesci_zamienne_YT-84841.pdf,Czesci_zamienne_YT-84841.pdf,Rysunki wybuchowe,https://drive.google.com/file/d/1XN6UTR1KjGiOB6EXa6X21U-qs-IaqpFG/view?usp=drivesdk,https://drive.google.com/uc?export=download&id=1XN6UTR1KjGiOB6EXa6X21U-qs-IaqpFG,OK,confirmed_or_hard_rule,confirmed,YT-84841,OK
14EL6oY3YjiHZW069gigI9OCcwj8OVUV3,YT-84842,YT84842,YATO,Czesci_zamienne_YT-84842.pdf,Czesci_zamienne_YT-84842.pdf,Rysunki wybuchowe,https://drive.google.com/file/d/14EL6oY3YjiHZW069gigI9OCcwj8OVUV3/view?usp=drivesdk,https://drive.google.com/uc?export=download&id=14EL6oY3YjiHZW069gigI9OCcwj8OVUV3,OK,confirmed_or_hard_rule,confirmed,YT-84842,OK
1dNAtL2PnFEBGezzAyPYlgxrr7P_odxRU,YT-84860,YT84860,YATO,Czesci_zamienne_YT-84860.pdf,Czesci_zamienne_YT-84860.pdf,Rysunki wybuchowe,https://drive.google.com/file/d/1dNAtL2PnFEBGezzAyPYlgxrr7P_odxRU/view?usp=drivesdk,https://drive.google.com/uc?export=download&id=1dNAtL2PnFEBGezzAyPYlgxrr7P_odxRU,OK,confirmed_or_hard_rule,confirmed,YT-84860,OK
12hGwvwXmPCxHTnvWuMLfIJDcXsS56WId,YT-84868,YT84868,YATO,Czesci_zamienne_YT-84868.pdf,Czesci_zamienne_YT-84868.pdf,Rysunki wybuchowe,https://drive.google.com/file/d/12hGwvwXmPCxHTnvWuMLfIJDcXsS56WId/view?usp=drivesdk,https://drive.google.com/uc?export=download&id=12hGwvwXmPCxHTnvWuMLfIJDcXsS56WId,OK,confirmed_or_hard_rule,confirmed,YT-84868,OK
138Io90UjYSgQloIojryrmur2B-O0QGO5,YT-84870,YT84870,YATO,Czesci_zamienne_YT-84870.pdf,Czesci_zamienne_YT-84870.pdf,Rysunki wybuchowe,https://drive.google.com/file/d/138Io90UjYSgQloIojryrmur2B-O0QGO5/view?usp=drivesdk,https://drive.google.com/uc?export=download&id=138Io90UjYSgQloIojryrmur2B-O0QGO5,OK,confirmed_or_hard_rule,confirmed,YT-84870,OK
1i7Ha00tWlrjfsvTIH40FP-9TSbKWeKo8,YT-84871,YT84871,YATO,Czesci_zamienne_YT-84871.pdf,Czesci_zamienne_YT-84871.pdf,Rysunki wybuchowe,https://drive.google.com/file/d/1i7Ha00tWlrjfsvTIH40FP-9TSbKWeKo8/view?usp=drivesdk,https://drive.google.com/uc?export=download&id=1i7Ha00tWlrjfsvTIH40FP-9TSbKWeKo8,OK,confirmed_or_hard_rule,confirmed,YT-84871,OK
1hVAUxFmT-zRuC4SlKWzwo2pXyQWcSOPk,YT-84872,YT84872,YATO,Czesci_zamienne_YT-84872.pdf,Czesci_zamienne_YT-84872.pdf,Rysunki wybuchowe,https://drive.google.com/file/d/1hVAUxFmT-zRuC4SlKWzwo2pXyQWcSOPk/view?usp=drivesdk,https://drive.google.com/uc?export=download&id=1hVAUxFmT-zRuC4SlKWzwo2pXyQWcSOPk,OK,confirmed_or_hard_rule,confirmed,YT-84872,OK
1FZwZh20jllg8h16oY0oPudlqI3yN_26R,YT-84877,YT84877,YATO,Czesci_zamienne_YT-84877.pdf,Czesci_zamienne_YT-84877.pdf,Rysunki wybuchowe,https://drive.google.com/file/d/1FZwZh20jllg8h16oY0oPudlqI3yN_26R/view?usp=drivesdk,https://drive.google.com/uc?export=download&id=1FZwZh20jllg8h16oY0oPudlqI3yN_26R,OK,confirmed_or_hard_rule,confirmed,YT-84877,OK
1EFKAL9JPB7qzQ-e2LPiyjoqNxi9npFWU,YT-84893,YT84893,YATO,Czesci_zamienne_YT-84893.pdf,Czesci_zamienne_YT-84893.pdf,Rysunki wybuchowe,https://drive.google.com/file/d/1EFKAL9JPB7qzQ-e2LPiyjoqNxi9npFWU/view?usp=drivesdk,https://drive.google.com/uc?export=download&id=1EFKAL9JPB7qzQ-e2LPiyjoqNxi9npFWU,OK,confirmed_or_hard_rule,confirmed,YT-84893,OK
1Cz1Sp_6bpEpJknDfCjCIooiIlYfy79wd,YT-84901,YT84901,YATO,Czesci_zamienne_YT-84901.pdf,Czesci_zamienne_YT-84901.pdf,Rysunki wybuchowe,https://drive.google.com/file/d/1Cz1Sp_6bpEpJknDfCjCIooiIlYfy79wd/view?usp=drivesdk,https://drive.google.com/uc?export=download&id=1Cz1Sp_6bpEpJknDfCjCIooiIlYfy79wd,OK,confirmed_or_hard_rule,confirmed,YT-84901,OK
1iaKz9fXlygKLB0WAjhKNjBcruwCxqavS,YT-84910,YT84910,YATO,Czesci_zamienne_YT-84910.pdf,Czesci_zamienne_YT-84910.pdf,Rysunki wybuchowe,https://drive.google.com/file/d/1iaKz9fXlygKLB0WAjhKNjBcruwCxqavS/view?usp=drivesdk,https://drive.google.com/uc?export=download&id=1iaKz9fXlygKLB0WAjhKNjBcruwCxqavS,OK,confirmed_or_hard_rule,confirmed,YT-84910,OK
11jP3j0-aLzxETtpBcOB2ddmqR3MCqQda,YT-84990,YT84990,YATO,Czesci_zamienne_YT-84990.pdf,Czesci_zamienne_YT-84990.pdf,Rysunki wybuchowe,https://drive.google.com/file/d/11jP3j0-aLzxETtpBcOB2ddmqR3MCqQda/view?usp=drivesdk,https://drive.google.com/uc?export=download&id=11jP3j0-aLzxETtpBcOB2ddmqR3MCqQda,OK,confirmed_or_hard_rule,confirmed,YT-84990,OK
1TD68n1PbaU0fLv077uSaH70xpVv89bR1,YT-85001,YT85001,YATO,Czesci_zamienne_YT-85001.pdf,Czesci_zamienne_YT-85001.pdf,Rysunki wybuchowe,https://drive.google.com/file/d/1TD68n1PbaU0fLv077uSaH70xpVv89bR1/view?usp=drivesdk,https://drive.google.com/uc?export=download&id=1TD68n1PbaU0fLv077uSaH70xpVv89bR1,OK,confirmed_or_hard_rule,confirmed,YT-85001,OK
1kD1TubPre2j4vjOSblvq5nx3FmulMozB,YT-85003,YT85003,YATO,Czesci_zamienne_YT-85003.pdf,Czesci_zamienne_YT-85003.pdf,Rysunki wybuchowe,https://drive.google.com/file/d/1kD1TubPre2j4vjOSblvq5nx3FmulMozB/view?usp=drivesdk,https://drive.google.com/uc?export=download&id=1kD1TubPre2j4vjOSblvq5nx3FmulMozB,OK,confirmed_or_hard_rule,confirmed,YT-85003,OK
19hAA6gTOm16rUpLRnqsOXhyIxiBKoUYf,YT-85010,YT85010,YATO,Czesci_zamienne_YT-85010.pdf,Czesci_zamienne_YT-85010.pdf,Rysunki wybuchowe,https://drive.google.com/file/d/19hAA6gTOm16rUpLRnqsOXhyIxiBKoUYf/view?usp=drivesdk,https://drive.google.com/uc?export=download&id=19hAA6gTOm16rUpLRnqsOXhyIxiBKoUYf,OK,confirmed_or_hard_rule,confirmed,YT-85010,OK
1Y5hAH0yDTyvTfVpaeMnWWhkt2NH4Ynmd,YT-85013,YT85013,YATO,Czesci_zamienne_YT-85013.pdf,Czesci_zamienne_YT-85013.pdf,Rysunki wybuchowe,https://drive.google.com/file/d/1Y5hAH0yDTyvTfVpaeMnWWhkt2NH4Ynmd/view?usp=drivesdk,https://drive.google.com/uc?export=download&id=1Y5hAH0yDTyvTfVpaeMnWWhkt2NH4Ynmd,OK,confirmed_or_hard_rule,confirmed,YT-85013,OK
1hbYIKHjyJFCBEzGuhqbWH-lr4n0JUKrU,YT-85014,YT85014,YATO,Czesci_zamienne_YT-85014.pdf,Czesci_zamienne_YT-85014.pdf,Rysunki wybuchowe,https://drive.google.com/file/d/1hbYIKHjyJFCBEzGuhqbWH-lr4n0JUKrU/view?usp=drivesdk,https://drive.google.com/uc?export=download&id=1hbYIKHjyJFCBEzGuhqbWH-lr4n0JUKrU,OK,confirmed_or_hard_rule,confirmed,YT-85014,OK
1KL6mTbem-KTzvVUsA4AWzdQt0NBM4PO1,YT-85015,YT85015,YATO,Czesci_zamienne_YT-85015.pdf,Czesci_zamienne_YT-85015.pdf,Rysunki wybuchowe,https://drive.google.com/file/d/1KL6mTbem-KTzvVUsA4AWzdQt0NBM4PO1/view?usp=drivesdk,https://drive.google.com/uc?export=download&id=1KL6mTbem-KTzvVUsA4AWzdQt0NBM4PO1,OK,confirmed_or_hard_rule,confirmed,YT-85015,OK
1DszsCN0SdirmTeo4ywRQhTi6JaS8Xp__,YT-85017,YT85017,YATO,Czesci_zamienne_YT-85017.pdf,Czesci_zamienne_YT-85017.pdf,Rysunki wybuchowe,https://drive.google.com/file/d/1DszsCN0SdirmTeo4ywRQhTi6JaS8Xp__/view?usp=drivesdk,https://drive.google.com/uc?export=download&id=1DszsCN0SdirmTeo4ywRQhTi6JaS8Xp__,OK,confirmed_or_hard_rule,confirmed,YT-85017,OK
1lKmoHhO8hYkXOJRakUGRsIuh2Z7SBcRm,YT-85018,YT85018,YATO,Czesci_zamienne_YT-85018.pdf,Czesci_zamienne_YT-85018.pdf,Rysunki wybuchowe,https://drive.google.com/file/d/1lKmoHhO8hYkXOJRakUGRsIuh2Z7SBcRm/view?usp=drivesdk,https://drive.google.com/uc?export=download&id=1lKmoHhO8hYkXOJRakUGRsIuh2Z7SBcRm,OK,confirmed_or_hard_rule,confirmed,YT-85018,OK
1Y9EVHlNC_WiHCE8vPkItkZVKn90bA9Aj,YT-85019,YT85019,YATO,Czesci_zamienne_YT-85019.pdf,Czesci_zamienne_YT-85019.pdf,Rysunki wybuchowe,https://drive.google.com/file/d/1Y9EVHlNC_WiHCE8vPkItkZVKn90bA9Aj/view?usp=drivesdk,https://drive.google.com/uc?export=download&id=1Y9EVHlNC_WiHCE8vPkItkZVKn90bA9Aj,OK,confirmed_or_hard_rule,confirmed,YT-85019,OK
1YLDlWsK-3B6rNqk3mHpjiJnnL-HeyQRU,YT-85020,YT85020,YATO,Czesci_zamienne_YT-85020.pdf,Czesci_zamienne_YT-85020.pdf,Rysunki wybuchowe,https://drive.google.com/file/d/1YLDlWsK-3B6rNqk3mHpjiJnnL-HeyQRU/view?usp=drivesdk,https://drive.google.com/uc?export=download&id=1YLDlWsK-3B6rNqk3mHpjiJnnL-HeyQRU,OK,confirmed_or_hard_rule,confirmed,YT-85020,OK
1AtT0mB-d-zyZ4Il60ukXKbG8Mvt1HjQz,YT-85170,YT85170,YATO,Czesci_zamienne_YT-85170.pdf,Czesci_zamienne_YT-85170.pdf,Rysunki wybuchowe,https://drive.google.com/file/d/1AtT0mB-d-zyZ4Il60ukXKbG8Mvt1HjQz/view?usp=drivesdk,https://drive.google.com/uc?export=download&id=1AtT0mB-d-zyZ4Il60ukXKbG8Mvt1HjQz,OK,confirmed_or_hard_rule,confirmed,YT-85170,OK
1sIuYJY9vDCfhbtjXn4Su6UB2lLIHhyWM,YT-85171,YT85171,YATO,Czesci_zamienne_YT-85171.pdf,Czesci_zamienne_YT-85171.pdf,Rysunki wybuchowe,https://drive.google.com/file/d/1sIuYJY9vDCfhbtjXn4Su6UB2lLIHhyWM/view?usp=drivesdk,https://drive.google.com/uc?export=download&id=1sIuYJY9vDCfhbtjXn4Su6UB2lLIHhyWM,OK,confirmed_or_hard_rule,confirmed,YT-85171,OK
17ckUjN9D34Ut67bduxGGh7IlTzyCtBZ8,YT-85173,YT85173,YATO,Czesci_zamienne_YT-85173.pdf,Czesci_zamienne_YT-85173.pdf,Rysunki wybuchowe,https://drive.google.com/file/d/17ckUjN9D34Ut67bduxGGh7IlTzyCtBZ8/view?usp=drivesdk,https://drive.google.com/uc?export=download&id=17ckUjN9D34Ut67bduxGGh7IlTzyCtBZ8,OK,confirmed_or_hard_rule,confirmed,YT-85173,OK
1VotsYQqW1Y-4-4x4q2oprBZacABMYtzz,YT-85175,YT85175,YATO,Czesci_zamienne_YT-85175.pdf,Czesci_zamienne_YT-85175.pdf,Rysunki wybuchowe,https://drive.google.com/file/d/1VotsYQqW1Y-4-4x4q2oprBZacABMYtzz/view?usp=drivesdk,https://drive.google.com/uc?export=download&id=1VotsYQqW1Y-4-4x4q2oprBZacABMYtzz,OK,confirmed_or_hard_rule,confirmed,YT-85175,OK
1B9m2ufz7d_0D9T0losMYjEQQT6Fh5dpb,YT-85176,YT85176,YATO,Czesci_zamienne_YT-85176.pdf,Czesci_zamienne_YT-85176.pdf,Rysunki wybuchowe,https://drive.google.com/file/d/1B9m2ufz7d_0D9T0losMYjEQQT6Fh5dpb/view?usp=drivesdk,https://drive.google.com/uc?export=download&id=1B9m2ufz7d_0D9T0losMYjEQQT6Fh5dpb,OK,confirmed_or_hard_rule,confirmed,YT-85176,OK
1Cfxs0W_ag9wBnhdkNHzLOs51R6nYfc-H,YT-85177,YT85177,YATO,Czesci_zamienne_YT-85177.pdf,Czesci_zamienne_YT-85177.pdf,Rysunki wybuchowe,https://drive.google.com/file/d/1Cfxs0W_ag9wBnhdkNHzLOs51R6nYfc-H/view?usp=drivesdk,https://drive.google.com/uc?export=download&id=1Cfxs0W_ag9wBnhdkNHzLOs51R6nYfc-H,OK,confirmed_or_hard_rule,confirmed,YT-85177,OK
1jKfMsbS6BGBdGxbQ4icyvVzJu8GxAA6a,YT-85179,YT85179,YATO,Czesci_zamienne_YT-85179.pdf,Czesci_zamienne_YT-85179.pdf,Rysunki wybuchowe,https://drive.google.com/file/d/1jKfMsbS6BGBdGxbQ4icyvVzJu8GxAA6a/view?usp=drivesdk,https://drive.google.com/uc?export=download&id=1jKfMsbS6BGBdGxbQ4icyvVzJu8GxAA6a,OK,confirmed_or_hard_rule,confirmed,YT-85179,OK
1WobBFazp-8GrtPVknTEhkylc9L_u9F3r,YT-85180,YT85180,YATO,Czesci_zamienne_YT-85180.pdf,Czesci_zamienne_YT-85180.pdf,Rysunki wybuchowe,https://drive.google.com/file/d/1WobBFazp-8GrtPVknTEhkylc9L_u9F3r/view?usp=drivesdk,https://drive.google.com/uc?export=download&id=1WobBFazp-8GrtPVknTEhkylc9L_u9F3r,OK,confirmed_or_hard_rule,confirmed,YT-85180,OK
1Nn2X5Tw2kyBDqqEVL0JSd4UU1GBo0Bs2,YT-85182,YT85182,YATO,Czesci_zamienne_YT-85182.pdf,Czesci_zamienne_YT-85182.pdf,Rysunki wybuchowe,https://drive.google.com/file/d/1Nn2X5Tw2kyBDqqEVL0JSd4UU1GBo0Bs2/view?usp=drivesdk,https://drive.google.com/uc?export=download&id=1Nn2X5Tw2kyBDqqEVL0JSd4UU1GBo0Bs2,OK,confirmed_or_hard_rule,confirmed,YT-85182,OK
1nxaXN1lel1w1J5S8ZzNKwVEsPKsLn1gm,YT-851990,YT851990,YATO,Czesci_zamienne_YT-851990.pdf,Czesci_zamienne_YT-851990.pdf,Rysunki wybuchowe,https://drive.google.com/file/d/1nxaXN1lel1w1J5S8ZzNKwVEsPKsLn1gm/view?usp=drivesdk,https://drive.google.com/uc?export=download&id=1nxaXN1lel1w1J5S8ZzNKwVEsPKsLn1gm,OK,confirmed_or_hard_rule,confirmed,YT-851990,OK
1qtk-AH9deQS4kE9I8TbE90x_8-u7fdBe,YT-851991,YT851991,YATO,Czesci_zamienne_YT-851991.pdf,Czesci_zamienne_YT-851991.pdf,Rysunki wybuchowe,https://drive.google.com/file/d/1qtk-AH9deQS4kE9I8TbE90x_8-u7fdBe/view?usp=drivesdk,https://drive.google.com/uc?export=download&id=1qtk-AH9deQS4kE9I8TbE90x_8-u7fdBe,OK,confirmed_or_hard_rule,confirmed,YT-851991,OK
1pt7cMBI0AZkZsvNbXbmMIVp1bXvNvbTq,YT-851992,YT851992,YATO,Czesci_zamienne_YT-851992.pdf,Czesci_zamienne_YT-851992.pdf,Rysunki wybuchowe,https://drive.google.com/file/d/1pt7cMBI0AZkZsvNbXbmMIVp1bXvNvbTq/view?usp=drivesdk,https://drive.google.com/uc?export=download&id=1pt7cMBI0AZkZsvNbXbmMIVp1bXvNvbTq,OK,confirmed_or_hard_rule,confirmed,YT-851992,OK
1BEM5IKAFLgRbUg1kLbg6y9CmX9ogrkF6,YT-851993,YT851993,YATO,Czesci_zamienne_YT-851993.pdf,Czesci_zamienne_YT-851993.pdf,Rysunki wybuchowe,https://drive.google.com/file/d/1BEM5IKAFLgRbUg1kLbg6y9CmX9ogrkF6/view?usp=drivesdk,https://drive.google.com/uc?export=download&id=1BEM5IKAFLgRbUg1kLbg6y9CmX9ogrkF6,OK,confirmed_or_hard_rule,confirmed,YT-851993,OK
1TG2ly3KHknbu4IaxkrsCpuHs3Dlg9JKU,YT-85200,YT85200,YATO,Czesci_zamienne_YT-85200.pdf,Czesci_zamienne_YT-85200.pdf,Rysunki wybuchowe,https://drive.google.com/file/d/1TG2ly3KHknbu4IaxkrsCpuHs3Dlg9JKU/view?usp=drivesdk,https://drive.google.com/uc?export=download&id=1TG2ly3KHknbu4IaxkrsCpuHs3Dlg9JKU,OK,confirmed_or_hard_rule,confirmed,YT-85200,OK
1o3LtJUD3h3akSnz0wGOY6FGCNRbgpcIn,YT-85205,YT85205,YATO,Czesci_zamienne_YT-85205.pdf,Czesci_zamienne_YT-85205.pdf,Rysunki wybuchowe,https://drive.google.com/file/d/1o3LtJUD3h3akSnz0wGOY6FGCNRbgpcIn/view?usp=drivesdk,https://drive.google.com/uc?export=download&id=1o3LtJUD3h3akSnz0wGOY6FGCNRbgpcIn,OK,confirmed_or_hard_rule,confirmed,YT-85205,OK
1Mco0OUhCeARE8WvGzBjoVA_M3n5lKmdY,YT-85208,YT85208,YATO,Czesci_zamienne_YT-85208.pdf,Czesci_zamienne_YT-85208.pdf,Rysunki wybuchowe,https://drive.google.com/file/d/1Mco0OUhCeARE8WvGzBjoVA_M3n5lKmdY/view?usp=drivesdk,https://drive.google.com/uc?export=download&id=1Mco0OUhCeARE8WvGzBjoVA_M3n5lKmdY,OK,confirmed_or_hard_rule,confirmed,YT-85208,OK
1hM9Dl7OsB7e3JEmS1rGeVmnGJ6iOzat0,YT-852081,YT852081,YATO,Czesci_zamienne_YT-852081.pdf,Czesci_zamienne_YT-852081.pdf,Rysunki wybuchowe,https://drive.google.com/file/d/1hM9Dl7OsB7e3JEmS1rGeVmnGJ6iOzat0/view?usp=drivesdk,https://drive.google.com/uc?export=download&id=1hM9Dl7OsB7e3JEmS1rGeVmnGJ6iOzat0,OK,confirmed_or_hard_rule,confirmed,YT-852081,OK
17cMKA2pF8XGDkZ5jPhivVaZTOA8e7yqK,YT-852082,YT852082,YATO,Czesci_zamienne_YT-852082.pdf,Czesci_zamienne_YT-852082.pdf,Rysunki wybuchowe,https://drive.google.com/file/d/17cMKA2pF8XGDkZ5jPhivVaZTOA8e7yqK/view?usp=drivesdk,https://drive.google.com/uc?export=download&id=17cMKA2pF8XGDkZ5jPhivVaZTOA8e7yqK,OK,confirmed_or_hard_rule,confirmed,YT-852082,OK
1y1wlbcmxAyLHQ2VAyVsocqCoIlrSJp8o,YT-852090,YT852090,YATO,Czesci_zamienne_YT-852090.pdf,Czesci_zamienne_YT-852090.pdf,Rysunki wybuchowe,https://drive.google.com/file/d/1y1wlbcmxAyLHQ2VAyVsocqCoIlrSJp8o/view?usp=drivesdk,https://drive.google.com/uc?export=download&id=1y1wlbcmxAyLHQ2VAyVsocqCoIlrSJp8o,OK,confirmed_or_hard_rule,confirmed,YT-852090,OK
1Reso76H_2qmGrJIbg2MLQzjPAiB1OKVo,YT-852091,YT852091,YATO,Czesci_zamienne_YT-852091.pdf,Czesci_zamienne_YT-852091.pdf,Rysunki wybuchowe,https://drive.google.com/file/d/1Reso76H_2qmGrJIbg2MLQzjPAiB1OKVo/view?usp=drivesdk,https://drive.google.com/uc?export=download&id=1Reso76H_2qmGrJIbg2MLQzjPAiB1OKVo,OK,confirmed_or_hard_rule,confirmed,YT-852091,OK
1p8PaGB1CNPBlC1X3h7DgdrIYDxIaXPuo,YT-852092,YT852092,YATO,Czesci_zamienne_YT-852092.pdf,Czesci_zamienne_YT-852092.pdf,Rysunki wybuchowe,https://drive.google.com/file/d/1p8PaGB1CNPBlC1X3h7DgdrIYDxIaXPuo/view?usp=drivesdk,https://drive.google.com/uc?export=download&id=1p8PaGB1CNPBlC1X3h7DgdrIYDxIaXPuo,OK,confirmed_or_hard_rule,confirmed,YT-852092,OK
1rLi4gHQMov8hVqky_bUORq6_cVBVZ_JY,YT-852093,YT852093,YATO,Czesci_zamienne_YT-852093.pdf,Czesci_zamienne_YT-852093.pdf,Rysunki wybuchowe,https://drive.google.com/file/d/1rLi4gHQMov8hVqky_bUORq6_cVBVZ_JY/view?usp=drivesdk,https://drive.google.com/uc?export=download&id=1rLi4gHQMov8hVqky_bUORq6_cVBVZ_JY,OK,confirmed_or_hard_rule,confirmed,YT-852093,OK
1v0YiyGSL1ysWpoZxQziWm66jzdvRHRYS,YT-85220,YT85220,YATO,Czesci_zamienne_YT-85220.pdf,Czesci_zamienne_YT-85220.pdf,Rysunki wybuchowe,https://drive.google.com/file/d/1v0YiyGSL1ysWpoZxQziWm66jzdvRHRYS/view?usp=drivesdk,https://drive.google.com/uc?export=download&id=1v0YiyGSL1ysWpoZxQziWm66jzdvRHRYS,OK,confirmed_or_hard_rule,confirmed,YT-85220,OK
1RblrdVOmpGwkYRm17eu-ILQha4yHLG6i,YT-85221,YT85221,YATO,Czesci_zamienne_YT-85221.pdf,Czesci_zamienne_YT-85221.pdf,Rysunki wybuchowe,https://drive.google.com/file/d/1RblrdVOmpGwkYRm17eu-ILQha4yHLG6i/view?usp=drivesdk,https://drive.google.com/uc?export=download&id=1RblrdVOmpGwkYRm17eu-ILQha4yHLG6i,OK,confirmed_or_hard_rule,confirmed,YT-85221,OK
12zi7j4UPWzCBCprnB860h2W1KHeknV7Q,YT-85222,YT85222,YATO,Czesci_zamienne_YT-85222.pdf,Czesci_zamienne_YT-85222.pdf,Rysunki wybuchowe,https://drive.google.com/file/d/12zi7j4UPWzCBCprnB860h2W1KHeknV7Q/view?usp=drivesdk,https://drive.google.com/uc?export=download&id=12zi7j4UPWzCBCprnB860h2W1KHeknV7Q,OK,confirmed_or_hard_rule,confirmed,YT-85222,OK
1IQU4p0zUxxPEenY-G3bZVbzJh_zGdCmC,YT-85223,YT85223,YATO,Czesci_zamienne_YT-85223.pdf,Czesci_zamienne_YT-85223.pdf,Rysunki wybuchowe,https://drive.google.com/file/d/1IQU4p0zUxxPEenY-G3bZVbzJh_zGdCmC/view?usp=drivesdk,https://drive.google.com/uc?export=download&id=1IQU4p0zUxxPEenY-G3bZVbzJh_zGdCmC,OK,confirmed_or_hard_rule,confirmed,YT-85223,OK
1D-coiCoZ8EYrjmrcd7rnZ3XnR9CbsmPA,YT-85224,YT85224,YATO,Czesci_zamienne_YT-85224.pdf,Czesci_zamienne_YT-85224.pdf,Rysunki wybuchowe,https://drive.google.com/file/d/1D-coiCoZ8EYrjmrcd7rnZ3XnR9CbsmPA/view?usp=drivesdk,https://drive.google.com/uc?export=download&id=1D-coiCoZ8EYrjmrcd7rnZ3XnR9CbsmPA,OK,confirmed_or_hard_rule,confirmed,YT-85224,OK
1VvNpUvkVBEmC85Nxlges4-1KIp_MBdmf,YT-85225,YT85225,YATO,Czesci_zamienne_YT-85225.pdf,Czesci_zamienne_YT-85225.pdf,Rysunki wybuchowe,https://drive.google.com/file/d/1VvNpUvkVBEmC85Nxlges4-1KIp_MBdmf/view?usp=drivesdk,https://drive.google.com/uc?export=download&id=1VvNpUvkVBEmC85Nxlges4-1KIp_MBdmf,OK,confirmed_or_hard_rule,confirmed,YT-85225,OK
1h5sJ5wOioK0T7mb7G0w32epX-rkfqdBD,YT-85230,YT85230,YATO,Czesci_zamienne_YT-85230.pdf,Czesci_zamienne_YT-85230.pdf,Rysunki wybuchowe,https://drive.google.com/file/d/1h5sJ5wOioK0T7mb7G0w32epX-rkfqdBD/view?usp=drivesdk,https://drive.google.com/uc?export=download&id=1h5sJ5wOioK0T7mb7G0w32epX-rkfqdBD,OK,confirmed_or_hard_rule,confirmed,YT-85230,OK
1AEeQVSIuHd4uYLnYUyGrATkYHARTxBAD,YT-85234,YT85234,YATO,Czesci_zamienne_YT-85234.pdf,Czesci_zamienne_YT-85234.pdf,Rysunki wybuchowe,https://drive.google.com/file/d/1AEeQVSIuHd4uYLnYUyGrATkYHARTxBAD/view?usp=drivesdk,https://drive.google.com/uc?export=download&id=1AEeQVSIuHd4uYLnYUyGrATkYHARTxBAD,OK,confirmed_or_hard_rule,confirmed,YT-85234,OK
157GQvBuatJURFLYJOIpPEq9S26TtX1up,YT-852370,YT852370,YATO,Czesci_zamienne_YT-852370.pdf,Czesci_zamienne_YT-852370.pdf,Rysunki wybuchowe,https://drive.google.com/file/d/157GQvBuatJURFLYJOIpPEq9S26TtX1up/view?usp=drivesdk,https://drive.google.com/uc?export=download&id=157GQvBuatJURFLYJOIpPEq9S26TtX1up,OK,confirmed_or_hard_rule,confirmed,YT-852370,OK
1-Ys1osnXhyg2sWG1wcPREu9ophIfdLfZ,YT-852371,YT852371,YATO,Czesci_zamienne_YT-852371.pdf,Czesci_zamienne_YT-852371.pdf,Rysunki wybuchowe,https://drive.google.com/file/d/1-Ys1osnXhyg2sWG1wcPREu9ophIfdLfZ/view?usp=drivesdk,https://drive.google.com/uc?export=download&id=1-Ys1osnXhyg2sWG1wcPREu9ophIfdLfZ,OK,confirmed_or_hard_rule,confirmed,YT-852371,OK
1auPSAuiSC_gKsK3MH4eCtbzxz3QUga0_,YT-85271,YT85271,YATO,Czesci_zamienne_YT-85271.pdf,Czesci_zamienne_YT-85271.pdf,Rysunki wybuchowe,https://drive.google.com/file/d/1auPSAuiSC_gKsK3MH4eCtbzxz3QUga0_/view?usp=drivesdk,https://drive.google.com/uc?export=download&id=1auPSAuiSC_gKsK3MH4eCtbzxz3QUga0_,OK,confirmed_or_hard_rule,confirmed,YT-85271,OK
1lIJ_3jW5ajMbWwHod1GOWuBSCiXVqtYt,YT-85283,YT85283,YATO,Czesci_zamienne_YT-85283.pdf,Czesci_zamienne_YT-85283.pdf,Rysunki wybuchowe,https://drive.google.com/file/d/1lIJ_3jW5ajMbWwHod1GOWuBSCiXVqtYt/view?usp=drivesdk,https://drive.google.com/uc?export=download&id=1lIJ_3jW5ajMbWwHod1GOWuBSCiXVqtYt,OK,confirmed_or_hard_rule,confirmed,YT-85283,OK
1_VYzEnlH1-uSoPgOFpoVa51D7yPVyjnB,YT-85286,YT85286,YATO,Czesci_zamienne_YT-85286.pdf,Czesci_zamienne_YT-85286.pdf,Rysunki wybuchowe,https://drive.google.com/file/d/1_VYzEnlH1-uSoPgOFpoVa51D7yPVyjnB/view?usp=drivesdk,https://drive.google.com/uc?export=download&id=1_VYzEnlH1-uSoPgOFpoVa51D7yPVyjnB,OK,confirmed_or_hard_rule,confirmed,YT-85286,OK
1O5lqWf9sdR345lErUjE9BmYpvfkAMT4F,YT-85287,YT85287,YATO,Czesci_zamienne_YT-85287.pdf,Czesci_zamienne_YT-85287.pdf,Rysunki wybuchowe,https://drive.google.com/file/d/1O5lqWf9sdR345lErUjE9BmYpvfkAMT4F/view?usp=drivesdk,https://drive.google.com/uc?export=download&id=1O5lqWf9sdR345lErUjE9BmYpvfkAMT4F,OK,confirmed_or_hard_rule,confirmed,YT-85287,OK
1NoUeXbXp72QaU7tX843dWUni5MVAUTIK,YT-85300,YT85300,YATO,Czesci_zamienne_YT-85300.pdf,Czesci_zamienne_YT-85300.pdf,Rysunki wybuchowe,https://drive.google.com/file/d/1NoUeXbXp72QaU7tX843dWUni5MVAUTIK/view?usp=drivesdk,https://drive.google.com/uc?export=download&id=1NoUeXbXp72QaU7tX843dWUni5MVAUTIK,OK,confirmed_or_hard_rule,confirmed,YT-85300,OK
1T-xIeNQyPlZArSJri9KLbHM2tvIU0uR0,YT-85301,YT85301,YATO,Czesci_zamienne_YT-85301.pdf,Czesci_zamienne_YT-85301.pdf,Rysunki wybuchowe,https://drive.google.com/file/d/1T-xIeNQyPlZArSJri9KLbHM2tvIU0uR0/view?usp=drivesdk,https://drive.google.com/uc?export=download&id=1T-xIeNQyPlZArSJri9KLbHM2tvIU0uR0,OK,confirmed_or_hard_rule,confirmed,YT-85301,OK
1nGQ829jI31V9u4p4umXp_mMIKJqhdmJJ,YT-85330,YT85330,YATO,Czesci_zamienne_YT-85330.pdf,Czesci_zamienne_YT-85330.pdf,Rysunki wybuchowe,https://drive.google.com/file/d/1nGQ829jI31V9u4p4umXp_mMIKJqhdmJJ/view?usp=drivesdk,https://drive.google.com/uc?export=download&id=1nGQ829jI31V9u4p4umXp_mMIKJqhdmJJ,OK,confirmed_or_hard_rule,confirmed,YT-85330,OK
18sHS7hKFcdRJPL-3I6S6QJYDyqKJGGB9,YT-85333,YT85333,YATO,Czesci_zamienne_YT-85333.pdf,Czesci_zamienne_YT-85333.pdf,Rysunki wybuchowe,https://drive.google.com/file/d/18sHS7hKFcdRJPL-3I6S6QJYDyqKJGGB9/view?usp=drivesdk,https://drive.google.com/uc?export=download&id=18sHS7hKFcdRJPL-3I6S6QJYDyqKJGGB9,OK,confirmed_or_hard_rule,confirmed,YT-85333,OK
1_iS7D352bBcDiv6sswmSPjKPTrSJt8Wt,YT-85341,YT85341,YATO,Czesci_zamienne_YT-85341.pdf,Czesci_zamienne_YT-85341.pdf,Rysunki wybuchowe,https://drive.google.com/file/d/1_iS7D352bBcDiv6sswmSPjKPTrSJt8Wt/view?usp=drivesdk,https://drive.google.com/uc?export=download&id=1_iS7D352bBcDiv6sswmSPjKPTrSJt8Wt,OK,confirmed_or_hard_rule,confirmed,YT-85341,OK
13vB46TzZ9ykLXHhjFzoEsDxzZTkVvVsN,YT-85343,YT85343,YATO,Czesci_zamienne_YT-85343.pdf,Czesci_zamienne_YT-85343.pdf,Rysunki wybuchowe,https://drive.google.com/file/d/13vB46TzZ9ykLXHhjFzoEsDxzZTkVvVsN/view?usp=drivesdk,https://drive.google.com/uc?export=download&id=13vB46TzZ9ykLXHhjFzoEsDxzZTkVvVsN,OK,confirmed_or_hard_rule,confirmed,YT-85343,OK
1hwSsol6w4NThzcaWJBgjSuC8K-J2jTse,YT-85349,YT85349,YATO,Czesci_zamienne_YT-85349.pdf,Czesci_zamienne_YT-85349.pdf,Rysunki wybuchowe,https://drive.google.com/file/d/1hwSsol6w4NThzcaWJBgjSuC8K-J2jTse/view?usp=drivesdk,https://drive.google.com/uc?export=download&id=1hwSsol6w4NThzcaWJBgjSuC8K-J2jTse,OK,confirmed_or_hard_rule,confirmed,YT-85349,OK
1QO6DXJKM0muuyX-HD30_25sN423EXaGr,YT-85350,YT85350,YATO,Czesci_zamienne_YT-85350.pdf,Czesci_zamienne_YT-85350.pdf,Rysunki wybuchowe,https://drive.google.com/file/d/1QO6DXJKM0muuyX-HD30_25sN423EXaGr/view?usp=drivesdk,https://drive.google.com/uc?export=download&id=1QO6DXJKM0muuyX-HD30_25sN423EXaGr,OK,confirmed_or_hard_rule,confirmed,YT-85350,OK
1Fpbw-0qYy1VK4a7xr9Afc4SioCJyQgce,YT-85363,YT85363,YATO,Czesci_zamienne_YT-85363.pdf,Czesci_zamienne_YT-85363.pdf,Rysunki wybuchowe,https://drive.google.com/file/d/1Fpbw-0qYy1VK4a7xr9Afc4SioCJyQgce/view?usp=drivesdk,https://drive.google.com/uc?export=download&id=1Fpbw-0qYy1VK4a7xr9Afc4SioCJyQgce,OK,confirmed_or_hard_rule,confirmed,YT-85363,OK
1L55eyBX3WQEqRz9Fuy5JgIbe2kHRyKY6,YT-85364,YT85364,YATO,Czesci_zamienne_YT-85364.pdf,Czesci_zamienne_YT-85364.pdf,Rysunki wybuchowe,https://drive.google.com/file/d/1L55eyBX3WQEqRz9Fuy5JgIbe2kHRyKY6/view?usp=drivesdk,https://drive.google.com/uc?export=download&id=1L55eyBX3WQEqRz9Fuy5JgIbe2kHRyKY6,OK,confirmed_or_hard_rule,confirmed,YT-85364,OK
1jYP9XGaH8ey8i9Q29ikp6rdCAKpl2qQo,YT-85370,YT85370,YATO,Czesci_zamienne_YT-85370.pdf,Czesci_zamienne_YT-85370.pdf,Rysunki wybuchowe,https://drive.google.com/file/d/1jYP9XGaH8ey8i9Q29ikp6rdCAKpl2qQo/view?usp=drivesdk,https://drive.google.com/uc?export=download&id=1jYP9XGaH8ey8i9Q29ikp6rdCAKpl2qQo,OK,confirmed_or_hard_rule,confirmed,YT-85370,OK
1KiyAvrp0IpQ0X9dhYzuFDFr7ezvkU7Ap,YT-85371,YT85371,YATO,Czesci_zamienne_YT-85371.pdf,Czesci_zamienne_YT-85371.pdf,Rysunki wybuchowe,https://drive.google.com/file/d/1KiyAvrp0IpQ0X9dhYzuFDFr7ezvkU7Ap/view?usp=drivesdk,https://drive.google.com/uc?export=download&id=1KiyAvrp0IpQ0X9dhYzuFDFr7ezvkU7Ap,OK,confirmed_or_hard_rule,confirmed,YT-85371,OK
1ejdukK6egG5BwOQqNJ95JNH3sW8UV4w7,YT-85372,YT85372,YATO,Czesci_zamienne_YT-85372.pdf,Czesci_zamienne_YT-85372.pdf,Rysunki wybuchowe,https://drive.google.com/file/d/1ejdukK6egG5BwOQqNJ95JNH3sW8UV4w7/view?usp=drivesdk,https://drive.google.com/uc?export=download&id=1ejdukK6egG5BwOQqNJ95JNH3sW8UV4w7,OK,confirmed_or_hard_rule,confirmed,YT-85372,OK
1LMsLLd2IKAMvCtseOo8J03e3eGnbx-c2,YT-85401,YT85401,YATO,Czesci_zamienne_YT-85401.pdf,Czesci_zamienne_YT-85401.pdf,Rysunki wybuchowe,https://drive.google.com/file/d/1LMsLLd2IKAMvCtseOo8J03e3eGnbx-c2/view?usp=drivesdk,https://drive.google.com/uc?export=download&id=1LMsLLd2IKAMvCtseOo8J03e3eGnbx-c2,OK,confirmed_or_hard_rule,confirmed,YT-85401,OK
1JyGK9tm7IUdsilARaL33d8H98-eqvNrt,YT-85402,YT85402,YATO,Czesci_zamienne_YT-85402.pdf,Czesci_zamienne_YT-85402.pdf,Rysunki wybuchowe,https://drive.google.com/file/d/1JyGK9tm7IUdsilARaL33d8H98-eqvNrt/view?usp=drivesdk,https://drive.google.com/uc?export=download&id=1JyGK9tm7IUdsilARaL33d8H98-eqvNrt,OK,confirmed_or_hard_rule,confirmed,YT-85402,OK
1KaVW_wBg-NytHgqVswuu1Qb2egHq-7i3,YT-85403,YT85403,YATO,Czesci_zamienne_YT-85403.pdf,Czesci_zamienne_YT-85403.pdf,Rysunki wybuchowe,https://drive.google.com/file/d/1KaVW_wBg-NytHgqVswuu1Qb2egHq-7i3/view?usp=drivesdk,https://drive.google.com/uc?export=download&id=1KaVW_wBg-NytHgqVswuu1Qb2egHq-7i3,OK,confirmed_or_hard_rule,confirmed,YT-85403,OK
1ZAH4gzJ5PUaxA0FxVFCxUH_nXSXaDk56,YT-85421,YT85421,YATO,Czesci_zamienne_YT-85421.pdf,Czesci_zamienne_YT-85421.pdf,Rysunki wybuchowe,https://drive.google.com/file/d/1ZAH4gzJ5PUaxA0FxVFCxUH_nXSXaDk56/view?usp=drivesdk,https://drive.google.com/uc?export=download&id=1ZAH4gzJ5PUaxA0FxVFCxUH_nXSXaDk56,OK,confirmed_or_hard_rule,confirmed,YT-85421,OK
1hgAz_RLG0FiMzR54SXeGAbrh5wtyVkrU,YT-85422,YT85422,YATO,Czesci_zamienne_YT-85422.pdf,Czesci_zamienne_YT-85422.pdf,Rysunki wybuchowe,https://drive.google.com/file/d/1hgAz_RLG0FiMzR54SXeGAbrh5wtyVkrU/view?usp=drivesdk,https://drive.google.com/uc?export=download&id=1hgAz_RLG0FiMzR54SXeGAbrh5wtyVkrU,OK,confirmed_or_hard_rule,confirmed,YT-85422,OK
1SWyj4LnzNHp_djUvo2DWFH4wUpD9WKib,YT-85432,YT85432,YATO,Czesci_zamienne_YT-85432.pdf,Czesci_zamienne_YT-85432.pdf,Rysunki wybuchowe,https://drive.google.com/file/d/1SWyj4LnzNHp_djUvo2DWFH4wUpD9WKib/view?usp=drivesdk,https://drive.google.com/uc?export=download&id=1SWyj4LnzNHp_djUvo2DWFH4wUpD9WKib,OK,confirmed_or_hard_rule,confirmed,YT-85432,OK
185-R-KLouCmBhpSYEe1URl-ntVeAsEnH,YT-85434,YT85434,YATO,Czesci_zamienne_YT-85434.pdf,Czesci_zamienne_YT-85434.pdf,Rysunki wybuchowe,https://drive.google.com/file/d/185-R-KLouCmBhpSYEe1URl-ntVeAsEnH/view?usp=drivesdk,https://drive.google.com/uc?export=download&id=185-R-KLouCmBhpSYEe1URl-ntVeAsEnH,OK,confirmed_or_hard_rule,confirmed,YT-85434,OK
1ZE2hekusOzLQj0hWcVBqAGe1YsFzTBtF,YT-85437,YT85437,YATO,Czesci_zamienne_YT-85437.pdf,Czesci_zamienne_YT-85437.pdf,Rysunki wybuchowe,https://drive.google.com/file/d/1ZE2hekusOzLQj0hWcVBqAGe1YsFzTBtF/view?usp=drivesdk,https://drive.google.com/uc?export=download&id=1ZE2hekusOzLQj0hWcVBqAGe1YsFzTBtF,OK,confirmed_or_hard_rule,confirmed,YT-85437,OK
1i1ItLf9iro3wn2Bnis5HsnM3zNNFgiYm,YT-85440,YT85440,YATO,Czesci_zamienne_YT-85440.pdf,Czesci_zamienne_YT-85440.pdf,Rysunki wybuchowe,https://drive.google.com/file/d/1i1ItLf9iro3wn2Bnis5HsnM3zNNFgiYm/view?usp=drivesdk,https://drive.google.com/uc?export=download&id=1i1ItLf9iro3wn2Bnis5HsnM3zNNFgiYm,OK,confirmed_or_hard_rule,confirmed,YT-85440,OK
1yOKvrhCkamy_9abFW1MZxuela2XjhEd1,YT-85451,YT85451,YATO,Czesci_zamienne_YT-85451.pdf,Czesci_zamienne_YT-85451.pdf,Rysunki wybuchowe,https://drive.google.com/file/d/1yOKvrhCkamy_9abFW1MZxuela2XjhEd1/view?usp=drivesdk,https://drive.google.com/uc?export=download&id=1yOKvrhCkamy_9abFW1MZxuela2XjhEd1,OK,confirmed_or_hard_rule,confirmed,YT-85451,OK
1AqMdOYgknJZwNLcnuDMbAgtAJl1EVwcc,YT-85453,YT85453,YATO,Czesci_zamienne_YT-85453.pdf,Czesci_zamienne_YT-85453.pdf,Rysunki wybuchowe,https://drive.google.com/file/d/1AqMdOYgknJZwNLcnuDMbAgtAJl1EVwcc/view?usp=drivesdk,https://drive.google.com/uc?export=download&id=1AqMdOYgknJZwNLcnuDMbAgtAJl1EVwcc,OK,confirmed_or_hard_rule,confirmed,YT-85453,OK
15xlcSQpRFlrrZkE3GnjX2f2qp4eZtZyn,YT-85460,YT85460,YATO,Czesci_zamienne_YT-85460.pdf,Czesci_zamienne_YT-85460.pdf,Rysunki wybuchowe,https://drive.google.com/file/d/15xlcSQpRFlrrZkE3GnjX2f2qp4eZtZyn/view?usp=drivesdk,https://drive.google.com/uc?export=download&id=15xlcSQpRFlrrZkE3GnjX2f2qp4eZtZyn,OK,confirmed_or_hard_rule,confirmed,YT-85460,OK
1Bt2fdH3mjE-8LD9A6fSvPvH0FdzQGZGP,YT-85481,YT85481,YATO,Czesci_zamienne_YT-85481.pdf,Czesci_zamienne_YT-85481.pdf,Rysunki wybuchowe,https://drive.google.com/file/d/1Bt2fdH3mjE-8LD9A6fSvPvH0FdzQGZGP/view?usp=drivesdk,https://drive.google.com/uc?export=download&id=1Bt2fdH3mjE-8LD9A6fSvPvH0FdzQGZGP,OK,confirmed_or_hard_rule,confirmed,YT-85481,OK
1nVNKe8VVhJrGH_Wv6E0gKXBlo1SN5klI,YT-85482,YT85482,YATO,Czesci_zamienne_YT-85482.pdf,Czesci_zamienne_YT-85482.pdf,Rysunki wybuchowe,https://drive.google.com/file/d/1nVNKe8VVhJrGH_Wv6E0gKXBlo1SN5klI/view?usp=drivesdk,https://drive.google.com/uc?export=download&id=1nVNKe8VVhJrGH_Wv6E0gKXBlo1SN5klI,OK,confirmed_or_hard_rule,confirmed,YT-85482,OK
12_ksqHOeTAnzuLBSatVdxI5X9y6iaJxZ,YT-85483,YT85483,YATO,Czesci_zamienne_YT-85483.pdf,Czesci_zamienne_YT-85483.pdf,Rysunki wybuchowe,https://drive.google.com/file/d/12_ksqHOeTAnzuLBSatVdxI5X9y6iaJxZ/view?usp=drivesdk,https://drive.google.com/uc?export=download&id=12_ksqHOeTAnzuLBSatVdxI5X9y6iaJxZ,OK,confirmed_or_hard_rule,confirmed,YT-85483,OK
1vMzaYwMnJHiBaXqLVJUYHWYKI8zWMDBc,YT-854837,YT854837,YATO,Czesci_zamienne_YT-854837.pdf,Czesci_zamienne_YT-854837.pdf,Rysunki wybuchowe,https://drive.google.com/file/d/1vMzaYwMnJHiBaXqLVJUYHWYKI8zWMDBc/view?usp=drivesdk,https://drive.google.com/uc?export=download&id=1vMzaYwMnJHiBaXqLVJUYHWYKI8zWMDBc,OK,confirmed_or_hard_rule,confirmed,YT-854837,OK
1hoWKr1JIOyc6j1S43w8E8aE9xchxH1iw,YT-85485,YT85485,YATO,Czesci_zamienne_YT-85485.pdf,Czesci_zamienne_YT-85485.pdf,Rysunki wybuchowe,https://drive.google.com/file/d/1hoWKr1JIOyc6j1S43w8E8aE9xchxH1iw/view?usp=drivesdk,https://drive.google.com/uc?export=download&id=1hoWKr1JIOyc6j1S43w8E8aE9xchxH1iw,OK,confirmed_or_hard_rule,confirmed,YT-85485,OK
1N2MBJ0v6N-5LTusoQDDbqKm7y8EsMmvC,YT-85486,YT85486,YATO,Czesci_zamienne_YT-85486.pdf,Czesci_zamienne_YT-85486.pdf,Rysunki wybuchowe,https://drive.google.com/file/d/1N2MBJ0v6N-5LTusoQDDbqKm7y8EsMmvC/view?usp=drivesdk,https://drive.google.com/uc?export=download&id=1N2MBJ0v6N-5LTusoQDDbqKm7y8EsMmvC,OK,confirmed_or_hard_rule,confirmed,YT-85486,OK
1CEDuqYrUss-S6hXo5e8VAgeRKxqsxIX-,YT-85520,YT85520,YATO,Czesci_zamienne_YT-85520.pdf,Czesci_zamienne_YT-85520.pdf,Rysunki wybuchowe,https://drive.google.com/file/d/1CEDuqYrUss-S6hXo5e8VAgeRKxqsxIX-/view?usp=drivesdk,https://drive.google.com/uc?export=download&id=1CEDuqYrUss-S6hXo5e8VAgeRKxqsxIX-,OK,confirmed_or_hard_rule,confirmed,YT-85520,OK
1SAAHrOSH0V8xwJMqKMB7E4mWYcbq6qmy,YT-85521,YT85521,YATO,Czesci_zamienne_YT-85521.pdf,Czesci_zamienne_YT-85521.pdf,Rysunki wybuchowe,https://drive.google.com/file/d/1SAAHrOSH0V8xwJMqKMB7E4mWYcbq6qmy/view?usp=drivesdk,https://drive.google.com/uc?export=download&id=1SAAHrOSH0V8xwJMqKMB7E4mWYcbq6qmy,OK,confirmed_or_hard_rule,confirmed,YT-85521,OK
1DMCuy4WXiN_oRgXChYqoW99j8QIvThVl,YT-85525,YT85525,YATO,Czesci_zamienne_YT-85525.pdf,Czesci_zamienne_YT-85525.pdf,Rysunki wybuchowe,https://drive.google.com/file/d/1DMCuy4WXiN_oRgXChYqoW99j8QIvThVl/view?usp=drivesdk,https://drive.google.com/uc?export=download&id=1DMCuy4WXiN_oRgXChYqoW99j8QIvThVl,OK,confirmed_or_hard_rule,confirmed,YT-85525,OK
1NKclqcK-tReNqlO14TqXjdTS8xhraTwa,YT-85528,YT85528,YATO,Czesci_zamienne_YT-85528.pdf,Czesci_zamienne_YT-85528.pdf,Rysunki wybuchowe,https://drive.google.com/file/d/1NKclqcK-tReNqlO14TqXjdTS8xhraTwa/view?usp=drivesdk,https://drive.google.com/uc?export=download&id=1NKclqcK-tReNqlO14TqXjdTS8xhraTwa,OK,confirmed_or_hard_rule,confirmed,YT-85528,OK
1Bmv6AmUfPH7cTjZlUkrpuclIZSaHiYX0,YT-85532,YT85532,YATO,Czesci_zamienne_YT-85532.pdf,Czesci_zamienne_YT-85532.pdf,Rysunki wybuchowe,https://drive.google.com/file/d/1Bmv6AmUfPH7cTjZlUkrpuclIZSaHiYX0/view?usp=drivesdk,https://drive.google.com/uc?export=download&id=1Bmv6AmUfPH7cTjZlUkrpuclIZSaHiYX0,OK,confirmed_or_hard_rule,confirmed,YT-85532,OK
1r165TvVlSyU41INAV-sAYUHJxyHWRqUs,YT-85533,YT85533,YATO,Czesci_zamienne_YT-85533.pdf,Czesci_zamienne_YT-85533.pdf,Rysunki wybuchowe,https://drive.google.com/file/d/1r165TvVlSyU41INAV-sAYUHJxyHWRqUs/view?usp=drivesdk,https://drive.google.com/uc?export=download&id=1r165TvVlSyU41INAV-sAYUHJxyHWRqUs,OK,confirmed_or_hard_rule,confirmed,YT-85533,OK
1o07RpX0eHvfkGV_I4dbFtHDWZLGiCjff,YT-85537,YT85537,YATO,Czesci_zamienne_YT-85537.pdf,Czesci_zamienne_YT-85537.pdf,Rysunki wybuchowe,https://drive.google.com/file/d/1o07RpX0eHvfkGV_I4dbFtHDWZLGiCjff/view?usp=drivesdk,https://drive.google.com/uc?export=download&id=1o07RpX0eHvfkGV_I4dbFtHDWZLGiCjff,OK,confirmed_or_hard_rule,confirmed,YT-85537,OK
10wUTmN4tbpxyN06U7vuBqL7kCzUQb92K,YT-85545,YT85545,YATO,Czesci_zamienne_YT-85545.pdf,Czesci_zamienne_YT-85545.pdf,Rysunki wybuchowe,https://drive.google.com/file/d/10wUTmN4tbpxyN06U7vuBqL7kCzUQb92K/view?usp=drivesdk,https://drive.google.com/uc?export=download&id=10wUTmN4tbpxyN06U7vuBqL7kCzUQb92K,OK,confirmed_or_hard_rule,confirmed,YT-85545,OK
10cacLBinMEc7ALSkUA7HH_gY013HwChc,YT-85550,YT85550,YATO,Czesci_zamienne_YT-85550.pdf,Czesci_zamienne_YT-85550.pdf,Rysunki wybuchowe,https://drive.google.com/file/d/10cacLBinMEc7ALSkUA7HH_gY013HwChc/view?usp=drivesdk,https://drive.google.com/uc?export=download&id=10cacLBinMEc7ALSkUA7HH_gY013HwChc,OK,confirmed_or_hard_rule,confirmed,YT-85550,OK
1RkLJUFsugljgP3EX05lIpNIVU6SYAVsI,YT-85551,YT85551,YATO,Czesci_zamienne_YT-85551.pdf,Czesci_zamienne_YT-85551.pdf,Rysunki wybuchowe,https://drive.google.com/file/d/1RkLJUFsugljgP3EX05lIpNIVU6SYAVsI/view?usp=drivesdk,https://drive.google.com/uc?export=download&id=1RkLJUFsugljgP3EX05lIpNIVU6SYAVsI,OK,confirmed_or_hard_rule,confirmed,YT-85551,OK
1wrC9QvLPX886qx0GywzuN5kGA7Uw35BY,YT-85552,YT85552,YATO,Czesci_zamienne_YT-85552.pdf,Czesci_zamienne_YT-85552.pdf,Rysunki wybuchowe,https://drive.google.com/file/d/1wrC9QvLPX886qx0GywzuN5kGA7Uw35BY/view?usp=drivesdk,https://drive.google.com/uc?export=download&id=1wrC9QvLPX886qx0GywzuN5kGA7Uw35BY,OK,confirmed_or_hard_rule,confirmed,YT-85552,OK
1qny_iAszUJy_JGzT9CgDlFvPM98Jz_lb,YT-85553,YT85553,YATO,Czesci_zamienne_YT-85553.pdf,Czesci_zamienne_YT-85553.pdf,Rysunki wybuchowe,https://drive.google.com/file/d/1qny_iAszUJy_JGzT9CgDlFvPM98Jz_lb/view?usp=drivesdk,https://drive.google.com/uc?export=download&id=1qny_iAszUJy_JGzT9CgDlFvPM98Jz_lb,OK,confirmed_or_hard_rule,confirmed,YT-85553,OK
1IApWa-qkNU6EZL1OBZkUseMPDRQtXGpq,YT-85554,YT85554,YATO,Czesci_zamienne_YT-85554.pdf,Czesci_zamienne_YT-85554.pdf,Rysunki wybuchowe,https://drive.google.com/file/d/1IApWa-qkNU6EZL1OBZkUseMPDRQtXGpq/view?usp=drivesdk,https://drive.google.com/uc?export=download&id=1IApWa-qkNU6EZL1OBZkUseMPDRQtXGpq,OK,confirmed_or_hard_rule,confirmed,YT-85554,OK
1xwk9uci_vUi53qJGMZLgVBjNABNU76MB,YT-85570,YT85570,YATO,Czesci_zamienne_YT-85570.pdf,Czesci_zamienne_YT-85570.pdf,Rysunki wybuchowe,https://drive.google.com/file/d/1xwk9uci_vUi53qJGMZLgVBjNABNU76MB/view?usp=drivesdk,https://drive.google.com/uc?export=download&id=1xwk9uci_vUi53qJGMZLgVBjNABNU76MB,OK,confirmed_or_hard_rule,confirmed,YT-85570,OK
10aZjshEV_iBft-ZfmMUveXZDVzjNGKRT,YT-85580,YT85580,YATO,Czesci_zamienne_YT-85580.pdf,Czesci_zamienne_YT-85580.pdf,Rysunki wybuchowe,https://drive.google.com/file/d/10aZjshEV_iBft-ZfmMUveXZDVzjNGKRT/view?usp=drivesdk,https://drive.google.com/uc?export=download&id=10aZjshEV_iBft-ZfmMUveXZDVzjNGKRT,OK,confirmed_or_hard_rule,confirmed,YT-85580,OK
1UcbLuRbqS-Qfw_F480SS5CUUUWqn3yLP,YT-85590,YT85590,YATO,Czesci_zamienne_YT-85590.pdf,Czesci_zamienne_YT-85590.pdf,Rysunki wybuchowe,https://drive.google.com/file/d/1UcbLuRbqS-Qfw_F480SS5CUUUWqn3yLP/view?usp=drivesdk,https://drive.google.com/uc?export=download&id=1UcbLuRbqS-Qfw_F480SS5CUUUWqn3yLP,OK,confirmed_or_hard_rule,confirmed,YT-85590,OK
1q7fxdkU5Blxh-Z8aZRGghQjN5_3E-g5G,YT-85591,YT85591,YATO,Czesci_zamienne_YT-85591.pdf,Czesci_zamienne_YT-85591.pdf,Rysunki wybuchowe,https://drive.google.com/file/d/1q7fxdkU5Blxh-Z8aZRGghQjN5_3E-g5G/view?usp=drivesdk,https://drive.google.com/uc?export=download&id=1q7fxdkU5Blxh-Z8aZRGghQjN5_3E-g5G,OK,confirmed_or_hard_rule,confirmed,YT-85591,OK
1HOI21wXVFvvOttINWkcKsoIHgLU35cBe,YT-85592,YT85592,YATO,Czesci_zamienne_YT-85592.pdf,Czesci_zamienne_YT-85592.pdf,Rysunki wybuchowe,https://drive.google.com/file/d/1HOI21wXVFvvOttINWkcKsoIHgLU35cBe/view?usp=drivesdk,https://drive.google.com/uc?export=download&id=1HOI21wXVFvvOttINWkcKsoIHgLU35cBe,OK,confirmed_or_hard_rule,confirmed,YT-85592,OK
1RPCpOYcuIz4uRvW3NaiSZ23wKKWei4fu,YT-85600,YT85600,YATO,Czesci_zamienne_YT-85600.pdf,Czesci_zamienne_YT-85600.pdf,Rysunki wybuchowe,https://drive.google.com/file/d/1RPCpOYcuIz4uRvW3NaiSZ23wKKWei4fu/view?usp=drivesdk,https://drive.google.com/uc?export=download&id=1RPCpOYcuIz4uRvW3NaiSZ23wKKWei4fu,OK,confirmed_or_hard_rule,confirmed,YT-85600,OK
1MFcbQQgP4Rk8BxDmPHnpaUlr3zwXHMzX,YT-85680,YT85680,YATO,Czesci_zamienne_YT-85680.pdf,Czesci_zamienne_YT-85680.pdf,Rysunki wybuchowe,https://drive.google.com/file/d/1MFcbQQgP4Rk8BxDmPHnpaUlr3zwXHMzX/view?usp=drivesdk,https://drive.google.com/uc?export=download&id=1MFcbQQgP4Rk8BxDmPHnpaUlr3zwXHMzX,OK,confirmed_or_hard_rule,confirmed,YT-85680,OK
1HkDbrmySMThHB3XI0o3FKfhU-C79wMXC,YT-85690,YT85690,YATO,Czesci_zamienne_YT-85690.pdf,Czesci_zamienne_YT-85690.pdf,Rysunki wybuchowe,https://drive.google.com/file/d/1HkDbrmySMThHB3XI0o3FKfhU-C79wMXC/view?usp=drivesdk,https://drive.google.com/uc?export=download&id=1HkDbrmySMThHB3XI0o3FKfhU-C79wMXC,OK,confirmed_or_hard_rule,confirmed,YT-85690,OK
1asvFPuCoxzqkHWSkPlP1Ki9InGJA7in5,YT-85691,YT85691,YATO,Czesci_zamienne_YT-85691.pdf,Czesci_zamienne_YT-85691.pdf,Rysunki wybuchowe,https://drive.google.com/file/d/1asvFPuCoxzqkHWSkPlP1Ki9InGJA7in5/view?usp=drivesdk,https://drive.google.com/uc?export=download&id=1asvFPuCoxzqkHWSkPlP1Ki9InGJA7in5,OK,confirmed_or_hard_rule,confirmed,YT-85691,OK
1w4I8GPFU0swxcV11ozs4FTDggaBGSJJJ,YT-85695,YT85695,YATO,Czesci_zamienne_YT-85695 YT-85696.pdf,Czesci_zamienne_YT-85695 YT-85696.pdf,Rysunki wybuchowe,https://drive.google.com/file/d/1w4I8GPFU0swxcV11ozs4FTDggaBGSJJJ/view?usp=drivesdk,https://drive.google.com/uc?export=download&id=1w4I8GPFU0swxcV11ozs4FTDggaBGSJJJ,OK_MULTIMODEL,confirmed_or_hard_rule,confirmed,"YT-85695, YT-85696",OK
1w4I8GPFU0swxcV11ozs4FTDggaBGSJJJ,YT-85696,YT85696,YATO,Czesci_zamienne_YT-85695 YT-85696.pdf,Czesci_zamienne_YT-85695 YT-85696.pdf,Rysunki wybuchowe,https://drive.google.com/file/d/1w4I8GPFU0swxcV11ozs4FTDggaBGSJJJ/view?usp=drivesdk,https://drive.google.com/uc?export=download&id=1w4I8GPFU0swxcV11ozs4FTDggaBGSJJJ,ALIAS_MODEL,confirmed_or_hard_rule,confirmed,"YT-85695, YT-85696",OK
1dRYTf9YwuUK6pfbrPJKghYO461PThLsM,YT-85700,YT85700,YATO,Czesci_zamienne_YT-85700.pdf,Czesci_zamienne_YT-85700.pdf,Rysunki wybuchowe,https://drive.google.com/file/d/1dRYTf9YwuUK6pfbrPJKghYO461PThLsM/view?usp=drivesdk,https://drive.google.com/uc?export=download&id=1dRYTf9YwuUK6pfbrPJKghYO461PThLsM,OK,confirmed_or_hard_rule,confirmed,YT-85700,OK
1zN2vFOBftpvTNkV4hWnCRhaSsXHH9eG6,YT-85701,YT85701,YATO,Czesci_zamienne_YT-85701.pdf,Czesci_zamienne_YT-85701.pdf,Rysunki wybuchowe,https://drive.google.com/file/d/1zN2vFOBftpvTNkV4hWnCRhaSsXHH9eG6/view?usp=drivesdk,https://drive.google.com/uc?export=download&id=1zN2vFOBftpvTNkV4hWnCRhaSsXHH9eG6,OK,confirmed_or_hard_rule,confirmed,YT-85701,OK
1wvo1bt4p382GLzKYWw9r_3hMwBUTIk5i,YT-85702,YT85702,YATO,Czesci_zamienne_YT-85702.pdf,Czesci_zamienne_YT-85702.pdf,Rysunki wybuchowe,https://drive.google.com/file/d/1wvo1bt4p382GLzKYWw9r_3hMwBUTIk5i/view?usp=drivesdk,https://drive.google.com/uc?export=download&id=1wvo1bt4p382GLzKYWw9r_3hMwBUTIk5i,OK,confirmed_or_hard_rule,confirmed,YT-85702,OK
1yW5T5Q15jzwW1HCztfKnRLs1JSTsw8Um,YT-85710,YT85710,YATO,Czesci_zamienne_YT-85710.pdf,Czesci_zamienne_YT-85710.pdf,Rysunki wybuchowe,https://drive.google.com/file/d/1yW5T5Q15jzwW1HCztfKnRLs1JSTsw8Um/view?usp=drivesdk,https://drive.google.com/uc?export=download&id=1yW5T5Q15jzwW1HCztfKnRLs1JSTsw8Um,OK,confirmed_or_hard_rule,confirmed,YT-85710,OK
1gjuZbaYt1MNEjPm-Cy_IXg7AEh5wHMJe,YT-85712,YT85712,YATO,Czesci_zamienne_YT-85712.pdf,Czesci_zamienne_YT-85712.pdf,Rysunki wybuchowe,https://drive.google.com/file/d/1gjuZbaYt1MNEjPm-Cy_IXg7AEh5wHMJe/view?usp=drivesdk,https://drive.google.com/uc?export=download&id=1gjuZbaYt1MNEjPm-Cy_IXg7AEh5wHMJe,OK,confirmed_or_hard_rule,confirmed,YT-85712,OK
1zs4MevReKjPKZ81rusd0q6mNIEmNBn3A,YT-85715,YT85715,YATO,Czesci_zamienne_YT-85715.pdf,Czesci_zamienne_YT-85715.pdf,Rysunki wybuchowe,https://drive.google.com/file/d/1zs4MevReKjPKZ81rusd0q6mNIEmNBn3A/view?usp=drivesdk,https://drive.google.com/uc?export=download&id=1zs4MevReKjPKZ81rusd0q6mNIEmNBn3A,OK,confirmed_or_hard_rule,confirmed,YT-85715,OK
1CiiqOTcdEF_lDldabuPbq4DUsoMYzg2C,YT-85716,YT85716,YATO,Czesci_zamienne_YT-85716.pdf,Czesci_zamienne_YT-85716.pdf,Rysunki wybuchowe,https://drive.google.com/file/d/1CiiqOTcdEF_lDldabuPbq4DUsoMYzg2C/view?usp=drivesdk,https://drive.google.com/uc?export=download&id=1CiiqOTcdEF_lDldabuPbq4DUsoMYzg2C,OK,confirmed_or_hard_rule,confirmed,YT-85716,OK
14FeXfbB_1je4wCiPzCJcam6wEWNMdbHI,YT-85719,YT85719,YATO,Czesci_zamienne_YT-85719.pdf,Czesci_zamienne_YT-85719.pdf,Rysunki wybuchowe,https://drive.google.com/file/d/14FeXfbB_1je4wCiPzCJcam6wEWNMdbHI/view?usp=drivesdk,https://drive.google.com/uc?export=download&id=14FeXfbB_1je4wCiPzCJcam6wEWNMdbHI,OK,confirmed_or_hard_rule,confirmed,YT-85719,OK
1WEbgA7eZw6vZgwyvLaaPoKlQF9zXGlm9,YT-85720,YT85720,YATO,Czesci_zamienne_YT-85720.pdf,Czesci_zamienne_YT-85720.pdf,Rysunki wybuchowe,https://drive.google.com/file/d/1WEbgA7eZw6vZgwyvLaaPoKlQF9zXGlm9/view?usp=drivesdk,https://drive.google.com/uc?export=download&id=1WEbgA7eZw6vZgwyvLaaPoKlQF9zXGlm9,OK,confirmed_or_hard_rule,confirmed,YT-85720,OK
1EUvPh5KIZMI2bej4Xn5oJBmFFzjF1dFX,YT-85800,YT85800,YATO,Czesci_zamienne_YT-85800.pdf,Czesci_zamienne_YT-85800.pdf,Rysunki wybuchowe,https://drive.google.com/file/d/1EUvPh5KIZMI2bej4Xn5oJBmFFzjF1dFX/view?usp=drivesdk,https://drive.google.com/uc?export=download&id=1EUvPh5KIZMI2bej4Xn5oJBmFFzjF1dFX,OK,confirmed_or_hard_rule,confirmed,YT-85800,OK
1HA6i6PLMBc1GA5KCCdMMvtjsxKiONdTx,YT-85803,YT85803,YATO,Czesci_zamienne_YT-85803.pdf,Czesci_zamienne_YT-85803.pdf,Rysunki wybuchowe,https://drive.google.com/file/d/1HA6i6PLMBc1GA5KCCdMMvtjsxKiONdTx/view?usp=drivesdk,https://drive.google.com/uc?export=download&id=1HA6i6PLMBc1GA5KCCdMMvtjsxKiONdTx,OK,confirmed_or_hard_rule,confirmed,YT-85803,OK
1VevRAIcLAADa0B8JXQqKaDuGeJiG0-p0,YT-85830,YT85830,YATO,Czesci_zamienne_YT-85830.pdf,Czesci_zamienne_YT-85830.pdf,Rysunki wybuchowe,https://drive.google.com/file/d/1VevRAIcLAADa0B8JXQqKaDuGeJiG0-p0/view?usp=drivesdk,https://drive.google.com/uc?export=download&id=1VevRAIcLAADa0B8JXQqKaDuGeJiG0-p0,OK,confirmed_or_hard_rule,confirmed,YT-85830,OK
1NpYuNbhf9DVZtYomXPFOkh4gVgETMJmD,YT-85850,YT85850,YATO,Czesci_zamienne_YT-85850.pdf,Czesci_zamienne_YT-85850.pdf,Rysunki wybuchowe,https://drive.google.com/file/d/1NpYuNbhf9DVZtYomXPFOkh4gVgETMJmD/view?usp=drivesdk,https://drive.google.com/uc?export=download&id=1NpYuNbhf9DVZtYomXPFOkh4gVgETMJmD,OK,confirmed_or_hard_rule,confirmed,YT-85850,OK
1_LMAXYt1gBdoj1VoTBqpRGfKvOnZM8tS,YT-85851,YT85851,YATO,Czesci_zamienne_YT-85851.pdf,Czesci_zamienne_YT-85851.pdf,Rysunki wybuchowe,https://drive.google.com/file/d/1_LMAXYt1gBdoj1VoTBqpRGfKvOnZM8tS/view?usp=drivesdk,https://drive.google.com/uc?export=download&id=1_LMAXYt1gBdoj1VoTBqpRGfKvOnZM8tS,OK,confirmed_or_hard_rule,confirmed,YT-85851,OK
1PHH3vrBhepNTMB-JTqwwoScWHSiIX757,YT-85860,YT85860,YATO,Czesci_zamienne_YT-85860.pdf,Czesci_zamienne_YT-85860.pdf,Rysunki wybuchowe,https://drive.google.com/file/d/1PHH3vrBhepNTMB-JTqwwoScWHSiIX757/view?usp=drivesdk,https://drive.google.com/uc?export=download&id=1PHH3vrBhepNTMB-JTqwwoScWHSiIX757,OK,confirmed_or_hard_rule,confirmed,YT-85860,OK
1VHMD2HCXv8wgTChLJUrJJXeggEXoYxIu,YT-85861,YT85861,YATO,Czesci_zamienne_YT-85861.pdf,Czesci_zamienne_YT-85861.pdf,Rysunki wybuchowe,https://drive.google.com/file/d/1VHMD2HCXv8wgTChLJUrJJXeggEXoYxIu/view?usp=drivesdk,https://drive.google.com/uc?export=download&id=1VHMD2HCXv8wgTChLJUrJJXeggEXoYxIu,OK,confirmed_or_hard_rule,confirmed,YT-85861,OK
1h2SEOzAZ2rajeS9_5m2KzMXdRW5L9us-,YT-85862,YT85862,YATO,Czesci_zamienne_YT-85862.pdf,Czesci_zamienne_YT-85862.pdf,Rysunki wybuchowe,https://drive.google.com/file/d/1h2SEOzAZ2rajeS9_5m2KzMXdRW5L9us-/view?usp=drivesdk,https://drive.google.com/uc?export=download&id=1h2SEOzAZ2rajeS9_5m2KzMXdRW5L9us-,OK,confirmed_or_hard_rule,confirmed,YT-85862,OK
1fvnqakidbfIUMg3jSd882chcOopa-Y0O,YT-85863,YT85863,YATO,Czesci_zamienne_YT-85863.pdf,Czesci_zamienne_YT-85863.pdf,Rysunki wybuchowe,https://drive.google.com/file/d/1fvnqakidbfIUMg3jSd882chcOopa-Y0O/view?usp=drivesdk,https://drive.google.com/uc?export=download&id=1fvnqakidbfIUMg3jSd882chcOopa-Y0O,OK,confirmed_or_hard_rule,confirmed,YT-85863,OK
1aR6sJUOD2aEuGzkkJxdHMib-RpwNufNj,YT-85864,YT85864,YATO,Czesci_zamienne_YT-85864.pdf,Czesci_zamienne_YT-85864.pdf,Rysunki wybuchowe,https://drive.google.com/file/d/1aR6sJUOD2aEuGzkkJxdHMib-RpwNufNj/view?usp=drivesdk,https://drive.google.com/uc?export=download&id=1aR6sJUOD2aEuGzkkJxdHMib-RpwNufNj,OK,confirmed_or_hard_rule,confirmed,YT-85864,OK
1lZxXMHPVLImrrxvDC8CK4XCFPn-2FXs8,YT-85910,YT85910,YATO,Czesci_zamienne_YT-85910.pdf,Czesci_zamienne_YT-85910.pdf,Rysunki wybuchowe,https://drive.google.com/file/d/1lZxXMHPVLImrrxvDC8CK4XCFPn-2FXs8/view?usp=drivesdk,https://drive.google.com/uc?export=download&id=1lZxXMHPVLImrrxvDC8CK4XCFPn-2FXs8,OK,confirmed_or_hard_rule,confirmed,YT-85910,OK
1thaVav1pZ_gH54fISsvvhc-mBlNRwZ_p,YT-85915,YT85915,YATO,Czesci_zamienne_YT-85915.pdf,Czesci_zamienne_YT-85915.pdf,Rysunki wybuchowe,https://drive.google.com/file/d/1thaVav1pZ_gH54fISsvvhc-mBlNRwZ_p/view?usp=drivesdk,https://drive.google.com/uc?export=download&id=1thaVav1pZ_gH54fISsvvhc-mBlNRwZ_p,OK,confirmed_or_hard_rule,confirmed,YT-85915,OK
1t2WodvgigO1SlguBwEDpFehAs-wl9WbC,YT-85930,YT85930,YATO,Czesci_zamienne_YT-85930.pdf,Czesci_zamienne_YT-85930.pdf,Rysunki wybuchowe,https://drive.google.com/file/d/1t2WodvgigO1SlguBwEDpFehAs-wl9WbC/view?usp=drivesdk,https://drive.google.com/uc?export=download&id=1t2WodvgigO1SlguBwEDpFehAs-wl9WbC,OK,confirmed_or_hard_rule,confirmed,YT-85930,OK
1ZwnTu8BJ2Z9Tj4cJe1N2ruBiBlzcZe0A,YT-86097,YT86097,YATO,Czesci_zamienne_YT-86097.pdf,Czesci_zamienne_YT-86097.pdf,Rysunki wybuchowe,https://drive.google.com/file/d/1ZwnTu8BJ2Z9Tj4cJe1N2ruBiBlzcZe0A/view?usp=drivesdk,https://drive.google.com/uc?export=download&id=1ZwnTu8BJ2Z9Tj4cJe1N2ruBiBlzcZe0A,OK,confirmed_or_hard_rule,confirmed,YT-86097,OK
1Ihfe12tQscAAQgNdx_1LTC4OgXioDMQC,YT-86106,YT86106,YATO,Czesci_zamienne_YT-86106.pdf,Czesci_zamienne_YT-86106.pdf,Rysunki wybuchowe,https://drive.google.com/file/d/1Ihfe12tQscAAQgNdx_1LTC4OgXioDMQC/view?usp=drivesdk,https://drive.google.com/uc?export=download&id=1Ihfe12tQscAAQgNdx_1LTC4OgXioDMQC,OK,confirmed_or_hard_rule,confirmed,YT-86106,OK
1y9KTtox2bkp6A0l9w_BiRwjU2g8enCBp,YT-86115,YT86115,YATO,Czesci_zamienne_YT-86115.pdf,Czesci_zamienne_YT-86115.pdf,Rysunki wybuchowe,https://drive.google.com/file/d/1y9KTtox2bkp6A0l9w_BiRwjU2g8enCBp/view?usp=drivesdk,https://drive.google.com/uc?export=download&id=1y9KTtox2bkp6A0l9w_BiRwjU2g8enCBp,OK,confirmed_or_hard_rule,confirmed,YT-86115,OK
1b9PnJo933JEpwB7AoEv2WGUOQ7T8g1ht,YT-86120,YT86120,YATO,Czesci_zamienne_YT-86120.pdf,Czesci_zamienne_YT-86120.pdf,Rysunki wybuchowe,https://drive.google.com/file/d/1b9PnJo933JEpwB7AoEv2WGUOQ7T8g1ht/view?usp=drivesdk,https://drive.google.com/uc?export=download&id=1b9PnJo933JEpwB7AoEv2WGUOQ7T8g1ht,OK,confirmed_or_hard_rule,confirmed,YT-86120,OK
1GCuImpXO9805f7Y2EgiWkX4L0IiCdJP1,YT-86125,YT86125,YATO,Czesci_zamienne_YT-86125.pdf,Czesci_zamienne_YT-86125.pdf,Rysunki wybuchowe,https://drive.google.com/file/d/1GCuImpXO9805f7Y2EgiWkX4L0IiCdJP1/view?usp=drivesdk,https://drive.google.com/uc?export=download&id=1GCuImpXO9805f7Y2EgiWkX4L0IiCdJP1,OK,confirmed_or_hard_rule,confirmed,YT-86125,OK
1s_gIN-uxK_R2uh1FKYtgvhXYIRlRawh2,YT-86139,YT86139,YATO,Czesci_zamienne_YT-86139.pdf,Czesci_zamienne_YT-86139.pdf,Rysunki wybuchowe,https://drive.google.com/file/d/1s_gIN-uxK_R2uh1FKYtgvhXYIRlRawh2/view?usp=drivesdk,https://drive.google.com/uc?export=download&id=1s_gIN-uxK_R2uh1FKYtgvhXYIRlRawh2,OK,confirmed_or_hard_rule,confirmed,YT-86139,OK
1uFQRSy4p3cI8RvTLhT_I3-nCblc5NZDU,YT-86140,YT86140,YATO,Czesci_zamienne_YT-86140.pdf,Czesci_zamienne_YT-86140.pdf,Rysunki wybuchowe,https://drive.google.com/file/d/1uFQRSy4p3cI8RvTLhT_I3-nCblc5NZDU/view?usp=drivesdk,https://drive.google.com/uc?export=download&id=1uFQRSy4p3cI8RvTLhT_I3-nCblc5NZDU,OK,confirmed_or_hard_rule,confirmed,YT-86140,OK
1H6zDaM13S_CSjh3bcRf0bMm30n3-613f,YT-86144,YT86144,YATO,Czesci_zamienne_YT-86144.pdf,Czesci_zamienne_YT-86144.pdf,Rysunki wybuchowe,https://drive.google.com/file/d/1H6zDaM13S_CSjh3bcRf0bMm30n3-613f/view?usp=drivesdk,https://drive.google.com/uc?export=download&id=1H6zDaM13S_CSjh3bcRf0bMm30n3-613f,OK,confirmed_or_hard_rule,confirmed,YT-86144,OK
1ElMmE9sOhGQ1vWyUImWl6QvOBe27hiue,YT-86150,YT86150,YATO,Czesci_zamienne_YT-86150.pdf,Czesci_zamienne_YT-86150.pdf,Rysunki wybuchowe,https://drive.google.com/file/d/1ElMmE9sOhGQ1vWyUImWl6QvOBe27hiue/view?usp=drivesdk,https://drive.google.com/uc?export=download&id=1ElMmE9sOhGQ1vWyUImWl6QvOBe27hiue,OK,confirmed_or_hard_rule,confirmed,YT-86150,OK
1GwfMnp0wUmC_nqexhxWhUI9_1S1xXYPE,YT-86155,YT86155,YATO,Czesci_zamienne_YT-86155.pdf,Czesci_zamienne_YT-86155.pdf,Rysunki wybuchowe,https://drive.google.com/file/d/1GwfMnp0wUmC_nqexhxWhUI9_1S1xXYPE/view?usp=drivesdk,https://drive.google.com/uc?export=download&id=1GwfMnp0wUmC_nqexhxWhUI9_1S1xXYPE,OK,confirmed_or_hard_rule,confirmed,YT-86155,OK
1kkvSxe4wXJGxqw-S7bXLFO7iVRWKFqQb,YT-86158,YT86158,YATO,Czesci_zamienne_YT-86158.pdf,Czesci_zamienne_YT-86158.pdf,Rysunki wybuchowe,https://drive.google.com/file/d/1kkvSxe4wXJGxqw-S7bXLFO7iVRWKFqQb/view?usp=drivesdk,https://drive.google.com/uc?export=download&id=1kkvSxe4wXJGxqw-S7bXLFO7iVRWKFqQb,OK,confirmed_or_hard_rule,confirmed,YT-86158,OK
1jitYdLLopR0DFFH6J-gnRRQOXkYh1y02,YT-86160,YT86160,YATO,Czesci_zamienne_YT-86160.pdf,Czesci_zamienne_YT-86160.pdf,Rysunki wybuchowe,https://drive.google.com/file/d/1jitYdLLopR0DFFH6J-gnRRQOXkYh1y02/view?usp=drivesdk,https://drive.google.com/uc?export=download&id=1jitYdLLopR0DFFH6J-gnRRQOXkYh1y02,OK,confirmed_or_hard_rule,confirmed,YT-86160,OK
1kJJagT_i4vrwnqtL8R_hJNdHbFVEQZ3e,YT-86161,YT86161,YATO,Czesci_zamienne_YT-86161.pdf,Czesci_zamienne_YT-86161.pdf,Rysunki wybuchowe,https://drive.google.com/file/d/1kJJagT_i4vrwnqtL8R_hJNdHbFVEQZ3e/view?usp=drivesdk,https://drive.google.com/uc?export=download&id=1kJJagT_i4vrwnqtL8R_hJNdHbFVEQZ3e,OK,confirmed_or_hard_rule,confirmed,YT-86161,OK
1JtFhPZZT48yAQ6KEANQJ6QQlZnIZ0i73,YT-86200,YT86200,YATO,Czesci_zamienne_YT-86200.pdf,Czesci_zamienne_YT-86200.pdf,Rysunki wybuchowe,https://drive.google.com/file/d/1JtFhPZZT48yAQ6KEANQJ6QQlZnIZ0i73/view?usp=drivesdk,https://drive.google.com/uc?export=download&id=1JtFhPZZT48yAQ6KEANQJ6QQlZnIZ0i73,OK,confirmed_or_hard_rule,confirmed,YT-86200,OK
19ggdpIMRQbTL6Xorblz_fNAfjVt5zK5y,YT-86211,YT86211,YATO,Czesci_zamienne_YT-86211.pdf,Czesci_zamienne_YT-86211.pdf,Rysunki wybuchowe,https://drive.google.com/file/d/19ggdpIMRQbTL6Xorblz_fNAfjVt5zK5y/view?usp=drivesdk,https://drive.google.com/uc?export=download&id=19ggdpIMRQbTL6Xorblz_fNAfjVt5zK5y,OK,confirmed_or_hard_rule,confirmed,YT-86211,OK
1_X8AjiydeW1dXCFjI-nbpBE7yl-lau6-,YT-86220,YT86220,YATO,Czesci_zamienne_YT-86220.pdf,Czesci_zamienne_YT-86220.pdf,Rysunki wybuchowe,https://drive.google.com/file/d/1_X8AjiydeW1dXCFjI-nbpBE7yl-lau6-/view?usp=drivesdk,https://drive.google.com/uc?export=download&id=1_X8AjiydeW1dXCFjI-nbpBE7yl-lau6-,OK,confirmed_or_hard_rule,confirmed,YT-86220,OK
1C2ocXWkiaYVFXupTCgygRqDMpAvXgKXb,YT-86240,YT86240,YATO,Czesci_zamienne_YT-86240.pdf,Czesci_zamienne_YT-86240.pdf,Rysunki wybuchowe,https://drive.google.com/file/d/1C2ocXWkiaYVFXupTCgygRqDMpAvXgKXb/view?usp=drivesdk,https://drive.google.com/uc?export=download&id=1C2ocXWkiaYVFXupTCgygRqDMpAvXgKXb,OK,confirmed_or_hard_rule,confirmed,YT-86240,OK
1prtvSvm31QgVPE_HOmHuHkjjklZpMkQ3,YT-86300,YT86300,YATO,Czesci_zamienne_YT-86300.pdf,Czesci_zamienne_YT-86300.pdf,Rysunki wybuchowe,https://drive.google.com/file/d/1prtvSvm31QgVPE_HOmHuHkjjklZpMkQ3/view?usp=drivesdk,https://drive.google.com/uc?export=download&id=1prtvSvm31QgVPE_HOmHuHkjjklZpMkQ3,OK,confirmed_or_hard_rule,confirmed,YT-86300,OK
19LnVqb8ktGlY8PzH7VdKWqUfeggoju2B,YT-86305,YT86305,YATO,Czesci_zamienne_YT-86305.pdf,Czesci_zamienne_YT-86305.pdf,Rysunki wybuchowe,https://drive.google.com/file/d/19LnVqb8ktGlY8PzH7VdKWqUfeggoju2B/view?usp=drivesdk,https://drive.google.com/uc?export=download&id=19LnVqb8ktGlY8PzH7VdKWqUfeggoju2B,OK,confirmed_or_hard_rule,confirmed,YT-86305,OK
1ZWA0xOegFgYND6yD16NN5wj-5KR4awVa,YT-86400,YT86400,YATO,Czesci_zamienne_YT-86400.pdf,Czesci_zamienne_YT-86400.pdf,Rysunki wybuchowe,https://drive.google.com/file/d/1ZWA0xOegFgYND6yD16NN5wj-5KR4awVa/view?usp=drivesdk,https://drive.google.com/uc?export=download&id=1ZWA0xOegFgYND6yD16NN5wj-5KR4awVa,OK,confirmed_or_hard_rule,confirmed,YT-86400,OK
1VjCsYWYcOYu0HfCUCadnU2K32khErwqP,YT-99500,YT99500,YATO,Czesci_zamienne_YT-99500.pdf,Czesci_zamienne_YT-99500.pdf,Rysunki wybuchowe,https://drive.google.com/file/d/1VjCsYWYcOYu0HfCUCadnU2K32khErwqP/view?usp=drivesdk,https://drive.google.com/uc?export=download&id=1VjCsYWYcOYu0HfCUCadnU2K32khErwqP,OK,confirmed_or_hard_rule,confirmed,YT-99500,OK
1O3lm44Yuxva9KBlPcEvYpobiaLMy_bT_,YT-99501,YT99501,YATO,Czesci_zamienne_YT-99501.pdf,Czesci_zamienne_YT-99501.pdf,Rysunki wybuchowe,https://drive.google.com/file/d/1O3lm44Yuxva9KBlPcEvYpobiaLMy_bT_/view?usp=drivesdk,https://drive.google.com/uc?export=download&id=1O3lm44Yuxva9KBlPcEvYpobiaLMy_bT_,OK,confirmed_or_hard_rule,confirmed,YT-99501,OK
1X0bSvqhnmNQTzGF76_VxO3-Ia1r3DijT,YT-99520,YT99520,YATO,Czesci_zamienne_YT-99520.pdf,Czesci_zamienne_YT-99520.pdf,Rysunki wybuchowe,https://drive.google.com/file/d/1X0bSvqhnmNQTzGF76_VxO3-Ia1r3DijT/view?usp=drivesdk,https://drive.google.com/uc?export=download&id=1X0bSvqhnmNQTzGF76_VxO3-Ia1r3DijT,OK,confirmed_or_hard_rule,confirmed,YT-99520,OK
1WSzWUGt8uZQtK_flTNIZrWIbR9WL2-UA,YT-99530,YT99530,YATO,Czesci_zamienne_YT-99530.pdf,Czesci_zamienne_YT-99530.pdf,Rysunki wybuchowe,https://drive.google.com/file/d/1WSzWUGt8uZQtK_flTNIZrWIbR9WL2-UA/view?usp=drivesdk,https://drive.google.com/uc?export=download&id=1WSzWUGt8uZQtK_flTNIZrWIbR9WL2-UA,OK,confirmed_or_hard_rule,confirmed,YT-99530,OK
1nN53C1z4gsNi6egaJa18MXwzSucUCxRC,YT-99531,YT99531,YATO,Czesci_zamienne_YT-99531.pdf,Czesci_zamienne_YT-99531.pdf,Rysunki wybuchowe,https://drive.google.com/file/d/1nN53C1z4gsNi6egaJa18MXwzSucUCxRC/view?usp=drivesdk,https://drive.google.com/uc?export=download&id=1nN53C1z4gsNi6egaJa18MXwzSucUCxRC,OK,confirmed_or_hard_rule,confirmed,YT-99531,OK
1wWHRwBQAKfed16bHgTX_BetvCF9xQrp9,YT-99532,YT99532,YATO,Czesci_zamienne_YT-99532.pdf,Czesci_zamienne_YT-99532.pdf,Rysunki wybuchowe,https://drive.google.com/file/d/1wWHRwBQAKfed16bHgTX_BetvCF9xQrp9/view?usp=drivesdk,https://drive.google.com/uc?export=download&id=1wWHRwBQAKfed16bHgTX_BetvCF9xQrp9,OK,confirmed_or_hard_rule,confirmed,YT-99532,OK
1bzSdk-vOa-CYO93O0_qHf_f22UJUHnAH,YT-99536,YT99536,YATO,Czesci_zamienne_YT-99536.pdf,Czesci_zamienne_YT-99536.pdf,Rysunki wybuchowe,https://drive.google.com/file/d/1bzSdk-vOa-CYO93O0_qHf_f22UJUHnAH/view?usp=drivesdk,https://drive.google.com/uc?export=download&id=1bzSdk-vOa-CYO93O0_qHf_f22UJUHnAH,OK,confirmed_or_hard_rule,confirmed,YT-99536,OK
1FAyuocRkGMy5twzuhtvVprCURnxUepIV,YT-99650,YT99650,YATO,Czesci_zamienne_YT-99650.pdf,Czesci_zamienne_YT-99650.pdf,Rysunki wybuchowe,https://drive.google.com/file/d/1FAyuocRkGMy5twzuhtvVprCURnxUepIV/view?usp=drivesdk,https://drive.google.com/uc?export=download&id=1FAyuocRkGMy5twzuhtvVprCURnxUepIV,OK,confirmed_or_hard_rule,confirmed,YT-99650,OK
1eDu1Gyzoa1mppUgh6WzRFAyTyYhnTA3H,YT-99651,YT99651,YATO,Czesci_zamienne_YT-99651.pdf,Czesci_zamienne_YT-99651.pdf,Rysunki wybuchowe,https://drive.google.com/file/d/1eDu1Gyzoa1mppUgh6WzRFAyTyYhnTA3H/view?usp=drivesdk,https://drive.google.com/uc?export=download&id=1eDu1Gyzoa1mppUgh6WzRFAyTyYhnTA3H,OK,confirmed_or_hard_rule,confirmed,YT-99651,OK
1gzu6TuDb_zH5bpFEbizn3ZPhLjmg1_EA,YT-99690,YT99690,YATO,Czesci_zamienne_YT-99690.pdf,Czesci_zamienne_YT-99690.pdf,Rysunki wybuchowe,https://drive.google.com/file/d/1gzu6TuDb_zH5bpFEbizn3ZPhLjmg1_EA/view?usp=drivesdk,https://drive.google.com/uc?export=download&id=1gzu6TuDb_zH5bpFEbizn3ZPhLjmg1_EA,OK,confirmed_or_hard_rule,confirmed,YT-99690,OK
1axs06S8zuqSncPrsOVPcWpbjO1emn7Zl,YT-99693,YT99693,YATO,Czesci_zamienne_YT-99693.pdf,Czesci_zamienne_YT-99693.pdf,Rysunki wybuchowe,https://drive.google.com/file/d/1axs06S8zuqSncPrsOVPcWpbjO1emn7Zl/view?usp=drivesdk,https://drive.google.com/uc?export=download&id=1axs06S8zuqSncPrsOVPcWpbjO1emn7Zl,OK,confirmed_or_hard_rule,confirmed,YT-99693,OK
18xuCFQTcrh5baZqtlkMfk9sN1tdWGtUA,YT-99695,YT99695,YATO,Czesci_zamienne_YT-99695.pdf,Czesci_zamienne_YT-99695.pdf,Rysunki wybuchowe,https://drive.google.com/file/d/18xuCFQTcrh5baZqtlkMfk9sN1tdWGtUA/view?usp=drivesdk,https://drive.google.com/uc?export=download&id=18xuCFQTcrh5baZqtlkMfk9sN1tdWGtUA,OK,confirmed_or_hard_rule,confirmed,YT-99695,OK
1r4PF_LFoLmQpxDyM4ZWgzGnIOzwaDqpJ,YT-99700,YT99700,YATO,Czesci_zamienne_YT-99700.pdf,Czesci_zamienne_YT-99700.pdf,Rysunki wybuchowe,https://drive.google.com/file/d/1r4PF_LFoLmQpxDyM4ZWgzGnIOzwaDqpJ/view?usp=drivesdk,https://drive.google.com/uc?export=download&id=1r4PF_LFoLmQpxDyM4ZWgzGnIOzwaDqpJ,OK,confirmed_or_hard_rule,confirmed,YT-99700,OK
1N0wQ-xP4gI3NFr7WQbftD6K7iuPxRXz3,YT-99705,YT99705,YATO,Czesci_zamienne_YT-99705.pdf,Czesci_zamienne_YT-99705.pdf,Rysunki wybuchowe,https://drive.google.com/file/d/1N0wQ-xP4gI3NFr7WQbftD6K7iuPxRXz3/view?usp=drivesdk,https://drive.google.com/uc?export=download&id=1N0wQ-xP4gI3NFr7WQbftD6K7iuPxRXz3,OK,confirmed_or_hard_rule,confirmed,YT-99705,OK
1AFcZuQpUju3nIPCCVoHf2xN-Fa245MA6,YT-99710,YT99710,YATO,Czesci_zamienne_YT-99710.pdf,Czesci_zamienne_YT-99710.pdf,Rysunki wybuchowe,https://drive.google.com/file/d/1AFcZuQpUju3nIPCCVoHf2xN-Fa245MA6/view?usp=drivesdk,https://drive.google.com/uc?export=download&id=1AFcZuQpUju3nIPCCVoHf2xN-Fa245MA6,OK,confirmed_or_hard_rule,confirmed,YT-99710,OK
1pbsIKOqCy_MOV8ABdb4K-PlSXE19mfea,YT-99720,YT99720,YATO,Czesci_zamienne_YT-99720.pdf,Czesci_zamienne_YT-99720.pdf,Rysunki wybuchowe,https://drive.google.com/file/d/1pbsIKOqCy_MOV8ABdb4K-PlSXE19mfea/view?usp=drivesdk,https://drive.google.com/uc?export=download&id=1pbsIKOqCy_MOV8ABdb4K-PlSXE19mfea,OK,confirmed_or_hard_rule,confirmed,YT-99720,OK
1fJ3xNKhf0i14p9Fm4uS469JiP9HONWqt,YT-99730,YT99730,YATO,Czesci_zamienne_YT-99730.pdf,Czesci_zamienne_YT-99730.pdf,Rysunki wybuchowe,https://drive.google.com/file/d/1fJ3xNKhf0i14p9Fm4uS469JiP9HONWqt/view?usp=drivesdk,https://drive.google.com/uc?export=download&id=1fJ3xNKhf0i14p9Fm4uS469JiP9HONWqt,OK,confirmed_or_hard_rule,confirmed,YT-99730,OK
1jV05HrUj4XmoREnY30wHNp9y2vqpsMqr,YT-99733,YT99733,YATO,Czesci_zamienne_YT-99733.pdf,Czesci_zamienne_YT-99733.pdf,Rysunki wybuchowe,https://drive.google.com/file/d/1jV05HrUj4XmoREnY30wHNp9y2vqpsMqr/view?usp=drivesdk,https://drive.google.com/uc?export=download&id=1jV05HrUj4XmoREnY30wHNp9y2vqpsMqr,OK,confirmed_or_hard_rule,confirmed,YT-99733,OK
10Dqmf_Q9p97rnErZ9n7NIeqwlpruq83c,YT-99738,YT99738,YATO,Czesci_zamienne_YT-99738.pdf,Czesci_zamienne_YT-99738.pdf,Rysunki wybuchowe,https://drive.google.com/file/d/10Dqmf_Q9p97rnErZ9n7NIeqwlpruq83c/view?usp=drivesdk,https://drive.google.com/uc?export=download&id=10Dqmf_Q9p97rnErZ9n7NIeqwlpruq83c,OK,confirmed_or_hard_rule,confirmed,YT-99738,OK
1TOMr2HhpgGO6J45xvy7d-aW6SUPdb7-h,YT-99739,YT99739,YATO,Czesci_zamienne_YT-99739.pdf,Czesci_zamienne_YT-99739.pdf,Rysunki wybuchowe,https://drive.google.com/file/d/1TOMr2HhpgGO6J45xvy7d-aW6SUPdb7-h/view?usp=drivesdk,https://drive.google.com/uc?export=download&id=1TOMr2HhpgGO6J45xvy7d-aW6SUPdb7-h,OK,confirmed_or_hard_rule,confirmed,YT-99739,OK
1_Sz7yMCBnVBWXhB4hP69Ew5cHU6lxY7g,YT-99740,YT99740,YATO,Czesci_zamienne_YT-99740.pdf,Czesci_zamienne_YT-99740.pdf,Rysunki wybuchowe,https://drive.google.com/file/d/1_Sz7yMCBnVBWXhB4hP69Ew5cHU6lxY7g/view?usp=drivesdk,https://drive.google.com/uc?export=download&id=1_Sz7yMCBnVBWXhB4hP69Ew5cHU6lxY7g,OK,confirmed_or_hard_rule,confirmed,YT-99740,OK
1jmxa2WhFxt_5TdpVNRlUt_RD8mT7OnPo,YT-99743,YT99743,YATO,Czesci_zamienne_YT-99743.pdf,Czesci_zamienne_YT-99743.pdf,Rysunki wybuchowe,https://drive.google.com/file/d/1jmxa2WhFxt_5TdpVNRlUt_RD8mT7OnPo/view?usp=drivesdk,https://drive.google.com/uc?export=download&id=1jmxa2WhFxt_5TdpVNRlUt_RD8mT7OnPo,OK,confirmed_or_hard_rule,confirmed,YT-99743,OK
1oEwSBnBx8pVF9c6GbbOBQjQqx9GhOFnu,YT-99760,YT99760,YATO,Czesci_zamienne_YT-99760.pdf,Czesci_zamienne_YT-99760.pdf,Rysunki wybuchowe,https://drive.google.com/file/d/1oEwSBnBx8pVF9c6GbbOBQjQqx9GhOFnu/view?usp=drivesdk,https://drive.google.com/uc?export=download&id=1oEwSBnBx8pVF9c6GbbOBQjQqx9GhOFnu,OK,confirmed_or_hard_rule,confirmed,YT-99760,OK
1aRXtj6EzI6N_Smxe7tup6qOK4iNKpmu8,YT-99763,YT99763,YATO,Czesci_zamienne_YT-99763.pdf,Czesci_zamienne_YT-99763.pdf,Rysunki wybuchowe,https://drive.google.com/file/d/1aRXtj6EzI6N_Smxe7tup6qOK4iNKpmu8/view?usp=drivesdk,https://drive.google.com/uc?export=download&id=1aRXtj6EzI6N_Smxe7tup6qOK4iNKpmu8,OK,confirmed_or_hard_rule,confirmed,YT-99763,OK
105oFJqRI0PIKlpxMzFO_ohc4Xp26qlW-,YG-03000,YG03000,YATO GASTRO,Czesci_zamienne_YG-03000.pdf,Czesci_zamienne_YG-03000.pdf,Rysunki wybuchowe,https://drive.google.com/file/d/105oFJqRI0PIKlpxMzFO_ohc4Xp26qlW-/view?usp=drivesdk,https://drive.google.com/uc?export=download&id=105oFJqRI0PIKlpxMzFO_ohc4Xp26qlW-,OK,confirmed_or_hard_rule,confirmed,YG-03000,OK
18LeGgvNVJHTSshsvRUtnKCppw6rD9gfF,YG-03006,YG03006,YATO GASTRO,Czesci_zamienne_YG-03006.pdf,Czesci_zamienne_YG-03006.pdf,Rysunki wybuchowe,https://drive.google.com/file/d/18LeGgvNVJHTSshsvRUtnKCppw6rD9gfF/view?usp=drivesdk,https://drive.google.com/uc?export=download&id=18LeGgvNVJHTSshsvRUtnKCppw6rD9gfF,OK,confirmed_or_hard_rule,confirmed,YG-03006,OK
1x-lpIKRsjmm6waU1FnseweaQIWPyN72b,YG-03012,YG03012,YATO GASTRO,Czesci_zamienne_YG-03012.pdf,Czesci_zamienne_YG-03012.pdf,Rysunki wybuchowe,https://drive.google.com/file/d/1x-lpIKRsjmm6waU1FnseweaQIWPyN72b/view?usp=drivesdk,https://drive.google.com/uc?export=download&id=1x-lpIKRsjmm6waU1FnseweaQIWPyN72b,OK,confirmed_or_hard_rule,confirmed,YG-03012,OK
1eatWRR1WFJvpOgnP94zckDHY1Mq6YruX,YG-03020,YG03020,YATO GASTRO,Czesci_zamienne_YG-03020.pdf,Czesci_zamienne_YG-03020.pdf,Rysunki wybuchowe,https://drive.google.com/file/d/1eatWRR1WFJvpOgnP94zckDHY1Mq6YruX/view?usp=drivesdk,https://drive.google.com/uc?export=download&id=1eatWRR1WFJvpOgnP94zckDHY1Mq6YruX,OK,confirmed_or_hard_rule,confirmed,YG-03020,OK
1H-gTJMBC7lXDDkqixecPkOYYP5cOwpfu,YG-03021,YG03021,YATO GASTRO,Czesci_zamienne_YG-03021.pdf,Czesci_zamienne_YG-03021.pdf,Rysunki wybuchowe,https://drive.google.com/file/d/1H-gTJMBC7lXDDkqixecPkOYYP5cOwpfu/view?usp=drivesdk,https://drive.google.com/uc?export=download&id=1H-gTJMBC7lXDDkqixecPkOYYP5cOwpfu,OK,confirmed_or_hard_rule,confirmed,YG-03021,OK
1VEZ6VscdKxQHI1aSBuUuIaPLX8E6Lqx5,YG-03022,YG03022,YATO GASTRO,Czesci_zamienne_YG-03022.pdf,Czesci_zamienne_YG-03022.pdf,Rysunki wybuchowe,https://drive.google.com/file/d/1VEZ6VscdKxQHI1aSBuUuIaPLX8E6Lqx5/view?usp=drivesdk,https://drive.google.com/uc?export=download&id=1VEZ6VscdKxQHI1aSBuUuIaPLX8E6Lqx5,OK,confirmed_or_hard_rule,confirmed,YG-03022,OK
1kbJM8q37BCPYMOzAwj8_bC-Atvz3Lig-,YG-03023,YG03023,YATO GASTRO,Czesci_zamienne_YG-03023.pdf,Czesci_zamienne_YG-03023.pdf,Rysunki wybuchowe,https://drive.google.com/file/d/1kbJM8q37BCPYMOzAwj8_bC-Atvz3Lig-/view?usp=drivesdk,https://drive.google.com/uc?export=download&id=1kbJM8q37BCPYMOzAwj8_bC-Atvz3Lig-,OK,confirmed_or_hard_rule,confirmed,YG-03023,OK
1TwPO-bpJv9UpTZGwsDidk2QInwreHQey,YG-03025,YG03025,YATO GASTRO,Czesci_zamienne_YG-03025.pdf,Czesci_zamienne_YG-03025.pdf,Rysunki wybuchowe,https://drive.google.com/file/d/1TwPO-bpJv9UpTZGwsDidk2QInwreHQey/view?usp=drivesdk,https://drive.google.com/uc?export=download&id=1TwPO-bpJv9UpTZGwsDidk2QInwreHQey,OK,confirmed_or_hard_rule,confirmed,YG-03025,OK
1d_gYqOxsd1Azkoqi1kRlvuuLbEfkzZtP,YG-03026,YG03026,YATO GASTRO,Czesci_zamienne_YG-03026.pdf,Czesci_zamienne_YG-03026.pdf,Rysunki wybuchowe,https://drive.google.com/file/d/1d_gYqOxsd1Azkoqi1kRlvuuLbEfkzZtP/view?usp=drivesdk,https://drive.google.com/uc?export=download&id=1d_gYqOxsd1Azkoqi1kRlvuuLbEfkzZtP,OK,confirmed_or_hard_rule,confirmed,YG-03026,OK
12HSkxCWQe77u3ARCrq5MdyiOsc97Bqa-,YG-03027,YG03027,YATO GASTRO,Czesci_zamienne_YG-03027.pdf,Czesci_zamienne_YG-03027.pdf,Rysunki wybuchowe,https://drive.google.com/file/d/12HSkxCWQe77u3ARCrq5MdyiOsc97Bqa-/view?usp=drivesdk,https://drive.google.com/uc?export=download&id=12HSkxCWQe77u3ARCrq5MdyiOsc97Bqa-,OK,confirmed_or_hard_rule,confirmed,YG-03027,OK
1ky_LpDsn5P0tQG5iFXJNaPjqImkEzqC7,YG-03028,YG03028,YATO GASTRO,Czesci_zamienne_YG-03028.pdf,Czesci_zamienne_YG-03028.pdf,Rysunki wybuchowe,https://drive.google.com/file/d/1ky_LpDsn5P0tQG5iFXJNaPjqImkEzqC7/view?usp=drivesdk,https://drive.google.com/uc?export=download&id=1ky_LpDsn5P0tQG5iFXJNaPjqImkEzqC7,OK,confirmed_or_hard_rule,confirmed,YG-03028,OK
1GSZJKQkrsN19VgLZmoBjv_wWGbnjdFdw,YG-03029,YG03029,YATO GASTRO,Czesci_zamienne_YG-03029.pdf,Czesci_zamienne_YG-03029.pdf,Rysunki wybuchowe,https://drive.google.com/file/d/1GSZJKQkrsN19VgLZmoBjv_wWGbnjdFdw/view?usp=drivesdk,https://drive.google.com/uc?export=download&id=1GSZJKQkrsN19VgLZmoBjv_wWGbnjdFdw,OK,confirmed_or_hard_rule,confirmed,YG-03029,OK
1AOkqcXFtoU9KMZ8uRuYHp_kD4wMBqfyc,YG-03059,YG03059,YATO GASTRO,Czesci_zamienne_YG-03059.pdf,Czesci_zamienne_YG-03059.pdf,Rysunki wybuchowe,https://drive.google.com/file/d/1AOkqcXFtoU9KMZ8uRuYHp_kD4wMBqfyc/view?usp=drivesdk,https://drive.google.com/uc?export=download&id=1AOkqcXFtoU9KMZ8uRuYHp_kD4wMBqfyc,OK,confirmed_or_hard_rule,confirmed,YG-03059,OK
1tfsvYbLxnrbz5gSzSInEYYgPNnssxCRM,YG-03060,YG03060,YATO GASTRO,Czesci_zamienne_YG-03060.pdf,Czesci_zamienne_YG-03060.pdf,Rysunki wybuchowe,https://drive.google.com/file/d/1tfsvYbLxnrbz5gSzSInEYYgPNnssxCRM/view?usp=drivesdk,https://drive.google.com/uc?export=download&id=1tfsvYbLxnrbz5gSzSInEYYgPNnssxCRM,OK,confirmed_or_hard_rule,confirmed,YG-03060,OK
1KQ7ZOOlgAkLGWp7O1Xn8Gc7zXHIcaXGj,YG-03062,YG03062,YATO GASTRO,Czesci_zamienne_YG-03062.pdf,Czesci_zamienne_YG-03062.pdf,Rysunki wybuchowe,https://drive.google.com/file/d/1KQ7ZOOlgAkLGWp7O1Xn8Gc7zXHIcaXGj/view?usp=drivesdk,https://drive.google.com/uc?export=download&id=1KQ7ZOOlgAkLGWp7O1Xn8Gc7zXHIcaXGj,OK,confirmed_or_hard_rule,confirmed,YG-03062,OK
1jss2V9QMPqBuiUI1waI_G4wb64fW97sC,YG-03065,YG03065,YATO GASTRO,Czesci_zamienne_YG-03065.pdf,Czesci_zamienne_YG-03065.pdf,Rysunki wybuchowe,https://drive.google.com/file/d/1jss2V9QMPqBuiUI1waI_G4wb64fW97sC/view?usp=drivesdk,https://drive.google.com/uc?export=download&id=1jss2V9QMPqBuiUI1waI_G4wb64fW97sC,OK,confirmed_or_hard_rule,confirmed,YG-03065,OK
1Pz53c5_1wzs7jivaZZuTIYLwfhUGLLvm,YG-03068,YG03068,YATO GASTRO,Czesci_zamienne_YG-03068.pdf,Czesci_zamienne_YG-03068.pdf,Rysunki wybuchowe,https://drive.google.com/file/d/1Pz53c5_1wzs7jivaZZuTIYLwfhUGLLvm/view?usp=drivesdk,https://drive.google.com/uc?export=download&id=1Pz53c5_1wzs7jivaZZuTIYLwfhUGLLvm,OK,confirmed_or_hard_rule,confirmed,YG-03068,OK
1UYLgAtvSTGPeDYAulHk3Cl0Lo-xJ9HrV,YG-03087,YG03087,YATO GASTRO,Czesci_zamienne_YG-03087.pdf,Czesci_zamienne_YG-03087.pdf,Rysunki wybuchowe,https://drive.google.com/file/d/1UYLgAtvSTGPeDYAulHk3Cl0Lo-xJ9HrV/view?usp=drivesdk,https://drive.google.com/uc?export=download&id=1UYLgAtvSTGPeDYAulHk3Cl0Lo-xJ9HrV,OK,confirmed_or_hard_rule,confirmed,YG-03087,OK
1vu_XZA6z1gYf0dRyWVkbTZ0ue6qtPLqB,YG-03090,YG03090,YATO GASTRO,Czesci_zamienne_YG-03090.pdf,Czesci_zamienne_YG-03090.pdf,Rysunki wybuchowe,https://drive.google.com/file/d/1vu_XZA6z1gYf0dRyWVkbTZ0ue6qtPLqB/view?usp=drivesdk,https://drive.google.com/uc?export=download&id=1vu_XZA6z1gYf0dRyWVkbTZ0ue6qtPLqB,OK,confirmed_or_hard_rule,confirmed,YG-03090,OK
1vRlMbx4EzZABAznWqY8U4IPJkNfbeDEx,YG-03100,YG03100,YATO GASTRO,Czesci_zamienne_YG-03100.pdf,Czesci_zamienne_YG-03100.pdf,Rysunki wybuchowe,https://drive.google.com/file/d/1vRlMbx4EzZABAznWqY8U4IPJkNfbeDEx/view?usp=drivesdk,https://drive.google.com/uc?export=download&id=1vRlMbx4EzZABAznWqY8U4IPJkNfbeDEx,OK,confirmed_or_hard_rule,confirmed,YG-03100,OK
1Mu0J7afZaCsMue-8L2FEWPGJ-aRJthzW,YG-03110,YG03110,YATO GASTRO,Czesci_zamienne_YG-03110.pdf,Czesci_zamienne_YG-03110.pdf,Rysunki wybuchowe,https://drive.google.com/file/d/1Mu0J7afZaCsMue-8L2FEWPGJ-aRJthzW/view?usp=drivesdk,https://drive.google.com/uc?export=download&id=1Mu0J7afZaCsMue-8L2FEWPGJ-aRJthzW,OK,confirmed_or_hard_rule,confirmed,YG-03110,OK
16ZKShR7DFvrMhfk8vAWY2vLjYhkO7Kxy,YG-03118,YG03118,YATO GASTRO,Czesci_zamienne_YG-03118.pdf,Czesci_zamienne_YG-03118.pdf,Rysunki wybuchowe,https://drive.google.com/file/d/16ZKShR7DFvrMhfk8vAWY2vLjYhkO7Kxy/view?usp=drivesdk,https://drive.google.com/uc?export=download&id=16ZKShR7DFvrMhfk8vAWY2vLjYhkO7Kxy,OK,confirmed_or_hard_rule,confirmed,YG-03118,OK
1QsSdZWU-Efah03borBdNeFvYdm454TOZ,YG-03120,YG03120,YATO GASTRO,Czesci_zamienne_YG-03120.pdf,Czesci_zamienne_YG-03120.pdf,Rysunki wybuchowe,https://drive.google.com/file/d/1QsSdZWU-Efah03borBdNeFvYdm454TOZ/view?usp=drivesdk,https://drive.google.com/uc?export=download&id=1QsSdZWU-Efah03borBdNeFvYdm454TOZ,OK,confirmed_or_hard_rule,confirmed,YG-03120,OK
1QrqnLXGcEVVyg92Z2pAJr6e6JB3nWNzJ,YG-03130,YG03130,YATO GASTRO,Czesci_zamienne_YG-03130.pdf,Czesci_zamienne_YG-03130.pdf,Rysunki wybuchowe,https://drive.google.com/file/d/1QrqnLXGcEVVyg92Z2pAJr6e6JB3nWNzJ/view?usp=drivesdk,https://drive.google.com/uc?export=download&id=1QrqnLXGcEVVyg92Z2pAJr6e6JB3nWNzJ,OK,confirmed_or_hard_rule,confirmed,YG-03130,OK
1kl7ahBltHPoM_gDL-AOPnnIapcqQNRl4,YG-03200,YG03200,YATO GASTRO,Czesci_zamienne_YG-03200.pdf,Czesci_zamienne_YG-03200.pdf,Rysunki wybuchowe,https://drive.google.com/file/d/1kl7ahBltHPoM_gDL-AOPnnIapcqQNRl4/view?usp=drivesdk,https://drive.google.com/uc?export=download&id=1kl7ahBltHPoM_gDL-AOPnnIapcqQNRl4,OK,confirmed_or_hard_rule,confirmed,YG-03200,OK
1Qq3DZYL87u4e41fypbuBDVkrEM34JaSQ,YG-03211,YG03211,YATO GASTRO,Czesci_zamienne_YG-03211.pdf,Czesci_zamienne_YG-03211.pdf,Rysunki wybuchowe,https://drive.google.com/file/d/1Qq3DZYL87u4e41fypbuBDVkrEM34JaSQ/view?usp=drivesdk,https://drive.google.com/uc?export=download&id=1Qq3DZYL87u4e41fypbuBDVkrEM34JaSQ,OK,confirmed_or_hard_rule,confirmed,YG-03211,OK
1PU37ufjdQW4-tchiH4b_ddx9QBDzN7kp,YG-03215,YG03215,YATO GASTRO,Czesci_zamienne_YG-03215.pdf,Czesci_zamienne_YG-03215.pdf,Rysunki wybuchowe,https://drive.google.com/file/d/1PU37ufjdQW4-tchiH4b_ddx9QBDzN7kp/view?usp=drivesdk,https://drive.google.com/uc?export=download&id=1PU37ufjdQW4-tchiH4b_ddx9QBDzN7kp,OK,confirmed_or_hard_rule,confirmed,YG-03215,OK
1VKIipqmUgD1eUunW00UqB-sBi1-7mM7R,YG-03231,YG03231,YATO GASTRO,Czesci_zamienne_YG-03231.pdf,Czesci_zamienne_YG-03231.pdf,Rysunki wybuchowe,https://drive.google.com/file/d/1VKIipqmUgD1eUunW00UqB-sBi1-7mM7R/view?usp=drivesdk,https://drive.google.com/uc?export=download&id=1VKIipqmUgD1eUunW00UqB-sBi1-7mM7R,OK,confirmed_or_hard_rule,confirmed,YG-03231,OK
1LrpploZ8CL4w9xq9yblv_4dkxTjbFmxT,YG-03232,YG03232,YATO GASTRO,Czesci_zamienne_YG-03232.pdf,Czesci_zamienne_YG-03232.pdf,Rysunki wybuchowe,https://drive.google.com/file/d/1LrpploZ8CL4w9xq9yblv_4dkxTjbFmxT/view?usp=drivesdk,https://drive.google.com/uc?export=download&id=1LrpploZ8CL4w9xq9yblv_4dkxTjbFmxT,OK,confirmed_or_hard_rule,confirmed,YG-03232,OK
1VxtJ5MNhs1uPSumCen1pfJjxcW2iNSCX,YG-03235,YG03235,YATO GASTRO,Czesci_zamienne_YG-03235.pdf,Czesci_zamienne_YG-03235.pdf,Rysunki wybuchowe,https://drive.google.com/file/d/1VxtJ5MNhs1uPSumCen1pfJjxcW2iNSCX/view?usp=drivesdk,https://drive.google.com/uc?export=download&id=1VxtJ5MNhs1uPSumCen1pfJjxcW2iNSCX,OK,confirmed_or_hard_rule,confirmed,YG-03235,OK
1SjdnwltWtul5kf-5dj_Vdf1UsCJlRhvv,YG-03275,YG03275,YATO GASTRO,Czesci_zamienne_YG-03275.pdf,Czesci_zamienne_YG-03275.pdf,Rysunki wybuchowe,https://drive.google.com/file/d/1SjdnwltWtul5kf-5dj_Vdf1UsCJlRhvv/view?usp=drivesdk,https://drive.google.com/uc?export=download&id=1SjdnwltWtul5kf-5dj_Vdf1UsCJlRhvv,OK,confirmed_or_hard_rule,confirmed,YG-03275,OK
1QQmb6SpfGBo1XZeWzuPRur_HPJUTCEVf,YG-03300,YG03300,YATO GASTRO,Czesci_zamienne_YG-03300.pdf,Czesci_zamienne_YG-03300.pdf,Rysunki wybuchowe,https://drive.google.com/file/d/1QQmb6SpfGBo1XZeWzuPRur_HPJUTCEVf/view?usp=drivesdk,https://drive.google.com/uc?export=download&id=1QQmb6SpfGBo1XZeWzuPRur_HPJUTCEVf,OK,confirmed_or_hard_rule,confirmed,YG-03300,OK
1fCpfkm6XJ_lGM9R_azUuB0Chl69pV54B,YG-03350,YG03350,YATO GASTRO,Czesci_zamienne_YG-03350.pdf,Czesci_zamienne_YG-03350.pdf,Rysunki wybuchowe,https://drive.google.com/file/d/1fCpfkm6XJ_lGM9R_azUuB0Chl69pV54B/view?usp=drivesdk,https://drive.google.com/uc?export=download&id=1fCpfkm6XJ_lGM9R_azUuB0Chl69pV54B,OK,confirmed_or_hard_rule,confirmed,YG-03350,OK
1eALFD9rRUlGq4DEe5lO4Vo3veLIe38Um,YG-03360,YG03360,YATO GASTRO,Czesci_zamienne_YG-03360.pdf,Czesci_zamienne_YG-03360.pdf,Rysunki wybuchowe,https://drive.google.com/file/d/1eALFD9rRUlGq4DEe5lO4Vo3veLIe38Um/view?usp=drivesdk,https://drive.google.com/uc?export=download&id=1eALFD9rRUlGq4DEe5lO4Vo3veLIe38Um,OK,confirmed_or_hard_rule,confirmed,YG-03360,OK
17FxRPhIbK8L5-VqOzfc-tbpNeqXu5_1H,YG-03370,YG03370,YATO GASTRO,Czesci_zamienne_YG-03370.pdf,Czesci_zamienne_YG-03370.pdf,Rysunki wybuchowe,https://drive.google.com/file/d/17FxRPhIbK8L5-VqOzfc-tbpNeqXu5_1H/view?usp=drivesdk,https://drive.google.com/uc?export=download&id=17FxRPhIbK8L5-VqOzfc-tbpNeqXu5_1H,OK,confirmed_or_hard_rule,confirmed,YG-03370,OK
1G4z36UKX1du0tkh9QG6BvYHURJuQpZGC,YG-03371,YG03371,YATO GASTRO,Czesci_zamienne_YG-03371.pdf,Czesci_zamienne_YG-03371.pdf,Rysunki wybuchowe,https://drive.google.com/file/d/1G4z36UKX1du0tkh9QG6BvYHURJuQpZGC/view?usp=drivesdk,https://drive.google.com/uc?export=download&id=1G4z36UKX1du0tkh9QG6BvYHURJuQpZGC,OK,confirmed_or_hard_rule,confirmed,YG-03371,OK
19WN22FppCknLlDDhrdKkeQpxWj_fZMuo,YG-03372,YG03372,YATO GASTRO,Czesci_zamienne_YG-03372.pdf,Czesci_zamienne_YG-03372.pdf,Rysunki wybuchowe,https://drive.google.com/file/d/19WN22FppCknLlDDhrdKkeQpxWj_fZMuo/view?usp=drivesdk,https://drive.google.com/uc?export=download&id=19WN22FppCknLlDDhrdKkeQpxWj_fZMuo,OK,confirmed_or_hard_rule,confirmed,YG-03372,OK
1mzU4_d4HB-gSEZcOremmPZFAcrGbXsOv,YG-03373,YG03373,YATO GASTRO,Czesci_zamienne_YG-03373.pdf,Czesci_zamienne_YG-03373.pdf,Rysunki wybuchowe,https://drive.google.com/file/d/1mzU4_d4HB-gSEZcOremmPZFAcrGbXsOv/view?usp=drivesdk,https://drive.google.com/uc?export=download&id=1mzU4_d4HB-gSEZcOremmPZFAcrGbXsOv,OK,confirmed_or_hard_rule,confirmed,YG-03373,OK
1QSQ3qx3ohoAF7QtSbZBNp8pSSc7VeGyV,YG-03379,YG03379,YATO GASTRO,Czesci_zamienne_YG-03379.pdf,Czesci_zamienne_YG-03379.pdf,Rysunki wybuchowe,https://drive.google.com/file/d/1QSQ3qx3ohoAF7QtSbZBNp8pSSc7VeGyV/view?usp=drivesdk,https://drive.google.com/uc?export=download&id=1QSQ3qx3ohoAF7QtSbZBNp8pSSc7VeGyV,OK,confirmed_or_hard_rule,confirmed,YG-03379,OK
12ms-vus_VhMTlYLQA_gHtL8U4cZRJYTt,YG-03380,YG03380,YATO GASTRO,Czesci_zamienne_YG-03380.pdf,Czesci_zamienne_YG-03380.pdf,Rysunki wybuchowe,https://drive.google.com/file/d/12ms-vus_VhMTlYLQA_gHtL8U4cZRJYTt/view?usp=drivesdk,https://drive.google.com/uc?export=download&id=12ms-vus_VhMTlYLQA_gHtL8U4cZRJYTt,OK,confirmed_or_hard_rule,confirmed,YG-03380,OK
1ALkzt4KLWV0fvNBUebHnU7QMBRdwrzP0,YG-03382,YG03382,YATO GASTRO,Czesci_zamienne_YG-03382.pdf,Czesci_zamienne_YG-03382.pdf,Rysunki wybuchowe,https://drive.google.com/file/d/1ALkzt4KLWV0fvNBUebHnU7QMBRdwrzP0/view?usp=drivesdk,https://drive.google.com/uc?export=download&id=1ALkzt4KLWV0fvNBUebHnU7QMBRdwrzP0,OK,confirmed_or_hard_rule,confirmed,YG-03382,OK
1hTtru5uaE9orG8_jBwV8YeZxfDEaRfLN,YG-03392,YG03392,YATO GASTRO,Czesci_zamienne_YG-03392.pdf,Czesci_zamienne_YG-03392.pdf,Rysunki wybuchowe,https://drive.google.com/file/d/1hTtru5uaE9orG8_jBwV8YeZxfDEaRfLN/view?usp=drivesdk,https://drive.google.com/uc?export=download&id=1hTtru5uaE9orG8_jBwV8YeZxfDEaRfLN,OK,confirmed_or_hard_rule,confirmed,YG-03392,OK
1sdnkBXMp7K3t6BeoEGr870nUviAwf4ub,YG-03395,YG03395,YATO GASTRO,Czesci_zamienne_YG-03395.pdf,Czesci_zamienne_YG-03395.pdf,Rysunki wybuchowe,https://drive.google.com/file/d/1sdnkBXMp7K3t6BeoEGr870nUviAwf4ub/view?usp=drivesdk,https://drive.google.com/uc?export=download&id=1sdnkBXMp7K3t6BeoEGr870nUviAwf4ub,OK,confirmed_or_hard_rule,confirmed,YG-03395,OK
1mGuBWk-YfmZaLbfsQSaHVjc6SXnMHJb0,YG-04250,YG04250,YATO GASTRO,Czesci_zamienne_YG-04250.pdf,Czesci_zamienne_YG-04250.pdf,Rysunki wybuchowe,https://drive.google.com/file/d/1mGuBWk-YfmZaLbfsQSaHVjc6SXnMHJb0/view?usp=drivesdk,https://drive.google.com/uc?export=download&id=1mGuBWk-YfmZaLbfsQSaHVjc6SXnMHJb0,OK,confirmed_or_hard_rule,confirmed,YG-04250,OK
1Oua7op2t1d-ujuEvUSlXYcqFmHXuAvXk,YG-04292,YG04292,YATO GASTRO,Czesci_zamienne_YG-04292.pdf,Czesci_zamienne_YG-04292.pdf,Rysunki wybuchowe,https://drive.google.com/file/d/1Oua7op2t1d-ujuEvUSlXYcqFmHXuAvXk/view?usp=drivesdk,https://drive.google.com/uc?export=download&id=1Oua7op2t1d-ujuEvUSlXYcqFmHXuAvXk,OK,confirmed_or_hard_rule,confirmed,YG-04292,OK
1R_h_z0-ao1qp6LFI_lHnqx20RHtSIv2K,YG-04301,YG04301,YATO GASTRO,Czesci_zamienne_YG-04301.pdf,Czesci_zamienne_YG-04301.pdf,Rysunki wybuchowe,https://drive.google.com/file/d/1R_h_z0-ao1qp6LFI_lHnqx20RHtSIv2K/view?usp=drivesdk,https://drive.google.com/uc?export=download&id=1R_h_z0-ao1qp6LFI_lHnqx20RHtSIv2K,OK,confirmed_or_hard_rule,confirmed,YG-04301,OK
1GPqGz4p7D8tEUCwoWPWUVGAgSvIo9dpP,YG-04310,YG04310,YATO GASTRO,Czesci_zamienne_YG-04310.pdf,Czesci_zamienne_YG-04310.pdf,Rysunki wybuchowe,https://drive.google.com/file/d/1GPqGz4p7D8tEUCwoWPWUVGAgSvIo9dpP/view?usp=drivesdk,https://drive.google.com/uc?export=download&id=1GPqGz4p7D8tEUCwoWPWUVGAgSvIo9dpP,OK,confirmed_or_hard_rule,confirmed,YG-04310,OK
1rFj0jYBCqjFV8JJewBrXwYqGPISclXRT,YG-04311,YG04311,YATO GASTRO,Czesci_zamienne_YG-04311.pdf,Czesci_zamienne_YG-04311.pdf,Rysunki wybuchowe,https://drive.google.com/file/d/1rFj0jYBCqjFV8JJewBrXwYqGPISclXRT/view?usp=drivesdk,https://drive.google.com/uc?export=download&id=1rFj0jYBCqjFV8JJewBrXwYqGPISclXRT,OK,confirmed_or_hard_rule,confirmed,YG-04311,OK
1Yp-mxxvBZC6odbOFEBAUb_dr3j8DFdtk,YG-04315,YG04315,YATO GASTRO,Czesci_zamienne_YG-04315.pdf,Czesci_zamienne_YG-04315.pdf,Rysunki wybuchowe,https://drive.google.com/file/d/1Yp-mxxvBZC6odbOFEBAUb_dr3j8DFdtk/view?usp=drivesdk,https://drive.google.com/uc?export=download&id=1Yp-mxxvBZC6odbOFEBAUb_dr3j8DFdtk,OK,confirmed_or_hard_rule,confirmed,YG-04315,OK
1FE_B0NfVH1xSb78jKYc0cMoZMO4mWkqu,YG-04316,YG04316,YATO GASTRO,Czesci_zamienne_YG-04316.pdf,Czesci_zamienne_YG-04316.pdf,Rysunki wybuchowe,https://drive.google.com/file/d/1FE_B0NfVH1xSb78jKYc0cMoZMO4mWkqu/view?usp=drivesdk,https://drive.google.com/uc?export=download&id=1FE_B0NfVH1xSb78jKYc0cMoZMO4mWkqu,OK,confirmed_or_hard_rule,confirmed,YG-04316,OK
1FYmrwGGwLFS41OyR6qSldZx1peub0Qwr,YG-04318,YG04318,YATO GASTRO,Czesci_zamienne_YG-04318.pdf,Czesci_zamienne_YG-04318.pdf,Rysunki wybuchowe,https://drive.google.com/file/d/1FYmrwGGwLFS41OyR6qSldZx1peub0Qwr/view?usp=drivesdk,https://drive.google.com/uc?export=download&id=1FYmrwGGwLFS41OyR6qSldZx1peub0Qwr,OK,confirmed_or_hard_rule,confirmed,YG-04318,OK
1bzyFGLvJahfsc-ua2D2fD2tIStRhM1V7,YG-04319,YG04319,YATO GASTRO,Czesci_zamienne_YG-04319.pdf,Czesci_zamienne_YG-04319.pdf,Rysunki wybuchowe,https://drive.google.com/file/d/1bzyFGLvJahfsc-ua2D2fD2tIStRhM1V7/view?usp=drivesdk,https://drive.google.com/uc?export=download&id=1bzyFGLvJahfsc-ua2D2fD2tIStRhM1V7,OK,confirmed_or_hard_rule,confirmed,YG-04319,OK
1x_-PVJfnPQExxcWflGU_2dusWDFfJadk,YG-04321,YG04321,YATO GASTRO,Czesci_zamienne_YG-04321.pdf,Czesci_zamienne_YG-04321.pdf,Rysunki wybuchowe,https://drive.google.com/file/d/1x_-PVJfnPQExxcWflGU_2dusWDFfJadk/view?usp=drivesdk,https://drive.google.com/uc?export=download&id=1x_-PVJfnPQExxcWflGU_2dusWDFfJadk,OK,confirmed_or_hard_rule,confirmed,YG-04321,OK
1HdJy94YYJEfZ0jk6x0apS-JVv-hQCYX1,YG-04324,YG04324,YATO GASTRO,Czesci_zamienne_YG-04324.pdf,Czesci_zamienne_YG-04324.pdf,Rysunki wybuchowe,https://drive.google.com/file/d/1HdJy94YYJEfZ0jk6x0apS-JVv-hQCYX1/view?usp=drivesdk,https://drive.google.com/uc?export=download&id=1HdJy94YYJEfZ0jk6x0apS-JVv-hQCYX1,OK,confirmed_or_hard_rule,confirmed,YG-04324,OK
1OXkc5EtpSM9lEGmQcDMqz9V0GzQkImM6,YG-04555,YG04555,YATO GASTRO,Czesci_zamienne_YG-04555.pdf,Czesci_zamienne_YG-04555.pdf,Rysunki wybuchowe,https://drive.google.com/file/d/1OXkc5EtpSM9lEGmQcDMqz9V0GzQkImM6/view?usp=drivesdk,https://drive.google.com/uc?export=download&id=1OXkc5EtpSM9lEGmQcDMqz9V0GzQkImM6,OK,confirmed_or_hard_rule,confirmed,YG-04555,OK
1e2HtAwqqktn2mD3_0hcuf06k83MrFFld,YG-04556,YG04556,YATO GASTRO,Czesci_zamienne_YG-04556.pdf,Czesci_zamienne_YG-04556.pdf,Rysunki wybuchowe,https://drive.google.com/file/d/1e2HtAwqqktn2mD3_0hcuf06k83MrFFld/view?usp=drivesdk,https://drive.google.com/uc?export=download&id=1e2HtAwqqktn2mD3_0hcuf06k83MrFFld,OK,confirmed_or_hard_rule,confirmed,YG-04556,OK
1zyuuTPiIQVY9FUjR7BAubFidt4VfYuPZ,YG-04557,YG04557,YATO GASTRO,Czesci_zamienne_YG-04557.pdf,Czesci_zamienne_YG-04557.pdf,Rysunki wybuchowe,https://drive.google.com/file/d/1zyuuTPiIQVY9FUjR7BAubFidt4VfYuPZ/view?usp=drivesdk,https://drive.google.com/uc?export=download&id=1zyuuTPiIQVY9FUjR7BAubFidt4VfYuPZ,OK,confirmed_or_hard_rule,confirmed,YG-04557,OK
1TNUWfeLbphSW3SQ0eu9dyB5vDj87iJfm,YG-04558,YG04558,YATO GASTRO,Czesci_zamienne_YG-04558.pdf,Czesci_zamienne_YG-04558.pdf,Rysunki wybuchowe,https://drive.google.com/file/d/1TNUWfeLbphSW3SQ0eu9dyB5vDj87iJfm/view?usp=drivesdk,https://drive.google.com/uc?export=download&id=1TNUWfeLbphSW3SQ0eu9dyB5vDj87iJfm,OK,confirmed_or_hard_rule,confirmed,YG-04558,OK
13ddvepsyWYdBMINXp6H78MbYFPQar3w8,YG-04559,YG04559,YATO GASTRO,Czesci_zamienne_YG-04559.pdf,Czesci_zamienne_YG-04559.pdf,Rysunki wybuchowe,https://drive.google.com/file/d/13ddvepsyWYdBMINXp6H78MbYFPQar3w8/view?usp=drivesdk,https://drive.google.com/uc?export=download&id=13ddvepsyWYdBMINXp6H78MbYFPQar3w8,OK,confirmed_or_hard_rule,confirmed,YG-04559,OK
1dIQD9BF_WRvZDZmxJgo5xx6uvHGFhKA3,YG-04560,YG04560,YATO GASTRO,Czesci_zamienne_YG-04560.pdf,Czesci_zamienne_YG-04560.pdf,Rysunki wybuchowe,https://drive.google.com/file/d/1dIQD9BF_WRvZDZmxJgo5xx6uvHGFhKA3/view?usp=drivesdk,https://drive.google.com/uc?export=download&id=1dIQD9BF_WRvZDZmxJgo5xx6uvHGFhKA3,OK,confirmed_or_hard_rule,confirmed,YG-04560,OK
1BJVzUZdb1cvCYQDK28Mx3sBqxGyWfLKu,YG-04563,YG04563,YATO GASTRO,Czesci_zamienne_YG-04563.pdf,Czesci_zamienne_YG-04563.pdf,Rysunki wybuchowe,https://drive.google.com/file/d/1BJVzUZdb1cvCYQDK28Mx3sBqxGyWfLKu/view?usp=drivesdk,https://drive.google.com/uc?export=download&id=1BJVzUZdb1cvCYQDK28Mx3sBqxGyWfLKu,OK,confirmed_or_hard_rule,confirmed,YG-04563,OK
1pPpXdRc_Sp0pyV8YM9al7CWYYwNcLvaj,YG-04584,YG04584,YATO GASTRO,Czesci_zamienne_YG-04584.pdf,Czesci_zamienne_YG-04584.pdf,Rysunki wybuchowe,https://drive.google.com/file/d/1pPpXdRc_Sp0pyV8YM9al7CWYYwNcLvaj/view?usp=drivesdk,https://drive.google.com/uc?export=download&id=1pPpXdRc_Sp0pyV8YM9al7CWYYwNcLvaj,OK,confirmed_or_hard_rule,confirmed,YG-04584,OK
1m0i4N3Obz7OjnkAWzKJvQ7m-BuLj2rjs,YG-04585,YG04585,YATO GASTRO,Czesci_zamienne_YG-04585.pdf,Czesci_zamienne_YG-04585.pdf,Rysunki wybuchowe,https://drive.google.com/file/d/1m0i4N3Obz7OjnkAWzKJvQ7m-BuLj2rjs/view?usp=drivesdk,https://drive.google.com/uc?export=download&id=1m0i4N3Obz7OjnkAWzKJvQ7m-BuLj2rjs,OK,confirmed_or_hard_rule,confirmed,YG-04585,OK
1D5ThNSkyAOBlchopEqTIqFEJLWXL5W9Z,YG-04586,YG04586,YATO GASTRO,Czesci_zamienne_YG-04586.pdf,Czesci_zamienne_YG-04586.pdf,Rysunki wybuchowe,https://drive.google.com/file/d/1D5ThNSkyAOBlchopEqTIqFEJLWXL5W9Z/view?usp=drivesdk,https://drive.google.com/uc?export=download&id=1D5ThNSkyAOBlchopEqTIqFEJLWXL5W9Z,OK,confirmed_or_hard_rule,confirmed,YG-04586,OK
1C-HNnE543GYv17v3vVMjVKLKvWUPDSfa,YG-04587,YG04587,YATO GASTRO,Czesci_zamienne_YG-04587.pdf,Czesci_zamienne_YG-04587.pdf,Rysunki wybuchowe,https://drive.google.com/file/d/1C-HNnE543GYv17v3vVMjVKLKvWUPDSfa/view?usp=drivesdk,https://drive.google.com/uc?export=download&id=1C-HNnE543GYv17v3vVMjVKLKvWUPDSfa,OK,confirmed_or_hard_rule,confirmed,YG-04587,OK
1QsEY6tZRlMXrmqt-c8NXPuM6XA1hhvMm,YG-04588,YG04588,YATO GASTRO,Czesci_zamienne_YG-04588.pdf,Czesci_zamienne_YG-04588.pdf,Rysunki wybuchowe,https://drive.google.com/file/d/1QsEY6tZRlMXrmqt-c8NXPuM6XA1hhvMm/view?usp=drivesdk,https://drive.google.com/uc?export=download&id=1QsEY6tZRlMXrmqt-c8NXPuM6XA1hhvMm,OK,confirmed_or_hard_rule,confirmed,YG-04588,OK
1TFvgTf2j-p4wkVNmSgPkGxqbJlWcGlWt,YG-04608,YG04608,YATO GASTRO,Czesci_zamienne_YG-04608.pdf,Czesci_zamienne_YG-04608.pdf,Rysunki wybuchowe,https://drive.google.com/file/d/1TFvgTf2j-p4wkVNmSgPkGxqbJlWcGlWt/view?usp=drivesdk,https://drive.google.com/uc?export=download&id=1TFvgTf2j-p4wkVNmSgPkGxqbJlWcGlWt,OK,confirmed_or_hard_rule,confirmed,YG-04608,OK
1XYiYH3Q8hU_r7uq5NdVA7jRC5OZkONCM,YG-04609,YG04609,YATO GASTRO,Czesci_zamienne_YG-04609.pdf,Czesci_zamienne_YG-04609.pdf,Rysunki wybuchowe,https://drive.google.com/file/d/1XYiYH3Q8hU_r7uq5NdVA7jRC5OZkONCM/view?usp=drivesdk,https://drive.google.com/uc?export=download&id=1XYiYH3Q8hU_r7uq5NdVA7jRC5OZkONCM,OK,confirmed_or_hard_rule,confirmed,YG-04609,OK
1ERrcoxn2h3QSdf8Br46NQ8PJTF1vk2DG,YG-04610,YG04610,YATO GASTRO,Czesci_zamienne_YG-04610.pdf,Czesci_zamienne_YG-04610.pdf,Rysunki wybuchowe,https://drive.google.com/file/d/1ERrcoxn2h3QSdf8Br46NQ8PJTF1vk2DG/view?usp=drivesdk,https://drive.google.com/uc?export=download&id=1ERrcoxn2h3QSdf8Br46NQ8PJTF1vk2DG,OK,confirmed_or_hard_rule,confirmed,YG-04610,OK
19VufTx6fz6CkUownCfov5VINfU7nDM3m,YG-04615,YG04615,YATO GASTRO,Czesci_zamienne_YG-04615.pdf,Czesci_zamienne_YG-04615.pdf,Rysunki wybuchowe,https://drive.google.com/file/d/19VufTx6fz6CkUownCfov5VINfU7nDM3m/view?usp=drivesdk,https://drive.google.com/uc?export=download&id=19VufTx6fz6CkUownCfov5VINfU7nDM3m,OK,confirmed_or_hard_rule,confirmed,YG-04615,OK
1-4NOyef8qU5skmXBYnMvSVPp6ae82ZOs,YG-04616,YG04616,YATO GASTRO,Czesci_zamienne_YG-04616.pdf,Czesci_zamienne_YG-04616.pdf,Rysunki wybuchowe,https://drive.google.com/file/d/1-4NOyef8qU5skmXBYnMvSVPp6ae82ZOs/view?usp=drivesdk,https://drive.google.com/uc?export=download&id=1-4NOyef8qU5skmXBYnMvSVPp6ae82ZOs,OK,confirmed_or_hard_rule,confirmed,YG-04616,OK
1SJ2ScGm6JSkFfYTMrC4G1GeSCpAz1GfI,YG-04617,YG04617,YATO GASTRO,Czesci_zamienne_YG-04617.pdf,Czesci_zamienne_YG-04617.pdf,Rysunki wybuchowe,https://drive.google.com/file/d/1SJ2ScGm6JSkFfYTMrC4G1GeSCpAz1GfI/view?usp=drivesdk,https://drive.google.com/uc?export=download&id=1SJ2ScGm6JSkFfYTMrC4G1GeSCpAz1GfI,OK,confirmed_or_hard_rule,confirmed,YG-04617,OK
13sPtzxbF0pLTSUJnlS5wA1tZxkyaZstS,YG-04620,YG04620,YATO GASTRO,Czesci_zamienne_YG-04620.pdf,Czesci_zamienne_YG-04620.pdf,Rysunki wybuchowe,https://drive.google.com/file/d/13sPtzxbF0pLTSUJnlS5wA1tZxkyaZstS/view?usp=drivesdk,https://drive.google.com/uc?export=download&id=13sPtzxbF0pLTSUJnlS5wA1tZxkyaZstS,OK,confirmed_or_hard_rule,confirmed,YG-04620,OK
1txitZs3b9CaB6qRd_nyv3Qo12XOxgdtM,YG-04621,YG04621,YATO GASTRO,Czesci_zamienne_YG-04621.pdf,Czesci_zamienne_YG-04621.pdf,Rysunki wybuchowe,https://drive.google.com/file/d/1txitZs3b9CaB6qRd_nyv3Qo12XOxgdtM/view?usp=drivesdk,https://drive.google.com/uc?export=download&id=1txitZs3b9CaB6qRd_nyv3Qo12XOxgdtM,OK,confirmed_or_hard_rule,confirmed,YG-04621,OK
1RkMGzljvms0ZWIUjpqKfdLPRKwJSxUxF,YG-04622,YG04622,YATO GASTRO,Czesci_zamienne_YG-04622.pdf,Czesci_zamienne_YG-04622.pdf,Rysunki wybuchowe,https://drive.google.com/file/d/1RkMGzljvms0ZWIUjpqKfdLPRKwJSxUxF/view?usp=drivesdk,https://drive.google.com/uc?export=download&id=1RkMGzljvms0ZWIUjpqKfdLPRKwJSxUxF,OK,confirmed_or_hard_rule,confirmed,YG-04622,OK
1AFewjUpl88J8RC2XxX3-T4Qn_5vNsBml,YG-04623,YG04623,YATO GASTRO,Czesci_zamienne_YG-04623.pdf,Czesci_zamienne_YG-04623.pdf,Rysunki wybuchowe,https://drive.google.com/file/d/1AFewjUpl88J8RC2XxX3-T4Qn_5vNsBml/view?usp=drivesdk,https://drive.google.com/uc?export=download&id=1AFewjUpl88J8RC2XxX3-T4Qn_5vNsBml,OK,confirmed_or_hard_rule,confirmed,YG-04623,OK
1-w09m9y_KO0sAWWOAMwgCbz8EYEIhMAU,YG-04624,YG04624,YATO GASTRO,Czesci_zamienne_YG-04624.pdf,Czesci_zamienne_YG-04624.pdf,Rysunki wybuchowe,https://drive.google.com/file/d/1-w09m9y_KO0sAWWOAMwgCbz8EYEIhMAU/view?usp=drivesdk,https://drive.google.com/uc?export=download&id=1-w09m9y_KO0sAWWOAMwgCbz8EYEIhMAU,OK,confirmed_or_hard_rule,confirmed,YG-04624,OK
1WZnEK2ttn6HtNbbGOdlQnFSWSP-uP4Cd,YG-04630,YG04630,YATO GASTRO,Czesci_zamienne_YG-04630.pdf,Czesci_zamienne_YG-04630.pdf,Rysunki wybuchowe,https://drive.google.com/file/d/1WZnEK2ttn6HtNbbGOdlQnFSWSP-uP4Cd/view?usp=drivesdk,https://drive.google.com/uc?export=download&id=1WZnEK2ttn6HtNbbGOdlQnFSWSP-uP4Cd,OK,confirmed_or_hard_rule,confirmed,YG-04630,OK
1IPbqi-Ws7mDn3RHDgLCN3p28YATUazsB,YG-04632,YG04632,YATO GASTRO,Czesci_zamienne_YG-04632.pdf,Czesci_zamienne_YG-04632.pdf,Rysunki wybuchowe,https://drive.google.com/file/d/1IPbqi-Ws7mDn3RHDgLCN3p28YATUazsB/view?usp=drivesdk,https://drive.google.com/uc?export=download&id=1IPbqi-Ws7mDn3RHDgLCN3p28YATUazsB,OK,confirmed_or_hard_rule,confirmed,YG-04632,OK
1vxnW61ThgTdNzRMI4zdqMiF4M37AFGoS,YG-04634,YG04634,YATO GASTRO,Czesci_zamienne_YG-04634.pdf,Czesci_zamienne_YG-04634.pdf,Rysunki wybuchowe,https://drive.google.com/file/d/1vxnW61ThgTdNzRMI4zdqMiF4M37AFGoS/view?usp=drivesdk,https://drive.google.com/uc?export=download&id=1vxnW61ThgTdNzRMI4zdqMiF4M37AFGoS,OK,confirmed_or_hard_rule,confirmed,YG-04634,OK
18Fx_qXKIjh9JdM1VszU7fDbauTV4BR8X,YG-04636,YG04636,YATO GASTRO,Czesci_zamienne_YG-04636.pdf,Czesci_zamienne_YG-04636.pdf,Rysunki wybuchowe,https://drive.google.com/file/d/18Fx_qXKIjh9JdM1VszU7fDbauTV4BR8X/view?usp=drivesdk,https://drive.google.com/uc?export=download&id=18Fx_qXKIjh9JdM1VszU7fDbauTV4BR8X,OK,confirmed_or_hard_rule,confirmed,YG-04636,OK
1ycb_jAP6OLjYLvdOmEHaxJTWnBhdhbmq,YG-04638,YG04638,YATO GASTRO,Czesci_zamienne_YG-04638.pdf,Czesci_zamienne_YG-04638.pdf,Rysunki wybuchowe,https://drive.google.com/file/d/1ycb_jAP6OLjYLvdOmEHaxJTWnBhdhbmq/view?usp=drivesdk,https://drive.google.com/uc?export=download&id=1ycb_jAP6OLjYLvdOmEHaxJTWnBhdhbmq,OK,confirmed_or_hard_rule,confirmed,YG-04638,OK
1RRE7CjzU4zRNKlTuhwxo-mpdTbIuRl7x,YG-04640,YG04640,YATO GASTRO,Czesci_zamienne_YG-04640.pdf,Czesci_zamienne_YG-04640.pdf,Rysunki wybuchowe,https://drive.google.com/file/d/1RRE7CjzU4zRNKlTuhwxo-mpdTbIuRl7x/view?usp=drivesdk,https://drive.google.com/uc?export=download&id=1RRE7CjzU4zRNKlTuhwxo-mpdTbIuRl7x,OK,confirmed_or_hard_rule,confirmed,YG-04640,OK
1XneQPZfDZvNnG8GZXYEd2C_efELsS9qS,YG-04641,YG04641,YATO GASTRO,Czesci_zamienne_YG-04641.pdf,Czesci_zamienne_YG-04641.pdf,Rysunki wybuchowe,https://drive.google.com/file/d/1XneQPZfDZvNnG8GZXYEd2C_efELsS9qS/view?usp=drivesdk,https://drive.google.com/uc?export=download&id=1XneQPZfDZvNnG8GZXYEd2C_efELsS9qS,OK,confirmed_or_hard_rule,confirmed,YG-04641,OK
1TaRFyPoKZXkeyypKrO99b7bhWmoZ1WiL,YG-04660,YG04660,YATO GASTRO,Czesci_zamienne_YG-04660.pdf,Czesci_zamienne_YG-04660.pdf,Rysunki wybuchowe,https://drive.google.com/file/d/1TaRFyPoKZXkeyypKrO99b7bhWmoZ1WiL/view?usp=drivesdk,https://drive.google.com/uc?export=download&id=1TaRFyPoKZXkeyypKrO99b7bhWmoZ1WiL,OK,confirmed_or_hard_rule,confirmed,YG-04660,OK
1waf80g2TCFWBuVKXshmzANqJvmSZVLhb,YG-04680,YG04680,YATO GASTRO,Czesci_zamienne_YG-04680.pdf,Czesci_zamienne_YG-04680.pdf,Rysunki wybuchowe,https://drive.google.com/file/d/1waf80g2TCFWBuVKXshmzANqJvmSZVLhb/view?usp=drivesdk,https://drive.google.com/uc?export=download&id=1waf80g2TCFWBuVKXshmzANqJvmSZVLhb,OK,confirmed_or_hard_rule,confirmed,YG-04680,OK
1rrCqTPSqKFoDU1N4FT31e7wNOf7qQJGF,YG-04695,YG04695,YATO GASTRO,Czesci_zamienne_YG-04695.pdf,Czesci_zamienne_YG-04695.pdf,Rysunki wybuchowe,https://drive.google.com/file/d/1rrCqTPSqKFoDU1N4FT31e7wNOf7qQJGF/view?usp=drivesdk,https://drive.google.com/uc?export=download&id=1rrCqTPSqKFoDU1N4FT31e7wNOf7qQJGF,OK,confirmed_or_hard_rule,confirmed,YG-04695,OK
1B0Y1OpmKLAoRxxjoQ41otBbTlJKqZpzW,YG-04696,YG04696,YATO GASTRO,Czesci_zamienne_YG-04696.pdf,Czesci_zamienne_YG-04696.pdf,Rysunki wybuchowe,https://drive.google.com/file/d/1B0Y1OpmKLAoRxxjoQ41otBbTlJKqZpzW/view?usp=drivesdk,https://drive.google.com/uc?export=download&id=1B0Y1OpmKLAoRxxjoQ41otBbTlJKqZpzW,OK,confirmed_or_hard_rule,confirmed,YG-04696,OK
1bz73oCx-o-ZhllTJBVeHTZtja7fGWw-2,YG-04700,YG04700,YATO GASTRO,Czesci_zamienne_YG-04700.pdf,Czesci_zamienne_YG-04700.pdf,Rysunki wybuchowe,https://drive.google.com/file/d/1bz73oCx-o-ZhllTJBVeHTZtja7fGWw-2/view?usp=drivesdk,https://drive.google.com/uc?export=download&id=1bz73oCx-o-ZhllTJBVeHTZtja7fGWw-2,OK,confirmed_or_hard_rule,confirmed,YG-04700,OK
1BK_uNEzrPnbQPSpUlvxlhUOebKs7VeVZ,YG-04701,YG04701,YATO GASTRO,Czesci_zamienne_YG-04701.pdf,Czesci_zamienne_YG-04701.pdf,Rysunki wybuchowe,https://drive.google.com/file/d/1BK_uNEzrPnbQPSpUlvxlhUOebKs7VeVZ/view?usp=drivesdk,https://drive.google.com/uc?export=download&id=1BK_uNEzrPnbQPSpUlvxlhUOebKs7VeVZ,OK,confirmed_or_hard_rule,confirmed,YG-04701,OK
18eh7TTHs4j6lCNkgLIxSV44WWJv37Ywz,YG-04705,YG04705,YATO GASTRO,Czesci_zamienne_YG-04705.pdf,Czesci_zamienne_YG-04705.pdf,Rysunki wybuchowe,https://drive.google.com/file/d/18eh7TTHs4j6lCNkgLIxSV44WWJv37Ywz/view?usp=drivesdk,https://drive.google.com/uc?export=download&id=18eh7TTHs4j6lCNkgLIxSV44WWJv37Ywz,OK,confirmed_or_hard_rule,confirmed,YG-04705,OK
1GWpi2AIGKS2op5N2fNQFETrgwWHFBV90,YG-05000,YG05000,YATO GASTRO,Czesci_zamienne_YG-05000.pdf,Czesci_zamienne_YG-05000.pdf,Rysunki wybuchowe,https://drive.google.com/file/d/1GWpi2AIGKS2op5N2fNQFETrgwWHFBV90/view?usp=drivesdk,https://drive.google.com/uc?export=download&id=1GWpi2AIGKS2op5N2fNQFETrgwWHFBV90,OK,confirmed_or_hard_rule,confirmed,YG-05000,OK
1BUeGqirXSCd1ivzWU03dOIQZIZSHB5n7,YG-05001,YG05001,YATO GASTRO,Czesci_zamienne_YG-05001.pdf,Czesci_zamienne_YG-05001.pdf,Rysunki wybuchowe,https://drive.google.com/file/d/1BUeGqirXSCd1ivzWU03dOIQZIZSHB5n7/view?usp=drivesdk,https://drive.google.com/uc?export=download&id=1BUeGqirXSCd1ivzWU03dOIQZIZSHB5n7,OK,confirmed_or_hard_rule,confirmed,YG-05001,OK
1lnwJBUULSW55jCQkJ5ArP8FYVNEtk1nB,YG-05002,YG05002,YATO GASTRO,Czesci_zamienne_YG-05002.pdf,Czesci_zamienne_YG-05002.pdf,Rysunki wybuchowe,https://drive.google.com/file/d/1lnwJBUULSW55jCQkJ5ArP8FYVNEtk1nB/view?usp=drivesdk,https://drive.google.com/uc?export=download&id=1lnwJBUULSW55jCQkJ5ArP8FYVNEtk1nB,OK,confirmed_or_hard_rule,confirmed,YG-05002,OK
1F6vIbeKUBSdmEn8I1kck_ZsTBKfBhPL2,YG-05005,YG05005,YATO GASTRO,Czesci_zamienne_YG-05005.pdf,Czesci_zamienne_YG-05005.pdf,Rysunki wybuchowe,https://drive.google.com/file/d/1F6vIbeKUBSdmEn8I1kck_ZsTBKfBhPL2/view?usp=drivesdk,https://drive.google.com/uc?export=download&id=1F6vIbeKUBSdmEn8I1kck_ZsTBKfBhPL2,OK,confirmed_or_hard_rule,confirmed,YG-05005,OK
1n4zVX_AnQz8B3iXoBicnuV0GwvRvp8qG,YG-05007,YG05007,YATO GASTRO,Czesci_zamienne_YG-05007.pdf,Czesci_zamienne_YG-05007.pdf,Rysunki wybuchowe,https://drive.google.com/file/d/1n4zVX_AnQz8B3iXoBicnuV0GwvRvp8qG/view?usp=drivesdk,https://drive.google.com/uc?export=download&id=1n4zVX_AnQz8B3iXoBicnuV0GwvRvp8qG,OK,confirmed_or_hard_rule,confirmed,YG-05007,OK
1UfWtX7Rsy8bAQ95ud5zJAct-a19y2LDk,YG-05020,YG05020,YATO GASTRO,Czesci_zamienne_YG-05020.pdf,Czesci_zamienne_YG-05020.pdf,Rysunki wybuchowe,https://drive.google.com/file/d/1UfWtX7Rsy8bAQ95ud5zJAct-a19y2LDk/view?usp=drivesdk,https://drive.google.com/uc?export=download&id=1UfWtX7Rsy8bAQ95ud5zJAct-a19y2LDk,OK,confirmed_or_hard_rule,confirmed,YG-05020,OK
1nJ9LsVQU7RR-8v_6xmiYCbNX6LoELJ8G,YG-05021,YG05021,YATO GASTRO,Czesci_zamienne_YG-05021.pdf,Czesci_zamienne_YG-05021.pdf,Rysunki wybuchowe,https://drive.google.com/file/d/1nJ9LsVQU7RR-8v_6xmiYCbNX6LoELJ8G/view?usp=drivesdk,https://drive.google.com/uc?export=download&id=1nJ9LsVQU7RR-8v_6xmiYCbNX6LoELJ8G,OK,confirmed_or_hard_rule,confirmed,YG-05021,OK
1pZT4lb-nxwx-4jWNjTEBg6LAXHdoGoai,YG-05022,YG05022,YATO GASTRO,Czesci_zamienne_YG-05022.pdf,Czesci_zamienne_YG-05022.pdf,Rysunki wybuchowe,https://drive.google.com/file/d/1pZT4lb-nxwx-4jWNjTEBg6LAXHdoGoai/view?usp=drivesdk,https://drive.google.com/uc?export=download&id=1pZT4lb-nxwx-4jWNjTEBg6LAXHdoGoai,OK,confirmed_or_hard_rule,confirmed,YG-05022,OK
1qDIbHYHMOWXMjT2b4v6yLx3pHu7hVByb,YG-05025,YG05025,YATO GASTRO,Czesci_zamienne_YG-05025.pdf,Czesci_zamienne_YG-05025.pdf,Rysunki wybuchowe,https://drive.google.com/file/d/1qDIbHYHMOWXMjT2b4v6yLx3pHu7hVByb/view?usp=drivesdk,https://drive.google.com/uc?export=download&id=1qDIbHYHMOWXMjT2b4v6yLx3pHu7hVByb,OK,confirmed_or_hard_rule,confirmed,YG-05025,OK
1XglKPj5bQ2dBsehMjmeHHu5sG5UdJF9G,YG-05040,YG05040,YATO GASTRO,Czesci_zamienne_YG-05040.pdf,Czesci_zamienne_YG-05040.pdf,Rysunki wybuchowe,https://drive.google.com/file/d/1XglKPj5bQ2dBsehMjmeHHu5sG5UdJF9G/view?usp=drivesdk,https://drive.google.com/uc?export=download&id=1XglKPj5bQ2dBsehMjmeHHu5sG5UdJF9G,OK,confirmed_or_hard_rule,confirmed,YG-05040,OK
1KjTMwHjnZTAkXHzmDob4U1i1a-m-qGN7,YG-05045,YG05045,YATO GASTRO,Czesci_zamienne_YG-05045.pdf,Czesci_zamienne_YG-05045.pdf,Rysunki wybuchowe,https://drive.google.com/file/d/1KjTMwHjnZTAkXHzmDob4U1i1a-m-qGN7/view?usp=drivesdk,https://drive.google.com/uc?export=download&id=1KjTMwHjnZTAkXHzmDob4U1i1a-m-qGN7,OK,confirmed_or_hard_rule,confirmed,YG-05045,OK
1WjvVFgPkFYrXUpX-7qAvr8UOsKLLfcjl,YG-05050,YG05050,YATO GASTRO,Czesci_zamienne_YG-05050.pdf,Czesci_zamienne_YG-05050.pdf,Rysunki wybuchowe,https://drive.google.com/file/d/1WjvVFgPkFYrXUpX-7qAvr8UOsKLLfcjl/view?usp=drivesdk,https://drive.google.com/uc?export=download&id=1WjvVFgPkFYrXUpX-7qAvr8UOsKLLfcjl,OK,confirmed_or_hard_rule,confirmed,YG-05050,OK
1Yhl3Gq9LalzIb86UR4xSFrX7z4MX3JHH,YG-05051,YG05051,YATO GASTRO,Czesci_zamienne_YG-05051.pdf,Czesci_zamienne_YG-05051.pdf,Rysunki wybuchowe,https://drive.google.com/file/d/1Yhl3Gq9LalzIb86UR4xSFrX7z4MX3JHH/view?usp=drivesdk,https://drive.google.com/uc?export=download&id=1Yhl3Gq9LalzIb86UR4xSFrX7z4MX3JHH,OK,confirmed_or_hard_rule,confirmed,YG-05051,OK
1OZwJqmc59EiBNkYRNCXZxtem27uH5mMO,YG-05052,YG05052,YATO GASTRO,Czesci_zamienne_YG-05052.pdf,Czesci_zamienne_YG-05052.pdf,Rysunki wybuchowe,https://drive.google.com/file/d/1OZwJqmc59EiBNkYRNCXZxtem27uH5mMO/view?usp=drivesdk,https://drive.google.com/uc?export=download&id=1OZwJqmc59EiBNkYRNCXZxtem27uH5mMO,OK,confirmed_or_hard_rule,confirmed,YG-05052,OK
1H8mP2hSTXkfB9nIu9vVgEtGqkT_cB5RN,YG-05053,YG05053,YATO GASTRO,Czesci_zamienne_YG-05053.pdf,Czesci_zamienne_YG-05053.pdf,Rysunki wybuchowe,https://drive.google.com/file/d/1H8mP2hSTXkfB9nIu9vVgEtGqkT_cB5RN/view?usp=drivesdk,https://drive.google.com/uc?export=download&id=1H8mP2hSTXkfB9nIu9vVgEtGqkT_cB5RN,OK,confirmed_or_hard_rule,confirmed,YG-05053,OK
1vGXZynxZtyTHBUn8GxtnLgjo6f2_a8ze,YG-05055,YG05055,YATO GASTRO,Czesci_zamienne_YG-05055.pdf,Czesci_zamienne_YG-05055.pdf,Rysunki wybuchowe,https://drive.google.com/file/d/1vGXZynxZtyTHBUn8GxtnLgjo6f2_a8ze/view?usp=drivesdk,https://drive.google.com/uc?export=download&id=1vGXZynxZtyTHBUn8GxtnLgjo6f2_a8ze,OK,confirmed_or_hard_rule,confirmed,YG-05055,OK
1_rizT-XyKhR3pqF7cJUrjX5ik47LMZNf,YG-05056,YG05056,YATO GASTRO,Czesci_zamienne_YG-05056.pdf,Czesci_zamienne_YG-05056.pdf,Rysunki wybuchowe,https://drive.google.com/file/d/1_rizT-XyKhR3pqF7cJUrjX5ik47LMZNf/view?usp=drivesdk,https://drive.google.com/uc?export=download&id=1_rizT-XyKhR3pqF7cJUrjX5ik47LMZNf,OK,confirmed_or_hard_rule,confirmed,YG-05056,OK
14dfF4fKyyeGbdhTRKdiTLqjLNjN5G3SG,YG-05057,YG05057,YATO GASTRO,Czesci_zamienne_YG-05057.pdf,Czesci_zamienne_YG-05057.pdf,Rysunki wybuchowe,https://drive.google.com/file/d/14dfF4fKyyeGbdhTRKdiTLqjLNjN5G3SG/view?usp=drivesdk,https://drive.google.com/uc?export=download&id=14dfF4fKyyeGbdhTRKdiTLqjLNjN5G3SG,OK,confirmed_or_hard_rule,confirmed,YG-05057,OK
1YLc1cuifRoOegpyJ-2Yv1-71YOC0vuag,YG-05060,YG05060,YATO GASTRO,Czesci_zamienne_YG-05060.pdf,Czesci_zamienne_YG-05060.pdf,Rysunki wybuchowe,https://drive.google.com/file/d/1YLc1cuifRoOegpyJ-2Yv1-71YOC0vuag/view?usp=drivesdk,https://drive.google.com/uc?export=download&id=1YLc1cuifRoOegpyJ-2Yv1-71YOC0vuag,OK,confirmed_or_hard_rule,confirmed,YG-05060,OK
11DRakz-8tl31r80ON40rrC5u0X0GQ3lG,YG-05064,YG05064,YATO GASTRO,Czesci_zamienne_YG-05064.pdf,Czesci_zamienne_YG-05064.pdf,Rysunki wybuchowe,https://drive.google.com/file/d/11DRakz-8tl31r80ON40rrC5u0X0GQ3lG/view?usp=drivesdk,https://drive.google.com/uc?export=download&id=11DRakz-8tl31r80ON40rrC5u0X0GQ3lG,OK,confirmed_or_hard_rule,confirmed,YG-05064,OK
1JDrLOMg8jqeAqu5_vLluFxvx_jKxMFBe,YG-05068,YG05068,YATO GASTRO,Czesci_zamienne_YG-05068.pdf,Czesci_zamienne_YG-05068.pdf,Rysunki wybuchowe,https://drive.google.com/file/d/1JDrLOMg8jqeAqu5_vLluFxvx_jKxMFBe/view?usp=drivesdk,https://drive.google.com/uc?export=download&id=1JDrLOMg8jqeAqu5_vLluFxvx_jKxMFBe,OK,confirmed_or_hard_rule,confirmed,YG-05068,OK
1YbL2bCI5HPfzrWbTjl9_qP_sWTNnx2yd,YG-05090,YG05090,YATO GASTRO,Czesci_zamienne_YG-05090.pdf,Czesci_zamienne_YG-05090.pdf,Rysunki wybuchowe,https://drive.google.com/file/d/1YbL2bCI5HPfzrWbTjl9_qP_sWTNnx2yd/view?usp=drivesdk,https://drive.google.com/uc?export=download&id=1YbL2bCI5HPfzrWbTjl9_qP_sWTNnx2yd,OK,confirmed_or_hard_rule,confirmed,YG-05090,OK
1L5d3ukT4nimqqHUYemcf1u6YEYh2r03T,YG-05094,YG05094,YATO GASTRO,Czesci_zamienne_YG-05094.pdf,Czesci_zamienne_YG-05094.pdf,Rysunki wybuchowe,https://drive.google.com/file/d/1L5d3ukT4nimqqHUYemcf1u6YEYh2r03T/view?usp=drivesdk,https://drive.google.com/uc?export=download&id=1L5d3ukT4nimqqHUYemcf1u6YEYh2r03T,OK,confirmed_or_hard_rule,confirmed,YG-05094,OK
172VQNIjFdewdFCnJJhAZ0BKGHpSh7rIK,YG-05098,YG05098,YATO GASTRO,Czesci_zamienne_YG-05098.pdf,Czesci_zamienne_YG-05098.pdf,Rysunki wybuchowe,https://drive.google.com/file/d/172VQNIjFdewdFCnJJhAZ0BKGHpSh7rIK/view?usp=drivesdk,https://drive.google.com/uc?export=download&id=172VQNIjFdewdFCnJJhAZ0BKGHpSh7rIK,OK,confirmed_or_hard_rule,confirmed,YG-05098,OK
1TB4idVXPgQFd1CpFCxQrXPh-xX9f-dY3,YG-05171,YG05171,YATO GASTRO,Czesci_zamienne_YG-05171.pdf,Czesci_zamienne_YG-05171.pdf,Rysunki wybuchowe,https://drive.google.com/file/d/1TB4idVXPgQFd1CpFCxQrXPh-xX9f-dY3/view?usp=drivesdk,https://drive.google.com/uc?export=download&id=1TB4idVXPgQFd1CpFCxQrXPh-xX9f-dY3,OK,confirmed_or_hard_rule,confirmed,YG-05171,OK
1bFr1YuxwHwviJllQCMz32fMZyLH-Ub1I,YG-05174,YG05174,YATO GASTRO,Czesci_zamienne_YG-05174.pdf,Czesci_zamienne_YG-05174.pdf,Rysunki wybuchowe,https://drive.google.com/file/d/1bFr1YuxwHwviJllQCMz32fMZyLH-Ub1I/view?usp=drivesdk,https://drive.google.com/uc?export=download&id=1bFr1YuxwHwviJllQCMz32fMZyLH-Ub1I,OK,confirmed_or_hard_rule,confirmed,YG-05174,OK
1GTxCUZOQUD7T2iM-w6_d6nbz7fxlC7f3,YG-05177,YG05177,YATO GASTRO,Czesci_zamienne_YG-05177.pdf,Czesci_zamienne_YG-05177.pdf,Rysunki wybuchowe,https://drive.google.com/file/d/1GTxCUZOQUD7T2iM-w6_d6nbz7fxlC7f3/view?usp=drivesdk,https://drive.google.com/uc?export=download&id=1GTxCUZOQUD7T2iM-w6_d6nbz7fxlC7f3,OK,confirmed_or_hard_rule,confirmed,YG-05177,OK
1Md4AiyS0ipEXUBTur20rsRl8gqCWaFTc,YG-05179,YG05179,YATO GASTRO,Czesci_zamienne_YG-05179.pdf,Czesci_zamienne_YG-05179.pdf,Rysunki wybuchowe,https://drive.google.com/file/d/1Md4AiyS0ipEXUBTur20rsRl8gqCWaFTc/view?usp=drivesdk,https://drive.google.com/uc?export=download&id=1Md4AiyS0ipEXUBTur20rsRl8gqCWaFTc,OK,confirmed_or_hard_rule,confirmed,YG-05179,OK
1E5rZHQxpxpe2RoLxbUoJpZy8VmO-rit4,YG-05180,YG05180,YATO GASTRO,Czesci_zamienne_YG-05180.pdf,Czesci_zamienne_YG-05180.pdf,Rysunki wybuchowe,https://drive.google.com/file/d/1E5rZHQxpxpe2RoLxbUoJpZy8VmO-rit4/view?usp=drivesdk,https://drive.google.com/uc?export=download&id=1E5rZHQxpxpe2RoLxbUoJpZy8VmO-rit4,OK,confirmed_or_hard_rule,confirmed,YG-05180,OK
14oH4E8U9ccKXScbWANRUlrPvbALYzqgj,YG-05200,YG05200,YATO GASTRO,Czesci_zamienne_YG-05200.pdf,Czesci_zamienne_YG-05200.pdf,Rysunki wybuchowe,https://drive.google.com/file/d/14oH4E8U9ccKXScbWANRUlrPvbALYzqgj/view?usp=drivesdk,https://drive.google.com/uc?export=download&id=14oH4E8U9ccKXScbWANRUlrPvbALYzqgj,OK,confirmed_or_hard_rule,confirmed,YG-05200,OK
1MnPcTPWSBMukXAaCqTcRAG89iILEcTnZ,YG-05201,YG05201,YATO GASTRO,Czesci_zamienne_YG-05201.pdf,Czesci_zamienne_YG-05201.pdf,Rysunki wybuchowe,https://drive.google.com/file/d/1MnPcTPWSBMukXAaCqTcRAG89iILEcTnZ/view?usp=drivesdk,https://drive.google.com/uc?export=download&id=1MnPcTPWSBMukXAaCqTcRAG89iILEcTnZ,OK,confirmed_or_hard_rule,confirmed,YG-05201,OK
1RoRkFjPmEytCV2l1OwXet9l6LsSehvoI,YG-05210,YG05210,YATO GASTRO,Czesci_zamienne_YG-05210.pdf,Czesci_zamienne_YG-05210.pdf,Rysunki wybuchowe,https://drive.google.com/file/d/1RoRkFjPmEytCV2l1OwXet9l6LsSehvoI/view?usp=drivesdk,https://drive.google.com/uc?export=download&id=1RoRkFjPmEytCV2l1OwXet9l6LsSehvoI,OK,confirmed_or_hard_rule,confirmed,YG-05210,OK
1BWfQf7jfExB-dVhWzGK7nm5oIWGuZNXS,YG-05211,YG05211,YATO GASTRO,Czesci_zamienne_YG-05211.pdf,Czesci_zamienne_YG-05211.pdf,Rysunki wybuchowe,https://drive.google.com/file/d/1BWfQf7jfExB-dVhWzGK7nm5oIWGuZNXS/view?usp=drivesdk,https://drive.google.com/uc?export=download&id=1BWfQf7jfExB-dVhWzGK7nm5oIWGuZNXS,OK,confirmed_or_hard_rule,confirmed,YG-05211,OK
13ajRZf2WNvJvv76J57Em4jOiYB6IIx6T,YG-05215,YG05215,YATO GASTRO,Czesci_zamienne_YG-05215.pdf,Czesci_zamienne_YG-05215.pdf,Rysunki wybuchowe,https://drive.google.com/file/d/13ajRZf2WNvJvv76J57Em4jOiYB6IIx6T/view?usp=drivesdk,https://drive.google.com/uc?export=download&id=13ajRZf2WNvJvv76J57Em4jOiYB6IIx6T,OK,confirmed_or_hard_rule,confirmed,YG-05215,OK
1TXgzfCqD9Khjo4B0NaSUcWzmCqixOf0a,YG-05216,YG05216,YATO GASTRO,Czesci_zamienne_YG-05216.pdf,Czesci_zamienne_YG-05216.pdf,Rysunki wybuchowe,https://drive.google.com/file/d/1TXgzfCqD9Khjo4B0NaSUcWzmCqixOf0a/view?usp=drivesdk,https://drive.google.com/uc?export=download&id=1TXgzfCqD9Khjo4B0NaSUcWzmCqixOf0a,OK,confirmed_or_hard_rule,confirmed,YG-05216,OK
193LAfI2tO3oguLoWvnhZBEegCPv4Ry9D,YG-05220,YG05220,YATO GASTRO,Czesci_zamienne_YG-05220.pdf,Czesci_zamienne_YG-05220.pdf,Rysunki wybuchowe,https://drive.google.com/file/d/193LAfI2tO3oguLoWvnhZBEegCPv4Ry9D/view?usp=drivesdk,https://drive.google.com/uc?export=download&id=193LAfI2tO3oguLoWvnhZBEegCPv4Ry9D,OK,confirmed_or_hard_rule,confirmed,YG-05220,OK
13aBpkm_eqC7BctOgdzeGxXQBBy17Gtey,YG-05221,YG05221,YATO GASTRO,Czesci_zamienne_YG-05221.pdf,Czesci_zamienne_YG-05221.pdf,Rysunki wybuchowe,https://drive.google.com/file/d/13aBpkm_eqC7BctOgdzeGxXQBBy17Gtey/view?usp=drivesdk,https://drive.google.com/uc?export=download&id=13aBpkm_eqC7BctOgdzeGxXQBBy17Gtey,OK,confirmed_or_hard_rule,confirmed,YG-05221,OK
1yOAfi5qDtFqHPWUuA2xpNp0Mj11qort1,YG-05225,YG05225,YATO GASTRO,Czesci_zamienne_YG-05225.pdf,Czesci_zamienne_YG-05225.pdf,Rysunki wybuchowe,https://drive.google.com/file/d/1yOAfi5qDtFqHPWUuA2xpNp0Mj11qort1/view?usp=drivesdk,https://drive.google.com/uc?export=download&id=1yOAfi5qDtFqHPWUuA2xpNp0Mj11qort1,OK,confirmed_or_hard_rule,confirmed,YG-05225,OK
1BQExBQvoxc4T-zNYJp-j825IlG1ImTNy,YG-05226,YG05226,YATO GASTRO,Czesci_zamienne_YG-05226.pdf,Czesci_zamienne_YG-05226.pdf,Rysunki wybuchowe,https://drive.google.com/file/d/1BQExBQvoxc4T-zNYJp-j825IlG1ImTNy/view?usp=drivesdk,https://drive.google.com/uc?export=download&id=1BQExBQvoxc4T-zNYJp-j825IlG1ImTNy,OK,confirmed_or_hard_rule,confirmed,YG-05226,OK
1TkdGPFpdZRjbITGHIskZkCBCbOaMylLm,YG-05227,YG05227,YATO GASTRO,Czesci_zamienne_YG-05227.pdf,Czesci_zamienne_YG-05227.pdf,Rysunki wybuchowe,https://drive.google.com/file/d/1TkdGPFpdZRjbITGHIskZkCBCbOaMylLm/view?usp=drivesdk,https://drive.google.com/uc?export=download&id=1TkdGPFpdZRjbITGHIskZkCBCbOaMylLm,OK,confirmed_or_hard_rule,confirmed,YG-05227,OK
1wbhEbllL-aomKGEzmQIP1vz6PsqBl3up,YG-05230,YG05230,YATO GASTRO,Czesci_zamienne_YG-05230.pdf,Czesci_zamienne_YG-05230.pdf,Rysunki wybuchowe,https://drive.google.com/file/d/1wbhEbllL-aomKGEzmQIP1vz6PsqBl3up/view?usp=drivesdk,https://drive.google.com/uc?export=download&id=1wbhEbllL-aomKGEzmQIP1vz6PsqBl3up,OK,confirmed_or_hard_rule,confirmed,YG-05230,OK
1ooINGlkyzRhfCSLFX_01xe2EsVRcKQT7,YG-05231,YG05231,YATO GASTRO,Czesci_zamienne_YG-05231.pdf,Czesci_zamienne_YG-05231.pdf,Rysunki wybuchowe,https://drive.google.com/file/d/1ooINGlkyzRhfCSLFX_01xe2EsVRcKQT7/view?usp=drivesdk,https://drive.google.com/uc?export=download&id=1ooINGlkyzRhfCSLFX_01xe2EsVRcKQT7,OK,confirmed_or_hard_rule,confirmed,YG-05231,OK
1O90X_ugnIKL7ZVexiXastOYbaIdlaBcn,YG-05232,YG05232,YATO GASTRO,Czesci_zamienne_YG-05232.pdf,Czesci_zamienne_YG-05232.pdf,Rysunki wybuchowe,https://drive.google.com/file/d/1O90X_ugnIKL7ZVexiXastOYbaIdlaBcn/view?usp=drivesdk,https://drive.google.com/uc?export=download&id=1O90X_ugnIKL7ZVexiXastOYbaIdlaBcn,OK,confirmed_or_hard_rule,confirmed,YG-05232,OK
1YcSvQC6NWqIGyX69bk0v7LDYr5hHxHy5,YG-05233,YG05233,YATO GASTRO,Czesci_zamienne_YG-05233.pdf,Czesci_zamienne_YG-05233.pdf,Rysunki wybuchowe,https://drive.google.com/file/d/1YcSvQC6NWqIGyX69bk0v7LDYr5hHxHy5/view?usp=drivesdk,https://drive.google.com/uc?export=download&id=1YcSvQC6NWqIGyX69bk0v7LDYr5hHxHy5,OK,confirmed_or_hard_rule,confirmed,YG-05233,OK
1_SjtyNkv9OmMcNLKEXVceTQyNl5KU-oA,YG-05234,YG05234,YATO GASTRO,Czesci_zamienne_YG-05234.pdf,Czesci_zamienne_YG-05234.pdf,Rysunki wybuchowe,https://drive.google.com/file/d/1_SjtyNkv9OmMcNLKEXVceTQyNl5KU-oA/view?usp=drivesdk,https://drive.google.com/uc?export=download&id=1_SjtyNkv9OmMcNLKEXVceTQyNl5KU-oA,OK,confirmed_or_hard_rule,confirmed,YG-05234,OK
1r7BXfWGEQjFpMMnyDK6d9V4o1fG0NYOT,YG-05235,YG05235,YATO GASTRO,Czesci_zamienne_YG-05235.pdf,Czesci_zamienne_YG-05235.pdf,Rysunki wybuchowe,https://drive.google.com/file/d/1r7BXfWGEQjFpMMnyDK6d9V4o1fG0NYOT/view?usp=drivesdk,https://drive.google.com/uc?export=download&id=1r7BXfWGEQjFpMMnyDK6d9V4o1fG0NYOT,OK,confirmed_or_hard_rule,confirmed,YG-05235,OK
1ZpEBtziT0DovNuwnk4ENmDHydfKURvpq,YG-05236,YG05236,YATO GASTRO,Czesci_zamienne_YG-05236.pdf,Czesci_zamienne_YG-05236.pdf,Rysunki wybuchowe,https://drive.google.com/file/d/1ZpEBtziT0DovNuwnk4ENmDHydfKURvpq/view?usp=drivesdk,https://drive.google.com/uc?export=download&id=1ZpEBtziT0DovNuwnk4ENmDHydfKURvpq,OK,confirmed_or_hard_rule,confirmed,YG-05236,OK
10559ZjWFdOhhmhKvbAMEdRlforGWoRpY,YG-05250,YG05250,YATO GASTRO,Czesci_zamienne_YG-05250.pdf,Czesci_zamienne_YG-05250.pdf,Rysunki wybuchowe,https://drive.google.com/file/d/10559ZjWFdOhhmhKvbAMEdRlforGWoRpY/view?usp=drivesdk,https://drive.google.com/uc?export=download&id=10559ZjWFdOhhmhKvbAMEdRlforGWoRpY,OK,confirmed_or_hard_rule,confirmed,YG-05250,OK
1BroqoVF2ijSkYdmTSrXLFpEPPzHnK28A,YG-05251,YG05251,YATO GASTRO,Czesci_zamienne_YG-05251.pdf,Czesci_zamienne_YG-05251.pdf,Rysunki wybuchowe,https://drive.google.com/file/d/1BroqoVF2ijSkYdmTSrXLFpEPPzHnK28A/view?usp=drivesdk,https://drive.google.com/uc?export=download&id=1BroqoVF2ijSkYdmTSrXLFpEPPzHnK28A,OK,confirmed_or_hard_rule,confirmed,YG-05251,OK
1FT_ip-5PxXc6W11kr9SA_mEoqngzcvXz,YG-05252,YG05252,YATO GASTRO,Czesci_zamienne_YG-05252.pdf,Czesci_zamienne_YG-05252.pdf,Rysunki wybuchowe,https://drive.google.com/file/d/1FT_ip-5PxXc6W11kr9SA_mEoqngzcvXz/view?usp=drivesdk,https://drive.google.com/uc?export=download&id=1FT_ip-5PxXc6W11kr9SA_mEoqngzcvXz,OK,confirmed_or_hard_rule,confirmed,YG-05252,OK
1wmcT5DOJc-emyjzCOIW_Vi3PSiOKJUat,YG-05253,YG05253,YATO GASTRO,Czesci_zamienne_YG-05253.pdf,Czesci_zamienne_YG-05253.pdf,Rysunki wybuchowe,https://drive.google.com/file/d/1wmcT5DOJc-emyjzCOIW_Vi3PSiOKJUat/view?usp=drivesdk,https://drive.google.com/uc?export=download&id=1wmcT5DOJc-emyjzCOIW_Vi3PSiOKJUat,OK,confirmed_or_hard_rule,confirmed,YG-05253,OK
19Br67KCBAAL8TdWVEk4b8sxshLgcYniI,YG-05254,YG05254,YATO GASTRO,Czesci_zamienne_YG-05254.pdf,Czesci_zamienne_YG-05254.pdf,Rysunki wybuchowe,https://drive.google.com/file/d/19Br67KCBAAL8TdWVEk4b8sxshLgcYniI/view?usp=drivesdk,https://drive.google.com/uc?export=download&id=19Br67KCBAAL8TdWVEk4b8sxshLgcYniI,OK,confirmed_or_hard_rule,confirmed,YG-05254,OK
1MnvU8sNAFRXrvQyWyU5AJNimpzKERAVN,YG-05255,YG05255,YATO GASTRO,Czesci_zamienne_YG-05255.pdf,Czesci_zamienne_YG-05255.pdf,Rysunki wybuchowe,https://drive.google.com/file/d/1MnvU8sNAFRXrvQyWyU5AJNimpzKERAVN/view?usp=drivesdk,https://drive.google.com/uc?export=download&id=1MnvU8sNAFRXrvQyWyU5AJNimpzKERAVN,OK,confirmed_or_hard_rule,confirmed,YG-05255,OK
18Rgstq9qlajQdageGS5wGulXxntBN5eW,YG-05256,YG05256,YATO GASTRO,Czesci_zamienne_YG-05256.pdf,Czesci_zamienne_YG-05256.pdf,Rysunki wybuchowe,https://drive.google.com/file/d/18Rgstq9qlajQdageGS5wGulXxntBN5eW/view?usp=drivesdk,https://drive.google.com/uc?export=download&id=18Rgstq9qlajQdageGS5wGulXxntBN5eW,OK,confirmed_or_hard_rule,confirmed,YG-05256,OK
18EHu2RGoJYtQzEx8-BRL8Tv599Z6F4v7,YG-05257,YG05257,YATO GASTRO,Czesci_zamienne_YG-05257.pdf,Czesci_zamienne_YG-05257.pdf,Rysunki wybuchowe,https://drive.google.com/file/d/18EHu2RGoJYtQzEx8-BRL8Tv599Z6F4v7/view?usp=drivesdk,https://drive.google.com/uc?export=download&id=18EHu2RGoJYtQzEx8-BRL8Tv599Z6F4v7,OK,confirmed_or_hard_rule,confirmed,YG-05257,OK
1jauQCKnDPcsqBl9St4MubyllLWyPBGdd,YG-05258,YG05258,YATO GASTRO,Czesci_zamienne_YG-05258.pdf,Czesci_zamienne_YG-05258.pdf,Rysunki wybuchowe,https://drive.google.com/file/d/1jauQCKnDPcsqBl9St4MubyllLWyPBGdd/view?usp=drivesdk,https://drive.google.com/uc?export=download&id=1jauQCKnDPcsqBl9St4MubyllLWyPBGdd,OK,confirmed_or_hard_rule,confirmed,YG-05258,OK
1S5RR69nthRRW0mtelGNJwzahpmvC9ShW,YG-05259,YG05259,YATO GASTRO,Czesci_zamienne_YG-05259.pdf,Czesci_zamienne_YG-05259.pdf,Rysunki wybuchowe,https://drive.google.com/file/d/1S5RR69nthRRW0mtelGNJwzahpmvC9ShW/view?usp=drivesdk,https://drive.google.com/uc?export=download&id=1S5RR69nthRRW0mtelGNJwzahpmvC9ShW,OK,confirmed_or_hard_rule,confirmed,YG-05259,OK
1taETUPbi4yxmGvxdEtTFp-5aosagX86Y,YG-05260,YG05260,YATO GASTRO,Czesci_zamienne_YG-05260.pdf,Czesci_zamienne_YG-05260.pdf,Rysunki wybuchowe,https://drive.google.com/file/d/1taETUPbi4yxmGvxdEtTFp-5aosagX86Y/view?usp=drivesdk,https://drive.google.com/uc?export=download&id=1taETUPbi4yxmGvxdEtTFp-5aosagX86Y,OK,confirmed_or_hard_rule,confirmed,YG-05260,OK
1gzbd8KyWkMvXMjxHRZha9U3GJIBd_hlO,YG-05262,YG05262,YATO GASTRO,Czesci_zamienne_YG-05262.pdf,Czesci_zamienne_YG-05262.pdf,Rysunki wybuchowe,https://drive.google.com/file/d/1gzbd8KyWkMvXMjxHRZha9U3GJIBd_hlO/view?usp=drivesdk,https://drive.google.com/uc?export=download&id=1gzbd8KyWkMvXMjxHRZha9U3GJIBd_hlO,OK,confirmed_or_hard_rule,confirmed,YG-05262,OK
1GiB_RP4Bt_XZaw_VWpM3pLp-As6zhzOp,YG-05270,YG05270,YATO GASTRO,Czesci_zamienne_YG-05270.pdf,Czesci_zamienne_YG-05270.pdf,Rysunki wybuchowe,https://drive.google.com/file/d/1GiB_RP4Bt_XZaw_VWpM3pLp-As6zhzOp/view?usp=drivesdk,https://drive.google.com/uc?export=download&id=1GiB_RP4Bt_XZaw_VWpM3pLp-As6zhzOp,OK,confirmed_or_hard_rule,confirmed,YG-05270,OK
1jWcttH6tya0QFlC5AMHOTdVgVdzufWNd,YG-05275,YG05275,YATO GASTRO,Czesci_zamienne_YG-05275.pdf,Czesci_zamienne_YG-05275.pdf,Rysunki wybuchowe,https://drive.google.com/file/d/1jWcttH6tya0QFlC5AMHOTdVgVdzufWNd/view?usp=drivesdk,https://drive.google.com/uc?export=download&id=1jWcttH6tya0QFlC5AMHOTdVgVdzufWNd,OK,confirmed_or_hard_rule,confirmed,YG-05275,OK
1AXSFo1QyYdqe-4DTH8hNtFZwvhMYSH8Y,YG-05280,YG05280,YATO GASTRO,Czesci_zamienne_YG-05280.pdf,Czesci_zamienne_YG-05280.pdf,Rysunki wybuchowe,https://drive.google.com/file/d/1AXSFo1QyYdqe-4DTH8hNtFZwvhMYSH8Y/view?usp=drivesdk,https://drive.google.com/uc?export=download&id=1AXSFo1QyYdqe-4DTH8hNtFZwvhMYSH8Y,OK,confirmed_or_hard_rule,confirmed,YG-05280,OK
1oq52mued2JWZONBtQ1vZJd9_vIlN2BA0,YG-05281,YG05281,YATO GASTRO,Czesci_zamienne_YG-05281.pdf,Czesci_zamienne_YG-05281.pdf,Rysunki wybuchowe,https://drive.google.com/file/d/1oq52mued2JWZONBtQ1vZJd9_vIlN2BA0/view?usp=drivesdk,https://drive.google.com/uc?export=download&id=1oq52mued2JWZONBtQ1vZJd9_vIlN2BA0,OK,confirmed_or_hard_rule,confirmed,YG-05281,OK
1stoEIpn0RtPzk7EANHkaSf6fHZa0ihT9,YG-05290,YG05290,YATO GASTRO,Czesci_zamienne_YG-05290.pdf,Czesci_zamienne_YG-05290.pdf,Rysunki wybuchowe,https://drive.google.com/file/d/1stoEIpn0RtPzk7EANHkaSf6fHZa0ihT9/view?usp=drivesdk,https://drive.google.com/uc?export=download&id=1stoEIpn0RtPzk7EANHkaSf6fHZa0ihT9,OK,confirmed_or_hard_rule,confirmed,YG-05290,OK
1t7MBzyzz8jAU_GDanjt_6JdkSqVCekbv,YG-05300,YG05300,YATO GASTRO,Czesci_zamienne_YG-05300.pdf,Czesci_zamienne_YG-05300.pdf,Rysunki wybuchowe,https://drive.google.com/file/d/1t7MBzyzz8jAU_GDanjt_6JdkSqVCekbv/view?usp=drivesdk,https://drive.google.com/uc?export=download&id=1t7MBzyzz8jAU_GDanjt_6JdkSqVCekbv,OK,confirmed_or_hard_rule,confirmed,YG-05300,OK
1WEsyO9E5jk8CzFAqepzH1cmx1hh2lROA,YG-05305,YG05305,YATO GASTRO,Czesci_zamienne_YG-05305.pdf,Czesci_zamienne_YG-05305.pdf,Rysunki wybuchowe,https://drive.google.com/file/d/1WEsyO9E5jk8CzFAqepzH1cmx1hh2lROA/view?usp=drivesdk,https://drive.google.com/uc?export=download&id=1WEsyO9E5jk8CzFAqepzH1cmx1hh2lROA,OK,confirmed_or_hard_rule,confirmed,YG-05305,OK
1K65b-5MclzPb8MqJsdAAcvZUzNGM0jJ6,YG-05310,YG05310,YATO GASTRO,Czesci_zamienne_YG-05310.pdf,Czesci_zamienne_YG-05310.pdf,Rysunki wybuchowe,https://drive.google.com/file/d/1K65b-5MclzPb8MqJsdAAcvZUzNGM0jJ6/view?usp=drivesdk,https://drive.google.com/uc?export=download&id=1K65b-5MclzPb8MqJsdAAcvZUzNGM0jJ6,OK,confirmed_or_hard_rule,confirmed,YG-05310,OK
17vBbpG78JjjJF7HbT7cggxRZBT_VHoeP,YG-05320,YG05320,YATO GASTRO,Czesci_zamienne_YG-05320.pdf,Czesci_zamienne_YG-05320.pdf,Rysunki wybuchowe,https://drive.google.com/file/d/17vBbpG78JjjJF7HbT7cggxRZBT_VHoeP/view?usp=drivesdk,https://drive.google.com/uc?export=download&id=17vBbpG78JjjJF7HbT7cggxRZBT_VHoeP,OK,confirmed_or_hard_rule,confirmed,YG-05320,OK
1VHBKXpTwKBU0nq5bHtpB2OOrOIGLkwca,YG-05321,YG05321,YATO GASTRO,Czesci_zamienne_YG-05321.pdf,Czesci_zamienne_YG-05321.pdf,Rysunki wybuchowe,https://drive.google.com/file/d/1VHBKXpTwKBU0nq5bHtpB2OOrOIGLkwca/view?usp=drivesdk,https://drive.google.com/uc?export=download&id=1VHBKXpTwKBU0nq5bHtpB2OOrOIGLkwca,OK,confirmed_or_hard_rule,confirmed,YG-05321,OK
1u8DhZDvK3ftMMeoypPzqPVScZ53LElO3,YG-05322,YG05322,YATO GASTRO,Czesci_zamienne_YG-05322.pdf,Czesci_zamienne_YG-05322.pdf,Rysunki wybuchowe,https://drive.google.com/file/d/1u8DhZDvK3ftMMeoypPzqPVScZ53LElO3/view?usp=drivesdk,https://drive.google.com/uc?export=download&id=1u8DhZDvK3ftMMeoypPzqPVScZ53LElO3,OK,confirmed_or_hard_rule,confirmed,YG-05322,OK
1_ml9zu6dUTR7v-1Ur9zJAXglaIiubHGb,YG-05323,YG05323,YATO GASTRO,Czesci_zamienne_YG-05323.pdf,Czesci_zamienne_YG-05323.pdf,Rysunki wybuchowe,https://drive.google.com/file/d/1_ml9zu6dUTR7v-1Ur9zJAXglaIiubHGb/view?usp=drivesdk,https://drive.google.com/uc?export=download&id=1_ml9zu6dUTR7v-1Ur9zJAXglaIiubHGb,OK,confirmed_or_hard_rule,confirmed,YG-05323,OK
1AvxoEicaWl6q08sWqlu6VAxOc1ozId4S,YG-05330,YG05330,YATO GASTRO,Czesci_zamienne_YG-05330.pdf,Czesci_zamienne_YG-05330.pdf,Rysunki wybuchowe,https://drive.google.com/file/d/1AvxoEicaWl6q08sWqlu6VAxOc1ozId4S/view?usp=drivesdk,https://drive.google.com/uc?export=download&id=1AvxoEicaWl6q08sWqlu6VAxOc1ozId4S,OK,confirmed_or_hard_rule,confirmed,YG-05330,OK
1ibwucu0M62mmWwHTVBovSQfvXuCzp7KK,YG-05331,YG05331,YATO GASTRO,Czesci_zamienne_YG-05331.pdf,Czesci_zamienne_YG-05331.pdf,Rysunki wybuchowe,https://drive.google.com/file/d/1ibwucu0M62mmWwHTVBovSQfvXuCzp7KK/view?usp=drivesdk,https://drive.google.com/uc?export=download&id=1ibwucu0M62mmWwHTVBovSQfvXuCzp7KK,OK,confirmed_or_hard_rule,confirmed,YG-05331,OK
1B9lWY_tlPnbzM5f1vXLlChQDwRPvVhpu,YG-05332,YG05332,YATO GASTRO,Czesci_zamienne_YG-05332.pdf,Czesci_zamienne_YG-05332.pdf,Rysunki wybuchowe,https://drive.google.com/file/d/1B9lWY_tlPnbzM5f1vXLlChQDwRPvVhpu/view?usp=drivesdk,https://drive.google.com/uc?export=download&id=1B9lWY_tlPnbzM5f1vXLlChQDwRPvVhpu,OK,confirmed_or_hard_rule,confirmed,YG-05332,OK
1nXTjEmYkVF8cnwf-UWA_PAmUABN2z7OC,YG-05350,YG05350,YATO GASTRO,Czesci_zamienne_YG-05350.pdf,Czesci_zamienne_YG-05350.pdf,Rysunki wybuchowe,https://drive.google.com/file/d/1nXTjEmYkVF8cnwf-UWA_PAmUABN2z7OC/view?usp=drivesdk,https://drive.google.com/uc?export=download&id=1nXTjEmYkVF8cnwf-UWA_PAmUABN2z7OC,OK,confirmed_or_hard_rule,confirmed,YG-05350,OK
1B9mNXP0Tuj-8BeWvE3VAykbOYmvWBk-B,YG-05355,YG05355,YATO GASTRO,Czesci_zamienne_YG-05355.pdf,Czesci_zamienne_YG-05355.pdf,Rysunki wybuchowe,https://drive.google.com/file/d/1B9mNXP0Tuj-8BeWvE3VAykbOYmvWBk-B/view?usp=drivesdk,https://drive.google.com/uc?export=download&id=1B9mNXP0Tuj-8BeWvE3VAykbOYmvWBk-B,OK,confirmed_or_hard_rule,confirmed,YG-05355,OK
17CbBtUQ-TjK37iGqmzSNfw6J0TmG3qns,YG-05356,YG05356,YATO GASTRO,Czesci_zamienne_YG-05356.pdf,Czesci_zamienne_YG-05356.pdf,Rysunki wybuchowe,https://drive.google.com/file/d/17CbBtUQ-TjK37iGqmzSNfw6J0TmG3qns/view?usp=drivesdk,https://drive.google.com/uc?export=download&id=17CbBtUQ-TjK37iGqmzSNfw6J0TmG3qns,OK,confirmed_or_hard_rule,confirmed,YG-05356,OK
1esme57WfzTf-vlDndmnXxmcToZcZZAG6,YG-05360,YG05360,YATO GASTRO,Czesci_zamienne_YG-05360.pdf,Czesci_zamienne_YG-05360.pdf,Rysunki wybuchowe,https://drive.google.com/file/d/1esme57WfzTf-vlDndmnXxmcToZcZZAG6/view?usp=drivesdk,https://drive.google.com/uc?export=download&id=1esme57WfzTf-vlDndmnXxmcToZcZZAG6,OK,confirmed_or_hard_rule,confirmed,YG-05360,OK
13b_WpRBdYOfyfObhiRq3qeXNaoBoR6nh,YG-07001,YG07001,YATO GASTRO,Czesci_zamienne_YG-07001.pdf,Czesci_zamienne_YG-07001.pdf,Rysunki wybuchowe,https://drive.google.com/file/d/13b_WpRBdYOfyfObhiRq3qeXNaoBoR6nh/view?usp=drivesdk,https://drive.google.com/uc?export=download&id=13b_WpRBdYOfyfObhiRq3qeXNaoBoR6nh,OK,confirmed_or_hard_rule,confirmed,YG-07001,OK
14TTnJtWUDY2Hae7y2h__JduEWMI3gfhC,YG-09000,YG09000,YATO GASTRO,Czesci_zamienne_YG-09000.pdf,Czesci_zamienne_YG-09000.pdf,Rysunki wybuchowe,https://drive.google.com/file/d/14TTnJtWUDY2Hae7y2h__JduEWMI3gfhC/view?usp=drivesdk,https://drive.google.com/uc?export=download&id=14TTnJtWUDY2Hae7y2h__JduEWMI3gfhC,OK,confirmed_or_hard_rule,confirmed,YG-09000,OK
1jjBnK-BHwqNGyNpOBV0F9A6sidYVqMYD,YG-09001,YG09001,YATO GASTRO,Czesci_zamienne_YG-09001.pdf,Czesci_zamienne_YG-09001.pdf,Rysunki wybuchowe,https://drive.google.com/file/d/1jjBnK-BHwqNGyNpOBV0F9A6sidYVqMYD/view?usp=drivesdk,https://drive.google.com/uc?export=download&id=1jjBnK-BHwqNGyNpOBV0F9A6sidYVqMYD,OK,confirmed_or_hard_rule,confirmed,YG-09001,OK
1pPu1J--dQUWGiKSUfhMG2ZQsMjPt0qHd,YG-09002,YG09002,YATO GASTRO,Czesci_zamienne_YG-09002.pdf,Czesci_zamienne_YG-09002.pdf,Rysunki wybuchowe,https://drive.google.com/file/d/1pPu1J--dQUWGiKSUfhMG2ZQsMjPt0qHd/view?usp=drivesdk,https://drive.google.com/uc?export=download&id=1pPu1J--dQUWGiKSUfhMG2ZQsMjPt0qHd,OK,confirmed_or_hard_rule,confirmed,YG-09002,OK
1u0cE0T7InjmAlQ7E58kfqcBiMO6nxBmg,YG-09003,YG09003,YATO GASTRO,Czesci_zamienne_YG-09003.pdf,Czesci_zamienne_YG-09003.pdf,Rysunki wybuchowe,https://drive.google.com/file/d/1u0cE0T7InjmAlQ7E58kfqcBiMO6nxBmg/view?usp=drivesdk,https://drive.google.com/uc?export=download&id=1u0cE0T7InjmAlQ7E58kfqcBiMO6nxBmg,OK,confirmed_or_hard_rule,confirmed,YG-09003,OK
10zr12EZ-X2qeGlmuk4QD2Ze89GZUh_n-,YG-09004,YG09004,YATO GASTRO,Czesci_zamienne_YG-09004.pdf,Czesci_zamienne_YG-09004.pdf,Rysunki wybuchowe,https://drive.google.com/file/d/10zr12EZ-X2qeGlmuk4QD2Ze89GZUh_n-/view?usp=drivesdk,https://drive.google.com/uc?export=download&id=10zr12EZ-X2qeGlmuk4QD2Ze89GZUh_n-,OK,confirmed_or_hard_rule,confirmed,YG-09004,OK
1BD5N-i7DhwHQ9BDZMAMvjxonp1x-Flhr,YG-09005,YG09005,YATO GASTRO,Czesci_zamienne_YG-09005.pdf,Czesci_zamienne_YG-09005.pdf,Rysunki wybuchowe,https://drive.google.com/file/d/1BD5N-i7DhwHQ9BDZMAMvjxonp1x-Flhr/view?usp=drivesdk,https://drive.google.com/uc?export=download&id=1BD5N-i7DhwHQ9BDZMAMvjxonp1x-Flhr,OK,confirmed_or_hard_rule,confirmed,YG-09005,OK
1xlj21duLR9S2VvKLRGYEgOrD2Js_vrks,YG-09006,YG09006,YATO GASTRO,Czesci_zamienne_YG-09006.pdf,Czesci_zamienne_YG-09006.pdf,Rysunki wybuchowe,https://drive.google.com/file/d/1xlj21duLR9S2VvKLRGYEgOrD2Js_vrks/view?usp=drivesdk,https://drive.google.com/uc?export=download&id=1xlj21duLR9S2VvKLRGYEgOrD2Js_vrks,OK,confirmed_or_hard_rule,confirmed,YG-09006,OK
1v4RyaDcyl1mx0i7dZR2_GTaGmyLiI5Ox,YG-09010,YG09010,YATO GASTRO,Czesci_zamienne_YG-09010.pdf,Czesci_zamienne_YG-09010.pdf,Rysunki wybuchowe,https://drive.google.com/file/d/1v4RyaDcyl1mx0i7dZR2_GTaGmyLiI5Ox/view?usp=drivesdk,https://drive.google.com/uc?export=download&id=1v4RyaDcyl1mx0i7dZR2_GTaGmyLiI5Ox,OK,confirmed_or_hard_rule,confirmed,YG-09010,OK
1np3E91pSOESLnQkJzUYxalqM3cd5aAMl,YG-09011,YG09011,YATO GASTRO,Czesci_zamienne_YG-09011.pdf,Czesci_zamienne_YG-09011.pdf,Rysunki wybuchowe,https://drive.google.com/file/d/1np3E91pSOESLnQkJzUYxalqM3cd5aAMl/view?usp=drivesdk,https://drive.google.com/uc?export=download&id=1np3E91pSOESLnQkJzUYxalqM3cd5aAMl,OK,confirmed_or_hard_rule,confirmed,YG-09011,OK
1ujI3ABGxnbsz5NW2ZuZ1NDNVCcV_4is1,YG-09012,YG09012,YATO GASTRO,Czesci_zamienne_YG-09012.pdf,Czesci_zamienne_YG-09012.pdf,Rysunki wybuchowe,https://drive.google.com/file/d/1ujI3ABGxnbsz5NW2ZuZ1NDNVCcV_4is1/view?usp=drivesdk,https://drive.google.com/uc?export=download&id=1ujI3ABGxnbsz5NW2ZuZ1NDNVCcV_4is1,OK,confirmed_or_hard_rule,confirmed,YG-09012,OK
11kfEMTh6TE5aT0ga5G2fe5aDuRAPGIoW,YG-09013,YG09013,YATO GASTRO,Czesci_zamienne_YG-09013.pdf,Czesci_zamienne_YG-09013.pdf,Rysunki wybuchowe,https://drive.google.com/file/d/11kfEMTh6TE5aT0ga5G2fe5aDuRAPGIoW/view?usp=drivesdk,https://drive.google.com/uc?export=download&id=11kfEMTh6TE5aT0ga5G2fe5aDuRAPGIoW,OK,confirmed_or_hard_rule,confirmed,YG-09013,OK
1ax-k3CSSk0iGo9TtMtmKUPOF_C2cQc3Q,YG-09014,YG09014,YATO GASTRO,Czesci_zamienne_YG-09014.pdf,Czesci_zamienne_YG-09014.pdf,Rysunki wybuchowe,https://drive.google.com/file/d/1ax-k3CSSk0iGo9TtMtmKUPOF_C2cQc3Q/view?usp=drivesdk,https://drive.google.com/uc?export=download&id=1ax-k3CSSk0iGo9TtMtmKUPOF_C2cQc3Q,OK,confirmed_or_hard_rule,confirmed,YG-09014,OK
1HWydFEiO-NhNUFEQQmy0pF1FiQgkQHPE,YG-09020,YG09020,YATO GASTRO,Czesci_zamienne_YG-09020.pdf,Czesci_zamienne_YG-09020.pdf,Rysunki wybuchowe,https://drive.google.com/file/d/1HWydFEiO-NhNUFEQQmy0pF1FiQgkQHPE/view?usp=drivesdk,https://drive.google.com/uc?export=download&id=1HWydFEiO-NhNUFEQQmy0pF1FiQgkQHPE,OK,confirmed_or_hard_rule,confirmed,YG-09020,OK
1WDXWfrzLdu1hg6EPHp4aes6-eDUkIL_3,YG-09021,YG09021,YATO GASTRO,Czesci_zamienne_YG-09021.pdf,Czesci_zamienne_YG-09021.pdf,Rysunki wybuchowe,https://drive.google.com/file/d/1WDXWfrzLdu1hg6EPHp4aes6-eDUkIL_3/view?usp=drivesdk,https://drive.google.com/uc?export=download&id=1WDXWfrzLdu1hg6EPHp4aes6-eDUkIL_3,OK,confirmed_or_hard_rule,confirmed,YG-09021,OK
1YRZsaIy3VqOgye67YMtQoo2S6fFVVbuD,YG-09022,YG09022,YATO GASTRO,Czesci_zamienne_YG-09022.pdf,Czesci_zamienne_YG-09022.pdf,Rysunki wybuchowe,https://drive.google.com/file/d/1YRZsaIy3VqOgye67YMtQoo2S6fFVVbuD/view?usp=drivesdk,https://drive.google.com/uc?export=download&id=1YRZsaIy3VqOgye67YMtQoo2S6fFVVbuD,OK,confirmed_or_hard_rule,confirmed,YG-09022,OK
1eNviNQq-ugSD8x6sE2lbzT8MpGoPvgqo,YG-09023,YG09023,YATO GASTRO,Czesci_zamienne_YG-09023.pdf,Czesci_zamienne_YG-09023.pdf,Rysunki wybuchowe,https://drive.google.com/file/d/1eNviNQq-ugSD8x6sE2lbzT8MpGoPvgqo/view?usp=drivesdk,https://drive.google.com/uc?export=download&id=1eNviNQq-ugSD8x6sE2lbzT8MpGoPvgqo,OK,confirmed_or_hard_rule,confirmed,YG-09023,OK
1dCpw6jkXf-r2Q2UfPJSI43SzMESeu4dI,YG-09024,YG09024,YATO GASTRO,Czesci_zamienne_YG-09024.pdf,Czesci_zamienne_YG-09024.pdf,Rysunki wybuchowe,https://drive.google.com/file/d/1dCpw6jkXf-r2Q2UfPJSI43SzMESeu4dI/view?usp=drivesdk,https://drive.google.com/uc?export=download&id=1dCpw6jkXf-r2Q2UfPJSI43SzMESeu4dI,OK,confirmed_or_hard_rule,confirmed,YG-09024,OK
1ZxH84Qzrmo6Q6RRwrt4sm-GWR7IJSKJz,YG-09025,YG09025,YATO GASTRO,Czesci_zamienne_YG-09025.pdf,Czesci_zamienne_YG-09025.pdf,Rysunki wybuchowe,https://drive.google.com/file/d/1ZxH84Qzrmo6Q6RRwrt4sm-GWR7IJSKJz/view?usp=drivesdk,https://drive.google.com/uc?export=download&id=1ZxH84Qzrmo6Q6RRwrt4sm-GWR7IJSKJz,OK,confirmed_or_hard_rule,confirmed,YG-09025,OK
1-sc6lMLB1ofRM5yCp09hTN_YOvE6CxAt,YG-09030,YG09030,YATO GASTRO,Czesci_zamienne_YG-09030.pdf,Czesci_zamienne_YG-09030.pdf,Rysunki wybuchowe,https://drive.google.com/file/d/1-sc6lMLB1ofRM5yCp09hTN_YOvE6CxAt/view?usp=drivesdk,https://drive.google.com/uc?export=download&id=1-sc6lMLB1ofRM5yCp09hTN_YOvE6CxAt,OK,confirmed_or_hard_rule,confirmed,YG-09030,OK
1OA5to2VskIvvGb3gFx1js6GhGDWsb8Mu,YG-09031,YG09031,YATO GASTRO,Czesci_zamienne_YG-09031.pdf,Czesci_zamienne_YG-09031.pdf,Rysunki wybuchowe,https://drive.google.com/file/d/1OA5to2VskIvvGb3gFx1js6GhGDWsb8Mu/view?usp=drivesdk,https://drive.google.com/uc?export=download&id=1OA5to2VskIvvGb3gFx1js6GhGDWsb8Mu,OK,confirmed_or_hard_rule,confirmed,YG-09031,OK
12jtjcXKjzmJDRw_MZMvO2yL2VZrQyfOS,YG-09032,YG09032,YATO GASTRO,Czesci_zamienne_YG-09032.pdf,Czesci_zamienne_YG-09032.pdf,Rysunki wybuchowe,https://drive.google.com/file/d/12jtjcXKjzmJDRw_MZMvO2yL2VZrQyfOS/view?usp=drivesdk,https://drive.google.com/uc?export=download&id=12jtjcXKjzmJDRw_MZMvO2yL2VZrQyfOS,OK,confirmed_or_hard_rule,confirmed,YG-09032,OK
1GdeSBr-Jyfv5A4lOScxMeAldOVrv6ZO6,YG-09033,YG09033,YATO GASTRO,Czesci_zamienne_YG-09033.pdf,Czesci_zamienne_YG-09033.pdf,Rysunki wybuchowe,https://drive.google.com/file/d/1GdeSBr-Jyfv5A4lOScxMeAldOVrv6ZO6/view?usp=drivesdk,https://drive.google.com/uc?export=download&id=1GdeSBr-Jyfv5A4lOScxMeAldOVrv6ZO6,OK,confirmed_or_hard_rule,confirmed,YG-09033,OK
19iP1TxqNBJ3B9bEVWtm7KUkwz7KzVDsA,YG-09034,YG09034,YATO GASTRO,Czesci_zamienne_YG-09034.pdf,Czesci_zamienne_YG-09034.pdf,Rysunki wybuchowe,https://drive.google.com/file/d/19iP1TxqNBJ3B9bEVWtm7KUkwz7KzVDsA/view?usp=drivesdk,https://drive.google.com/uc?export=download&id=19iP1TxqNBJ3B9bEVWtm7KUkwz7KzVDsA,OK,confirmed_or_hard_rule,confirmed,YG-09034,OK
1v4XtY1lDtS-SAZP4Ft7NiNomqhjsu0GE,YG-09035,YG09035,YATO GASTRO,Czesci_zamienne_YG-09035.pdf,Czesci_zamienne_YG-09035.pdf,Rysunki wybuchowe,https://drive.google.com/file/d/1v4XtY1lDtS-SAZP4Ft7NiNomqhjsu0GE/view?usp=drivesdk,https://drive.google.com/uc?export=download&id=1v4XtY1lDtS-SAZP4Ft7NiNomqhjsu0GE,OK,confirmed_or_hard_rule,confirmed,YG-09035,OK
1-ZvJslIWKDKWEuZe7VZygkrUnrU69iAC,YG-09225,YG09225,YATO GASTRO,Czesci_zamienne_YG-09225.pdf,Czesci_zamienne_YG-09225.pdf,Rysunki wybuchowe,https://drive.google.com/file/d/1-ZvJslIWKDKWEuZe7VZygkrUnrU69iAC/view?usp=drivesdk,https://drive.google.com/uc?export=download&id=1-ZvJslIWKDKWEuZe7VZygkrUnrU69iAC,OK,confirmed_or_hard_rule,confirmed,YG-09225,OK
1OGWaSFzC6Xx59P1NeQq0TfeRQVqxUvYv,YG-09226,YG09226,YATO GASTRO,Czesci_zamienne_YG-09226.pdf,Czesci_zamienne_YG-09226.pdf,Rysunki wybuchowe,https://drive.google.com/file/d/1OGWaSFzC6Xx59P1NeQq0TfeRQVqxUvYv/view?usp=drivesdk,https://drive.google.com/uc?export=download&id=1OGWaSFzC6Xx59P1NeQq0TfeRQVqxUvYv,OK,confirmed_or_hard_rule,confirmed,YG-09226,OK
1dOFvQAvhlDYnTIAiQu1F6FmExhvmCQUJ,YG-09227,YG09227,YATO GASTRO,Czesci_zamienne_YG-09227.pdf,Czesci_zamienne_YG-09227.pdf,Rysunki wybuchowe,https://drive.google.com/file/d/1dOFvQAvhlDYnTIAiQu1F6FmExhvmCQUJ/view?usp=drivesdk,https://drive.google.com/uc?export=download&id=1dOFvQAvhlDYnTIAiQu1F6FmExhvmCQUJ,OK,confirmed_or_hard_rule,confirmed,YG-09227,OK
1kzrz3wkKcvk_Z3buSsM6Yudk3TKcW3iJ,YG-09230,YG09230,YATO GASTRO,Czesci_zamienne_YG-09230.pdf,Czesci_zamienne_YG-09230.pdf,Rysunki wybuchowe,https://drive.google.com/file/d/1kzrz3wkKcvk_Z3buSsM6Yudk3TKcW3iJ/view?usp=drivesdk,https://drive.google.com/uc?export=download&id=1kzrz3wkKcvk_Z3buSsM6Yudk3TKcW3iJ,OK,confirmed_or_hard_rule,confirmed,YG-09230,OK
16kF1rn8WsVxN73CXdGplsZ4gXGqbNI2V,YG-09231,YG09231,YATO GASTRO,Czesci_zamienne_YG-09231.pdf,Czesci_zamienne_YG-09231.pdf,Rysunki wybuchowe,https://drive.google.com/file/d/16kF1rn8WsVxN73CXdGplsZ4gXGqbNI2V/view?usp=drivesdk,https://drive.google.com/uc?export=download&id=16kF1rn8WsVxN73CXdGplsZ4gXGqbNI2V,OK,confirmed_or_hard_rule,confirmed,YG-09231,OK
1Sjt1bfhZiU7nth24F0bRh4_XLEfTYg93,YG-09233,YG09233,YATO GASTRO,Czesci_zamienne_YG-09233.pdf,Czesci_zamienne_YG-09233.pdf,Rysunki wybuchowe,https://drive.google.com/file/d/1Sjt1bfhZiU7nth24F0bRh4_XLEfTYg93/view?usp=drivesdk,https://drive.google.com/uc?export=download&id=1Sjt1bfhZiU7nth24F0bRh4_XLEfTYg93,OK,confirmed_or_hard_rule,confirmed,YG-09233,OK
1YC3txMWvhA4rs_ugZ70NhXhMI0a5kMlF,YG-09249,YG09249,YATO GASTRO,Czesci_zamienne_YG-09249.pdf,Czesci_zamienne_YG-09249.pdf,Rysunki wybuchowe,https://drive.google.com/file/d/1YC3txMWvhA4rs_ugZ70NhXhMI0a5kMlF/view?usp=drivesdk,https://drive.google.com/uc?export=download&id=1YC3txMWvhA4rs_ugZ70NhXhMI0a5kMlF,OK,confirmed_or_hard_rule,confirmed,YG-09249,OK
1ZrCsAtSG2HAhnNjQ-pgI8VM5903X5wBV,YG-09250,YG09250,YATO GASTRO,Czesci_zamienne_YG-09250.pdf,Czesci_zamienne_YG-09250.pdf,Rysunki wybuchowe,https://drive.google.com/file/d/1ZrCsAtSG2HAhnNjQ-pgI8VM5903X5wBV/view?usp=drivesdk,https://drive.google.com/uc?export=download&id=1ZrCsAtSG2HAhnNjQ-pgI8VM5903X5wBV,OK,confirmed_or_hard_rule,confirmed,YG-09250,OK
16XUEP2pF_iuVzNtyO0bk0p0HkCF2bfty,YG-09303,YG09303,YATO GASTRO,Czesci_zamienne_YG-09303.pdf,Czesci_zamienne_YG-09303.pdf,Rysunki wybuchowe,https://drive.google.com/file/d/16XUEP2pF_iuVzNtyO0bk0p0HkCF2bfty/view?usp=drivesdk,https://drive.google.com/uc?export=download&id=16XUEP2pF_iuVzNtyO0bk0p0HkCF2bfty,OK,confirmed_or_hard_rule,confirmed,YG-09303,OK
1heWGvRj1WFA3QrGIqMqkbKo9jBKwmJKM,YG-09304,YG09304,YATO GASTRO,Czesci_zamienne_YG-09304.pdf,Czesci_zamienne_YG-09304.pdf,Rysunki wybuchowe,https://drive.google.com/file/d/1heWGvRj1WFA3QrGIqMqkbKo9jBKwmJKM/view?usp=drivesdk,https://drive.google.com/uc?export=download&id=1heWGvRj1WFA3QrGIqMqkbKo9jBKwmJKM,OK,confirmed_or_hard_rule,confirmed,YG-09304,OK
1Yq70VKat4XOnKhmjgf4EG65opA0emTb1,YG-09305,YG09305,YATO GASTRO,Czesci_zamienne_YG-09305.pdf,Czesci_zamienne_YG-09305.pdf,Rysunki wybuchowe,https://drive.google.com/file/d/1Yq70VKat4XOnKhmjgf4EG65opA0emTb1/view?usp=drivesdk,https://drive.google.com/uc?export=download&id=1Yq70VKat4XOnKhmjgf4EG65opA0emTb1,OK,confirmed_or_hard_rule,confirmed,YG-09305,OK
1hzJ7qWOdaRapgoZ-O4np1ZcM3EPjIT61,YG-09307,YG09307,YATO GASTRO,Czesci_zamienne_YG-09307.pdf,Czesci_zamienne_YG-09307.pdf,Rysunki wybuchowe,https://drive.google.com/file/d/1hzJ7qWOdaRapgoZ-O4np1ZcM3EPjIT61/view?usp=drivesdk,https://drive.google.com/uc?export=download&id=1hzJ7qWOdaRapgoZ-O4np1ZcM3EPjIT61,OK,confirmed_or_hard_rule,confirmed,YG-09307,OK
1zDVHHmBb3RTZM2JrjCFK_PMDaGym7y3A,YG-09310,YG09310,YATO GASTRO,Czesci_zamienne_YG-09310.pdf,Czesci_zamienne_YG-09310.pdf,Rysunki wybuchowe,https://drive.google.com/file/d/1zDVHHmBb3RTZM2JrjCFK_PMDaGym7y3A/view?usp=drivesdk,https://drive.google.com/uc?export=download&id=1zDVHHmBb3RTZM2JrjCFK_PMDaGym7y3A,OK,confirmed_or_hard_rule,confirmed,YG-09310,OK
1k-uozJfiPMCQ462Ohs5rXpzaiLJsm-Dz,YG-09311,YG09311,YATO GASTRO,Czesci_zamienne_YG-09311.pdf,Czesci_zamienne_YG-09311.pdf,Rysunki wybuchowe,https://drive.google.com/file/d/1k-uozJfiPMCQ462Ohs5rXpzaiLJsm-Dz/view?usp=drivesdk,https://drive.google.com/uc?export=download&id=1k-uozJfiPMCQ462Ohs5rXpzaiLJsm-Dz,OK,confirmed_or_hard_rule,confirmed,YG-09311,OK
1nnBzs8Pa_KXzkIm3tByKda7t7o22bd6m,YG-09312,YG09312,YATO GASTRO,Czesci_zamienne_YG-09312.pdf,Czesci_zamienne_YG-09312.pdf,Rysunki wybuchowe,https://drive.google.com/file/d/1nnBzs8Pa_KXzkIm3tByKda7t7o22bd6m/view?usp=drivesdk,https://drive.google.com/uc?export=download&id=1nnBzs8Pa_KXzkIm3tByKda7t7o22bd6m,OK,confirmed_or_hard_rule,confirmed,YG-09312,OK
1ZvG-T4OdWj9mZKeLeQx41JDQmVfOHo2V,YG-09315,YG09315,YATO GASTRO,Czesci_zamienne_YG-09315.pdf,Czesci_zamienne_YG-09315.pdf,Rysunki wybuchowe,https://drive.google.com/file/d/1ZvG-T4OdWj9mZKeLeQx41JDQmVfOHo2V/view?usp=drivesdk,https://drive.google.com/uc?export=download&id=1ZvG-T4OdWj9mZKeLeQx41JDQmVfOHo2V,OK,confirmed_or_hard_rule,confirmed,YG-09315,OK
1NgLb6f9b7LmKUyRgX7SBu4gK4gJbiWLF,YG-09510,YG09510,YATO GASTRO,Czesci_zamienne_YG-09510.pdf,Czesci_zamienne_YG-09510.pdf,Rysunki wybuchowe,https://drive.google.com/file/d/1NgLb6f9b7LmKUyRgX7SBu4gK4gJbiWLF/view?usp=drivesdk,https://drive.google.com/uc?export=download&id=1NgLb6f9b7LmKUyRgX7SBu4gK4gJbiWLF,OK,confirmed_or_hard_rule,confirmed,YG-09510,OK
1ySn4i3dXg5Z9Uu3qnlrpsXwpt2RwTLvC,YG-09550,YG09550,YATO GASTRO,Czesci_zamienne_YG-09550.pdf,Czesci_zamienne_YG-09550.pdf,Rysunki wybuchowe,https://drive.google.com/file/d/1ySn4i3dXg5Z9Uu3qnlrpsXwpt2RwTLvC/view?usp=drivesdk,https://drive.google.com/uc?export=download&id=1ySn4i3dXg5Z9Uu3qnlrpsXwpt2RwTLvC,OK,confirmed_or_hard_rule,confirmed,YG-09550,OK
1vln1SFHWbjINklQ6V1Otskn3l7z8d7TP,YG-09551,YG09551,YATO GASTRO,Czesci_zamienne_YG-09551.pdf,Czesci_zamienne_YG-09551.pdf,Rysunki wybuchowe,https://drive.google.com/file/d/1vln1SFHWbjINklQ6V1Otskn3l7z8d7TP/view?usp=drivesdk,https://drive.google.com/uc?export=download&id=1vln1SFHWbjINklQ6V1Otskn3l7z8d7TP,OK,confirmed_or_hard_rule,confirmed,YG-09551,OK
1F2oTq-ZZ5SQvvphy2CXMGWagATHhq9BH,YG-10010,YG10010,YATO GASTRO,Czesci_zamienne_YG-10010.pdf,Czesci_zamienne_YG-10010.pdf,Rysunki wybuchowe,https://drive.google.com/file/d/1F2oTq-ZZ5SQvvphy2CXMGWagATHhq9BH/view?usp=drivesdk,https://drive.google.com/uc?export=download&id=1F2oTq-ZZ5SQvvphy2CXMGWagATHhq9BH,OK,confirmed_or_hard_rule,confirmed,YG-10010,OK
14PhaednSYiWaZoGTQteVzCawDeGoOAOf,YG-20001,YG20001,YATO GASTRO,Czesci_zamienne_YG-20001.pdf,Czesci_zamienne_YG-20001.pdf,Rysunki wybuchowe,https://drive.google.com/file/d/14PhaednSYiWaZoGTQteVzCawDeGoOAOf/view?usp=drivesdk,https://drive.google.com/uc?export=download&id=14PhaednSYiWaZoGTQteVzCawDeGoOAOf,OK,confirmed_or_hard_rule,confirmed,YG-20001,OK
1m7G6GjcBY67IHZPqIxbiAqrauZOSIPpB,YG-20002,YG20002,YATO GASTRO,Czesci_zamienne_YG-20002.pdf,Czesci_zamienne_YG-20002.pdf,Rysunki wybuchowe,https://drive.google.com/file/d/1m7G6GjcBY67IHZPqIxbiAqrauZOSIPpB/view?usp=drivesdk,https://drive.google.com/uc?export=download&id=1m7G6GjcBY67IHZPqIxbiAqrauZOSIPpB,OK,confirmed_or_hard_rule,confirmed,YG-20002,OK
1Jv55j9GsZgJV7zojhtWS1zEkvcxw1TlH,YG-20011,YG20011,YATO GASTRO,Czesci_zamienne_YG-20011.pdf,Czesci_zamienne_YG-20011.pdf,Rysunki wybuchowe,https://drive.google.com/file/d/1Jv55j9GsZgJV7zojhtWS1zEkvcxw1TlH/view?usp=drivesdk,https://drive.google.com/uc?export=download&id=1Jv55j9GsZgJV7zojhtWS1zEkvcxw1TlH,OK,confirmed_or_hard_rule,confirmed,YG-20011,OK
1GIGIVwluhU0Wc07yslDirz-bN6JVxqvz,YG-20012,YG20012,YATO GASTRO,Czesci_zamienne_YG-20012.pdf,Czesci_zamienne_YG-20012.pdf,Rysunki wybuchowe,https://drive.google.com/file/d/1GIGIVwluhU0Wc07yslDirz-bN6JVxqvz/view?usp=drivesdk,https://drive.google.com/uc?export=download&id=1GIGIVwluhU0Wc07yslDirz-bN6JVxqvz,OK,confirmed_or_hard_rule,confirmed,YG-20012,OK
1asvvs4vC_kb2oPo5CysbOlZJp0PY7nVy,YG-20013,YG20013,YATO GASTRO,Czesci_zamienne_YG-20013.pdf,Czesci_zamienne_YG-20013.pdf,Rysunki wybuchowe,https://drive.google.com/file/d/1asvvs4vC_kb2oPo5CysbOlZJp0PY7nVy/view?usp=drivesdk,https://drive.google.com/uc?export=download&id=1asvvs4vC_kb2oPo5CysbOlZJp0PY7nVy,OK,confirmed_or_hard_rule,confirmed,YG-20013,OK
14-QFjmLNV7f7z2QnIPgn5Dtemm3dKC0s,YG-20015,YG20015,YATO GASTRO,Czesci_zamienne_YG-20015.pdf,Czesci_zamienne_YG-20015.pdf,Rysunki wybuchowe,https://drive.google.com/file/d/14-QFjmLNV7f7z2QnIPgn5Dtemm3dKC0s/view?usp=drivesdk,https://drive.google.com/uc?export=download&id=14-QFjmLNV7f7z2QnIPgn5Dtemm3dKC0s,OK,confirmed_or_hard_rule,confirmed,YG-20015,OK
1Rwmnol43o00lBqfE2FD0wHw3qefp6MPB,YG-20016,YG20016,YATO GASTRO,Czesci_zamienne_YG-20016.pdf,Czesci_zamienne_YG-20016.pdf,Rysunki wybuchowe,https://drive.google.com/file/d/1Rwmnol43o00lBqfE2FD0wHw3qefp6MPB/view?usp=drivesdk,https://drive.google.com/uc?export=download&id=1Rwmnol43o00lBqfE2FD0wHw3qefp6MPB,OK,confirmed_or_hard_rule,confirmed,YG-20016,OK
1gR5FzRzVQXpeyMpQSxcxK2bXonn3DM6N,YG-20102,YG20102,YATO GASTRO,Czesci_zamienne_YG-20102.pdf,Czesci_zamienne_YG-20102.pdf,Rysunki wybuchowe,https://drive.google.com/file/d/1gR5FzRzVQXpeyMpQSxcxK2bXonn3DM6N/view?usp=drivesdk,https://drive.google.com/uc?export=download&id=1gR5FzRzVQXpeyMpQSxcxK2bXonn3DM6N,OK,confirmed_or_hard_rule,confirmed,YG-20102,OK
1Dv-ijWfh2PEOol1EkaLvFYbrVGo1Pnk5,YG-20106,YG20106,YATO GASTRO,Czesci_zamienne_YG-20106.pdf,Czesci_zamienne_YG-20106.pdf,Rysunki wybuchowe,https://drive.google.com/file/d/1Dv-ijWfh2PEOol1EkaLvFYbrVGo1Pnk5/view?usp=drivesdk,https://drive.google.com/uc?export=download&id=1Dv-ijWfh2PEOol1EkaLvFYbrVGo1Pnk5,OK,confirmed_or_hard_rule,confirmed,YG-20106,OK
1xbzS13WgdPQQ382NIxVKciOeKoLPZDpL,75662,75662,FALA,Czesci_zamienne_75662.pdf,Czesci_zamienne_75662.pdf,Rysunki wybuchowe,https://drive.google.com/file/d/1xbzS13WgdPQQ382NIxVKciOeKoLPZDpL/view?usp=drivesdk,https://drive.google.com/uc?export=download&id=1xbzS13WgdPQQ382NIxVKciOeKoLPZDpL,OK,guessed_needs_confirmation,guessed_high,75662,sprawdzić markę
1Vs3egicm34qyI6aTOyXTiQteDD3f4eTj,75663,75663,FALA,Czesci_zamienne_75663.pdf,Czesci_zamienne_75663.pdf,Rysunki wybuchowe,https://drive.google.com/file/d/1Vs3egicm34qyI6aTOyXTiQteDD3f4eTj/view?usp=drivesdk,https://drive.google.com/uc?export=download&id=1Vs3egicm34qyI6aTOyXTiQteDD3f4eTj,OK,guessed_needs_confirmation,guessed_high,75663,sprawdzić markę
1WRnfeVYvdT3Ay-lzbOTkHDx8TCefyFCH,75664,75664,FALA,Czesci_zamienne_75664.pdf,Czesci_zamienne_75664.pdf,Rysunki wybuchowe,https://drive.google.com/file/d/1WRnfeVYvdT3Ay-lzbOTkHDx8TCefyFCH/view?usp=drivesdk,https://drive.google.com/uc?export=download&id=1WRnfeVYvdT3Ay-lzbOTkHDx8TCefyFCH,OK,guessed_needs_confirmation,guessed_high,75664,sprawdzić markę
1uYxQIVxJFzeG-ZqK6qTl_iPsJWsjwOzp,75665,75665,FALA,Czesci_zamienne_75665.pdf,Czesci_zamienne_75665.pdf,Rysunki wybuchowe,https://drive.google.com/file/d/1uYxQIVxJFzeG-ZqK6qTl_iPsJWsjwOzp/view?usp=drivesdk,https://drive.google.com/uc?export=download&id=1uYxQIVxJFzeG-ZqK6qTl_iPsJWsjwOzp,OK,guessed_needs_confirmation,guessed_high,75665,sprawdzić markę
10b1DAA8RQ7OCm3a36ozXBPLALcDKJTJD,75670,75670,FALA,Czesci_zamienne_75670.pdf,Czesci_zamienne_75670.pdf,Rysunki wybuchowe,https://drive.google.com/file/d/10b1DAA8RQ7OCm3a36ozXBPLALcDKJTJD/view?usp=drivesdk,https://drive.google.com/uc?export=download&id=10b1DAA8RQ7OCm3a36ozXBPLALcDKJTJD,OK,guessed_needs_confirmation,guessed_high,75670,sprawdzić markę
1eICZCIDLrPCM2IgfbnZ6fQySAv5_lWZU,75671,75671,FALA,Czesci_zamienne_75671.pdf,Czesci_zamienne_75671.pdf,Rysunki wybuchowe,https://drive.google.com/file/d/1eICZCIDLrPCM2IgfbnZ6fQySAv5_lWZU/view?usp=drivesdk,https://drive.google.com/uc?export=download&id=1eICZCIDLrPCM2IgfbnZ6fQySAv5_lWZU,OK,guessed_needs_confirmation,guessed_high,75671,sprawdzić markę
1wRcGUEP00VZxHb472q2k9ntkUNOAN6Sx,75672,75672,FALA,Czesci_zamienne_75672.pdf,Czesci_zamienne_75672.pdf,Rysunki wybuchowe,https://drive.google.com/file/d/1wRcGUEP00VZxHb472q2k9ntkUNOAN6Sx/view?usp=drivesdk,https://drive.google.com/uc?export=download&id=1wRcGUEP00VZxHb472q2k9ntkUNOAN6Sx,OK,guessed_needs_confirmation,guessed_high,75672,sprawdzić markę
1H3Eha9O7CA2fDXMvYNYNgQZSIcosCMaH,75673,75673,FALA,Czesci_zamienne_75673.pdf,Czesci_zamienne_75673.pdf,Rysunki wybuchowe,https://drive.google.com/file/d/1H3Eha9O7CA2fDXMvYNYNgQZSIcosCMaH/view?usp=drivesdk,https://drive.google.com/uc?export=download&id=1H3Eha9O7CA2fDXMvYNYNgQZSIcosCMaH,OK,guessed_needs_confirmation,guessed_high,75673,sprawdzić markę
1FOvabGctbkX0dP3-2CdkA4zINFfYfuy2,75674,75674,FALA,Czesci_zamienne_75674.pdf,Czesci_zamienne_75674.pdf,Rysunki wybuchowe,https://drive.google.com/file/d/1FOvabGctbkX0dP3-2CdkA4zINFfYfuy2/view?usp=drivesdk,https://drive.google.com/uc?export=download&id=1FOvabGctbkX0dP3-2CdkA4zINFfYfuy2,OK,guessed_needs_confirmation,guessed_high,75674,sprawdzić markę
1QfDXIFrDIXepCPLsiKVBbymrQBWpc_LP,75685,75685,FALA,Czesci_zamienne_75685.pdf,Czesci_zamienne_75685.pdf,Rysunki wybuchowe,https://drive.google.com/file/d/1QfDXIFrDIXepCPLsiKVBbymrQBWpc_LP/view?usp=drivesdk,https://drive.google.com/uc?export=download&id=1QfDXIFrDIXepCPLsiKVBbymrQBWpc_LP,OK,guessed_needs_confirmation,guessed_high,75685,sprawdzić markę
1XamBtsgxYtjm5t5Cx0AJRUr7abvoWoHY,75686,75686,FALA,Czesci_zamienne_75686.pdf,Czesci_zamienne_75686.pdf,Rysunki wybuchowe,https://drive.google.com/file/d/1XamBtsgxYtjm5t5Cx0AJRUr7abvoWoHY/view?usp=drivesdk,https://drive.google.com/uc?export=download&id=1XamBtsgxYtjm5t5Cx0AJRUr7abvoWoHY,OK,guessed_needs_confirmation,guessed_high,75686,sprawdzić markę
10OMBbfAOma7h9P-UWbQreCf0N2JbFtBt,75687,75687,FALA,Czesci_zamienne_75687.pdf,Czesci_zamienne_75687.pdf,Rysunki wybuchowe,https://drive.google.com/file/d/10OMBbfAOma7h9P-UWbQreCf0N2JbFtBt/view?usp=drivesdk,https://drive.google.com/uc?export=download&id=10OMBbfAOma7h9P-UWbQreCf0N2JbFtBt,OK,guessed_needs_confirmation,guessed_high,75687,sprawdzić markę
1csjAhMRm3xQsfESi8bopwwizy5ky5QXS,75688,75688,FALA,Czesci_zamienne_75688.pdf,Czesci_zamienne_75688.pdf,Rysunki wybuchowe,https://drive.google.com/file/d/1csjAhMRm3xQsfESi8bopwwizy5ky5QXS/view?usp=drivesdk,https://drive.google.com/uc?export=download&id=1csjAhMRm3xQsfESi8bopwwizy5ky5QXS,OK,guessed_needs_confirmation,guessed_high,75688,sprawdzić markę
1O7K5qMCOH3J7Gau2KaZN9sEbhFK4sERj,75689,75689,FALA,Czesci_zamienne_75689.pdf,Czesci_zamienne_75689.pdf,Rysunki wybuchowe,https://drive.google.com/file/d/1O7K5qMCOH3J7Gau2KaZN9sEbhFK4sERj/view?usp=drivesdk,https://drive.google.com/uc?export=download&id=1O7K5qMCOH3J7Gau2KaZN9sEbhFK4sERj,OK,guessed_needs_confirmation,guessed_high,75689,sprawdzić markę
1cX9xHSMf8DCGNcuuAllMrYKct95kpSVL,75705-75706-75707-75708-75709-75710-75711-75712,7570575706757077570875709757107571175712,FALA,Czesci_zamienne_75705_75706_75707_75708_75709_75710_75711_75712.pdf,Czesci_zamienne_75705_75706_75707_75708_75709_75710_75711_75712.pdf,Rysunki wybuchowe,https://drive.google.com/file/d/1cX9xHSMf8DCGNcuuAllMrYKct95kpSVL/view?usp=drivesdk,https://drive.google.com/uc?export=download&id=1cX9xHSMf8DCGNcuuAllMrYKct95kpSVL,OK,guessed_needs_confirmation,guessed_high,75705-75706-75707-75708-75709-75710-75711-75712,sprawdzić markę
12ZfCnlOFsSR3K9__DWmsuLGMHszxBEAW,75716,75716,FALA,Czesci_zamienne_75716.pdf,Czesci_zamienne_75716.pdf,Rysunki wybuchowe,https://drive.google.com/file/d/12ZfCnlOFsSR3K9__DWmsuLGMHszxBEAW/view?usp=drivesdk,https://drive.google.com/uc?export=download&id=12ZfCnlOFsSR3K9__DWmsuLGMHszxBEAW,OK,guessed_needs_confirmation,guessed_high,75716,sprawdzić markę
1L9FkzWPSBvzxiAUSTZHC9Eapk26a2miN,75719,75719,FALA,Czesci_zamienne_75719.pdf,Czesci_zamienne_75719.pdf,Rysunki wybuchowe,https://drive.google.com/file/d/1L9FkzWPSBvzxiAUSTZHC9Eapk26a2miN/view?usp=drivesdk,https://drive.google.com/uc?export=download&id=1L9FkzWPSBvzxiAUSTZHC9Eapk26a2miN,OK,guessed_needs_confirmation,guessed_high,75719,sprawdzić markę
19AJAphYV9BivM2RUauku2GS5mX5GPDTt,75740,75740,FALA,Czesci_zamienne_75740.pdf,Czesci_zamienne_75740.pdf,Rysunki wybuchowe,https://drive.google.com/file/d/19AJAphYV9BivM2RUauku2GS5mX5GPDTt/view?usp=drivesdk,https://drive.google.com/uc?export=download&id=19AJAphYV9BivM2RUauku2GS5mX5GPDTt,OK,guessed_needs_confirmation,guessed_high,75740,sprawdzić markę
1SWK2BnSeQ8APCVmk73oIPphY1CZc1V6R,75742,75742,FALA,Czesci_zamienne_75742.pdf,Czesci_zamienne_75742.pdf,Rysunki wybuchowe,https://drive.google.com/file/d/1SWK2BnSeQ8APCVmk73oIPphY1CZc1V6R/view?usp=drivesdk,https://drive.google.com/uc?export=download&id=1SWK2BnSeQ8APCVmk73oIPphY1CZc1V6R,OK,guessed_needs_confirmation,guessed_high,75742,sprawdzić markę
1pNH5Vxv2qklNhMaIeXI4gpu1i8yJqJ3n,75743,75743,FALA,Czesci_zamienne_75743.pdf,Czesci_zamienne_75743.pdf,Rysunki wybuchowe,https://drive.google.com/file/d/1pNH5Vxv2qklNhMaIeXI4gpu1i8yJqJ3n/view?usp=drivesdk,https://drive.google.com/uc?export=download&id=1pNH5Vxv2qklNhMaIeXI4gpu1i8yJqJ3n,OK,guessed_needs_confirmation,guessed_high,75743,sprawdzić markę
1PCqSj9PR2uGZF7098KAlaR2OeHlN0aR9,75745,75745,FALA,Czesci_zamienne_75745.pdf,Czesci_zamienne_75745.pdf,Rysunki wybuchowe,https://drive.google.com/file/d/1PCqSj9PR2uGZF7098KAlaR2OeHlN0aR9/view?usp=drivesdk,https://drive.google.com/uc?export=download&id=1PCqSj9PR2uGZF7098KAlaR2OeHlN0aR9,OK,guessed_needs_confirmation,guessed_high,75745,sprawdzić markę
1TteOO7b_10w22N0E_6-3cAKnvdoXmCNO,75747,75747,FALA,Czesci_zamienne_75747.pdf,Czesci_zamienne_75747.pdf,Rysunki wybuchowe,https://drive.google.com/file/d/1TteOO7b_10w22N0E_6-3cAKnvdoXmCNO/view?usp=drivesdk,https://drive.google.com/uc?export=download&id=1TteOO7b_10w22N0E_6-3cAKnvdoXmCNO,OK,guessed_needs_confirmation,guessed_high,75747,sprawdzić markę
1NSag2JaycT4tP0bzVrHJmzlgwRtu6s42,75748,75748,FALA,Czesci_zamienne_75748.pdf,Czesci_zamienne_75748.pdf,Rysunki wybuchowe,https://drive.google.com/file/d/1NSag2JaycT4tP0bzVrHJmzlgwRtu6s42/view?usp=drivesdk,https://drive.google.com/uc?export=download&id=1NSag2JaycT4tP0bzVrHJmzlgwRtu6s42,OK,guessed_needs_confirmation,guessed_high,75748,sprawdzić markę
1c_Tsqg-_kdId9rskUBfCoQ6KZ1z5Zvm4,75749,75749,FALA,Czesci_zamienne_75749.pdf,Czesci_zamienne_75749.pdf,Rysunki wybuchowe,https://drive.google.com/file/d/1c_Tsqg-_kdId9rskUBfCoQ6KZ1z5Zvm4/view?usp=drivesdk,https://drive.google.com/uc?export=download&id=1c_Tsqg-_kdId9rskUBfCoQ6KZ1z5Zvm4,OK,guessed_needs_confirmation,guessed_high,75749,sprawdzić markę
1COJxn5Uwlee9Qayn-IOVv2Ds-SIgKWXs,75760,75760,FALA,Czesci_zamienne_75760.pdf,Czesci_zamienne_75760.pdf,Rysunki wybuchowe,https://drive.google.com/file/d/1COJxn5Uwlee9Qayn-IOVv2Ds-SIgKWXs/view?usp=drivesdk,https://drive.google.com/uc?export=download&id=1COJxn5Uwlee9Qayn-IOVv2Ds-SIgKWXs,OK,guessed_needs_confirmation,guessed_high,75760,sprawdzić markę
1IuKH3mWRIIZbWJMwnKelNLyOO7K0syD0,75762,75762,FALA,Czesci_zamienne_75762.pdf,Czesci_zamienne_75762.pdf,Rysunki wybuchowe,https://drive.google.com/file/d/1IuKH3mWRIIZbWJMwnKelNLyOO7K0syD0/view?usp=drivesdk,https://drive.google.com/uc?export=download&id=1IuKH3mWRIIZbWJMwnKelNLyOO7K0syD0,OK,guessed_needs_confirmation,guessed_high,75762,sprawdzić markę
10CB35QwoybNeaXN8iDurLd2-_YQrVpr-,75763,75763,FALA,Czesci_zamienne_75763.pdf,Czesci_zamienne_75763.pdf,Rysunki wybuchowe,https://drive.google.com/file/d/10CB35QwoybNeaXN8iDurLd2-_YQrVpr-/view?usp=drivesdk,https://drive.google.com/uc?export=download&id=10CB35QwoybNeaXN8iDurLd2-_YQrVpr-,OK,guessed_needs_confirmation,guessed_high,75763,sprawdzić markę
1VxQAgl-Mj9LxB-sVesFX8ync3fiaHy8F,75764,75764,FALA,Czesci_zamienne_75764.pdf,Czesci_zamienne_75764.pdf,Rysunki wybuchowe,https://drive.google.com/file/d/1VxQAgl-Mj9LxB-sVesFX8ync3fiaHy8F/view?usp=drivesdk,https://drive.google.com/uc?export=download&id=1VxQAgl-Mj9LxB-sVesFX8ync3fiaHy8F,OK,guessed_needs_confirmation,guessed_high,75764,sprawdzić markę
18dGQA4XoOI6epOO2oVFMMQE8VFLKcx3U,75765,75765,FALA,Czesci_zamienne_75765.pdf,Czesci_zamienne_75765.pdf,Rysunki wybuchowe,https://drive.google.com/file/d/18dGQA4XoOI6epOO2oVFMMQE8VFLKcx3U/view?usp=drivesdk,https://drive.google.com/uc?export=download&id=18dGQA4XoOI6epOO2oVFMMQE8VFLKcx3U,OK,guessed_needs_confirmation,guessed_high,75765,sprawdzić markę
1eCJ8tE_Pgxv-dgrS8RnCNXXa4LMDQH69,75767,75767,FALA,Czesci_zamienne_75767.pdf,Czesci_zamienne_75767.pdf,Rysunki wybuchowe,https://drive.google.com/file/d/1eCJ8tE_Pgxv-dgrS8RnCNXXa4LMDQH69/view?usp=drivesdk,https://drive.google.com/uc?export=download&id=1eCJ8tE_Pgxv-dgrS8RnCNXXa4LMDQH69,OK,guessed_needs_confirmation,guessed_high,75767,sprawdzić markę
1-tRE3E__lYY63j8jepUi8oJp1toIpgdY,75768,75768,FALA,Czesci_zamienne_75768.pdf,Czesci_zamienne_75768.pdf,Rysunki wybuchowe,https://drive.google.com/file/d/1-tRE3E__lYY63j8jepUi8oJp1toIpgdY/view?usp=drivesdk,https://drive.google.com/uc?export=download&id=1-tRE3E__lYY63j8jepUi8oJp1toIpgdY,OK,guessed_needs_confirmation,guessed_high,75768,sprawdzić markę
1-bfT2cMt5mB5SAopXutiEdyod6RfwOp5,75770,75770,FALA,Czesci_zamienne_75770.pdf,Czesci_zamienne_75770.pdf,Rysunki wybuchowe,https://drive.google.com/file/d/1-bfT2cMt5mB5SAopXutiEdyod6RfwOp5/view?usp=drivesdk,https://drive.google.com/uc?export=download&id=1-bfT2cMt5mB5SAopXutiEdyod6RfwOp5,OK,guessed_needs_confirmation,guessed_high,75770,sprawdzić markę
1LidYPtupSaaSRozPBsGA3zCxkhj9caVp,75772,75772,FALA,Czesci_zamienne_75772.pdf,Czesci_zamienne_75772.pdf,Rysunki wybuchowe,https://drive.google.com/file/d/1LidYPtupSaaSRozPBsGA3zCxkhj9caVp/view?usp=drivesdk,https://drive.google.com/uc?export=download&id=1LidYPtupSaaSRozPBsGA3zCxkhj9caVp,OK,guessed_needs_confirmation,guessed_high,75772,sprawdzić markę
1ibGWGSFK8CoZ4DFj4VX3kgQmgIsV1UV7,75773,75773,FALA,Czesci_zamienne_75773.pdf,Czesci_zamienne_75773.pdf,Rysunki wybuchowe,https://drive.google.com/file/d/1ibGWGSFK8CoZ4DFj4VX3kgQmgIsV1UV7/view?usp=drivesdk,https://drive.google.com/uc?export=download&id=1ibGWGSFK8CoZ4DFj4VX3kgQmgIsV1UV7,OK,guessed_needs_confirmation,guessed_high,75773,sprawdzić markę
1aokKE9cAlrGM2K6xIjd32bAb1lzqQkuu,75774,75774,FALA,Czesci_zamienne_75774.pdf,Czesci_zamienne_75774.pdf,Rysunki wybuchowe,https://drive.google.com/file/d/1aokKE9cAlrGM2K6xIjd32bAb1lzqQkuu/view?usp=drivesdk,https://drive.google.com/uc?export=download&id=1aokKE9cAlrGM2K6xIjd32bAb1lzqQkuu,OK,guessed_needs_confirmation,guessed_high,75774,sprawdzić markę
1ppviAx10hZvaHzKwXYejW3EwQ3L-bAUP,75775,75775,FALA,Czesci_zamienne_75775-75779.pdf,Czesci_zamienne_75775-75779.pdf,Rysunki wybuchowe,https://drive.google.com/file/d/1ppviAx10hZvaHzKwXYejW3EwQ3L-bAUP/view?usp=drivesdk,https://drive.google.com/uc?export=download&id=1ppviAx10hZvaHzKwXYejW3EwQ3L-bAUP,OK,guessed_needs_confirmation,guessed_high,75775,sprawdzić markę
1aAFxBmhrc-awSq3JuXmuT2x1NGFiC_MM,75775-75776-75777-75778-75779,7577575776757777577875779,FALA,Czesci_zamienne_75775_75776_75777_75778_75779.pdf,Czesci_zamienne_75775_75776_75777_75778_75779.pdf,Rysunki wybuchowe,https://drive.google.com/file/d/1aAFxBmhrc-awSq3JuXmuT2x1NGFiC_MM/view?usp=drivesdk,https://drive.google.com/uc?export=download&id=1aAFxBmhrc-awSq3JuXmuT2x1NGFiC_MM,OK,guessed_needs_confirmation,guessed_high,75775-75776-75777-75778-75779,sprawdzić markę
1d4BjT_Pl46xLQVQyyzTNzEP7nCeHma0j,75804,75804,FALA,Czesci_zamienne_75804.pdf,Czesci_zamienne_75804.pdf,Rysunki wybuchowe,https://drive.google.com/file/d/1d4BjT_Pl46xLQVQyyzTNzEP7nCeHma0j/view?usp=drivesdk,https://drive.google.com/uc?export=download&id=1d4BjT_Pl46xLQVQyyzTNzEP7nCeHma0j,OK,guessed_needs_confirmation,guessed_high,75804,sprawdzić markę
1H85n3n99OFjdWSYSl-DL5Z6Sv_zpoSXN,75805,75805,FALA,Czesci_zamienne_75805.pdf,Czesci_zamienne_75805.pdf,Rysunki wybuchowe,https://drive.google.com/file/d/1H85n3n99OFjdWSYSl-DL5Z6Sv_zpoSXN/view?usp=drivesdk,https://drive.google.com/uc?export=download&id=1H85n3n99OFjdWSYSl-DL5Z6Sv_zpoSXN,OK,guessed_needs_confirmation,guessed_high,75805,sprawdzić markę
1hCUdqFVU7YHr6cBmJwDuhkA3Jjfe6lNt,75807,75807,FALA,Czesci_zamienne_75807.pdf,Czesci_zamienne_75807.pdf,Rysunki wybuchowe,https://drive.google.com/file/d/1hCUdqFVU7YHr6cBmJwDuhkA3Jjfe6lNt/view?usp=drivesdk,https://drive.google.com/uc?export=download&id=1hCUdqFVU7YHr6cBmJwDuhkA3Jjfe6lNt,OK,guessed_needs_confirmation,guessed_high,75807,sprawdzić markę
1dP1O7v-4Lgkavd5Awuz6xjVbzT7RKtSN,75808,75808,FALA,Czesci_zamienne_75808.pdf,Czesci_zamienne_75808.pdf,Rysunki wybuchowe,https://drive.google.com/file/d/1dP1O7v-4Lgkavd5Awuz6xjVbzT7RKtSN/view?usp=drivesdk,https://drive.google.com/uc?export=download&id=1dP1O7v-4Lgkavd5Awuz6xjVbzT7RKtSN,OK,guessed_needs_confirmation,guessed_high,75808,sprawdzić markę
14c4AXslJoON_jTsRjJ0m_B5PigN0KhdA,75809,75809,FALA,Czesci_zamienne_75809.pdf,Czesci_zamienne_75809.pdf,Rysunki wybuchowe,https://drive.google.com/file/d/14c4AXslJoON_jTsRjJ0m_B5PigN0KhdA/view?usp=drivesdk,https://drive.google.com/uc?export=download&id=14c4AXslJoON_jTsRjJ0m_B5PigN0KhdA,OK,guessed_needs_confirmation,guessed_high,75809,sprawdzić markę
1l04DTDBs9Oy8NgK17ouhWsc8imky_OoJ,75811,75811,FALA,Czesci_zamienne_75811.pdf,Czesci_zamienne_75811.pdf,Rysunki wybuchowe,https://drive.google.com/file/d/1l04DTDBs9Oy8NgK17ouhWsc8imky_OoJ/view?usp=drivesdk,https://drive.google.com/uc?export=download&id=1l04DTDBs9Oy8NgK17ouhWsc8imky_OoJ,OK,guessed_needs_confirmation,guessed_high,75811,sprawdzić markę
1_nV_pyPxAZiKYD8JUTYU8GzdL9qbEK-Z,75812,75812,FALA,Czesci_zamienne_75812.pdf,Czesci_zamienne_75812.pdf,Rysunki wybuchowe,https://drive.google.com/file/d/1_nV_pyPxAZiKYD8JUTYU8GzdL9qbEK-Z/view?usp=drivesdk,https://drive.google.com/uc?export=download&id=1_nV_pyPxAZiKYD8JUTYU8GzdL9qbEK-Z,OK,guessed_needs_confirmation,guessed_high,75812,sprawdzić markę
1Ks9Gfvi8YKwGz14f3ldTbhSxhG86F-Be,75813,75813,FALA,Czesci_zamienne_75813.pdf,Czesci_zamienne_75813.pdf,Rysunki wybuchowe,https://drive.google.com/file/d/1Ks9Gfvi8YKwGz14f3ldTbhSxhG86F-Be/view?usp=drivesdk,https://drive.google.com/uc?export=download&id=1Ks9Gfvi8YKwGz14f3ldTbhSxhG86F-Be,OK,guessed_needs_confirmation,guessed_high,75813,sprawdzić markę
1uiBlqI06lctCmOfZxRDMf2rKqoddKnTK,75814,75814,FALA,Czesci_zamienne_75814.pdf,Czesci_zamienne_75814.pdf,Rysunki wybuchowe,https://drive.google.com/file/d/1uiBlqI06lctCmOfZxRDMf2rKqoddKnTK/view?usp=drivesdk,https://drive.google.com/uc?export=download&id=1uiBlqI06lctCmOfZxRDMf2rKqoddKnTK,OK,guessed_needs_confirmation,guessed_high,75814,sprawdzić markę
1QWOItK6-tSyKpi3OhSwlX8k9j3o4IpLV,75815,75815,FALA,Czesci_zamienne_75815.pdf,Czesci_zamienne_75815.pdf,Rysunki wybuchowe,https://drive.google.com/file/d/1QWOItK6-tSyKpi3OhSwlX8k9j3o4IpLV/view?usp=drivesdk,https://drive.google.com/uc?export=download&id=1QWOItK6-tSyKpi3OhSwlX8k9j3o4IpLV,OK,guessed_needs_confirmation,guessed_high,75815,sprawdzić markę
1YYn2nLT_xmY84zQGscZUZmEPi92I9NWG,75816,75816,FALA,Czesci_zamienne_75816.pdf,Czesci_zamienne_75816.pdf,Rysunki wybuchowe,https://drive.google.com/file/d/1YYn2nLT_xmY84zQGscZUZmEPi92I9NWG/view?usp=drivesdk,https://drive.google.com/uc?export=download&id=1YYn2nLT_xmY84zQGscZUZmEPi92I9NWG,OK,guessed_needs_confirmation,guessed_high,75816,sprawdzić markę
1YxI4hnYD1i8IE96ubCwVvrIBRPwjTbpr,75817,75817,FALA,Czesci_zamienne_75817.pdf,Czesci_zamienne_75817.pdf,Rysunki wybuchowe,https://drive.google.com/file/d/1YxI4hnYD1i8IE96ubCwVvrIBRPwjTbpr/view?usp=drivesdk,https://drive.google.com/uc?export=download&id=1YxI4hnYD1i8IE96ubCwVvrIBRPwjTbpr,OK,guessed_needs_confirmation,guessed_high,75817,sprawdzić markę
1izV2ghkvoBoxZ2mRbLuXyQXCKBx13-ot,75818,75818,FALA,Czesci_zamienne_75818.pdf,Czesci_zamienne_75818.pdf,Rysunki wybuchowe,https://drive.google.com/file/d/1izV2ghkvoBoxZ2mRbLuXyQXCKBx13-ot/view?usp=drivesdk,https://drive.google.com/uc?export=download&id=1izV2ghkvoBoxZ2mRbLuXyQXCKBx13-ot,OK,guessed_needs_confirmation,guessed_high,75818,sprawdzić markę
1vJv9U7m1xYJloCN0jiS-qaXRI1MAxiLZ,75827,75827,FALA,Czesci_zamienne_75827.pdf,Czesci_zamienne_75827.pdf,Rysunki wybuchowe,https://drive.google.com/file/d/1vJv9U7m1xYJloCN0jiS-qaXRI1MAxiLZ/view?usp=drivesdk,https://drive.google.com/uc?export=download&id=1vJv9U7m1xYJloCN0jiS-qaXRI1MAxiLZ,OK,guessed_needs_confirmation,guessed_high,75827,sprawdzić markę
17fYcu__baVBp8tGHsMVpc43PyAX6orYB,75828,75828,FALA,Czesci_zamienne_75828.pdf,Czesci_zamienne_75828.pdf,Rysunki wybuchowe,https://drive.google.com/file/d/17fYcu__baVBp8tGHsMVpc43PyAX6orYB/view?usp=drivesdk,https://drive.google.com/uc?export=download&id=17fYcu__baVBp8tGHsMVpc43PyAX6orYB,OK,guessed_needs_confirmation,guessed_high,75828,sprawdzić markę
1zmgizZIORzkAnyF5OQt-A8Qy4q_ssegu,75829,75829,FALA,Czesci_zamienne_75829.pdf,Czesci_zamienne_75829.pdf,Rysunki wybuchowe,https://drive.google.com/file/d/1zmgizZIORzkAnyF5OQt-A8Qy4q_ssegu/view?usp=drivesdk,https://drive.google.com/uc?export=download&id=1zmgizZIORzkAnyF5OQt-A8Qy4q_ssegu,OK,guessed_needs_confirmation,guessed_high,75829,sprawdzić markę
1newCoMdBZmrQUlpGw5eZEnKxLDv3Aeh4,75830,75830,FALA,Czesci_zamienne_75830.pdf,Czesci_zamienne_75830.pdf,Rysunki wybuchowe,https://drive.google.com/file/d/1newCoMdBZmrQUlpGw5eZEnKxLDv3Aeh4/view?usp=drivesdk,https://drive.google.com/uc?export=download&id=1newCoMdBZmrQUlpGw5eZEnKxLDv3Aeh4,OK,guessed_needs_confirmation,guessed_high,75830,sprawdzić markę
1yTSq37PYkwkJxHlhNiSJRYI6GsiGWxV9,75831,75831,FALA,Czesci_zamienne_75831.pdf,Czesci_zamienne_75831.pdf,Rysunki wybuchowe,https://drive.google.com/file/d/1yTSq37PYkwkJxHlhNiSJRYI6GsiGWxV9/view?usp=drivesdk,https://drive.google.com/uc?export=download&id=1yTSq37PYkwkJxHlhNiSJRYI6GsiGWxV9,OK,guessed_needs_confirmation,guessed_high,75831,sprawdzić markę
1EhYjclxsVdOBFQfUAuf4QreVbt79lbpR,75832,75832,FALA,Czesci_zamienne_75832.pdf,Czesci_zamienne_75832.pdf,Rysunki wybuchowe,https://drive.google.com/file/d/1EhYjclxsVdOBFQfUAuf4QreVbt79lbpR/view?usp=drivesdk,https://drive.google.com/uc?export=download&id=1EhYjclxsVdOBFQfUAuf4QreVbt79lbpR,OK,guessed_needs_confirmation,guessed_high,75832,sprawdzić markę
1GXJ4X72PTKnpwl7QPo6G05CoVsfpjUSn,75833,75833,FALA,Czesci_zamienne_75833.pdf,Czesci_zamienne_75833.pdf,Rysunki wybuchowe,https://drive.google.com/file/d/1GXJ4X72PTKnpwl7QPo6G05CoVsfpjUSn/view?usp=drivesdk,https://drive.google.com/uc?export=download&id=1GXJ4X72PTKnpwl7QPo6G05CoVsfpjUSn,OK,guessed_needs_confirmation,guessed_high,75833,sprawdzić markę
1zOK_-D63OHrWQYU1TYt-Y2fF8SuRQDXs,75835,75835,FALA,Czesci_zamienne_75835.pdf,Czesci_zamienne_75835.pdf,Rysunki wybuchowe,https://drive.google.com/file/d/1zOK_-D63OHrWQYU1TYt-Y2fF8SuRQDXs/view?usp=drivesdk,https://drive.google.com/uc?export=download&id=1zOK_-D63OHrWQYU1TYt-Y2fF8SuRQDXs,OK,guessed_needs_confirmation,guessed_high,75835,sprawdzić markę
1k-roMI2_L5u5_-RvRzehQWyC7NY-COK-,75836,75836,FALA,Czesci_zamienne_75836.pdf,Czesci_zamienne_75836.pdf,Rysunki wybuchowe,https://drive.google.com/file/d/1k-roMI2_L5u5_-RvRzehQWyC7NY-COK-/view?usp=drivesdk,https://drive.google.com/uc?export=download&id=1k-roMI2_L5u5_-RvRzehQWyC7NY-COK-,OK,guessed_needs_confirmation,guessed_high,75836,sprawdzić markę
1yPUxNabt1H7E661BzB8CbXwPSM4HXXVI,75837,75837,FALA,Czesci_zamienne_75837.pdf,Czesci_zamienne_75837.pdf,Rysunki wybuchowe,https://drive.google.com/file/d/1yPUxNabt1H7E661BzB8CbXwPSM4HXXVI/view?usp=drivesdk,https://drive.google.com/uc?export=download&id=1yPUxNabt1H7E661BzB8CbXwPSM4HXXVI,OK,guessed_needs_confirmation,guessed_high,75837,sprawdzić markę
1ZUKNdvyd79bsJVn3FjKH-vyyjv3JHIke,75838,75838,FALA,Czesci_zamienne_75838.pdf,Czesci_zamienne_75838.pdf,Rysunki wybuchowe,https://drive.google.com/file/d/1ZUKNdvyd79bsJVn3FjKH-vyyjv3JHIke/view?usp=drivesdk,https://drive.google.com/uc?export=download&id=1ZUKNdvyd79bsJVn3FjKH-vyyjv3JHIke,OK,guessed_needs_confirmation,guessed_high,75838,sprawdzić markę
1aaO0uL4l7lvhUqxVOmOzlUGjek9UAUkq,75880,75880,FALA,Czesci_zamienne_75880.pdf,Czesci_zamienne_75880.pdf,Rysunki wybuchowe,https://drive.google.com/file/d/1aaO0uL4l7lvhUqxVOmOzlUGjek9UAUkq/view?usp=drivesdk,https://drive.google.com/uc?export=download&id=1aaO0uL4l7lvhUqxVOmOzlUGjek9UAUkq,OK,guessed_needs_confirmation,guessed_high,75880,sprawdzić markę
1joI4tDAG0mjj41fxiy3tzqpSa8oEyjbo,75881,75881,FALA,Czesci_zamienne_75881.pdf,Czesci_zamienne_75881.pdf,Rysunki wybuchowe,https://drive.google.com/file/d/1joI4tDAG0mjj41fxiy3tzqpSa8oEyjbo/view?usp=drivesdk,https://drive.google.com/uc?export=download&id=1joI4tDAG0mjj41fxiy3tzqpSa8oEyjbo,OK,guessed_needs_confirmation,guessed_high,75881,sprawdzić markę
1QP3mA1uoZfC2uVFJ6FpAzZduRtGlHsIi,75882,75882,FALA,Czesci_zamienne_75882.pdf,Czesci_zamienne_75882.pdf,Rysunki wybuchowe,https://drive.google.com/file/d/1QP3mA1uoZfC2uVFJ6FpAzZduRtGlHsIi/view?usp=drivesdk,https://drive.google.com/uc?export=download&id=1QP3mA1uoZfC2uVFJ6FpAzZduRtGlHsIi,OK,guessed_needs_confirmation,guessed_high,75882,sprawdzić markę
1KA5DSlZr-TD32yOGzan8lHwSffKX550-,75883,75883,FALA,Czesci_zamienne_75883.pdf,Czesci_zamienne_75883.pdf,Rysunki wybuchowe,https://drive.google.com/file/d/1KA5DSlZr-TD32yOGzan8lHwSffKX550-/view?usp=drivesdk,https://drive.google.com/uc?export=download&id=1KA5DSlZr-TD32yOGzan8lHwSffKX550-,OK,guessed_needs_confirmation,guessed_high,75883,sprawdzić markę
1C81oi0Ye_V1DPPSgPhRBNmKyxcNmxaZ-,75884,75884,FALA,Czesci_zamienne_75884.pdf,Czesci_zamienne_75884.pdf,Rysunki wybuchowe,https://drive.google.com/file/d/1C81oi0Ye_V1DPPSgPhRBNmKyxcNmxaZ-/view?usp=drivesdk,https://drive.google.com/uc?export=download&id=1C81oi0Ye_V1DPPSgPhRBNmKyxcNmxaZ-,OK,guessed_needs_confirmation,guessed_high,75884,sprawdzić markę
1EsSfMxgr4aqdMsUYriIbPP-unZM-LU5Y,75885,75885,FALA,Czesci_zamienne_75885.pdf,Czesci_zamienne_75885.pdf,Rysunki wybuchowe,https://drive.google.com/file/d/1EsSfMxgr4aqdMsUYriIbPP-unZM-LU5Y/view?usp=drivesdk,https://drive.google.com/uc?export=download&id=1EsSfMxgr4aqdMsUYriIbPP-unZM-LU5Y,OK,guessed_needs_confirmation,guessed_high,75885,sprawdzić markę
19QiOv-HM9VAx9HgJ-qLKWa56KsBWkV_-,75886,75886,FALA,Czesci_zamienne_75886.pdf,Czesci_zamienne_75886.pdf,Rysunki wybuchowe,https://drive.google.com/file/d/19QiOv-HM9VAx9HgJ-qLKWa56KsBWkV_-/view?usp=drivesdk,https://drive.google.com/uc?export=download&id=19QiOv-HM9VAx9HgJ-qLKWa56KsBWkV_-,OK,guessed_needs_confirmation,guessed_high,75886,sprawdzić markę
10d7gCUFSAx0HaQWB6ZK7y0Vbh8Nt_cvk,75887,75887,FALA,Czesci_zamienne_75887.pdf,Czesci_zamienne_75887.pdf,Rysunki wybuchowe,https://drive.google.com/file/d/10d7gCUFSAx0HaQWB6ZK7y0Vbh8Nt_cvk/view?usp=drivesdk,https://drive.google.com/uc?export=download&id=10d7gCUFSAx0HaQWB6ZK7y0Vbh8Nt_cvk,OK,guessed_needs_confirmation,guessed_high,75887,sprawdzić markę
1HNCC3K1i1iWiN8Q2LXN51NAY-hOQbwhO,75888,75888,FALA,Czesci_zamienne_75888.pdf,Czesci_zamienne_75888.pdf,Rysunki wybuchowe,https://drive.google.com/file/d/1HNCC3K1i1iWiN8Q2LXN51NAY-hOQbwhO/view?usp=drivesdk,https://drive.google.com/uc?export=download&id=1HNCC3K1i1iWiN8Q2LXN51NAY-hOQbwhO,OK,guessed_needs_confirmation,guessed_high,75888,sprawdzić markę
1JXa-Yiiffya6qMLLLKCYl9cSwH67znDu,75889,75889,FALA,Czesci_zamienne_75889.pdf,Czesci_zamienne_75889.pdf,Rysunki wybuchowe,https://drive.google.com/file/d/1JXa-Yiiffya6qMLLLKCYl9cSwH67znDu/view?usp=drivesdk,https://drive.google.com/uc?export=download&id=1JXa-Yiiffya6qMLLLKCYl9cSwH67znDu,OK,guessed_needs_confirmation,guessed_high,75889,sprawdzić markę
16dzGVHPOkHmwZs2Dm8oQkt1nSURCdjCz,75921,75921,FALA,Czesci_zamienne_75921.pdf,Czesci_zamienne_75921.pdf,Rysunki wybuchowe,https://drive.google.com/file/d/16dzGVHPOkHmwZs2Dm8oQkt1nSURCdjCz/view?usp=drivesdk,https://drive.google.com/uc?export=download&id=16dzGVHPOkHmwZs2Dm8oQkt1nSURCdjCz,OK,guessed_needs_confirmation,guessed_high,75921,sprawdzić markę
1XGxRAgfcL_B70rFUP-Y9yd184t6rG5JD,75923,75923,FALA,Czesci_zamienne_75923.pdf,Czesci_zamienne_75923.pdf,Rysunki wybuchowe,https://drive.google.com/file/d/1XGxRAgfcL_B70rFUP-Y9yd184t6rG5JD/view?usp=drivesdk,https://drive.google.com/uc?export=download&id=1XGxRAgfcL_B70rFUP-Y9yd184t6rG5JD,OK,guessed_needs_confirmation,guessed_high,75923,sprawdzić markę
1TBfmIbFszSwcSdPA09W1F2nwjAV0UDLA,75924,75924,FALA,Czesci_zamienne_75924.pdf,Czesci_zamienne_75924.pdf,Rysunki wybuchowe,https://drive.google.com/file/d/1TBfmIbFszSwcSdPA09W1F2nwjAV0UDLA/view?usp=drivesdk,https://drive.google.com/uc?export=download&id=1TBfmIbFszSwcSdPA09W1F2nwjAV0UDLA,OK,guessed_needs_confirmation,guessed_high,75924,sprawdzić markę
1AP4npSkRky_JVwx1wBwfDv_0eCiGhTyJ,75930,75930,FALA,Czesci_zamienne_75930.pdf,Czesci_zamienne_75930.pdf,Rysunki wybuchowe,https://drive.google.com/file/d/1AP4npSkRky_JVwx1wBwfDv_0eCiGhTyJ/view?usp=drivesdk,https://drive.google.com/uc?export=download&id=1AP4npSkRky_JVwx1wBwfDv_0eCiGhTyJ,OK,guessed_needs_confirmation,guessed_high,75930,sprawdzić markę
1jkVQDeydyzWadcK9kmDajwXleQJilGYR,75931,75931,FALA,Czesci_zamienne_75931.pdf,Czesci_zamienne_75931.pdf,Rysunki wybuchowe,https://drive.google.com/file/d/1jkVQDeydyzWadcK9kmDajwXleQJilGYR/view?usp=drivesdk,https://drive.google.com/uc?export=download&id=1jkVQDeydyzWadcK9kmDajwXleQJilGYR,OK,guessed_needs_confirmation,guessed_high,75931,sprawdzić markę
1-LSCNHPbULJveE20xVQs6jRJBDMoQ_PZ,75932,75932,FALA,Czesci_zamienne_75932.pdf,Czesci_zamienne_75932.pdf,Rysunki wybuchowe,https://drive.google.com/file/d/1-LSCNHPbULJveE20xVQs6jRJBDMoQ_PZ/view?usp=drivesdk,https://drive.google.com/uc?export=download&id=1-LSCNHPbULJveE20xVQs6jRJBDMoQ_PZ,OK,guessed_needs_confirmation,guessed_high,75932,sprawdzić markę
1MBhnW6YSFWfDs5kxVdNY8kBf8YuDjQVL,75944,75944,FALA,Czesci_zamienne_75944.pdf,Czesci_zamienne_75944.pdf,Rysunki wybuchowe,https://drive.google.com/file/d/1MBhnW6YSFWfDs5kxVdNY8kBf8YuDjQVL/view?usp=drivesdk,https://drive.google.com/uc?export=download&id=1MBhnW6YSFWfDs5kxVdNY8kBf8YuDjQVL,OK,guessed_needs_confirmation,guessed_high,75944,sprawdzić markę
1I0HLKhpTaZPp6zMNn5pO_L5FpRJOQM5W,75945,75945,FALA,Czesci_zamienne_75945.pdf,Czesci_zamienne_75945.pdf,Rysunki wybuchowe,https://drive.google.com/file/d/1I0HLKhpTaZPp6zMNn5pO_L5FpRJOQM5W/view?usp=drivesdk,https://drive.google.com/uc?export=download&id=1I0HLKhpTaZPp6zMNn5pO_L5FpRJOQM5W,OK,guessed_needs_confirmation,guessed_high,75945,sprawdzić markę
1FBRE7DNwVfXn0dV2ylpXizpo3DHuQGWi,75951,75951,FALA,Czesci_zamienne_75951.pdf,Czesci_zamienne_75951.pdf,Rysunki wybuchowe,https://drive.google.com/file/d/1FBRE7DNwVfXn0dV2ylpXizpo3DHuQGWi/view?usp=drivesdk,https://drive.google.com/uc?export=download&id=1FBRE7DNwVfXn0dV2ylpXizpo3DHuQGWi,OK,guessed_needs_confirmation,guessed_high,75951,sprawdzić markę
1TD1S3zhWjDbop0H8r7UzhkTczG4TBLE6,75953,75953,FALA,Czesci_zamienne_75953.pdf,Czesci_zamienne_75953.pdf,Rysunki wybuchowe,https://drive.google.com/file/d/1TD1S3zhWjDbop0H8r7UzhkTczG4TBLE6/view?usp=drivesdk,https://drive.google.com/uc?export=download&id=1TD1S3zhWjDbop0H8r7UzhkTczG4TBLE6,OK,guessed_needs_confirmation,guessed_high,75953,sprawdzić markę
1sg5sE6kPcnMQBql3RSsj7zPG5RJqdxvo,75977,75977,FALA,Czesci_zamienne_75977.pdf,Czesci_zamienne_75977.pdf,Rysunki wybuchowe,https://drive.google.com/file/d/1sg5sE6kPcnMQBql3RSsj7zPG5RJqdxvo/view?usp=drivesdk,https://drive.google.com/uc?export=download&id=1sg5sE6kPcnMQBql3RSsj7zPG5RJqdxvo,OK,guessed_needs_confirmation,guessed_high,75977,sprawdzić markę
1Esr5ZwQLA-IV_iyq8CJ9y6LLSQZ9IHxa,75978,75978,FALA,Czesci_zamienne_75978.pdf,Czesci_zamienne_75978.pdf,Rysunki wybuchowe,https://drive.google.com/file/d/1Esr5ZwQLA-IV_iyq8CJ9y6LLSQZ9IHxa/view?usp=drivesdk,https://drive.google.com/uc?export=download&id=1Esr5ZwQLA-IV_iyq8CJ9y6LLSQZ9IHxa,OK,guessed_needs_confirmation,guessed_high,75978,sprawdzić markę
1hfWnQikbWvTZxxBy1OIf3sRadG6bMLD8,75979,75979,FALA,Czesci_zamienne_75979.pdf,Czesci_zamienne_75979.pdf,Rysunki wybuchowe,https://drive.google.com/file/d/1hfWnQikbWvTZxxBy1OIf3sRadG6bMLD8/view?usp=drivesdk,https://drive.google.com/uc?export=download&id=1hfWnQikbWvTZxxBy1OIf3sRadG6bMLD8,OK,guessed_needs_confirmation,guessed_high,75979,sprawdzić markę
1F5L52RpXoxuhyIyZfB-SbWcXQZjPw251,75980,75980,FALA,Czesci_zamienne_75980.pdf,Czesci_zamienne_75980.pdf,Rysunki wybuchowe,https://drive.google.com/file/d/1F5L52RpXoxuhyIyZfB-SbWcXQZjPw251/view?usp=drivesdk,https://drive.google.com/uc?export=download&id=1F5L52RpXoxuhyIyZfB-SbWcXQZjPw251,OK,guessed_needs_confirmation,guessed_high,75980,sprawdzić markę
1u6oTw-alkWrEcsZqOj6o2YDmF95wrDcf,75981,75981,FALA,Czesci_zamienne_75981.pdf,Czesci_zamienne_75981.pdf,Rysunki wybuchowe,https://drive.google.com/file/d/1u6oTw-alkWrEcsZqOj6o2YDmF95wrDcf/view?usp=drivesdk,https://drive.google.com/uc?export=download&id=1u6oTw-alkWrEcsZqOj6o2YDmF95wrDcf,OK,guessed_needs_confirmation,guessed_high,75981,sprawdzić markę
1pHg2aNnZX6tpfhRAHw4vTvHFmxRifYk2,75982,75982,FALA,Czesci_zamienne_75982.pdf,Czesci_zamienne_75982.pdf,Rysunki wybuchowe,https://drive.google.com/file/d/1pHg2aNnZX6tpfhRAHw4vTvHFmxRifYk2/view?usp=drivesdk,https://drive.google.com/uc?export=download&id=1pHg2aNnZX6tpfhRAHw4vTvHFmxRifYk2,OK,guessed_needs_confirmation,guessed_high,75982,sprawdzić markę
1PO9Hyf9MGK0hfUksgqHCo9sTCsiJcId2,75983,75983,FALA,Czesci_zamienne_75983.pdf,Czesci_zamienne_75983.pdf,Rysunki wybuchowe,https://drive.google.com/file/d/1PO9Hyf9MGK0hfUksgqHCo9sTCsiJcId2/view?usp=drivesdk,https://drive.google.com/uc?export=download&id=1PO9Hyf9MGK0hfUksgqHCo9sTCsiJcId2,OK,guessed_needs_confirmation,guessed_high,75983,sprawdzić markę
1ireSF2ZP9l0Qi3u_eiwBNPryUGic1ko7,75984,75984,FALA,Czesci_zamienne_75984.pdf,Czesci_zamienne_75984.pdf,Rysunki wybuchowe,https://drive.google.com/file/d/1ireSF2ZP9l0Qi3u_eiwBNPryUGic1ko7/view?usp=drivesdk,https://drive.google.com/uc?export=download&id=1ireSF2ZP9l0Qi3u_eiwBNPryUGic1ko7,OK,guessed_needs_confirmation,guessed_high,75984,sprawdzić markę
1E9BxLTaqHMDjzqSItlyBAWx4aw1V0w6G,79410,79410,FLO,Czesci_zamienne_79410.pdf,Czesci_zamienne_79410.pdf,Rysunki wybuchowe,https://drive.google.com/file/d/1E9BxLTaqHMDjzqSItlyBAWx4aw1V0w6G/view?usp=drivesdk,https://drive.google.com/uc?export=download&id=1E9BxLTaqHMDjzqSItlyBAWx4aw1V0w6G,OK,guessed_needs_confirmation,guessed_medium,79410,sprawdzić markę
1xrAhK5QF5-YW4eeO9lONU6-Bz2jkrSTW,79413,79413,FLO,Czesci_zamienne_79413.pdf,Czesci_zamienne_79413.pdf,Rysunki wybuchowe,https://drive.google.com/file/d/1xrAhK5QF5-YW4eeO9lONU6-Bz2jkrSTW/view?usp=drivesdk,https://drive.google.com/uc?export=download&id=1xrAhK5QF5-YW4eeO9lONU6-Bz2jkrSTW,OK,guessed_needs_confirmation,guessed_medium,79413,sprawdzić markę
1ULnYr6XzoC6rn3hsBlVH_kHTlJaHQcQV,79415,79415,FLO,Czesci_zamienne_79415.pdf,Czesci_zamienne_79415.pdf,Rysunki wybuchowe,https://drive.google.com/file/d/1ULnYr6XzoC6rn3hsBlVH_kHTlJaHQcQV/view?usp=drivesdk,https://drive.google.com/uc?export=download&id=1ULnYr6XzoC6rn3hsBlVH_kHTlJaHQcQV,OK,guessed_needs_confirmation,guessed_medium,79415,sprawdzić markę
15Fu2WKccqb9BIdekxqzxd0IfhVftSoIn,79416,79416,FLO,Czesci_zamienne_79416.pdf,Czesci_zamienne_79416.pdf,Rysunki wybuchowe,https://drive.google.com/file/d/15Fu2WKccqb9BIdekxqzxd0IfhVftSoIn/view?usp=drivesdk,https://drive.google.com/uc?export=download&id=15Fu2WKccqb9BIdekxqzxd0IfhVftSoIn,OK,guessed_needs_confirmation,guessed_medium,79416,sprawdzić markę
1bQwbvkQve6FX_LGMtnSLASCXOnFdp8PE,79420,79420,FLO,Czesci_zamienne_79420.pdf,Czesci_zamienne_79420.pdf,Rysunki wybuchowe,https://drive.google.com/file/d/1bQwbvkQve6FX_LGMtnSLASCXOnFdp8PE/view?usp=drivesdk,https://drive.google.com/uc?export=download&id=1bQwbvkQve6FX_LGMtnSLASCXOnFdp8PE,OK,guessed_needs_confirmation,guessed_medium,79420,sprawdzić markę
1Cp5EHgyph5M7lP2NUrrAPUYOSVLyGDc-,79442,79442,FLO,Czesci_zamienne_79442.pdf,Czesci_zamienne_79442.pdf,Rysunki wybuchowe,https://drive.google.com/file/d/1Cp5EHgyph5M7lP2NUrrAPUYOSVLyGDc-/view?usp=drivesdk,https://drive.google.com/uc?export=download&id=1Cp5EHgyph5M7lP2NUrrAPUYOSVLyGDc-,OK,guessed_needs_confirmation,guessed_medium,79442,sprawdzić markę
1CxogqD5EF7cbK9U3UHP8CS2eK0C5doOH,79448,79448,FLO,Czesci_zamienne_79448.pdf,Czesci_zamienne_79448.pdf,Rysunki wybuchowe,https://drive.google.com/file/d/1CxogqD5EF7cbK9U3UHP8CS2eK0C5doOH/view?usp=drivesdk,https://drive.google.com/uc?export=download&id=1CxogqD5EF7cbK9U3UHP8CS2eK0C5doOH,OK,guessed_needs_confirmation,guessed_medium,79448,sprawdzić markę
1VeXLlB-EcMdEkVppp-r_BQMZWFYZzjpe,79456,79456,FLO,Czesci_zamienne_79456.pdf,Czesci_zamienne_79456.pdf,Rysunki wybuchowe,https://drive.google.com/file/d/1VeXLlB-EcMdEkVppp-r_BQMZWFYZzjpe/view?usp=drivesdk,https://drive.google.com/uc?export=download&id=1VeXLlB-EcMdEkVppp-r_BQMZWFYZzjpe,OK,guessed_needs_confirmation,guessed_medium,79456,sprawdzić markę
1hl9krHukNLE3RVliQlT6yVHRhNFUul3c,79473,79473,FLO,Czesci_zamienne_79473.pdf,Czesci_zamienne_79473.pdf,Rysunki wybuchowe,https://drive.google.com/file/d/1hl9krHukNLE3RVliQlT6yVHRhNFUul3c/view?usp=drivesdk,https://drive.google.com/uc?export=download&id=1hl9krHukNLE3RVliQlT6yVHRhNFUul3c,OK,guessed_needs_confirmation,guessed_medium,79473,sprawdzić markę
1Htw1eeObgKaQ6DxfRqnBy3A3303MBRE5,79474,79474,FLO,Czesci_zamienne_79474.pdf,Czesci_zamienne_79474.pdf,Rysunki wybuchowe,https://drive.google.com/file/d/1Htw1eeObgKaQ6DxfRqnBy3A3303MBRE5/view?usp=drivesdk,https://drive.google.com/uc?export=download&id=1Htw1eeObgKaQ6DxfRqnBy3A3303MBRE5,OK,guessed_needs_confirmation,guessed_medium,79474,sprawdzić markę
1Zy1lTUqRWOsRcn-HjJhkC_riKOItfiFR,79475,79475,FLO,Czesci_zamienne_79475.pdf,Czesci_zamienne_79475.pdf,Rysunki wybuchowe,https://drive.google.com/file/d/1Zy1lTUqRWOsRcn-HjJhkC_riKOItfiFR/view?usp=drivesdk,https://drive.google.com/uc?export=download&id=1Zy1lTUqRWOsRcn-HjJhkC_riKOItfiFR,OK,guessed_needs_confirmation,guessed_medium,79475,sprawdzić markę
1Qfj3gccwq4ZQSc3GUQhl2xiZDM6sinab,79476,79476,FLO,Czesci_zamienne_79476.pdf,Czesci_zamienne_79476.pdf,Rysunki wybuchowe,https://drive.google.com/file/d/1Qfj3gccwq4ZQSc3GUQhl2xiZDM6sinab/view?usp=drivesdk,https://drive.google.com/uc?export=download&id=1Qfj3gccwq4ZQSc3GUQhl2xiZDM6sinab,OK,guessed_needs_confirmation,guessed_medium,79476,sprawdzić markę
1n9MqSPSgDhm7yueR4VVHYYhiXnoJe7Fh,79477,79477,FLO,Czesci_zamienne_79477.pdf,Czesci_zamienne_79477.pdf,Rysunki wybuchowe,https://drive.google.com/file/d/1n9MqSPSgDhm7yueR4VVHYYhiXnoJe7Fh/view?usp=drivesdk,https://drive.google.com/uc?export=download&id=1n9MqSPSgDhm7yueR4VVHYYhiXnoJe7Fh,OK,guessed_needs_confirmation,guessed_medium,79477,sprawdzić markę
1yKiRRS4Fsb3GkRb3hC920FR1Or8qEDKh,79478,79478,FLO,Czesci_zamienne_79478.pdf,Czesci_zamienne_79478.pdf,Rysunki wybuchowe,https://drive.google.com/file/d/1yKiRRS4Fsb3GkRb3hC920FR1Or8qEDKh/view?usp=drivesdk,https://drive.google.com/uc?export=download&id=1yKiRRS4Fsb3GkRb3hC920FR1Or8qEDKh,OK,guessed_needs_confirmation,guessed_medium,79478,sprawdzić markę
14ftwGyWPhL6e4w_C1mESAMU3W4U2qiYH,79479,79479,FLO,Czesci_zamienne_79479.pdf,Czesci_zamienne_79479.pdf,Rysunki wybuchowe,https://drive.google.com/file/d/14ftwGyWPhL6e4w_C1mESAMU3W4U2qiYH/view?usp=drivesdk,https://drive.google.com/uc?export=download&id=14ftwGyWPhL6e4w_C1mESAMU3W4U2qiYH,OK,guessed_needs_confirmation,guessed_medium,79479,sprawdzić markę
1DTrlNG7y0ycvw3mAwXk65eFJFTOKTq7J,79481,79481,FLO,Czesci_zamienne_79481.pdf,Czesci_zamienne_79481.pdf,Rysunki wybuchowe,https://drive.google.com/file/d/1DTrlNG7y0ycvw3mAwXk65eFJFTOKTq7J/view?usp=drivesdk,https://drive.google.com/uc?export=download&id=1DTrlNG7y0ycvw3mAwXk65eFJFTOKTq7J,OK,guessed_needs_confirmation,guessed_medium,79481,sprawdzić markę
1_ucLohX-tvAcoOnbK4KlWhipxvfx4cKg,79482,79482,FLO,Czesci_zamienne_79482.pdf,Czesci_zamienne_79482.pdf,Rysunki wybuchowe,https://drive.google.com/file/d/1_ucLohX-tvAcoOnbK4KlWhipxvfx4cKg/view?usp=drivesdk,https://drive.google.com/uc?export=download&id=1_ucLohX-tvAcoOnbK4KlWhipxvfx4cKg,OK,guessed_needs_confirmation,guessed_medium,79482,sprawdzić markę
1k1Z3KpTng7K8qnMWEqVSh62KNCOnEmZa,79484,79484,FLO,Czesci_zamienne_79484.pdf,Czesci_zamienne_79484.pdf,Rysunki wybuchowe,https://drive.google.com/file/d/1k1Z3KpTng7K8qnMWEqVSh62KNCOnEmZa/view?usp=drivesdk,https://drive.google.com/uc?export=download&id=1k1Z3KpTng7K8qnMWEqVSh62KNCOnEmZa,OK,guessed_needs_confirmation,guessed_medium,79484,sprawdzić markę
1ewlH798OFiFFFyebLpU1hfvC8ZH57VzF,79487,79487,FLO,Czesci_zamienne_79487.pdf,Czesci_zamienne_79487.pdf,Rysunki wybuchowe,https://drive.google.com/file/d/1ewlH798OFiFFFyebLpU1hfvC8ZH57VzF/view?usp=drivesdk,https://drive.google.com/uc?export=download&id=1ewlH798OFiFFFyebLpU1hfvC8ZH57VzF,OK,guessed_needs_confirmation,guessed_medium,79487,sprawdzić markę
1fWpbgqkMtWXdvlknZMES0MyAjmvyp7Ss,79493,79493,FLO,Czesci_zamienne_79493.pdf,Czesci_zamienne_79493.pdf,Rysunki wybuchowe,https://drive.google.com/file/d/1fWpbgqkMtWXdvlknZMES0MyAjmvyp7Ss/view?usp=drivesdk,https://drive.google.com/uc?export=download&id=1fWpbgqkMtWXdvlknZMES0MyAjmvyp7Ss,OK,guessed_needs_confirmation,guessed_medium,79493,sprawdzić markę
1XniPEjzzU1azP3O9x2UbKnw3NL5YT4GJ,89610,89610,FLO,Czesci_zamienne_89610.pdf,Czesci_zamienne_89610.pdf,Rysunki wybuchowe,https://drive.google.com/file/d/1XniPEjzzU1azP3O9x2UbKnw3NL5YT4GJ/view?usp=drivesdk,https://drive.google.com/uc?export=download&id=1XniPEjzzU1azP3O9x2UbKnw3NL5YT4GJ,OK,guessed_needs_confirmation,guessed_medium,89610,sprawdzić markę
1TNhVKzYFHwTWdiYpWqmBI1un73Kru6FM,89611,89611,FLO,Czesci_zamienne_89611.pdf,Czesci_zamienne_89611.pdf,Rysunki wybuchowe,https://drive.google.com/file/d/1TNhVKzYFHwTWdiYpWqmBI1un73Kru6FM/view?usp=drivesdk,https://drive.google.com/uc?export=download&id=1TNhVKzYFHwTWdiYpWqmBI1un73Kru6FM,OK,guessed_needs_confirmation,guessed_medium,89611,sprawdzić markę
1xgcDNcn79EJMvpvY5X6bL6IltMM3mqbA,66841,66841,LUND,Czesci_zamienne_66841.pdf,Czesci_zamienne_66841.pdf,Rysunki wybuchowe,https://drive.google.com/file/d/1xgcDNcn79EJMvpvY5X6bL6IltMM3mqbA/view?usp=drivesdk,https://drive.google.com/uc?export=download&id=1xgcDNcn79EJMvpvY5X6bL6IltMM3mqbA,OK,guessed_needs_confirmation,guessed_medium,66841,sprawdzić markę
1iq1gaWAa_96oN-42tAYWEa96d5tfwehh,66842,66842,LUND,Czesci_zamienne_66842.pdf,Czesci_zamienne_66842.pdf,Rysunki wybuchowe,https://drive.google.com/file/d/1iq1gaWAa_96oN-42tAYWEa96d5tfwehh/view?usp=drivesdk,https://drive.google.com/uc?export=download&id=1iq1gaWAa_96oN-42tAYWEa96d5tfwehh,OK,guessed_needs_confirmation,guessed_medium,66842,sprawdzić markę
1pv4v9x5dqIic2uNdH5j3U8NHUYQw9KW9,66930,66930,LUND,Czesci_zamienne_66930.pdf,Czesci_zamienne_66930.pdf,Rysunki wybuchowe,https://drive.google.com/file/d/1pv4v9x5dqIic2uNdH5j3U8NHUYQw9KW9/view?usp=drivesdk,https://drive.google.com/uc?export=download&id=1pv4v9x5dqIic2uNdH5j3U8NHUYQw9KW9,OK,guessed_needs_confirmation,guessed_medium,66930,sprawdzić markę
1L0AX6fm3QmjQ6V9twk4pUKPJ7myX3mkR,66932,66932,LUND,Czesci_zamienne_66932.pdf,Czesci_zamienne_66932.pdf,Rysunki wybuchowe,https://drive.google.com/file/d/1L0AX6fm3QmjQ6V9twk4pUKPJ7myX3mkR/view?usp=drivesdk,https://drive.google.com/uc?export=download&id=1L0AX6fm3QmjQ6V9twk4pUKPJ7myX3mkR,OK,guessed_needs_confirmation,guessed_medium,66932,sprawdzić markę
1fqCeZsLhMXTZUVciY_38lXzyVy9mWARr,66934,66934,LUND,Czesci_zamienne_66934.pdf,Czesci_zamienne_66934.pdf,Rysunki wybuchowe,https://drive.google.com/file/d/1fqCeZsLhMXTZUVciY_38lXzyVy9mWARr/view?usp=drivesdk,https://drive.google.com/uc?export=download&id=1fqCeZsLhMXTZUVciY_38lXzyVy9mWARr,OK,guessed_needs_confirmation,guessed_medium,66934,sprawdzić markę
1uhaX527zQXfyaObltYMsMsvLOuSGs840,66936,66936,LUND,Czesci_zamienne_66936.pdf,Czesci_zamienne_66936.pdf,Rysunki wybuchowe,https://drive.google.com/file/d/1uhaX527zQXfyaObltYMsMsvLOuSGs840/view?usp=drivesdk,https://drive.google.com/uc?export=download&id=1uhaX527zQXfyaObltYMsMsvLOuSGs840,OK,guessed_needs_confirmation,guessed_medium,66936,sprawdzić markę
19JjxFxnDLYuIk1NbGuJbQAW3PPCdsQYm,66940,66940,LUND,Czesci_zamienne_66940.pdf,Czesci_zamienne_66940.pdf,Rysunki wybuchowe,https://drive.google.com/file/d/19JjxFxnDLYuIk1NbGuJbQAW3PPCdsQYm/view?usp=drivesdk,https://drive.google.com/uc?export=download&id=19JjxFxnDLYuIk1NbGuJbQAW3PPCdsQYm,OK,guessed_needs_confirmation,guessed_medium,66940,sprawdzić markę
15vWhtzFDm3ySW1shw3PLRCxBHXBYB4PK,66950,66950,LUND,Czesci_zamienne_66950.pdf,Czesci_zamienne_66950.pdf,Rysunki wybuchowe,https://drive.google.com/file/d/15vWhtzFDm3ySW1shw3PLRCxBHXBYB4PK/view?usp=drivesdk,https://drive.google.com/uc?export=download&id=15vWhtzFDm3ySW1shw3PLRCxBHXBYB4PK,OK,guessed_needs_confirmation,guessed_medium,66950,sprawdzić markę
19vXAwB4N_7ZCyoXn5Ds3bqDr4ZD8KZzq,67026,67026,LUND,Czesci_zamienne_67026.pdf,Czesci_zamienne_67026.pdf,Rysunki wybuchowe,https://drive.google.com/file/d/19vXAwB4N_7ZCyoXn5Ds3bqDr4ZD8KZzq/view?usp=drivesdk,https://drive.google.com/uc?export=download&id=19vXAwB4N_7ZCyoXn5Ds3bqDr4ZD8KZzq,OK,guessed_needs_confirmation,guessed_high,67026,sprawdzić markę
1bNeDN9j0wxqLaPp82XaSTJEDj6rqQzs3,67032,67032,LUND,Czesci_zamienne_67032.pdf,Czesci_zamienne_67032.pdf,Rysunki wybuchowe,https://drive.google.com/file/d/1bNeDN9j0wxqLaPp82XaSTJEDj6rqQzs3/view?usp=drivesdk,https://drive.google.com/uc?export=download&id=1bNeDN9j0wxqLaPp82XaSTJEDj6rqQzs3,OK,guessed_needs_confirmation,guessed_high,67032,sprawdzić markę
1jdo0kJQvoONEiBl8F0uURd4cRrE6Rp9a,67033,67033,LUND,Czesci_zamienne_67033.pdf,Czesci_zamienne_67033.pdf,Rysunki wybuchowe,https://drive.google.com/file/d/1jdo0kJQvoONEiBl8F0uURd4cRrE6Rp9a/view?usp=drivesdk,https://drive.google.com/uc?export=download&id=1jdo0kJQvoONEiBl8F0uURd4cRrE6Rp9a,OK,guessed_needs_confirmation,guessed_high,67033,sprawdzić markę
1Tie2PNeQSfDNL44ymrVTpHSTX9ibE9Bn,67034,67034,LUND,Czesci_zamienne_67034.pdf,Czesci_zamienne_67034.pdf,Rysunki wybuchowe,https://drive.google.com/file/d/1Tie2PNeQSfDNL44ymrVTpHSTX9ibE9Bn/view?usp=drivesdk,https://drive.google.com/uc?export=download&id=1Tie2PNeQSfDNL44ymrVTpHSTX9ibE9Bn,OK,guessed_needs_confirmation,guessed_high,67034,sprawdzić markę
14WCUhH1H_KPdEA7loRkMULL5ky81RfjS,67090,67090,LUND,Czesci_zamienne_67090.pdf,Czesci_zamienne_67090.pdf,Rysunki wybuchowe,https://drive.google.com/file/d/14WCUhH1H_KPdEA7loRkMULL5ky81RfjS/view?usp=drivesdk,https://drive.google.com/uc?export=download&id=14WCUhH1H_KPdEA7loRkMULL5ky81RfjS,OK,guessed_needs_confirmation,guessed_high,67090,sprawdzić markę
1TEVNQLD2nBlq59C8ifhx4CCY6dAm9KHV,67091,67091,LUND,Czesci_zamienne_67091.pdf,Czesci_zamienne_67091.pdf,Rysunki wybuchowe,https://drive.google.com/file/d/1TEVNQLD2nBlq59C8ifhx4CCY6dAm9KHV/view?usp=drivesdk,https://drive.google.com/uc?export=download&id=1TEVNQLD2nBlq59C8ifhx4CCY6dAm9KHV,OK,guessed_needs_confirmation,guessed_high,67091,sprawdzić markę
17yqyOAsQzQibGCNYcZ6cJ6VAWBPaBTGb,67092,67092,LUND,Czesci_zamienne_67092.pdf,Czesci_zamienne_67092.pdf,Rysunki wybuchowe,https://drive.google.com/file/d/17yqyOAsQzQibGCNYcZ6cJ6VAWBPaBTGb/view?usp=drivesdk,https://drive.google.com/uc?export=download&id=17yqyOAsQzQibGCNYcZ6cJ6VAWBPaBTGb,OK,guessed_needs_confirmation,guessed_high,67092,sprawdzić markę
1Bls_G_AkABNpeTVRY_thcuuQS8m_tPQo,67110,67110,LUND,Czesci_zamienne_67110.pdf,Czesci_zamienne_67110.pdf,Rysunki wybuchowe,https://drive.google.com/file/d/1Bls_G_AkABNpeTVRY_thcuuQS8m_tPQo/view?usp=drivesdk,https://drive.google.com/uc?export=download&id=1Bls_G_AkABNpeTVRY_thcuuQS8m_tPQo,OK,guessed_needs_confirmation,guessed_high,67110,sprawdzić markę
1ktJ7KmlxDQS5XQQA7VunY2_Oro5clMdQ,67111,67111,LUND,Czesci_zamienne_67111.pdf,Czesci_zamienne_67111.pdf,Rysunki wybuchowe,https://drive.google.com/file/d/1ktJ7KmlxDQS5XQQA7VunY2_Oro5clMdQ/view?usp=drivesdk,https://drive.google.com/uc?export=download&id=1ktJ7KmlxDQS5XQQA7VunY2_Oro5clMdQ,OK,guessed_needs_confirmation,guessed_high,67111,sprawdzić markę
1opQ0Jboga9vrY3dfCMoy7KRI83l3Y82O,67112,67112,LUND,Czesci_zamienne_67112.pdf,Czesci_zamienne_67112.pdf,Rysunki wybuchowe,https://drive.google.com/file/d/1opQ0Jboga9vrY3dfCMoy7KRI83l3Y82O/view?usp=drivesdk,https://drive.google.com/uc?export=download&id=1opQ0Jboga9vrY3dfCMoy7KRI83l3Y82O,OK,guessed_needs_confirmation,guessed_high,67112,sprawdzić markę
1dVIGzYk4NPHLfogE4yIMQNAYo839Fxm7,67113,67113,LUND,Czesci_zamienne_67113.pdf,Czesci_zamienne_67113.pdf,Rysunki wybuchowe,https://drive.google.com/file/d/1dVIGzYk4NPHLfogE4yIMQNAYo839Fxm7/view?usp=drivesdk,https://drive.google.com/uc?export=download&id=1dVIGzYk4NPHLfogE4yIMQNAYo839Fxm7,OK,guessed_needs_confirmation,guessed_high,67113,sprawdzić markę
1kziacb43TsXzvpQWXUwY8wE0HP2JSFK5,67120,67120,LUND,Czesci_zamienne_67120.pdf,Czesci_zamienne_67120.pdf,Rysunki wybuchowe,https://drive.google.com/file/d/1kziacb43TsXzvpQWXUwY8wE0HP2JSFK5/view?usp=drivesdk,https://drive.google.com/uc?export=download&id=1kziacb43TsXzvpQWXUwY8wE0HP2JSFK5,OK,guessed_needs_confirmation,guessed_high,67120,sprawdzić markę
1wobCpeyb2fEkwk0TVYbKWMlTKWrNhroZ,67121,67121,LUND,Czesci_zamienne_67121.pdf,Czesci_zamienne_67121.pdf,Rysunki wybuchowe,https://drive.google.com/file/d/1wobCpeyb2fEkwk0TVYbKWMlTKWrNhroZ/view?usp=drivesdk,https://drive.google.com/uc?export=download&id=1wobCpeyb2fEkwk0TVYbKWMlTKWrNhroZ,OK,guessed_needs_confirmation,guessed_high,67121,sprawdzić markę
1I9MZzQQnxW70O6pUcNDMjqYgdxz-BsTB,67125,67125,LUND,Czesci_zamienne_67125.pdf,Czesci_zamienne_67125.pdf,Rysunki wybuchowe,https://drive.google.com/file/d/1I9MZzQQnxW70O6pUcNDMjqYgdxz-BsTB/view?usp=drivesdk,https://drive.google.com/uc?export=download&id=1I9MZzQQnxW70O6pUcNDMjqYgdxz-BsTB,OK,guessed_needs_confirmation,guessed_high,67125,sprawdzić markę
1Tjg50-gsmQzJas0WRUTRIhyDJEHJFSdc,67180,67180,LUND,Czesci_zamienne_67180.pdf,Czesci_zamienne_67180.pdf,Rysunki wybuchowe,https://drive.google.com/file/d/1Tjg50-gsmQzJas0WRUTRIhyDJEHJFSdc/view?usp=drivesdk,https://drive.google.com/uc?export=download&id=1Tjg50-gsmQzJas0WRUTRIhyDJEHJFSdc,OK,guessed_needs_confirmation,guessed_high,67180,sprawdzić markę
1qvlK8vbXl1IEiaZ9juThIyEklwp6SZ93,67200,67200,LUND,Czesci_zamienne_67200.pdf,Czesci_zamienne_67200.pdf,Rysunki wybuchowe,https://drive.google.com/file/d/1qvlK8vbXl1IEiaZ9juThIyEklwp6SZ93/view?usp=drivesdk,https://drive.google.com/uc?export=download&id=1qvlK8vbXl1IEiaZ9juThIyEklwp6SZ93,OK,guessed_needs_confirmation,guessed_high,67200,sprawdzić markę
10ZpYB3RRu0DnHXRTA6IxUTJoWDzy1ek3,67201,67201,LUND,Czesci_zamienne_67201.pdf,Czesci_zamienne_67201.pdf,Rysunki wybuchowe,https://drive.google.com/file/d/10ZpYB3RRu0DnHXRTA6IxUTJoWDzy1ek3/view?usp=drivesdk,https://drive.google.com/uc?export=download&id=10ZpYB3RRu0DnHXRTA6IxUTJoWDzy1ek3,OK,guessed_needs_confirmation,guessed_high,67201,sprawdzić markę
1mrPc40HKLqOT_u0gsDC66IZMqnRrcllI,67220,67220,LUND,Czesci_zamienne_67220.pdf,Czesci_zamienne_67220.pdf,Rysunki wybuchowe,https://drive.google.com/file/d/1mrPc40HKLqOT_u0gsDC66IZMqnRrcllI/view?usp=drivesdk,https://drive.google.com/uc?export=download&id=1mrPc40HKLqOT_u0gsDC66IZMqnRrcllI,OK,guessed_needs_confirmation,guessed_high,67220,sprawdzić markę
1lOIm0ASXmk37_ILBcABDvhJh0dlGEVcY,67221,67221,LUND,Czesci_zamienne_67221.pdf,Czesci_zamienne_67221.pdf,Rysunki wybuchowe,https://drive.google.com/file/d/1lOIm0ASXmk37_ILBcABDvhJh0dlGEVcY/view?usp=drivesdk,https://drive.google.com/uc?export=download&id=1lOIm0ASXmk37_ILBcABDvhJh0dlGEVcY,OK,guessed_needs_confirmation,guessed_high,67221,sprawdzić markę
1LdOkwP3oc-d4DWlDmSUdAu09ApyQIqT4,67230,67230,LUND,Czesci_zamienne_67230.pdf,Czesci_zamienne_67230.pdf,Rysunki wybuchowe,https://drive.google.com/file/d/1LdOkwP3oc-d4DWlDmSUdAu09ApyQIqT4/view?usp=drivesdk,https://drive.google.com/uc?export=download&id=1LdOkwP3oc-d4DWlDmSUdAu09ApyQIqT4,OK,guessed_needs_confirmation,guessed_high,67230,sprawdzić markę
1Z3nO2n4ruU2hwWFOerRibzEneLvvP8N2,67231,67231,LUND,Czesci_zamienne_67231.pdf,Czesci_zamienne_67231.pdf,Rysunki wybuchowe,https://drive.google.com/file/d/1Z3nO2n4ruU2hwWFOerRibzEneLvvP8N2/view?usp=drivesdk,https://drive.google.com/uc?export=download&id=1Z3nO2n4ruU2hwWFOerRibzEneLvvP8N2,OK,guessed_needs_confirmation,guessed_high,67231,sprawdzić markę
1__fgv7vSlq97m5YZV2Lp_nHMxJYLl7Er,67292,67292,LUND,Czesci_zamienne_67292.pdf,Czesci_zamienne_67292.pdf,Rysunki wybuchowe,https://drive.google.com/file/d/1__fgv7vSlq97m5YZV2Lp_nHMxJYLl7Er/view?usp=drivesdk,https://drive.google.com/uc?export=download&id=1__fgv7vSlq97m5YZV2Lp_nHMxJYLl7Er,OK,guessed_needs_confirmation,guessed_high,67292,sprawdzić markę
10twZS_cA4zlwgCNqYDFYROtsP98VTR8k,67293,67293,LUND,Czesci_zamienne_67293.pdf,Czesci_zamienne_67293.pdf,Rysunki wybuchowe,https://drive.google.com/file/d/10twZS_cA4zlwgCNqYDFYROtsP98VTR8k/view?usp=drivesdk,https://drive.google.com/uc?export=download&id=10twZS_cA4zlwgCNqYDFYROtsP98VTR8k,OK,guessed_needs_confirmation,guessed_high,67293,sprawdzić markę
1x1USizZGfpydDrV6T4tULLQKhxMbN22h,67420,67420,LUND,Czesci_zamienne_67420.pdf,Czesci_zamienne_67420.pdf,Rysunki wybuchowe,https://drive.google.com/file/d/1x1USizZGfpydDrV6T4tULLQKhxMbN22h/view?usp=drivesdk,https://drive.google.com/uc?export=download&id=1x1USizZGfpydDrV6T4tULLQKhxMbN22h,OK,guessed_needs_confirmation,guessed_high,67420,sprawdzić markę
1TrckZn5ZFmka8PjN5t4XVOjgtkUKKf-C,67422,67422,LUND,Czesci_zamienne_67422.pdf,Czesci_zamienne_67422.pdf,Rysunki wybuchowe,https://drive.google.com/file/d/1TrckZn5ZFmka8PjN5t4XVOjgtkUKKf-C/view?usp=drivesdk,https://drive.google.com/uc?export=download&id=1TrckZn5ZFmka8PjN5t4XVOjgtkUKKf-C,OK,guessed_needs_confirmation,guessed_high,67422,sprawdzić markę
1RikedlfhILHopXQikmR3DZSC2137TBbU,67423,67423,LUND,Czesci_zamienne_67423.pdf,Czesci_zamienne_67423.pdf,Rysunki wybuchowe,https://drive.google.com/file/d/1RikedlfhILHopXQikmR3DZSC2137TBbU/view?usp=drivesdk,https://drive.google.com/uc?export=download&id=1RikedlfhILHopXQikmR3DZSC2137TBbU,OK,guessed_needs_confirmation,guessed_high,67423,sprawdzić markę
16qAkCkxwMp0OhjmfwwTLel-XTtLlTmf5,67424,67424,LUND,Czesci_zamienne_67424.pdf,Czesci_zamienne_67424.pdf,Rysunki wybuchowe,https://drive.google.com/file/d/16qAkCkxwMp0OhjmfwwTLel-XTtLlTmf5/view?usp=drivesdk,https://drive.google.com/uc?export=download&id=16qAkCkxwMp0OhjmfwwTLel-XTtLlTmf5,OK,guessed_needs_confirmation,guessed_high,67424,sprawdzić markę
1ElhfEiWY8sjbRg48glvt7gBddg4zsPHT,67450,67450,LUND,Czesci_zamienne_67450.pdf,Czesci_zamienne_67450.pdf,Rysunki wybuchowe,https://drive.google.com/file/d/1ElhfEiWY8sjbRg48glvt7gBddg4zsPHT/view?usp=drivesdk,https://drive.google.com/uc?export=download&id=1ElhfEiWY8sjbRg48glvt7gBddg4zsPHT,OK,guessed_needs_confirmation,guessed_high,67450,sprawdzić markę
1CHuaVDlHEtICS35co8zE86qOuqyJUgY5,67451,67451,LUND,Czesci_zamienne_67451.pdf,Czesci_zamienne_67451.pdf,Rysunki wybuchowe,https://drive.google.com/file/d/1CHuaVDlHEtICS35co8zE86qOuqyJUgY5/view?usp=drivesdk,https://drive.google.com/uc?export=download&id=1CHuaVDlHEtICS35co8zE86qOuqyJUgY5,OK,guessed_needs_confirmation,guessed_high,67451,sprawdzić markę
1NaxUTvQNijcsNu4g7E0ZcJ-vdGM-wJXb,67453,67453,LUND,Czesci_zamienne_67453.pdf,Czesci_zamienne_67453.pdf,Rysunki wybuchowe,https://drive.google.com/file/d/1NaxUTvQNijcsNu4g7E0ZcJ-vdGM-wJXb/view?usp=drivesdk,https://drive.google.com/uc?export=download&id=1NaxUTvQNijcsNu4g7E0ZcJ-vdGM-wJXb,OK,guessed_needs_confirmation,guessed_high,67453,sprawdzić markę
1CPd1eDTK4dXDYoxm8n5qJ4RGQ9eLOJOy,67455,67455,LUND,Czesci_zamienne_67455.pdf,Czesci_zamienne_67455.pdf,Rysunki wybuchowe,https://drive.google.com/file/d/1CPd1eDTK4dXDYoxm8n5qJ4RGQ9eLOJOy/view?usp=drivesdk,https://drive.google.com/uc?export=download&id=1CPd1eDTK4dXDYoxm8n5qJ4RGQ9eLOJOy,OK,guessed_needs_confirmation,guessed_high,67455,sprawdzić markę
1EOGM6eFaoES5wZCPGtw2PX5wjfsDRFU0,67456,67456,LUND,Czesci_zamienne_67456.pdf,Czesci_zamienne_67456.pdf,Rysunki wybuchowe,https://drive.google.com/file/d/1EOGM6eFaoES5wZCPGtw2PX5wjfsDRFU0/view?usp=drivesdk,https://drive.google.com/uc?export=download&id=1EOGM6eFaoES5wZCPGtw2PX5wjfsDRFU0,OK,guessed_needs_confirmation,guessed_high,67456,sprawdzić markę
11JTaudD5kYRSzWGIe1ra7PNFQytk4sqQ,67457,67457,LUND,Czesci_zamienne_67457.pdf,Czesci_zamienne_67457.pdf,Rysunki wybuchowe,https://drive.google.com/file/d/11JTaudD5kYRSzWGIe1ra7PNFQytk4sqQ/view?usp=drivesdk,https://drive.google.com/uc?export=download&id=11JTaudD5kYRSzWGIe1ra7PNFQytk4sqQ,OK,guessed_needs_confirmation,guessed_high,67457,sprawdzić markę
1x_rK2tqIAk0iooFu3Qc6zv8jrVOrUdEq,67458,67458,LUND,Czesci_zamienne_67458.pdf,Czesci_zamienne_67458.pdf,Rysunki wybuchowe,https://drive.google.com/file/d/1x_rK2tqIAk0iooFu3Qc6zv8jrVOrUdEq/view?usp=drivesdk,https://drive.google.com/uc?export=download&id=1x_rK2tqIAk0iooFu3Qc6zv8jrVOrUdEq,OK,guessed_needs_confirmation,guessed_high,67458,sprawdzić markę
1nKtVeFvITUUr88b9l-CmfOaZ8sDP-SVQ,67460,67460,LUND,Czesci_zamienne_67460.pdf,Czesci_zamienne_67460.pdf,Rysunki wybuchowe,https://drive.google.com/file/d/1nKtVeFvITUUr88b9l-CmfOaZ8sDP-SVQ/view?usp=drivesdk,https://drive.google.com/uc?export=download&id=1nKtVeFvITUUr88b9l-CmfOaZ8sDP-SVQ,OK,guessed_needs_confirmation,guessed_high,67460,sprawdzić markę
1Xh6OKt4zkh58bqTn_fgpaQYH3aQ7hcbT,67470,67470,LUND,Czesci_zamienne_67470.pdf,Czesci_zamienne_67470.pdf,Rysunki wybuchowe,https://drive.google.com/file/d/1Xh6OKt4zkh58bqTn_fgpaQYH3aQ7hcbT/view?usp=drivesdk,https://drive.google.com/uc?export=download&id=1Xh6OKt4zkh58bqTn_fgpaQYH3aQ7hcbT,OK,guessed_needs_confirmation,guessed_high,67470,sprawdzić markę
1sKjbivYPklV1hKypUoYb214lDF6Zkizm,67480,67480,LUND,Czesci_zamienne_67480.pdf,Czesci_zamienne_67480.pdf,Rysunki wybuchowe,https://drive.google.com/file/d/1sKjbivYPklV1hKypUoYb214lDF6Zkizm/view?usp=drivesdk,https://drive.google.com/uc?export=download&id=1sKjbivYPklV1hKypUoYb214lDF6Zkizm,OK,guessed_needs_confirmation,guessed_high,67480,sprawdzić markę
1XeY6KEeeRqkkU8ZbhSbx0oGUFQJuivX1,67500,67500,LUND,Czesci_zamienne_67500.pdf,Czesci_zamienne_67500.pdf,Rysunki wybuchowe,https://drive.google.com/file/d/1XeY6KEeeRqkkU8ZbhSbx0oGUFQJuivX1/view?usp=drivesdk,https://drive.google.com/uc?export=download&id=1XeY6KEeeRqkkU8ZbhSbx0oGUFQJuivX1,OK,guessed_needs_confirmation,guessed_high,67500,sprawdzić markę
1a7ssh8dRqixUDcJbZbk7gcXMCceJUeMN,67501,67501,LUND,Czesci_zamienne_67501.pdf,Czesci_zamienne_67501.pdf,Rysunki wybuchowe,https://drive.google.com/file/d/1a7ssh8dRqixUDcJbZbk7gcXMCceJUeMN/view?usp=drivesdk,https://drive.google.com/uc?export=download&id=1a7ssh8dRqixUDcJbZbk7gcXMCceJUeMN,OK,guessed_needs_confirmation,guessed_high,67501,sprawdzić markę
1fk-rJYvgA4LFS75ixN1wD7f7XiSLIKqB,67520,67520,LUND,Czesci_zamienne_67520.pdf,Czesci_zamienne_67520.pdf,Rysunki wybuchowe,https://drive.google.com/file/d/1fk-rJYvgA4LFS75ixN1wD7f7XiSLIKqB/view?usp=drivesdk,https://drive.google.com/uc?export=download&id=1fk-rJYvgA4LFS75ixN1wD7f7XiSLIKqB,OK,guessed_needs_confirmation,guessed_high,67520,sprawdzić markę
1gPLCrOFgGHCzUUKUdf_xzrhWBbpodc-Y,67521,67521,LUND,Czesci_zamienne_67521.pdf,Czesci_zamienne_67521.pdf,Rysunki wybuchowe,https://drive.google.com/file/d/1gPLCrOFgGHCzUUKUdf_xzrhWBbpodc-Y/view?usp=drivesdk,https://drive.google.com/uc?export=download&id=1gPLCrOFgGHCzUUKUdf_xzrhWBbpodc-Y,OK,guessed_needs_confirmation,guessed_high,67521,sprawdzić markę
1tvRNsXaT_ncjTMWHtGDSPQptnKrortk8,67522,67522,LUND,Czesci_zamienne_67522.pdf,Czesci_zamienne_67522.pdf,Rysunki wybuchowe,https://drive.google.com/file/d/1tvRNsXaT_ncjTMWHtGDSPQptnKrortk8/view?usp=drivesdk,https://drive.google.com/uc?export=download&id=1tvRNsXaT_ncjTMWHtGDSPQptnKrortk8,OK,guessed_needs_confirmation,guessed_high,67522,sprawdzić markę
1iOzqHKHKYX1j4GwzPOVoA4DE9SdkojIi,67523,67523,LUND,Czesci_zamienne_67523.pdf,Czesci_zamienne_67523.pdf,Rysunki wybuchowe,https://drive.google.com/file/d/1iOzqHKHKYX1j4GwzPOVoA4DE9SdkojIi/view?usp=drivesdk,https://drive.google.com/uc?export=download&id=1iOzqHKHKYX1j4GwzPOVoA4DE9SdkojIi,OK,guessed_needs_confirmation,guessed_high,67523,sprawdzić markę
1CMZxpn8PPcXEDtd309crEJHPXxEPjcJ8,67525,67525,LUND,Czesci_zamienne_67525.pdf,Czesci_zamienne_67525.pdf,Rysunki wybuchowe,https://drive.google.com/file/d/1CMZxpn8PPcXEDtd309crEJHPXxEPjcJ8/view?usp=drivesdk,https://drive.google.com/uc?export=download&id=1CMZxpn8PPcXEDtd309crEJHPXxEPjcJ8,OK,guessed_needs_confirmation,guessed_high,67525,sprawdzić markę
1ROEus6Hj2_a6k5ovf885hbRxddvTEOS5,67526,67526,LUND,Czesci_zamienne_67526.pdf,Czesci_zamienne_67526.pdf,Rysunki wybuchowe,https://drive.google.com/file/d/1ROEus6Hj2_a6k5ovf885hbRxddvTEOS5/view?usp=drivesdk,https://drive.google.com/uc?export=download&id=1ROEus6Hj2_a6k5ovf885hbRxddvTEOS5,OK,guessed_needs_confirmation,guessed_high,67526,sprawdzić markę
1Gae7jSYcLo-OX8ljgXP2wa-J6GjdUMGX,67527,67527,LUND,Czesci_zamienne_67527.pdf,Czesci_zamienne_67527.pdf,Rysunki wybuchowe,https://drive.google.com/file/d/1Gae7jSYcLo-OX8ljgXP2wa-J6GjdUMGX/view?usp=drivesdk,https://drive.google.com/uc?export=download&id=1Gae7jSYcLo-OX8ljgXP2wa-J6GjdUMGX,OK,guessed_needs_confirmation,guessed_high,67527,sprawdzić markę
1SkPrQlhKATw2npL3K7-G8iZ-r0bBMgla,67528,67528,LUND,Czesci_zamienne_67528.pdf,Czesci_zamienne_67528.pdf,Rysunki wybuchowe,https://drive.google.com/file/d/1SkPrQlhKATw2npL3K7-G8iZ-r0bBMgla/view?usp=drivesdk,https://drive.google.com/uc?export=download&id=1SkPrQlhKATw2npL3K7-G8iZ-r0bBMgla,OK,guessed_needs_confirmation,guessed_high,67528,sprawdzić markę
107P3K9LVKmlcZ75PERol20MGUp7lCVLZ,67530,67530,LUND,Czesci_zamienne_67530.pdf,Czesci_zamienne_67530.pdf,Rysunki wybuchowe,https://drive.google.com/file/d/107P3K9LVKmlcZ75PERol20MGUp7lCVLZ/view?usp=drivesdk,https://drive.google.com/uc?export=download&id=107P3K9LVKmlcZ75PERol20MGUp7lCVLZ,OK,guessed_needs_confirmation,guessed_high,67530,sprawdzić markę
1-QaRqH4AxnJDNtQ6TFTroC2VOoqQ-WkK,67570,67570,LUND,Czesci_zamienne_67570.pdf,Czesci_zamienne_67570.pdf,Rysunki wybuchowe,https://drive.google.com/file/d/1-QaRqH4AxnJDNtQ6TFTroC2VOoqQ-WkK/view?usp=drivesdk,https://drive.google.com/uc?export=download&id=1-QaRqH4AxnJDNtQ6TFTroC2VOoqQ-WkK,OK,guessed_needs_confirmation,guessed_high,67570,sprawdzić markę
1l82F8lB56jUvSqNKTIauSaP8ujv0BJUC,67571,67571,LUND,Czesci_zamienne_67571.pdf,Czesci_zamienne_67571.pdf,Rysunki wybuchowe,https://drive.google.com/file/d/1l82F8lB56jUvSqNKTIauSaP8ujv0BJUC/view?usp=drivesdk,https://drive.google.com/uc?export=download&id=1l82F8lB56jUvSqNKTIauSaP8ujv0BJUC,OK,guessed_needs_confirmation,guessed_high,67571,sprawdzić markę
18X_T8GOtbQmYtScy-C2PiP-Q6Y5u5uVu,67572,67572,LUND,Czesci_zamienne_67572.pdf,Czesci_zamienne_67572.pdf,Rysunki wybuchowe,https://drive.google.com/file/d/18X_T8GOtbQmYtScy-C2PiP-Q6Y5u5uVu/view?usp=drivesdk,https://drive.google.com/uc?export=download&id=18X_T8GOtbQmYtScy-C2PiP-Q6Y5u5uVu,OK,guessed_needs_confirmation,guessed_high,67572,sprawdzić markę
1-Blni_kcMGteygyEv4mpkN1ug5Lwseex,67573,67573,LUND,Czesci_zamienne_67573.pdf,Czesci_zamienne_67573.pdf,Rysunki wybuchowe,https://drive.google.com/file/d/1-Blni_kcMGteygyEv4mpkN1ug5Lwseex/view?usp=drivesdk,https://drive.google.com/uc?export=download&id=1-Blni_kcMGteygyEv4mpkN1ug5Lwseex,OK,guessed_needs_confirmation,guessed_high,67573,sprawdzić markę
1cUE2ofqAodMCxGymyBtHVqrdiQkrao_w,67574,67574,LUND,Czesci_zamienne_67574.pdf,Czesci_zamienne_67574.pdf,Rysunki wybuchowe,https://drive.google.com/file/d/1cUE2ofqAodMCxGymyBtHVqrdiQkrao_w/view?usp=drivesdk,https://drive.google.com/uc?export=download&id=1cUE2ofqAodMCxGymyBtHVqrdiQkrao_w,OK,guessed_needs_confirmation,guessed_high,67574,sprawdzić markę
14biI7mjXpj5X-RCs-K2cqWvXHE2Ym3_q,67575,67575,LUND,Czesci_zamienne_67575.pdf,Czesci_zamienne_67575.pdf,Rysunki wybuchowe,https://drive.google.com/file/d/14biI7mjXpj5X-RCs-K2cqWvXHE2Ym3_q/view?usp=drivesdk,https://drive.google.com/uc?export=download&id=14biI7mjXpj5X-RCs-K2cqWvXHE2Ym3_q,OK,guessed_needs_confirmation,guessed_high,67575,sprawdzić markę
1_cbMX79Ul9snUhrtKcN1_UIJ3MxfZ0SL,67576,67576,LUND,Czesci_zamienne_67576.pdf,Czesci_zamienne_67576.pdf,Rysunki wybuchowe,https://drive.google.com/file/d/1_cbMX79Ul9snUhrtKcN1_UIJ3MxfZ0SL/view?usp=drivesdk,https://drive.google.com/uc?export=download&id=1_cbMX79Ul9snUhrtKcN1_UIJ3MxfZ0SL,OK,guessed_needs_confirmation,guessed_high,67576,sprawdzić markę
1GprnCPZLWEa3HmWxuX6lrgJXYoM-mU9c,67580,67580,LUND,Czesci_zamienne_67580.pdf,Czesci_zamienne_67580.pdf,Rysunki wybuchowe,https://drive.google.com/file/d/1GprnCPZLWEa3HmWxuX6lrgJXYoM-mU9c/view?usp=drivesdk,https://drive.google.com/uc?export=download&id=1GprnCPZLWEa3HmWxuX6lrgJXYoM-mU9c,OK,guessed_needs_confirmation,guessed_high,67580,sprawdzić markę
1C_xKzmIIq8lTFdUXUFxjXrWPyw4RHzHA,67581,67581,LUND,Czesci_zamienne_67581.pdf,Czesci_zamienne_67581.pdf,Rysunki wybuchowe,https://drive.google.com/file/d/1C_xKzmIIq8lTFdUXUFxjXrWPyw4RHzHA/view?usp=drivesdk,https://drive.google.com/uc?export=download&id=1C_xKzmIIq8lTFdUXUFxjXrWPyw4RHzHA,OK,guessed_needs_confirmation,guessed_high,67581,sprawdzić markę
1h7WPC-3QbkgkGAmSsn80w4vO6as1aW0K,67582,67582,LUND,Czesci_zamienne_67582.pdf,Czesci_zamienne_67582.pdf,Rysunki wybuchowe,https://drive.google.com/file/d/1h7WPC-3QbkgkGAmSsn80w4vO6as1aW0K/view?usp=drivesdk,https://drive.google.com/uc?export=download&id=1h7WPC-3QbkgkGAmSsn80w4vO6as1aW0K,OK,guessed_needs_confirmation,guessed_high,67582,sprawdzić markę
1d0QzzEkiqO2nsTiMTqr85RfPEDkP2LLv,67584,67584,LUND,Czesci_zamienne_67584.pdf,Czesci_zamienne_67584.pdf,Rysunki wybuchowe,https://drive.google.com/file/d/1d0QzzEkiqO2nsTiMTqr85RfPEDkP2LLv/view?usp=drivesdk,https://drive.google.com/uc?export=download&id=1d0QzzEkiqO2nsTiMTqr85RfPEDkP2LLv,OK,guessed_needs_confirmation,guessed_high,67584,sprawdzić markę
1IeanvOoRHlphyBbVaOX2Jtd5B8lyoBP7,67590,67590,LUND,Czesci_zamienne_67590.pdf,Czesci_zamienne_67590.pdf,Rysunki wybuchowe,https://drive.google.com/file/d/1IeanvOoRHlphyBbVaOX2Jtd5B8lyoBP7/view?usp=drivesdk,https://drive.google.com/uc?export=download&id=1IeanvOoRHlphyBbVaOX2Jtd5B8lyoBP7,OK,guessed_needs_confirmation,guessed_high,67590,sprawdzić markę
1RXblbtt8ahyF6ZVYn7JTEZ1VoTF_btAN,67640,67640,LUND,Czesci_zamienne_67640.pdf,Czesci_zamienne_67640.pdf,Rysunki wybuchowe,https://drive.google.com/file/d/1RXblbtt8ahyF6ZVYn7JTEZ1VoTF_btAN/view?usp=drivesdk,https://drive.google.com/uc?export=download&id=1RXblbtt8ahyF6ZVYn7JTEZ1VoTF_btAN,OK,guessed_needs_confirmation,guessed_high,67640,sprawdzić markę
1yPb-OwPkGilHdRUxdl_7wwSxfLxSN7_G,67641,67641,LUND,Czesci_zamienne_67641.pdf,Czesci_zamienne_67641.pdf,Rysunki wybuchowe,https://drive.google.com/file/d/1yPb-OwPkGilHdRUxdl_7wwSxfLxSN7_G/view?usp=drivesdk,https://drive.google.com/uc?export=download&id=1yPb-OwPkGilHdRUxdl_7wwSxfLxSN7_G,OK,guessed_needs_confirmation,guessed_high,67641,sprawdzić markę
1g7U1GGIgDcGZIk5YqkDG0C-hmA7fieZM,67642,67642,LUND,Czesci_zamienne_67642.pdf,Czesci_zamienne_67642.pdf,Rysunki wybuchowe,https://drive.google.com/file/d/1g7U1GGIgDcGZIk5YqkDG0C-hmA7fieZM/view?usp=drivesdk,https://drive.google.com/uc?export=download&id=1g7U1GGIgDcGZIk5YqkDG0C-hmA7fieZM,OK,guessed_needs_confirmation,guessed_high,67642,sprawdzić markę
1G_u-KB-YupyhTBlQoTCFxbcy2TZL_c03,67660,67660,LUND,Czesci_zamienne_67660.pdf,Czesci_zamienne_67660.pdf,Rysunki wybuchowe,https://drive.google.com/file/d/1G_u-KB-YupyhTBlQoTCFxbcy2TZL_c03/view?usp=drivesdk,https://drive.google.com/uc?export=download&id=1G_u-KB-YupyhTBlQoTCFxbcy2TZL_c03,OK,guessed_needs_confirmation,guessed_high,67660,sprawdzić markę
1rVzZ4RQHBMYJatrapH8H7Of4EBhBIbvQ,67661,67661,LUND,Czesci_zamienne_67661.pdf,Czesci_zamienne_67661.pdf,Rysunki wybuchowe,https://drive.google.com/file/d/1rVzZ4RQHBMYJatrapH8H7Of4EBhBIbvQ/view?usp=drivesdk,https://drive.google.com/uc?export=download&id=1rVzZ4RQHBMYJatrapH8H7Of4EBhBIbvQ,OK,guessed_needs_confirmation,guessed_high,67661,sprawdzić markę
1QGyt6A63TeXmyNR2wIR2CB2hgSmk-xjZ,67700,67700,LUND,Czesci_zamienne_67700.pdf,Czesci_zamienne_67700.pdf,Rysunki wybuchowe,https://drive.google.com/file/d/1QGyt6A63TeXmyNR2wIR2CB2hgSmk-xjZ/view?usp=drivesdk,https://drive.google.com/uc?export=download&id=1QGyt6A63TeXmyNR2wIR2CB2hgSmk-xjZ,OK,guessed_needs_confirmation,guessed_high,67700,sprawdzić markę
1OXhnpqIltAhR2kfCbHnr-JkZNyDuVa3x,67701,67701,LUND,Czesci_zamienne_67701.pdf,Czesci_zamienne_67701.pdf,Rysunki wybuchowe,https://drive.google.com/file/d/1OXhnpqIltAhR2kfCbHnr-JkZNyDuVa3x/view?usp=drivesdk,https://drive.google.com/uc?export=download&id=1OXhnpqIltAhR2kfCbHnr-JkZNyDuVa3x,OK,guessed_needs_confirmation,guessed_high,67701,sprawdzić markę
1qpOPtPLIhIdfL8gdlF8PSX9MmkjtxYrB,67702,67702,LUND,Czesci_zamienne_67702.pdf,Czesci_zamienne_67702.pdf,Rysunki wybuchowe,https://drive.google.com/file/d/1qpOPtPLIhIdfL8gdlF8PSX9MmkjtxYrB/view?usp=drivesdk,https://drive.google.com/uc?export=download&id=1qpOPtPLIhIdfL8gdlF8PSX9MmkjtxYrB,OK,guessed_needs_confirmation,guessed_high,67702,sprawdzić markę
1Y_SaB0POb8U8CWkgWQxRXXB7kFhElCl8,67703,67703,LUND,Czesci_zamienne_67703.pdf,Czesci_zamienne_67703.pdf,Rysunki wybuchowe,https://drive.google.com/file/d/1Y_SaB0POb8U8CWkgWQxRXXB7kFhElCl8/view?usp=drivesdk,https://drive.google.com/uc?export=download&id=1Y_SaB0POb8U8CWkgWQxRXXB7kFhElCl8,OK,guessed_needs_confirmation,guessed_high,67703,sprawdzić markę
1TgH1oC-10kLZq17sN6QpY9v-FNKSb6pb,67704,67704,LUND,Czesci_zamienne_67704.pdf,Czesci_zamienne_67704.pdf,Rysunki wybuchowe,https://drive.google.com/file/d/1TgH1oC-10kLZq17sN6QpY9v-FNKSb6pb/view?usp=drivesdk,https://drive.google.com/uc?export=download&id=1TgH1oC-10kLZq17sN6QpY9v-FNKSb6pb,OK,guessed_needs_confirmation,guessed_high,67704,sprawdzić markę
1WrQKRXpYyy4JH_cR1DTqtccqoIH-vshf,67705,67705,LUND,Czesci_zamienne_67705.pdf,Czesci_zamienne_67705.pdf,Rysunki wybuchowe,https://drive.google.com/file/d/1WrQKRXpYyy4JH_cR1DTqtccqoIH-vshf/view?usp=drivesdk,https://drive.google.com/uc?export=download&id=1WrQKRXpYyy4JH_cR1DTqtccqoIH-vshf,OK,guessed_needs_confirmation,guessed_high,67705,sprawdzić markę
1hVFm4T9jkqQGbrndO88VWbHcK5YgZ0wx,67707,67707,LUND,Czesci_zamienne_67707.pdf,Czesci_zamienne_67707.pdf,Rysunki wybuchowe,https://drive.google.com/file/d/1hVFm4T9jkqQGbrndO88VWbHcK5YgZ0wx/view?usp=drivesdk,https://drive.google.com/uc?export=download&id=1hVFm4T9jkqQGbrndO88VWbHcK5YgZ0wx,OK,guessed_needs_confirmation,guessed_high,67707,sprawdzić markę
1cWx25MmFZvM2Q-mRYBhrn_V038ZNyKfG,67780,67780,LUND,Czesci_zamienne_67780.pdf,Czesci_zamienne_67780.pdf,Rysunki wybuchowe,https://drive.google.com/file/d/1cWx25MmFZvM2Q-mRYBhrn_V038ZNyKfG/view?usp=drivesdk,https://drive.google.com/uc?export=download&id=1cWx25MmFZvM2Q-mRYBhrn_V038ZNyKfG,OK,guessed_needs_confirmation,guessed_high,67780,sprawdzić markę
1U4smZAYmvEsF87BSmGhAVX8Qs599Jp8l,67781,67781,LUND,Czesci_zamienne_67781.pdf,Czesci_zamienne_67781.pdf,Rysunki wybuchowe,https://drive.google.com/file/d/1U4smZAYmvEsF87BSmGhAVX8Qs599Jp8l/view?usp=drivesdk,https://drive.google.com/uc?export=download&id=1U4smZAYmvEsF87BSmGhAVX8Qs599Jp8l,OK,guessed_needs_confirmation,guessed_high,67781,sprawdzić markę
1El2Hh1APuHL_h0BBCM7eDPYDu57ObECg,67790,67790,LUND,Czesci_zamienne_67790.pdf,Czesci_zamienne_67790.pdf,Rysunki wybuchowe,https://drive.google.com/file/d/1El2Hh1APuHL_h0BBCM7eDPYDu57ObECg/view?usp=drivesdk,https://drive.google.com/uc?export=download&id=1El2Hh1APuHL_h0BBCM7eDPYDu57ObECg,OK,guessed_needs_confirmation,guessed_high,67790,sprawdzić markę
1_Zc_etVgTOm9-8RzR533ZOybznEC9SHf,67805,67805,LUND,Czesci_zamienne_67805.pdf,Czesci_zamienne_67805.pdf,Rysunki wybuchowe,https://drive.google.com/file/d/1_Zc_etVgTOm9-8RzR533ZOybznEC9SHf/view?usp=drivesdk,https://drive.google.com/uc?export=download&id=1_Zc_etVgTOm9-8RzR533ZOybznEC9SHf,OK,guessed_needs_confirmation,guessed_high,67805,sprawdzić markę
1eJtxaZqbmaKByYjKLSVvmj1C5qn7tOvH,67810,67810,LUND,Czesci_zamienne_67810.pdf,Czesci_zamienne_67810.pdf,Rysunki wybuchowe,https://drive.google.com/file/d/1eJtxaZqbmaKByYjKLSVvmj1C5qn7tOvH/view?usp=drivesdk,https://drive.google.com/uc?export=download&id=1eJtxaZqbmaKByYjKLSVvmj1C5qn7tOvH,OK,guessed_needs_confirmation,guessed_high,67810,sprawdzić markę
1RcmNXamJNWXmcIMm4K4IlQawvGK9i-3b,67811,67811,LUND,Czesci_zamienne_67811.pdf,Czesci_zamienne_67811.pdf,Rysunki wybuchowe,https://drive.google.com/file/d/1RcmNXamJNWXmcIMm4K4IlQawvGK9i-3b/view?usp=drivesdk,https://drive.google.com/uc?export=download&id=1RcmNXamJNWXmcIMm4K4IlQawvGK9i-3b,OK,guessed_needs_confirmation,guessed_high,67811,sprawdzić markę
1-eJrYS3weW4cQTAo_XssLj4ZK2swqJ9x,67812,67812,LUND,Czesci_zamienne_67812.pdf,Czesci_zamienne_67812.pdf,Rysunki wybuchowe,https://drive.google.com/file/d/1-eJrYS3weW4cQTAo_XssLj4ZK2swqJ9x/view?usp=drivesdk,https://drive.google.com/uc?export=download&id=1-eJrYS3weW4cQTAo_XssLj4ZK2swqJ9x,OK,guessed_needs_confirmation,guessed_high,67812,sprawdzić markę
1t0ClnsXIhuf3SOsRaiu6K9BIDZT1bCxK,67813,67813,LUND,Czesci_zamienne_67813.pdf,Czesci_zamienne_67813.pdf,Rysunki wybuchowe,https://drive.google.com/file/d/1t0ClnsXIhuf3SOsRaiu6K9BIDZT1bCxK/view?usp=drivesdk,https://drive.google.com/uc?export=download&id=1t0ClnsXIhuf3SOsRaiu6K9BIDZT1bCxK,OK,guessed_needs_confirmation,guessed_high,67813,sprawdzić markę
1Th5eCNZt5tEz-J2_d2gfBLtcOO-it6qB,67814,67814,LUND,Czesci_zamienne_67814.pdf,Czesci_zamienne_67814.pdf,Rysunki wybuchowe,https://drive.google.com/file/d/1Th5eCNZt5tEz-J2_d2gfBLtcOO-it6qB/view?usp=drivesdk,https://drive.google.com/uc?export=download&id=1Th5eCNZt5tEz-J2_d2gfBLtcOO-it6qB,OK,guessed_needs_confirmation,guessed_high,67814,sprawdzić markę
1hXPJARXsGxlMhLH6xWMc6-pa6Xy1kYYA,67815,67815,LUND,Czesci_zamienne_67815.pdf,Czesci_zamienne_67815.pdf,Rysunki wybuchowe,https://drive.google.com/file/d/1hXPJARXsGxlMhLH6xWMc6-pa6Xy1kYYA/view?usp=drivesdk,https://drive.google.com/uc?export=download&id=1hXPJARXsGxlMhLH6xWMc6-pa6Xy1kYYA,OK,guessed_needs_confirmation,guessed_high,67815,sprawdzić markę
1kQxCLXsD-M2Ta2oZQ4hX4fAC5wWLyhTR,67840,67840,LUND,Czesci_zamienne_67840.pdf,Czesci_zamienne_67840.pdf,Rysunki wybuchowe,https://drive.google.com/file/d/1kQxCLXsD-M2Ta2oZQ4hX4fAC5wWLyhTR/view?usp=drivesdk,https://drive.google.com/uc?export=download&id=1kQxCLXsD-M2Ta2oZQ4hX4fAC5wWLyhTR,OK,guessed_needs_confirmation,guessed_high,67840,sprawdzić markę
1zUj-OKPkTiMgqY8CrQK-khGS0bYHynGJ,67841,67841,LUND,Czesci_zamienne_67841.pdf,Czesci_zamienne_67841.pdf,Rysunki wybuchowe,https://drive.google.com/file/d/1zUj-OKPkTiMgqY8CrQK-khGS0bYHynGJ/view?usp=drivesdk,https://drive.google.com/uc?export=download&id=1zUj-OKPkTiMgqY8CrQK-khGS0bYHynGJ,OK,guessed_needs_confirmation,guessed_high,67841,sprawdzić markę
1eP8B5MRroF-qg5gVo8-ek7tPUNzU9zMT,67850,67850,LUND,Czesci_zamienne_67850.pdf,Czesci_zamienne_67850.pdf,Rysunki wybuchowe,https://drive.google.com/file/d/1eP8B5MRroF-qg5gVo8-ek7tPUNzU9zMT/view?usp=drivesdk,https://drive.google.com/uc?export=download&id=1eP8B5MRroF-qg5gVo8-ek7tPUNzU9zMT,OK,guessed_needs_confirmation,guessed_high,67850,sprawdzić markę
1GmgwTOd1vfguL_mz-NE9Hiq_x3y1qN55,67851,67851,LUND,Czesci_zamienne_67851.pdf,Czesci_zamienne_67851.pdf,Rysunki wybuchowe,https://drive.google.com/file/d/1GmgwTOd1vfguL_mz-NE9Hiq_x3y1qN55/view?usp=drivesdk,https://drive.google.com/uc?export=download&id=1GmgwTOd1vfguL_mz-NE9Hiq_x3y1qN55,OK,guessed_needs_confirmation,guessed_high,67851,sprawdzić markę
1-732PiK1edGxZdnQ8MxHuLsfN9RMdfpV,67853,67853,LUND,Czesci_zamienne_67853.pdf,Czesci_zamienne_67853.pdf,Rysunki wybuchowe,https://drive.google.com/file/d/1-732PiK1edGxZdnQ8MxHuLsfN9RMdfpV/view?usp=drivesdk,https://drive.google.com/uc?export=download&id=1-732PiK1edGxZdnQ8MxHuLsfN9RMdfpV,OK,guessed_needs_confirmation,guessed_high,67853,sprawdzić markę
1OsVM1KpYd09brEs1bwLh6JEhwW6nmDlf,67860,67860,LUND,Czesci_zamienne_67860.pdf,Czesci_zamienne_67860.pdf,Rysunki wybuchowe,https://drive.google.com/file/d/1OsVM1KpYd09brEs1bwLh6JEhwW6nmDlf/view?usp=drivesdk,https://drive.google.com/uc?export=download&id=1OsVM1KpYd09brEs1bwLh6JEhwW6nmDlf,OK,guessed_needs_confirmation,guessed_high,67860,sprawdzić markę
1bTgonCVhAGeR7aFTM7K9l2g2Lvl0EuHj,67880,67880,LUND,Czesci_zamienne_67880.pdf,Czesci_zamienne_67880.pdf,Rysunki wybuchowe,https://drive.google.com/file/d/1bTgonCVhAGeR7aFTM7K9l2g2Lvl0EuHj/view?usp=drivesdk,https://drive.google.com/uc?export=download&id=1bTgonCVhAGeR7aFTM7K9l2g2Lvl0EuHj,OK,guessed_needs_confirmation,guessed_high,67880,sprawdzić markę
1ucBOgPIGdvSyCaXOaCKvOASaKu3iA3Z2,67882,67882,LUND,Czesci_zamienne_67882.pdf,Czesci_zamienne_67882.pdf,Rysunki wybuchowe,https://drive.google.com/file/d/1ucBOgPIGdvSyCaXOaCKvOASaKu3iA3Z2/view?usp=drivesdk,https://drive.google.com/uc?export=download&id=1ucBOgPIGdvSyCaXOaCKvOASaKu3iA3Z2,OK,guessed_needs_confirmation,guessed_high,67882,sprawdzić markę
1zwG-w5Oh5cdzBtvAqIbRW1L9eYNwu5NM,67900,67900,LUND,Czesci_zamienne_67900.pdf,Czesci_zamienne_67900.pdf,Rysunki wybuchowe,https://drive.google.com/file/d/1zwG-w5Oh5cdzBtvAqIbRW1L9eYNwu5NM/view?usp=drivesdk,https://drive.google.com/uc?export=download&id=1zwG-w5Oh5cdzBtvAqIbRW1L9eYNwu5NM,OK,guessed_needs_confirmation,guessed_high,67900,sprawdzić markę
1KHvKSFSHikqMVMOoPiTHAZItdFzTs7b3,67901,67901,LUND,Czesci_zamienne_67901.pdf,Czesci_zamienne_67901.pdf,Rysunki wybuchowe,https://drive.google.com/file/d/1KHvKSFSHikqMVMOoPiTHAZItdFzTs7b3/view?usp=drivesdk,https://drive.google.com/uc?export=download&id=1KHvKSFSHikqMVMOoPiTHAZItdFzTs7b3,OK,guessed_needs_confirmation,guessed_high,67901,sprawdzić markę
18rSuJxPC5qR7hVG3H-OJgis22oPmUgk0,67950,67950,LUND,Czesci_zamienne_67950.pdf,Czesci_zamienne_67950.pdf,Rysunki wybuchowe,https://drive.google.com/file/d/18rSuJxPC5qR7hVG3H-OJgis22oPmUgk0/view?usp=drivesdk,https://drive.google.com/uc?export=download&id=18rSuJxPC5qR7hVG3H-OJgis22oPmUgk0,OK,guessed_needs_confirmation,guessed_high,67950,sprawdzić markę
16BGYYk5hawSvTdjdz6nmJHLaZRLk6f0I,67961,67961,LUND,Czesci_zamienne_67961.pdf,Czesci_zamienne_67961.pdf,Rysunki wybuchowe,https://drive.google.com/file/d/16BGYYk5hawSvTdjdz6nmJHLaZRLk6f0I/view?usp=drivesdk,https://drive.google.com/uc?export=download&id=16BGYYk5hawSvTdjdz6nmJHLaZRLk6f0I,OK,guessed_needs_confirmation,guessed_high,67961,sprawdzić markę
1JDPpy_iF2aG0ouv9-PndgBhsxKCBPOCP,68010,68010,LUND,Czesci_zamienne_68010.pdf,Czesci_zamienne_68010.pdf,Rysunki wybuchowe,https://drive.google.com/file/d/1JDPpy_iF2aG0ouv9-PndgBhsxKCBPOCP/view?usp=drivesdk,https://drive.google.com/uc?export=download&id=1JDPpy_iF2aG0ouv9-PndgBhsxKCBPOCP,OK,guessed_needs_confirmation,guessed_high,68010,sprawdzić markę
1itdDfxB5IWfakC3PYREIbu9qFHUb-FkP,68011,68011,LUND,Czesci_zamienne_68011.pdf,Czesci_zamienne_68011.pdf,Rysunki wybuchowe,https://drive.google.com/file/d/1itdDfxB5IWfakC3PYREIbu9qFHUb-FkP/view?usp=drivesdk,https://drive.google.com/uc?export=download&id=1itdDfxB5IWfakC3PYREIbu9qFHUb-FkP,OK,guessed_needs_confirmation,guessed_high,68011,sprawdzić markę
1YR_2QZ_jCrcIcorsJht0vsD0_8EaBPST,68015,68015,LUND,Czesci_zamienne_68015.pdf,Czesci_zamienne_68015.pdf,Rysunki wybuchowe,https://drive.google.com/file/d/1YR_2QZ_jCrcIcorsJht0vsD0_8EaBPST/view?usp=drivesdk,https://drive.google.com/uc?export=download&id=1YR_2QZ_jCrcIcorsJht0vsD0_8EaBPST,OK,guessed_needs_confirmation,guessed_high,68015,sprawdzić markę
12k8eLHOTNBl9Wns7_NwCGjoO7A3E7WwA,68016,68016,LUND,Czesci_zamienne_68016.pdf,Czesci_zamienne_68016.pdf,Rysunki wybuchowe,https://drive.google.com/file/d/12k8eLHOTNBl9Wns7_NwCGjoO7A3E7WwA/view?usp=drivesdk,https://drive.google.com/uc?export=download&id=12k8eLHOTNBl9Wns7_NwCGjoO7A3E7WwA,OK,guessed_needs_confirmation,guessed_high,68016,sprawdzić markę
1kugooUP6ehz1o9GpYLoKgkmRvn8V4FVd,68032,68032,LUND,Czesci_zamienne_68032.pdf,Czesci_zamienne_68032.pdf,Rysunki wybuchowe,https://drive.google.com/file/d/1kugooUP6ehz1o9GpYLoKgkmRvn8V4FVd/view?usp=drivesdk,https://drive.google.com/uc?export=download&id=1kugooUP6ehz1o9GpYLoKgkmRvn8V4FVd,OK,guessed_needs_confirmation,guessed_high,68032,sprawdzić markę
1LzkT_BH5UACrieFWMQk3pGmUqli_2vj7,68033,68033,LUND,Czesci_zamienne_68033.pdf,Czesci_zamienne_68033.pdf,Rysunki wybuchowe,https://drive.google.com/file/d/1LzkT_BH5UACrieFWMQk3pGmUqli_2vj7/view?usp=drivesdk,https://drive.google.com/uc?export=download&id=1LzkT_BH5UACrieFWMQk3pGmUqli_2vj7,OK,guessed_needs_confirmation,guessed_high,68033,sprawdzić markę
18EKd33cYttcAIOUUml726YKIZy7a70te,68050,68050,LUND,Czesci_zamienne_68050.pdf,Czesci_zamienne_68050.pdf,Rysunki wybuchowe,https://drive.google.com/file/d/18EKd33cYttcAIOUUml726YKIZy7a70te/view?usp=drivesdk,https://drive.google.com/uc?export=download&id=18EKd33cYttcAIOUUml726YKIZy7a70te,OK,guessed_needs_confirmation,guessed_high,68050,sprawdzić markę
1y54halHwT4dgxSQaplumo4qtyKxqHSuO,68051,68051,LUND,Czesci_zamienne_68051.pdf,Czesci_zamienne_68051.pdf,Rysunki wybuchowe,https://drive.google.com/file/d/1y54halHwT4dgxSQaplumo4qtyKxqHSuO/view?usp=drivesdk,https://drive.google.com/uc?export=download&id=1y54halHwT4dgxSQaplumo4qtyKxqHSuO,OK,guessed_needs_confirmation,guessed_high,68051,sprawdzić markę
15fHilGd0EQceROaKxzwRkhMs3hIkvIOC,68052,68052,LUND,Czesci_zamienne_68052.pdf,Czesci_zamienne_68052.pdf,Rysunki wybuchowe,https://drive.google.com/file/d/15fHilGd0EQceROaKxzwRkhMs3hIkvIOC/view?usp=drivesdk,https://drive.google.com/uc?export=download&id=15fHilGd0EQceROaKxzwRkhMs3hIkvIOC,OK,guessed_needs_confirmation,guessed_high,68052,sprawdzić markę
1JiV9xzhwVEfGeP9GYf7A1bwO7fTTlJQb,68053,68053,LUND,Czesci_zamienne_68053.pdf,Czesci_zamienne_68053.pdf,Rysunki wybuchowe,https://drive.google.com/file/d/1JiV9xzhwVEfGeP9GYf7A1bwO7fTTlJQb/view?usp=drivesdk,https://drive.google.com/uc?export=download&id=1JiV9xzhwVEfGeP9GYf7A1bwO7fTTlJQb,OK,guessed_needs_confirmation,guessed_high,68053,sprawdzić markę
1s_XhcReiJ-APMR_W09yCjIA1lwnCbn1j,68090,68090,LUND,Czesci_zamienne_68090.pdf,Czesci_zamienne_68090.pdf,Rysunki wybuchowe,https://drive.google.com/file/d/1s_XhcReiJ-APMR_W09yCjIA1lwnCbn1j/view?usp=drivesdk,https://drive.google.com/uc?export=download&id=1s_XhcReiJ-APMR_W09yCjIA1lwnCbn1j,OK,guessed_needs_confirmation,guessed_high,68090,sprawdzić markę
1sTwLTkPO09tS1AycZYOQMwmNJbwSfgJz,68100,68100,LUND,Czesci_zamienne_68100.pdf,Czesci_zamienne_68100.pdf,Rysunki wybuchowe,https://drive.google.com/file/d/1sTwLTkPO09tS1AycZYOQMwmNJbwSfgJz/view?usp=drivesdk,https://drive.google.com/uc?export=download&id=1sTwLTkPO09tS1AycZYOQMwmNJbwSfgJz,OK,guessed_needs_confirmation,guessed_high,68100,sprawdzić markę
1KZIrptc1tEyM0LsvOCwZ4n_hQzwuT8Y8,68115,68115,LUND,Czesci_zamienne_68115.pdf,Czesci_zamienne_68115.pdf,Rysunki wybuchowe,https://drive.google.com/file/d/1KZIrptc1tEyM0LsvOCwZ4n_hQzwuT8Y8/view?usp=drivesdk,https://drive.google.com/uc?export=download&id=1KZIrptc1tEyM0LsvOCwZ4n_hQzwuT8Y8,OK,guessed_needs_confirmation,guessed_high,68115,sprawdzić markę
1qIhSw2K1Ib1bmgxlo9FunzdoJ9e09QwG,68116,68116,LUND,Czesci_zamienne_68116.pdf,Czesci_zamienne_68116.pdf,Rysunki wybuchowe,https://drive.google.com/file/d/1qIhSw2K1Ib1bmgxlo9FunzdoJ9e09QwG/view?usp=drivesdk,https://drive.google.com/uc?export=download&id=1qIhSw2K1Ib1bmgxlo9FunzdoJ9e09QwG,OK,guessed_needs_confirmation,guessed_high,68116,sprawdzić markę
1Yf56CkUZvtrCzPsHCbrRuacQAETB2tnh,68172,68172,LUND,Czesci_zamienne_68172.pdf,Czesci_zamienne_68172.pdf,Rysunki wybuchowe,https://drive.google.com/file/d/1Yf56CkUZvtrCzPsHCbrRuacQAETB2tnh/view?usp=drivesdk,https://drive.google.com/uc?export=download&id=1Yf56CkUZvtrCzPsHCbrRuacQAETB2tnh,OK,guessed_needs_confirmation,guessed_high,68172,sprawdzić markę
18FXcfiSVEMMOTuMJRkp7AytieByvghzY,68173,68173,LUND,Czesci_zamienne_68173.pdf,Czesci_zamienne_68173.pdf,Rysunki wybuchowe,https://drive.google.com/file/d/18FXcfiSVEMMOTuMJRkp7AytieByvghzY/view?usp=drivesdk,https://drive.google.com/uc?export=download&id=18FXcfiSVEMMOTuMJRkp7AytieByvghzY,OK,guessed_needs_confirmation,guessed_high,68173,sprawdzić markę
15U7tmRitQJAaSxC6UD3B3oS451A4UPoU,68174,68174,LUND,Czesci_zamienne_68174.pdf,Czesci_zamienne_68174.pdf,Rysunki wybuchowe,https://drive.google.com/file/d/15U7tmRitQJAaSxC6UD3B3oS451A4UPoU/view?usp=drivesdk,https://drive.google.com/uc?export=download&id=15U7tmRitQJAaSxC6UD3B3oS451A4UPoU,OK,guessed_needs_confirmation,guessed_high,68174,sprawdzić markę
1LXYEedTVlUe0opdPRquobrQnrf71zDSR,68193,68193,LUND,Czesci_zamienne_68193.pdf,Czesci_zamienne_68193.pdf,Rysunki wybuchowe,https://drive.google.com/file/d/1LXYEedTVlUe0opdPRquobrQnrf71zDSR/view?usp=drivesdk,https://drive.google.com/uc?export=download&id=1LXYEedTVlUe0opdPRquobrQnrf71zDSR,OK,guessed_needs_confirmation,guessed_high,68193,sprawdzić markę
1b9cwP4-ANPCThZQd0viYbq-McT5u4ULg,68194,68194,LUND,Czesci_zamienne_68194.pdf,Czesci_zamienne_68194.pdf,Rysunki wybuchowe,https://drive.google.com/file/d/1b9cwP4-ANPCThZQd0viYbq-McT5u4ULg/view?usp=drivesdk,https://drive.google.com/uc?export=download&id=1b9cwP4-ANPCThZQd0viYbq-McT5u4ULg,OK,guessed_needs_confirmation,guessed_high,68194,sprawdzić markę
1vysCeoKCGQUs-R2QuJPWTNHChxLlAPJV,68195,68195,LUND,Czesci_zamienne_68195.pdf,Czesci_zamienne_68195.pdf,Rysunki wybuchowe,https://drive.google.com/file/d/1vysCeoKCGQUs-R2QuJPWTNHChxLlAPJV/view?usp=drivesdk,https://drive.google.com/uc?export=download&id=1vysCeoKCGQUs-R2QuJPWTNHChxLlAPJV,OK,guessed_needs_confirmation,guessed_high,68195,sprawdzić markę
1G43WXea30oPt-Lhr-PMVnYTkSCi30xac,68206,68206,LUND,Czesci_zamienne_68206 68207 68208 68209.pdf,Czesci_zamienne_68206 68207 68208 68209.pdf,Rysunki wybuchowe,https://drive.google.com/file/d/1G43WXea30oPt-Lhr-PMVnYTkSCi30xac/view?usp=drivesdk,https://drive.google.com/uc?export=download&id=1G43WXea30oPt-Lhr-PMVnYTkSCi30xac,OK,guessed_needs_confirmation,guessed_high,68206,sprawdzić markę
1LQPeWi-rAOHHft-3u1IW7L-PySzBYhh8,68216,68216,LUND,Czesci_zamienne_68216.pdf,Czesci_zamienne_68216.pdf,Rysunki wybuchowe,https://drive.google.com/file/d/1LQPeWi-rAOHHft-3u1IW7L-PySzBYhh8/view?usp=drivesdk,https://drive.google.com/uc?export=download&id=1LQPeWi-rAOHHft-3u1IW7L-PySzBYhh8,OK,guessed_needs_confirmation,guessed_high,68216,sprawdzić markę
1h-k0mTYeD1zi5STGS6y9QWCr4Xx2YxbV,68217,68217,LUND,Czesci_zamienne_68217.pdf,Czesci_zamienne_68217.pdf,Rysunki wybuchowe,https://drive.google.com/file/d/1h-k0mTYeD1zi5STGS6y9QWCr4Xx2YxbV/view?usp=drivesdk,https://drive.google.com/uc?export=download&id=1h-k0mTYeD1zi5STGS6y9QWCr4Xx2YxbV,OK,guessed_needs_confirmation,guessed_high,68217,sprawdzić markę
1BMD-iNrhKVZNoxnyc2ONE8fuZiCBagci,68218,68218,LUND,Czesci_zamienne_68218.pdf,Czesci_zamienne_68218.pdf,Rysunki wybuchowe,https://drive.google.com/file/d/1BMD-iNrhKVZNoxnyc2ONE8fuZiCBagci/view?usp=drivesdk,https://drive.google.com/uc?export=download&id=1BMD-iNrhKVZNoxnyc2ONE8fuZiCBagci,OK,guessed_needs_confirmation,guessed_high,68218,sprawdzić markę
1GlJn6x3b90bP0hjsqy_ej0qy__ttbAeo,68219-68223,6821968223,LUND,Czesci_zamienne_68219_68223.pdf,Czesci_zamienne_68219_68223.pdf,Rysunki wybuchowe,https://drive.google.com/file/d/1GlJn6x3b90bP0hjsqy_ej0qy__ttbAeo/view?usp=drivesdk,https://drive.google.com/uc?export=download&id=1GlJn6x3b90bP0hjsqy_ej0qy__ttbAeo,OK,guessed_needs_confirmation,guessed_high,68219-68223,sprawdzić markę
1psrarZ08GxHpV32BduIFhdbnBLdunxlt,68250,68250,LUND,Czesci_zamienne_68250.pdf,Czesci_zamienne_68250.pdf,Rysunki wybuchowe,https://drive.google.com/file/d/1psrarZ08GxHpV32BduIFhdbnBLdunxlt/view?usp=drivesdk,https://drive.google.com/uc?export=download&id=1psrarZ08GxHpV32BduIFhdbnBLdunxlt,OK,guessed_needs_confirmation,guessed_high,68250,sprawdzić markę
1x9wsvjAW_-5rbu8z2UzOa2TSdpJu1bEb,68251,68251,LUND,Czesci_zamienne_68251.pdf,Czesci_zamienne_68251.pdf,Rysunki wybuchowe,https://drive.google.com/file/d/1x9wsvjAW_-5rbu8z2UzOa2TSdpJu1bEb/view?usp=drivesdk,https://drive.google.com/uc?export=download&id=1x9wsvjAW_-5rbu8z2UzOa2TSdpJu1bEb,OK,guessed_needs_confirmation,guessed_high,68251,sprawdzić markę
1R9gpvxDc-8mT_HYutC4wa3XEkD6sF8Q-,68260,68260,LUND,Czesci_zamienne_68260.pdf,Czesci_zamienne_68260.pdf,Rysunki wybuchowe,https://drive.google.com/file/d/1R9gpvxDc-8mT_HYutC4wa3XEkD6sF8Q-/view?usp=drivesdk,https://drive.google.com/uc?export=download&id=1R9gpvxDc-8mT_HYutC4wa3XEkD6sF8Q-,OK,guessed_needs_confirmation,guessed_high,68260,sprawdzić markę
16gz5TAMMYACrZL5eq3aaqAiKyr60ajsP,68270,68270,LUND,Czesci_zamienne_68270.pdf,Czesci_zamienne_68270.pdf,Rysunki wybuchowe,https://drive.google.com/file/d/16gz5TAMMYACrZL5eq3aaqAiKyr60ajsP/view?usp=drivesdk,https://drive.google.com/uc?export=download&id=16gz5TAMMYACrZL5eq3aaqAiKyr60ajsP,OK,guessed_needs_confirmation,guessed_high,68270,sprawdzić markę
1tCHh5iVgTNXeO-0ubNu-cY6RrUtvPAF4,68271,68271,LUND,Czesci_zamienne_68271.pdf,Czesci_zamienne_68271.pdf,Rysunki wybuchowe,https://drive.google.com/file/d/1tCHh5iVgTNXeO-0ubNu-cY6RrUtvPAF4/view?usp=drivesdk,https://drive.google.com/uc?export=download&id=1tCHh5iVgTNXeO-0ubNu-cY6RrUtvPAF4,OK,guessed_needs_confirmation,guessed_high,68271,sprawdzić markę
1tZvd7BpIVC8fd7LPG7EnwnWS84W6CrDc,68272,68272,LUND,Czesci_zamienne_68272.pdf,Czesci_zamienne_68272.pdf,Rysunki wybuchowe,https://drive.google.com/file/d/1tZvd7BpIVC8fd7LPG7EnwnWS84W6CrDc/view?usp=drivesdk,https://drive.google.com/uc?export=download&id=1tZvd7BpIVC8fd7LPG7EnwnWS84W6CrDc,OK,guessed_needs_confirmation,guessed_high,68272,sprawdzić markę
14oV0c9ueIlXhrid34Sj7U9-gzGivB3_4,68273,68273,LUND,Czesci_zamienne_68273.pdf,Czesci_zamienne_68273.pdf,Rysunki wybuchowe,https://drive.google.com/file/d/14oV0c9ueIlXhrid34Sj7U9-gzGivB3_4/view?usp=drivesdk,https://drive.google.com/uc?export=download&id=14oV0c9ueIlXhrid34Sj7U9-gzGivB3_4,OK,guessed_needs_confirmation,guessed_high,68273,sprawdzić markę
1nF1PE5pvOYwJWj1p_o9Hq5jcPhHUeoPV,68280,68280,LUND,Czesci_zamienne_68280.pdf,Czesci_zamienne_68280.pdf,Rysunki wybuchowe,https://drive.google.com/file/d/1nF1PE5pvOYwJWj1p_o9Hq5jcPhHUeoPV/view?usp=drivesdk,https://drive.google.com/uc?export=download&id=1nF1PE5pvOYwJWj1p_o9Hq5jcPhHUeoPV,OK,guessed_needs_confirmation,guessed_high,68280,sprawdzić markę
1pTOBooQlKQUqV9ojSW11yvN6W-Cy34mP,68281,68281,LUND,Czesci_zamienne_68281.pdf,Czesci_zamienne_68281.pdf,Rysunki wybuchowe,https://drive.google.com/file/d/1pTOBooQlKQUqV9ojSW11yvN6W-Cy34mP/view?usp=drivesdk,https://drive.google.com/uc?export=download&id=1pTOBooQlKQUqV9ojSW11yvN6W-Cy34mP,OK,guessed_needs_confirmation,guessed_high,68281,sprawdzić markę
1pQSW-RzgX52fzy2qCp-uk-Tmc7KIx5C7,68477,68477,LUND,Czesci_zamienne_68477.pdf,Czesci_zamienne_68477.pdf,Rysunki wybuchowe,https://drive.google.com/file/d/1pQSW-RzgX52fzy2qCp-uk-Tmc7KIx5C7/view?usp=drivesdk,https://drive.google.com/uc?export=download&id=1pQSW-RzgX52fzy2qCp-uk-Tmc7KIx5C7,OK,guessed_needs_confirmation,guessed_high,68477,sprawdzić markę
1TSLsMvrwnRG1lGQTnTOOTFYwCRRrbbkZ,68480,68480,LUND,Czesci_zamienne_68480.pdf,Czesci_zamienne_68480.pdf,Rysunki wybuchowe,https://drive.google.com/file/d/1TSLsMvrwnRG1lGQTnTOOTFYwCRRrbbkZ/view?usp=drivesdk,https://drive.google.com/uc?export=download&id=1TSLsMvrwnRG1lGQTnTOOTFYwCRRrbbkZ,OK,guessed_needs_confirmation,guessed_high,68480,sprawdzić markę
1hkM9Bs9bcjmyK6cOLHG-YPDQjIxzFMIb,68481,68481,LUND,Czesci_zamienne_68481.pdf,Czesci_zamienne_68481.pdf,Rysunki wybuchowe,https://drive.google.com/file/d/1hkM9Bs9bcjmyK6cOLHG-YPDQjIxzFMIb/view?usp=drivesdk,https://drive.google.com/uc?export=download&id=1hkM9Bs9bcjmyK6cOLHG-YPDQjIxzFMIb,OK,guessed_needs_confirmation,guessed_high,68481,sprawdzić markę
1BmY-I3XWXWaFuSrBFp7nu-_YhUaWRDz8,68501,68501,LUND,Czesci_zamienne_68501.pdf,Czesci_zamienne_68501.pdf,Rysunki wybuchowe,https://drive.google.com/file/d/1BmY-I3XWXWaFuSrBFp7nu-_YhUaWRDz8/view?usp=drivesdk,https://drive.google.com/uc?export=download&id=1BmY-I3XWXWaFuSrBFp7nu-_YhUaWRDz8,OK,guessed_needs_confirmation,guessed_high,68501,sprawdzić markę
1rZxyvUdDPyQVaRK-SCsHRt0Ff1jeFjgX,68502,68502,LUND,Czesci_zamienne_68502.pdf,Czesci_zamienne_68502.pdf,Rysunki wybuchowe,https://drive.google.com/file/d/1rZxyvUdDPyQVaRK-SCsHRt0Ff1jeFjgX/view?usp=drivesdk,https://drive.google.com/uc?export=download&id=1rZxyvUdDPyQVaRK-SCsHRt0Ff1jeFjgX,OK,guessed_needs_confirmation,guessed_high,68502,sprawdzić markę
1FB4xXT8ZsD0iTtIMRniyyI606j_DB4iY,68510,68510,LUND,Czesci_zamienne_68510.pdf,Czesci_zamienne_68510.pdf,Rysunki wybuchowe,https://drive.google.com/file/d/1FB4xXT8ZsD0iTtIMRniyyI606j_DB4iY/view?usp=drivesdk,https://drive.google.com/uc?export=download&id=1FB4xXT8ZsD0iTtIMRniyyI606j_DB4iY,OK,guessed_needs_confirmation,guessed_high,68510,sprawdzić markę
1ZHv-KtM0-VBaUIC4wYjAQOvoEFWuCFOe,68650,68650,LUND,Czesci_zamienne_68650.pdf,Czesci_zamienne_68650.pdf,Rysunki wybuchowe,https://drive.google.com/file/d/1ZHv-KtM0-VBaUIC4wYjAQOvoEFWuCFOe/view?usp=drivesdk,https://drive.google.com/uc?export=download&id=1ZHv-KtM0-VBaUIC4wYjAQOvoEFWuCFOe,OK,guessed_needs_confirmation,guessed_high,68650,sprawdzić markę
1yXg67R3HTcEXS4NGEO6HUH8xB-4AukI5,68651,68651,LUND,Czesci_zamienne_68651.pdf,Czesci_zamienne_68651.pdf,Rysunki wybuchowe,https://drive.google.com/file/d/1yXg67R3HTcEXS4NGEO6HUH8xB-4AukI5/view?usp=drivesdk,https://drive.google.com/uc?export=download&id=1yXg67R3HTcEXS4NGEO6HUH8xB-4AukI5,OK,guessed_needs_confirmation,guessed_high,68651,sprawdzić markę
1AfnCxtGNSfioIbpVApiCi39qCPiaTw8X,68652,68652,LUND,Czesci_zamienne_68652.pdf,Czesci_zamienne_68652.pdf,Rysunki wybuchowe,https://drive.google.com/file/d/1AfnCxtGNSfioIbpVApiCi39qCPiaTw8X/view?usp=drivesdk,https://drive.google.com/uc?export=download&id=1AfnCxtGNSfioIbpVApiCi39qCPiaTw8X,OK,guessed_needs_confirmation,guessed_high,68652,sprawdzić markę
1KCLT3gdez_mM0NC9Eeh9ch6Qr_F7cauO,68791,68791,LUND,Czesci_zamienne_68791.pdf,Czesci_zamienne_68791.pdf,Rysunki wybuchowe,https://drive.google.com/file/d/1KCLT3gdez_mM0NC9Eeh9ch6Qr_F7cauO/view?usp=drivesdk,https://drive.google.com/uc?export=download&id=1KCLT3gdez_mM0NC9Eeh9ch6Qr_F7cauO,OK,guessed_needs_confirmation,guessed_high,68791,sprawdzić markę
1hvRa9rnEqrxP1X62VSd9qf241GYuimvC,68792,68792,LUND,Czesci_zamienne_68792.pdf,Czesci_zamienne_68792.pdf,Rysunki wybuchowe,https://drive.google.com/file/d/1hvRa9rnEqrxP1X62VSd9qf241GYuimvC/view?usp=drivesdk,https://drive.google.com/uc?export=download&id=1hvRa9rnEqrxP1X62VSd9qf241GYuimvC,OK,guessed_needs_confirmation,guessed_high,68792,sprawdzić markę
1aNaojBY37kRICtQ6WkOeKjtlI9Dm0aDO,68793,68793,LUND,Czesci_zamienne_68793.pdf,Czesci_zamienne_68793.pdf,Rysunki wybuchowe,https://drive.google.com/file/d/1aNaojBY37kRICtQ6WkOeKjtlI9Dm0aDO/view?usp=drivesdk,https://drive.google.com/uc?export=download&id=1aNaojBY37kRICtQ6WkOeKjtlI9Dm0aDO,OK,guessed_needs_confirmation,guessed_high,68793,sprawdzić markę
1O2A--OzQc5J1DdNZqxS_i-hiLiERGotq,70280,70280,LUND,Czesci_zamienne_70280.pdf,Czesci_zamienne_70280.pdf,Rysunki wybuchowe,https://drive.google.com/file/d/1O2A--OzQc5J1DdNZqxS_i-hiLiERGotq/view?usp=drivesdk,https://drive.google.com/uc?export=download&id=1O2A--OzQc5J1DdNZqxS_i-hiLiERGotq,OK,guessed_needs_confirmation,guessed_low,70280,sprawdzić markę
1sNav0wPmLS78pFC2ZFNqGmgqSmFgiPn_,71500,71500,LUND,Czesci_zamienne_71500.pdf,Czesci_zamienne_71500.pdf,Rysunki wybuchowe,https://drive.google.com/file/d/1sNav0wPmLS78pFC2ZFNqGmgqSmFgiPn_/view?usp=drivesdk,https://drive.google.com/uc?export=download&id=1sNav0wPmLS78pFC2ZFNqGmgqSmFgiPn_,OK,guessed_needs_confirmation,guessed_low,71500,sprawdzić markę
1etGMUo-snHA2-lPNUsnXcdbcvp_2oHx0,72928,72928,LUND,Czesci_zamienne_72928.pdf,Czesci_zamienne_72928.pdf,Rysunki wybuchowe,https://drive.google.com/file/d/1etGMUo-snHA2-lPNUsnXcdbcvp_2oHx0/view?usp=drivesdk,https://drive.google.com/uc?export=download&id=1etGMUo-snHA2-lPNUsnXcdbcvp_2oHx0,OK,guessed_needs_confirmation,guessed_low,72928,sprawdzić markę
11ZL0EDRcOIgF1V5qpozXiVHvb2D4d4kT,72930,72930,LUND,Czesci_zamienne_72930.pdf,Czesci_zamienne_72930.pdf,Rysunki wybuchowe,https://drive.google.com/file/d/11ZL0EDRcOIgF1V5qpozXiVHvb2D4d4kT/view?usp=drivesdk,https://drive.google.com/uc?export=download&id=11ZL0EDRcOIgF1V5qpozXiVHvb2D4d4kT,OK,guessed_needs_confirmation,guessed_low,72930,sprawdzić markę
1xj3l2AaEtD7nOwO0dSlLxn2_bAs_eo7Q,73056,73056,LUND,Czesci_zamienne_73056.pdf,Czesci_zamienne_73056.pdf,Rysunki wybuchowe,https://drive.google.com/file/d/1xj3l2AaEtD7nOwO0dSlLxn2_bAs_eo7Q/view?usp=drivesdk,https://drive.google.com/uc?export=download&id=1xj3l2AaEtD7nOwO0dSlLxn2_bAs_eo7Q,OK,guessed_needs_confirmation,guessed_medium,73056,sprawdzić markę
1ijx7LHkIJpJzo9gHU6AI1XdAwAPRjOOe,73200,73200,LUND,Czesci_zamienne_73200.pdf,Czesci_zamienne_73200.pdf,Rysunki wybuchowe,https://drive.google.com/file/d/1ijx7LHkIJpJzo9gHU6AI1XdAwAPRjOOe/view?usp=drivesdk,https://drive.google.com/uc?export=download&id=1ijx7LHkIJpJzo9gHU6AI1XdAwAPRjOOe,OK,guessed_needs_confirmation,guessed_medium,73200,sprawdzić markę
1Cx6ta-4YuAvjMnxc5tzXayzGteuK5N9m,73201,73201,LUND,Czesci_zamienne_73201.pdf,Czesci_zamienne_73201.pdf,Rysunki wybuchowe,https://drive.google.com/file/d/1Cx6ta-4YuAvjMnxc5tzXayzGteuK5N9m/view?usp=drivesdk,https://drive.google.com/uc?export=download&id=1Cx6ta-4YuAvjMnxc5tzXayzGteuK5N9m,OK,guessed_needs_confirmation,guessed_medium,73201,sprawdzić markę
1CFi1FRfOCYA3x-ROsInf-d9vL47nge8I,73202,73202,LUND,Czesci_zamienne_73202.pdf,Czesci_zamienne_73202.pdf,Rysunki wybuchowe,https://drive.google.com/file/d/1CFi1FRfOCYA3x-ROsInf-d9vL47nge8I/view?usp=drivesdk,https://drive.google.com/uc?export=download&id=1CFi1FRfOCYA3x-ROsInf-d9vL47nge8I,OK,guessed_needs_confirmation,guessed_medium,73202,sprawdzić markę
1ON5Svay2Im1N5Sxv5WzP85kti8vtd8Zm,73203,73203,LUND,Czesci_zamienne_73203.pdf,Czesci_zamienne_73203.pdf,Rysunki wybuchowe,https://drive.google.com/file/d/1ON5Svay2Im1N5Sxv5WzP85kti8vtd8Zm/view?usp=drivesdk,https://drive.google.com/uc?export=download&id=1ON5Svay2Im1N5Sxv5WzP85kti8vtd8Zm,OK,guessed_needs_confirmation,guessed_medium,73203,sprawdzić markę
1sccR21AhMdj7inafmlYxELtgJadVIAxi,73400,73400,LUND,Czesci_zamienne_73400.pdf,Czesci_zamienne_73400.pdf,Rysunki wybuchowe,https://drive.google.com/file/d/1sccR21AhMdj7inafmlYxELtgJadVIAxi/view?usp=drivesdk,https://drive.google.com/uc?export=download&id=1sccR21AhMdj7inafmlYxELtgJadVIAxi,OK,guessed_needs_confirmation,guessed_medium,73400,sprawdzić markę
1eSdK1WQN-ptwRGO-_eUEQsDTo3aF3euk,73403,73403,LUND,Czesci_zamienne_73403.pdf,Czesci_zamienne_73403.pdf,Rysunki wybuchowe,https://drive.google.com/file/d/1eSdK1WQN-ptwRGO-_eUEQsDTo3aF3euk/view?usp=drivesdk,https://drive.google.com/uc?export=download&id=1eSdK1WQN-ptwRGO-_eUEQsDTo3aF3euk,OK,guessed_needs_confirmation,guessed_medium,73403,sprawdzić markę
1hOBE2GdZ33LWxb_IttabsGNWqCns6OIf,73410,73410,LUND,Czesci_zamienne_73410.pdf,Czesci_zamienne_73410.pdf,Rysunki wybuchowe,https://drive.google.com/file/d/1hOBE2GdZ33LWxb_IttabsGNWqCns6OIf/view?usp=drivesdk,https://drive.google.com/uc?export=download&id=1hOBE2GdZ33LWxb_IttabsGNWqCns6OIf,OK,guessed_needs_confirmation,guessed_medium,73410,sprawdzić markę
1TFoxwXQmqin82NfXfztTUdX33TuIIusg,73420,73420,LUND,Czesci_zamienne_73420.pdf,Czesci_zamienne_73420.pdf,Rysunki wybuchowe,https://drive.google.com/file/d/1TFoxwXQmqin82NfXfztTUdX33TuIIusg/view?usp=drivesdk,https://drive.google.com/uc?export=download&id=1TFoxwXQmqin82NfXfztTUdX33TuIIusg,OK,guessed_needs_confirmation,guessed_medium,73420,sprawdzić markę
1f55q7HLIiAq1SquYekfdvY5h7PUnKJ4k,73470,73470,LUND,Czesci_zamienne_73470.pdf,Czesci_zamienne_73470.pdf,Rysunki wybuchowe,https://drive.google.com/file/d/1f55q7HLIiAq1SquYekfdvY5h7PUnKJ4k/view?usp=drivesdk,https://drive.google.com/uc?export=download&id=1f55q7HLIiAq1SquYekfdvY5h7PUnKJ4k,OK,guessed_needs_confirmation,guessed_medium,73470,sprawdzić markę
1gdc59j4HOfF2GiurbLxzeOQWlaTG5PjH,73473,73473,LUND,Czesci_zamienne_73473.pdf,Czesci_zamienne_73473.pdf,Rysunki wybuchowe,https://drive.google.com/file/d/1gdc59j4HOfF2GiurbLxzeOQWlaTG5PjH/view?usp=drivesdk,https://drive.google.com/uc?export=download&id=1gdc59j4HOfF2GiurbLxzeOQWlaTG5PjH,OK,guessed_needs_confirmation,guessed_medium,73473,sprawdzić markę
1aDT78tKCGU5YnJD2pOudadr_DPFTcJCX,77990,77990,STHOR,Czesci_zamienne_77990.pdf,Czesci_zamienne_77990.pdf,Rysunki wybuchowe,https://drive.google.com/file/d/1aDT78tKCGU5YnJD2pOudadr_DPFTcJCX/view?usp=drivesdk,https://drive.google.com/uc?export=download&id=1aDT78tKCGU5YnJD2pOudadr_DPFTcJCX,OK,guessed_needs_confirmation,guessed_medium,77990,sprawdzić markę
171FFpWqspB7zbrFcUlZPReGlUpW7nnbn,78080,78080,STHOR,Czesci_zamienne_78080.pdf,Czesci_zamienne_78080.pdf,Rysunki wybuchowe,https://drive.google.com/file/d/171FFpWqspB7zbrFcUlZPReGlUpW7nnbn/view?usp=drivesdk,https://drive.google.com/uc?export=download&id=171FFpWqspB7zbrFcUlZPReGlUpW7nnbn,OK,guessed_needs_confirmation,guessed_medium,78080,sprawdzić markę
1MiuYB5fT9kkMW8Q1mqzFW6aEBzgLANpR,78081,78081,STHOR,Czesci_zamienne_78081.pdf,Czesci_zamienne_78081.pdf,Rysunki wybuchowe,https://drive.google.com/file/d/1MiuYB5fT9kkMW8Q1mqzFW6aEBzgLANpR/view?usp=drivesdk,https://drive.google.com/uc?export=download&id=1MiuYB5fT9kkMW8Q1mqzFW6aEBzgLANpR,OK,guessed_needs_confirmation,guessed_medium,78081,sprawdzić markę
1uZeOqYSoYaIMZ_ymyhUNqkHwI5hNMLcS,78082,78082,STHOR,Czesci_zamienne_78082.pdf,Czesci_zamienne_78082.pdf,Rysunki wybuchowe,https://drive.google.com/file/d/1uZeOqYSoYaIMZ_ymyhUNqkHwI5hNMLcS/view?usp=drivesdk,https://drive.google.com/uc?export=download&id=1uZeOqYSoYaIMZ_ymyhUNqkHwI5hNMLcS,OK,guessed_needs_confirmation,guessed_medium,78082,sprawdzić markę
19rP3SoESSSEasRXC0RAMmBiCEmig7weP,78084,78084,STHOR,Czesci_zamienne_78084.pdf,Czesci_zamienne_78084.pdf,Rysunki wybuchowe,https://drive.google.com/file/d/19rP3SoESSSEasRXC0RAMmBiCEmig7weP/view?usp=drivesdk,https://drive.google.com/uc?export=download&id=19rP3SoESSSEasRXC0RAMmBiCEmig7weP,OK,guessed_needs_confirmation,guessed_medium,78084,sprawdzić markę
1R4qRR90DiCd-3rwCVWU1GvT5IFlKivKJ,78085,78085,STHOR,Czesci_zamienne_78085.pdf,Czesci_zamienne_78085.pdf,Rysunki wybuchowe,https://drive.google.com/file/d/1R4qRR90DiCd-3rwCVWU1GvT5IFlKivKJ/view?usp=drivesdk,https://drive.google.com/uc?export=download&id=1R4qRR90DiCd-3rwCVWU1GvT5IFlKivKJ,OK,guessed_needs_confirmation,guessed_medium,78085,sprawdzić markę
1skoRNbb63f8ejj-MTqL1_TDeZN0wQCat,78090,78090,STHOR,Czesci_zamienne_78090.pdf,Czesci_zamienne_78090.pdf,Rysunki wybuchowe,https://drive.google.com/file/d/1skoRNbb63f8ejj-MTqL1_TDeZN0wQCat/view?usp=drivesdk,https://drive.google.com/uc?export=download&id=1skoRNbb63f8ejj-MTqL1_TDeZN0wQCat,OK,guessed_needs_confirmation,guessed_medium,78090,sprawdzić markę
15s0pOzar-fzpsvTPGW3OwAyelBtMyuhS,78091,78091,STHOR,Czesci_zamienne_78091.pdf,Czesci_zamienne_78091.pdf,Rysunki wybuchowe,https://drive.google.com/file/d/15s0pOzar-fzpsvTPGW3OwAyelBtMyuhS/view?usp=drivesdk,https://drive.google.com/uc?export=download&id=15s0pOzar-fzpsvTPGW3OwAyelBtMyuhS,OK,guessed_needs_confirmation,guessed_medium,78091,sprawdzić markę
1cRmu1gT1NeGgD5OV3zoRVW85XUirlKhb,78107,78107,STHOR,Czesci_zamienne_78107.pdf,Czesci_zamienne_78107.pdf,Rysunki wybuchowe,https://drive.google.com/file/d/1cRmu1gT1NeGgD5OV3zoRVW85XUirlKhb/view?usp=drivesdk,https://drive.google.com/uc?export=download&id=1cRmu1gT1NeGgD5OV3zoRVW85XUirlKhb,OK,guessed_needs_confirmation,guessed_medium,78107,sprawdzić markę
1ttxq25qpVfb-GBCaZo278M0D1ymtP7Sr,78113,78113,STHOR,Czesci_zamienne_78113.pdf,Czesci_zamienne_78113.pdf,Rysunki wybuchowe,https://drive.google.com/file/d/1ttxq25qpVfb-GBCaZo278M0D1ymtP7Sr/view?usp=drivesdk,https://drive.google.com/uc?export=download&id=1ttxq25qpVfb-GBCaZo278M0D1ymtP7Sr,OK,guessed_needs_confirmation,guessed_medium,78113,sprawdzić markę
1aQvsSjLepLI2r_tSNX0TufyUdKzL6dfP,78123,78123,STHOR,Czesci_zamienne_78123.pdf,Czesci_zamienne_78123.pdf,Rysunki wybuchowe,https://drive.google.com/file/d/1aQvsSjLepLI2r_tSNX0TufyUdKzL6dfP/view?usp=drivesdk,https://drive.google.com/uc?export=download&id=1aQvsSjLepLI2r_tSNX0TufyUdKzL6dfP,OK,guessed_needs_confirmation,guessed_medium,78123,sprawdzić markę
1h9JNpo5v9fag_YOcWrF-X0MGYSbERj7v,78124,78124,STHOR,Czesci_zamienne_78124.pdf,Czesci_zamienne_78124.pdf,Rysunki wybuchowe,https://drive.google.com/file/d/1h9JNpo5v9fag_YOcWrF-X0MGYSbERj7v/view?usp=drivesdk,https://drive.google.com/uc?export=download&id=1h9JNpo5v9fag_YOcWrF-X0MGYSbERj7v,OK,guessed_needs_confirmation,guessed_medium,78124,sprawdzić markę
18jMl5pjafNGmVqHsQnDDpoUWPtYC9PPN,78125,78125,STHOR,Czesci_zamienne_78125.pdf,Czesci_zamienne_78125.pdf,Rysunki wybuchowe,https://drive.google.com/file/d/18jMl5pjafNGmVqHsQnDDpoUWPtYC9PPN/view?usp=drivesdk,https://drive.google.com/uc?export=download&id=18jMl5pjafNGmVqHsQnDDpoUWPtYC9PPN,OK,guessed_needs_confirmation,guessed_medium,78125,sprawdzić markę
1MuBgaB8xVahpJF_Ec55H6BtIwbVsLQch,78136,78136,STHOR,Czesci_zamienne_78136.pdf,Czesci_zamienne_78136.pdf,Rysunki wybuchowe,https://drive.google.com/file/d/1MuBgaB8xVahpJF_Ec55H6BtIwbVsLQch/view?usp=drivesdk,https://drive.google.com/uc?export=download&id=1MuBgaB8xVahpJF_Ec55H6BtIwbVsLQch,OK,guessed_needs_confirmation,guessed_medium,78136,sprawdzić markę
1gQ1Gz54kgMYq3GtaRpVmZMLZsU0aQKBx,78137,78137,STHOR,Czesci_zamienne_78137.pdf,Czesci_zamienne_78137.pdf,Rysunki wybuchowe,https://drive.google.com/file/d/1gQ1Gz54kgMYq3GtaRpVmZMLZsU0aQKBx/view?usp=drivesdk,https://drive.google.com/uc?export=download&id=1gQ1Gz54kgMYq3GtaRpVmZMLZsU0aQKBx,OK,guessed_needs_confirmation,guessed_medium,78137,sprawdzić markę
1GRDRQXiaLWT-N3ASgsEj77-2X1p5-e5v,78138,78138,STHOR,Czesci_zamienne_78138.pdf,Czesci_zamienne_78138.pdf,Rysunki wybuchowe,https://drive.google.com/file/d/1GRDRQXiaLWT-N3ASgsEj77-2X1p5-e5v/view?usp=drivesdk,https://drive.google.com/uc?export=download&id=1GRDRQXiaLWT-N3ASgsEj77-2X1p5-e5v,OK,guessed_needs_confirmation,guessed_medium,78138,sprawdzić markę
1PZ-64VSNZGZtCLMtUnqtN1PfM5GgseQU,78139,78139,STHOR,Czesci_zamienne_78139.pdf,Czesci_zamienne_78139.pdf,Rysunki wybuchowe,https://drive.google.com/file/d/1PZ-64VSNZGZtCLMtUnqtN1PfM5GgseQU/view?usp=drivesdk,https://drive.google.com/uc?export=download&id=1PZ-64VSNZGZtCLMtUnqtN1PfM5GgseQU,OK,guessed_needs_confirmation,guessed_medium,78139,sprawdzić markę
1BGyJvbgKZKKrXENcjBJykCVN9IpoiuCl,78143,78143,STHOR,Czesci_zamienne_78143.pdf,Czesci_zamienne_78143.pdf,Rysunki wybuchowe,https://drive.google.com/file/d/1BGyJvbgKZKKrXENcjBJykCVN9IpoiuCl/view?usp=drivesdk,https://drive.google.com/uc?export=download&id=1BGyJvbgKZKKrXENcjBJykCVN9IpoiuCl,OK,guessed_needs_confirmation,guessed_medium,78143,sprawdzić markę
1Yv1z5sKdvsc5v0DTa_KLWurNPQadvc8i,78151,78151,STHOR,Czesci_zamienne_78151.pdf,Czesci_zamienne_78151.pdf,Rysunki wybuchowe,https://drive.google.com/file/d/1Yv1z5sKdvsc5v0DTa_KLWurNPQadvc8i/view?usp=drivesdk,https://drive.google.com/uc?export=download&id=1Yv1z5sKdvsc5v0DTa_KLWurNPQadvc8i,OK,guessed_needs_confirmation,guessed_medium,78151,sprawdzić markę
1blkMam1sTtRpiw1fDILaIYNvQtKX7CW-,78158,78158,STHOR,Czesci_zamienne_78158.pdf,Czesci_zamienne_78158.pdf,Rysunki wybuchowe,https://drive.google.com/file/d/1blkMam1sTtRpiw1fDILaIYNvQtKX7CW-/view?usp=drivesdk,https://drive.google.com/uc?export=download&id=1blkMam1sTtRpiw1fDILaIYNvQtKX7CW-,OK,guessed_needs_confirmation,guessed_medium,78158,sprawdzić markę
11xqt3MjD0vHJqz4TwpwVQWvyGHLX9s3K,78180,78180,STHOR,Czesci_zamienne_78180.pdf,Czesci_zamienne_78180.pdf,Rysunki wybuchowe,https://drive.google.com/file/d/11xqt3MjD0vHJqz4TwpwVQWvyGHLX9s3K/view?usp=drivesdk,https://drive.google.com/uc?export=download&id=11xqt3MjD0vHJqz4TwpwVQWvyGHLX9s3K,OK,guessed_needs_confirmation,guessed_medium,78180,sprawdzić markę
1KVUM1H-GzKrgrWR_Kca0u6HF2hGD1rBz,78181,78181,STHOR,Czesci_zamienne_78181.pdf,Czesci_zamienne_78181.pdf,Rysunki wybuchowe,https://drive.google.com/file/d/1KVUM1H-GzKrgrWR_Kca0u6HF2hGD1rBz/view?usp=drivesdk,https://drive.google.com/uc?export=download&id=1KVUM1H-GzKrgrWR_Kca0u6HF2hGD1rBz,OK,guessed_needs_confirmation,guessed_medium,78181,sprawdzić markę
1SYWYTbaSSwnrd0VKuojH-9OFs8fsheKw,78184,78184,STHOR,Czesci_zamienne_78184.pdf,Czesci_zamienne_78184.pdf,Rysunki wybuchowe,https://drive.google.com/file/d/1SYWYTbaSSwnrd0VKuojH-9OFs8fsheKw/view?usp=drivesdk,https://drive.google.com/uc?export=download&id=1SYWYTbaSSwnrd0VKuojH-9OFs8fsheKw,OK,guessed_needs_confirmation,guessed_medium,78184,sprawdzić markę
1_pHV8KCxsW0opJyH9LLea4MoxdfHoohn,78185,78185,STHOR,Czesci_zamienne_78185.pdf,Czesci_zamienne_78185.pdf,Rysunki wybuchowe,https://drive.google.com/file/d/1_pHV8KCxsW0opJyH9LLea4MoxdfHoohn/view?usp=drivesdk,https://drive.google.com/uc?export=download&id=1_pHV8KCxsW0opJyH9LLea4MoxdfHoohn,OK,guessed_needs_confirmation,guessed_medium,78185,sprawdzić markę
1EuRH9ZVHMEKhsTSc15n9IXmH2X2xq4KV,78186,78186,STHOR,Czesci_zamienne_78186.pdf,Czesci_zamienne_78186.pdf,Rysunki wybuchowe,https://drive.google.com/file/d/1EuRH9ZVHMEKhsTSc15n9IXmH2X2xq4KV/view?usp=drivesdk,https://drive.google.com/uc?export=download&id=1EuRH9ZVHMEKhsTSc15n9IXmH2X2xq4KV,OK,guessed_needs_confirmation,guessed_medium,78186,sprawdzić markę
1rinwg36OopXb6FyQFNPGzfBurUqBI0o5,78187,78187,STHOR,Czesci_zamienne_78187.pdf,Czesci_zamienne_78187.pdf,Rysunki wybuchowe,https://drive.google.com/file/d/1rinwg36OopXb6FyQFNPGzfBurUqBI0o5/view?usp=drivesdk,https://drive.google.com/uc?export=download&id=1rinwg36OopXb6FyQFNPGzfBurUqBI0o5,OK,guessed_needs_confirmation,guessed_medium,78187,sprawdzić markę
1y_lAjQ72op1mlosEWC1xw4BsrxZHgfi_,78190,78190,STHOR,Czesci_zamienne_78190.pdf,Czesci_zamienne_78190.pdf,Rysunki wybuchowe,https://drive.google.com/file/d/1y_lAjQ72op1mlosEWC1xw4BsrxZHgfi_/view?usp=drivesdk,https://drive.google.com/uc?export=download&id=1y_lAjQ72op1mlosEWC1xw4BsrxZHgfi_,OK,guessed_needs_confirmation,guessed_medium,78190,sprawdzić markę
1R8gfaNYt8xvmxJ_pKCAHAlBtEuBSgyTy,78203,78203,STHOR,Czesci_zamienne_78203.pdf,Czesci_zamienne_78203.pdf,Rysunki wybuchowe,https://drive.google.com/file/d/1R8gfaNYt8xvmxJ_pKCAHAlBtEuBSgyTy/view?usp=drivesdk,https://drive.google.com/uc?export=download&id=1R8gfaNYt8xvmxJ_pKCAHAlBtEuBSgyTy,OK,guessed_needs_confirmation,guessed_medium,78203,sprawdzić markę
1JW85iD8Tt32Htbg26ST2a26cTt5gxZXe,78204,78204,STHOR,Czesci_zamienne_78204.pdf,Czesci_zamienne_78204.pdf,Rysunki wybuchowe,https://drive.google.com/file/d/1JW85iD8Tt32Htbg26ST2a26cTt5gxZXe/view?usp=drivesdk,https://drive.google.com/uc?export=download&id=1JW85iD8Tt32Htbg26ST2a26cTt5gxZXe,OK,guessed_needs_confirmation,guessed_medium,78204,sprawdzić markę
1JK5ITrJXHzB2oXjgYvIuPJbhLgQd8bK0,78210,78210,STHOR,Czesci_zamienne_78210.pdf,Czesci_zamienne_78210.pdf,Rysunki wybuchowe,https://drive.google.com/file/d/1JK5ITrJXHzB2oXjgYvIuPJbhLgQd8bK0/view?usp=drivesdk,https://drive.google.com/uc?export=download&id=1JK5ITrJXHzB2oXjgYvIuPJbhLgQd8bK0,OK,guessed_needs_confirmation,guessed_medium,78210,sprawdzić markę
1I4yTI8YTxo5QMCX0R4oX6NtTlK1qe23y,78211,78211,STHOR,Czesci_zamienne_78211.pdf,Czesci_zamienne_78211.pdf,Rysunki wybuchowe,https://drive.google.com/file/d/1I4yTI8YTxo5QMCX0R4oX6NtTlK1qe23y/view?usp=drivesdk,https://drive.google.com/uc?export=download&id=1I4yTI8YTxo5QMCX0R4oX6NtTlK1qe23y,OK,guessed_needs_confirmation,guessed_medium,78211,sprawdzić markę
1zEn3MUHE7l1QYhGC9IAEGcoXnptmtm3u,78641,78641,STHOR,Czesci_zamienne_78641.pdf,Czesci_zamienne_78641.pdf,Rysunki wybuchowe,https://drive.google.com/file/d/1zEn3MUHE7l1QYhGC9IAEGcoXnptmtm3u/view?usp=drivesdk,https://drive.google.com/uc?export=download&id=1zEn3MUHE7l1QYhGC9IAEGcoXnptmtm3u,OK,guessed_needs_confirmation,guessed_medium,78641,sprawdzić markę
1VMxFl9-OhSHjecghUHTpu-Ozi1NuaBhR,78854,78854,STHOR,Czesci_zamienne_78854.pdf,Czesci_zamienne_78854.pdf,Rysunki wybuchowe,https://drive.google.com/file/d/1VMxFl9-OhSHjecghUHTpu-Ozi1NuaBhR/view?usp=drivesdk,https://drive.google.com/uc?export=download&id=1VMxFl9-OhSHjecghUHTpu-Ozi1NuaBhR,OK,guessed_needs_confirmation,guessed_medium,78854,sprawdzić markę
1LWjgQuR7qFomvTBPzQqkRd6-8KnYyhek,78855,78855,STHOR,Czesci_zamienne_78855.pdf,Czesci_zamienne_78855.pdf,Rysunki wybuchowe,https://drive.google.com/file/d/1LWjgQuR7qFomvTBPzQqkRd6-8KnYyhek/view?usp=drivesdk,https://drive.google.com/uc?export=download&id=1LWjgQuR7qFomvTBPzQqkRd6-8KnYyhek,OK,guessed_needs_confirmation,guessed_medium,78855,sprawdzić markę
1sEBk4Zl2xdmhDebgBcI9CBdpjS66-_Dj,78910,78910,STHOR,Czesci_zamienne_78910.pdf,Czesci_zamienne_78910.pdf,Rysunki wybuchowe,https://drive.google.com/file/d/1sEBk4Zl2xdmhDebgBcI9CBdpjS66-_Dj/view?usp=drivesdk,https://drive.google.com/uc?export=download&id=1sEBk4Zl2xdmhDebgBcI9CBdpjS66-_Dj,OK,guessed_needs_confirmation,guessed_medium,78910,sprawdzić markę
1mBZWY0PNlmOl8PypSUQLhsGPufLN0BCo,78911,78911,STHOR,Czesci_zamienne_78911.pdf,Czesci_zamienne_78911.pdf,Rysunki wybuchowe,https://drive.google.com/file/d/1mBZWY0PNlmOl8PypSUQLhsGPufLN0BCo/view?usp=drivesdk,https://drive.google.com/uc?export=download&id=1mBZWY0PNlmOl8PypSUQLhsGPufLN0BCo,OK,guessed_needs_confirmation,guessed_medium,78911,sprawdzić markę
16jW75hRrDuiDETcOCE_ZHjonWJmssZnp,78970,78970,STHOR,Czesci_zamienne_78970.pdf,Czesci_zamienne_78970.pdf,Rysunki wybuchowe,https://drive.google.com/file/d/16jW75hRrDuiDETcOCE_ZHjonWJmssZnp/view?usp=drivesdk,https://drive.google.com/uc?export=download&id=16jW75hRrDuiDETcOCE_ZHjonWJmssZnp,OK,guessed_needs_confirmation,guessed_medium,78970,sprawdzić markę
1DmAmFTtW3X-7gc7NwFo9C29wdfV7wwj4,78972,78972,STHOR,Czesci_zamienne_78972.pdf,Czesci_zamienne_78972.pdf,Rysunki wybuchowe,https://drive.google.com/file/d/1DmAmFTtW3X-7gc7NwFo9C29wdfV7wwj4/view?usp=drivesdk,https://drive.google.com/uc?export=download&id=1DmAmFTtW3X-7gc7NwFo9C29wdfV7wwj4,OK,guessed_needs_confirmation,guessed_medium,78972,sprawdzić markę
1Se_MNpqSXfsNlTKixcv5nEWHcEfo6q5g,78974,78974,STHOR,Czesci_zamienne_78974.pdf,Czesci_zamienne_78974.pdf,Rysunki wybuchowe,https://drive.google.com/file/d/1Se_MNpqSXfsNlTKixcv5nEWHcEfo6q5g/view?usp=drivesdk,https://drive.google.com/uc?export=download&id=1Se_MNpqSXfsNlTKixcv5nEWHcEfo6q5g,OK,guessed_needs_confirmation,guessed_medium,78974,sprawdzić markę
13QMXHlwuKu8hVAXaGfQiwYE82cPIadD0,78981,78981,STHOR,Czesci_zamienne_78981.pdf,Czesci_zamienne_78981.pdf,Rysunki wybuchowe,https://drive.google.com/file/d/13QMXHlwuKu8hVAXaGfQiwYE82cPIadD0/view?usp=drivesdk,https://drive.google.com/uc?export=download&id=13QMXHlwuKu8hVAXaGfQiwYE82cPIadD0,OK,guessed_needs_confirmation,guessed_medium,78981,sprawdzić markę
1HBsN199dwL6LKnaN7UrgwLD-mx9dBbi1,78982,78982,STHOR,Czesci_zamienne_78982.pdf,Czesci_zamienne_78982.pdf,Rysunki wybuchowe,https://drive.google.com/file/d/1HBsN199dwL6LKnaN7UrgwLD-mx9dBbi1/view?usp=drivesdk,https://drive.google.com/uc?export=download&id=1HBsN199dwL6LKnaN7UrgwLD-mx9dBbi1,OK,guessed_needs_confirmation,guessed_medium,78982,sprawdzić markę
1jCX4JPk1HR-fbjayH-GlQ21ho828_pqL,78983,78983,STHOR,Czesci_zamienne_78983.pdf,Czesci_zamienne_78983.pdf,Rysunki wybuchowe,https://drive.google.com/file/d/1jCX4JPk1HR-fbjayH-GlQ21ho828_pqL/view?usp=drivesdk,https://drive.google.com/uc?export=download&id=1jCX4JPk1HR-fbjayH-GlQ21ho828_pqL,OK,guessed_needs_confirmation,guessed_medium,78983,sprawdzić markę
1ey2rGdiRWPxPu5Z_cHG6qvkEKCTkKnHr,78992,78992,STHOR,Czesci_zamienne_78992.pdf,Czesci_zamienne_78992.pdf,Rysunki wybuchowe,https://drive.google.com/file/d/1ey2rGdiRWPxPu5Z_cHG6qvkEKCTkKnHr/view?usp=drivesdk,https://drive.google.com/uc?export=download&id=1ey2rGdiRWPxPu5Z_cHG6qvkEKCTkKnHr,OK,guessed_needs_confirmation,guessed_medium,78992,sprawdzić markę
17_JncLWGXF31vgqAS9GWk6qYe494JTQB,78995,78995,STHOR,Czesci_zamienne_78995.pdf,Czesci_zamienne_78995.pdf,Rysunki wybuchowe,https://drive.google.com/file/d/17_JncLWGXF31vgqAS9GWk6qYe494JTQB/view?usp=drivesdk,https://drive.google.com/uc?export=download&id=17_JncLWGXF31vgqAS9GWk6qYe494JTQB,OK,guessed_needs_confirmation,guessed_medium,78995,sprawdzić markę
1xqCXpeDRWBBacCwH2iAcqjfkuGSWvOh0,78997,78997,STHOR,Czesci_zamienne_78997.pdf,Czesci_zamienne_78997.pdf,Rysunki wybuchowe,https://drive.google.com/file/d/1xqCXpeDRWBBacCwH2iAcqjfkuGSWvOh0/view?usp=drivesdk,https://drive.google.com/uc?export=download&id=1xqCXpeDRWBBacCwH2iAcqjfkuGSWvOh0,OK,guessed_needs_confirmation,guessed_medium,78997,sprawdzić markę
1hLK_kIPPGNWFmXr-kjg643kHujpWWtG6,79002,79002,STHOR,Czesci_zamienne_79002.pdf,Czesci_zamienne_79002.pdf,Rysunki wybuchowe,https://drive.google.com/file/d/1hLK_kIPPGNWFmXr-kjg643kHujpWWtG6/view?usp=drivesdk,https://drive.google.com/uc?export=download&id=1hLK_kIPPGNWFmXr-kjg643kHujpWWtG6,OK,guessed_needs_confirmation,guessed_medium,79002,sprawdzić markę
1O_cQ1s6V1vgc4Wnoa6Issv2qV8jDRk-A,79007,79007,STHOR,Czesci_zamienne_79007.pdf,Czesci_zamienne_79007.pdf,Rysunki wybuchowe,https://drive.google.com/file/d/1O_cQ1s6V1vgc4Wnoa6Issv2qV8jDRk-A/view?usp=drivesdk,https://drive.google.com/uc?export=download&id=1O_cQ1s6V1vgc4Wnoa6Issv2qV8jDRk-A,OK,guessed_needs_confirmation,guessed_medium,79007,sprawdzić markę
1BEf0wDZh0W9yuT2pF5SIi-yRFuJRm9_S,79012,79012,STHOR,Czesci_zamienne_79012.pdf,Czesci_zamienne_79012.pdf,Rysunki wybuchowe,https://drive.google.com/file/d/1BEf0wDZh0W9yuT2pF5SIi-yRFuJRm9_S/view?usp=drivesdk,https://drive.google.com/uc?export=download&id=1BEf0wDZh0W9yuT2pF5SIi-yRFuJRm9_S,OK,guessed_needs_confirmation,guessed_medium,79012,sprawdzić markę
1Lnr-gLwYfm0hLq0lNZrVM8sRGUZPBclX,79013,79013,STHOR,Czesci_zamienne_79013.pdf,Czesci_zamienne_79013.pdf,Rysunki wybuchowe,https://drive.google.com/file/d/1Lnr-gLwYfm0hLq0lNZrVM8sRGUZPBclX/view?usp=drivesdk,https://drive.google.com/uc?export=download&id=1Lnr-gLwYfm0hLq0lNZrVM8sRGUZPBclX,OK,guessed_needs_confirmation,guessed_medium,79013,sprawdzić markę
17e4Y_eV5jH-oaVMNOwgbyr0Tk1PvRk-R,79015,79015,STHOR,Czesci_zamienne_79015.pdf,Czesci_zamienne_79015.pdf,Rysunki wybuchowe,https://drive.google.com/file/d/17e4Y_eV5jH-oaVMNOwgbyr0Tk1PvRk-R/view?usp=drivesdk,https://drive.google.com/uc?export=download&id=17e4Y_eV5jH-oaVMNOwgbyr0Tk1PvRk-R,OK,guessed_needs_confirmation,guessed_medium,79015,sprawdzić markę
1WohxUKSw9HgG1YxtDJcRKJX5-ZNDxwvs,79018,79018,STHOR,Czesci_zamienne_79018.pdf,Czesci_zamienne_79018.pdf,Rysunki wybuchowe,https://drive.google.com/file/d/1WohxUKSw9HgG1YxtDJcRKJX5-ZNDxwvs/view?usp=drivesdk,https://drive.google.com/uc?export=download&id=1WohxUKSw9HgG1YxtDJcRKJX5-ZNDxwvs,OK,guessed_needs_confirmation,guessed_medium,79018,sprawdzić markę
1jWYjESOGSdFOxF493UszKL2vfa4aA1W3,79023,79023,STHOR,Czesci_zamienne_79023.pdf,Czesci_zamienne_79023.pdf,Rysunki wybuchowe,https://drive.google.com/file/d/1jWYjESOGSdFOxF493UszKL2vfa4aA1W3/view?usp=drivesdk,https://drive.google.com/uc?export=download&id=1jWYjESOGSdFOxF493UszKL2vfa4aA1W3,OK,guessed_needs_confirmation,guessed_medium,79023,sprawdzić markę
1J3c9VyF09P6zoSQkk3dWOX-ZaDS0V0lc,79026,79026,STHOR,Czesci_zamienne_79026.pdf,Czesci_zamienne_79026.pdf,Rysunki wybuchowe,https://drive.google.com/file/d/1J3c9VyF09P6zoSQkk3dWOX-ZaDS0V0lc/view?usp=drivesdk,https://drive.google.com/uc?export=download&id=1J3c9VyF09P6zoSQkk3dWOX-ZaDS0V0lc,OK,guessed_needs_confirmation,guessed_medium,79026,sprawdzić markę
1z1tqwPbSky6FRL7FriIylGqB2r06Gm7x,79031,79031,STHOR,Czesci_zamienne_79031.pdf,Czesci_zamienne_79031.pdf,Rysunki wybuchowe,https://drive.google.com/file/d/1z1tqwPbSky6FRL7FriIylGqB2r06Gm7x/view?usp=drivesdk,https://drive.google.com/uc?export=download&id=1z1tqwPbSky6FRL7FriIylGqB2r06Gm7x,OK,guessed_needs_confirmation,guessed_medium,79031,sprawdzić markę
1Zpa-mI6K6lTfZKNzG3KxT3RV-9zcQQnZ,79032,79032,STHOR,Czesci_zamienne_79032.pdf,Czesci_zamienne_79032.pdf,Rysunki wybuchowe,https://drive.google.com/file/d/1Zpa-mI6K6lTfZKNzG3KxT3RV-9zcQQnZ/view?usp=drivesdk,https://drive.google.com/uc?export=download&id=1Zpa-mI6K6lTfZKNzG3KxT3RV-9zcQQnZ,OK,guessed_needs_confirmation,guessed_medium,79032,sprawdzić markę
1-5qMz6jbDMuSMYGtQ3gL0b0mY2V6P8sg,79033,79033,STHOR,Czesci_zamienne_79033.pdf,Czesci_zamienne_79033.pdf,Rysunki wybuchowe,https://drive.google.com/file/d/1-5qMz6jbDMuSMYGtQ3gL0b0mY2V6P8sg/view?usp=drivesdk,https://drive.google.com/uc?export=download&id=1-5qMz6jbDMuSMYGtQ3gL0b0mY2V6P8sg,OK,guessed_needs_confirmation,guessed_medium,79033,sprawdzić markę
1IRUuvBdlQkAhkCxd_RXh_juJxYSr59Wx,79034,79034,STHOR,Czesci_zamienne_79034.pdf,Czesci_zamienne_79034.pdf,Rysunki wybuchowe,https://drive.google.com/file/d/1IRUuvBdlQkAhkCxd_RXh_juJxYSr59Wx/view?usp=drivesdk,https://drive.google.com/uc?export=download&id=1IRUuvBdlQkAhkCxd_RXh_juJxYSr59Wx,OK,guessed_needs_confirmation,guessed_medium,79034,sprawdzić markę
17WB9GG2QYkOcDdE4x0hvu8xRSNXtFDUh,79036,79036,STHOR,Czesci_zamienne_79036.pdf,Czesci_zamienne_79036.pdf,Rysunki wybuchowe,https://drive.google.com/file/d/17WB9GG2QYkOcDdE4x0hvu8xRSNXtFDUh/view?usp=drivesdk,https://drive.google.com/uc?export=download&id=17WB9GG2QYkOcDdE4x0hvu8xRSNXtFDUh,OK,guessed_needs_confirmation,guessed_medium,79036,sprawdzić markę
1-oCLlTzbVWNBhW6J_qMgVWkPzsECEcC2,79046,79046,STHOR,Czesci_zamienne_79046.pdf,Czesci_zamienne_79046.pdf,Rysunki wybuchowe,https://drive.google.com/file/d/1-oCLlTzbVWNBhW6J_qMgVWkPzsECEcC2/view?usp=drivesdk,https://drive.google.com/uc?export=download&id=1-oCLlTzbVWNBhW6J_qMgVWkPzsECEcC2,OK,guessed_needs_confirmation,guessed_medium,79046,sprawdzić markę
1Yf3OHbJYabwO0GsEArlBId01NjmwvTgx,79047,79047,STHOR,Czesci_zamienne_79047.pdf,Czesci_zamienne_79047.pdf,Rysunki wybuchowe,https://drive.google.com/file/d/1Yf3OHbJYabwO0GsEArlBId01NjmwvTgx/view?usp=drivesdk,https://drive.google.com/uc?export=download&id=1Yf3OHbJYabwO0GsEArlBId01NjmwvTgx,OK,guessed_needs_confirmation,guessed_medium,79047,sprawdzić markę
1Vfut3pUjIMKYwktEldXG0wCJst3mYLVN,79048,79048,STHOR,Czesci_zamienne_79048.pdf,Czesci_zamienne_79048.pdf,Rysunki wybuchowe,https://drive.google.com/file/d/1Vfut3pUjIMKYwktEldXG0wCJst3mYLVN/view?usp=drivesdk,https://drive.google.com/uc?export=download&id=1Vfut3pUjIMKYwktEldXG0wCJst3mYLVN,OK,guessed_needs_confirmation,guessed_medium,79048,sprawdzić markę
1PHT9YgeXoHtUP62jXe1dw-medNR2hJMX,79049,79049,STHOR,Czesci_zamienne_79049.pdf,Czesci_zamienne_79049.pdf,Rysunki wybuchowe,https://drive.google.com/file/d/1PHT9YgeXoHtUP62jXe1dw-medNR2hJMX/view?usp=drivesdk,https://drive.google.com/uc?export=download&id=1PHT9YgeXoHtUP62jXe1dw-medNR2hJMX,OK,guessed_needs_confirmation,guessed_medium,79049,sprawdzić markę
1Fbm26KFkhe_YCPasJkSws4TLT_gvqFnX,79053,79053,STHOR,Czesci_zamienne_79053.pdf,Czesci_zamienne_79053.pdf,Rysunki wybuchowe,https://drive.google.com/file/d/1Fbm26KFkhe_YCPasJkSws4TLT_gvqFnX/view?usp=drivesdk,https://drive.google.com/uc?export=download&id=1Fbm26KFkhe_YCPasJkSws4TLT_gvqFnX,OK,guessed_needs_confirmation,guessed_medium,79053,sprawdzić markę
1-mp_iGtBEPNf-v0ikEe_rHuP4SsNV_nx,79054,79054,STHOR,Czesci_zamienne_79054.pdf,Czesci_zamienne_79054.pdf,Rysunki wybuchowe,https://drive.google.com/file/d/1-mp_iGtBEPNf-v0ikEe_rHuP4SsNV_nx/view?usp=drivesdk,https://drive.google.com/uc?export=download&id=1-mp_iGtBEPNf-v0ikEe_rHuP4SsNV_nx,OK,guessed_needs_confirmation,guessed_medium,79054,sprawdzić markę
1vfcj1TCZWHe66kQT2JkuFSPhVstr0Srx,79056,79056,STHOR,Czesci_zamienne_79056.pdf,Czesci_zamienne_79056.pdf,Rysunki wybuchowe,https://drive.google.com/file/d/1vfcj1TCZWHe66kQT2JkuFSPhVstr0Srx/view?usp=drivesdk,https://drive.google.com/uc?export=download&id=1vfcj1TCZWHe66kQT2JkuFSPhVstr0Srx,OK,guessed_needs_confirmation,guessed_medium,79056,sprawdzić markę
1EC7OPAYblDi974BllvM4joGS2Q9VMCqx,79071,79071,STHOR,Czesci_zamienne_79071.pdf,Czesci_zamienne_79071.pdf,Rysunki wybuchowe,https://drive.google.com/file/d/1EC7OPAYblDi974BllvM4joGS2Q9VMCqx/view?usp=drivesdk,https://drive.google.com/uc?export=download&id=1EC7OPAYblDi974BllvM4joGS2Q9VMCqx,OK,guessed_needs_confirmation,guessed_medium,79071,sprawdzić markę
1X_on74CigPZjWBawtM6NVtcMxQqKr1hp,79076,79076,STHOR,Czesci_zamienne_79076.pdf,Czesci_zamienne_79076.pdf,Rysunki wybuchowe,https://drive.google.com/file/d/1X_on74CigPZjWBawtM6NVtcMxQqKr1hp/view?usp=drivesdk,https://drive.google.com/uc?export=download&id=1X_on74CigPZjWBawtM6NVtcMxQqKr1hp,OK,guessed_needs_confirmation,guessed_medium,79076,sprawdzić markę
12ciSmc-3pa7ZPVehaWtr9XiTL19BS4QO,79090,79090,STHOR,Czesci_zamienne_79090.pdf,Czesci_zamienne_79090.pdf,Rysunki wybuchowe,https://drive.google.com/file/d/12ciSmc-3pa7ZPVehaWtr9XiTL19BS4QO/view?usp=drivesdk,https://drive.google.com/uc?export=download&id=12ciSmc-3pa7ZPVehaWtr9XiTL19BS4QO,OK,guessed_needs_confirmation,guessed_medium,79090,sprawdzić markę
1ZKNMRILAGEJrIA2_y9VdIsVH6zBdnKUb,79093,79093,STHOR,Czesci_zamienne_79093.pdf,Czesci_zamienne_79093.pdf,Rysunki wybuchowe,https://drive.google.com/file/d/1ZKNMRILAGEJrIA2_y9VdIsVH6zBdnKUb/view?usp=drivesdk,https://drive.google.com/uc?export=download&id=1ZKNMRILAGEJrIA2_y9VdIsVH6zBdnKUb,OK,guessed_needs_confirmation,guessed_medium,79093,sprawdzić markę
1JbjMbj7KnTlFYRUpiHPhL6ti0H5kbWFB,79094,79094,STHOR,Czesci_zamienne_79094.pdf,Czesci_zamienne_79094.pdf,Rysunki wybuchowe,https://drive.google.com/file/d/1JbjMbj7KnTlFYRUpiHPhL6ti0H5kbWFB/view?usp=drivesdk,https://drive.google.com/uc?export=download&id=1JbjMbj7KnTlFYRUpiHPhL6ti0H5kbWFB,OK,guessed_needs_confirmation,guessed_medium,79094,sprawdzić markę
1ztHR7br6KPbQVe_eQ_ilROc8hMe4xDim,79099,79099,STHOR,Czesci_zamienne_79099.pdf,Czesci_zamienne_79099.pdf,Rysunki wybuchowe,https://drive.google.com/file/d/1ztHR7br6KPbQVe_eQ_ilROc8hMe4xDim/view?usp=drivesdk,https://drive.google.com/uc?export=download&id=1ztHR7br6KPbQVe_eQ_ilROc8hMe4xDim,OK,guessed_needs_confirmation,guessed_medium,79099,sprawdzić markę
1R-rW9RPyG40aLX_ZikpY8JjA47lfiXVa,79100,79100,STHOR,Czesci_zamienne_79100.pdf,Czesci_zamienne_79100.pdf,Rysunki wybuchowe,https://drive.google.com/file/d/1R-rW9RPyG40aLX_ZikpY8JjA47lfiXVa/view?usp=drivesdk,https://drive.google.com/uc?export=download&id=1R-rW9RPyG40aLX_ZikpY8JjA47lfiXVa,OK,guessed_needs_confirmation,guessed_medium,79100,sprawdzić markę
1Y7zLf-uVcdZbNrWYY7DghL9993CIVF2j,79101,79101,STHOR,Czesci_zamienne_79101.pdf,Czesci_zamienne_79101.pdf,Rysunki wybuchowe,https://drive.google.com/file/d/1Y7zLf-uVcdZbNrWYY7DghL9993CIVF2j/view?usp=drivesdk,https://drive.google.com/uc?export=download&id=1Y7zLf-uVcdZbNrWYY7DghL9993CIVF2j,OK,guessed_needs_confirmation,guessed_medium,79101,sprawdzić markę
1c7jkwhjsooWNjVnf5BC6Msn779GaN22R,79104,79104,STHOR,Czesci_zamienne_79104.pdf,Czesci_zamienne_79104.pdf,Rysunki wybuchowe,https://drive.google.com/file/d/1c7jkwhjsooWNjVnf5BC6Msn779GaN22R/view?usp=drivesdk,https://drive.google.com/uc?export=download&id=1c7jkwhjsooWNjVnf5BC6Msn779GaN22R,OK,guessed_needs_confirmation,guessed_medium,79104,sprawdzić markę
1Fsuc18Ei1Ir4diYsyqh_WuvGNr8_hoyB,79105,79105,STHOR,Czesci_zamienne_79105.pdf,Czesci_zamienne_79105.pdf,Rysunki wybuchowe,https://drive.google.com/file/d/1Fsuc18Ei1Ir4diYsyqh_WuvGNr8_hoyB/view?usp=drivesdk,https://drive.google.com/uc?export=download&id=1Fsuc18Ei1Ir4diYsyqh_WuvGNr8_hoyB,OK,guessed_needs_confirmation,guessed_medium,79105,sprawdzić markę
1F0p8x7nGsGJbOMGSCfTCfIVSHFsgjBVE,79109,79109,STHOR,Czesci_zamienne_79109.pdf,Czesci_zamienne_79109.pdf,Rysunki wybuchowe,https://drive.google.com/file/d/1F0p8x7nGsGJbOMGSCfTCfIVSHFsgjBVE/view?usp=drivesdk,https://drive.google.com/uc?export=download&id=1F0p8x7nGsGJbOMGSCfTCfIVSHFsgjBVE,OK,guessed_needs_confirmation,guessed_medium,79109,sprawdzić markę
1yxrpIjlnLuEir3bfQTFBUeNq7JIQp1Fb,79113,79113,STHOR,Czesci_zamienne_79113.pdf,Czesci_zamienne_79113.pdf,Rysunki wybuchowe,https://drive.google.com/file/d/1yxrpIjlnLuEir3bfQTFBUeNq7JIQp1Fb/view?usp=drivesdk,https://drive.google.com/uc?export=download&id=1yxrpIjlnLuEir3bfQTFBUeNq7JIQp1Fb,OK,guessed_needs_confirmation,guessed_medium,79113,sprawdzić markę
1R3QprKm7N-l52dDOZykK6eI-yzm9UgNn,79114,79114,STHOR,Czesci_zamienne_79114.pdf,Czesci_zamienne_79114.pdf,Rysunki wybuchowe,https://drive.google.com/file/d/1R3QprKm7N-l52dDOZykK6eI-yzm9UgNn/view?usp=drivesdk,https://drive.google.com/uc?export=download&id=1R3QprKm7N-l52dDOZykK6eI-yzm9UgNn,OK,guessed_needs_confirmation,guessed_medium,79114,sprawdzić markę
1a0PYb-2AuKE_D_j4UyTdsQOer0i2u2Is,79116,79116,STHOR,Czesci_zamienne_79116.pdf,Czesci_zamienne_79116.pdf,Rysunki wybuchowe,https://drive.google.com/file/d/1a0PYb-2AuKE_D_j4UyTdsQOer0i2u2Is/view?usp=drivesdk,https://drive.google.com/uc?export=download&id=1a0PYb-2AuKE_D_j4UyTdsQOer0i2u2Is,OK,guessed_needs_confirmation,guessed_medium,79116,sprawdzić markę
1_FQCzr5S3KvYUxl7tvec9kRdYbp0iP9d,79118,79118,STHOR,Czesci_zamienne_79118.pdf,Czesci_zamienne_79118.pdf,Rysunki wybuchowe,https://drive.google.com/file/d/1_FQCzr5S3KvYUxl7tvec9kRdYbp0iP9d/view?usp=drivesdk,https://drive.google.com/uc?export=download&id=1_FQCzr5S3KvYUxl7tvec9kRdYbp0iP9d,OK,guessed_needs_confirmation,guessed_medium,79118,sprawdzić markę
1IRmwXZvSQNlRYcBUKr64iRpLUwI6NtGg,79120,79120,STHOR,Czesci_zamienne_79120.pdf,Czesci_zamienne_79120.pdf,Rysunki wybuchowe,https://drive.google.com/file/d/1IRmwXZvSQNlRYcBUKr64iRpLUwI6NtGg/view?usp=drivesdk,https://drive.google.com/uc?export=download&id=1IRmwXZvSQNlRYcBUKr64iRpLUwI6NtGg,OK,guessed_needs_confirmation,guessed_medium,79120,sprawdzić markę
1dXWTFM2mvnUB0GJjnOxwkU9qTUB24xgO,79123,79123,STHOR,Czesci_zamienne_79123.pdf,Czesci_zamienne_79123.pdf,Rysunki wybuchowe,https://drive.google.com/file/d/1dXWTFM2mvnUB0GJjnOxwkU9qTUB24xgO/view?usp=drivesdk,https://drive.google.com/uc?export=download&id=1dXWTFM2mvnUB0GJjnOxwkU9qTUB24xgO,OK,guessed_needs_confirmation,guessed_medium,79123,sprawdzić markę
1dLcMEM1b_Bj8oPw4bowgWXzUHitVSnAH,79124,79124,STHOR,Czesci_zamienne_79124.pdf,Czesci_zamienne_79124.pdf,Rysunki wybuchowe,https://drive.google.com/file/d/1dLcMEM1b_Bj8oPw4bowgWXzUHitVSnAH/view?usp=drivesdk,https://drive.google.com/uc?export=download&id=1dLcMEM1b_Bj8oPw4bowgWXzUHitVSnAH,OK,guessed_needs_confirmation,guessed_medium,79124,sprawdzić markę
1YHEf0zGrU6oYoHJI6Uzrx1wSBqSc4unA,79125,79125,STHOR,Czesci_zamienne_79125.pdf,Czesci_zamienne_79125.pdf,Rysunki wybuchowe,https://drive.google.com/file/d/1YHEf0zGrU6oYoHJI6Uzrx1wSBqSc4unA/view?usp=drivesdk,https://drive.google.com/uc?export=download&id=1YHEf0zGrU6oYoHJI6Uzrx1wSBqSc4unA,OK,guessed_needs_confirmation,guessed_medium,79125,sprawdzić markę
1j4QxNIYDcX7mMcD_WmNYaa5J3DE3zgkU,79129,79129,STHOR,Czesci_zamienne_79129.pdf,Czesci_zamienne_79129.pdf,Rysunki wybuchowe,https://drive.google.com/file/d/1j4QxNIYDcX7mMcD_WmNYaa5J3DE3zgkU/view?usp=drivesdk,https://drive.google.com/uc?export=download&id=1j4QxNIYDcX7mMcD_WmNYaa5J3DE3zgkU,OK,guessed_needs_confirmation,guessed_medium,79129,sprawdzić markę
1S33LPCTbEURd-Mk8OW4CYY-0aRiypA-E,79135,79135,STHOR,Czesci_zamienne_79135.pdf,Czesci_zamienne_79135.pdf,Rysunki wybuchowe,https://drive.google.com/file/d/1S33LPCTbEURd-Mk8OW4CYY-0aRiypA-E/view?usp=drivesdk,https://drive.google.com/uc?export=download&id=1S33LPCTbEURd-Mk8OW4CYY-0aRiypA-E,OK,guessed_needs_confirmation,guessed_medium,79135,sprawdzić markę
1qXLZsA82lFHcsLyZYJuse2fgVU_PkSTI,79141,79141,STHOR,Czesci_zamienne_79141.pdf,Czesci_zamienne_79141.pdf,Rysunki wybuchowe,https://drive.google.com/file/d/1qXLZsA82lFHcsLyZYJuse2fgVU_PkSTI/view?usp=drivesdk,https://drive.google.com/uc?export=download&id=1qXLZsA82lFHcsLyZYJuse2fgVU_PkSTI,OK,guessed_needs_confirmation,guessed_medium,79141,sprawdzić markę
1-hpI-ASLvKuzK3vSzcOplpejYPQnu0gC,79143,79143,STHOR,Czesci_zamienne_79143.pdf,Czesci_zamienne_79143.pdf,Rysunki wybuchowe,https://drive.google.com/file/d/1-hpI-ASLvKuzK3vSzcOplpejYPQnu0gC/view?usp=drivesdk,https://drive.google.com/uc?export=download&id=1-hpI-ASLvKuzK3vSzcOplpejYPQnu0gC,OK,guessed_needs_confirmation,guessed_medium,79143,sprawdzić markę
1mXI_fsrobIP9Z1ZUuN4qVrPGNF1x1u_-,79150,79150,STHOR,Czesci_zamienne_79150.pdf,Czesci_zamienne_79150.pdf,Rysunki wybuchowe,https://drive.google.com/file/d/1mXI_fsrobIP9Z1ZUuN4qVrPGNF1x1u_-/view?usp=drivesdk,https://drive.google.com/uc?export=download&id=1mXI_fsrobIP9Z1ZUuN4qVrPGNF1x1u_-,OK,guessed_needs_confirmation,guessed_medium,79150,sprawdzić markę
16D5kV9jImW0kl_I9HEaicwfv6pqfWSKc,79237,79237,STHOR,Czesci_zamienne_79237.pdf,Czesci_zamienne_79237.pdf,Rysunki wybuchowe,https://drive.google.com/file/d/16D5kV9jImW0kl_I9HEaicwfv6pqfWSKc/view?usp=drivesdk,https://drive.google.com/uc?export=download&id=16D5kV9jImW0kl_I9HEaicwfv6pqfWSKc,OK,guessed_needs_confirmation,guessed_medium,79237,sprawdzić markę
1Qi-AbEB1QmeWIkjxpQmryFgbX14rsyXu,79238,79238,STHOR,Czesci_zamienne_79238.pdf,Czesci_zamienne_79238.pdf,Rysunki wybuchowe,https://drive.google.com/file/d/1Qi-AbEB1QmeWIkjxpQmryFgbX14rsyXu/view?usp=drivesdk,https://drive.google.com/uc?export=download&id=1Qi-AbEB1QmeWIkjxpQmryFgbX14rsyXu,OK,guessed_needs_confirmation,guessed_medium,79238,sprawdzić markę
15okrjhE4unDsv4avUbA6DEu5l7c-P6WX,79239,79239,STHOR,Czesci_zamienne_79239.pdf,Czesci_zamienne_79239.pdf,Rysunki wybuchowe,https://drive.google.com/file/d/15okrjhE4unDsv4avUbA6DEu5l7c-P6WX/view?usp=drivesdk,https://drive.google.com/uc?export=download&id=15okrjhE4unDsv4avUbA6DEu5l7c-P6WX,OK,guessed_needs_confirmation,guessed_medium,79239,sprawdzić markę
19ZlvqlfapiAo97bRCcduoD7db_nU7FSc,79240,79240,STHOR,Czesci_zamienne_79240.pdf,Czesci_zamienne_79240.pdf,Rysunki wybuchowe,https://drive.google.com/file/d/19ZlvqlfapiAo97bRCcduoD7db_nU7FSc/view?usp=drivesdk,https://drive.google.com/uc?export=download&id=19ZlvqlfapiAo97bRCcduoD7db_nU7FSc,OK,guessed_needs_confirmation,guessed_medium,79240,sprawdzić markę
1pdp2-_UklAiIEExQluNwX9wos-v8edRT,79248,79248,STHOR,Czesci_zamienne_79248.pdf,Czesci_zamienne_79248.pdf,Rysunki wybuchowe,https://drive.google.com/file/d/1pdp2-_UklAiIEExQluNwX9wos-v8edRT/view?usp=drivesdk,https://drive.google.com/uc?export=download&id=1pdp2-_UklAiIEExQluNwX9wos-v8edRT,OK,guessed_needs_confirmation,guessed_medium,79248,sprawdzić markę
1tlWTKEhqLq_K2V4CiNefm9aOvUx0J48B,79249,79249,STHOR,Czesci_zamienne_79249.pdf,Czesci_zamienne_79249.pdf,Rysunki wybuchowe,https://drive.google.com/file/d/1tlWTKEhqLq_K2V4CiNefm9aOvUx0J48B/view?usp=drivesdk,https://drive.google.com/uc?export=download&id=1tlWTKEhqLq_K2V4CiNefm9aOvUx0J48B,OK,guessed_needs_confirmation,guessed_medium,79249,sprawdzić markę
1UOPjm_W0l9UldHBLDqr654zir8s2q7rM,79252,79252,STHOR,Czesci_zamienne_79252.pdf,Czesci_zamienne_79252.pdf,Rysunki wybuchowe,https://drive.google.com/file/d/1UOPjm_W0l9UldHBLDqr654zir8s2q7rM/view?usp=drivesdk,https://drive.google.com/uc?export=download&id=1UOPjm_W0l9UldHBLDqr654zir8s2q7rM,OK,guessed_needs_confirmation,guessed_medium,79252,sprawdzić markę
1rDwndG7ZNkue2vlpZbMrn0FuTh_tFtBX,79253,79253,STHOR,Czesci_zamienne_79253.pdf,Czesci_zamienne_79253.pdf,Rysunki wybuchowe,https://drive.google.com/file/d/1rDwndG7ZNkue2vlpZbMrn0FuTh_tFtBX/view?usp=drivesdk,https://drive.google.com/uc?export=download&id=1rDwndG7ZNkue2vlpZbMrn0FuTh_tFtBX,OK,guessed_needs_confirmation,guessed_medium,79253,sprawdzić markę
1giLuN7cH1zWQMhct_-GkTBHIag3--sdQ,79254,79254,STHOR,Czesci_zamienne_79254.pdf,Czesci_zamienne_79254.pdf,Rysunki wybuchowe,https://drive.google.com/file/d/1giLuN7cH1zWQMhct_-GkTBHIag3--sdQ/view?usp=drivesdk,https://drive.google.com/uc?export=download&id=1giLuN7cH1zWQMhct_-GkTBHIag3--sdQ,OK,guessed_needs_confirmation,guessed_medium,79254,sprawdzić markę
1EuRI6vckteTC--6wJ2c6VQlS1jleDBm8,79257,79257,STHOR,Czesci_zamienne_79257.pdf,Czesci_zamienne_79257.pdf,Rysunki wybuchowe,https://drive.google.com/file/d/1EuRI6vckteTC--6wJ2c6VQlS1jleDBm8/view?usp=drivesdk,https://drive.google.com/uc?export=download&id=1EuRI6vckteTC--6wJ2c6VQlS1jleDBm8,OK,guessed_needs_confirmation,guessed_medium,79257,sprawdzić markę
1ZoEF57Z9MDvindGmkoZ6DaPKa4xudaWI,79275,79275,STHOR,Czesci_zamienne_79275.pdf,Czesci_zamienne_79275.pdf,Rysunki wybuchowe,https://drive.google.com/file/d/1ZoEF57Z9MDvindGmkoZ6DaPKa4xudaWI/view?usp=drivesdk,https://drive.google.com/uc?export=download&id=1ZoEF57Z9MDvindGmkoZ6DaPKa4xudaWI,OK,guessed_needs_confirmation,guessed_medium,79275,sprawdzić markę
1HRvXCe7mIn0puH53p65TUQqn7PKGR78N,79307,79307,STHOR,Czesci_zamienne_79307.pdf,Czesci_zamienne_79307.pdf,Rysunki wybuchowe,https://drive.google.com/file/d/1HRvXCe7mIn0puH53p65TUQqn7PKGR78N/view?usp=drivesdk,https://drive.google.com/uc?export=download&id=1HRvXCe7mIn0puH53p65TUQqn7PKGR78N,OK,guessed_needs_confirmation,guessed_medium,79307,sprawdzić markę
1VL2_7rmkBKZwiztXPZGFrenAx8es48Yo,79309,79309,STHOR,Czesci_zamienne_79309.pdf,Czesci_zamienne_79309.pdf,Rysunki wybuchowe,https://drive.google.com/file/d/1VL2_7rmkBKZwiztXPZGFrenAx8es48Yo/view?usp=drivesdk,https://drive.google.com/uc?export=download&id=1VL2_7rmkBKZwiztXPZGFrenAx8es48Yo,OK,guessed_needs_confirmation,guessed_medium,79309,sprawdzić markę
1UCtisEy87QTtDBeYroSqv9xrcIydaXSG,79314,79314,STHOR,Czesci_zamienne_79314.pdf,Czesci_zamienne_79314.pdf,Rysunki wybuchowe,https://drive.google.com/file/d/1UCtisEy87QTtDBeYroSqv9xrcIydaXSG/view?usp=drivesdk,https://drive.google.com/uc?export=download&id=1UCtisEy87QTtDBeYroSqv9xrcIydaXSG,OK,guessed_needs_confirmation,guessed_medium,79314,sprawdzić markę
1LUyAJKY9RgjpXEdJJqm6rkjMMdcS_XD2,79318,79318,STHOR,Czesci_zamienne_79318.pdf,Czesci_zamienne_79318.pdf,Rysunki wybuchowe,https://drive.google.com/file/d/1LUyAJKY9RgjpXEdJJqm6rkjMMdcS_XD2/view?usp=drivesdk,https://drive.google.com/uc?export=download&id=1LUyAJKY9RgjpXEdJJqm6rkjMMdcS_XD2,OK,guessed_needs_confirmation,guessed_medium,79318,sprawdzić markę
19vuAEzV4iQEjxybhwffE2ClYkUUWsKrU,79319,79319,STHOR,Czesci_zamienne_79319.pdf,Czesci_zamienne_79319.pdf,Rysunki wybuchowe,https://drive.google.com/file/d/19vuAEzV4iQEjxybhwffE2ClYkUUWsKrU/view?usp=drivesdk,https://drive.google.com/uc?export=download&id=19vuAEzV4iQEjxybhwffE2ClYkUUWsKrU,OK,guessed_needs_confirmation,guessed_medium,79319,sprawdzić markę
1jWP8sFLq4nHONuf93hnA0ZCsmZf8hYFC,79320,79320,STHOR,Czesci_zamienne_79320.pdf,Czesci_zamienne_79320.pdf,Rysunki wybuchowe,https://drive.google.com/file/d/1jWP8sFLq4nHONuf93hnA0ZCsmZf8hYFC/view?usp=drivesdk,https://drive.google.com/uc?export=download&id=1jWP8sFLq4nHONuf93hnA0ZCsmZf8hYFC,OK,guessed_needs_confirmation,guessed_medium,79320,sprawdzić markę
1GT2V3xFZVgJtUnMBRXtcWwPoYbqWH_Wm,79322,79322,STHOR,Czesci_zamienne_79322.pdf,Czesci_zamienne_79322.pdf,Rysunki wybuchowe,https://drive.google.com/file/d/1GT2V3xFZVgJtUnMBRXtcWwPoYbqWH_Wm/view?usp=drivesdk,https://drive.google.com/uc?export=download&id=1GT2V3xFZVgJtUnMBRXtcWwPoYbqWH_Wm,OK,guessed_needs_confirmation,guessed_medium,79322,sprawdzić markę
1IsRnrFO1R2THlL1LQK77Ypo31MbVjjs4,79324,79324,STHOR,Czesci_zamienne_79324.pdf,Czesci_zamienne_79324.pdf,Rysunki wybuchowe,https://drive.google.com/file/d/1IsRnrFO1R2THlL1LQK77Ypo31MbVjjs4/view?usp=drivesdk,https://drive.google.com/uc?export=download&id=1IsRnrFO1R2THlL1LQK77Ypo31MbVjjs4,OK,guessed_needs_confirmation,guessed_medium,79324,sprawdzić markę
1GWWfU8FaTSuzxZwuLG32seT5tROWTmck,79325,79325,STHOR,Czesci_zamienne_79325.pdf,Czesci_zamienne_79325.pdf,Rysunki wybuchowe,https://drive.google.com/file/d/1GWWfU8FaTSuzxZwuLG32seT5tROWTmck/view?usp=drivesdk,https://drive.google.com/uc?export=download&id=1GWWfU8FaTSuzxZwuLG32seT5tROWTmck,OK,guessed_needs_confirmation,guessed_medium,79325,sprawdzić markę
1oyZ4lcC_7v3E1UYFEuhP0zPfk3tyQM5e,79326,79326,STHOR,Czesci_zamienne_79326.pdf,Czesci_zamienne_79326.pdf,Rysunki wybuchowe,https://drive.google.com/file/d/1oyZ4lcC_7v3E1UYFEuhP0zPfk3tyQM5e/view?usp=drivesdk,https://drive.google.com/uc?export=download&id=1oyZ4lcC_7v3E1UYFEuhP0zPfk3tyQM5e,OK,guessed_needs_confirmation,guessed_medium,79326,sprawdzić markę
1YaTOxhCF3vDnDaTOGwsdB_sU7Txpn_Zj,79327,79327,STHOR,Czesci_zamienne_79327.pdf,Czesci_zamienne_79327.pdf,Rysunki wybuchowe,https://drive.google.com/file/d/1YaTOxhCF3vDnDaTOGwsdB_sU7Txpn_Zj/view?usp=drivesdk,https://drive.google.com/uc?export=download&id=1YaTOxhCF3vDnDaTOGwsdB_sU7Txpn_Zj,OK,guessed_needs_confirmation,guessed_medium,79327,sprawdzić markę
16EiP2d9Q2sOf7-Dicuz_2rcc4SzKDYZL,79328,79328,STHOR,Czesci_zamienne_79328.pdf,Czesci_zamienne_79328.pdf,Rysunki wybuchowe,https://drive.google.com/file/d/16EiP2d9Q2sOf7-Dicuz_2rcc4SzKDYZL/view?usp=drivesdk,https://drive.google.com/uc?export=download&id=16EiP2d9Q2sOf7-Dicuz_2rcc4SzKDYZL,OK,guessed_needs_confirmation,guessed_medium,79328,sprawdzić markę
1qdUDX0EOtPIXr1b2AeFgYnfqorq-ln8G,79329,79329,STHOR,Czesci_zamienne_79329.pdf,Czesci_zamienne_79329.pdf,Rysunki wybuchowe,https://drive.google.com/file/d/1qdUDX0EOtPIXr1b2AeFgYnfqorq-ln8G/view?usp=drivesdk,https://drive.google.com/uc?export=download&id=1qdUDX0EOtPIXr1b2AeFgYnfqorq-ln8G,OK,guessed_needs_confirmation,guessed_medium,79329,sprawdzić markę
1vgmfcKzACFbcs1VVBPjtEdTo2aR2pBhb,79332,79332,STHOR,Czesci_zamienne_79332.pdf,Czesci_zamienne_79332.pdf,Rysunki wybuchowe,https://drive.google.com/file/d/1vgmfcKzACFbcs1VVBPjtEdTo2aR2pBhb/view?usp=drivesdk,https://drive.google.com/uc?export=download&id=1vgmfcKzACFbcs1VVBPjtEdTo2aR2pBhb,OK,guessed_needs_confirmation,guessed_medium,79332,sprawdzić markę
1JGHK9WQjD2LCt3KXuCtwY2GutzX1NfXD,79334,79334,STHOR,Czesci_zamienne_79334.pdf,Czesci_zamienne_79334.pdf,Rysunki wybuchowe,https://drive.google.com/file/d/1JGHK9WQjD2LCt3KXuCtwY2GutzX1NfXD/view?usp=drivesdk,https://drive.google.com/uc?export=download&id=1JGHK9WQjD2LCt3KXuCtwY2GutzX1NfXD,OK,guessed_needs_confirmation,guessed_medium,79334,sprawdzić markę
1TEeecaBvzMZdhcn5TXr4bi_AGJ2Xj0Bg,79350,79350,STHOR,Czesci_zamienne_79350.pdf,Czesci_zamienne_79350.pdf,Rysunki wybuchowe,https://drive.google.com/file/d/1TEeecaBvzMZdhcn5TXr4bi_AGJ2Xj0Bg/view?usp=drivesdk,https://drive.google.com/uc?export=download&id=1TEeecaBvzMZdhcn5TXr4bi_AGJ2Xj0Bg,OK,guessed_needs_confirmation,guessed_medium,79350,sprawdzić markę
1ld_yETXV-b5ycKSO6Y2bQf5-eSnRRpGC,79352,79352,STHOR,Czesci_zamienne_79352.pdf,Czesci_zamienne_79352.pdf,Rysunki wybuchowe,https://drive.google.com/file/d/1ld_yETXV-b5ycKSO6Y2bQf5-eSnRRpGC/view?usp=drivesdk,https://drive.google.com/uc?export=download&id=1ld_yETXV-b5ycKSO6Y2bQf5-eSnRRpGC,OK,guessed_needs_confirmation,guessed_medium,79352,sprawdzić markę
1CaDkhthstYF77Q9AZUbDAwFsDDKqTe4R,79353,79353,STHOR,Czesci_zamienne_79353.pdf,Czesci_zamienne_79353.pdf,Rysunki wybuchowe,https://drive.google.com/file/d/1CaDkhthstYF77Q9AZUbDAwFsDDKqTe4R/view?usp=drivesdk,https://drive.google.com/uc?export=download&id=1CaDkhthstYF77Q9AZUbDAwFsDDKqTe4R,OK,guessed_needs_confirmation,guessed_medium,79353,sprawdzić markę
1fIF9WHrNgLi-khmNi6x6g1v-eEsBqjpJ,79355,79355,STHOR,Czesci_zamienne_79355.pdf,Czesci_zamienne_79355.pdf,Rysunki wybuchowe,https://drive.google.com/file/d/1fIF9WHrNgLi-khmNi6x6g1v-eEsBqjpJ/view?usp=drivesdk,https://drive.google.com/uc?export=download&id=1fIF9WHrNgLi-khmNi6x6g1v-eEsBqjpJ,OK,guessed_needs_confirmation,guessed_medium,79355,sprawdzić markę
1G8UPDUL1FPZRlyn7w7n6MiYBvJAgYZPl,79358,79358,STHOR,Czesci_zamienne_79358.pdf,Czesci_zamienne_79358.pdf,Rysunki wybuchowe,https://drive.google.com/file/d/1G8UPDUL1FPZRlyn7w7n6MiYBvJAgYZPl/view?usp=drivesdk,https://drive.google.com/uc?export=download&id=1G8UPDUL1FPZRlyn7w7n6MiYBvJAgYZPl,OK,guessed_needs_confirmation,guessed_medium,79358,sprawdzić markę
1I1jRucw1ArY1Hf3XABAig_8fBDNV04hW,79363,79363,STHOR,Czesci_zamienne_79363.pdf,Czesci_zamienne_79363.pdf,Rysunki wybuchowe,https://drive.google.com/file/d/1I1jRucw1ArY1Hf3XABAig_8fBDNV04hW/view?usp=drivesdk,https://drive.google.com/uc?export=download&id=1I1jRucw1ArY1Hf3XABAig_8fBDNV04hW,OK,guessed_needs_confirmation,guessed_medium,79363,sprawdzić markę
1rnZdVpUvx5F0v2VrAp3Q67YUE5T9IuGl,79364,79364,STHOR,Czesci_zamienne_79364.pdf,Czesci_zamienne_79364.pdf,Rysunki wybuchowe,https://drive.google.com/file/d/1rnZdVpUvx5F0v2VrAp3Q67YUE5T9IuGl/view?usp=drivesdk,https://drive.google.com/uc?export=download&id=1rnZdVpUvx5F0v2VrAp3Q67YUE5T9IuGl,OK,guessed_needs_confirmation,guessed_medium,79364,sprawdzić markę
13ow-9JWomY4LzCxXu6feqxCDg8Ymd9lJ,79376,79376,STHOR,Czesci_zamienne_79376.pdf,Czesci_zamienne_79376.pdf,Rysunki wybuchowe,https://drive.google.com/file/d/13ow-9JWomY4LzCxXu6feqxCDg8Ymd9lJ/view?usp=drivesdk,https://drive.google.com/uc?export=download&id=13ow-9JWomY4LzCxXu6feqxCDg8Ymd9lJ,OK,guessed_needs_confirmation,guessed_medium,79376,sprawdzić markę
1L7hIuvjR4TjaAYHBwXc3XkYR0R1iWgNu,79379,79379,STHOR,Czesci_zamienne_79379.pdf,Czesci_zamienne_79379.pdf,Rysunki wybuchowe,https://drive.google.com/file/d/1L7hIuvjR4TjaAYHBwXc3XkYR0R1iWgNu/view?usp=drivesdk,https://drive.google.com/uc?export=download&id=1L7hIuvjR4TjaAYHBwXc3XkYR0R1iWgNu,OK,guessed_needs_confirmation,guessed_medium,79379,sprawdzić markę
1W19cNIBj_lhpFtxU6HQkiKFxzpCR_loD,79382,79382,STHOR,Czesci_zamienne_79382.pdf,Czesci_zamienne_79382.pdf,Rysunki wybuchowe,https://drive.google.com/file/d/1W19cNIBj_lhpFtxU6HQkiKFxzpCR_loD/view?usp=drivesdk,https://drive.google.com/uc?export=download&id=1W19cNIBj_lhpFtxU6HQkiKFxzpCR_loD,OK,guessed_needs_confirmation,guessed_medium,79382,sprawdzić markę
17IcUHyl1__cifb_edar0k8FQiSw488PM,79383,79383,STHOR,Czesci_zamienne_79383.pdf,Czesci_zamienne_79383.pdf,Rysunki wybuchowe,https://drive.google.com/file/d/17IcUHyl1__cifb_edar0k8FQiSw488PM/view?usp=drivesdk,https://drive.google.com/uc?export=download&id=17IcUHyl1__cifb_edar0k8FQiSw488PM,OK,guessed_needs_confirmation,guessed_medium,79383,sprawdzić markę
1DJkQ_K_y7pOFgbFyaNmWdNXflAPDS2pK,79385,79385,STHOR,Czesci_zamienne_79385.pdf,Czesci_zamienne_79385.pdf,Rysunki wybuchowe,https://drive.google.com/file/d/1DJkQ_K_y7pOFgbFyaNmWdNXflAPDS2pK/view?usp=drivesdk,https://drive.google.com/uc?export=download&id=1DJkQ_K_y7pOFgbFyaNmWdNXflAPDS2pK,OK,guessed_needs_confirmation,guessed_medium,79385,sprawdzić markę
1nubcwICBkz07C_Wz-38vvANbJwuWL10o,79500,79500,STHOR,Czesci_zamienne_79500.pdf,Czesci_zamienne_79500.pdf,Rysunki wybuchowe,https://drive.google.com/file/d/1nubcwICBkz07C_Wz-38vvANbJwuWL10o/view?usp=drivesdk,https://drive.google.com/uc?export=download&id=1nubcwICBkz07C_Wz-38vvANbJwuWL10o,OK,guessed_needs_confirmation,guessed_medium,79500,sprawdzić markę
1wKITWq4Ha7rW5y47fObocPxkClfUsR8z,79725,79725,STHOR,Czesci_zamienne_79725.pdf,Czesci_zamienne_79725.pdf,Rysunki wybuchowe,https://drive.google.com/file/d/1wKITWq4Ha7rW5y47fObocPxkClfUsR8z/view?usp=drivesdk,https://drive.google.com/uc?export=download&id=1wKITWq4Ha7rW5y47fObocPxkClfUsR8z,OK,guessed_needs_confirmation,guessed_medium,79725,sprawdzić markę
1nqV36xlOegW408l_G2ibUmMd48mbWB2x,79734,79734,STHOR,Czesci_zamienne_79734.pdf,Czesci_zamienne_79734.pdf,Rysunki wybuchowe,https://drive.google.com/file/d/1nqV36xlOegW408l_G2ibUmMd48mbWB2x/view?usp=drivesdk,https://drive.google.com/uc?export=download&id=1nqV36xlOegW408l_G2ibUmMd48mbWB2x,OK,guessed_needs_confirmation,guessed_medium,79734,sprawdzić markę
1v6HHKusS2bVzyVoyLkWSDQ9Ww5nUkh5F,79771,79771,STHOR,Czesci_zamienne_79771.pdf,Czesci_zamienne_79771.pdf,Rysunki wybuchowe,https://drive.google.com/file/d/1v6HHKusS2bVzyVoyLkWSDQ9Ww5nUkh5F/view?usp=drivesdk,https://drive.google.com/uc?export=download&id=1v6HHKusS2bVzyVoyLkWSDQ9Ww5nUkh5F,OK,guessed_needs_confirmation,guessed_medium,79771,sprawdzić markę
1WT1VTL1x6T2bgnO-MI6jzGtdyvUoOfbU,79772,79772,STHOR,Czesci_zamienne_79772.pdf,Czesci_zamienne_79772.pdf,Rysunki wybuchowe,https://drive.google.com/file/d/1WT1VTL1x6T2bgnO-MI6jzGtdyvUoOfbU/view?usp=drivesdk,https://drive.google.com/uc?export=download&id=1WT1VTL1x6T2bgnO-MI6jzGtdyvUoOfbU,OK,guessed_needs_confirmation,guessed_medium,79772,sprawdzić markę
1smd8rPu_--juSynsaGy4U19aGvpnpfo5,79773,79773,STHOR,Czesci_zamienne_79773.pdf,Czesci_zamienne_79773.pdf,Rysunki wybuchowe,https://drive.google.com/file/d/1smd8rPu_--juSynsaGy4U19aGvpnpfo5/view?usp=drivesdk,https://drive.google.com/uc?export=download&id=1smd8rPu_--juSynsaGy4U19aGvpnpfo5,OK,guessed_needs_confirmation,guessed_medium,79773,sprawdzić markę
1_eh_Gvk100ooD00oM2xJWUGkz2xpiBv5,79774,79774,STHOR,Czesci_zamienne_79774.pdf,Czesci_zamienne_79774.pdf,Rysunki wybuchowe,https://drive.google.com/file/d/1_eh_Gvk100ooD00oM2xJWUGkz2xpiBv5/view?usp=drivesdk,https://drive.google.com/uc?export=download&id=1_eh_Gvk100ooD00oM2xJWUGkz2xpiBv5,OK,guessed_needs_confirmation,guessed_medium,79774,sprawdzić markę
1ncrX6XI_f5ZTjfhQNjL0dxfGOD11OcGR,79775,79775,STHOR,Czesci_zamienne_79775.pdf,Czesci_zamienne_79775.pdf,Rysunki wybuchowe,https://drive.google.com/file/d/1ncrX6XI_f5ZTjfhQNjL0dxfGOD11OcGR/view?usp=drivesdk,https://drive.google.com/uc?export=download&id=1ncrX6XI_f5ZTjfhQNjL0dxfGOD11OcGR,OK,guessed_needs_confirmation,guessed_medium,79775,sprawdzić markę
1xGN5aXMLmBS9Oez5MaaDz4Cdbrxp7aGH,79781,79781,STHOR,Czesci_zamienne_79781.pdf,Czesci_zamienne_79781.pdf,Rysunki wybuchowe,https://drive.google.com/file/d/1xGN5aXMLmBS9Oez5MaaDz4Cdbrxp7aGH/view?usp=drivesdk,https://drive.google.com/uc?export=download&id=1xGN5aXMLmBS9Oez5MaaDz4Cdbrxp7aGH,OK,guessed_needs_confirmation,guessed_medium,79781,sprawdzić markę
1B8exKPRSxus5LOozeySkp6hboiuiJVPR,79782,79782,STHOR,Czesci_zamienne_79782.pdf,Czesci_zamienne_79782.pdf,Rysunki wybuchowe,https://drive.google.com/file/d/1B8exKPRSxus5LOozeySkp6hboiuiJVPR/view?usp=drivesdk,https://drive.google.com/uc?export=download&id=1B8exKPRSxus5LOozeySkp6hboiuiJVPR,OK,guessed_needs_confirmation,guessed_medium,79782,sprawdzić markę
156Om4VOz34PgcJbAl80bYQI2ZNex_N-5,79783,79783,STHOR,Czesci_zamienne_79783.pdf,Czesci_zamienne_79783.pdf,Rysunki wybuchowe,https://drive.google.com/file/d/156Om4VOz34PgcJbAl80bYQI2ZNex_N-5/view?usp=drivesdk,https://drive.google.com/uc?export=download&id=156Om4VOz34PgcJbAl80bYQI2ZNex_N-5,OK,guessed_needs_confirmation,guessed_medium,79783,sprawdzić markę
1-cJTp-3gLckuqYXUiF2nB5EN7_IV83bD,79790,79790,STHOR,Czesci_zamienne_79790.pdf,Czesci_zamienne_79790.pdf,Rysunki wybuchowe,https://drive.google.com/file/d/1-cJTp-3gLckuqYXUiF2nB5EN7_IV83bD/view?usp=drivesdk,https://drive.google.com/uc?export=download&id=1-cJTp-3gLckuqYXUiF2nB5EN7_IV83bD,OK,guessed_needs_confirmation,guessed_medium,79790,sprawdzić markę
1RDgSUx5QQp2iBZfM59QA83JSC3G3rX57,79791,79791,STHOR,Czesci_zamienne_79791.pdf,Czesci_zamienne_79791.pdf,Rysunki wybuchowe,https://drive.google.com/file/d/1RDgSUx5QQp2iBZfM59QA83JSC3G3rX57/view?usp=drivesdk,https://drive.google.com/uc?export=download&id=1RDgSUx5QQp2iBZfM59QA83JSC3G3rX57,OK,guessed_needs_confirmation,guessed_medium,79791,sprawdzić markę
1hiYpSzaum14I5nN7Qx8PrjCFkIOtxLMA,79792,79792,STHOR,Czesci_zamienne_79792.pdf,Czesci_zamienne_79792.pdf,Rysunki wybuchowe,https://drive.google.com/file/d/1hiYpSzaum14I5nN7Qx8PrjCFkIOtxLMA/view?usp=drivesdk,https://drive.google.com/uc?export=download&id=1hiYpSzaum14I5nN7Qx8PrjCFkIOtxLMA,OK,guessed_needs_confirmation,guessed_medium,79792,sprawdzić markę
1IGeuDJdRWyavHIa1DVgHL6b0Hp0N2sJj,79810,79810,STHOR,Czesci_zamienne_79810.pdf,Czesci_zamienne_79810.pdf,Rysunki wybuchowe,https://drive.google.com/file/d/1IGeuDJdRWyavHIa1DVgHL6b0Hp0N2sJj/view?usp=drivesdk,https://drive.google.com/uc?export=download&id=1IGeuDJdRWyavHIa1DVgHL6b0Hp0N2sJj,OK,guessed_needs_confirmation,guessed_medium,79810,sprawdzić markę
1SJDMOySuYdxbDbLqIsb3KFE5W3-Onh9u,79811,79811,STHOR,Czesci_zamienne_79811.pdf,Czesci_zamienne_79811.pdf,Rysunki wybuchowe,https://drive.google.com/file/d/1SJDMOySuYdxbDbLqIsb3KFE5W3-Onh9u/view?usp=drivesdk,https://drive.google.com/uc?export=download&id=1SJDMOySuYdxbDbLqIsb3KFE5W3-Onh9u,OK,guessed_needs_confirmation,guessed_medium,79811,sprawdzić markę
1GnycDL-VaZz2jCzgpL-4QG66IcJOWjkB,79812,79812,STHOR,Czesci_zamienne_79812.pdf,Czesci_zamienne_79812.pdf,Rysunki wybuchowe,https://drive.google.com/file/d/1GnycDL-VaZz2jCzgpL-4QG66IcJOWjkB/view?usp=drivesdk,https://drive.google.com/uc?export=download&id=1GnycDL-VaZz2jCzgpL-4QG66IcJOWjkB,OK,guessed_needs_confirmation,guessed_medium,79812,sprawdzić markę
1tqVhbfpEXaDUlnHX7z-vswlXqFX7RSqY,79880,79880,STHOR,Czesci_zamienne_79880.pdf,Czesci_zamienne_79880.pdf,Rysunki wybuchowe,https://drive.google.com/file/d/1tqVhbfpEXaDUlnHX7z-vswlXqFX7RSqY/view?usp=drivesdk,https://drive.google.com/uc?export=download&id=1tqVhbfpEXaDUlnHX7z-vswlXqFX7RSqY,OK,guessed_needs_confirmation,guessed_medium,79880,sprawdzić markę
19RR2Yg0-sIG9Ddz87ijj7MkXi0D_gBVj,79909,79909,STHOR,Czesci_zamienne_79909.pdf,Czesci_zamienne_79909.pdf,Rysunki wybuchowe,https://drive.google.com/file/d/19RR2Yg0-sIG9Ddz87ijj7MkXi0D_gBVj/view?usp=drivesdk,https://drive.google.com/uc?export=download&id=19RR2Yg0-sIG9Ddz87ijj7MkXi0D_gBVj,OK,guessed_needs_confirmation,guessed_medium,79909,sprawdzić markę
1Z0CtjRwIv7_PWZZUCA-QhM3JWiD91J6Q,79926,79926,STHOR,Czesci_zamienne_79926.pdf,Czesci_zamienne_79926.pdf,Rysunki wybuchowe,https://drive.google.com/file/d/1Z0CtjRwIv7_PWZZUCA-QhM3JWiD91J6Q/view?usp=drivesdk,https://drive.google.com/uc?export=download&id=1Z0CtjRwIv7_PWZZUCA-QhM3JWiD91J6Q,OK,guessed_needs_confirmation,guessed_medium,79926,sprawdzić markę
12dl-f_wTgEsqLh3WEaxVrz4e05NPm7bk,79927,79927,STHOR,Czesci_zamienne_79927.pdf,Czesci_zamienne_79927.pdf,Rysunki wybuchowe,https://drive.google.com/file/d/12dl-f_wTgEsqLh3WEaxVrz4e05NPm7bk/view?usp=drivesdk,https://drive.google.com/uc?export=download&id=12dl-f_wTgEsqLh3WEaxVrz4e05NPm7bk,OK,guessed_needs_confirmation,guessed_medium,79927,sprawdzić markę
18R2EuJiu1myH467CO7hoPWik9aTXlPZb,79928,79928,STHOR,Czesci_zamienne_79928.pdf,Czesci_zamienne_79928.pdf,Rysunki wybuchowe,https://drive.google.com/file/d/18R2EuJiu1myH467CO7hoPWik9aTXlPZb/view?usp=drivesdk,https://drive.google.com/uc?export=download&id=18R2EuJiu1myH467CO7hoPWik9aTXlPZb,OK,guessed_needs_confirmation,guessed_medium,79928,sprawdzić markę
1sMse9-Hat1pXyJLsCI78i6WatfxHZW2y,79929,79929,STHOR,Czesci_zamienne_79929.pdf,Czesci_zamienne_79929.pdf,Rysunki wybuchowe,https://drive.google.com/file/d/1sMse9-Hat1pXyJLsCI78i6WatfxHZW2y/view?usp=drivesdk,https://drive.google.com/uc?export=download&id=1sMse9-Hat1pXyJLsCI78i6WatfxHZW2y,OK,guessed_needs_confirmation,guessed_medium,79929,sprawdzić markę
1bbdbBVwnVmB0uxvCftHiWYrpFRwkzo_t,79930,79930,STHOR,Czesci_zamienne_79930.pdf,Czesci_zamienne_79930.pdf,Rysunki wybuchowe,https://drive.google.com/file/d/1bbdbBVwnVmB0uxvCftHiWYrpFRwkzo_t/view?usp=drivesdk,https://drive.google.com/uc?export=download&id=1bbdbBVwnVmB0uxvCftHiWYrpFRwkzo_t,OK,guessed_needs_confirmation,guessed_medium,79930,sprawdzić markę
1KWHeijyDAMVRWAliXZ2srYn5-pRLVufz,79931,79931,STHOR,Czesci_zamienne_79931.pdf,Czesci_zamienne_79931.pdf,Rysunki wybuchowe,https://drive.google.com/file/d/1KWHeijyDAMVRWAliXZ2srYn5-pRLVufz/view?usp=drivesdk,https://drive.google.com/uc?export=download&id=1KWHeijyDAMVRWAliXZ2srYn5-pRLVufz,OK,guessed_needs_confirmation,guessed_medium,79931,sprawdzić markę
1o3MHIi2kYB80jeU1wifA0zsdVt-2oFoz,79932,79932,STHOR,Czesci_zamienne_79932.pdf,Czesci_zamienne_79932.pdf,Rysunki wybuchowe,https://drive.google.com/file/d/1o3MHIi2kYB80jeU1wifA0zsdVt-2oFoz/view?usp=drivesdk,https://drive.google.com/uc?export=download&id=1o3MHIi2kYB80jeU1wifA0zsdVt-2oFoz,OK,guessed_needs_confirmation,guessed_medium,79932,sprawdzić markę
1gd9Nz54nKpiQYpjyilawfaqsIDPyG2Oo,79933,79933,STHOR,Czesci_zamienne_79933.pdf,Czesci_zamienne_79933.pdf,Rysunki wybuchowe,https://drive.google.com/file/d/1gd9Nz54nKpiQYpjyilawfaqsIDPyG2Oo/view?usp=drivesdk,https://drive.google.com/uc?export=download&id=1gd9Nz54nKpiQYpjyilawfaqsIDPyG2Oo,OK,guessed_needs_confirmation,guessed_medium,79933,sprawdzić markę
1_kM_xNTFmQWoJiuDh8kBIVUQtceZBmEy,79943,79943,STHOR,Czesci_zamienne_79943.pdf,Czesci_zamienne_79943.pdf,Rysunki wybuchowe,https://drive.google.com/file/d/1_kM_xNTFmQWoJiuDh8kBIVUQtceZBmEy/view?usp=drivesdk,https://drive.google.com/uc?export=download&id=1_kM_xNTFmQWoJiuDh8kBIVUQtceZBmEy,OK,guessed_needs_confirmation,guessed_medium,79943,sprawdzić markę
1kBFEIljyiJlOkw-TJFXR84H3Ah79VCb5,79944,79944,STHOR,Czesci_zamienne_79944.pdf,Czesci_zamienne_79944.pdf,Rysunki wybuchowe,https://drive.google.com/file/d/1kBFEIljyiJlOkw-TJFXR84H3Ah79VCb5/view?usp=drivesdk,https://drive.google.com/uc?export=download&id=1kBFEIljyiJlOkw-TJFXR84H3Ah79VCb5,OK,guessed_needs_confirmation,guessed_medium,79944,sprawdzić markę
1RtbNKhjVYmI-0Uso4DctNrE7kYv8B_6j,80012,80012,STHOR,Czesci_zamienne_80012.pdf,Czesci_zamienne_80012.pdf,Rysunki wybuchowe,https://drive.google.com/file/d/1RtbNKhjVYmI-0Uso4DctNrE7kYv8B_6j/view?usp=drivesdk,https://drive.google.com/uc?export=download&id=1RtbNKhjVYmI-0Uso4DctNrE7kYv8B_6j,OK,guessed_needs_confirmation,guessed_medium,80012,sprawdzić markę
1NL0ZhypuI3CUYEwQ3nQl_EspbzZrXZYg,80022,80022,STHOR,Czesci_zamienne_80022.pdf,Czesci_zamienne_80022.pdf,Rysunki wybuchowe,https://drive.google.com/file/d/1NL0ZhypuI3CUYEwQ3nQl_EspbzZrXZYg/view?usp=drivesdk,https://drive.google.com/uc?export=download&id=1NL0ZhypuI3CUYEwQ3nQl_EspbzZrXZYg,OK,guessed_needs_confirmation,guessed_medium,80022,sprawdzić markę
1hTH0QdGeWrAK3iRa7jBvZzHq3gAwZGJR,80032,80032,STHOR,Czesci_zamienne_80032.pdf,Czesci_zamienne_80032.pdf,Rysunki wybuchowe,https://drive.google.com/file/d/1hTH0QdGeWrAK3iRa7jBvZzHq3gAwZGJR/view?usp=drivesdk,https://drive.google.com/uc?export=download&id=1hTH0QdGeWrAK3iRa7jBvZzHq3gAwZGJR,OK,guessed_needs_confirmation,guessed_medium,80032,sprawdzić markę
1RPaMXt4JnFsUHRqAqe8qxgNDpi305tfF,80042,80042,STHOR,Czesci_zamienne_80042.pdf,Czesci_zamienne_80042.pdf,Rysunki wybuchowe,https://drive.google.com/file/d/1RPaMXt4JnFsUHRqAqe8qxgNDpi305tfF/view?usp=drivesdk,https://drive.google.com/uc?export=download&id=1RPaMXt4JnFsUHRqAqe8qxgNDpi305tfF,OK,guessed_needs_confirmation,guessed_medium,80042,sprawdzić markę
1OwAs6tnvieFF6ytDAYl9b82r23RhlbMl,80052,80052,STHOR,Czesci_zamienne_80052.pdf,Czesci_zamienne_80052.pdf,Rysunki wybuchowe,https://drive.google.com/file/d/1OwAs6tnvieFF6ytDAYl9b82r23RhlbMl/view?usp=drivesdk,https://drive.google.com/uc?export=download&id=1OwAs6tnvieFF6ytDAYl9b82r23RhlbMl,OK,guessed_needs_confirmation,guessed_medium,80052,sprawdzić markę
1ngoh6c_TNP9PYSntpTRufBBOIZddqdi4,80062,80062,STHOR,Czesci_zamienne_80062.pdf,Czesci_zamienne_80062.pdf,Rysunki wybuchowe,https://drive.google.com/file/d/1ngoh6c_TNP9PYSntpTRufBBOIZddqdi4/view?usp=drivesdk,https://drive.google.com/uc?export=download&id=1ngoh6c_TNP9PYSntpTRufBBOIZddqdi4,OK,guessed_needs_confirmation,guessed_medium,80062,sprawdzić markę
1HCQH_n7zdw0rmp6NW7ipwNcv1Fsdjd3n,80072,80072,STHOR,Czesci_zamienne_80072.pdf,Czesci_zamienne_80072.pdf,Rysunki wybuchowe,https://drive.google.com/file/d/1HCQH_n7zdw0rmp6NW7ipwNcv1Fsdjd3n/view?usp=drivesdk,https://drive.google.com/uc?export=download&id=1HCQH_n7zdw0rmp6NW7ipwNcv1Fsdjd3n,OK,guessed_needs_confirmation,guessed_medium,80072,sprawdzić markę
18Rpu2Lt-VK2YrDs5m98jMmkBIAgqhMmN,80082,80082,STHOR,Czesci_zamienne_80082.pdf,Czesci_zamienne_80082.pdf,Rysunki wybuchowe,https://drive.google.com/file/d/18Rpu2Lt-VK2YrDs5m98jMmkBIAgqhMmN/view?usp=drivesdk,https://drive.google.com/uc?export=download&id=18Rpu2Lt-VK2YrDs5m98jMmkBIAgqhMmN,OK,guessed_needs_confirmation,guessed_medium,80082,sprawdzić markę
14F0go5i4zJdwmIC43xzfGlVeLwGwKfU5,80111,80111,STHOR,Czesci_zamienne_80111.pdf,Czesci_zamienne_80111.pdf,Rysunki wybuchowe,https://drive.google.com/file/d/14F0go5i4zJdwmIC43xzfGlVeLwGwKfU5/view?usp=drivesdk,https://drive.google.com/uc?export=download&id=14F0go5i4zJdwmIC43xzfGlVeLwGwKfU5,OK,guessed_needs_confirmation,guessed_medium,80111,sprawdzić markę
1s_ijsK1TE0gk22jFWiwM4PbGhEBUsWZ-,80220,80220,STHOR,Czesci_zamienne_80220.pdf,Czesci_zamienne_80220.pdf,Rysunki wybuchowe,https://drive.google.com/file/d/1s_ijsK1TE0gk22jFWiwM4PbGhEBUsWZ-/view?usp=drivesdk,https://drive.google.com/uc?export=download&id=1s_ijsK1TE0gk22jFWiwM4PbGhEBUsWZ-,OK,guessed_needs_confirmation,guessed_medium,80220,sprawdzić markę
1AYOMm5SlFuRG58nmvYsTbbUtcUZXCoaS,80330,80330,STHOR,Czesci_zamienne_80330.pdf,Czesci_zamienne_80330.pdf,Rysunki wybuchowe,https://drive.google.com/file/d/1AYOMm5SlFuRG58nmvYsTbbUtcUZXCoaS/view?usp=drivesdk,https://drive.google.com/uc?export=download&id=1AYOMm5SlFuRG58nmvYsTbbUtcUZXCoaS,OK,guessed_needs_confirmation,guessed_medium,80330,sprawdzić markę
1OkG0Rw0fb-LYn4uMjX4KuUlIDnSrzbJd,80340,80340,STHOR,Czesci_zamienne_80340.pdf,Czesci_zamienne_80340.pdf,Rysunki wybuchowe,https://drive.google.com/file/d/1OkG0Rw0fb-LYn4uMjX4KuUlIDnSrzbJd/view?usp=drivesdk,https://drive.google.com/uc?export=download&id=1OkG0Rw0fb-LYn4uMjX4KuUlIDnSrzbJd,OK,guessed_needs_confirmation,guessed_medium,80340,sprawdzić markę
1FRUBYIQ-4PPQ8RKusszoSrt1nOTND5I2,80350,80350,STHOR,Czesci_zamienne_80350.pdf,Czesci_zamienne_80350.pdf,Rysunki wybuchowe,https://drive.google.com/file/d/1FRUBYIQ-4PPQ8RKusszoSrt1nOTND5I2/view?usp=drivesdk,https://drive.google.com/uc?export=download&id=1FRUBYIQ-4PPQ8RKusszoSrt1nOTND5I2,OK,guessed_needs_confirmation,guessed_medium,80350,sprawdzić markę
1YFFEvIFDvbdyBGQs-jT3Vc5kCgTJofWq,80412,80412,STHOR,Czesci_zamienne_80412.pdf,Czesci_zamienne_80412.pdf,Rysunki wybuchowe,https://drive.google.com/file/d/1YFFEvIFDvbdyBGQs-jT3Vc5kCgTJofWq/view?usp=drivesdk,https://drive.google.com/uc?export=download&id=1YFFEvIFDvbdyBGQs-jT3Vc5kCgTJofWq,OK,guessed_needs_confirmation,guessed_medium,80412,sprawdzić markę
19CInMFUNUxfd2UIICr0jgrvxW89tiGeY,80450,80450,STHOR,Czesci_zamienne_80450.pdf,Czesci_zamienne_80450.pdf,Rysunki wybuchowe,https://drive.google.com/file/d/19CInMFUNUxfd2UIICr0jgrvxW89tiGeY/view?usp=drivesdk,https://drive.google.com/uc?export=download&id=19CInMFUNUxfd2UIICr0jgrvxW89tiGeY,OK,guessed_needs_confirmation,guessed_medium,80450,sprawdzić markę
1RHfPOPZnGalzqo2VHgGLjZviV8ekhJyq,80902,80902,STHOR,Czesci_zamienne_80902.pdf,Czesci_zamienne_80902.pdf,Rysunki wybuchowe,https://drive.google.com/file/d/1RHfPOPZnGalzqo2VHgGLjZviV8ekhJyq/view?usp=drivesdk,https://drive.google.com/uc?export=download&id=1RHfPOPZnGalzqo2VHgGLjZviV8ekhJyq,OK,guessed_needs_confirmation,guessed_medium,80902,sprawdzić markę
1zeNz-U4QxNr56jVF_emsTF5f3dASnHtZ,80970,80970,STHOR,Czesci_zamienne_80970.pdf,Czesci_zamienne_80970.pdf,Rysunki wybuchowe,https://drive.google.com/file/d/1zeNz-U4QxNr56jVF_emsTF5f3dASnHtZ/view?usp=drivesdk,https://drive.google.com/uc?export=download&id=1zeNz-U4QxNr56jVF_emsTF5f3dASnHtZ,OK,guessed_needs_confirmation,guessed_medium,80970,sprawdzić markę
1NPH3NzaWCBqb-tvl-iVxboUvbgtUM4VU,09903,09903,VOREL,Czesci_zamienne_09903.pdf,Czesci_zamienne_09903.pdf,Rysunki wybuchowe,https://drive.google.com/file/d/1NPH3NzaWCBqb-tvl-iVxboUvbgtUM4VU/view?usp=drivesdk,https://drive.google.com/uc?export=download&id=1NPH3NzaWCBqb-tvl-iVxboUvbgtUM4VU,OK,guessed_needs_confirmation,guessed_medium,09903,sprawdzić markę
1T_QyAsRP7bnmqgemHscfZSE_yEGQgzag,53575,53575,VOREL,Czesci_zamienne_53575.pdf,Czesci_zamienne_53575.pdf,Rysunki wybuchowe,https://drive.google.com/file/d/1T_QyAsRP7bnmqgemHscfZSE_yEGQgzag/view?usp=drivesdk,https://drive.google.com/uc?export=download&id=1T_QyAsRP7bnmqgemHscfZSE_yEGQgzag,OK,guessed_needs_confirmation,guessed_low,53575,sprawdzić markę
1J10V-Rk0eUhTxQBcQUf1SC-bxLzttNNR,53576,53576,VOREL,Czesci_zamienne_53576.pdf,Czesci_zamienne_53576.pdf,Rysunki wybuchowe,https://drive.google.com/file/d/1J10V-Rk0eUhTxQBcQUf1SC-bxLzttNNR/view?usp=drivesdk,https://drive.google.com/uc?export=download&id=1J10V-Rk0eUhTxQBcQUf1SC-bxLzttNNR,OK,guessed_needs_confirmation,guessed_low,53576,sprawdzić markę
14PsZpejlD1RixKkVJUERbuE_vBGfZIsY,53577,53577,VOREL,Czesci_zamienne_53577.pdf,Czesci_zamienne_53577.pdf,Rysunki wybuchowe,https://drive.google.com/file/d/14PsZpejlD1RixKkVJUERbuE_vBGfZIsY/view?usp=drivesdk,https://drive.google.com/uc?export=download&id=14PsZpejlD1RixKkVJUERbuE_vBGfZIsY,OK,guessed_needs_confirmation,guessed_low,53577,sprawdzić markę
1JUKLN0OQQxbjKOA0PQ2Up0E57cbYQCnn,55820,55820,VOREL,Czesci_zamienne_55820.pdf,Czesci_zamienne_55820.pdf,Rysunki wybuchowe,https://drive.google.com/file/d/1JUKLN0OQQxbjKOA0PQ2Up0E57cbYQCnn/view?usp=drivesdk,https://drive.google.com/uc?export=download&id=1JUKLN0OQQxbjKOA0PQ2Up0E57cbYQCnn,OK,guessed_needs_confirmation,guessed_low,55820,sprawdzić markę
1Rj8GZ-VLD95gVaa4j696ECsp_2K_3qrg,57090,57090,VOREL,Czesci_zamienne_57090.pdf,Czesci_zamienne_57090.pdf,Rysunki wybuchowe,https://drive.google.com/file/d/1Rj8GZ-VLD95gVaa4j696ECsp_2K_3qrg/view?usp=drivesdk,https://drive.google.com/uc?export=download&id=1Rj8GZ-VLD95gVaa4j696ECsp_2K_3qrg,OK,guessed_needs_confirmation,guessed_low,57090,sprawdzić markę
1SdZQbdqrPFxdfYLCSQB74EpOhvFxK_gr,57091,57091,VOREL,Czesci_zamienne_57091.pdf,Czesci_zamienne_57091.pdf,Rysunki wybuchowe,https://drive.google.com/file/d/1SdZQbdqrPFxdfYLCSQB74EpOhvFxK_gr/view?usp=drivesdk,https://drive.google.com/uc?export=download&id=1SdZQbdqrPFxdfYLCSQB74EpOhvFxK_gr,OK,guessed_needs_confirmation,guessed_low,57091,sprawdzić markę
1rnAxKhMG0lMOmFKR_TcdqogQbei4I2_-,57092,57092,VOREL,Czesci_zamienne_57092.pdf,Czesci_zamienne_57092.pdf,Rysunki wybuchowe,https://drive.google.com/file/d/1rnAxKhMG0lMOmFKR_TcdqogQbei4I2_-/view?usp=drivesdk,https://drive.google.com/uc?export=download&id=1rnAxKhMG0lMOmFKR_TcdqogQbei4I2_-,OK,guessed_needs_confirmation,guessed_low,57092,sprawdzić markę
1COR6mCvljmLN7oB5XDiNHLAhiVwBJ04t,57097,57097,VOREL,Czesci_zamienne_57097.pdf,Czesci_zamienne_57097.pdf,Rysunki wybuchowe,https://drive.google.com/file/d/1COR6mCvljmLN7oB5XDiNHLAhiVwBJ04t/view?usp=drivesdk,https://drive.google.com/uc?export=download&id=1COR6mCvljmLN7oB5XDiNHLAhiVwBJ04t,OK,guessed_needs_confirmation,guessed_low,57097,sprawdzić markę
1MQp9dvFcsCCCTUeNKjX_42-BUgkxhdET,58539,58539,VOREL,Czesci_zamienne_58539.pdf,Czesci_zamienne_58539.pdf,Rysunki wybuchowe,https://drive.google.com/file/d/1MQp9dvFcsCCCTUeNKjX_42-BUgkxhdET/view?usp=drivesdk,https://drive.google.com/uc?export=download&id=1MQp9dvFcsCCCTUeNKjX_42-BUgkxhdET,OK,guessed_needs_confirmation,guessed_low,58539,sprawdzić markę
1SDOTmNQKcZQ2JFNJbyTCZcFWZQPqdU7-,58540,58540,VOREL,Czesci_zamienne_58540.pdf,Czesci_zamienne_58540.pdf,Rysunki wybuchowe,https://drive.google.com/file/d/1SDOTmNQKcZQ2JFNJbyTCZcFWZQPqdU7-/view?usp=drivesdk,https://drive.google.com/uc?export=download&id=1SDOTmNQKcZQ2JFNJbyTCZcFWZQPqdU7-,OK,guessed_needs_confirmation,guessed_low,58540,sprawdzić markę
1qUNF-uKfo4-BcqNuLf0sAgPxig6sA5ll,58550,58550,VOREL,Czesci_zamienne_58550.pdf,Czesci_zamienne_58550.pdf,Rysunki wybuchowe,https://drive.google.com/file/d/1qUNF-uKfo4-BcqNuLf0sAgPxig6sA5ll/view?usp=drivesdk,https://drive.google.com/uc?export=download&id=1qUNF-uKfo4-BcqNuLf0sAgPxig6sA5ll,OK,guessed_needs_confirmation,guessed_low,58550,sprawdzić markę
1PGm9nPRRjXyipT-KN2_F3WQrwQDUxvLB,58643,58643,VOREL,Czesci_zamienne_58643.pdf,Czesci_zamienne_58643.pdf,Rysunki wybuchowe,https://drive.google.com/file/d/1PGm9nPRRjXyipT-KN2_F3WQrwQDUxvLB/view?usp=drivesdk,https://drive.google.com/uc?export=download&id=1PGm9nPRRjXyipT-KN2_F3WQrwQDUxvLB,OK,guessed_needs_confirmation,guessed_low,58643,sprawdzić markę
1dwqu1515cLCuUrCIL0TPdtKwjB9LX-It,58661,58661,VOREL,Czesci_zamienne_58661.pdf,Czesci_zamienne_58661.pdf,Rysunki wybuchowe,https://drive.google.com/file/d/1dwqu1515cLCuUrCIL0TPdtKwjB9LX-It/view?usp=drivesdk,https://drive.google.com/uc?export=download&id=1dwqu1515cLCuUrCIL0TPdtKwjB9LX-It,OK,guessed_needs_confirmation,guessed_low,58661,sprawdzić markę
1M3nXDc65ZuZr-5CAhJU8fmenwtpuF-NY,58687,58687,VOREL,Czesci_zamienne_58687.pdf,Czesci_zamienne_58687.pdf,Rysunki wybuchowe,https://drive.google.com/file/d/1M3nXDc65ZuZr-5CAhJU8fmenwtpuF-NY/view?usp=drivesdk,https://drive.google.com/uc?export=download&id=1M3nXDc65ZuZr-5CAhJU8fmenwtpuF-NY,OK,guessed_needs_confirmation,guessed_low,58687,sprawdzić markę
1KAmL4SD6Ig8B-MtkWiX2eJ3w8ox-1WCG,58689,58689,VOREL,Czesci_zamienne_58689.pdf,Czesci_zamienne_58689.pdf,Rysunki wybuchowe,https://drive.google.com/file/d/1KAmL4SD6Ig8B-MtkWiX2eJ3w8ox-1WCG/view?usp=drivesdk,https://drive.google.com/uc?export=download&id=1KAmL4SD6Ig8B-MtkWiX2eJ3w8ox-1WCG,OK,guessed_needs_confirmation,guessed_low,58689,sprawdzić markę
17tYf5Tdd0Q5Awd0pQyqTwTs6fKzfRrqI,58690,58690,VOREL,Czesci_zamienne_58690.pdf,Czesci_zamienne_58690.pdf,Rysunki wybuchowe,https://drive.google.com/file/d/17tYf5Tdd0Q5Awd0pQyqTwTs6fKzfRrqI/view?usp=drivesdk,https://drive.google.com/uc?export=download&id=17tYf5Tdd0Q5Awd0pQyqTwTs6fKzfRrqI,OK,guessed_needs_confirmation,guessed_low,58690,sprawdzić markę
1I-6Te_me8dQc1UbV2iL89vtzsIoCQZjT,58691,58691,VOREL,Czesci_zamienne_58691.pdf,Czesci_zamienne_58691.pdf,Rysunki wybuchowe,https://drive.google.com/file/d/1I-6Te_me8dQc1UbV2iL89vtzsIoCQZjT/view?usp=drivesdk,https://drive.google.com/uc?export=download&id=1I-6Te_me8dQc1UbV2iL89vtzsIoCQZjT,OK,guessed_needs_confirmation,guessed_low,58691,sprawdzić markę
10Jj2yy8sH8rRUwSpbS6gkYr36wbPgnp3,58700,58700,VOREL,Czesci_zamienne_58700.pdf,Czesci_zamienne_58700.pdf,Rysunki wybuchowe,https://drive.google.com/file/d/10Jj2yy8sH8rRUwSpbS6gkYr36wbPgnp3/view?usp=drivesdk,https://drive.google.com/uc?export=download&id=10Jj2yy8sH8rRUwSpbS6gkYr36wbPgnp3,OK,guessed_needs_confirmation,guessed_low,58700,sprawdzić markę
1MjKZR_dH_vh--FcAhZ88RhnWegCo3ndR,81070,81070,YATO,Czesci_zamienne_81070.pdf,Czesci_zamienne_81070.pdf,Rysunki wybuchowe,https://drive.google.com/file/d/1MjKZR_dH_vh--FcAhZ88RhnWegCo3ndR/view?usp=drivesdk,https://drive.google.com/uc?export=download&id=1MjKZR_dH_vh--FcAhZ88RhnWegCo3ndR,OK,guessed_needs_confirmation,guessed_medium,81070,sprawdzić markę
1WVKdX7vVhkAZCVQmBuZTUxok744T9SzZ,81101,81101,YATO,Czesci_zamienne_81101.pdf,Czesci_zamienne_81101.pdf,Rysunki wybuchowe,https://drive.google.com/file/d/1WVKdX7vVhkAZCVQmBuZTUxok744T9SzZ/view?usp=drivesdk,https://drive.google.com/uc?export=download&id=1WVKdX7vVhkAZCVQmBuZTUxok744T9SzZ,OK,guessed_needs_confirmation,guessed_medium,81101,sprawdzić markę
18qdLxx3FgPmtcSzF_w5QZ7-g4WhEiQTA,81110,81110,YATO,Czesci_zamienne_81110.pdf,Czesci_zamienne_81110.pdf,Rysunki wybuchowe,https://drive.google.com/file/d/18qdLxx3FgPmtcSzF_w5QZ7-g4WhEiQTA/view?usp=drivesdk,https://drive.google.com/uc?export=download&id=18qdLxx3FgPmtcSzF_w5QZ7-g4WhEiQTA,OK,guessed_needs_confirmation,guessed_medium,81110,sprawdzić markę
1MEZUEU2CFiEwbUEkbJiOridfTQTUFZTt,81617,81617,YATO,Czesci_zamienne_81617.pdf,Czesci_zamienne_81617.pdf,Rysunki wybuchowe,https://drive.google.com/file/d/1MEZUEU2CFiEwbUEkbJiOridfTQTUFZTt/view?usp=drivesdk,https://drive.google.com/uc?export=download&id=1MEZUEU2CFiEwbUEkbJiOridfTQTUFZTt,OK,guessed_needs_confirmation,guessed_medium,81617,sprawdzić markę
1qYYmz2xhBHVQ-DHJ41AlkbZpSrplSf7y,81618,81618,YATO,Czesci_zamienne_81618.pdf,Czesci_zamienne_81618.pdf,Rysunki wybuchowe,https://drive.google.com/file/d/1qYYmz2xhBHVQ-DHJ41AlkbZpSrplSf7y/view?usp=drivesdk,https://drive.google.com/uc?export=download&id=1qYYmz2xhBHVQ-DHJ41AlkbZpSrplSf7y,OK,guessed_needs_confirmation,guessed_medium,81618,sprawdzić markę
1zfWx0MJ3xCsAuZQQc3I_QwkigdGidDOY,82541,82541,YATO,Czesci_zamienne_82541.pdf,Czesci_zamienne_82541.pdf,Rysunki wybuchowe,https://drive.google.com/file/d/1zfWx0MJ3xCsAuZQQc3I_QwkigdGidDOY/view?usp=drivesdk,https://drive.google.com/uc?export=download&id=1zfWx0MJ3xCsAuZQQc3I_QwkigdGidDOY,OK,guessed_needs_confirmation,guessed_medium,82541,sprawdzić markę
1Y8O7FxXgloQ_1KWT4eyBKX34YlB_CxL6,82542,82542,YATO,Czesci_zamienne_82542.pdf,Czesci_zamienne_82542.pdf,Rysunki wybuchowe,https://drive.google.com/file/d/1Y8O7FxXgloQ_1KWT4eyBKX34YlB_CxL6/view?usp=drivesdk,https://drive.google.com/uc?export=download&id=1Y8O7FxXgloQ_1KWT4eyBKX34YlB_CxL6,OK,guessed_needs_confirmation,guessed_medium,82542,sprawdzić markę
1kzbRsvmMJfxv9qw4T0plqbl5YcKFyW-v,82543,82543,YATO,Czesci_zamienne_82543.pdf,Czesci_zamienne_82543.pdf,Rysunki wybuchowe,https://drive.google.com/file/d/1kzbRsvmMJfxv9qw4T0plqbl5YcKFyW-v/view?usp=drivesdk,https://drive.google.com/uc?export=download&id=1kzbRsvmMJfxv9qw4T0plqbl5YcKFyW-v,OK,guessed_needs_confirmation,guessed_medium,82543,sprawdzić markę
1pboO_FgVimfUro1pNIDXi42wMEBI24up,82544,82544,YATO,Czesci_zamienne_82544.pdf,Czesci_zamienne_82544.pdf,Rysunki wybuchowe,https://drive.google.com/file/d/1pboO_FgVimfUro1pNIDXi42wMEBI24up/view?usp=drivesdk,https://drive.google.com/uc?export=download&id=1pboO_FgVimfUro1pNIDXi42wMEBI24up,OK,guessed_needs_confirmation,guessed_medium,82544,sprawdzić markę
1xsh5WileFORPsM4QWVT5rX5uLCAVCACP,82550,82550,YATO,Czesci_zamienne_82550.pdf,Czesci_zamienne_82550.pdf,Rysunki wybuchowe,https://drive.google.com/file/d/1xsh5WileFORPsM4QWVT5rX5uLCAVCACP/view?usp=drivesdk,https://drive.google.com/uc?export=download&id=1xsh5WileFORPsM4QWVT5rX5uLCAVCACP,OK,guessed_needs_confirmation,guessed_medium,82550,sprawdzić markę
1MU9WFhZb43-Pqw6WcA9F_wxG_kbzc2al,82942,82942,YATO,Czesci_zamienne_82942.pdf,Czesci_zamienne_82942.pdf,Rysunki wybuchowe,https://drive.google.com/file/d/1MU9WFhZb43-Pqw6WcA9F_wxG_kbzc2al/view?usp=drivesdk,https://drive.google.com/uc?export=download&id=1MU9WFhZb43-Pqw6WcA9F_wxG_kbzc2al,OK,guessed_needs_confirmation,guessed_medium,82942,sprawdzić markę
1NVuclcuKEmkA33zyrZ9dtb0dr-Bq1v0-,99657,99657,YATO,Czesci_zamienne_99657.pdf,Czesci_zamienne_99657.pdf,Rysunki wybuchowe,https://drive.google.com/file/d/1NVuclcuKEmkA33zyrZ9dtb0dr-Bq1v0-/view?usp=drivesdk,https://drive.google.com/uc?export=download&id=1NVuclcuKEmkA33zyrZ9dtb0dr-Bq1v0-,OK,guessed_needs_confirmation,guessed_medium,99657,sprawdzić markę
1Ky2jc2BxCFPZYMojzyZMIZfOgK-nOLzA,99658,99658,YATO,Czesci_zamienne_99658.pdf,Czesci_zamienne_99658.pdf,Rysunki wybuchowe,https://drive.google.com/file/d/1Ky2jc2BxCFPZYMojzyZMIZfOgK-nOLzA/view?usp=drivesdk,https://drive.google.com/uc?export=download&id=1Ky2jc2BxCFPZYMojzyZMIZfOgK-nOLzA,OK,guessed_needs_confirmation,guessed_medium,99658,sprawdzić markę
