fileId,model,title,brand,previewUrl,viewerUrl,reason
12qH9x3tYNs3DIFmNCtaAEEy0ZWOsFS1-,79444,Czesci_zamienne_79444.pdf,FLO,https://drive.google.com/file/d/12qH9x3tYNs3DIFmNCtaAEEy0ZWOsFS1-/preview,https://drive.google.com/file/d/12qH9x3tYNs3DIFmNCtaAEEy0ZWOsFS1-/view?usp=drivesdk,unknown brand / numeric filename / missing device name
1DhOG_4gCUYlp-nRedfJTSnpNRrHqhzkp,79467,Czesci_zamienne_79467.pdf,FLO,https://drive.google.com/file/d/1DhOG_4gCUYlp-nRedfJTSnpNRrHqhzkp/preview,https://drive.google.com/file/d/1DhOG_4gCUYlp-nRedfJTSnpNRrHqhzkp/view?usp=drivesdk,unknown brand / numeric filename / missing device name
1D636X69gLB38HaCUMzGMqQfYxohWIBQt,73060,Czesci_zamienne_73060.pdf,LUND,https://drive.google.com/file/d/1D636X69gLB38HaCUMzGMqQfYxohWIBQt/preview,https://drive.google.com/file/d/1D636X69gLB38HaCUMzGMqQfYxohWIBQt/view?usp=drivesdk,unknown brand / numeric filename / missing device name
1QFjDcOKcVO1RuFhU-5jb8vQLpIe8d0Ob,79004,Czesci_zamienne_79004.pdf,LUND,https://drive.google.com/file/d/1QFjDcOKcVO1RuFhU-5jb8vQLpIe8d0Ob/preview,https://drive.google.com/file/d/1QFjDcOKcVO1RuFhU-5jb8vQLpIe8d0Ob/view?usp=drivesdk,unknown brand / numeric filename / missing device name
1tqE-_TBiUPGOPfgb0tANJE8ZW75npZqK,79024,Czesci_zamienne_79024.pdf,LUND,https://drive.google.com/file/d/1tqE-_TBiUPGOPfgb0tANJE8ZW75npZqK/preview,https://drive.google.com/file/d/1tqE-_TBiUPGOPfgb0tANJE8ZW75npZqK/view?usp=drivesdk,unknown brand / numeric filename / missing device name
1K5ErBbwCA0d7TZ9pDKu3fhRC_SSIIIeG,79096,Czesci_zamienne_79096.pdf,LUND,https://drive.google.com/file/d/1K5ErBbwCA0d7TZ9pDKu3fhRC_SSIIIeG/preview,https://drive.google.com/file/d/1K5ErBbwCA0d7TZ9pDKu3fhRC_SSIIIeG/view?usp=drivesdk,unknown brand / numeric filename / missing device name
13h5yw0iIUuS1mWwRce2L0_iXrKnWtvL8,79098,Czesci_zamienne_79098.pdf,LUND,https://drive.google.com/file/d/13h5yw0iIUuS1mWwRce2L0_iXrKnWtvL8/preview,https://drive.google.com/file/d/13h5yw0iIUuS1mWwRce2L0_iXrKnWtvL8/view?usp=drivesdk,unknown brand / numeric filename / missing device name
160OFy9Bo1-hscX8yz_zLNyPCJreLfqi_,79106,Czesci_zamienne_79106.pdf,LUND,https://drive.google.com/file/d/160OFy9Bo1-hscX8yz_zLNyPCJreLfqi_/preview,https://drive.google.com/file/d/160OFy9Bo1-hscX8yz_zLNyPCJreLfqi_/view?usp=drivesdk,unknown brand / numeric filename / missing device name
1NPH3NzaWCBqb-tvl-iVxboUvbgtUM4VU,09903,Czesci_zamienne_09903.pdf,VOREL,https://drive.google.com/file/d/1NPH3NzaWCBqb-tvl-iVxboUvbgtUM4VU/preview,https://drive.google.com/file/d/1NPH3NzaWCBqb-tvl-iVxboUvbgtUM4VU/view?usp=drivesdk,unknown brand / numeric filename / missing device name
1T_QyAsRP7bnmqgemHscfZSE_yEGQgzag,53575,Czesci_zamienne_53575.pdf,VOREL,https://drive.google.com/file/d/1T_QyAsRP7bnmqgemHscfZSE_yEGQgzag/preview,https://drive.google.com/file/d/1T_QyAsRP7bnmqgemHscfZSE_yEGQgzag/view?usp=drivesdk,unknown brand / numeric filename / missing device name
1J10V-Rk0eUhTxQBcQUf1SC-bxLzttNNR,53576,Czesci_zamienne_53576.pdf,VOREL,https://drive.google.com/file/d/1J10V-Rk0eUhTxQBcQUf1SC-bxLzttNNR/preview,https://drive.google.com/file/d/1J10V-Rk0eUhTxQBcQUf1SC-bxLzttNNR/view?usp=drivesdk,unknown brand / numeric filename / missing device name
14PsZpejlD1RixKkVJUERbuE_vBGfZIsY,53577,Czesci_zamienne_53577.pdf,VOREL,https://drive.google.com/file/d/14PsZpejlD1RixKkVJUERbuE_vBGfZIsY/preview,https://drive.google.com/file/d/14PsZpejlD1RixKkVJUERbuE_vBGfZIsY/view?usp=drivesdk,unknown brand / numeric filename / missing device name
1JUKLN0OQQxbjKOA0PQ2Up0E57cbYQCnn,55820,Czesci_zamienne_55820.pdf,VOREL,https://drive.google.com/file/d/1JUKLN0OQQxbjKOA0PQ2Up0E57cbYQCnn/preview,https://drive.google.com/file/d/1JUKLN0OQQxbjKOA0PQ2Up0E57cbYQCnn/view?usp=drivesdk,unknown brand / numeric filename / missing device name
1Rj8GZ-VLD95gVaa4j696ECsp_2K_3qrg,57090,Czesci_zamienne_57090.pdf,VOREL,https://drive.google.com/file/d/1Rj8GZ-VLD95gVaa4j696ECsp_2K_3qrg/preview,https://drive.google.com/file/d/1Rj8GZ-VLD95gVaa4j696ECsp_2K_3qrg/view?usp=drivesdk,unknown brand / numeric filename / missing device name
1SdZQbdqrPFxdfYLCSQB74EpOhvFxK_gr,57091,Czesci_zamienne_57091.pdf,VOREL,https://drive.google.com/file/d/1SdZQbdqrPFxdfYLCSQB74EpOhvFxK_gr/preview,https://drive.google.com/file/d/1SdZQbdqrPFxdfYLCSQB74EpOhvFxK_gr/view?usp=drivesdk,unknown brand / numeric filename / missing device name
1rnAxKhMG0lMOmFKR_TcdqogQbei4I2_-,57092,Czesci_zamienne_57092.pdf,VOREL,https://drive.google.com/file/d/1rnAxKhMG0lMOmFKR_TcdqogQbei4I2_-/preview,https://drive.google.com/file/d/1rnAxKhMG0lMOmFKR_TcdqogQbei4I2_-/view?usp=drivesdk,unknown brand / numeric filename / missing device name
1COR6mCvljmLN7oB5XDiNHLAhiVwBJ04t,57097,Czesci_zamienne_57097.pdf,VOREL,https://drive.google.com/file/d/1COR6mCvljmLN7oB5XDiNHLAhiVwBJ04t/preview,https://drive.google.com/file/d/1COR6mCvljmLN7oB5XDiNHLAhiVwBJ04t/view?usp=drivesdk,unknown brand / numeric filename / missing device name
1MQp9dvFcsCCCTUeNKjX_42-BUgkxhdET,58539,Czesci_zamienne_58539.pdf,VOREL,https://drive.google.com/file/d/1MQp9dvFcsCCCTUeNKjX_42-BUgkxhdET/preview,https://drive.google.com/file/d/1MQp9dvFcsCCCTUeNKjX_42-BUgkxhdET/view?usp=drivesdk,unknown brand / numeric filename / missing device name
1SDOTmNQKcZQ2JFNJbyTCZcFWZQPqdU7-,58540,Czesci_zamienne_58540.pdf,VOREL,https://drive.google.com/file/d/1SDOTmNQKcZQ2JFNJbyTCZcFWZQPqdU7-/preview,https://drive.google.com/file/d/1SDOTmNQKcZQ2JFNJbyTCZcFWZQPqdU7-/view?usp=drivesdk,unknown brand / numeric filename / missing device name
1qUNF-uKfo4-BcqNuLf0sAgPxig6sA5ll,58550,Czesci_zamienne_58550.pdf,VOREL,https://drive.google.com/file/d/1qUNF-uKfo4-BcqNuLf0sAgPxig6sA5ll/preview,https://drive.google.com/file/d/1qUNF-uKfo4-BcqNuLf0sAgPxig6sA5ll/view?usp=drivesdk,unknown brand / numeric filename / missing device name
1PGm9nPRRjXyipT-KN2_F3WQrwQDUxvLB,58643,Czesci_zamienne_58643.pdf,VOREL,https://drive.google.com/file/d/1PGm9nPRRjXyipT-KN2_F3WQrwQDUxvLB/preview,https://drive.google.com/file/d/1PGm9nPRRjXyipT-KN2_F3WQrwQDUxvLB/view?usp=drivesdk,unknown brand / numeric filename / missing device name
1dwqu1515cLCuUrCIL0TPdtKwjB9LX-It,58661,Czesci_zamienne_58661.pdf,VOREL,https://drive.google.com/file/d/1dwqu1515cLCuUrCIL0TPdtKwjB9LX-It/preview,https://drive.google.com/file/d/1dwqu1515cLCuUrCIL0TPdtKwjB9LX-It/view?usp=drivesdk,unknown brand / numeric filename / missing device name
1M3nXDc65ZuZr-5CAhJU8fmenwtpuF-NY,58687,Czesci_zamienne_58687.pdf,VOREL,https://drive.google.com/file/d/1M3nXDc65ZuZr-5CAhJU8fmenwtpuF-NY/preview,https://drive.google.com/file/d/1M3nXDc65ZuZr-5CAhJU8fmenwtpuF-NY/view?usp=drivesdk,unknown brand / numeric filename / missing device name
1KAmL4SD6Ig8B-MtkWiX2eJ3w8ox-1WCG,58689,Czesci_zamienne_58689.pdf,VOREL,https://drive.google.com/file/d/1KAmL4SD6Ig8B-MtkWiX2eJ3w8ox-1WCG/preview,https://drive.google.com/file/d/1KAmL4SD6Ig8B-MtkWiX2eJ3w8ox-1WCG/view?usp=drivesdk,unknown brand / numeric filename / missing device name
17tYf5Tdd0Q5Awd0pQyqTwTs6fKzfRrqI,58690,Czesci_zamienne_58690.pdf,VOREL,https://drive.google.com/file/d/17tYf5Tdd0Q5Awd0pQyqTwTs6fKzfRrqI/preview,https://drive.google.com/file/d/17tYf5Tdd0Q5Awd0pQyqTwTs6fKzfRrqI/view?usp=drivesdk,unknown brand / numeric filename / missing device name
1I-6Te_me8dQc1UbV2iL89vtzsIoCQZjT,58691,Czesci_zamienne_58691.pdf,VOREL,https://drive.google.com/file/d/1I-6Te_me8dQc1UbV2iL89vtzsIoCQZjT/preview,https://drive.google.com/file/d/1I-6Te_me8dQc1UbV2iL89vtzsIoCQZjT/view?usp=drivesdk,unknown brand / numeric filename / missing device name
10Jj2yy8sH8rRUwSpbS6gkYr36wbPgnp3,58700,Czesci_zamienne_58700.pdf,VOREL,https://drive.google.com/file/d/10Jj2yy8sH8rRUwSpbS6gkYr36wbPgnp3/preview,https://drive.google.com/file/d/10Jj2yy8sH8rRUwSpbS6gkYr36wbPgnp3/view?usp=drivesdk,unknown brand / numeric filename / missing device name
1xgcDNcn79EJMvpvY5X6bL6IltMM3mqbA,66841,Czesci_zamienne_66841.pdf,LUND,https://drive.google.com/file/d/1xgcDNcn79EJMvpvY5X6bL6IltMM3mqbA/preview,https://drive.google.com/file/d/1xgcDNcn79EJMvpvY5X6bL6IltMM3mqbA/view?usp=drivesdk,unknown brand / numeric filename / missing device name
1iq1gaWAa_96oN-42tAYWEa96d5tfwehh,66842,Czesci_zamienne_66842.pdf,LUND,https://drive.google.com/file/d/1iq1gaWAa_96oN-42tAYWEa96d5tfwehh/preview,https://drive.google.com/file/d/1iq1gaWAa_96oN-42tAYWEa96d5tfwehh/view?usp=drivesdk,unknown brand / numeric filename / missing device name
1pv4v9x5dqIic2uNdH5j3U8NHUYQw9KW9,66930,Czesci_zamienne_66930.pdf,LUND,https://drive.google.com/file/d/1pv4v9x5dqIic2uNdH5j3U8NHUYQw9KW9/preview,https://drive.google.com/file/d/1pv4v9x5dqIic2uNdH5j3U8NHUYQw9KW9/view?usp=drivesdk,unknown brand / numeric filename / missing device name
1L0AX6fm3QmjQ6V9twk4pUKPJ7myX3mkR,66932,Czesci_zamienne_66932.pdf,LUND,https://drive.google.com/file/d/1L0AX6fm3QmjQ6V9twk4pUKPJ7myX3mkR/preview,https://drive.google.com/file/d/1L0AX6fm3QmjQ6V9twk4pUKPJ7myX3mkR/view?usp=drivesdk,unknown brand / numeric filename / missing device name
1fqCeZsLhMXTZUVciY_38lXzyVy9mWARr,66934,Czesci_zamienne_66934.pdf,LUND,https://drive.google.com/file/d/1fqCeZsLhMXTZUVciY_38lXzyVy9mWARr/preview,https://drive.google.com/file/d/1fqCeZsLhMXTZUVciY_38lXzyVy9mWARr/view?usp=drivesdk,unknown brand / numeric filename / missing device name
1uhaX527zQXfyaObltYMsMsvLOuSGs840,66936,Czesci_zamienne_66936.pdf,LUND,https://drive.google.com/file/d/1uhaX527zQXfyaObltYMsMsvLOuSGs840/preview,https://drive.google.com/file/d/1uhaX527zQXfyaObltYMsMsvLOuSGs840/view?usp=drivesdk,unknown brand / numeric filename / missing device name
19JjxFxnDLYuIk1NbGuJbQAW3PPCdsQYm,66940,Czesci_zamienne_66940.pdf,LUND,https://drive.google.com/file/d/19JjxFxnDLYuIk1NbGuJbQAW3PPCdsQYm/preview,https://drive.google.com/file/d/19JjxFxnDLYuIk1NbGuJbQAW3PPCdsQYm/view?usp=drivesdk,unknown brand / numeric filename / missing device name
15vWhtzFDm3ySW1shw3PLRCxBHXBYB4PK,66950,Czesci_zamienne_66950.pdf,LUND,https://drive.google.com/file/d/15vWhtzFDm3ySW1shw3PLRCxBHXBYB4PK/preview,https://drive.google.com/file/d/15vWhtzFDm3ySW1shw3PLRCxBHXBYB4PK/view?usp=drivesdk,unknown brand / numeric filename / missing device name
19vXAwB4N_7ZCyoXn5Ds3bqDr4ZD8KZzq,67026,Czesci_zamienne_67026.pdf,LUND,https://drive.google.com/file/d/19vXAwB4N_7ZCyoXn5Ds3bqDr4ZD8KZzq/preview,https://drive.google.com/file/d/19vXAwB4N_7ZCyoXn5Ds3bqDr4ZD8KZzq/view?usp=drivesdk,unknown brand / numeric filename / missing device name
1bNeDN9j0wxqLaPp82XaSTJEDj6rqQzs3,67032,Czesci_zamienne_67032.pdf,LUND,https://drive.google.com/file/d/1bNeDN9j0wxqLaPp82XaSTJEDj6rqQzs3/preview,https://drive.google.com/file/d/1bNeDN9j0wxqLaPp82XaSTJEDj6rqQzs3/view?usp=drivesdk,unknown brand / numeric filename / missing device name
1jdo0kJQvoONEiBl8F0uURd4cRrE6Rp9a,67033,Czesci_zamienne_67033.pdf,LUND,https://drive.google.com/file/d/1jdo0kJQvoONEiBl8F0uURd4cRrE6Rp9a/preview,https://drive.google.com/file/d/1jdo0kJQvoONEiBl8F0uURd4cRrE6Rp9a/view?usp=drivesdk,unknown brand / numeric filename / missing device name
1Tie2PNeQSfDNL44ymrVTpHSTX9ibE9Bn,67034,Czesci_zamienne_67034.pdf,LUND,https://drive.google.com/file/d/1Tie2PNeQSfDNL44ymrVTpHSTX9ibE9Bn/preview,https://drive.google.com/file/d/1Tie2PNeQSfDNL44ymrVTpHSTX9ibE9Bn/view?usp=drivesdk,unknown brand / numeric filename / missing device name
14WCUhH1H_KPdEA7loRkMULL5ky81RfjS,67090,Czesci_zamienne_67090.pdf,LUND,https://drive.google.com/file/d/14WCUhH1H_KPdEA7loRkMULL5ky81RfjS/preview,https://drive.google.com/file/d/14WCUhH1H_KPdEA7loRkMULL5ky81RfjS/view?usp=drivesdk,unknown brand / numeric filename / missing device name
1TEVNQLD2nBlq59C8ifhx4CCY6dAm9KHV,67091,Czesci_zamienne_67091.pdf,LUND,https://drive.google.com/file/d/1TEVNQLD2nBlq59C8ifhx4CCY6dAm9KHV/preview,https://drive.google.com/file/d/1TEVNQLD2nBlq59C8ifhx4CCY6dAm9KHV/view?usp=drivesdk,unknown brand / numeric filename / missing device name
17yqyOAsQzQibGCNYcZ6cJ6VAWBPaBTGb,67092,Czesci_zamienne_67092.pdf,LUND,https://drive.google.com/file/d/17yqyOAsQzQibGCNYcZ6cJ6VAWBPaBTGb/preview,https://drive.google.com/file/d/17yqyOAsQzQibGCNYcZ6cJ6VAWBPaBTGb/view?usp=drivesdk,unknown brand / numeric filename / missing device name
1Bls_G_AkABNpeTVRY_thcuuQS8m_tPQo,67110,Czesci_zamienne_67110.pdf,LUND,https://drive.google.com/file/d/1Bls_G_AkABNpeTVRY_thcuuQS8m_tPQo/preview,https://drive.google.com/file/d/1Bls_G_AkABNpeTVRY_thcuuQS8m_tPQo/view?usp=drivesdk,unknown brand / numeric filename / missing device name
1ktJ7KmlxDQS5XQQA7VunY2_Oro5clMdQ,67111,Czesci_zamienne_67111.pdf,LUND,https://drive.google.com/file/d/1ktJ7KmlxDQS5XQQA7VunY2_Oro5clMdQ/preview,https://drive.google.com/file/d/1ktJ7KmlxDQS5XQQA7VunY2_Oro5clMdQ/view?usp=drivesdk,unknown brand / numeric filename / missing device name
1opQ0Jboga9vrY3dfCMoy7KRI83l3Y82O,67112,Czesci_zamienne_67112.pdf,LUND,https://drive.google.com/file/d/1opQ0Jboga9vrY3dfCMoy7KRI83l3Y82O/preview,https://drive.google.com/file/d/1opQ0Jboga9vrY3dfCMoy7KRI83l3Y82O/view?usp=drivesdk,unknown brand / numeric filename / missing device name
1dVIGzYk4NPHLfogE4yIMQNAYo839Fxm7,67113,Czesci_zamienne_67113.pdf,LUND,https://drive.google.com/file/d/1dVIGzYk4NPHLfogE4yIMQNAYo839Fxm7/preview,https://drive.google.com/file/d/1dVIGzYk4NPHLfogE4yIMQNAYo839Fxm7/view?usp=drivesdk,unknown brand / numeric filename / missing device name
1kziacb43TsXzvpQWXUwY8wE0HP2JSFK5,67120,Czesci_zamienne_67120.pdf,LUND,https://drive.google.com/file/d/1kziacb43TsXzvpQWXUwY8wE0HP2JSFK5/preview,https://drive.google.com/file/d/1kziacb43TsXzvpQWXUwY8wE0HP2JSFK5/view?usp=drivesdk,unknown brand / numeric filename / missing device name
1wobCpeyb2fEkwk0TVYbKWMlTKWrNhroZ,67121,Czesci_zamienne_67121.pdf,LUND,https://drive.google.com/file/d/1wobCpeyb2fEkwk0TVYbKWMlTKWrNhroZ/preview,https://drive.google.com/file/d/1wobCpeyb2fEkwk0TVYbKWMlTKWrNhroZ/view?usp=drivesdk,unknown brand / numeric filename / missing device name
1I9MZzQQnxW70O6pUcNDMjqYgdxz-BsTB,67125,Czesci_zamienne_67125.pdf,LUND,https://drive.google.com/file/d/1I9MZzQQnxW70O6pUcNDMjqYgdxz-BsTB/preview,https://drive.google.com/file/d/1I9MZzQQnxW70O6pUcNDMjqYgdxz-BsTB/view?usp=drivesdk,unknown brand / numeric filename / missing device name
1Tjg50-gsmQzJas0WRUTRIhyDJEHJFSdc,67180,Czesci_zamienne_67180.pdf,LUND,https://drive.google.com/file/d/1Tjg50-gsmQzJas0WRUTRIhyDJEHJFSdc/preview,https://drive.google.com/file/d/1Tjg50-gsmQzJas0WRUTRIhyDJEHJFSdc/view?usp=drivesdk,unknown brand / numeric filename / missing device name
1qvlK8vbXl1IEiaZ9juThIyEklwp6SZ93,67200,Czesci_zamienne_67200.pdf,LUND,https://drive.google.com/file/d/1qvlK8vbXl1IEiaZ9juThIyEklwp6SZ93/preview,https://drive.google.com/file/d/1qvlK8vbXl1IEiaZ9juThIyEklwp6SZ93/view?usp=drivesdk,unknown brand / numeric filename / missing device name
10ZpYB3RRu0DnHXRTA6IxUTJoWDzy1ek3,67201,Czesci_zamienne_67201.pdf,LUND,https://drive.google.com/file/d/10ZpYB3RRu0DnHXRTA6IxUTJoWDzy1ek3/preview,https://drive.google.com/file/d/10ZpYB3RRu0DnHXRTA6IxUTJoWDzy1ek3/view?usp=drivesdk,unknown brand / numeric filename / missing device name
1mrPc40HKLqOT_u0gsDC66IZMqnRrcllI,67220,Czesci_zamienne_67220.pdf,LUND,https://drive.google.com/file/d/1mrPc40HKLqOT_u0gsDC66IZMqnRrcllI/preview,https://drive.google.com/file/d/1mrPc40HKLqOT_u0gsDC66IZMqnRrcllI/view?usp=drivesdk,unknown brand / numeric filename / missing device name
1lOIm0ASXmk37_ILBcABDvhJh0dlGEVcY,67221,Czesci_zamienne_67221.pdf,LUND,https://drive.google.com/file/d/1lOIm0ASXmk37_ILBcABDvhJh0dlGEVcY/preview,https://drive.google.com/file/d/1lOIm0ASXmk37_ILBcABDvhJh0dlGEVcY/view?usp=drivesdk,unknown brand / numeric filename / missing device name
1LdOkwP3oc-d4DWlDmSUdAu09ApyQIqT4,67230,Czesci_zamienne_67230.pdf,LUND,https://drive.google.com/file/d/1LdOkwP3oc-d4DWlDmSUdAu09ApyQIqT4/preview,https://drive.google.com/file/d/1LdOkwP3oc-d4DWlDmSUdAu09ApyQIqT4/view?usp=drivesdk,unknown brand / numeric filename / missing device name
1Z3nO2n4ruU2hwWFOerRibzEneLvvP8N2,67231,Czesci_zamienne_67231.pdf,LUND,https://drive.google.com/file/d/1Z3nO2n4ruU2hwWFOerRibzEneLvvP8N2/preview,https://drive.google.com/file/d/1Z3nO2n4ruU2hwWFOerRibzEneLvvP8N2/view?usp=drivesdk,unknown brand / numeric filename / missing device name
1__fgv7vSlq97m5YZV2Lp_nHMxJYLl7Er,67292,Czesci_zamienne_67292.pdf,LUND,https://drive.google.com/file/d/1__fgv7vSlq97m5YZV2Lp_nHMxJYLl7Er/preview,https://drive.google.com/file/d/1__fgv7vSlq97m5YZV2Lp_nHMxJYLl7Er/view?usp=drivesdk,unknown brand / numeric filename / missing device name
10twZS_cA4zlwgCNqYDFYROtsP98VTR8k,67293,Czesci_zamienne_67293.pdf,LUND,https://drive.google.com/file/d/10twZS_cA4zlwgCNqYDFYROtsP98VTR8k/preview,https://drive.google.com/file/d/10twZS_cA4zlwgCNqYDFYROtsP98VTR8k/view?usp=drivesdk,unknown brand / numeric filename / missing device name
1x1USizZGfpydDrV6T4tULLQKhxMbN22h,67420,Czesci_zamienne_67420.pdf,LUND,https://drive.google.com/file/d/1x1USizZGfpydDrV6T4tULLQKhxMbN22h/preview,https://drive.google.com/file/d/1x1USizZGfpydDrV6T4tULLQKhxMbN22h/view?usp=drivesdk,unknown brand / numeric filename / missing device name
1TrckZn5ZFmka8PjN5t4XVOjgtkUKKf-C,67422,Czesci_zamienne_67422.pdf,LUND,https://drive.google.com/file/d/1TrckZn5ZFmka8PjN5t4XVOjgtkUKKf-C/preview,https://drive.google.com/file/d/1TrckZn5ZFmka8PjN5t4XVOjgtkUKKf-C/view?usp=drivesdk,unknown brand / numeric filename / missing device name
1RikedlfhILHopXQikmR3DZSC2137TBbU,67423,Czesci_zamienne_67423.pdf,LUND,https://drive.google.com/file/d/1RikedlfhILHopXQikmR3DZSC2137TBbU/preview,https://drive.google.com/file/d/1RikedlfhILHopXQikmR3DZSC2137TBbU/view?usp=drivesdk,unknown brand / numeric filename / missing device name
16qAkCkxwMp0OhjmfwwTLel-XTtLlTmf5,67424,Czesci_zamienne_67424.pdf,LUND,https://drive.google.com/file/d/16qAkCkxwMp0OhjmfwwTLel-XTtLlTmf5/preview,https://drive.google.com/file/d/16qAkCkxwMp0OhjmfwwTLel-XTtLlTmf5/view?usp=drivesdk,unknown brand / numeric filename / missing device name
1ElhfEiWY8sjbRg48glvt7gBddg4zsPHT,67450,Czesci_zamienne_67450.pdf,LUND,https://drive.google.com/file/d/1ElhfEiWY8sjbRg48glvt7gBddg4zsPHT/preview,https://drive.google.com/file/d/1ElhfEiWY8sjbRg48glvt7gBddg4zsPHT/view?usp=drivesdk,unknown brand / numeric filename / missing device name
1CHuaVDlHEtICS35co8zE86qOuqyJUgY5,67451,Czesci_zamienne_67451.pdf,LUND,https://drive.google.com/file/d/1CHuaVDlHEtICS35co8zE86qOuqyJUgY5/preview,https://drive.google.com/file/d/1CHuaVDlHEtICS35co8zE86qOuqyJUgY5/view?usp=drivesdk,unknown brand / numeric filename / missing device name
1NaxUTvQNijcsNu4g7E0ZcJ-vdGM-wJXb,67453,Czesci_zamienne_67453.pdf,LUND,https://drive.google.com/file/d/1NaxUTvQNijcsNu4g7E0ZcJ-vdGM-wJXb/preview,https://drive.google.com/file/d/1NaxUTvQNijcsNu4g7E0ZcJ-vdGM-wJXb/view?usp=drivesdk,unknown brand / numeric filename / missing device name
1CPd1eDTK4dXDYoxm8n5qJ4RGQ9eLOJOy,67455,Czesci_zamienne_67455.pdf,LUND,https://drive.google.com/file/d/1CPd1eDTK4dXDYoxm8n5qJ4RGQ9eLOJOy/preview,https://drive.google.com/file/d/1CPd1eDTK4dXDYoxm8n5qJ4RGQ9eLOJOy/view?usp=drivesdk,unknown brand / numeric filename / missing device name
1EOGM6eFaoES5wZCPGtw2PX5wjfsDRFU0,67456,Czesci_zamienne_67456.pdf,LUND,https://drive.google.com/file/d/1EOGM6eFaoES5wZCPGtw2PX5wjfsDRFU0/preview,https://drive.google.com/file/d/1EOGM6eFaoES5wZCPGtw2PX5wjfsDRFU0/view?usp=drivesdk,unknown brand / numeric filename / missing device name
11JTaudD5kYRSzWGIe1ra7PNFQytk4sqQ,67457,Czesci_zamienne_67457.pdf,LUND,https://drive.google.com/file/d/11JTaudD5kYRSzWGIe1ra7PNFQytk4sqQ/preview,https://drive.google.com/file/d/11JTaudD5kYRSzWGIe1ra7PNFQytk4sqQ/view?usp=drivesdk,unknown brand / numeric filename / missing device name
1x_rK2tqIAk0iooFu3Qc6zv8jrVOrUdEq,67458,Czesci_zamienne_67458.pdf,LUND,https://drive.google.com/file/d/1x_rK2tqIAk0iooFu3Qc6zv8jrVOrUdEq/preview,https://drive.google.com/file/d/1x_rK2tqIAk0iooFu3Qc6zv8jrVOrUdEq/view?usp=drivesdk,unknown brand / numeric filename / missing device name
1nKtVeFvITUUr88b9l-CmfOaZ8sDP-SVQ,67460,Czesci_zamienne_67460.pdf,LUND,https://drive.google.com/file/d/1nKtVeFvITUUr88b9l-CmfOaZ8sDP-SVQ/preview,https://drive.google.com/file/d/1nKtVeFvITUUr88b9l-CmfOaZ8sDP-SVQ/view?usp=drivesdk,unknown brand / numeric filename / missing device name
1Xh6OKt4zkh58bqTn_fgpaQYH3aQ7hcbT,67470,Czesci_zamienne_67470.pdf,LUND,https://drive.google.com/file/d/1Xh6OKt4zkh58bqTn_fgpaQYH3aQ7hcbT/preview,https://drive.google.com/file/d/1Xh6OKt4zkh58bqTn_fgpaQYH3aQ7hcbT/view?usp=drivesdk,unknown brand / numeric filename / missing device name
1sKjbivYPklV1hKypUoYb214lDF6Zkizm,67480,Czesci_zamienne_67480.pdf,LUND,https://drive.google.com/file/d/1sKjbivYPklV1hKypUoYb214lDF6Zkizm/preview,https://drive.google.com/file/d/1sKjbivYPklV1hKypUoYb214lDF6Zkizm/view?usp=drivesdk,unknown brand / numeric filename / missing device name
1XeY6KEeeRqkkU8ZbhSbx0oGUFQJuivX1,67500,Czesci_zamienne_67500.pdf,LUND,https://drive.google.com/file/d/1XeY6KEeeRqkkU8ZbhSbx0oGUFQJuivX1/preview,https://drive.google.com/file/d/1XeY6KEeeRqkkU8ZbhSbx0oGUFQJuivX1/view?usp=drivesdk,unknown brand / numeric filename / missing device name
1a7ssh8dRqixUDcJbZbk7gcXMCceJUeMN,67501,Czesci_zamienne_67501.pdf,LUND,https://drive.google.com/file/d/1a7ssh8dRqixUDcJbZbk7gcXMCceJUeMN/preview,https://drive.google.com/file/d/1a7ssh8dRqixUDcJbZbk7gcXMCceJUeMN/view?usp=drivesdk,unknown brand / numeric filename / missing device name
1fk-rJYvgA4LFS75ixN1wD7f7XiSLIKqB,67520,Czesci_zamienne_67520.pdf,LUND,https://drive.google.com/file/d/1fk-rJYvgA4LFS75ixN1wD7f7XiSLIKqB/preview,https://drive.google.com/file/d/1fk-rJYvgA4LFS75ixN1wD7f7XiSLIKqB/view?usp=drivesdk,unknown brand / numeric filename / missing device name
1gPLCrOFgGHCzUUKUdf_xzrhWBbpodc-Y,67521,Czesci_zamienne_67521.pdf,LUND,https://drive.google.com/file/d/1gPLCrOFgGHCzUUKUdf_xzrhWBbpodc-Y/preview,https://drive.google.com/file/d/1gPLCrOFgGHCzUUKUdf_xzrhWBbpodc-Y/view?usp=drivesdk,unknown brand / numeric filename / missing device name
1tvRNsXaT_ncjTMWHtGDSPQptnKrortk8,67522,Czesci_zamienne_67522.pdf,LUND,https://drive.google.com/file/d/1tvRNsXaT_ncjTMWHtGDSPQptnKrortk8/preview,https://drive.google.com/file/d/1tvRNsXaT_ncjTMWHtGDSPQptnKrortk8/view?usp=drivesdk,unknown brand / numeric filename / missing device name
1iOzqHKHKYX1j4GwzPOVoA4DE9SdkojIi,67523,Czesci_zamienne_67523.pdf,LUND,https://drive.google.com/file/d/1iOzqHKHKYX1j4GwzPOVoA4DE9SdkojIi/preview,https://drive.google.com/file/d/1iOzqHKHKYX1j4GwzPOVoA4DE9SdkojIi/view?usp=drivesdk,unknown brand / numeric filename / missing device name
1CMZxpn8PPcXEDtd309crEJHPXxEPjcJ8,67525,Czesci_zamienne_67525.pdf,LUND,https://drive.google.com/file/d/1CMZxpn8PPcXEDtd309crEJHPXxEPjcJ8/preview,https://drive.google.com/file/d/1CMZxpn8PPcXEDtd309crEJHPXxEPjcJ8/view?usp=drivesdk,unknown brand / numeric filename / missing device name
1ROEus6Hj2_a6k5ovf885hbRxddvTEOS5,67526,Czesci_zamienne_67526.pdf,LUND,https://drive.google.com/file/d/1ROEus6Hj2_a6k5ovf885hbRxddvTEOS5/preview,https://drive.google.com/file/d/1ROEus6Hj2_a6k5ovf885hbRxddvTEOS5/view?usp=drivesdk,unknown brand / numeric filename / missing device name
1Gae7jSYcLo-OX8ljgXP2wa-J6GjdUMGX,67527,Czesci_zamienne_67527.pdf,LUND,https://drive.google.com/file/d/1Gae7jSYcLo-OX8ljgXP2wa-J6GjdUMGX/preview,https://drive.google.com/file/d/1Gae7jSYcLo-OX8ljgXP2wa-J6GjdUMGX/view?usp=drivesdk,unknown brand / numeric filename / missing device name
1SkPrQlhKATw2npL3K7-G8iZ-r0bBMgla,67528,Czesci_zamienne_67528.pdf,LUND,https://drive.google.com/file/d/1SkPrQlhKATw2npL3K7-G8iZ-r0bBMgla/preview,https://drive.google.com/file/d/1SkPrQlhKATw2npL3K7-G8iZ-r0bBMgla/view?usp=drivesdk,unknown brand / numeric filename / missing device name
107P3K9LVKmlcZ75PERol20MGUp7lCVLZ,67530,Czesci_zamienne_67530.pdf,LUND,https://drive.google.com/file/d/107P3K9LVKmlcZ75PERol20MGUp7lCVLZ/preview,https://drive.google.com/file/d/107P3K9LVKmlcZ75PERol20MGUp7lCVLZ/view?usp=drivesdk,unknown brand / numeric filename / missing device name
1-QaRqH4AxnJDNtQ6TFTroC2VOoqQ-WkK,67570,Czesci_zamienne_67570.pdf,LUND,https://drive.google.com/file/d/1-QaRqH4AxnJDNtQ6TFTroC2VOoqQ-WkK/preview,https://drive.google.com/file/d/1-QaRqH4AxnJDNtQ6TFTroC2VOoqQ-WkK/view?usp=drivesdk,unknown brand / numeric filename / missing device name
1l82F8lB56jUvSqNKTIauSaP8ujv0BJUC,67571,Czesci_zamienne_67571.pdf,LUND,https://drive.google.com/file/d/1l82F8lB56jUvSqNKTIauSaP8ujv0BJUC/preview,https://drive.google.com/file/d/1l82F8lB56jUvSqNKTIauSaP8ujv0BJUC/view?usp=drivesdk,unknown brand / numeric filename / missing device name
18X_T8GOtbQmYtScy-C2PiP-Q6Y5u5uVu,67572,Czesci_zamienne_67572.pdf,LUND,https://drive.google.com/file/d/18X_T8GOtbQmYtScy-C2PiP-Q6Y5u5uVu/preview,https://drive.google.com/file/d/18X_T8GOtbQmYtScy-C2PiP-Q6Y5u5uVu/view?usp=drivesdk,unknown brand / numeric filename / missing device name
1-Blni_kcMGteygyEv4mpkN1ug5Lwseex,67573,Czesci_zamienne_67573.pdf,LUND,https://drive.google.com/file/d/1-Blni_kcMGteygyEv4mpkN1ug5Lwseex/preview,https://drive.google.com/file/d/1-Blni_kcMGteygyEv4mpkN1ug5Lwseex/view?usp=drivesdk,unknown brand / numeric filename / missing device name
1cUE2ofqAodMCxGymyBtHVqrdiQkrao_w,67574,Czesci_zamienne_67574.pdf,LUND,https://drive.google.com/file/d/1cUE2ofqAodMCxGymyBtHVqrdiQkrao_w/preview,https://drive.google.com/file/d/1cUE2ofqAodMCxGymyBtHVqrdiQkrao_w/view?usp=drivesdk,unknown brand / numeric filename / missing device name
14biI7mjXpj5X-RCs-K2cqWvXHE2Ym3_q,67575,Czesci_zamienne_67575.pdf,LUND,https://drive.google.com/file/d/14biI7mjXpj5X-RCs-K2cqWvXHE2Ym3_q/preview,https://drive.google.com/file/d/14biI7mjXpj5X-RCs-K2cqWvXHE2Ym3_q/view?usp=drivesdk,unknown brand / numeric filename / missing device name
1_cbMX79Ul9snUhrtKcN1_UIJ3MxfZ0SL,67576,Czesci_zamienne_67576.pdf,LUND,https://drive.google.com/file/d/1_cbMX79Ul9snUhrtKcN1_UIJ3MxfZ0SL/preview,https://drive.google.com/file/d/1_cbMX79Ul9snUhrtKcN1_UIJ3MxfZ0SL/view?usp=drivesdk,unknown brand / numeric filename / missing device name
1GprnCPZLWEa3HmWxuX6lrgJXYoM-mU9c,67580,Czesci_zamienne_67580.pdf,LUND,https://drive.google.com/file/d/1GprnCPZLWEa3HmWxuX6lrgJXYoM-mU9c/preview,https://drive.google.com/file/d/1GprnCPZLWEa3HmWxuX6lrgJXYoM-mU9c/view?usp=drivesdk,unknown brand / numeric filename / missing device name
1C_xKzmIIq8lTFdUXUFxjXrWPyw4RHzHA,67581,Czesci_zamienne_67581.pdf,LUND,https://drive.google.com/file/d/1C_xKzmIIq8lTFdUXUFxjXrWPyw4RHzHA/preview,https://drive.google.com/file/d/1C_xKzmIIq8lTFdUXUFxjXrWPyw4RHzHA/view?usp=drivesdk,unknown brand / numeric filename / missing device name
1h7WPC-3QbkgkGAmSsn80w4vO6as1aW0K,67582,Czesci_zamienne_67582.pdf,LUND,https://drive.google.com/file/d/1h7WPC-3QbkgkGAmSsn80w4vO6as1aW0K/preview,https://drive.google.com/file/d/1h7WPC-3QbkgkGAmSsn80w4vO6as1aW0K/view?usp=drivesdk,unknown brand / numeric filename / missing device name
1d0QzzEkiqO2nsTiMTqr85RfPEDkP2LLv,67584,Czesci_zamienne_67584.pdf,LUND,https://drive.google.com/file/d/1d0QzzEkiqO2nsTiMTqr85RfPEDkP2LLv/preview,https://drive.google.com/file/d/1d0QzzEkiqO2nsTiMTqr85RfPEDkP2LLv/view?usp=drivesdk,unknown brand / numeric filename / missing device name
1IeanvOoRHlphyBbVaOX2Jtd5B8lyoBP7,67590,Czesci_zamienne_67590.pdf,LUND,https://drive.google.com/file/d/1IeanvOoRHlphyBbVaOX2Jtd5B8lyoBP7/preview,https://drive.google.com/file/d/1IeanvOoRHlphyBbVaOX2Jtd5B8lyoBP7/view?usp=drivesdk,unknown brand / numeric filename / missing device name
1RXblbtt8ahyF6ZVYn7JTEZ1VoTF_btAN,67640,Czesci_zamienne_67640.pdf,LUND,https://drive.google.com/file/d/1RXblbtt8ahyF6ZVYn7JTEZ1VoTF_btAN/preview,https://drive.google.com/file/d/1RXblbtt8ahyF6ZVYn7JTEZ1VoTF_btAN/view?usp=drivesdk,unknown brand / numeric filename / missing device name
1yPb-OwPkGilHdRUxdl_7wwSxfLxSN7_G,67641,Czesci_zamienne_67641.pdf,LUND,https://drive.google.com/file/d/1yPb-OwPkGilHdRUxdl_7wwSxfLxSN7_G/preview,https://drive.google.com/file/d/1yPb-OwPkGilHdRUxdl_7wwSxfLxSN7_G/view?usp=drivesdk,unknown brand / numeric filename / missing device name
1g7U1GGIgDcGZIk5YqkDG0C-hmA7fieZM,67642,Czesci_zamienne_67642.pdf,LUND,https://drive.google.com/file/d/1g7U1GGIgDcGZIk5YqkDG0C-hmA7fieZM/preview,https://drive.google.com/file/d/1g7U1GGIgDcGZIk5YqkDG0C-hmA7fieZM/view?usp=drivesdk,unknown brand / numeric filename / missing device name
1G_u-KB-YupyhTBlQoTCFxbcy2TZL_c03,67660,Czesci_zamienne_67660.pdf,LUND,https://drive.google.com/file/d/1G_u-KB-YupyhTBlQoTCFxbcy2TZL_c03/preview,https://drive.google.com/file/d/1G_u-KB-YupyhTBlQoTCFxbcy2TZL_c03/view?usp=drivesdk,unknown brand / numeric filename / missing device name
1rVzZ4RQHBMYJatrapH8H7Of4EBhBIbvQ,67661,Czesci_zamienne_67661.pdf,LUND,https://drive.google.com/file/d/1rVzZ4RQHBMYJatrapH8H7Of4EBhBIbvQ/preview,https://drive.google.com/file/d/1rVzZ4RQHBMYJatrapH8H7Of4EBhBIbvQ/view?usp=drivesdk,unknown brand / numeric filename / missing device name
1QGyt6A63TeXmyNR2wIR2CB2hgSmk-xjZ,67700,Czesci_zamienne_67700.pdf,LUND,https://drive.google.com/file/d/1QGyt6A63TeXmyNR2wIR2CB2hgSmk-xjZ/preview,https://drive.google.com/file/d/1QGyt6A63TeXmyNR2wIR2CB2hgSmk-xjZ/view?usp=drivesdk,unknown brand / numeric filename / missing device name
1OXhnpqIltAhR2kfCbHnr-JkZNyDuVa3x,67701,Czesci_zamienne_67701.pdf,LUND,https://drive.google.com/file/d/1OXhnpqIltAhR2kfCbHnr-JkZNyDuVa3x/preview,https://drive.google.com/file/d/1OXhnpqIltAhR2kfCbHnr-JkZNyDuVa3x/view?usp=drivesdk,unknown brand / numeric filename / missing device name
1qpOPtPLIhIdfL8gdlF8PSX9MmkjtxYrB,67702,Czesci_zamienne_67702.pdf,LUND,https://drive.google.com/file/d/1qpOPtPLIhIdfL8gdlF8PSX9MmkjtxYrB/preview,https://drive.google.com/file/d/1qpOPtPLIhIdfL8gdlF8PSX9MmkjtxYrB/view?usp=drivesdk,unknown brand / numeric filename / missing device name
1Y_SaB0POb8U8CWkgWQxRXXB7kFhElCl8,67703,Czesci_zamienne_67703.pdf,LUND,https://drive.google.com/file/d/1Y_SaB0POb8U8CWkgWQxRXXB7kFhElCl8/preview,https://drive.google.com/file/d/1Y_SaB0POb8U8CWkgWQxRXXB7kFhElCl8/view?usp=drivesdk,unknown brand / numeric filename / missing device name
1TgH1oC-10kLZq17sN6QpY9v-FNKSb6pb,67704,Czesci_zamienne_67704.pdf,LUND,https://drive.google.com/file/d/1TgH1oC-10kLZq17sN6QpY9v-FNKSb6pb/preview,https://drive.google.com/file/d/1TgH1oC-10kLZq17sN6QpY9v-FNKSb6pb/view?usp=drivesdk,unknown brand / numeric filename / missing device name
1WrQKRXpYyy4JH_cR1DTqtccqoIH-vshf,67705,Czesci_zamienne_67705.pdf,LUND,https://drive.google.com/file/d/1WrQKRXpYyy4JH_cR1DTqtccqoIH-vshf/preview,https://drive.google.com/file/d/1WrQKRXpYyy4JH_cR1DTqtccqoIH-vshf/view?usp=drivesdk,unknown brand / numeric filename / missing device name
1hVFm4T9jkqQGbrndO88VWbHcK5YgZ0wx,67707,Czesci_zamienne_67707.pdf,LUND,https://drive.google.com/file/d/1hVFm4T9jkqQGbrndO88VWbHcK5YgZ0wx/preview,https://drive.google.com/file/d/1hVFm4T9jkqQGbrndO88VWbHcK5YgZ0wx/view?usp=drivesdk,unknown brand / numeric filename / missing device name
1cWx25MmFZvM2Q-mRYBhrn_V038ZNyKfG,67780,Czesci_zamienne_67780.pdf,LUND,https://drive.google.com/file/d/1cWx25MmFZvM2Q-mRYBhrn_V038ZNyKfG/preview,https://drive.google.com/file/d/1cWx25MmFZvM2Q-mRYBhrn_V038ZNyKfG/view?usp=drivesdk,unknown brand / numeric filename / missing device name
1U4smZAYmvEsF87BSmGhAVX8Qs599Jp8l,67781,Czesci_zamienne_67781.pdf,LUND,https://drive.google.com/file/d/1U4smZAYmvEsF87BSmGhAVX8Qs599Jp8l/preview,https://drive.google.com/file/d/1U4smZAYmvEsF87BSmGhAVX8Qs599Jp8l/view?usp=drivesdk,unknown brand / numeric filename / missing device name
1El2Hh1APuHL_h0BBCM7eDPYDu57ObECg,67790,Czesci_zamienne_67790.pdf,LUND,https://drive.google.com/file/d/1El2Hh1APuHL_h0BBCM7eDPYDu57ObECg/preview,https://drive.google.com/file/d/1El2Hh1APuHL_h0BBCM7eDPYDu57ObECg/view?usp=drivesdk,unknown brand / numeric filename / missing device name
1_Zc_etVgTOm9-8RzR533ZOybznEC9SHf,67805,Czesci_zamienne_67805.pdf,LUND,https://drive.google.com/file/d/1_Zc_etVgTOm9-8RzR533ZOybznEC9SHf/preview,https://drive.google.com/file/d/1_Zc_etVgTOm9-8RzR533ZOybznEC9SHf/view?usp=drivesdk,unknown brand / numeric filename / missing device name
1eJtxaZqbmaKByYjKLSVvmj1C5qn7tOvH,67810,Czesci_zamienne_67810.pdf,LUND,https://drive.google.com/file/d/1eJtxaZqbmaKByYjKLSVvmj1C5qn7tOvH/preview,https://drive.google.com/file/d/1eJtxaZqbmaKByYjKLSVvmj1C5qn7tOvH/view?usp=drivesdk,unknown brand / numeric filename / missing device name
1RcmNXamJNWXmcIMm4K4IlQawvGK9i-3b,67811,Czesci_zamienne_67811.pdf,LUND,https://drive.google.com/file/d/1RcmNXamJNWXmcIMm4K4IlQawvGK9i-3b/preview,https://drive.google.com/file/d/1RcmNXamJNWXmcIMm4K4IlQawvGK9i-3b/view?usp=drivesdk,unknown brand / numeric filename / missing device name
1-eJrYS3weW4cQTAo_XssLj4ZK2swqJ9x,67812,Czesci_zamienne_67812.pdf,LUND,https://drive.google.com/file/d/1-eJrYS3weW4cQTAo_XssLj4ZK2swqJ9x/preview,https://drive.google.com/file/d/1-eJrYS3weW4cQTAo_XssLj4ZK2swqJ9x/view?usp=drivesdk,unknown brand / numeric filename / missing device name
1t0ClnsXIhuf3SOsRaiu6K9BIDZT1bCxK,67813,Czesci_zamienne_67813.pdf,LUND,https://drive.google.com/file/d/1t0ClnsXIhuf3SOsRaiu6K9BIDZT1bCxK/preview,https://drive.google.com/file/d/1t0ClnsXIhuf3SOsRaiu6K9BIDZT1bCxK/view?usp=drivesdk,unknown brand / numeric filename / missing device name
1Th5eCNZt5tEz-J2_d2gfBLtcOO-it6qB,67814,Czesci_zamienne_67814.pdf,LUND,https://drive.google.com/file/d/1Th5eCNZt5tEz-J2_d2gfBLtcOO-it6qB/preview,https://drive.google.com/file/d/1Th5eCNZt5tEz-J2_d2gfBLtcOO-it6qB/view?usp=drivesdk,unknown brand / numeric filename / missing device name
1hXPJARXsGxlMhLH6xWMc6-pa6Xy1kYYA,67815,Czesci_zamienne_67815.pdf,LUND,https://drive.google.com/file/d/1hXPJARXsGxlMhLH6xWMc6-pa6Xy1kYYA/preview,https://drive.google.com/file/d/1hXPJARXsGxlMhLH6xWMc6-pa6Xy1kYYA/view?usp=drivesdk,unknown brand / numeric filename / missing device name
1kQxCLXsD-M2Ta2oZQ4hX4fAC5wWLyhTR,67840,Czesci_zamienne_67840.pdf,LUND,https://drive.google.com/file/d/1kQxCLXsD-M2Ta2oZQ4hX4fAC5wWLyhTR/preview,https://drive.google.com/file/d/1kQxCLXsD-M2Ta2oZQ4hX4fAC5wWLyhTR/view?usp=drivesdk,unknown brand / numeric filename / missing device name
1zUj-OKPkTiMgqY8CrQK-khGS0bYHynGJ,67841,Czesci_zamienne_67841.pdf,LUND,https://drive.google.com/file/d/1zUj-OKPkTiMgqY8CrQK-khGS0bYHynGJ/preview,https://drive.google.com/file/d/1zUj-OKPkTiMgqY8CrQK-khGS0bYHynGJ/view?usp=drivesdk,unknown brand / numeric filename / missing device name
1eP8B5MRroF-qg5gVo8-ek7tPUNzU9zMT,67850,Czesci_zamienne_67850.pdf,LUND,https://drive.google.com/file/d/1eP8B5MRroF-qg5gVo8-ek7tPUNzU9zMT/preview,https://drive.google.com/file/d/1eP8B5MRroF-qg5gVo8-ek7tPUNzU9zMT/view?usp=drivesdk,unknown brand / numeric filename / missing device name
1GmgwTOd1vfguL_mz-NE9Hiq_x3y1qN55,67851,Czesci_zamienne_67851.pdf,LUND,https://drive.google.com/file/d/1GmgwTOd1vfguL_mz-NE9Hiq_x3y1qN55/preview,https://drive.google.com/file/d/1GmgwTOd1vfguL_mz-NE9Hiq_x3y1qN55/view?usp=drivesdk,unknown brand / numeric filename / missing device name
1-732PiK1edGxZdnQ8MxHuLsfN9RMdfpV,67853,Czesci_zamienne_67853.pdf,LUND,https://drive.google.com/file/d/1-732PiK1edGxZdnQ8MxHuLsfN9RMdfpV/preview,https://drive.google.com/file/d/1-732PiK1edGxZdnQ8MxHuLsfN9RMdfpV/view?usp=drivesdk,unknown brand / numeric filename / missing device name
1OsVM1KpYd09brEs1bwLh6JEhwW6nmDlf,67860,Czesci_zamienne_67860.pdf,LUND,https://drive.google.com/file/d/1OsVM1KpYd09brEs1bwLh6JEhwW6nmDlf/preview,https://drive.google.com/file/d/1OsVM1KpYd09brEs1bwLh6JEhwW6nmDlf/view?usp=drivesdk,unknown brand / numeric filename / missing device name
1bTgonCVhAGeR7aFTM7K9l2g2Lvl0EuHj,67880,Czesci_zamienne_67880.pdf,LUND,https://drive.google.com/file/d/1bTgonCVhAGeR7aFTM7K9l2g2Lvl0EuHj/preview,https://drive.google.com/file/d/1bTgonCVhAGeR7aFTM7K9l2g2Lvl0EuHj/view?usp=drivesdk,unknown brand / numeric filename / missing device name
1ucBOgPIGdvSyCaXOaCKvOASaKu3iA3Z2,67882,Czesci_zamienne_67882.pdf,LUND,https://drive.google.com/file/d/1ucBOgPIGdvSyCaXOaCKvOASaKu3iA3Z2/preview,https://drive.google.com/file/d/1ucBOgPIGdvSyCaXOaCKvOASaKu3iA3Z2/view?usp=drivesdk,unknown brand / numeric filename / missing device name
1zwG-w5Oh5cdzBtvAqIbRW1L9eYNwu5NM,67900,Czesci_zamienne_67900.pdf,LUND,https://drive.google.com/file/d/1zwG-w5Oh5cdzBtvAqIbRW1L9eYNwu5NM/preview,https://drive.google.com/file/d/1zwG-w5Oh5cdzBtvAqIbRW1L9eYNwu5NM/view?usp=drivesdk,unknown brand / numeric filename / missing device name
1KHvKSFSHikqMVMOoPiTHAZItdFzTs7b3,67901,Czesci_zamienne_67901.pdf,LUND,https://drive.google.com/file/d/1KHvKSFSHikqMVMOoPiTHAZItdFzTs7b3/preview,https://drive.google.com/file/d/1KHvKSFSHikqMVMOoPiTHAZItdFzTs7b3/view?usp=drivesdk,unknown brand / numeric filename / missing device name
18rSuJxPC5qR7hVG3H-OJgis22oPmUgk0,67950,Czesci_zamienne_67950.pdf,LUND,https://drive.google.com/file/d/18rSuJxPC5qR7hVG3H-OJgis22oPmUgk0/preview,https://drive.google.com/file/d/18rSuJxPC5qR7hVG3H-OJgis22oPmUgk0/view?usp=drivesdk,unknown brand / numeric filename / missing device name
16BGYYk5hawSvTdjdz6nmJHLaZRLk6f0I,67961,Czesci_zamienne_67961.pdf,LUND,https://drive.google.com/file/d/16BGYYk5hawSvTdjdz6nmJHLaZRLk6f0I/preview,https://drive.google.com/file/d/16BGYYk5hawSvTdjdz6nmJHLaZRLk6f0I/view?usp=drivesdk,unknown brand / numeric filename / missing device name
1JDPpy_iF2aG0ouv9-PndgBhsxKCBPOCP,68010,Czesci_zamienne_68010.pdf,LUND,https://drive.google.com/file/d/1JDPpy_iF2aG0ouv9-PndgBhsxKCBPOCP/preview,https://drive.google.com/file/d/1JDPpy_iF2aG0ouv9-PndgBhsxKCBPOCP/view?usp=drivesdk,unknown brand / numeric filename / missing device name
1itdDfxB5IWfakC3PYREIbu9qFHUb-FkP,68011,Czesci_zamienne_68011.pdf,LUND,https://drive.google.com/file/d/1itdDfxB5IWfakC3PYREIbu9qFHUb-FkP/preview,https://drive.google.com/file/d/1itdDfxB5IWfakC3PYREIbu9qFHUb-FkP/view?usp=drivesdk,unknown brand / numeric filename / missing device name
1YR_2QZ_jCrcIcorsJht0vsD0_8EaBPST,68015,Czesci_zamienne_68015.pdf,LUND,https://drive.google.com/file/d/1YR_2QZ_jCrcIcorsJht0vsD0_8EaBPST/preview,https://drive.google.com/file/d/1YR_2QZ_jCrcIcorsJht0vsD0_8EaBPST/view?usp=drivesdk,unknown brand / numeric filename / missing device name
12k8eLHOTNBl9Wns7_NwCGjoO7A3E7WwA,68016,Czesci_zamienne_68016.pdf,LUND,https://drive.google.com/file/d/12k8eLHOTNBl9Wns7_NwCGjoO7A3E7WwA/preview,https://drive.google.com/file/d/12k8eLHOTNBl9Wns7_NwCGjoO7A3E7WwA/view?usp=drivesdk,unknown brand / numeric filename / missing device name
1kugooUP6ehz1o9GpYLoKgkmRvn8V4FVd,68032,Czesci_zamienne_68032.pdf,LUND,https://drive.google.com/file/d/1kugooUP6ehz1o9GpYLoKgkmRvn8V4FVd/preview,https://drive.google.com/file/d/1kugooUP6ehz1o9GpYLoKgkmRvn8V4FVd/view?usp=drivesdk,unknown brand / numeric filename / missing device name
1LzkT_BH5UACrieFWMQk3pGmUqli_2vj7,68033,Czesci_zamienne_68033.pdf,LUND,https://drive.google.com/file/d/1LzkT_BH5UACrieFWMQk3pGmUqli_2vj7/preview,https://drive.google.com/file/d/1LzkT_BH5UACrieFWMQk3pGmUqli_2vj7/view?usp=drivesdk,unknown brand / numeric filename / missing device name
18EKd33cYttcAIOUUml726YKIZy7a70te,68050,Czesci_zamienne_68050.pdf,LUND,https://drive.google.com/file/d/18EKd33cYttcAIOUUml726YKIZy7a70te/preview,https://drive.google.com/file/d/18EKd33cYttcAIOUUml726YKIZy7a70te/view?usp=drivesdk,unknown brand / numeric filename / missing device name
1y54halHwT4dgxSQaplumo4qtyKxqHSuO,68051,Czesci_zamienne_68051.pdf,LUND,https://drive.google.com/file/d/1y54halHwT4dgxSQaplumo4qtyKxqHSuO/preview,https://drive.google.com/file/d/1y54halHwT4dgxSQaplumo4qtyKxqHSuO/view?usp=drivesdk,unknown brand / numeric filename / missing device name
15fHilGd0EQceROaKxzwRkhMs3hIkvIOC,68052,Czesci_zamienne_68052.pdf,LUND,https://drive.google.com/file/d/15fHilGd0EQceROaKxzwRkhMs3hIkvIOC/preview,https://drive.google.com/file/d/15fHilGd0EQceROaKxzwRkhMs3hIkvIOC/view?usp=drivesdk,unknown brand / numeric filename / missing device name
1JiV9xzhwVEfGeP9GYf7A1bwO7fTTlJQb,68053,Czesci_zamienne_68053.pdf,LUND,https://drive.google.com/file/d/1JiV9xzhwVEfGeP9GYf7A1bwO7fTTlJQb/preview,https://drive.google.com/file/d/1JiV9xzhwVEfGeP9GYf7A1bwO7fTTlJQb/view?usp=drivesdk,unknown brand / numeric filename / missing device name
1s_XhcReiJ-APMR_W09yCjIA1lwnCbn1j,68090,Czesci_zamienne_68090.pdf,LUND,https://drive.google.com/file/d/1s_XhcReiJ-APMR_W09yCjIA1lwnCbn1j/preview,https://drive.google.com/file/d/1s_XhcReiJ-APMR_W09yCjIA1lwnCbn1j/view?usp=drivesdk,unknown brand / numeric filename / missing device name
1sTwLTkPO09tS1AycZYOQMwmNJbwSfgJz,68100,Czesci_zamienne_68100.pdf,LUND,https://drive.google.com/file/d/1sTwLTkPO09tS1AycZYOQMwmNJbwSfgJz/preview,https://drive.google.com/file/d/1sTwLTkPO09tS1AycZYOQMwmNJbwSfgJz/view?usp=drivesdk,unknown brand / numeric filename / missing device name
1KZIrptc1tEyM0LsvOCwZ4n_hQzwuT8Y8,68115,Czesci_zamienne_68115.pdf,LUND,https://drive.google.com/file/d/1KZIrptc1tEyM0LsvOCwZ4n_hQzwuT8Y8/preview,https://drive.google.com/file/d/1KZIrptc1tEyM0LsvOCwZ4n_hQzwuT8Y8/view?usp=drivesdk,unknown brand / numeric filename / missing device name
1qIhSw2K1Ib1bmgxlo9FunzdoJ9e09QwG,68116,Czesci_zamienne_68116.pdf,LUND,https://drive.google.com/file/d/1qIhSw2K1Ib1bmgxlo9FunzdoJ9e09QwG/preview,https://drive.google.com/file/d/1qIhSw2K1Ib1bmgxlo9FunzdoJ9e09QwG/view?usp=drivesdk,unknown brand / numeric filename / missing device name
1Yf56CkUZvtrCzPsHCbrRuacQAETB2tnh,68172,Czesci_zamienne_68172.pdf,LUND,https://drive.google.com/file/d/1Yf56CkUZvtrCzPsHCbrRuacQAETB2tnh/preview,https://drive.google.com/file/d/1Yf56CkUZvtrCzPsHCbrRuacQAETB2tnh/view?usp=drivesdk,unknown brand / numeric filename / missing device name
18FXcfiSVEMMOTuMJRkp7AytieByvghzY,68173,Czesci_zamienne_68173.pdf,LUND,https://drive.google.com/file/d/18FXcfiSVEMMOTuMJRkp7AytieByvghzY/preview,https://drive.google.com/file/d/18FXcfiSVEMMOTuMJRkp7AytieByvghzY/view?usp=drivesdk,unknown brand / numeric filename / missing device name
15U7tmRitQJAaSxC6UD3B3oS451A4UPoU,68174,Czesci_zamienne_68174.pdf,LUND,https://drive.google.com/file/d/15U7tmRitQJAaSxC6UD3B3oS451A4UPoU/preview,https://drive.google.com/file/d/15U7tmRitQJAaSxC6UD3B3oS451A4UPoU/view?usp=drivesdk,unknown brand / numeric filename / missing device name
1LXYEedTVlUe0opdPRquobrQnrf71zDSR,68193,Czesci_zamienne_68193.pdf,LUND,https://drive.google.com/file/d/1LXYEedTVlUe0opdPRquobrQnrf71zDSR/preview,https://drive.google.com/file/d/1LXYEedTVlUe0opdPRquobrQnrf71zDSR/view?usp=drivesdk,unknown brand / numeric filename / missing device name
1b9cwP4-ANPCThZQd0viYbq-McT5u4ULg,68194,Czesci_zamienne_68194.pdf,LUND,https://drive.google.com/file/d/1b9cwP4-ANPCThZQd0viYbq-McT5u4ULg/preview,https://drive.google.com/file/d/1b9cwP4-ANPCThZQd0viYbq-McT5u4ULg/view?usp=drivesdk,unknown brand / numeric filename / missing device name
1vysCeoKCGQUs-R2QuJPWTNHChxLlAPJV,68195,Czesci_zamienne_68195.pdf,LUND,https://drive.google.com/file/d/1vysCeoKCGQUs-R2QuJPWTNHChxLlAPJV/preview,https://drive.google.com/file/d/1vysCeoKCGQUs-R2QuJPWTNHChxLlAPJV/view?usp=drivesdk,unknown brand / numeric filename / missing device name
1G43WXea30oPt-Lhr-PMVnYTkSCi30xac,68206,Czesci_zamienne_68206 68207 68208 68209.pdf,LUND,https://drive.google.com/file/d/1G43WXea30oPt-Lhr-PMVnYTkSCi30xac/preview,https://drive.google.com/file/d/1G43WXea30oPt-Lhr-PMVnYTkSCi30xac/view?usp=drivesdk,unknown brand / numeric filename / missing device name
1LQPeWi-rAOHHft-3u1IW7L-PySzBYhh8,68216,Czesci_zamienne_68216.pdf,LUND,https://drive.google.com/file/d/1LQPeWi-rAOHHft-3u1IW7L-PySzBYhh8/preview,https://drive.google.com/file/d/1LQPeWi-rAOHHft-3u1IW7L-PySzBYhh8/view?usp=drivesdk,unknown brand / numeric filename / missing device name
1h-k0mTYeD1zi5STGS6y9QWCr4Xx2YxbV,68217,Czesci_zamienne_68217.pdf,LUND,https://drive.google.com/file/d/1h-k0mTYeD1zi5STGS6y9QWCr4Xx2YxbV/preview,https://drive.google.com/file/d/1h-k0mTYeD1zi5STGS6y9QWCr4Xx2YxbV/view?usp=drivesdk,unknown brand / numeric filename / missing device name
1BMD-iNrhKVZNoxnyc2ONE8fuZiCBagci,68218,Czesci_zamienne_68218.pdf,LUND,https://drive.google.com/file/d/1BMD-iNrhKVZNoxnyc2ONE8fuZiCBagci/preview,https://drive.google.com/file/d/1BMD-iNrhKVZNoxnyc2ONE8fuZiCBagci/view?usp=drivesdk,unknown brand / numeric filename / missing device name
1GlJn6x3b90bP0hjsqy_ej0qy__ttbAeo,68219-68223,Czesci_zamienne_68219_68223.pdf,LUND,https://drive.google.com/file/d/1GlJn6x3b90bP0hjsqy_ej0qy__ttbAeo/preview,https://drive.google.com/file/d/1GlJn6x3b90bP0hjsqy_ej0qy__ttbAeo/view?usp=drivesdk,unknown brand / numeric filename / missing device name
1psrarZ08GxHpV32BduIFhdbnBLdunxlt,68250,Czesci_zamienne_68250.pdf,LUND,https://drive.google.com/file/d/1psrarZ08GxHpV32BduIFhdbnBLdunxlt/preview,https://drive.google.com/file/d/1psrarZ08GxHpV32BduIFhdbnBLdunxlt/view?usp=drivesdk,unknown brand / numeric filename / missing device name
1x9wsvjAW_-5rbu8z2UzOa2TSdpJu1bEb,68251,Czesci_zamienne_68251.pdf,LUND,https://drive.google.com/file/d/1x9wsvjAW_-5rbu8z2UzOa2TSdpJu1bEb/preview,https://drive.google.com/file/d/1x9wsvjAW_-5rbu8z2UzOa2TSdpJu1bEb/view?usp=drivesdk,unknown brand / numeric filename / missing device name
1R9gpvxDc-8mT_HYutC4wa3XEkD6sF8Q-,68260,Czesci_zamienne_68260.pdf,LUND,https://drive.google.com/file/d/1R9gpvxDc-8mT_HYutC4wa3XEkD6sF8Q-/preview,https://drive.google.com/file/d/1R9gpvxDc-8mT_HYutC4wa3XEkD6sF8Q-/view?usp=drivesdk,unknown brand / numeric filename / missing device name
16gz5TAMMYACrZL5eq3aaqAiKyr60ajsP,68270,Czesci_zamienne_68270.pdf,LUND,https://drive.google.com/file/d/16gz5TAMMYACrZL5eq3aaqAiKyr60ajsP/preview,https://drive.google.com/file/d/16gz5TAMMYACrZL5eq3aaqAiKyr60ajsP/view?usp=drivesdk,unknown brand / numeric filename / missing device name
1tCHh5iVgTNXeO-0ubNu-cY6RrUtvPAF4,68271,Czesci_zamienne_68271.pdf,LUND,https://drive.google.com/file/d/1tCHh5iVgTNXeO-0ubNu-cY6RrUtvPAF4/preview,https://drive.google.com/file/d/1tCHh5iVgTNXeO-0ubNu-cY6RrUtvPAF4/view?usp=drivesdk,unknown brand / numeric filename / missing device name
1tZvd7BpIVC8fd7LPG7EnwnWS84W6CrDc,68272,Czesci_zamienne_68272.pdf,LUND,https://drive.google.com/file/d/1tZvd7BpIVC8fd7LPG7EnwnWS84W6CrDc/preview,https://drive.google.com/file/d/1tZvd7BpIVC8fd7LPG7EnwnWS84W6CrDc/view?usp=drivesdk,unknown brand / numeric filename / missing device name
14oV0c9ueIlXhrid34Sj7U9-gzGivB3_4,68273,Czesci_zamienne_68273.pdf,LUND,https://drive.google.com/file/d/14oV0c9ueIlXhrid34Sj7U9-gzGivB3_4/preview,https://drive.google.com/file/d/14oV0c9ueIlXhrid34Sj7U9-gzGivB3_4/view?usp=drivesdk,unknown brand / numeric filename / missing device name
1nF1PE5pvOYwJWj1p_o9Hq5jcPhHUeoPV,68280,Czesci_zamienne_68280.pdf,LUND,https://drive.google.com/file/d/1nF1PE5pvOYwJWj1p_o9Hq5jcPhHUeoPV/preview,https://drive.google.com/file/d/1nF1PE5pvOYwJWj1p_o9Hq5jcPhHUeoPV/view?usp=drivesdk,unknown brand / numeric filename / missing device name
1pTOBooQlKQUqV9ojSW11yvN6W-Cy34mP,68281,Czesci_zamienne_68281.pdf,LUND,https://drive.google.com/file/d/1pTOBooQlKQUqV9ojSW11yvN6W-Cy34mP/preview,https://drive.google.com/file/d/1pTOBooQlKQUqV9ojSW11yvN6W-Cy34mP/view?usp=drivesdk,unknown brand / numeric filename / missing device name
1pQSW-RzgX52fzy2qCp-uk-Tmc7KIx5C7,68477,Czesci_zamienne_68477.pdf,LUND,https://drive.google.com/file/d/1pQSW-RzgX52fzy2qCp-uk-Tmc7KIx5C7/preview,https://drive.google.com/file/d/1pQSW-RzgX52fzy2qCp-uk-Tmc7KIx5C7/view?usp=drivesdk,unknown brand / numeric filename / missing device name
1TSLsMvrwnRG1lGQTnTOOTFYwCRRrbbkZ,68480,Czesci_zamienne_68480.pdf,LUND,https://drive.google.com/file/d/1TSLsMvrwnRG1lGQTnTOOTFYwCRRrbbkZ/preview,https://drive.google.com/file/d/1TSLsMvrwnRG1lGQTnTOOTFYwCRRrbbkZ/view?usp=drivesdk,unknown brand / numeric filename / missing device name
1hkM9Bs9bcjmyK6cOLHG-YPDQjIxzFMIb,68481,Czesci_zamienne_68481.pdf,LUND,https://drive.google.com/file/d/1hkM9Bs9bcjmyK6cOLHG-YPDQjIxzFMIb/preview,https://drive.google.com/file/d/1hkM9Bs9bcjmyK6cOLHG-YPDQjIxzFMIb/view?usp=drivesdk,unknown brand / numeric filename / missing device name
1BmY-I3XWXWaFuSrBFp7nu-_YhUaWRDz8,68501,Czesci_zamienne_68501.pdf,LUND,https://drive.google.com/file/d/1BmY-I3XWXWaFuSrBFp7nu-_YhUaWRDz8/preview,https://drive.google.com/file/d/1BmY-I3XWXWaFuSrBFp7nu-_YhUaWRDz8/view?usp=drivesdk,unknown brand / numeric filename / missing device name
1rZxyvUdDPyQVaRK-SCsHRt0Ff1jeFjgX,68502,Czesci_zamienne_68502.pdf,LUND,https://drive.google.com/file/d/1rZxyvUdDPyQVaRK-SCsHRt0Ff1jeFjgX/preview,https://drive.google.com/file/d/1rZxyvUdDPyQVaRK-SCsHRt0Ff1jeFjgX/view?usp=drivesdk,unknown brand / numeric filename / missing device name
1FB4xXT8ZsD0iTtIMRniyyI606j_DB4iY,68510,Czesci_zamienne_68510.pdf,LUND,https://drive.google.com/file/d/1FB4xXT8ZsD0iTtIMRniyyI606j_DB4iY/preview,https://drive.google.com/file/d/1FB4xXT8ZsD0iTtIMRniyyI606j_DB4iY/view?usp=drivesdk,unknown brand / numeric filename / missing device name
1ZHv-KtM0-VBaUIC4wYjAQOvoEFWuCFOe,68650,Czesci_zamienne_68650.pdf,LUND,https://drive.google.com/file/d/1ZHv-KtM0-VBaUIC4wYjAQOvoEFWuCFOe/preview,https://drive.google.com/file/d/1ZHv-KtM0-VBaUIC4wYjAQOvoEFWuCFOe/view?usp=drivesdk,unknown brand / numeric filename / missing device name
1yXg67R3HTcEXS4NGEO6HUH8xB-4AukI5,68651,Czesci_zamienne_68651.pdf,LUND,https://drive.google.com/file/d/1yXg67R3HTcEXS4NGEO6HUH8xB-4AukI5/preview,https://drive.google.com/file/d/1yXg67R3HTcEXS4NGEO6HUH8xB-4AukI5/view?usp=drivesdk,unknown brand / numeric filename / missing device name
1AfnCxtGNSfioIbpVApiCi39qCPiaTw8X,68652,Czesci_zamienne_68652.pdf,LUND,https://drive.google.com/file/d/1AfnCxtGNSfioIbpVApiCi39qCPiaTw8X/preview,https://drive.google.com/file/d/1AfnCxtGNSfioIbpVApiCi39qCPiaTw8X/view?usp=drivesdk,unknown brand / numeric filename / missing device name
1KCLT3gdez_mM0NC9Eeh9ch6Qr_F7cauO,68791,Czesci_zamienne_68791.pdf,LUND,https://drive.google.com/file/d/1KCLT3gdez_mM0NC9Eeh9ch6Qr_F7cauO/preview,https://drive.google.com/file/d/1KCLT3gdez_mM0NC9Eeh9ch6Qr_F7cauO/view?usp=drivesdk,unknown brand / numeric filename / missing device name
1hvRa9rnEqrxP1X62VSd9qf241GYuimvC,68792,Czesci_zamienne_68792.pdf,LUND,https://drive.google.com/file/d/1hvRa9rnEqrxP1X62VSd9qf241GYuimvC/preview,https://drive.google.com/file/d/1hvRa9rnEqrxP1X62VSd9qf241GYuimvC/view?usp=drivesdk,unknown brand / numeric filename / missing device name
1aNaojBY37kRICtQ6WkOeKjtlI9Dm0aDO,68793,Czesci_zamienne_68793.pdf,LUND,https://drive.google.com/file/d/1aNaojBY37kRICtQ6WkOeKjtlI9Dm0aDO/preview,https://drive.google.com/file/d/1aNaojBY37kRICtQ6WkOeKjtlI9Dm0aDO/view?usp=drivesdk,unknown brand / numeric filename / missing device name
1O2A--OzQc5J1DdNZqxS_i-hiLiERGotq,70280,Czesci_zamienne_70280.pdf,LUND,https://drive.google.com/file/d/1O2A--OzQc5J1DdNZqxS_i-hiLiERGotq/preview,https://drive.google.com/file/d/1O2A--OzQc5J1DdNZqxS_i-hiLiERGotq/view?usp=drivesdk,unknown brand / numeric filename / missing device name
1sNav0wPmLS78pFC2ZFNqGmgqSmFgiPn_,71500,Czesci_zamienne_71500.pdf,LUND,https://drive.google.com/file/d/1sNav0wPmLS78pFC2ZFNqGmgqSmFgiPn_/preview,https://drive.google.com/file/d/1sNav0wPmLS78pFC2ZFNqGmgqSmFgiPn_/view?usp=drivesdk,unknown brand / numeric filename / missing device name
1etGMUo-snHA2-lPNUsnXcdbcvp_2oHx0,72928,Czesci_zamienne_72928.pdf,LUND,https://drive.google.com/file/d/1etGMUo-snHA2-lPNUsnXcdbcvp_2oHx0/preview,https://drive.google.com/file/d/1etGMUo-snHA2-lPNUsnXcdbcvp_2oHx0/view?usp=drivesdk,unknown brand / numeric filename / missing device name
11ZL0EDRcOIgF1V5qpozXiVHvb2D4d4kT,72930,Czesci_zamienne_72930.pdf,LUND,https://drive.google.com/file/d/11ZL0EDRcOIgF1V5qpozXiVHvb2D4d4kT/preview,https://drive.google.com/file/d/11ZL0EDRcOIgF1V5qpozXiVHvb2D4d4kT/view?usp=drivesdk,unknown brand / numeric filename / missing device name
1xj3l2AaEtD7nOwO0dSlLxn2_bAs_eo7Q,73056,Czesci_zamienne_73056.pdf,LUND,https://drive.google.com/file/d/1xj3l2AaEtD7nOwO0dSlLxn2_bAs_eo7Q/preview,https://drive.google.com/file/d/1xj3l2AaEtD7nOwO0dSlLxn2_bAs_eo7Q/view?usp=drivesdk,unknown brand / numeric filename / missing device name
1ijx7LHkIJpJzo9gHU6AI1XdAwAPRjOOe,73200,Czesci_zamienne_73200.pdf,LUND,https://drive.google.com/file/d/1ijx7LHkIJpJzo9gHU6AI1XdAwAPRjOOe/preview,https://drive.google.com/file/d/1ijx7LHkIJpJzo9gHU6AI1XdAwAPRjOOe/view?usp=drivesdk,unknown brand / numeric filename / missing device name
1Cx6ta-4YuAvjMnxc5tzXayzGteuK5N9m,73201,Czesci_zamienne_73201.pdf,LUND,https://drive.google.com/file/d/1Cx6ta-4YuAvjMnxc5tzXayzGteuK5N9m/preview,https://drive.google.com/file/d/1Cx6ta-4YuAvjMnxc5tzXayzGteuK5N9m/view?usp=drivesdk,unknown brand / numeric filename / missing device name
1CFi1FRfOCYA3x-ROsInf-d9vL47nge8I,73202,Czesci_zamienne_73202.pdf,LUND,https://drive.google.com/file/d/1CFi1FRfOCYA3x-ROsInf-d9vL47nge8I/preview,https://drive.google.com/file/d/1CFi1FRfOCYA3x-ROsInf-d9vL47nge8I/view?usp=drivesdk,unknown brand / numeric filename / missing device name
1ON5Svay2Im1N5Sxv5WzP85kti8vtd8Zm,73203,Czesci_zamienne_73203.pdf,LUND,https://drive.google.com/file/d/1ON5Svay2Im1N5Sxv5WzP85kti8vtd8Zm/preview,https://drive.google.com/file/d/1ON5Svay2Im1N5Sxv5WzP85kti8vtd8Zm/view?usp=drivesdk,unknown brand / numeric filename / missing device name
1sccR21AhMdj7inafmlYxELtgJadVIAxi,73400,Czesci_zamienne_73400.pdf,LUND,https://drive.google.com/file/d/1sccR21AhMdj7inafmlYxELtgJadVIAxi/preview,https://drive.google.com/file/d/1sccR21AhMdj7inafmlYxELtgJadVIAxi/view?usp=drivesdk,unknown brand / numeric filename / missing device name
1eSdK1WQN-ptwRGO-_eUEQsDTo3aF3euk,73403,Czesci_zamienne_73403.pdf,LUND,https://drive.google.com/file/d/1eSdK1WQN-ptwRGO-_eUEQsDTo3aF3euk/preview,https://drive.google.com/file/d/1eSdK1WQN-ptwRGO-_eUEQsDTo3aF3euk/view?usp=drivesdk,unknown brand / numeric filename / missing device name
1hOBE2GdZ33LWxb_IttabsGNWqCns6OIf,73410,Czesci_zamienne_73410.pdf,LUND,https://drive.google.com/file/d/1hOBE2GdZ33LWxb_IttabsGNWqCns6OIf/preview,https://drive.google.com/file/d/1hOBE2GdZ33LWxb_IttabsGNWqCns6OIf/view?usp=drivesdk,unknown brand / numeric filename / missing device name
1TFoxwXQmqin82NfXfztTUdX33TuIIusg,73420,Czesci_zamienne_73420.pdf,LUND,https://drive.google.com/file/d/1TFoxwXQmqin82NfXfztTUdX33TuIIusg/preview,https://drive.google.com/file/d/1TFoxwXQmqin82NfXfztTUdX33TuIIusg/view?usp=drivesdk,unknown brand / numeric filename / missing device name
1f55q7HLIiAq1SquYekfdvY5h7PUnKJ4k,73470,Czesci_zamienne_73470.pdf,LUND,https://drive.google.com/file/d/1f55q7HLIiAq1SquYekfdvY5h7PUnKJ4k/preview,https://drive.google.com/file/d/1f55q7HLIiAq1SquYekfdvY5h7PUnKJ4k/view?usp=drivesdk,unknown brand / numeric filename / missing device name
1gdc59j4HOfF2GiurbLxzeOQWlaTG5PjH,73473,Czesci_zamienne_73473.pdf,LUND,https://drive.google.com/file/d/1gdc59j4HOfF2GiurbLxzeOQWlaTG5PjH/preview,https://drive.google.com/file/d/1gdc59j4HOfF2GiurbLxzeOQWlaTG5PjH/view?usp=drivesdk,unknown brand / numeric filename / missing device name
1xbzS13WgdPQQ382NIxVKciOeKoLPZDpL,75662,Czesci_zamienne_75662.pdf,FALA,https://drive.google.com/file/d/1xbzS13WgdPQQ382NIxVKciOeKoLPZDpL/preview,https://drive.google.com/file/d/1xbzS13WgdPQQ382NIxVKciOeKoLPZDpL/view?usp=drivesdk,unknown brand / numeric filename / missing device name
1Vs3egicm34qyI6aTOyXTiQteDD3f4eTj,75663,Czesci_zamienne_75663.pdf,FALA,https://drive.google.com/file/d/1Vs3egicm34qyI6aTOyXTiQteDD3f4eTj/preview,https://drive.google.com/file/d/1Vs3egicm34qyI6aTOyXTiQteDD3f4eTj/view?usp=drivesdk,unknown brand / numeric filename / missing device name
1WRnfeVYvdT3Ay-lzbOTkHDx8TCefyFCH,75664,Czesci_zamienne_75664.pdf,FALA,https://drive.google.com/file/d/1WRnfeVYvdT3Ay-lzbOTkHDx8TCefyFCH/preview,https://drive.google.com/file/d/1WRnfeVYvdT3Ay-lzbOTkHDx8TCefyFCH/view?usp=drivesdk,unknown brand / numeric filename / missing device name
1uYxQIVxJFzeG-ZqK6qTl_iPsJWsjwOzp,75665,Czesci_zamienne_75665.pdf,FALA,https://drive.google.com/file/d/1uYxQIVxJFzeG-ZqK6qTl_iPsJWsjwOzp/preview,https://drive.google.com/file/d/1uYxQIVxJFzeG-ZqK6qTl_iPsJWsjwOzp/view?usp=drivesdk,unknown brand / numeric filename / missing device name
10b1DAA8RQ7OCm3a36ozXBPLALcDKJTJD,75670,Czesci_zamienne_75670.pdf,FALA,https://drive.google.com/file/d/10b1DAA8RQ7OCm3a36ozXBPLALcDKJTJD/preview,https://drive.google.com/file/d/10b1DAA8RQ7OCm3a36ozXBPLALcDKJTJD/view?usp=drivesdk,unknown brand / numeric filename / missing device name
1eICZCIDLrPCM2IgfbnZ6fQySAv5_lWZU,75671,Czesci_zamienne_75671.pdf,FALA,https://drive.google.com/file/d/1eICZCIDLrPCM2IgfbnZ6fQySAv5_lWZU/preview,https://drive.google.com/file/d/1eICZCIDLrPCM2IgfbnZ6fQySAv5_lWZU/view?usp=drivesdk,unknown brand / numeric filename / missing device name
1wRcGUEP00VZxHb472q2k9ntkUNOAN6Sx,75672,Czesci_zamienne_75672.pdf,FALA,https://drive.google.com/file/d/1wRcGUEP00VZxHb472q2k9ntkUNOAN6Sx/preview,https://drive.google.com/file/d/1wRcGUEP00VZxHb472q2k9ntkUNOAN6Sx/view?usp=drivesdk,unknown brand / numeric filename / missing device name
1H3Eha9O7CA2fDXMvYNYNgQZSIcosCMaH,75673,Czesci_zamienne_75673.pdf,FALA,https://drive.google.com/file/d/1H3Eha9O7CA2fDXMvYNYNgQZSIcosCMaH/preview,https://drive.google.com/file/d/1H3Eha9O7CA2fDXMvYNYNgQZSIcosCMaH/view?usp=drivesdk,unknown brand / numeric filename / missing device name
1FOvabGctbkX0dP3-2CdkA4zINFfYfuy2,75674,Czesci_zamienne_75674.pdf,FALA,https://drive.google.com/file/d/1FOvabGctbkX0dP3-2CdkA4zINFfYfuy2/preview,https://drive.google.com/file/d/1FOvabGctbkX0dP3-2CdkA4zINFfYfuy2/view?usp=drivesdk,unknown brand / numeric filename / missing device name
1QfDXIFrDIXepCPLsiKVBbymrQBWpc_LP,75685,Czesci_zamienne_75685.pdf,FALA,https://drive.google.com/file/d/1QfDXIFrDIXepCPLsiKVBbymrQBWpc_LP/preview,https://drive.google.com/file/d/1QfDXIFrDIXepCPLsiKVBbymrQBWpc_LP/view?usp=drivesdk,unknown brand / numeric filename / missing device name
1XamBtsgxYtjm5t5Cx0AJRUr7abvoWoHY,75686,Czesci_zamienne_75686.pdf,FALA,https://drive.google.com/file/d/1XamBtsgxYtjm5t5Cx0AJRUr7abvoWoHY/preview,https://drive.google.com/file/d/1XamBtsgxYtjm5t5Cx0AJRUr7abvoWoHY/view?usp=drivesdk,unknown brand / numeric filename / missing device name
10OMBbfAOma7h9P-UWbQreCf0N2JbFtBt,75687,Czesci_zamienne_75687.pdf,FALA,https://drive.google.com/file/d/10OMBbfAOma7h9P-UWbQreCf0N2JbFtBt/preview,https://drive.google.com/file/d/10OMBbfAOma7h9P-UWbQreCf0N2JbFtBt/view?usp=drivesdk,unknown brand / numeric filename / missing device name
1csjAhMRm3xQsfESi8bopwwizy5ky5QXS,75688,Czesci_zamienne_75688.pdf,FALA,https://drive.google.com/file/d/1csjAhMRm3xQsfESi8bopwwizy5ky5QXS/preview,https://drive.google.com/file/d/1csjAhMRm3xQsfESi8bopwwizy5ky5QXS/view?usp=drivesdk,unknown brand / numeric filename / missing device name
1O7K5qMCOH3J7Gau2KaZN9sEbhFK4sERj,75689,Czesci_zamienne_75689.pdf,FALA,https://drive.google.com/file/d/1O7K5qMCOH3J7Gau2KaZN9sEbhFK4sERj/preview,https://drive.google.com/file/d/1O7K5qMCOH3J7Gau2KaZN9sEbhFK4sERj/view?usp=drivesdk,unknown brand / numeric filename / missing device name
1cX9xHSMf8DCGNcuuAllMrYKct95kpSVL,75705-75706-75707-75708-75709-75710-75711-75712,Czesci_zamienne_75705_75706_75707_75708_75709_75710_75711_75712.pdf,FALA,https://drive.google.com/file/d/1cX9xHSMf8DCGNcuuAllMrYKct95kpSVL/preview,https://drive.google.com/file/d/1cX9xHSMf8DCGNcuuAllMrYKct95kpSVL/view?usp=drivesdk,unknown brand / numeric filename / missing device name
12ZfCnlOFsSR3K9__DWmsuLGMHszxBEAW,75716,Czesci_zamienne_75716.pdf,FALA,https://drive.google.com/file/d/12ZfCnlOFsSR3K9__DWmsuLGMHszxBEAW/preview,https://drive.google.com/file/d/12ZfCnlOFsSR3K9__DWmsuLGMHszxBEAW/view?usp=drivesdk,unknown brand / numeric filename / missing device name
1L9FkzWPSBvzxiAUSTZHC9Eapk26a2miN,75719,Czesci_zamienne_75719.pdf,FALA,https://drive.google.com/file/d/1L9FkzWPSBvzxiAUSTZHC9Eapk26a2miN/preview,https://drive.google.com/file/d/1L9FkzWPSBvzxiAUSTZHC9Eapk26a2miN/view?usp=drivesdk,unknown brand / numeric filename / missing device name
19AJAphYV9BivM2RUauku2GS5mX5GPDTt,75740,Czesci_zamienne_75740.pdf,FALA,https://drive.google.com/file/d/19AJAphYV9BivM2RUauku2GS5mX5GPDTt/preview,https://drive.google.com/file/d/19AJAphYV9BivM2RUauku2GS5mX5GPDTt/view?usp=drivesdk,unknown brand / numeric filename / missing device name
1SWK2BnSeQ8APCVmk73oIPphY1CZc1V6R,75742,Czesci_zamienne_75742.pdf,FALA,https://drive.google.com/file/d/1SWK2BnSeQ8APCVmk73oIPphY1CZc1V6R/preview,https://drive.google.com/file/d/1SWK2BnSeQ8APCVmk73oIPphY1CZc1V6R/view?usp=drivesdk,unknown brand / numeric filename / missing device name
1pNH5Vxv2qklNhMaIeXI4gpu1i8yJqJ3n,75743,Czesci_zamienne_75743.pdf,FALA,https://drive.google.com/file/d/1pNH5Vxv2qklNhMaIeXI4gpu1i8yJqJ3n/preview,https://drive.google.com/file/d/1pNH5Vxv2qklNhMaIeXI4gpu1i8yJqJ3n/view?usp=drivesdk,unknown brand / numeric filename / missing device name
1PCqSj9PR2uGZF7098KAlaR2OeHlN0aR9,75745,Czesci_zamienne_75745.pdf,FALA,https://drive.google.com/file/d/1PCqSj9PR2uGZF7098KAlaR2OeHlN0aR9/preview,https://drive.google.com/file/d/1PCqSj9PR2uGZF7098KAlaR2OeHlN0aR9/view?usp=drivesdk,unknown brand / numeric filename / missing device name
1TteOO7b_10w22N0E_6-3cAKnvdoXmCNO,75747,Czesci_zamienne_75747.pdf,FALA,https://drive.google.com/file/d/1TteOO7b_10w22N0E_6-3cAKnvdoXmCNO/preview,https://drive.google.com/file/d/1TteOO7b_10w22N0E_6-3cAKnvdoXmCNO/view?usp=drivesdk,unknown brand / numeric filename / missing device name
1NSag2JaycT4tP0bzVrHJmzlgwRtu6s42,75748,Czesci_zamienne_75748.pdf,FALA,https://drive.google.com/file/d/1NSag2JaycT4tP0bzVrHJmzlgwRtu6s42/preview,https://drive.google.com/file/d/1NSag2JaycT4tP0bzVrHJmzlgwRtu6s42/view?usp=drivesdk,unknown brand / numeric filename / missing device name
1c_Tsqg-_kdId9rskUBfCoQ6KZ1z5Zvm4,75749,Czesci_zamienne_75749.pdf,FALA,https://drive.google.com/file/d/1c_Tsqg-_kdId9rskUBfCoQ6KZ1z5Zvm4/preview,https://drive.google.com/file/d/1c_Tsqg-_kdId9rskUBfCoQ6KZ1z5Zvm4/view?usp=drivesdk,unknown brand / numeric filename / missing device name
1COJxn5Uwlee9Qayn-IOVv2Ds-SIgKWXs,75760,Czesci_zamienne_75760.pdf,FALA,https://drive.google.com/file/d/1COJxn5Uwlee9Qayn-IOVv2Ds-SIgKWXs/preview,https://drive.google.com/file/d/1COJxn5Uwlee9Qayn-IOVv2Ds-SIgKWXs/view?usp=drivesdk,unknown brand / numeric filename / missing device name
1IuKH3mWRIIZbWJMwnKelNLyOO7K0syD0,75762,Czesci_zamienne_75762.pdf,FALA,https://drive.google.com/file/d/1IuKH3mWRIIZbWJMwnKelNLyOO7K0syD0/preview,https://drive.google.com/file/d/1IuKH3mWRIIZbWJMwnKelNLyOO7K0syD0/view?usp=drivesdk,unknown brand / numeric filename / missing device name
10CB35QwoybNeaXN8iDurLd2-_YQrVpr-,75763,Czesci_zamienne_75763.pdf,FALA,https://drive.google.com/file/d/10CB35QwoybNeaXN8iDurLd2-_YQrVpr-/preview,https://drive.google.com/file/d/10CB35QwoybNeaXN8iDurLd2-_YQrVpr-/view?usp=drivesdk,unknown brand / numeric filename / missing device name
1VxQAgl-Mj9LxB-sVesFX8ync3fiaHy8F,75764,Czesci_zamienne_75764.pdf,FALA,https://drive.google.com/file/d/1VxQAgl-Mj9LxB-sVesFX8ync3fiaHy8F/preview,https://drive.google.com/file/d/1VxQAgl-Mj9LxB-sVesFX8ync3fiaHy8F/view?usp=drivesdk,unknown brand / numeric filename / missing device name
18dGQA4XoOI6epOO2oVFMMQE8VFLKcx3U,75765,Czesci_zamienne_75765.pdf,FALA,https://drive.google.com/file/d/18dGQA4XoOI6epOO2oVFMMQE8VFLKcx3U/preview,https://drive.google.com/file/d/18dGQA4XoOI6epOO2oVFMMQE8VFLKcx3U/view?usp=drivesdk,unknown brand / numeric filename / missing device name
1eCJ8tE_Pgxv-dgrS8RnCNXXa4LMDQH69,75767,Czesci_zamienne_75767.pdf,FALA,https://drive.google.com/file/d/1eCJ8tE_Pgxv-dgrS8RnCNXXa4LMDQH69/preview,https://drive.google.com/file/d/1eCJ8tE_Pgxv-dgrS8RnCNXXa4LMDQH69/view?usp=drivesdk,unknown brand / numeric filename / missing device name
1-tRE3E__lYY63j8jepUi8oJp1toIpgdY,75768,Czesci_zamienne_75768.pdf,FALA,https://drive.google.com/file/d/1-tRE3E__lYY63j8jepUi8oJp1toIpgdY/preview,https://drive.google.com/file/d/1-tRE3E__lYY63j8jepUi8oJp1toIpgdY/view?usp=drivesdk,unknown brand / numeric filename / missing device name
1-bfT2cMt5mB5SAopXutiEdyod6RfwOp5,75770,Czesci_zamienne_75770.pdf,FALA,https://drive.google.com/file/d/1-bfT2cMt5mB5SAopXutiEdyod6RfwOp5/preview,https://drive.google.com/file/d/1-bfT2cMt5mB5SAopXutiEdyod6RfwOp5/view?usp=drivesdk,unknown brand / numeric filename / missing device name
1LidYPtupSaaSRozPBsGA3zCxkhj9caVp,75772,Czesci_zamienne_75772.pdf,FALA,https://drive.google.com/file/d/1LidYPtupSaaSRozPBsGA3zCxkhj9caVp/preview,https://drive.google.com/file/d/1LidYPtupSaaSRozPBsGA3zCxkhj9caVp/view?usp=drivesdk,unknown brand / numeric filename / missing device name
1ibGWGSFK8CoZ4DFj4VX3kgQmgIsV1UV7,75773,Czesci_zamienne_75773.pdf,FALA,https://drive.google.com/file/d/1ibGWGSFK8CoZ4DFj4VX3kgQmgIsV1UV7/preview,https://drive.google.com/file/d/1ibGWGSFK8CoZ4DFj4VX3kgQmgIsV1UV7/view?usp=drivesdk,unknown brand / numeric filename / missing device name
1aokKE9cAlrGM2K6xIjd32bAb1lzqQkuu,75774,Czesci_zamienne_75774.pdf,FALA,https://drive.google.com/file/d/1aokKE9cAlrGM2K6xIjd32bAb1lzqQkuu/preview,https://drive.google.com/file/d/1aokKE9cAlrGM2K6xIjd32bAb1lzqQkuu/view?usp=drivesdk,unknown brand / numeric filename / missing device name
1ppviAx10hZvaHzKwXYejW3EwQ3L-bAUP,75775,Czesci_zamienne_75775-75779.pdf,FALA,https://drive.google.com/file/d/1ppviAx10hZvaHzKwXYejW3EwQ3L-bAUP/preview,https://drive.google.com/file/d/1ppviAx10hZvaHzKwXYejW3EwQ3L-bAUP/view?usp=drivesdk,unknown brand / numeric filename / missing device name
1aAFxBmhrc-awSq3JuXmuT2x1NGFiC_MM,75775-75776-75777-75778-75779,Czesci_zamienne_75775_75776_75777_75778_75779.pdf,FALA,https://drive.google.com/file/d/1aAFxBmhrc-awSq3JuXmuT2x1NGFiC_MM/preview,https://drive.google.com/file/d/1aAFxBmhrc-awSq3JuXmuT2x1NGFiC_MM/view?usp=drivesdk,unknown brand / numeric filename / missing device name
1d4BjT_Pl46xLQVQyyzTNzEP7nCeHma0j,75804,Czesci_zamienne_75804.pdf,FALA,https://drive.google.com/file/d/1d4BjT_Pl46xLQVQyyzTNzEP7nCeHma0j/preview,https://drive.google.com/file/d/1d4BjT_Pl46xLQVQyyzTNzEP7nCeHma0j/view?usp=drivesdk,unknown brand / numeric filename / missing device name
1H85n3n99OFjdWSYSl-DL5Z6Sv_zpoSXN,75805,Czesci_zamienne_75805.pdf,FALA,https://drive.google.com/file/d/1H85n3n99OFjdWSYSl-DL5Z6Sv_zpoSXN/preview,https://drive.google.com/file/d/1H85n3n99OFjdWSYSl-DL5Z6Sv_zpoSXN/view?usp=drivesdk,unknown brand / numeric filename / missing device name
1hCUdqFVU7YHr6cBmJwDuhkA3Jjfe6lNt,75807,Czesci_zamienne_75807.pdf,FALA,https://drive.google.com/file/d/1hCUdqFVU7YHr6cBmJwDuhkA3Jjfe6lNt/preview,https://drive.google.com/file/d/1hCUdqFVU7YHr6cBmJwDuhkA3Jjfe6lNt/view?usp=drivesdk,unknown brand / numeric filename / missing device name
1dP1O7v-4Lgkavd5Awuz6xjVbzT7RKtSN,75808,Czesci_zamienne_75808.pdf,FALA,https://drive.google.com/file/d/1dP1O7v-4Lgkavd5Awuz6xjVbzT7RKtSN/preview,https://drive.google.com/file/d/1dP1O7v-4Lgkavd5Awuz6xjVbzT7RKtSN/view?usp=drivesdk,unknown brand / numeric filename / missing device name
14c4AXslJoON_jTsRjJ0m_B5PigN0KhdA,75809,Czesci_zamienne_75809.pdf,FALA,https://drive.google.com/file/d/14c4AXslJoON_jTsRjJ0m_B5PigN0KhdA/preview,https://drive.google.com/file/d/14c4AXslJoON_jTsRjJ0m_B5PigN0KhdA/view?usp=drivesdk,unknown brand / numeric filename / missing device name
1l04DTDBs9Oy8NgK17ouhWsc8imky_OoJ,75811,Czesci_zamienne_75811.pdf,FALA,https://drive.google.com/file/d/1l04DTDBs9Oy8NgK17ouhWsc8imky_OoJ/preview,https://drive.google.com/file/d/1l04DTDBs9Oy8NgK17ouhWsc8imky_OoJ/view?usp=drivesdk,unknown brand / numeric filename / missing device name
1_nV_pyPxAZiKYD8JUTYU8GzdL9qbEK-Z,75812,Czesci_zamienne_75812.pdf,FALA,https://drive.google.com/file/d/1_nV_pyPxAZiKYD8JUTYU8GzdL9qbEK-Z/preview,https://drive.google.com/file/d/1_nV_pyPxAZiKYD8JUTYU8GzdL9qbEK-Z/view?usp=drivesdk,unknown brand / numeric filename / missing device name
1Ks9Gfvi8YKwGz14f3ldTbhSxhG86F-Be,75813,Czesci_zamienne_75813.pdf,FALA,https://drive.google.com/file/d/1Ks9Gfvi8YKwGz14f3ldTbhSxhG86F-Be/preview,https://drive.google.com/file/d/1Ks9Gfvi8YKwGz14f3ldTbhSxhG86F-Be/view?usp=drivesdk,unknown brand / numeric filename / missing device name
1uiBlqI06lctCmOfZxRDMf2rKqoddKnTK,75814,Czesci_zamienne_75814.pdf,FALA,https://drive.google.com/file/d/1uiBlqI06lctCmOfZxRDMf2rKqoddKnTK/preview,https://drive.google.com/file/d/1uiBlqI06lctCmOfZxRDMf2rKqoddKnTK/view?usp=drivesdk,unknown brand / numeric filename / missing device name
1QWOItK6-tSyKpi3OhSwlX8k9j3o4IpLV,75815,Czesci_zamienne_75815.pdf,FALA,https://drive.google.com/file/d/1QWOItK6-tSyKpi3OhSwlX8k9j3o4IpLV/preview,https://drive.google.com/file/d/1QWOItK6-tSyKpi3OhSwlX8k9j3o4IpLV/view?usp=drivesdk,unknown brand / numeric filename / missing device name
1YYn2nLT_xmY84zQGscZUZmEPi92I9NWG,75816,Czesci_zamienne_75816.pdf,FALA,https://drive.google.com/file/d/1YYn2nLT_xmY84zQGscZUZmEPi92I9NWG/preview,https://drive.google.com/file/d/1YYn2nLT_xmY84zQGscZUZmEPi92I9NWG/view?usp=drivesdk,unknown brand / numeric filename / missing device name
1YxI4hnYD1i8IE96ubCwVvrIBRPwjTbpr,75817,Czesci_zamienne_75817.pdf,FALA,https://drive.google.com/file/d/1YxI4hnYD1i8IE96ubCwVvrIBRPwjTbpr/preview,https://drive.google.com/file/d/1YxI4hnYD1i8IE96ubCwVvrIBRPwjTbpr/view?usp=drivesdk,unknown brand / numeric filename / missing device name
1izV2ghkvoBoxZ2mRbLuXyQXCKBx13-ot,75818,Czesci_zamienne_75818.pdf,FALA,https://drive.google.com/file/d/1izV2ghkvoBoxZ2mRbLuXyQXCKBx13-ot/preview,https://drive.google.com/file/d/1izV2ghkvoBoxZ2mRbLuXyQXCKBx13-ot/view?usp=drivesdk,unknown brand / numeric filename / missing device name
1vJv9U7m1xYJloCN0jiS-qaXRI1MAxiLZ,75827,Czesci_zamienne_75827.pdf,FALA,https://drive.google.com/file/d/1vJv9U7m1xYJloCN0jiS-qaXRI1MAxiLZ/preview,https://drive.google.com/file/d/1vJv9U7m1xYJloCN0jiS-qaXRI1MAxiLZ/view?usp=drivesdk,unknown brand / numeric filename / missing device name
17fYcu__baVBp8tGHsMVpc43PyAX6orYB,75828,Czesci_zamienne_75828.pdf,FALA,https://drive.google.com/file/d/17fYcu__baVBp8tGHsMVpc43PyAX6orYB/preview,https://drive.google.com/file/d/17fYcu__baVBp8tGHsMVpc43PyAX6orYB/view?usp=drivesdk,unknown brand / numeric filename / missing device name
1zmgizZIORzkAnyF5OQt-A8Qy4q_ssegu,75829,Czesci_zamienne_75829.pdf,FALA,https://drive.google.com/file/d/1zmgizZIORzkAnyF5OQt-A8Qy4q_ssegu/preview,https://drive.google.com/file/d/1zmgizZIORzkAnyF5OQt-A8Qy4q_ssegu/view?usp=drivesdk,unknown brand / numeric filename / missing device name
1newCoMdBZmrQUlpGw5eZEnKxLDv3Aeh4,75830,Czesci_zamienne_75830.pdf,FALA,https://drive.google.com/file/d/1newCoMdBZmrQUlpGw5eZEnKxLDv3Aeh4/preview,https://drive.google.com/file/d/1newCoMdBZmrQUlpGw5eZEnKxLDv3Aeh4/view?usp=drivesdk,unknown brand / numeric filename / missing device name
1yTSq37PYkwkJxHlhNiSJRYI6GsiGWxV9,75831,Czesci_zamienne_75831.pdf,FALA,https://drive.google.com/file/d/1yTSq37PYkwkJxHlhNiSJRYI6GsiGWxV9/preview,https://drive.google.com/file/d/1yTSq37PYkwkJxHlhNiSJRYI6GsiGWxV9/view?usp=drivesdk,unknown brand / numeric filename / missing device name
1EhYjclxsVdOBFQfUAuf4QreVbt79lbpR,75832,Czesci_zamienne_75832.pdf,FALA,https://drive.google.com/file/d/1EhYjclxsVdOBFQfUAuf4QreVbt79lbpR/preview,https://drive.google.com/file/d/1EhYjclxsVdOBFQfUAuf4QreVbt79lbpR/view?usp=drivesdk,unknown brand / numeric filename / missing device name
1GXJ4X72PTKnpwl7QPo6G05CoVsfpjUSn,75833,Czesci_zamienne_75833.pdf,FALA,https://drive.google.com/file/d/1GXJ4X72PTKnpwl7QPo6G05CoVsfpjUSn/preview,https://drive.google.com/file/d/1GXJ4X72PTKnpwl7QPo6G05CoVsfpjUSn/view?usp=drivesdk,unknown brand / numeric filename / missing device name
1zOK_-D63OHrWQYU1TYt-Y2fF8SuRQDXs,75835,Czesci_zamienne_75835.pdf,FALA,https://drive.google.com/file/d/1zOK_-D63OHrWQYU1TYt-Y2fF8SuRQDXs/preview,https://drive.google.com/file/d/1zOK_-D63OHrWQYU1TYt-Y2fF8SuRQDXs/view?usp=drivesdk,unknown brand / numeric filename / missing device name
1k-roMI2_L5u5_-RvRzehQWyC7NY-COK-,75836,Czesci_zamienne_75836.pdf,FALA,https://drive.google.com/file/d/1k-roMI2_L5u5_-RvRzehQWyC7NY-COK-/preview,https://drive.google.com/file/d/1k-roMI2_L5u5_-RvRzehQWyC7NY-COK-/view?usp=drivesdk,unknown brand / numeric filename / missing device name
1yPUxNabt1H7E661BzB8CbXwPSM4HXXVI,75837,Czesci_zamienne_75837.pdf,FALA,https://drive.google.com/file/d/1yPUxNabt1H7E661BzB8CbXwPSM4HXXVI/preview,https://drive.google.com/file/d/1yPUxNabt1H7E661BzB8CbXwPSM4HXXVI/view?usp=drivesdk,unknown brand / numeric filename / missing device name
1ZUKNdvyd79bsJVn3FjKH-vyyjv3JHIke,75838,Czesci_zamienne_75838.pdf,FALA,https://drive.google.com/file/d/1ZUKNdvyd79bsJVn3FjKH-vyyjv3JHIke/preview,https://drive.google.com/file/d/1ZUKNdvyd79bsJVn3FjKH-vyyjv3JHIke/view?usp=drivesdk,unknown brand / numeric filename / missing device name
1aaO0uL4l7lvhUqxVOmOzlUGjek9UAUkq,75880,Czesci_zamienne_75880.pdf,FALA,https://drive.google.com/file/d/1aaO0uL4l7lvhUqxVOmOzlUGjek9UAUkq/preview,https://drive.google.com/file/d/1aaO0uL4l7lvhUqxVOmOzlUGjek9UAUkq/view?usp=drivesdk,unknown brand / numeric filename / missing device name
1joI4tDAG0mjj41fxiy3tzqpSa8oEyjbo,75881,Czesci_zamienne_75881.pdf,FALA,https://drive.google.com/file/d/1joI4tDAG0mjj41fxiy3tzqpSa8oEyjbo/preview,https://drive.google.com/file/d/1joI4tDAG0mjj41fxiy3tzqpSa8oEyjbo/view?usp=drivesdk,unknown brand / numeric filename / missing device name
1QP3mA1uoZfC2uVFJ6FpAzZduRtGlHsIi,75882,Czesci_zamienne_75882.pdf,FALA,https://drive.google.com/file/d/1QP3mA1uoZfC2uVFJ6FpAzZduRtGlHsIi/preview,https://drive.google.com/file/d/1QP3mA1uoZfC2uVFJ6FpAzZduRtGlHsIi/view?usp=drivesdk,unknown brand / numeric filename / missing device name
1KA5DSlZr-TD32yOGzan8lHwSffKX550-,75883,Czesci_zamienne_75883.pdf,FALA,https://drive.google.com/file/d/1KA5DSlZr-TD32yOGzan8lHwSffKX550-/preview,https://drive.google.com/file/d/1KA5DSlZr-TD32yOGzan8lHwSffKX550-/view?usp=drivesdk,unknown brand / numeric filename / missing device name
1C81oi0Ye_V1DPPSgPhRBNmKyxcNmxaZ-,75884,Czesci_zamienne_75884.pdf,FALA,https://drive.google.com/file/d/1C81oi0Ye_V1DPPSgPhRBNmKyxcNmxaZ-/preview,https://drive.google.com/file/d/1C81oi0Ye_V1DPPSgPhRBNmKyxcNmxaZ-/view?usp=drivesdk,unknown brand / numeric filename / missing device name
1EsSfMxgr4aqdMsUYriIbPP-unZM-LU5Y,75885,Czesci_zamienne_75885.pdf,FALA,https://drive.google.com/file/d/1EsSfMxgr4aqdMsUYriIbPP-unZM-LU5Y/preview,https://drive.google.com/file/d/1EsSfMxgr4aqdMsUYriIbPP-unZM-LU5Y/view?usp=drivesdk,unknown brand / numeric filename / missing device name
19QiOv-HM9VAx9HgJ-qLKWa56KsBWkV_-,75886,Czesci_zamienne_75886.pdf,FALA,https://drive.google.com/file/d/19QiOv-HM9VAx9HgJ-qLKWa56KsBWkV_-/preview,https://drive.google.com/file/d/19QiOv-HM9VAx9HgJ-qLKWa56KsBWkV_-/view?usp=drivesdk,unknown brand / numeric filename / missing device name
10d7gCUFSAx0HaQWB6ZK7y0Vbh8Nt_cvk,75887,Czesci_zamienne_75887.pdf,FALA,https://drive.google.com/file/d/10d7gCUFSAx0HaQWB6ZK7y0Vbh8Nt_cvk/preview,https://drive.google.com/file/d/10d7gCUFSAx0HaQWB6ZK7y0Vbh8Nt_cvk/view?usp=drivesdk,unknown brand / numeric filename / missing device name
1HNCC3K1i1iWiN8Q2LXN51NAY-hOQbwhO,75888,Czesci_zamienne_75888.pdf,FALA,https://drive.google.com/file/d/1HNCC3K1i1iWiN8Q2LXN51NAY-hOQbwhO/preview,https://drive.google.com/file/d/1HNCC3K1i1iWiN8Q2LXN51NAY-hOQbwhO/view?usp=drivesdk,unknown brand / numeric filename / missing device name
1JXa-Yiiffya6qMLLLKCYl9cSwH67znDu,75889,Czesci_zamienne_75889.pdf,FALA,https://drive.google.com/file/d/1JXa-Yiiffya6qMLLLKCYl9cSwH67znDu/preview,https://drive.google.com/file/d/1JXa-Yiiffya6qMLLLKCYl9cSwH67znDu/view?usp=drivesdk,unknown brand / numeric filename / missing device name
16dzGVHPOkHmwZs2Dm8oQkt1nSURCdjCz,75921,Czesci_zamienne_75921.pdf,FALA,https://drive.google.com/file/d/16dzGVHPOkHmwZs2Dm8oQkt1nSURCdjCz/preview,https://drive.google.com/file/d/16dzGVHPOkHmwZs2Dm8oQkt1nSURCdjCz/view?usp=drivesdk,unknown brand / numeric filename / missing device name
1XGxRAgfcL_B70rFUP-Y9yd184t6rG5JD,75923,Czesci_zamienne_75923.pdf,FALA,https://drive.google.com/file/d/1XGxRAgfcL_B70rFUP-Y9yd184t6rG5JD/preview,https://drive.google.com/file/d/1XGxRAgfcL_B70rFUP-Y9yd184t6rG5JD/view?usp=drivesdk,unknown brand / numeric filename / missing device name
1TBfmIbFszSwcSdPA09W1F2nwjAV0UDLA,75924,Czesci_zamienne_75924.pdf,FALA,https://drive.google.com/file/d/1TBfmIbFszSwcSdPA09W1F2nwjAV0UDLA/preview,https://drive.google.com/file/d/1TBfmIbFszSwcSdPA09W1F2nwjAV0UDLA/view?usp=drivesdk,unknown brand / numeric filename / missing device name
1AP4npSkRky_JVwx1wBwfDv_0eCiGhTyJ,75930,Czesci_zamienne_75930.pdf,FALA,https://drive.google.com/file/d/1AP4npSkRky_JVwx1wBwfDv_0eCiGhTyJ/preview,https://drive.google.com/file/d/1AP4npSkRky_JVwx1wBwfDv_0eCiGhTyJ/view?usp=drivesdk,unknown brand / numeric filename / missing device name
1jkVQDeydyzWadcK9kmDajwXleQJilGYR,75931,Czesci_zamienne_75931.pdf,FALA,https://drive.google.com/file/d/1jkVQDeydyzWadcK9kmDajwXleQJilGYR/preview,https://drive.google.com/file/d/1jkVQDeydyzWadcK9kmDajwXleQJilGYR/view?usp=drivesdk,unknown brand / numeric filename / missing device name
1-LSCNHPbULJveE20xVQs6jRJBDMoQ_PZ,75932,Czesci_zamienne_75932.pdf,FALA,https://drive.google.com/file/d/1-LSCNHPbULJveE20xVQs6jRJBDMoQ_PZ/preview,https://drive.google.com/file/d/1-LSCNHPbULJveE20xVQs6jRJBDMoQ_PZ/view?usp=drivesdk,unknown brand / numeric filename / missing device name
1MBhnW6YSFWfDs5kxVdNY8kBf8YuDjQVL,75944,Czesci_zamienne_75944.pdf,FALA,https://drive.google.com/file/d/1MBhnW6YSFWfDs5kxVdNY8kBf8YuDjQVL/preview,https://drive.google.com/file/d/1MBhnW6YSFWfDs5kxVdNY8kBf8YuDjQVL/view?usp=drivesdk,unknown brand / numeric filename / missing device name
1I0HLKhpTaZPp6zMNn5pO_L5FpRJOQM5W,75945,Czesci_zamienne_75945.pdf,FALA,https://drive.google.com/file/d/1I0HLKhpTaZPp6zMNn5pO_L5FpRJOQM5W/preview,https://drive.google.com/file/d/1I0HLKhpTaZPp6zMNn5pO_L5FpRJOQM5W/view?usp=drivesdk,unknown brand / numeric filename / missing device name
1FBRE7DNwVfXn0dV2ylpXizpo3DHuQGWi,75951,Czesci_zamienne_75951.pdf,FALA,https://drive.google.com/file/d/1FBRE7DNwVfXn0dV2ylpXizpo3DHuQGWi/preview,https://drive.google.com/file/d/1FBRE7DNwVfXn0dV2ylpXizpo3DHuQGWi/view?usp=drivesdk,unknown brand / numeric filename / missing device name
1TD1S3zhWjDbop0H8r7UzhkTczG4TBLE6,75953,Czesci_zamienne_75953.pdf,FALA,https://drive.google.com/file/d/1TD1S3zhWjDbop0H8r7UzhkTczG4TBLE6/preview,https://drive.google.com/file/d/1TD1S3zhWjDbop0H8r7UzhkTczG4TBLE6/view?usp=drivesdk,unknown brand / numeric filename / missing device name
1sg5sE6kPcnMQBql3RSsj7zPG5RJqdxvo,75977,Czesci_zamienne_75977.pdf,FALA,https://drive.google.com/file/d/1sg5sE6kPcnMQBql3RSsj7zPG5RJqdxvo/preview,https://drive.google.com/file/d/1sg5sE6kPcnMQBql3RSsj7zPG5RJqdxvo/view?usp=drivesdk,unknown brand / numeric filename / missing device name
1Esr5ZwQLA-IV_iyq8CJ9y6LLSQZ9IHxa,75978,Czesci_zamienne_75978.pdf,FALA,https://drive.google.com/file/d/1Esr5ZwQLA-IV_iyq8CJ9y6LLSQZ9IHxa/preview,https://drive.google.com/file/d/1Esr5ZwQLA-IV_iyq8CJ9y6LLSQZ9IHxa/view?usp=drivesdk,unknown brand / numeric filename / missing device name
1hfWnQikbWvTZxxBy1OIf3sRadG6bMLD8,75979,Czesci_zamienne_75979.pdf,FALA,https://drive.google.com/file/d/1hfWnQikbWvTZxxBy1OIf3sRadG6bMLD8/preview,https://drive.google.com/file/d/1hfWnQikbWvTZxxBy1OIf3sRadG6bMLD8/view?usp=drivesdk,unknown brand / numeric filename / missing device name
1F5L52RpXoxuhyIyZfB-SbWcXQZjPw251,75980,Czesci_zamienne_75980.pdf,FALA,https://drive.google.com/file/d/1F5L52RpXoxuhyIyZfB-SbWcXQZjPw251/preview,https://drive.google.com/file/d/1F5L52RpXoxuhyIyZfB-SbWcXQZjPw251/view?usp=drivesdk,unknown brand / numeric filename / missing device name
1u6oTw-alkWrEcsZqOj6o2YDmF95wrDcf,75981,Czesci_zamienne_75981.pdf,FALA,https://drive.google.com/file/d/1u6oTw-alkWrEcsZqOj6o2YDmF95wrDcf/preview,https://drive.google.com/file/d/1u6oTw-alkWrEcsZqOj6o2YDmF95wrDcf/view?usp=drivesdk,unknown brand / numeric filename / missing device name
1pHg2aNnZX6tpfhRAHw4vTvHFmxRifYk2,75982,Czesci_zamienne_75982.pdf,FALA,https://drive.google.com/file/d/1pHg2aNnZX6tpfhRAHw4vTvHFmxRifYk2/preview,https://drive.google.com/file/d/1pHg2aNnZX6tpfhRAHw4vTvHFmxRifYk2/view?usp=drivesdk,unknown brand / numeric filename / missing device name
1PO9Hyf9MGK0hfUksgqHCo9sTCsiJcId2,75983,Czesci_zamienne_75983.pdf,FALA,https://drive.google.com/file/d/1PO9Hyf9MGK0hfUksgqHCo9sTCsiJcId2/preview,https://drive.google.com/file/d/1PO9Hyf9MGK0hfUksgqHCo9sTCsiJcId2/view?usp=drivesdk,unknown brand / numeric filename / missing device name
1ireSF2ZP9l0Qi3u_eiwBNPryUGic1ko7,75984,Czesci_zamienne_75984.pdf,FALA,https://drive.google.com/file/d/1ireSF2ZP9l0Qi3u_eiwBNPryUGic1ko7/preview,https://drive.google.com/file/d/1ireSF2ZP9l0Qi3u_eiwBNPryUGic1ko7/view?usp=drivesdk,unknown brand / numeric filename / missing device name
1aDT78tKCGU5YnJD2pOudadr_DPFTcJCX,77990,Czesci_zamienne_77990.pdf,STHOR,https://drive.google.com/file/d/1aDT78tKCGU5YnJD2pOudadr_DPFTcJCX/preview,https://drive.google.com/file/d/1aDT78tKCGU5YnJD2pOudadr_DPFTcJCX/view?usp=drivesdk,unknown brand / numeric filename / missing device name
171FFpWqspB7zbrFcUlZPReGlUpW7nnbn,78080,Czesci_zamienne_78080.pdf,STHOR,https://drive.google.com/file/d/171FFpWqspB7zbrFcUlZPReGlUpW7nnbn/preview,https://drive.google.com/file/d/171FFpWqspB7zbrFcUlZPReGlUpW7nnbn/view?usp=drivesdk,unknown brand / numeric filename / missing device name
1MiuYB5fT9kkMW8Q1mqzFW6aEBzgLANpR,78081,Czesci_zamienne_78081.pdf,STHOR,https://drive.google.com/file/d/1MiuYB5fT9kkMW8Q1mqzFW6aEBzgLANpR/preview,https://drive.google.com/file/d/1MiuYB5fT9kkMW8Q1mqzFW6aEBzgLANpR/view?usp=drivesdk,unknown brand / numeric filename / missing device name
1uZeOqYSoYaIMZ_ymyhUNqkHwI5hNMLcS,78082,Czesci_zamienne_78082.pdf,STHOR,https://drive.google.com/file/d/1uZeOqYSoYaIMZ_ymyhUNqkHwI5hNMLcS/preview,https://drive.google.com/file/d/1uZeOqYSoYaIMZ_ymyhUNqkHwI5hNMLcS/view?usp=drivesdk,unknown brand / numeric filename / missing device name
19rP3SoESSSEasRXC0RAMmBiCEmig7weP,78084,Czesci_zamienne_78084.pdf,STHOR,https://drive.google.com/file/d/19rP3SoESSSEasRXC0RAMmBiCEmig7weP/preview,https://drive.google.com/file/d/19rP3SoESSSEasRXC0RAMmBiCEmig7weP/view?usp=drivesdk,unknown brand / numeric filename / missing device name
1R4qRR90DiCd-3rwCVWU1GvT5IFlKivKJ,78085,Czesci_zamienne_78085.pdf,STHOR,https://drive.google.com/file/d/1R4qRR90DiCd-3rwCVWU1GvT5IFlKivKJ/preview,https://drive.google.com/file/d/1R4qRR90DiCd-3rwCVWU1GvT5IFlKivKJ/view?usp=drivesdk,unknown brand / numeric filename / missing device name
1skoRNbb63f8ejj-MTqL1_TDeZN0wQCat,78090,Czesci_zamienne_78090.pdf,STHOR,https://drive.google.com/file/d/1skoRNbb63f8ejj-MTqL1_TDeZN0wQCat/preview,https://drive.google.com/file/d/1skoRNbb63f8ejj-MTqL1_TDeZN0wQCat/view?usp=drivesdk,unknown brand / numeric filename / missing device name
15s0pOzar-fzpsvTPGW3OwAyelBtMyuhS,78091,Czesci_zamienne_78091.pdf,STHOR,https://drive.google.com/file/d/15s0pOzar-fzpsvTPGW3OwAyelBtMyuhS/preview,https://drive.google.com/file/d/15s0pOzar-fzpsvTPGW3OwAyelBtMyuhS/view?usp=drivesdk,unknown brand / numeric filename / missing device name
1cRmu1gT1NeGgD5OV3zoRVW85XUirlKhb,78107,Czesci_zamienne_78107.pdf,STHOR,https://drive.google.com/file/d/1cRmu1gT1NeGgD5OV3zoRVW85XUirlKhb/preview,https://drive.google.com/file/d/1cRmu1gT1NeGgD5OV3zoRVW85XUirlKhb/view?usp=drivesdk,unknown brand / numeric filename / missing device name
1ttxq25qpVfb-GBCaZo278M0D1ymtP7Sr,78113,Czesci_zamienne_78113.pdf,STHOR,https://drive.google.com/file/d/1ttxq25qpVfb-GBCaZo278M0D1ymtP7Sr/preview,https://drive.google.com/file/d/1ttxq25qpVfb-GBCaZo278M0D1ymtP7Sr/view?usp=drivesdk,unknown brand / numeric filename / missing device name
1aQvsSjLepLI2r_tSNX0TufyUdKzL6dfP,78123,Czesci_zamienne_78123.pdf,STHOR,https://drive.google.com/file/d/1aQvsSjLepLI2r_tSNX0TufyUdKzL6dfP/preview,https://drive.google.com/file/d/1aQvsSjLepLI2r_tSNX0TufyUdKzL6dfP/view?usp=drivesdk,unknown brand / numeric filename / missing device name
1h9JNpo5v9fag_YOcWrF-X0MGYSbERj7v,78124,Czesci_zamienne_78124.pdf,STHOR,https://drive.google.com/file/d/1h9JNpo5v9fag_YOcWrF-X0MGYSbERj7v/preview,https://drive.google.com/file/d/1h9JNpo5v9fag_YOcWrF-X0MGYSbERj7v/view?usp=drivesdk,unknown brand / numeric filename / missing device name
18jMl5pjafNGmVqHsQnDDpoUWPtYC9PPN,78125,Czesci_zamienne_78125.pdf,STHOR,https://drive.google.com/file/d/18jMl5pjafNGmVqHsQnDDpoUWPtYC9PPN/preview,https://drive.google.com/file/d/18jMl5pjafNGmVqHsQnDDpoUWPtYC9PPN/view?usp=drivesdk,unknown brand / numeric filename / missing device name
1MuBgaB8xVahpJF_Ec55H6BtIwbVsLQch,78136,Czesci_zamienne_78136.pdf,STHOR,https://drive.google.com/file/d/1MuBgaB8xVahpJF_Ec55H6BtIwbVsLQch/preview,https://drive.google.com/file/d/1MuBgaB8xVahpJF_Ec55H6BtIwbVsLQch/view?usp=drivesdk,unknown brand / numeric filename / missing device name
1gQ1Gz54kgMYq3GtaRpVmZMLZsU0aQKBx,78137,Czesci_zamienne_78137.pdf,STHOR,https://drive.google.com/file/d/1gQ1Gz54kgMYq3GtaRpVmZMLZsU0aQKBx/preview,https://drive.google.com/file/d/1gQ1Gz54kgMYq3GtaRpVmZMLZsU0aQKBx/view?usp=drivesdk,unknown brand / numeric filename / missing device name
1GRDRQXiaLWT-N3ASgsEj77-2X1p5-e5v,78138,Czesci_zamienne_78138.pdf,STHOR,https://drive.google.com/file/d/1GRDRQXiaLWT-N3ASgsEj77-2X1p5-e5v/preview,https://drive.google.com/file/d/1GRDRQXiaLWT-N3ASgsEj77-2X1p5-e5v/view?usp=drivesdk,unknown brand / numeric filename / missing device name
1PZ-64VSNZGZtCLMtUnqtN1PfM5GgseQU,78139,Czesci_zamienne_78139.pdf,STHOR,https://drive.google.com/file/d/1PZ-64VSNZGZtCLMtUnqtN1PfM5GgseQU/preview,https://drive.google.com/file/d/1PZ-64VSNZGZtCLMtUnqtN1PfM5GgseQU/view?usp=drivesdk,unknown brand / numeric filename / missing device name
1BGyJvbgKZKKrXENcjBJykCVN9IpoiuCl,78143,Czesci_zamienne_78143.pdf,STHOR,https://drive.google.com/file/d/1BGyJvbgKZKKrXENcjBJykCVN9IpoiuCl/preview,https://drive.google.com/file/d/1BGyJvbgKZKKrXENcjBJykCVN9IpoiuCl/view?usp=drivesdk,unknown brand / numeric filename / missing device name
1Yv1z5sKdvsc5v0DTa_KLWurNPQadvc8i,78151,Czesci_zamienne_78151.pdf,STHOR,https://drive.google.com/file/d/1Yv1z5sKdvsc5v0DTa_KLWurNPQadvc8i/preview,https://drive.google.com/file/d/1Yv1z5sKdvsc5v0DTa_KLWurNPQadvc8i/view?usp=drivesdk,unknown brand / numeric filename / missing device name
1blkMam1sTtRpiw1fDILaIYNvQtKX7CW-,78158,Czesci_zamienne_78158.pdf,STHOR,https://drive.google.com/file/d/1blkMam1sTtRpiw1fDILaIYNvQtKX7CW-/preview,https://drive.google.com/file/d/1blkMam1sTtRpiw1fDILaIYNvQtKX7CW-/view?usp=drivesdk,unknown brand / numeric filename / missing device name
11xqt3MjD0vHJqz4TwpwVQWvyGHLX9s3K,78180,Czesci_zamienne_78180.pdf,STHOR,https://drive.google.com/file/d/11xqt3MjD0vHJqz4TwpwVQWvyGHLX9s3K/preview,https://drive.google.com/file/d/11xqt3MjD0vHJqz4TwpwVQWvyGHLX9s3K/view?usp=drivesdk,unknown brand / numeric filename / missing device name
1KVUM1H-GzKrgrWR_Kca0u6HF2hGD1rBz,78181,Czesci_zamienne_78181.pdf,STHOR,https://drive.google.com/file/d/1KVUM1H-GzKrgrWR_Kca0u6HF2hGD1rBz/preview,https://drive.google.com/file/d/1KVUM1H-GzKrgrWR_Kca0u6HF2hGD1rBz/view?usp=drivesdk,unknown brand / numeric filename / missing device name
1SYWYTbaSSwnrd0VKuojH-9OFs8fsheKw,78184,Czesci_zamienne_78184.pdf,STHOR,https://drive.google.com/file/d/1SYWYTbaSSwnrd0VKuojH-9OFs8fsheKw/preview,https://drive.google.com/file/d/1SYWYTbaSSwnrd0VKuojH-9OFs8fsheKw/view?usp=drivesdk,unknown brand / numeric filename / missing device name
1_pHV8KCxsW0opJyH9LLea4MoxdfHoohn,78185,Czesci_zamienne_78185.pdf,STHOR,https://drive.google.com/file/d/1_pHV8KCxsW0opJyH9LLea4MoxdfHoohn/preview,https://drive.google.com/file/d/1_pHV8KCxsW0opJyH9LLea4MoxdfHoohn/view?usp=drivesdk,unknown brand / numeric filename / missing device name
1EuRH9ZVHMEKhsTSc15n9IXmH2X2xq4KV,78186,Czesci_zamienne_78186.pdf,STHOR,https://drive.google.com/file/d/1EuRH9ZVHMEKhsTSc15n9IXmH2X2xq4KV/preview,https://drive.google.com/file/d/1EuRH9ZVHMEKhsTSc15n9IXmH2X2xq4KV/view?usp=drivesdk,unknown brand / numeric filename / missing device name
1rinwg36OopXb6FyQFNPGzfBurUqBI0o5,78187,Czesci_zamienne_78187.pdf,STHOR,https://drive.google.com/file/d/1rinwg36OopXb6FyQFNPGzfBurUqBI0o5/preview,https://drive.google.com/file/d/1rinwg36OopXb6FyQFNPGzfBurUqBI0o5/view?usp=drivesdk,unknown brand / numeric filename / missing device name
1y_lAjQ72op1mlosEWC1xw4BsrxZHgfi_,78190,Czesci_zamienne_78190.pdf,STHOR,https://drive.google.com/file/d/1y_lAjQ72op1mlosEWC1xw4BsrxZHgfi_/preview,https://drive.google.com/file/d/1y_lAjQ72op1mlosEWC1xw4BsrxZHgfi_/view?usp=drivesdk,unknown brand / numeric filename / missing device name
1R8gfaNYt8xvmxJ_pKCAHAlBtEuBSgyTy,78203,Czesci_zamienne_78203.pdf,STHOR,https://drive.google.com/file/d/1R8gfaNYt8xvmxJ_pKCAHAlBtEuBSgyTy/preview,https://drive.google.com/file/d/1R8gfaNYt8xvmxJ_pKCAHAlBtEuBSgyTy/view?usp=drivesdk,unknown brand / numeric filename / missing device name
1JW85iD8Tt32Htbg26ST2a26cTt5gxZXe,78204,Czesci_zamienne_78204.pdf,STHOR,https://drive.google.com/file/d/1JW85iD8Tt32Htbg26ST2a26cTt5gxZXe/preview,https://drive.google.com/file/d/1JW85iD8Tt32Htbg26ST2a26cTt5gxZXe/view?usp=drivesdk,unknown brand / numeric filename / missing device name
1JK5ITrJXHzB2oXjgYvIuPJbhLgQd8bK0,78210,Czesci_zamienne_78210.pdf,STHOR,https://drive.google.com/file/d/1JK5ITrJXHzB2oXjgYvIuPJbhLgQd8bK0/preview,https://drive.google.com/file/d/1JK5ITrJXHzB2oXjgYvIuPJbhLgQd8bK0/view?usp=drivesdk,unknown brand / numeric filename / missing device name
1I4yTI8YTxo5QMCX0R4oX6NtTlK1qe23y,78211,Czesci_zamienne_78211.pdf,STHOR,https://drive.google.com/file/d/1I4yTI8YTxo5QMCX0R4oX6NtTlK1qe23y/preview,https://drive.google.com/file/d/1I4yTI8YTxo5QMCX0R4oX6NtTlK1qe23y/view?usp=drivesdk,unknown brand / numeric filename / missing device name
1zEn3MUHE7l1QYhGC9IAEGcoXnptmtm3u,78641,Czesci_zamienne_78641.pdf,STHOR,https://drive.google.com/file/d/1zEn3MUHE7l1QYhGC9IAEGcoXnptmtm3u/preview,https://drive.google.com/file/d/1zEn3MUHE7l1QYhGC9IAEGcoXnptmtm3u/view?usp=drivesdk,unknown brand / numeric filename / missing device name
1VMxFl9-OhSHjecghUHTpu-Ozi1NuaBhR,78854,Czesci_zamienne_78854.pdf,STHOR,https://drive.google.com/file/d/1VMxFl9-OhSHjecghUHTpu-Ozi1NuaBhR/preview,https://drive.google.com/file/d/1VMxFl9-OhSHjecghUHTpu-Ozi1NuaBhR/view?usp=drivesdk,unknown brand / numeric filename / missing device name
1LWjgQuR7qFomvTBPzQqkRd6-8KnYyhek,78855,Czesci_zamienne_78855.pdf,STHOR,https://drive.google.com/file/d/1LWjgQuR7qFomvTBPzQqkRd6-8KnYyhek/preview,https://drive.google.com/file/d/1LWjgQuR7qFomvTBPzQqkRd6-8KnYyhek/view?usp=drivesdk,unknown brand / numeric filename / missing device name
1sEBk4Zl2xdmhDebgBcI9CBdpjS66-_Dj,78910,Czesci_zamienne_78910.pdf,STHOR,https://drive.google.com/file/d/1sEBk4Zl2xdmhDebgBcI9CBdpjS66-_Dj/preview,https://drive.google.com/file/d/1sEBk4Zl2xdmhDebgBcI9CBdpjS66-_Dj/view?usp=drivesdk,unknown brand / numeric filename / missing device name
1mBZWY0PNlmOl8PypSUQLhsGPufLN0BCo,78911,Czesci_zamienne_78911.pdf,STHOR,https://drive.google.com/file/d/1mBZWY0PNlmOl8PypSUQLhsGPufLN0BCo/preview,https://drive.google.com/file/d/1mBZWY0PNlmOl8PypSUQLhsGPufLN0BCo/view?usp=drivesdk,unknown brand / numeric filename / missing device name
16jW75hRrDuiDETcOCE_ZHjonWJmssZnp,78970,Czesci_zamienne_78970.pdf,STHOR,https://drive.google.com/file/d/16jW75hRrDuiDETcOCE_ZHjonWJmssZnp/preview,https://drive.google.com/file/d/16jW75hRrDuiDETcOCE_ZHjonWJmssZnp/view?usp=drivesdk,unknown brand / numeric filename / missing device name
1DmAmFTtW3X-7gc7NwFo9C29wdfV7wwj4,78972,Czesci_zamienne_78972.pdf,STHOR,https://drive.google.com/file/d/1DmAmFTtW3X-7gc7NwFo9C29wdfV7wwj4/preview,https://drive.google.com/file/d/1DmAmFTtW3X-7gc7NwFo9C29wdfV7wwj4/view?usp=drivesdk,unknown brand / numeric filename / missing device name
1Se_MNpqSXfsNlTKixcv5nEWHcEfo6q5g,78974,Czesci_zamienne_78974.pdf,STHOR,https://drive.google.com/file/d/1Se_MNpqSXfsNlTKixcv5nEWHcEfo6q5g/preview,https://drive.google.com/file/d/1Se_MNpqSXfsNlTKixcv5nEWHcEfo6q5g/view?usp=drivesdk,unknown brand / numeric filename / missing device name
13QMXHlwuKu8hVAXaGfQiwYE82cPIadD0,78981,Czesci_zamienne_78981.pdf,STHOR,https://drive.google.com/file/d/13QMXHlwuKu8hVAXaGfQiwYE82cPIadD0/preview,https://drive.google.com/file/d/13QMXHlwuKu8hVAXaGfQiwYE82cPIadD0/view?usp=drivesdk,unknown brand / numeric filename / missing device name
1HBsN199dwL6LKnaN7UrgwLD-mx9dBbi1,78982,Czesci_zamienne_78982.pdf,STHOR,https://drive.google.com/file/d/1HBsN199dwL6LKnaN7UrgwLD-mx9dBbi1/preview,https://drive.google.com/file/d/1HBsN199dwL6LKnaN7UrgwLD-mx9dBbi1/view?usp=drivesdk,unknown brand / numeric filename / missing device name
1jCX4JPk1HR-fbjayH-GlQ21ho828_pqL,78983,Czesci_zamienne_78983.pdf,STHOR,https://drive.google.com/file/d/1jCX4JPk1HR-fbjayH-GlQ21ho828_pqL/preview,https://drive.google.com/file/d/1jCX4JPk1HR-fbjayH-GlQ21ho828_pqL/view?usp=drivesdk,unknown brand / numeric filename / missing device name
1ey2rGdiRWPxPu5Z_cHG6qvkEKCTkKnHr,78992,Czesci_zamienne_78992.pdf,STHOR,https://drive.google.com/file/d/1ey2rGdiRWPxPu5Z_cHG6qvkEKCTkKnHr/preview,https://drive.google.com/file/d/1ey2rGdiRWPxPu5Z_cHG6qvkEKCTkKnHr/view?usp=drivesdk,unknown brand / numeric filename / missing device name
17_JncLWGXF31vgqAS9GWk6qYe494JTQB,78995,Czesci_zamienne_78995.pdf,STHOR,https://drive.google.com/file/d/17_JncLWGXF31vgqAS9GWk6qYe494JTQB/preview,https://drive.google.com/file/d/17_JncLWGXF31vgqAS9GWk6qYe494JTQB/view?usp=drivesdk,unknown brand / numeric filename / missing device name
1xqCXpeDRWBBacCwH2iAcqjfkuGSWvOh0,78997,Czesci_zamienne_78997.pdf,STHOR,https://drive.google.com/file/d/1xqCXpeDRWBBacCwH2iAcqjfkuGSWvOh0/preview,https://drive.google.com/file/d/1xqCXpeDRWBBacCwH2iAcqjfkuGSWvOh0/view?usp=drivesdk,unknown brand / numeric filename / missing device name
1hLK_kIPPGNWFmXr-kjg643kHujpWWtG6,79002,Czesci_zamienne_79002.pdf,STHOR,https://drive.google.com/file/d/1hLK_kIPPGNWFmXr-kjg643kHujpWWtG6/preview,https://drive.google.com/file/d/1hLK_kIPPGNWFmXr-kjg643kHujpWWtG6/view?usp=drivesdk,unknown brand / numeric filename / missing device name
1O_cQ1s6V1vgc4Wnoa6Issv2qV8jDRk-A,79007,Czesci_zamienne_79007.pdf,STHOR,https://drive.google.com/file/d/1O_cQ1s6V1vgc4Wnoa6Issv2qV8jDRk-A/preview,https://drive.google.com/file/d/1O_cQ1s6V1vgc4Wnoa6Issv2qV8jDRk-A/view?usp=drivesdk,unknown brand / numeric filename / missing device name
1BEf0wDZh0W9yuT2pF5SIi-yRFuJRm9_S,79012,Czesci_zamienne_79012.pdf,STHOR,https://drive.google.com/file/d/1BEf0wDZh0W9yuT2pF5SIi-yRFuJRm9_S/preview,https://drive.google.com/file/d/1BEf0wDZh0W9yuT2pF5SIi-yRFuJRm9_S/view?usp=drivesdk,unknown brand / numeric filename / missing device name
1Lnr-gLwYfm0hLq0lNZrVM8sRGUZPBclX,79013,Czesci_zamienne_79013.pdf,STHOR,https://drive.google.com/file/d/1Lnr-gLwYfm0hLq0lNZrVM8sRGUZPBclX/preview,https://drive.google.com/file/d/1Lnr-gLwYfm0hLq0lNZrVM8sRGUZPBclX/view?usp=drivesdk,unknown brand / numeric filename / missing device name
17e4Y_eV5jH-oaVMNOwgbyr0Tk1PvRk-R,79015,Czesci_zamienne_79015.pdf,STHOR,https://drive.google.com/file/d/17e4Y_eV5jH-oaVMNOwgbyr0Tk1PvRk-R/preview,https://drive.google.com/file/d/17e4Y_eV5jH-oaVMNOwgbyr0Tk1PvRk-R/view?usp=drivesdk,unknown brand / numeric filename / missing device name
1WohxUKSw9HgG1YxtDJcRKJX5-ZNDxwvs,79018,Czesci_zamienne_79018.pdf,STHOR,https://drive.google.com/file/d/1WohxUKSw9HgG1YxtDJcRKJX5-ZNDxwvs/preview,https://drive.google.com/file/d/1WohxUKSw9HgG1YxtDJcRKJX5-ZNDxwvs/view?usp=drivesdk,unknown brand / numeric filename / missing device name
1jWYjESOGSdFOxF493UszKL2vfa4aA1W3,79023,Czesci_zamienne_79023.pdf,STHOR,https://drive.google.com/file/d/1jWYjESOGSdFOxF493UszKL2vfa4aA1W3/preview,https://drive.google.com/file/d/1jWYjESOGSdFOxF493UszKL2vfa4aA1W3/view?usp=drivesdk,unknown brand / numeric filename / missing device name
1J3c9VyF09P6zoSQkk3dWOX-ZaDS0V0lc,79026,Czesci_zamienne_79026.pdf,STHOR,https://drive.google.com/file/d/1J3c9VyF09P6zoSQkk3dWOX-ZaDS0V0lc/preview,https://drive.google.com/file/d/1J3c9VyF09P6zoSQkk3dWOX-ZaDS0V0lc/view?usp=drivesdk,unknown brand / numeric filename / missing device name
1z1tqwPbSky6FRL7FriIylGqB2r06Gm7x,79031,Czesci_zamienne_79031.pdf,STHOR,https://drive.google.com/file/d/1z1tqwPbSky6FRL7FriIylGqB2r06Gm7x/preview,https://drive.google.com/file/d/1z1tqwPbSky6FRL7FriIylGqB2r06Gm7x/view?usp=drivesdk,unknown brand / numeric filename / missing device name
1Zpa-mI6K6lTfZKNzG3KxT3RV-9zcQQnZ,79032,Czesci_zamienne_79032.pdf,STHOR,https://drive.google.com/file/d/1Zpa-mI6K6lTfZKNzG3KxT3RV-9zcQQnZ/preview,https://drive.google.com/file/d/1Zpa-mI6K6lTfZKNzG3KxT3RV-9zcQQnZ/view?usp=drivesdk,unknown brand / numeric filename / missing device name
1-5qMz6jbDMuSMYGtQ3gL0b0mY2V6P8sg,79033,Czesci_zamienne_79033.pdf,STHOR,https://drive.google.com/file/d/1-5qMz6jbDMuSMYGtQ3gL0b0mY2V6P8sg/preview,https://drive.google.com/file/d/1-5qMz6jbDMuSMYGtQ3gL0b0mY2V6P8sg/view?usp=drivesdk,unknown brand / numeric filename / missing device name
1IRUuvBdlQkAhkCxd_RXh_juJxYSr59Wx,79034,Czesci_zamienne_79034.pdf,STHOR,https://drive.google.com/file/d/1IRUuvBdlQkAhkCxd_RXh_juJxYSr59Wx/preview,https://drive.google.com/file/d/1IRUuvBdlQkAhkCxd_RXh_juJxYSr59Wx/view?usp=drivesdk,unknown brand / numeric filename / missing device name
17WB9GG2QYkOcDdE4x0hvu8xRSNXtFDUh,79036,Czesci_zamienne_79036.pdf,STHOR,https://drive.google.com/file/d/17WB9GG2QYkOcDdE4x0hvu8xRSNXtFDUh/preview,https://drive.google.com/file/d/17WB9GG2QYkOcDdE4x0hvu8xRSNXtFDUh/view?usp=drivesdk,unknown brand / numeric filename / missing device name
1-oCLlTzbVWNBhW6J_qMgVWkPzsECEcC2,79046,Czesci_zamienne_79046.pdf,STHOR,https://drive.google.com/file/d/1-oCLlTzbVWNBhW6J_qMgVWkPzsECEcC2/preview,https://drive.google.com/file/d/1-oCLlTzbVWNBhW6J_qMgVWkPzsECEcC2/view?usp=drivesdk,unknown brand / numeric filename / missing device name
1Yf3OHbJYabwO0GsEArlBId01NjmwvTgx,79047,Czesci_zamienne_79047.pdf,STHOR,https://drive.google.com/file/d/1Yf3OHbJYabwO0GsEArlBId01NjmwvTgx/preview,https://drive.google.com/file/d/1Yf3OHbJYabwO0GsEArlBId01NjmwvTgx/view?usp=drivesdk,unknown brand / numeric filename / missing device name
1Vfut3pUjIMKYwktEldXG0wCJst3mYLVN,79048,Czesci_zamienne_79048.pdf,STHOR,https://drive.google.com/file/d/1Vfut3pUjIMKYwktEldXG0wCJst3mYLVN/preview,https://drive.google.com/file/d/1Vfut3pUjIMKYwktEldXG0wCJst3mYLVN/view?usp=drivesdk,unknown brand / numeric filename / missing device name
1PHT9YgeXoHtUP62jXe1dw-medNR2hJMX,79049,Czesci_zamienne_79049.pdf,STHOR,https://drive.google.com/file/d/1PHT9YgeXoHtUP62jXe1dw-medNR2hJMX/preview,https://drive.google.com/file/d/1PHT9YgeXoHtUP62jXe1dw-medNR2hJMX/view?usp=drivesdk,unknown brand / numeric filename / missing device name
1Fbm26KFkhe_YCPasJkSws4TLT_gvqFnX,79053,Czesci_zamienne_79053.pdf,STHOR,https://drive.google.com/file/d/1Fbm26KFkhe_YCPasJkSws4TLT_gvqFnX/preview,https://drive.google.com/file/d/1Fbm26KFkhe_YCPasJkSws4TLT_gvqFnX/view?usp=drivesdk,unknown brand / numeric filename / missing device name
1-mp_iGtBEPNf-v0ikEe_rHuP4SsNV_nx,79054,Czesci_zamienne_79054.pdf,STHOR,https://drive.google.com/file/d/1-mp_iGtBEPNf-v0ikEe_rHuP4SsNV_nx/preview,https://drive.google.com/file/d/1-mp_iGtBEPNf-v0ikEe_rHuP4SsNV_nx/view?usp=drivesdk,unknown brand / numeric filename / missing device name
1vfcj1TCZWHe66kQT2JkuFSPhVstr0Srx,79056,Czesci_zamienne_79056.pdf,STHOR,https://drive.google.com/file/d/1vfcj1TCZWHe66kQT2JkuFSPhVstr0Srx/preview,https://drive.google.com/file/d/1vfcj1TCZWHe66kQT2JkuFSPhVstr0Srx/view?usp=drivesdk,unknown brand / numeric filename / missing device name
1EC7OPAYblDi974BllvM4joGS2Q9VMCqx,79071,Czesci_zamienne_79071.pdf,STHOR,https://drive.google.com/file/d/1EC7OPAYblDi974BllvM4joGS2Q9VMCqx/preview,https://drive.google.com/file/d/1EC7OPAYblDi974BllvM4joGS2Q9VMCqx/view?usp=drivesdk,unknown brand / numeric filename / missing device name
1X_on74CigPZjWBawtM6NVtcMxQqKr1hp,79076,Czesci_zamienne_79076.pdf,STHOR,https://drive.google.com/file/d/1X_on74CigPZjWBawtM6NVtcMxQqKr1hp/preview,https://drive.google.com/file/d/1X_on74CigPZjWBawtM6NVtcMxQqKr1hp/view?usp=drivesdk,unknown brand / numeric filename / missing device name
12ciSmc-3pa7ZPVehaWtr9XiTL19BS4QO,79090,Czesci_zamienne_79090.pdf,STHOR,https://drive.google.com/file/d/12ciSmc-3pa7ZPVehaWtr9XiTL19BS4QO/preview,https://drive.google.com/file/d/12ciSmc-3pa7ZPVehaWtr9XiTL19BS4QO/view?usp=drivesdk,unknown brand / numeric filename / missing device name
1ZKNMRILAGEJrIA2_y9VdIsVH6zBdnKUb,79093,Czesci_zamienne_79093.pdf,STHOR,https://drive.google.com/file/d/1ZKNMRILAGEJrIA2_y9VdIsVH6zBdnKUb/preview,https://drive.google.com/file/d/1ZKNMRILAGEJrIA2_y9VdIsVH6zBdnKUb/view?usp=drivesdk,unknown brand / numeric filename / missing device name
1JbjMbj7KnTlFYRUpiHPhL6ti0H5kbWFB,79094,Czesci_zamienne_79094.pdf,STHOR,https://drive.google.com/file/d/1JbjMbj7KnTlFYRUpiHPhL6ti0H5kbWFB/preview,https://drive.google.com/file/d/1JbjMbj7KnTlFYRUpiHPhL6ti0H5kbWFB/view?usp=drivesdk,unknown brand / numeric filename / missing device name
1ztHR7br6KPbQVe_eQ_ilROc8hMe4xDim,79099,Czesci_zamienne_79099.pdf,STHOR,https://drive.google.com/file/d/1ztHR7br6KPbQVe_eQ_ilROc8hMe4xDim/preview,https://drive.google.com/file/d/1ztHR7br6KPbQVe_eQ_ilROc8hMe4xDim/view?usp=drivesdk,unknown brand / numeric filename / missing device name
1R-rW9RPyG40aLX_ZikpY8JjA47lfiXVa,79100,Czesci_zamienne_79100.pdf,STHOR,https://drive.google.com/file/d/1R-rW9RPyG40aLX_ZikpY8JjA47lfiXVa/preview,https://drive.google.com/file/d/1R-rW9RPyG40aLX_ZikpY8JjA47lfiXVa/view?usp=drivesdk,unknown brand / numeric filename / missing device name
1Y7zLf-uVcdZbNrWYY7DghL9993CIVF2j,79101,Czesci_zamienne_79101.pdf,STHOR,https://drive.google.com/file/d/1Y7zLf-uVcdZbNrWYY7DghL9993CIVF2j/preview,https://drive.google.com/file/d/1Y7zLf-uVcdZbNrWYY7DghL9993CIVF2j/view?usp=drivesdk,unknown brand / numeric filename / missing device name
1c7jkwhjsooWNjVnf5BC6Msn779GaN22R,79104,Czesci_zamienne_79104.pdf,STHOR,https://drive.google.com/file/d/1c7jkwhjsooWNjVnf5BC6Msn779GaN22R/preview,https://drive.google.com/file/d/1c7jkwhjsooWNjVnf5BC6Msn779GaN22R/view?usp=drivesdk,unknown brand / numeric filename / missing device name
1Fsuc18Ei1Ir4diYsyqh_WuvGNr8_hoyB,79105,Czesci_zamienne_79105.pdf,STHOR,https://drive.google.com/file/d/1Fsuc18Ei1Ir4diYsyqh_WuvGNr8_hoyB/preview,https://drive.google.com/file/d/1Fsuc18Ei1Ir4diYsyqh_WuvGNr8_hoyB/view?usp=drivesdk,unknown brand / numeric filename / missing device name
1F0p8x7nGsGJbOMGSCfTCfIVSHFsgjBVE,79109,Czesci_zamienne_79109.pdf,STHOR,https://drive.google.com/file/d/1F0p8x7nGsGJbOMGSCfTCfIVSHFsgjBVE/preview,https://drive.google.com/file/d/1F0p8x7nGsGJbOMGSCfTCfIVSHFsgjBVE/view?usp=drivesdk,unknown brand / numeric filename / missing device name
1yxrpIjlnLuEir3bfQTFBUeNq7JIQp1Fb,79113,Czesci_zamienne_79113.pdf,STHOR,https://drive.google.com/file/d/1yxrpIjlnLuEir3bfQTFBUeNq7JIQp1Fb/preview,https://drive.google.com/file/d/1yxrpIjlnLuEir3bfQTFBUeNq7JIQp1Fb/view?usp=drivesdk,unknown brand / numeric filename / missing device name
1R3QprKm7N-l52dDOZykK6eI-yzm9UgNn,79114,Czesci_zamienne_79114.pdf,STHOR,https://drive.google.com/file/d/1R3QprKm7N-l52dDOZykK6eI-yzm9UgNn/preview,https://drive.google.com/file/d/1R3QprKm7N-l52dDOZykK6eI-yzm9UgNn/view?usp=drivesdk,unknown brand / numeric filename / missing device name
1a0PYb-2AuKE_D_j4UyTdsQOer0i2u2Is,79116,Czesci_zamienne_79116.pdf,STHOR,https://drive.google.com/file/d/1a0PYb-2AuKE_D_j4UyTdsQOer0i2u2Is/preview,https://drive.google.com/file/d/1a0PYb-2AuKE_D_j4UyTdsQOer0i2u2Is/view?usp=drivesdk,unknown brand / numeric filename / missing device name
1_FQCzr5S3KvYUxl7tvec9kRdYbp0iP9d,79118,Czesci_zamienne_79118.pdf,STHOR,https://drive.google.com/file/d/1_FQCzr5S3KvYUxl7tvec9kRdYbp0iP9d/preview,https://drive.google.com/file/d/1_FQCzr5S3KvYUxl7tvec9kRdYbp0iP9d/view?usp=drivesdk,unknown brand / numeric filename / missing device name
1IRmwXZvSQNlRYcBUKr64iRpLUwI6NtGg,79120,Czesci_zamienne_79120.pdf,STHOR,https://drive.google.com/file/d/1IRmwXZvSQNlRYcBUKr64iRpLUwI6NtGg/preview,https://drive.google.com/file/d/1IRmwXZvSQNlRYcBUKr64iRpLUwI6NtGg/view?usp=drivesdk,unknown brand / numeric filename / missing device name
1dXWTFM2mvnUB0GJjnOxwkU9qTUB24xgO,79123,Czesci_zamienne_79123.pdf,STHOR,https://drive.google.com/file/d/1dXWTFM2mvnUB0GJjnOxwkU9qTUB24xgO/preview,https://drive.google.com/file/d/1dXWTFM2mvnUB0GJjnOxwkU9qTUB24xgO/view?usp=drivesdk,unknown brand / numeric filename / missing device name
1dLcMEM1b_Bj8oPw4bowgWXzUHitVSnAH,79124,Czesci_zamienne_79124.pdf,STHOR,https://drive.google.com/file/d/1dLcMEM1b_Bj8oPw4bowgWXzUHitVSnAH/preview,https://drive.google.com/file/d/1dLcMEM1b_Bj8oPw4bowgWXzUHitVSnAH/view?usp=drivesdk,unknown brand / numeric filename / missing device name
1YHEf0zGrU6oYoHJI6Uzrx1wSBqSc4unA,79125,Czesci_zamienne_79125.pdf,STHOR,https://drive.google.com/file/d/1YHEf0zGrU6oYoHJI6Uzrx1wSBqSc4unA/preview,https://drive.google.com/file/d/1YHEf0zGrU6oYoHJI6Uzrx1wSBqSc4unA/view?usp=drivesdk,unknown brand / numeric filename / missing device name
1j4QxNIYDcX7mMcD_WmNYaa5J3DE3zgkU,79129,Czesci_zamienne_79129.pdf,STHOR,https://drive.google.com/file/d/1j4QxNIYDcX7mMcD_WmNYaa5J3DE3zgkU/preview,https://drive.google.com/file/d/1j4QxNIYDcX7mMcD_WmNYaa5J3DE3zgkU/view?usp=drivesdk,unknown brand / numeric filename / missing device name
1S33LPCTbEURd-Mk8OW4CYY-0aRiypA-E,79135,Czesci_zamienne_79135.pdf,STHOR,https://drive.google.com/file/d/1S33LPCTbEURd-Mk8OW4CYY-0aRiypA-E/preview,https://drive.google.com/file/d/1S33LPCTbEURd-Mk8OW4CYY-0aRiypA-E/view?usp=drivesdk,unknown brand / numeric filename / missing device name
1qXLZsA82lFHcsLyZYJuse2fgVU_PkSTI,79141,Czesci_zamienne_79141.pdf,STHOR,https://drive.google.com/file/d/1qXLZsA82lFHcsLyZYJuse2fgVU_PkSTI/preview,https://drive.google.com/file/d/1qXLZsA82lFHcsLyZYJuse2fgVU_PkSTI/view?usp=drivesdk,unknown brand / numeric filename / missing device name
1-hpI-ASLvKuzK3vSzcOplpejYPQnu0gC,79143,Czesci_zamienne_79143.pdf,STHOR,https://drive.google.com/file/d/1-hpI-ASLvKuzK3vSzcOplpejYPQnu0gC/preview,https://drive.google.com/file/d/1-hpI-ASLvKuzK3vSzcOplpejYPQnu0gC/view?usp=drivesdk,unknown brand / numeric filename / missing device name
1mXI_fsrobIP9Z1ZUuN4qVrPGNF1x1u_-,79150,Czesci_zamienne_79150.pdf,STHOR,https://drive.google.com/file/d/1mXI_fsrobIP9Z1ZUuN4qVrPGNF1x1u_-/preview,https://drive.google.com/file/d/1mXI_fsrobIP9Z1ZUuN4qVrPGNF1x1u_-/view?usp=drivesdk,unknown brand / numeric filename / missing device name
16D5kV9jImW0kl_I9HEaicwfv6pqfWSKc,79237,Czesci_zamienne_79237.pdf,STHOR,https://drive.google.com/file/d/16D5kV9jImW0kl_I9HEaicwfv6pqfWSKc/preview,https://drive.google.com/file/d/16D5kV9jImW0kl_I9HEaicwfv6pqfWSKc/view?usp=drivesdk,unknown brand / numeric filename / missing device name
1Qi-AbEB1QmeWIkjxpQmryFgbX14rsyXu,79238,Czesci_zamienne_79238.pdf,STHOR,https://drive.google.com/file/d/1Qi-AbEB1QmeWIkjxpQmryFgbX14rsyXu/preview,https://drive.google.com/file/d/1Qi-AbEB1QmeWIkjxpQmryFgbX14rsyXu/view?usp=drivesdk,unknown brand / numeric filename / missing device name
15okrjhE4unDsv4avUbA6DEu5l7c-P6WX,79239,Czesci_zamienne_79239.pdf,STHOR,https://drive.google.com/file/d/15okrjhE4unDsv4avUbA6DEu5l7c-P6WX/preview,https://drive.google.com/file/d/15okrjhE4unDsv4avUbA6DEu5l7c-P6WX/view?usp=drivesdk,unknown brand / numeric filename / missing device name
19ZlvqlfapiAo97bRCcduoD7db_nU7FSc,79240,Czesci_zamienne_79240.pdf,STHOR,https://drive.google.com/file/d/19ZlvqlfapiAo97bRCcduoD7db_nU7FSc/preview,https://drive.google.com/file/d/19ZlvqlfapiAo97bRCcduoD7db_nU7FSc/view?usp=drivesdk,unknown brand / numeric filename / missing device name
1pdp2-_UklAiIEExQluNwX9wos-v8edRT,79248,Czesci_zamienne_79248.pdf,STHOR,https://drive.google.com/file/d/1pdp2-_UklAiIEExQluNwX9wos-v8edRT/preview,https://drive.google.com/file/d/1pdp2-_UklAiIEExQluNwX9wos-v8edRT/view?usp=drivesdk,unknown brand / numeric filename / missing device name
1tlWTKEhqLq_K2V4CiNefm9aOvUx0J48B,79249,Czesci_zamienne_79249.pdf,STHOR,https://drive.google.com/file/d/1tlWTKEhqLq_K2V4CiNefm9aOvUx0J48B/preview,https://drive.google.com/file/d/1tlWTKEhqLq_K2V4CiNefm9aOvUx0J48B/view?usp=drivesdk,unknown brand / numeric filename / missing device name
1UOPjm_W0l9UldHBLDqr654zir8s2q7rM,79252,Czesci_zamienne_79252.pdf,STHOR,https://drive.google.com/file/d/1UOPjm_W0l9UldHBLDqr654zir8s2q7rM/preview,https://drive.google.com/file/d/1UOPjm_W0l9UldHBLDqr654zir8s2q7rM/view?usp=drivesdk,unknown brand / numeric filename / missing device name
1rDwndG7ZNkue2vlpZbMrn0FuTh_tFtBX,79253,Czesci_zamienne_79253.pdf,STHOR,https://drive.google.com/file/d/1rDwndG7ZNkue2vlpZbMrn0FuTh_tFtBX/preview,https://drive.google.com/file/d/1rDwndG7ZNkue2vlpZbMrn0FuTh_tFtBX/view?usp=drivesdk,unknown brand / numeric filename / missing device name
1giLuN7cH1zWQMhct_-GkTBHIag3--sdQ,79254,Czesci_zamienne_79254.pdf,STHOR,https://drive.google.com/file/d/1giLuN7cH1zWQMhct_-GkTBHIag3--sdQ/preview,https://drive.google.com/file/d/1giLuN7cH1zWQMhct_-GkTBHIag3--sdQ/view?usp=drivesdk,unknown brand / numeric filename / missing device name
1EuRI6vckteTC--6wJ2c6VQlS1jleDBm8,79257,Czesci_zamienne_79257.pdf,STHOR,https://drive.google.com/file/d/1EuRI6vckteTC--6wJ2c6VQlS1jleDBm8/preview,https://drive.google.com/file/d/1EuRI6vckteTC--6wJ2c6VQlS1jleDBm8/view?usp=drivesdk,unknown brand / numeric filename / missing device name
1ZoEF57Z9MDvindGmkoZ6DaPKa4xudaWI,79275,Czesci_zamienne_79275.pdf,STHOR,https://drive.google.com/file/d/1ZoEF57Z9MDvindGmkoZ6DaPKa4xudaWI/preview,https://drive.google.com/file/d/1ZoEF57Z9MDvindGmkoZ6DaPKa4xudaWI/view?usp=drivesdk,unknown brand / numeric filename / missing device name
1HRvXCe7mIn0puH53p65TUQqn7PKGR78N,79307,Czesci_zamienne_79307.pdf,STHOR,https://drive.google.com/file/d/1HRvXCe7mIn0puH53p65TUQqn7PKGR78N/preview,https://drive.google.com/file/d/1HRvXCe7mIn0puH53p65TUQqn7PKGR78N/view?usp=drivesdk,unknown brand / numeric filename / missing device name
1VL2_7rmkBKZwiztXPZGFrenAx8es48Yo,79309,Czesci_zamienne_79309.pdf,STHOR,https://drive.google.com/file/d/1VL2_7rmkBKZwiztXPZGFrenAx8es48Yo/preview,https://drive.google.com/file/d/1VL2_7rmkBKZwiztXPZGFrenAx8es48Yo/view?usp=drivesdk,unknown brand / numeric filename / missing device name
1UCtisEy87QTtDBeYroSqv9xrcIydaXSG,79314,Czesci_zamienne_79314.pdf,STHOR,https://drive.google.com/file/d/1UCtisEy87QTtDBeYroSqv9xrcIydaXSG/preview,https://drive.google.com/file/d/1UCtisEy87QTtDBeYroSqv9xrcIydaXSG/view?usp=drivesdk,unknown brand / numeric filename / missing device name
1LUyAJKY9RgjpXEdJJqm6rkjMMdcS_XD2,79318,Czesci_zamienne_79318.pdf,STHOR,https://drive.google.com/file/d/1LUyAJKY9RgjpXEdJJqm6rkjMMdcS_XD2/preview,https://drive.google.com/file/d/1LUyAJKY9RgjpXEdJJqm6rkjMMdcS_XD2/view?usp=drivesdk,unknown brand / numeric filename / missing device name
19vuAEzV4iQEjxybhwffE2ClYkUUWsKrU,79319,Czesci_zamienne_79319.pdf,STHOR,https://drive.google.com/file/d/19vuAEzV4iQEjxybhwffE2ClYkUUWsKrU/preview,https://drive.google.com/file/d/19vuAEzV4iQEjxybhwffE2ClYkUUWsKrU/view?usp=drivesdk,unknown brand / numeric filename / missing device name
1jWP8sFLq4nHONuf93hnA0ZCsmZf8hYFC,79320,Czesci_zamienne_79320.pdf,STHOR,https://drive.google.com/file/d/1jWP8sFLq4nHONuf93hnA0ZCsmZf8hYFC/preview,https://drive.google.com/file/d/1jWP8sFLq4nHONuf93hnA0ZCsmZf8hYFC/view?usp=drivesdk,unknown brand / numeric filename / missing device name
1GT2V3xFZVgJtUnMBRXtcWwPoYbqWH_Wm,79322,Czesci_zamienne_79322.pdf,STHOR,https://drive.google.com/file/d/1GT2V3xFZVgJtUnMBRXtcWwPoYbqWH_Wm/preview,https://drive.google.com/file/d/1GT2V3xFZVgJtUnMBRXtcWwPoYbqWH_Wm/view?usp=drivesdk,unknown brand / numeric filename / missing device name
1IsRnrFO1R2THlL1LQK77Ypo31MbVjjs4,79324,Czesci_zamienne_79324.pdf,STHOR,https://drive.google.com/file/d/1IsRnrFO1R2THlL1LQK77Ypo31MbVjjs4/preview,https://drive.google.com/file/d/1IsRnrFO1R2THlL1LQK77Ypo31MbVjjs4/view?usp=drivesdk,unknown brand / numeric filename / missing device name
1GWWfU8FaTSuzxZwuLG32seT5tROWTmck,79325,Czesci_zamienne_79325.pdf,STHOR,https://drive.google.com/file/d/1GWWfU8FaTSuzxZwuLG32seT5tROWTmck/preview,https://drive.google.com/file/d/1GWWfU8FaTSuzxZwuLG32seT5tROWTmck/view?usp=drivesdk,unknown brand / numeric filename / missing device name
1oyZ4lcC_7v3E1UYFEuhP0zPfk3tyQM5e,79326,Czesci_zamienne_79326.pdf,STHOR,https://drive.google.com/file/d/1oyZ4lcC_7v3E1UYFEuhP0zPfk3tyQM5e/preview,https://drive.google.com/file/d/1oyZ4lcC_7v3E1UYFEuhP0zPfk3tyQM5e/view?usp=drivesdk,unknown brand / numeric filename / missing device name
1YaTOxhCF3vDnDaTOGwsdB_sU7Txpn_Zj,79327,Czesci_zamienne_79327.pdf,STHOR,https://drive.google.com/file/d/1YaTOxhCF3vDnDaTOGwsdB_sU7Txpn_Zj/preview,https://drive.google.com/file/d/1YaTOxhCF3vDnDaTOGwsdB_sU7Txpn_Zj/view?usp=drivesdk,unknown brand / numeric filename / missing device name
16EiP2d9Q2sOf7-Dicuz_2rcc4SzKDYZL,79328,Czesci_zamienne_79328.pdf,STHOR,https://drive.google.com/file/d/16EiP2d9Q2sOf7-Dicuz_2rcc4SzKDYZL/preview,https://drive.google.com/file/d/16EiP2d9Q2sOf7-Dicuz_2rcc4SzKDYZL/view?usp=drivesdk,unknown brand / numeric filename / missing device name
1qdUDX0EOtPIXr1b2AeFgYnfqorq-ln8G,79329,Czesci_zamienne_79329.pdf,STHOR,https://drive.google.com/file/d/1qdUDX0EOtPIXr1b2AeFgYnfqorq-ln8G/preview,https://drive.google.com/file/d/1qdUDX0EOtPIXr1b2AeFgYnfqorq-ln8G/view?usp=drivesdk,unknown brand / numeric filename / missing device name
1vgmfcKzACFbcs1VVBPjtEdTo2aR2pBhb,79332,Czesci_zamienne_79332.pdf,STHOR,https://drive.google.com/file/d/1vgmfcKzACFbcs1VVBPjtEdTo2aR2pBhb/preview,https://drive.google.com/file/d/1vgmfcKzACFbcs1VVBPjtEdTo2aR2pBhb/view?usp=drivesdk,unknown brand / numeric filename / missing device name
1JGHK9WQjD2LCt3KXuCtwY2GutzX1NfXD,79334,Czesci_zamienne_79334.pdf,STHOR,https://drive.google.com/file/d/1JGHK9WQjD2LCt3KXuCtwY2GutzX1NfXD/preview,https://drive.google.com/file/d/1JGHK9WQjD2LCt3KXuCtwY2GutzX1NfXD/view?usp=drivesdk,unknown brand / numeric filename / missing device name
1TEeecaBvzMZdhcn5TXr4bi_AGJ2Xj0Bg,79350,Czesci_zamienne_79350.pdf,STHOR,https://drive.google.com/file/d/1TEeecaBvzMZdhcn5TXr4bi_AGJ2Xj0Bg/preview,https://drive.google.com/file/d/1TEeecaBvzMZdhcn5TXr4bi_AGJ2Xj0Bg/view?usp=drivesdk,unknown brand / numeric filename / missing device name
1ld_yETXV-b5ycKSO6Y2bQf5-eSnRRpGC,79352,Czesci_zamienne_79352.pdf,STHOR,https://drive.google.com/file/d/1ld_yETXV-b5ycKSO6Y2bQf5-eSnRRpGC/preview,https://drive.google.com/file/d/1ld_yETXV-b5ycKSO6Y2bQf5-eSnRRpGC/view?usp=drivesdk,unknown brand / numeric filename / missing device name
1CaDkhthstYF77Q9AZUbDAwFsDDKqTe4R,79353,Czesci_zamienne_79353.pdf,STHOR,https://drive.google.com/file/d/1CaDkhthstYF77Q9AZUbDAwFsDDKqTe4R/preview,https://drive.google.com/file/d/1CaDkhthstYF77Q9AZUbDAwFsDDKqTe4R/view?usp=drivesdk,unknown brand / numeric filename / missing device name
1fIF9WHrNgLi-khmNi6x6g1v-eEsBqjpJ,79355,Czesci_zamienne_79355.pdf,STHOR,https://drive.google.com/file/d/1fIF9WHrNgLi-khmNi6x6g1v-eEsBqjpJ/preview,https://drive.google.com/file/d/1fIF9WHrNgLi-khmNi6x6g1v-eEsBqjpJ/view?usp=drivesdk,unknown brand / numeric filename / missing device name
1G8UPDUL1FPZRlyn7w7n6MiYBvJAgYZPl,79358,Czesci_zamienne_79358.pdf,STHOR,https://drive.google.com/file/d/1G8UPDUL1FPZRlyn7w7n6MiYBvJAgYZPl/preview,https://drive.google.com/file/d/1G8UPDUL1FPZRlyn7w7n6MiYBvJAgYZPl/view?usp=drivesdk,unknown brand / numeric filename / missing device name
1I1jRucw1ArY1Hf3XABAig_8fBDNV04hW,79363,Czesci_zamienne_79363.pdf,STHOR,https://drive.google.com/file/d/1I1jRucw1ArY1Hf3XABAig_8fBDNV04hW/preview,https://drive.google.com/file/d/1I1jRucw1ArY1Hf3XABAig_8fBDNV04hW/view?usp=drivesdk,unknown brand / numeric filename / missing device name
1rnZdVpUvx5F0v2VrAp3Q67YUE5T9IuGl,79364,Czesci_zamienne_79364.pdf,STHOR,https://drive.google.com/file/d/1rnZdVpUvx5F0v2VrAp3Q67YUE5T9IuGl/preview,https://drive.google.com/file/d/1rnZdVpUvx5F0v2VrAp3Q67YUE5T9IuGl/view?usp=drivesdk,unknown brand / numeric filename / missing device name
13ow-9JWomY4LzCxXu6feqxCDg8Ymd9lJ,79376,Czesci_zamienne_79376.pdf,STHOR,https://drive.google.com/file/d/13ow-9JWomY4LzCxXu6feqxCDg8Ymd9lJ/preview,https://drive.google.com/file/d/13ow-9JWomY4LzCxXu6feqxCDg8Ymd9lJ/view?usp=drivesdk,unknown brand / numeric filename / missing device name
1L7hIuvjR4TjaAYHBwXc3XkYR0R1iWgNu,79379,Czesci_zamienne_79379.pdf,STHOR,https://drive.google.com/file/d/1L7hIuvjR4TjaAYHBwXc3XkYR0R1iWgNu/preview,https://drive.google.com/file/d/1L7hIuvjR4TjaAYHBwXc3XkYR0R1iWgNu/view?usp=drivesdk,unknown brand / numeric filename / missing device name
1W19cNIBj_lhpFtxU6HQkiKFxzpCR_loD,79382,Czesci_zamienne_79382.pdf,STHOR,https://drive.google.com/file/d/1W19cNIBj_lhpFtxU6HQkiKFxzpCR_loD/preview,https://drive.google.com/file/d/1W19cNIBj_lhpFtxU6HQkiKFxzpCR_loD/view?usp=drivesdk,unknown brand / numeric filename / missing device name
17IcUHyl1__cifb_edar0k8FQiSw488PM,79383,Czesci_zamienne_79383.pdf,STHOR,https://drive.google.com/file/d/17IcUHyl1__cifb_edar0k8FQiSw488PM/preview,https://drive.google.com/file/d/17IcUHyl1__cifb_edar0k8FQiSw488PM/view?usp=drivesdk,unknown brand / numeric filename / missing device name
1DJkQ_K_y7pOFgbFyaNmWdNXflAPDS2pK,79385,Czesci_zamienne_79385.pdf,STHOR,https://drive.google.com/file/d/1DJkQ_K_y7pOFgbFyaNmWdNXflAPDS2pK/preview,https://drive.google.com/file/d/1DJkQ_K_y7pOFgbFyaNmWdNXflAPDS2pK/view?usp=drivesdk,unknown brand / numeric filename / missing device name
1E9BxLTaqHMDjzqSItlyBAWx4aw1V0w6G,79410,Czesci_zamienne_79410.pdf,FLO,https://drive.google.com/file/d/1E9BxLTaqHMDjzqSItlyBAWx4aw1V0w6G/preview,https://drive.google.com/file/d/1E9BxLTaqHMDjzqSItlyBAWx4aw1V0w6G/view?usp=drivesdk,unknown brand / numeric filename / missing device name
1xrAhK5QF5-YW4eeO9lONU6-Bz2jkrSTW,79413,Czesci_zamienne_79413.pdf,FLO,https://drive.google.com/file/d/1xrAhK5QF5-YW4eeO9lONU6-Bz2jkrSTW/preview,https://drive.google.com/file/d/1xrAhK5QF5-YW4eeO9lONU6-Bz2jkrSTW/view?usp=drivesdk,unknown brand / numeric filename / missing device name
1ULnYr6XzoC6rn3hsBlVH_kHTlJaHQcQV,79415,Czesci_zamienne_79415.pdf,FLO,https://drive.google.com/file/d/1ULnYr6XzoC6rn3hsBlVH_kHTlJaHQcQV/preview,https://drive.google.com/file/d/1ULnYr6XzoC6rn3hsBlVH_kHTlJaHQcQV/view?usp=drivesdk,unknown brand / numeric filename / missing device name
15Fu2WKccqb9BIdekxqzxd0IfhVftSoIn,79416,Czesci_zamienne_79416.pdf,FLO,https://drive.google.com/file/d/15Fu2WKccqb9BIdekxqzxd0IfhVftSoIn/preview,https://drive.google.com/file/d/15Fu2WKccqb9BIdekxqzxd0IfhVftSoIn/view?usp=drivesdk,unknown brand / numeric filename / missing device name
1bQwbvkQve6FX_LGMtnSLASCXOnFdp8PE,79420,Czesci_zamienne_79420.pdf,FLO,https://drive.google.com/file/d/1bQwbvkQve6FX_LGMtnSLASCXOnFdp8PE/preview,https://drive.google.com/file/d/1bQwbvkQve6FX_LGMtnSLASCXOnFdp8PE/view?usp=drivesdk,unknown brand / numeric filename / missing device name
1Cp5EHgyph5M7lP2NUrrAPUYOSVLyGDc-,79442,Czesci_zamienne_79442.pdf,FLO,https://drive.google.com/file/d/1Cp5EHgyph5M7lP2NUrrAPUYOSVLyGDc-/preview,https://drive.google.com/file/d/1Cp5EHgyph5M7lP2NUrrAPUYOSVLyGDc-/view?usp=drivesdk,unknown brand / numeric filename / missing device name
1CxogqD5EF7cbK9U3UHP8CS2eK0C5doOH,79448,Czesci_zamienne_79448.pdf,FLO,https://drive.google.com/file/d/1CxogqD5EF7cbK9U3UHP8CS2eK0C5doOH/preview,https://drive.google.com/file/d/1CxogqD5EF7cbK9U3UHP8CS2eK0C5doOH/view?usp=drivesdk,unknown brand / numeric filename / missing device name
1VeXLlB-EcMdEkVppp-r_BQMZWFYZzjpe,79456,Czesci_zamienne_79456.pdf,FLO,https://drive.google.com/file/d/1VeXLlB-EcMdEkVppp-r_BQMZWFYZzjpe/preview,https://drive.google.com/file/d/1VeXLlB-EcMdEkVppp-r_BQMZWFYZzjpe/view?usp=drivesdk,unknown brand / numeric filename / missing device name
1hl9krHukNLE3RVliQlT6yVHRhNFUul3c,79473,Czesci_zamienne_79473.pdf,FLO,https://drive.google.com/file/d/1hl9krHukNLE3RVliQlT6yVHRhNFUul3c/preview,https://drive.google.com/file/d/1hl9krHukNLE3RVliQlT6yVHRhNFUul3c/view?usp=drivesdk,unknown brand / numeric filename / missing device name
1Htw1eeObgKaQ6DxfRqnBy3A3303MBRE5,79474,Czesci_zamienne_79474.pdf,FLO,https://drive.google.com/file/d/1Htw1eeObgKaQ6DxfRqnBy3A3303MBRE5/preview,https://drive.google.com/file/d/1Htw1eeObgKaQ6DxfRqnBy3A3303MBRE5/view?usp=drivesdk,unknown brand / numeric filename / missing device name
1Zy1lTUqRWOsRcn-HjJhkC_riKOItfiFR,79475,Czesci_zamienne_79475.pdf,FLO,https://drive.google.com/file/d/1Zy1lTUqRWOsRcn-HjJhkC_riKOItfiFR/preview,https://drive.google.com/file/d/1Zy1lTUqRWOsRcn-HjJhkC_riKOItfiFR/view?usp=drivesdk,unknown brand / numeric filename / missing device name
1Qfj3gccwq4ZQSc3GUQhl2xiZDM6sinab,79476,Czesci_zamienne_79476.pdf,FLO,https://drive.google.com/file/d/1Qfj3gccwq4ZQSc3GUQhl2xiZDM6sinab/preview,https://drive.google.com/file/d/1Qfj3gccwq4ZQSc3GUQhl2xiZDM6sinab/view?usp=drivesdk,unknown brand / numeric filename / missing device name
1n9MqSPSgDhm7yueR4VVHYYhiXnoJe7Fh,79477,Czesci_zamienne_79477.pdf,FLO,https://drive.google.com/file/d/1n9MqSPSgDhm7yueR4VVHYYhiXnoJe7Fh/preview,https://drive.google.com/file/d/1n9MqSPSgDhm7yueR4VVHYYhiXnoJe7Fh/view?usp=drivesdk,unknown brand / numeric filename / missing device name
1yKiRRS4Fsb3GkRb3hC920FR1Or8qEDKh,79478,Czesci_zamienne_79478.pdf,FLO,https://drive.google.com/file/d/1yKiRRS4Fsb3GkRb3hC920FR1Or8qEDKh/preview,https://drive.google.com/file/d/1yKiRRS4Fsb3GkRb3hC920FR1Or8qEDKh/view?usp=drivesdk,unknown brand / numeric filename / missing device name
14ftwGyWPhL6e4w_C1mESAMU3W4U2qiYH,79479,Czesci_zamienne_79479.pdf,FLO,https://drive.google.com/file/d/14ftwGyWPhL6e4w_C1mESAMU3W4U2qiYH/preview,https://drive.google.com/file/d/14ftwGyWPhL6e4w_C1mESAMU3W4U2qiYH/view?usp=drivesdk,unknown brand / numeric filename / missing device name
1DTrlNG7y0ycvw3mAwXk65eFJFTOKTq7J,79481,Czesci_zamienne_79481.pdf,FLO,https://drive.google.com/file/d/1DTrlNG7y0ycvw3mAwXk65eFJFTOKTq7J/preview,https://drive.google.com/file/d/1DTrlNG7y0ycvw3mAwXk65eFJFTOKTq7J/view?usp=drivesdk,unknown brand / numeric filename / missing device name
1_ucLohX-tvAcoOnbK4KlWhipxvfx4cKg,79482,Czesci_zamienne_79482.pdf,FLO,https://drive.google.com/file/d/1_ucLohX-tvAcoOnbK4KlWhipxvfx4cKg/preview,https://drive.google.com/file/d/1_ucLohX-tvAcoOnbK4KlWhipxvfx4cKg/view?usp=drivesdk,unknown brand / numeric filename / missing device name
1k1Z3KpTng7K8qnMWEqVSh62KNCOnEmZa,79484,Czesci_zamienne_79484.pdf,FLO,https://drive.google.com/file/d/1k1Z3KpTng7K8qnMWEqVSh62KNCOnEmZa/preview,https://drive.google.com/file/d/1k1Z3KpTng7K8qnMWEqVSh62KNCOnEmZa/view?usp=drivesdk,unknown brand / numeric filename / missing device name
1ewlH798OFiFFFyebLpU1hfvC8ZH57VzF,79487,Czesci_zamienne_79487.pdf,FLO,https://drive.google.com/file/d/1ewlH798OFiFFFyebLpU1hfvC8ZH57VzF/preview,https://drive.google.com/file/d/1ewlH798OFiFFFyebLpU1hfvC8ZH57VzF/view?usp=drivesdk,unknown brand / numeric filename / missing device name
1fWpbgqkMtWXdvlknZMES0MyAjmvyp7Ss,79493,Czesci_zamienne_79493.pdf,FLO,https://drive.google.com/file/d/1fWpbgqkMtWXdvlknZMES0MyAjmvyp7Ss/preview,https://drive.google.com/file/d/1fWpbgqkMtWXdvlknZMES0MyAjmvyp7Ss/view?usp=drivesdk,unknown brand / numeric filename / missing device name
1nubcwICBkz07C_Wz-38vvANbJwuWL10o,79500,Czesci_zamienne_79500.pdf,STHOR,https://drive.google.com/file/d/1nubcwICBkz07C_Wz-38vvANbJwuWL10o/preview,https://drive.google.com/file/d/1nubcwICBkz07C_Wz-38vvANbJwuWL10o/view?usp=drivesdk,unknown brand / numeric filename / missing device name
1wKITWq4Ha7rW5y47fObocPxkClfUsR8z,79725,Czesci_zamienne_79725.pdf,STHOR,https://drive.google.com/file/d/1wKITWq4Ha7rW5y47fObocPxkClfUsR8z/preview,https://drive.google.com/file/d/1wKITWq4Ha7rW5y47fObocPxkClfUsR8z/view?usp=drivesdk,unknown brand / numeric filename / missing device name
1nqV36xlOegW408l_G2ibUmMd48mbWB2x,79734,Czesci_zamienne_79734.pdf,STHOR,https://drive.google.com/file/d/1nqV36xlOegW408l_G2ibUmMd48mbWB2x/preview,https://drive.google.com/file/d/1nqV36xlOegW408l_G2ibUmMd48mbWB2x/view?usp=drivesdk,unknown brand / numeric filename / missing device name
1v6HHKusS2bVzyVoyLkWSDQ9Ww5nUkh5F,79771,Czesci_zamienne_79771.pdf,STHOR,https://drive.google.com/file/d/1v6HHKusS2bVzyVoyLkWSDQ9Ww5nUkh5F/preview,https://drive.google.com/file/d/1v6HHKusS2bVzyVoyLkWSDQ9Ww5nUkh5F/view?usp=drivesdk,unknown brand / numeric filename / missing device name
1WT1VTL1x6T2bgnO-MI6jzGtdyvUoOfbU,79772,Czesci_zamienne_79772.pdf,STHOR,https://drive.google.com/file/d/1WT1VTL1x6T2bgnO-MI6jzGtdyvUoOfbU/preview,https://drive.google.com/file/d/1WT1VTL1x6T2bgnO-MI6jzGtdyvUoOfbU/view?usp=drivesdk,unknown brand / numeric filename / missing device name
1smd8rPu_--juSynsaGy4U19aGvpnpfo5,79773,Czesci_zamienne_79773.pdf,STHOR,https://drive.google.com/file/d/1smd8rPu_--juSynsaGy4U19aGvpnpfo5/preview,https://drive.google.com/file/d/1smd8rPu_--juSynsaGy4U19aGvpnpfo5/view?usp=drivesdk,unknown brand / numeric filename / missing device name
1_eh_Gvk100ooD00oM2xJWUGkz2xpiBv5,79774,Czesci_zamienne_79774.pdf,STHOR,https://drive.google.com/file/d/1_eh_Gvk100ooD00oM2xJWUGkz2xpiBv5/preview,https://drive.google.com/file/d/1_eh_Gvk100ooD00oM2xJWUGkz2xpiBv5/view?usp=drivesdk,unknown brand / numeric filename / missing device name
1ncrX6XI_f5ZTjfhQNjL0dxfGOD11OcGR,79775,Czesci_zamienne_79775.pdf,STHOR,https://drive.google.com/file/d/1ncrX6XI_f5ZTjfhQNjL0dxfGOD11OcGR/preview,https://drive.google.com/file/d/1ncrX6XI_f5ZTjfhQNjL0dxfGOD11OcGR/view?usp=drivesdk,unknown brand / numeric filename / missing device name
1xGN5aXMLmBS9Oez5MaaDz4Cdbrxp7aGH,79781,Czesci_zamienne_79781.pdf,STHOR,https://drive.google.com/file/d/1xGN5aXMLmBS9Oez5MaaDz4Cdbrxp7aGH/preview,https://drive.google.com/file/d/1xGN5aXMLmBS9Oez5MaaDz4Cdbrxp7aGH/view?usp=drivesdk,unknown brand / numeric filename / missing device name
1B8exKPRSxus5LOozeySkp6hboiuiJVPR,79782,Czesci_zamienne_79782.pdf,STHOR,https://drive.google.com/file/d/1B8exKPRSxus5LOozeySkp6hboiuiJVPR/preview,https://drive.google.com/file/d/1B8exKPRSxus5LOozeySkp6hboiuiJVPR/view?usp=drivesdk,unknown brand / numeric filename / missing device name
156Om4VOz34PgcJbAl80bYQI2ZNex_N-5,79783,Czesci_zamienne_79783.pdf,STHOR,https://drive.google.com/file/d/156Om4VOz34PgcJbAl80bYQI2ZNex_N-5/preview,https://drive.google.com/file/d/156Om4VOz34PgcJbAl80bYQI2ZNex_N-5/view?usp=drivesdk,unknown brand / numeric filename / missing device name
1-cJTp-3gLckuqYXUiF2nB5EN7_IV83bD,79790,Czesci_zamienne_79790.pdf,STHOR,https://drive.google.com/file/d/1-cJTp-3gLckuqYXUiF2nB5EN7_IV83bD/preview,https://drive.google.com/file/d/1-cJTp-3gLckuqYXUiF2nB5EN7_IV83bD/view?usp=drivesdk,unknown brand / numeric filename / missing device name
1RDgSUx5QQp2iBZfM59QA83JSC3G3rX57,79791,Czesci_zamienne_79791.pdf,STHOR,https://drive.google.com/file/d/1RDgSUx5QQp2iBZfM59QA83JSC3G3rX57/preview,https://drive.google.com/file/d/1RDgSUx5QQp2iBZfM59QA83JSC3G3rX57/view?usp=drivesdk,unknown brand / numeric filename / missing device name
1hiYpSzaum14I5nN7Qx8PrjCFkIOtxLMA,79792,Czesci_zamienne_79792.pdf,STHOR,https://drive.google.com/file/d/1hiYpSzaum14I5nN7Qx8PrjCFkIOtxLMA/preview,https://drive.google.com/file/d/1hiYpSzaum14I5nN7Qx8PrjCFkIOtxLMA/view?usp=drivesdk,unknown brand / numeric filename / missing device name
1IGeuDJdRWyavHIa1DVgHL6b0Hp0N2sJj,79810,Czesci_zamienne_79810.pdf,STHOR,https://drive.google.com/file/d/1IGeuDJdRWyavHIa1DVgHL6b0Hp0N2sJj/preview,https://drive.google.com/file/d/1IGeuDJdRWyavHIa1DVgHL6b0Hp0N2sJj/view?usp=drivesdk,unknown brand / numeric filename / missing device name
1SJDMOySuYdxbDbLqIsb3KFE5W3-Onh9u,79811,Czesci_zamienne_79811.pdf,STHOR,https://drive.google.com/file/d/1SJDMOySuYdxbDbLqIsb3KFE5W3-Onh9u/preview,https://drive.google.com/file/d/1SJDMOySuYdxbDbLqIsb3KFE5W3-Onh9u/view?usp=drivesdk,unknown brand / numeric filename / missing device name
1GnycDL-VaZz2jCzgpL-4QG66IcJOWjkB,79812,Czesci_zamienne_79812.pdf,STHOR,https://drive.google.com/file/d/1GnycDL-VaZz2jCzgpL-4QG66IcJOWjkB/preview,https://drive.google.com/file/d/1GnycDL-VaZz2jCzgpL-4QG66IcJOWjkB/view?usp=drivesdk,unknown brand / numeric filename / missing device name
1tqVhbfpEXaDUlnHX7z-vswlXqFX7RSqY,79880,Czesci_zamienne_79880.pdf,STHOR,https://drive.google.com/file/d/1tqVhbfpEXaDUlnHX7z-vswlXqFX7RSqY/preview,https://drive.google.com/file/d/1tqVhbfpEXaDUlnHX7z-vswlXqFX7RSqY/view?usp=drivesdk,unknown brand / numeric filename / missing device name
19RR2Yg0-sIG9Ddz87ijj7MkXi0D_gBVj,79909,Czesci_zamienne_79909.pdf,STHOR,https://drive.google.com/file/d/19RR2Yg0-sIG9Ddz87ijj7MkXi0D_gBVj/preview,https://drive.google.com/file/d/19RR2Yg0-sIG9Ddz87ijj7MkXi0D_gBVj/view?usp=drivesdk,unknown brand / numeric filename / missing device name
1Z0CtjRwIv7_PWZZUCA-QhM3JWiD91J6Q,79926,Czesci_zamienne_79926.pdf,STHOR,https://drive.google.com/file/d/1Z0CtjRwIv7_PWZZUCA-QhM3JWiD91J6Q/preview,https://drive.google.com/file/d/1Z0CtjRwIv7_PWZZUCA-QhM3JWiD91J6Q/view?usp=drivesdk,unknown brand / numeric filename / missing device name
12dl-f_wTgEsqLh3WEaxVrz4e05NPm7bk,79927,Czesci_zamienne_79927.pdf,STHOR,https://drive.google.com/file/d/12dl-f_wTgEsqLh3WEaxVrz4e05NPm7bk/preview,https://drive.google.com/file/d/12dl-f_wTgEsqLh3WEaxVrz4e05NPm7bk/view?usp=drivesdk,unknown brand / numeric filename / missing device name
18R2EuJiu1myH467CO7hoPWik9aTXlPZb,79928,Czesci_zamienne_79928.pdf,STHOR,https://drive.google.com/file/d/18R2EuJiu1myH467CO7hoPWik9aTXlPZb/preview,https://drive.google.com/file/d/18R2EuJiu1myH467CO7hoPWik9aTXlPZb/view?usp=drivesdk,unknown brand / numeric filename / missing device name
1sMse9-Hat1pXyJLsCI78i6WatfxHZW2y,79929,Czesci_zamienne_79929.pdf,STHOR,https://drive.google.com/file/d/1sMse9-Hat1pXyJLsCI78i6WatfxHZW2y/preview,https://drive.google.com/file/d/1sMse9-Hat1pXyJLsCI78i6WatfxHZW2y/view?usp=drivesdk,unknown brand / numeric filename / missing device name
1bbdbBVwnVmB0uxvCftHiWYrpFRwkzo_t,79930,Czesci_zamienne_79930.pdf,STHOR,https://drive.google.com/file/d/1bbdbBVwnVmB0uxvCftHiWYrpFRwkzo_t/preview,https://drive.google.com/file/d/1bbdbBVwnVmB0uxvCftHiWYrpFRwkzo_t/view?usp=drivesdk,unknown brand / numeric filename / missing device name
1KWHeijyDAMVRWAliXZ2srYn5-pRLVufz,79931,Czesci_zamienne_79931.pdf,STHOR,https://drive.google.com/file/d/1KWHeijyDAMVRWAliXZ2srYn5-pRLVufz/preview,https://drive.google.com/file/d/1KWHeijyDAMVRWAliXZ2srYn5-pRLVufz/view?usp=drivesdk,unknown brand / numeric filename / missing device name
1o3MHIi2kYB80jeU1wifA0zsdVt-2oFoz,79932,Czesci_zamienne_79932.pdf,STHOR,https://drive.google.com/file/d/1o3MHIi2kYB80jeU1wifA0zsdVt-2oFoz/preview,https://drive.google.com/file/d/1o3MHIi2kYB80jeU1wifA0zsdVt-2oFoz/view?usp=drivesdk,unknown brand / numeric filename / missing device name
1gd9Nz54nKpiQYpjyilawfaqsIDPyG2Oo,79933,Czesci_zamienne_79933.pdf,STHOR,https://drive.google.com/file/d/1gd9Nz54nKpiQYpjyilawfaqsIDPyG2Oo/preview,https://drive.google.com/file/d/1gd9Nz54nKpiQYpjyilawfaqsIDPyG2Oo/view?usp=drivesdk,unknown brand / numeric filename / missing device name
1_kM_xNTFmQWoJiuDh8kBIVUQtceZBmEy,79943,Czesci_zamienne_79943.pdf,STHOR,https://drive.google.com/file/d/1_kM_xNTFmQWoJiuDh8kBIVUQtceZBmEy/preview,https://drive.google.com/file/d/1_kM_xNTFmQWoJiuDh8kBIVUQtceZBmEy/view?usp=drivesdk,unknown brand / numeric filename / missing device name
1kBFEIljyiJlOkw-TJFXR84H3Ah79VCb5,79944,Czesci_zamienne_79944.pdf,STHOR,https://drive.google.com/file/d/1kBFEIljyiJlOkw-TJFXR84H3Ah79VCb5/preview,https://drive.google.com/file/d/1kBFEIljyiJlOkw-TJFXR84H3Ah79VCb5/view?usp=drivesdk,unknown brand / numeric filename / missing device name
1RtbNKhjVYmI-0Uso4DctNrE7kYv8B_6j,80012,Czesci_zamienne_80012.pdf,STHOR,https://drive.google.com/file/d/1RtbNKhjVYmI-0Uso4DctNrE7kYv8B_6j/preview,https://drive.google.com/file/d/1RtbNKhjVYmI-0Uso4DctNrE7kYv8B_6j/view?usp=drivesdk,unknown brand / numeric filename / missing device name
1NL0ZhypuI3CUYEwQ3nQl_EspbzZrXZYg,80022,Czesci_zamienne_80022.pdf,STHOR,https://drive.google.com/file/d/1NL0ZhypuI3CUYEwQ3nQl_EspbzZrXZYg/preview,https://drive.google.com/file/d/1NL0ZhypuI3CUYEwQ3nQl_EspbzZrXZYg/view?usp=drivesdk,unknown brand / numeric filename / missing device name
1hTH0QdGeWrAK3iRa7jBvZzHq3gAwZGJR,80032,Czesci_zamienne_80032.pdf,STHOR,https://drive.google.com/file/d/1hTH0QdGeWrAK3iRa7jBvZzHq3gAwZGJR/preview,https://drive.google.com/file/d/1hTH0QdGeWrAK3iRa7jBvZzHq3gAwZGJR/view?usp=drivesdk,unknown brand / numeric filename / missing device name
1RPaMXt4JnFsUHRqAqe8qxgNDpi305tfF,80042,Czesci_zamienne_80042.pdf,STHOR,https://drive.google.com/file/d/1RPaMXt4JnFsUHRqAqe8qxgNDpi305tfF/preview,https://drive.google.com/file/d/1RPaMXt4JnFsUHRqAqe8qxgNDpi305tfF/view?usp=drivesdk,unknown brand / numeric filename / missing device name
1OwAs6tnvieFF6ytDAYl9b82r23RhlbMl,80052,Czesci_zamienne_80052.pdf,STHOR,https://drive.google.com/file/d/1OwAs6tnvieFF6ytDAYl9b82r23RhlbMl/preview,https://drive.google.com/file/d/1OwAs6tnvieFF6ytDAYl9b82r23RhlbMl/view?usp=drivesdk,unknown brand / numeric filename / missing device name
1ngoh6c_TNP9PYSntpTRufBBOIZddqdi4,80062,Czesci_zamienne_80062.pdf,STHOR,https://drive.google.com/file/d/1ngoh6c_TNP9PYSntpTRufBBOIZddqdi4/preview,https://drive.google.com/file/d/1ngoh6c_TNP9PYSntpTRufBBOIZddqdi4/view?usp=drivesdk,unknown brand / numeric filename / missing device name
1HCQH_n7zdw0rmp6NW7ipwNcv1Fsdjd3n,80072,Czesci_zamienne_80072.pdf,STHOR,https://drive.google.com/file/d/1HCQH_n7zdw0rmp6NW7ipwNcv1Fsdjd3n/preview,https://drive.google.com/file/d/1HCQH_n7zdw0rmp6NW7ipwNcv1Fsdjd3n/view?usp=drivesdk,unknown brand / numeric filename / missing device name
18Rpu2Lt-VK2YrDs5m98jMmkBIAgqhMmN,80082,Czesci_zamienne_80082.pdf,STHOR,https://drive.google.com/file/d/18Rpu2Lt-VK2YrDs5m98jMmkBIAgqhMmN/preview,https://drive.google.com/file/d/18Rpu2Lt-VK2YrDs5m98jMmkBIAgqhMmN/view?usp=drivesdk,unknown brand / numeric filename / missing device name
14F0go5i4zJdwmIC43xzfGlVeLwGwKfU5,80111,Czesci_zamienne_80111.pdf,STHOR,https://drive.google.com/file/d/14F0go5i4zJdwmIC43xzfGlVeLwGwKfU5/preview,https://drive.google.com/file/d/14F0go5i4zJdwmIC43xzfGlVeLwGwKfU5/view?usp=drivesdk,unknown brand / numeric filename / missing device name
1s_ijsK1TE0gk22jFWiwM4PbGhEBUsWZ-,80220,Czesci_zamienne_80220.pdf,STHOR,https://drive.google.com/file/d/1s_ijsK1TE0gk22jFWiwM4PbGhEBUsWZ-/preview,https://drive.google.com/file/d/1s_ijsK1TE0gk22jFWiwM4PbGhEBUsWZ-/view?usp=drivesdk,unknown brand / numeric filename / missing device name
1AYOMm5SlFuRG58nmvYsTbbUtcUZXCoaS,80330,Czesci_zamienne_80330.pdf,STHOR,https://drive.google.com/file/d/1AYOMm5SlFuRG58nmvYsTbbUtcUZXCoaS/preview,https://drive.google.com/file/d/1AYOMm5SlFuRG58nmvYsTbbUtcUZXCoaS/view?usp=drivesdk,unknown brand / numeric filename / missing device name
1OkG0Rw0fb-LYn4uMjX4KuUlIDnSrzbJd,80340,Czesci_zamienne_80340.pdf,STHOR,https://drive.google.com/file/d/1OkG0Rw0fb-LYn4uMjX4KuUlIDnSrzbJd/preview,https://drive.google.com/file/d/1OkG0Rw0fb-LYn4uMjX4KuUlIDnSrzbJd/view?usp=drivesdk,unknown brand / numeric filename / missing device name
1FRUBYIQ-4PPQ8RKusszoSrt1nOTND5I2,80350,Czesci_zamienne_80350.pdf,STHOR,https://drive.google.com/file/d/1FRUBYIQ-4PPQ8RKusszoSrt1nOTND5I2/preview,https://drive.google.com/file/d/1FRUBYIQ-4PPQ8RKusszoSrt1nOTND5I2/view?usp=drivesdk,unknown brand / numeric filename / missing device name
1YFFEvIFDvbdyBGQs-jT3Vc5kCgTJofWq,80412,Czesci_zamienne_80412.pdf,STHOR,https://drive.google.com/file/d/1YFFEvIFDvbdyBGQs-jT3Vc5kCgTJofWq/preview,https://drive.google.com/file/d/1YFFEvIFDvbdyBGQs-jT3Vc5kCgTJofWq/view?usp=drivesdk,unknown brand / numeric filename / missing device name
19CInMFUNUxfd2UIICr0jgrvxW89tiGeY,80450,Czesci_zamienne_80450.pdf,STHOR,https://drive.google.com/file/d/19CInMFUNUxfd2UIICr0jgrvxW89tiGeY/preview,https://drive.google.com/file/d/19CInMFUNUxfd2UIICr0jgrvxW89tiGeY/view?usp=drivesdk,unknown brand / numeric filename / missing device name
1RHfPOPZnGalzqo2VHgGLjZviV8ekhJyq,80902,Czesci_zamienne_80902.pdf,STHOR,https://drive.google.com/file/d/1RHfPOPZnGalzqo2VHgGLjZviV8ekhJyq/preview,https://drive.google.com/file/d/1RHfPOPZnGalzqo2VHgGLjZviV8ekhJyq/view?usp=drivesdk,unknown brand / numeric filename / missing device name
1zeNz-U4QxNr56jVF_emsTF5f3dASnHtZ,80970,Czesci_zamienne_80970.pdf,STHOR,https://drive.google.com/file/d/1zeNz-U4QxNr56jVF_emsTF5f3dASnHtZ/preview,https://drive.google.com/file/d/1zeNz-U4QxNr56jVF_emsTF5f3dASnHtZ/view?usp=drivesdk,unknown brand / numeric filename / missing device name
1MjKZR_dH_vh--FcAhZ88RhnWegCo3ndR,81070,Czesci_zamienne_81070.pdf,YATO,https://drive.google.com/file/d/1MjKZR_dH_vh--FcAhZ88RhnWegCo3ndR/preview,https://drive.google.com/file/d/1MjKZR_dH_vh--FcAhZ88RhnWegCo3ndR/view?usp=drivesdk,unknown brand / numeric filename / missing device name
1WVKdX7vVhkAZCVQmBuZTUxok744T9SzZ,81101,Czesci_zamienne_81101.pdf,YATO,https://drive.google.com/file/d/1WVKdX7vVhkAZCVQmBuZTUxok744T9SzZ/preview,https://drive.google.com/file/d/1WVKdX7vVhkAZCVQmBuZTUxok744T9SzZ/view?usp=drivesdk,unknown brand / numeric filename / missing device name
18qdLxx3FgPmtcSzF_w5QZ7-g4WhEiQTA,81110,Czesci_zamienne_81110.pdf,YATO,https://drive.google.com/file/d/18qdLxx3FgPmtcSzF_w5QZ7-g4WhEiQTA/preview,https://drive.google.com/file/d/18qdLxx3FgPmtcSzF_w5QZ7-g4WhEiQTA/view?usp=drivesdk,unknown brand / numeric filename / missing device name
1MEZUEU2CFiEwbUEkbJiOridfTQTUFZTt,81617,Czesci_zamienne_81617.pdf,YATO,https://drive.google.com/file/d/1MEZUEU2CFiEwbUEkbJiOridfTQTUFZTt/preview,https://drive.google.com/file/d/1MEZUEU2CFiEwbUEkbJiOridfTQTUFZTt/view?usp=drivesdk,unknown brand / numeric filename / missing device name
1qYYmz2xhBHVQ-DHJ41AlkbZpSrplSf7y,81618,Czesci_zamienne_81618.pdf,YATO,https://drive.google.com/file/d/1qYYmz2xhBHVQ-DHJ41AlkbZpSrplSf7y/preview,https://drive.google.com/file/d/1qYYmz2xhBHVQ-DHJ41AlkbZpSrplSf7y/view?usp=drivesdk,unknown brand / numeric filename / missing device name
1zfWx0MJ3xCsAuZQQc3I_QwkigdGidDOY,82541,Czesci_zamienne_82541.pdf,YATO,https://drive.google.com/file/d/1zfWx0MJ3xCsAuZQQc3I_QwkigdGidDOY/preview,https://drive.google.com/file/d/1zfWx0MJ3xCsAuZQQc3I_QwkigdGidDOY/view?usp=drivesdk,unknown brand / numeric filename / missing device name
1Y8O7FxXgloQ_1KWT4eyBKX34YlB_CxL6,82542,Czesci_zamienne_82542.pdf,YATO,https://drive.google.com/file/d/1Y8O7FxXgloQ_1KWT4eyBKX34YlB_CxL6/preview,https://drive.google.com/file/d/1Y8O7FxXgloQ_1KWT4eyBKX34YlB_CxL6/view?usp=drivesdk,unknown brand / numeric filename / missing device name
1kzbRsvmMJfxv9qw4T0plqbl5YcKFyW-v,82543,Czesci_zamienne_82543.pdf,YATO,https://drive.google.com/file/d/1kzbRsvmMJfxv9qw4T0plqbl5YcKFyW-v/preview,https://drive.google.com/file/d/1kzbRsvmMJfxv9qw4T0plqbl5YcKFyW-v/view?usp=drivesdk,unknown brand / numeric filename / missing device name
1pboO_FgVimfUro1pNIDXi42wMEBI24up,82544,Czesci_zamienne_82544.pdf,YATO,https://drive.google.com/file/d/1pboO_FgVimfUro1pNIDXi42wMEBI24up/preview,https://drive.google.com/file/d/1pboO_FgVimfUro1pNIDXi42wMEBI24up/view?usp=drivesdk,unknown brand / numeric filename / missing device name
1xsh5WileFORPsM4QWVT5rX5uLCAVCACP,82550,Czesci_zamienne_82550.pdf,YATO,https://drive.google.com/file/d/1xsh5WileFORPsM4QWVT5rX5uLCAVCACP/preview,https://drive.google.com/file/d/1xsh5WileFORPsM4QWVT5rX5uLCAVCACP/view?usp=drivesdk,unknown brand / numeric filename / missing device name
1lQT4KXflNdmr1dKTGZTyLcnZx2XQSqHR,YT-828075,Czesci_zamienne_YT-828075_YT-828076.pdf,YATO,https://drive.google.com/file/d/1lQT4KXflNdmr1dKTGZTyLcnZx2XQSqHR/preview,https://drive.google.com/file/d/1lQT4KXflNdmr1dKTGZTyLcnZx2XQSqHR/view?usp=drivesdk,unknown brand / numeric filename / missing device name
1lQT4KXflNdmr1dKTGZTyLcnZx2XQSqHR,YT-828076,Czesci_zamienne_YT-828075_YT-828076.pdf,YATO,https://drive.google.com/file/d/1lQT4KXflNdmr1dKTGZTyLcnZx2XQSqHR/preview,https://drive.google.com/file/d/1lQT4KXflNdmr1dKTGZTyLcnZx2XQSqHR/view?usp=drivesdk,unknown brand / numeric filename / missing device name
1xSEkF_PE4oqfw0TYhocqR4-rbYJNTtM4,YT-828118,Czesci_zamienne_YT-828118_YT-8281185.pdf,YATO,https://drive.google.com/file/d/1xSEkF_PE4oqfw0TYhocqR4-rbYJNTtM4/preview,https://drive.google.com/file/d/1xSEkF_PE4oqfw0TYhocqR4-rbYJNTtM4/view?usp=drivesdk,unknown brand / numeric filename / missing device name
1xSEkF_PE4oqfw0TYhocqR4-rbYJNTtM4,YT-8281185,Czesci_zamienne_YT-828118_YT-8281185.pdf,YATO,https://drive.google.com/file/d/1xSEkF_PE4oqfw0TYhocqR4-rbYJNTtM4/preview,https://drive.google.com/file/d/1xSEkF_PE4oqfw0TYhocqR4-rbYJNTtM4/view?usp=drivesdk,unknown brand / numeric filename / missing device name
1ku3ToL7VhNsUZ9hbrNjw1u_lltY9KaeK,YT-828135,Czesci_zamienne_YT-828135_YT-828136.pdf,YATO,https://drive.google.com/file/d/1ku3ToL7VhNsUZ9hbrNjw1u_lltY9KaeK/preview,https://drive.google.com/file/d/1ku3ToL7VhNsUZ9hbrNjw1u_lltY9KaeK/view?usp=drivesdk,unknown brand / numeric filename / missing device name
1ku3ToL7VhNsUZ9hbrNjw1u_lltY9KaeK,YT-828136,Czesci_zamienne_YT-828135_YT-828136.pdf,YATO,https://drive.google.com/file/d/1ku3ToL7VhNsUZ9hbrNjw1u_lltY9KaeK/preview,https://drive.google.com/file/d/1ku3ToL7VhNsUZ9hbrNjw1u_lltY9KaeK/view?usp=drivesdk,unknown brand / numeric filename / missing device name
1jIkQAdT2TDeC6ztGL9fvMVoSW8DBNND1,YT-828137,Czesci_zamienne_YT-828137_YT-828138.pdf,YATO,https://drive.google.com/file/d/1jIkQAdT2TDeC6ztGL9fvMVoSW8DBNND1/preview,https://drive.google.com/file/d/1jIkQAdT2TDeC6ztGL9fvMVoSW8DBNND1/view?usp=drivesdk,unknown brand / numeric filename / missing device name
1jIkQAdT2TDeC6ztGL9fvMVoSW8DBNND1,YT-828138,Czesci_zamienne_YT-828137_YT-828138.pdf,YATO,https://drive.google.com/file/d/1jIkQAdT2TDeC6ztGL9fvMVoSW8DBNND1/preview,https://drive.google.com/file/d/1jIkQAdT2TDeC6ztGL9fvMVoSW8DBNND1/view?usp=drivesdk,unknown brand / numeric filename / missing device name
1fM1-tMFS3ChHRNfl19v1PEdhrxi7cNSF,YT-82824,Czesci_zamienne_YT-82824_YT-828296.pdf,YATO,https://drive.google.com/file/d/1fM1-tMFS3ChHRNfl19v1PEdhrxi7cNSF/preview,https://drive.google.com/file/d/1fM1-tMFS3ChHRNfl19v1PEdhrxi7cNSF/view?usp=drivesdk,unknown brand / numeric filename / missing device name
1fM1-tMFS3ChHRNfl19v1PEdhrxi7cNSF,YT-828296,Czesci_zamienne_YT-82824_YT-828296.pdf,YATO,https://drive.google.com/file/d/1fM1-tMFS3ChHRNfl19v1PEdhrxi7cNSF/preview,https://drive.google.com/file/d/1fM1-tMFS3ChHRNfl19v1PEdhrxi7cNSF/view?usp=drivesdk,unknown brand / numeric filename / missing device name
1O2g4QgSNxl4zB_9DQbmjCtnNwMIX2wqP,YT-828293,Czesci_zamienne_YT-828293_YT-828294_YT-828295_YT-828296.pdf,YATO,https://drive.google.com/file/d/1O2g4QgSNxl4zB_9DQbmjCtnNwMIX2wqP/preview,https://drive.google.com/file/d/1O2g4QgSNxl4zB_9DQbmjCtnNwMIX2wqP/view?usp=drivesdk,unknown brand / numeric filename / missing device name
1O2g4QgSNxl4zB_9DQbmjCtnNwMIX2wqP,YT-828294,Czesci_zamienne_YT-828293_YT-828294_YT-828295_YT-828296.pdf,YATO,https://drive.google.com/file/d/1O2g4QgSNxl4zB_9DQbmjCtnNwMIX2wqP/preview,https://drive.google.com/file/d/1O2g4QgSNxl4zB_9DQbmjCtnNwMIX2wqP/view?usp=drivesdk,unknown brand / numeric filename / missing device name
1O2g4QgSNxl4zB_9DQbmjCtnNwMIX2wqP,YT-828295,Czesci_zamienne_YT-828293_YT-828294_YT-828295_YT-828296.pdf,YATO,https://drive.google.com/file/d/1O2g4QgSNxl4zB_9DQbmjCtnNwMIX2wqP/preview,https://drive.google.com/file/d/1O2g4QgSNxl4zB_9DQbmjCtnNwMIX2wqP/view?usp=drivesdk,unknown brand / numeric filename / missing device name
1O2g4QgSNxl4zB_9DQbmjCtnNwMIX2wqP,YT-828296,Czesci_zamienne_YT-828293_YT-828294_YT-828295_YT-828296.pdf,YATO,https://drive.google.com/file/d/1O2g4QgSNxl4zB_9DQbmjCtnNwMIX2wqP/preview,https://drive.google.com/file/d/1O2g4QgSNxl4zB_9DQbmjCtnNwMIX2wqP/view?usp=drivesdk,unknown brand / numeric filename / missing device name
1MU9WFhZb43-Pqw6WcA9F_wxG_kbzc2al,82942,Czesci_zamienne_82942.pdf,YATO,https://drive.google.com/file/d/1MU9WFhZb43-Pqw6WcA9F_wxG_kbzc2al/preview,https://drive.google.com/file/d/1MU9WFhZb43-Pqw6WcA9F_wxG_kbzc2al/view?usp=drivesdk,unknown brand / numeric filename / missing device name
1XniPEjzzU1azP3O9x2UbKnw3NL5YT4GJ,89610,Czesci_zamienne_89610.pdf,FLO,https://drive.google.com/file/d/1XniPEjzzU1azP3O9x2UbKnw3NL5YT4GJ/preview,https://drive.google.com/file/d/1XniPEjzzU1azP3O9x2UbKnw3NL5YT4GJ/view?usp=drivesdk,unknown brand / numeric filename / missing device name
1TNhVKzYFHwTWdiYpWqmBI1un73Kru6FM,89611,Czesci_zamienne_89611.pdf,FLO,https://drive.google.com/file/d/1TNhVKzYFHwTWdiYpWqmBI1un73Kru6FM/preview,https://drive.google.com/file/d/1TNhVKzYFHwTWdiYpWqmBI1un73Kru6FM/view?usp=drivesdk,unknown brand / numeric filename / missing device name
1NVuclcuKEmkA33zyrZ9dtb0dr-Bq1v0-,99657,Czesci_zamienne_99657.pdf,YATO,https://drive.google.com/file/d/1NVuclcuKEmkA33zyrZ9dtb0dr-Bq1v0-/preview,https://drive.google.com/file/d/1NVuclcuKEmkA33zyrZ9dtb0dr-Bq1v0-/view?usp=drivesdk,unknown brand / numeric filename / missing device name
1Ky2jc2BxCFPZYMojzyZMIZfOgK-nOLzA,99658,Czesci_zamienne_99658.pdf,YATO,https://drive.google.com/file/d/1Ky2jc2BxCFPZYMojzyZMIZfOgK-nOLzA/preview,https://drive.google.com/file/d/1Ky2jc2BxCFPZYMojzyZMIZfOgK-nOLzA/view?usp=drivesdk,unknown brand / numeric filename / missing device name
1xGORqr7JyddiBNWaZigBRYbMZPROm0HU,79005,Czesci_zamienne_79005.pdf,STHOR,https://drive.google.com/file/d/1xGORqr7JyddiBNWaZigBRYbMZPROm0HU/preview,https://drive.google.com/file/d/1xGORqr7JyddiBNWaZigBRYbMZPROm0HU/view?usp=drivesdk,unknown brand / numeric filename / missing device name
1H0FiaXuSgiw4FIkBp5sbkhWJiu7RmMOK,79030,Czesci_zamienne_79030.pdf,STHOR,https://drive.google.com/file/d/1H0FiaXuSgiw4FIkBp5sbkhWJiu7RmMOK/preview,https://drive.google.com/file/d/1H0FiaXuSgiw4FIkBp5sbkhWJiu7RmMOK/view?usp=drivesdk,unknown brand / numeric filename / missing device name
1sL5QnhyU06Zz6LvaVbOUaN5cLJpQZxeh,79095,Czesci_zamienne_79095.pdf,STHOR,https://drive.google.com/file/d/1sL5QnhyU06Zz6LvaVbOUaN5cLJpQZxeh/preview,https://drive.google.com/file/d/1sL5QnhyU06Zz6LvaVbOUaN5cLJpQZxeh/view?usp=drivesdk,unknown brand / numeric filename / missing device name
1lxucq8Ws37ldD107Ge8DVn2dOfat2D_4,79108,Czesci_zamienne_79108.pdf,STHOR,https://drive.google.com/file/d/1lxucq8Ws37ldD107Ge8DVn2dOfat2D_4/preview,https://drive.google.com/file/d/1lxucq8Ws37ldD107Ge8DVn2dOfat2D_4/view?usp=drivesdk,unknown brand / numeric filename / missing device name
1Ln8feT8aVnt33zxx4Z4mICsRZncIFcbP,79119,Czesci_zamienne_79119.pdf,STHOR,https://drive.google.com/file/d/1Ln8feT8aVnt33zxx4Z4mICsRZncIFcbP/preview,https://drive.google.com/file/d/1Ln8feT8aVnt33zxx4Z4mICsRZncIFcbP/view?usp=drivesdk,unknown brand / numeric filename / missing device name
1V16kpJUdUHdMtpy6dov0ewvlm2bP8Vkp,79140,Czesci_zamienne_79140.pdf,STHOR,https://drive.google.com/file/d/1V16kpJUdUHdMtpy6dov0ewvlm2bP8Vkp/preview,https://drive.google.com/file/d/1V16kpJUdUHdMtpy6dov0ewvlm2bP8Vkp/view?usp=drivesdk,unknown brand / numeric filename / missing device name
1DAJGp-Aulimf-yuUbR0e7WbAp-NaCaTS,79151,Czesci_zamienne_79151.pdf,STHOR,https://drive.google.com/file/d/1DAJGp-Aulimf-yuUbR0e7WbAp-NaCaTS/preview,https://drive.google.com/file/d/1DAJGp-Aulimf-yuUbR0e7WbAp-NaCaTS/view?usp=drivesdk,unknown brand / numeric filename / missing device name
136cRXR5QK5k7Uan2vatjIqPSvdyESAd_,79354,Czesci_zamienne_79354.pdf,STHOR,https://drive.google.com/file/d/136cRXR5QK5k7Uan2vatjIqPSvdyESAd_/preview,https://drive.google.com/file/d/136cRXR5QK5k7Uan2vatjIqPSvdyESAd_/view?usp=drivesdk,unknown brand / numeric filename / missing device name
1YoiY5vVPMm_sr4V8r6m8V7fUZ11cEc3t,00300,Czesci_zamienne_00300.pdf,VOREL,https://drive.google.com/file/d/1YoiY5vVPMm_sr4V8r6m8V7fUZ11cEc3t/preview,https://drive.google.com/file/d/1YoiY5vVPMm_sr4V8r6m8V7fUZ11cEc3t/view?usp=drivesdk,unknown brand / numeric filename / missing device name
1h8ttk_EzTvZgdC0D5NP1C6UZFdpw0nMr,00320,Czesci_zamienne_00320.pdf,VOREL,https://drive.google.com/file/d/1h8ttk_EzTvZgdC0D5NP1C6UZFdpw0nMr/preview,https://drive.google.com/file/d/1h8ttk_EzTvZgdC0D5NP1C6UZFdpw0nMr/view?usp=drivesdk,unknown brand / numeric filename / missing device name
1ppGFspXKQvreMV7qIK-1_QymR2gviyOM,00500,Czesci_zamienne_00500.pdf,VOREL,https://drive.google.com/file/d/1ppGFspXKQvreMV7qIK-1_QymR2gviyOM/preview,https://drive.google.com/file/d/1ppGFspXKQvreMV7qIK-1_QymR2gviyOM/view?usp=drivesdk,unknown brand / numeric filename / missing device name
1THdZU3y8I5hFyFpO1yHD0T8ddBniJuVI,00510,Czesci_zamienne_00510.pdf,VOREL,https://drive.google.com/file/d/1THdZU3y8I5hFyFpO1yHD0T8ddBniJuVI/preview,https://drive.google.com/file/d/1THdZU3y8I5hFyFpO1yHD0T8ddBniJuVI/view?usp=drivesdk,unknown brand / numeric filename / missing device name
1oUOyKCDXrWyOXZibjAE2BLZTlu0gx0lR,00600,Czesci_zamienne_00600.pdf,VOREL,https://drive.google.com/file/d/1oUOyKCDXrWyOXZibjAE2BLZTlu0gx0lR/preview,https://drive.google.com/file/d/1oUOyKCDXrWyOXZibjAE2BLZTlu0gx0lR/view?usp=drivesdk,unknown brand / numeric filename / missing device name
1JyHUBIgFBdSWSKHZetxVGD_PUCw6yD5M,00610,Czesci_zamienne_00610.pdf,VOREL,https://drive.google.com/file/d/1JyHUBIgFBdSWSKHZetxVGD_PUCw6yD5M/preview,https://drive.google.com/file/d/1JyHUBIgFBdSWSKHZetxVGD_PUCw6yD5M/view?usp=drivesdk,unknown brand / numeric filename / missing device name
1Ap4UFF15N5eCAPoluJET8va-xMwClkuO,00703,Czesci_zamienne_00703.pdf,VOREL,https://drive.google.com/file/d/1Ap4UFF15N5eCAPoluJET8va-xMwClkuO/preview,https://drive.google.com/file/d/1Ap4UFF15N5eCAPoluJET8va-xMwClkuO/view?usp=drivesdk,unknown brand / numeric filename / missing device name
1besvKvsDzwlUr2ndf9D0qH2bTnTUM2Qp,01060,Czesci_zamienne_01060.pdf,VOREL,https://drive.google.com/file/d/1besvKvsDzwlUr2ndf9D0qH2bTnTUM2Qp/preview,https://drive.google.com/file/d/1besvKvsDzwlUr2ndf9D0qH2bTnTUM2Qp/view?usp=drivesdk,unknown brand / numeric filename / missing device name
1RQeVZdnCkfLRPgRr0pRrtj-MluClXhK1,09900,Czesci_zamienne_09900.pdf,VOREL,https://drive.google.com/file/d/1RQeVZdnCkfLRPgRr0pRrtj-MluClXhK1/preview,https://drive.google.com/file/d/1RQeVZdnCkfLRPgRr0pRrtj-MluClXhK1/view?usp=drivesdk,unknown brand / numeric filename / missing device name
1z5Wu-WgmgNUT63WIfRONFX4OLAG5EI3u,YT-05855,Czesci_zamienne_YT-05855.pdf,YATO,https://drive.google.com/file/d/1z5Wu-WgmgNUT63WIfRONFX4OLAG5EI3u/preview,https://drive.google.com/file/d/1z5Wu-WgmgNUT63WIfRONFX4OLAG5EI3u/view?usp=drivesdk,unknown brand / numeric filename / missing device name
1wgFrbX4F4o_yr3V-zM3i3n0dGsi5mqU0,YT-05856,Czesci_zamienne_YT-05856.pdf,YATO,https://drive.google.com/file/d/1wgFrbX4F4o_yr3V-zM3i3n0dGsi5mqU0/preview,https://drive.google.com/file/d/1wgFrbX4F4o_yr3V-zM3i3n0dGsi5mqU0/view?usp=drivesdk,unknown brand / numeric filename / missing device name
1GVQ_GVkVO4GOJ5TV5QP__S1NBhsnmlMM,YT-06845,Czesci_zamienne_YT-06845.pdf,YATO,https://drive.google.com/file/d/1GVQ_GVkVO4GOJ5TV5QP__S1NBhsnmlMM/preview,https://drive.google.com/file/d/1GVQ_GVkVO4GOJ5TV5QP__S1NBhsnmlMM/view?usp=drivesdk,unknown brand / numeric filename / missing device name
11fFzd7aGwaPLUl1NJ3yNsSwK97lhnfMv,YT-07020,Czesci_zamienne_YT-07020 YT-07021.pdf,YATO,https://drive.google.com/file/d/11fFzd7aGwaPLUl1NJ3yNsSwK97lhnfMv/preview,https://drive.google.com/file/d/11fFzd7aGwaPLUl1NJ3yNsSwK97lhnfMv/view?usp=drivesdk,unknown brand / numeric filename / missing device name
11fFzd7aGwaPLUl1NJ3yNsSwK97lhnfMv,YT-07021,Czesci_zamienne_YT-07020 YT-07021.pdf,YATO,https://drive.google.com/file/d/11fFzd7aGwaPLUl1NJ3yNsSwK97lhnfMv/preview,https://drive.google.com/file/d/11fFzd7aGwaPLUl1NJ3yNsSwK97lhnfMv/view?usp=drivesdk,unknown brand / numeric filename / missing device name
1qW7yyJBZY0kt9A8zN2mup0bptNshcUnC,YT-07057,Czesci_zamienne_YT-07057.pdf,YATO,https://drive.google.com/file/d/1qW7yyJBZY0kt9A8zN2mup0bptNshcUnC/preview,https://drive.google.com/file/d/1qW7yyJBZY0kt9A8zN2mup0bptNshcUnC/view?usp=drivesdk,unknown brand / numeric filename / missing device name
1pB9oYDWxg1vzglBeT1mmAzQ8s_-69arh,YT-07067,Czesci_zamienne_YT-07067.pdf,YATO,https://drive.google.com/file/d/1pB9oYDWxg1vzglBeT1mmAzQ8s_-69arh/preview,https://drive.google.com/file/d/1pB9oYDWxg1vzglBeT1mmAzQ8s_-69arh/view?usp=drivesdk,unknown brand / numeric filename / missing device name
1hT4Mph_hCgu_bJcRGjB-HIasIPlNPlaK,YT-07068,Czesci_zamienne_YT-07068.pdf,YATO,https://drive.google.com/file/d/1hT4Mph_hCgu_bJcRGjB-HIasIPlNPlaK/preview,https://drive.google.com/file/d/1hT4Mph_hCgu_bJcRGjB-HIasIPlNPlaK/view?usp=drivesdk,unknown brand / numeric filename / missing device name
10obSeu9r60nnPFQHZ053-5V8c5j-yZRe,YT-07069,Czesci_zamienne_YT-07069.pdf,YATO,https://drive.google.com/file/d/10obSeu9r60nnPFQHZ053-5V8c5j-yZRe/preview,https://drive.google.com/file/d/10obSeu9r60nnPFQHZ053-5V8c5j-yZRe/view?usp=drivesdk,unknown brand / numeric filename / missing device name
1U_4HaTKdLuzuq4DwPAZhijwUUR_XNZhV,YT-07190,Czesci_zamienne_YT-07190.pdf,YATO,https://drive.google.com/file/d/1U_4HaTKdLuzuq4DwPAZhijwUUR_XNZhV/preview,https://drive.google.com/file/d/1U_4HaTKdLuzuq4DwPAZhijwUUR_XNZhV/view?usp=drivesdk,unknown brand / numeric filename / missing device name
1QUP2KVd2-E_PJVDUvmrenMGLiW7PBRIq,YT-07195,Czesci_zamienne_YT-07195.pdf,YATO,https://drive.google.com/file/d/1QUP2KVd2-E_PJVDUvmrenMGLiW7PBRIq/preview,https://drive.google.com/file/d/1QUP2KVd2-E_PJVDUvmrenMGLiW7PBRIq/view?usp=drivesdk,unknown brand / numeric filename / missing device name
1wrm09coOHV3QjcFej3Sny_CcaGOUWkht,YT-0750,Czesci_zamienne_YT-0750.pdf,YATO,https://drive.google.com/file/d/1wrm09coOHV3QjcFej3Sny_CcaGOUWkht/preview,https://drive.google.com/file/d/1wrm09coOHV3QjcFej3Sny_CcaGOUWkht/view?usp=drivesdk,unknown brand / numeric filename / missing device name
1YZMTeDKGVhIjqOMY1OID5xAC7W4cApdk,YT-0751,Czesci_zamienne_YT-0751.pdf,YATO,https://drive.google.com/file/d/1YZMTeDKGVhIjqOMY1OID5xAC7W4cApdk/preview,https://drive.google.com/file/d/1YZMTeDKGVhIjqOMY1OID5xAC7W4cApdk/view?usp=drivesdk,unknown brand / numeric filename / missing device name
10vIReAW2k4Ekjlnn0nzimIKiqkoEZbZz,YT-0752,Czesci_zamienne_YT-0752.pdf,YATO,https://drive.google.com/file/d/10vIReAW2k4Ekjlnn0nzimIKiqkoEZbZz/preview,https://drive.google.com/file/d/10vIReAW2k4Ekjlnn0nzimIKiqkoEZbZz/view?usp=drivesdk,unknown brand / numeric filename / missing device name
1TGrxLUfouCz19-nRZXrrnCSfm3bS8HvF,YT-0756,Czesci_zamienne_YT-0756.pdf,YATO,https://drive.google.com/file/d/1TGrxLUfouCz19-nRZXrrnCSfm3bS8HvF/preview,https://drive.google.com/file/d/1TGrxLUfouCz19-nRZXrrnCSfm3bS8HvF/view?usp=drivesdk,unknown brand / numeric filename / missing device name
10u9CsjiZwbB6tvj9OoYcJbukEAOo6OZY,YT-0762,Czesci_zamienne_YT-0762.pdf,YATO,https://drive.google.com/file/d/10u9CsjiZwbB6tvj9OoYcJbukEAOo6OZY/preview,https://drive.google.com/file/d/10u9CsjiZwbB6tvj9OoYcJbukEAOo6OZY/view?usp=drivesdk,unknown brand / numeric filename / missing device name
1xDeAehvmsHPhaxaiWLmYLYGHfbkYRE9L,YT-0767,Czesci_zamienne_YT-0767.pdf,YATO,https://drive.google.com/file/d/1xDeAehvmsHPhaxaiWLmYLYGHfbkYRE9L/preview,https://drive.google.com/file/d/1xDeAehvmsHPhaxaiWLmYLYGHfbkYRE9L/view?usp=drivesdk,unknown brand / numeric filename / missing device name
1Zi4Umvnqil2iMib4JcacsmZqv6su3UPU,YT-0780,Czesci_zamienne_YT-0780.pdf,YATO,https://drive.google.com/file/d/1Zi4Umvnqil2iMib4JcacsmZqv6su3UPU/preview,https://drive.google.com/file/d/1Zi4Umvnqil2iMib4JcacsmZqv6su3UPU/view?usp=drivesdk,unknown brand / numeric filename / missing device name
1qpe1zBSs-2AhVlsYr0Cw7wKTBpDeJR5d,YT-0781,Czesci_zamienne_YT-0781.pdf,YATO,https://drive.google.com/file/d/1qpe1zBSs-2AhVlsYr0Cw7wKTBpDeJR5d/preview,https://drive.google.com/file/d/1qpe1zBSs-2AhVlsYr0Cw7wKTBpDeJR5d/view?usp=drivesdk,unknown brand / numeric filename / missing device name
1n_qN5vzA8EgNoNdF76aXWaaOHEiqefoz,YT-08502,Czesci_zamienne_YT-08502.pdf,YATO,https://drive.google.com/file/d/1n_qN5vzA8EgNoNdF76aXWaaOHEiqefoz/preview,https://drive.google.com/file/d/1n_qN5vzA8EgNoNdF76aXWaaOHEiqefoz/view?usp=drivesdk,unknown brand / numeric filename / missing device name
10xXXBCJ-I_yrzPWMTXl2Y7o1_G6GdxbX,YT-08505,Czesci_zamienne_YT-08505.pdf,YATO,https://drive.google.com/file/d/10xXXBCJ-I_yrzPWMTXl2Y7o1_G6GdxbX/preview,https://drive.google.com/file/d/10xXXBCJ-I_yrzPWMTXl2Y7o1_G6GdxbX/view?usp=drivesdk,unknown brand / numeric filename / missing device name
1HEgtJrL9cx27zSc4vg6tcCn0_NPMvNAq,YT-08518,Czesci_zamienne_YT-08518.pdf,YATO,https://drive.google.com/file/d/1HEgtJrL9cx27zSc4vg6tcCn0_NPMvNAq/preview,https://drive.google.com/file/d/1HEgtJrL9cx27zSc4vg6tcCn0_NPMvNAq/view?usp=drivesdk,unknown brand / numeric filename / missing device name
1MGU3bV_ywL95uFO2ICknX4B52EFNmwEB,YT-09201,Czesci_zamienne_YT-09201.pdf,YATO,https://drive.google.com/file/d/1MGU3bV_ywL95uFO2ICknX4B52EFNmwEB/preview,https://drive.google.com/file/d/1MGU3bV_ywL95uFO2ICknX4B52EFNmwEB/view?usp=drivesdk,unknown brand / numeric filename / missing device name
1gkYzL86GBVHUDjnxPI8bEns5mhfAhJus,YT-09202,Czesci_zamienne_YT-09202.pdf,YATO,https://drive.google.com/file/d/1gkYzL86GBVHUDjnxPI8bEns5mhfAhJus/preview,https://drive.google.com/file/d/1gkYzL86GBVHUDjnxPI8bEns5mhfAhJus/view?usp=drivesdk,unknown brand / numeric filename / missing device name
1AI7bjtU9bNNXZZCVsR8DwBVLthD4fMEA,YT-09203,Czesci_zamienne_YT-09203.pdf,YATO,https://drive.google.com/file/d/1AI7bjtU9bNNXZZCVsR8DwBVLthD4fMEA/preview,https://drive.google.com/file/d/1AI7bjtU9bNNXZZCVsR8DwBVLthD4fMEA/view?usp=drivesdk,unknown brand / numeric filename / missing device name
1gltMdN-GhdoXBnn5ra69x96CsUv2vGvt,YT-09204,Czesci_zamienne_YT-09204.pdf,YATO,https://drive.google.com/file/d/1gltMdN-GhdoXBnn5ra69x96CsUv2vGvt/preview,https://drive.google.com/file/d/1gltMdN-GhdoXBnn5ra69x96CsUv2vGvt/view?usp=drivesdk,unknown brand / numeric filename / missing device name
17CQJSs5T6Wfzx9YME_xvi-f2OH0xtX_N,YT-09205,Czesci_zamienne_YT-09205.pdf,YATO,https://drive.google.com/file/d/17CQJSs5T6Wfzx9YME_xvi-f2OH0xtX_N/preview,https://drive.google.com/file/d/17CQJSs5T6Wfzx9YME_xvi-f2OH0xtX_N/view?usp=drivesdk,unknown brand / numeric filename / missing device name
1v2ffnBFngy_BvCBx_8lWdyETXNgidRUB,YT-09206,Czesci_zamienne_YT-09206.pdf,YATO,https://drive.google.com/file/d/1v2ffnBFngy_BvCBx_8lWdyETXNgidRUB/preview,https://drive.google.com/file/d/1v2ffnBFngy_BvCBx_8lWdyETXNgidRUB/view?usp=drivesdk,unknown brand / numeric filename / missing device name
1c5nWqSPIRaoEWNDjOhJugLDJcCRZa2or,YT-09211,Czesci_zamienne_YT-09211.pdf,YATO,https://drive.google.com/file/d/1c5nWqSPIRaoEWNDjOhJugLDJcCRZa2or/preview,https://drive.google.com/file/d/1c5nWqSPIRaoEWNDjOhJugLDJcCRZa2or/view?usp=drivesdk,unknown brand / numeric filename / missing device name
1e79b1_o6KJUnsn6NNxFj7dac7fw9TZpq,YT-09212,Czesci_zamienne_YT-09212.pdf,YATO,https://drive.google.com/file/d/1e79b1_o6KJUnsn6NNxFj7dac7fw9TZpq/preview,https://drive.google.com/file/d/1e79b1_o6KJUnsn6NNxFj7dac7fw9TZpq/view?usp=drivesdk,unknown brand / numeric filename / missing device name
1KkCxNUTq9OlyloGtHUj0JD19u8qWWhAz,YT-09213,Czesci_zamienne_YT-09213.pdf,YATO,https://drive.google.com/file/d/1KkCxNUTq9OlyloGtHUj0JD19u8qWWhAz/preview,https://drive.google.com/file/d/1KkCxNUTq9OlyloGtHUj0JD19u8qWWhAz/view?usp=drivesdk,unknown brand / numeric filename / missing device name
1gyhIB-G5CH1lYVNI49PfS5sZ3aII5nR4,YT-09220,Czesci_zamienne_YT-09220.pdf,YATO,https://drive.google.com/file/d/1gyhIB-G5CH1lYVNI49PfS5sZ3aII5nR4/preview,https://drive.google.com/file/d/1gyhIB-G5CH1lYVNI49PfS5sZ3aII5nR4/view?usp=drivesdk,unknown brand / numeric filename / missing device name
1icdOWNxWKLgacWpLow-F9j-yFRfyogU5,YT-09221,Czesci_zamienne_YT-09221.pdf,YATO,https://drive.google.com/file/d/1icdOWNxWKLgacWpLow-F9j-yFRfyogU5/preview,https://drive.google.com/file/d/1icdOWNxWKLgacWpLow-F9j-yFRfyogU5/view?usp=drivesdk,unknown brand / numeric filename / missing device name
172uH49-xyQuEmmfiILGE5xdpFPzCNVly,YT-09222,Czesci_zamienne_YT-09222.pdf,YATO,https://drive.google.com/file/d/172uH49-xyQuEmmfiILGE5xdpFPzCNVly/preview,https://drive.google.com/file/d/172uH49-xyQuEmmfiILGE5xdpFPzCNVly/view?usp=drivesdk,unknown brand / numeric filename / missing device name
1Of6L0vaQjQkjlcAyPUj2FJjI_SvTrpZs,YT-09223,Czesci_zamienne_YT-09223.pdf,YATO,https://drive.google.com/file/d/1Of6L0vaQjQkjlcAyPUj2FJjI_SvTrpZs/preview,https://drive.google.com/file/d/1Of6L0vaQjQkjlcAyPUj2FJjI_SvTrpZs/view?usp=drivesdk,unknown brand / numeric filename / missing device name
13y7WoiB6RYV1z88gh0quLTVi17wCdVZj,YT-09224,Czesci_zamienne_YT-09224.pdf,YATO,https://drive.google.com/file/d/13y7WoiB6RYV1z88gh0quLTVi17wCdVZj/preview,https://drive.google.com/file/d/13y7WoiB6RYV1z88gh0quLTVi17wCdVZj/view?usp=drivesdk,unknown brand / numeric filename / missing device name
1J-_hHZ124mW3NR0QQQGhebNtkA16a9uT,YT-09240,Czesci_zamienne_YT-09240.pdf,YATO,https://drive.google.com/file/d/1J-_hHZ124mW3NR0QQQGhebNtkA16a9uT/preview,https://drive.google.com/file/d/1J-_hHZ124mW3NR0QQQGhebNtkA16a9uT/view?usp=drivesdk,unknown brand / numeric filename / missing device name
1fNw1L-bbge5VocGtvjoyVb-yiUmMPFLe,YT-09510,Czesci_zamienne_YT-09510.pdf,YATO,https://drive.google.com/file/d/1fNw1L-bbge5VocGtvjoyVb-yiUmMPFLe/preview,https://drive.google.com/file/d/1fNw1L-bbge5VocGtvjoyVb-yiUmMPFLe/view?usp=drivesdk,unknown brand / numeric filename / missing device name
13-6UP2eqHhWxfjD53JCffAxChCDSDW12,YT-09511,Czesci_zamienne_YT-09511.pdf,YATO,https://drive.google.com/file/d/13-6UP2eqHhWxfjD53JCffAxChCDSDW12/preview,https://drive.google.com/file/d/13-6UP2eqHhWxfjD53JCffAxChCDSDW12/view?usp=drivesdk,unknown brand / numeric filename / missing device name
1VMH9ZrhE064vAXKDh1sXb98YDxwyOQsM,YT-09513,Czesci_zamienne_YT-09513.pdf,YATO,https://drive.google.com/file/d/1VMH9ZrhE064vAXKDh1sXb98YDxwyOQsM/preview,https://drive.google.com/file/d/1VMH9ZrhE064vAXKDh1sXb98YDxwyOQsM/view?usp=drivesdk,unknown brand / numeric filename / missing device name
1z73sq3ClBTY1J0BzdfckoOG02ADH3I7u,YT-09515,Czesci_zamienne_YT-09515.pdf,YATO,https://drive.google.com/file/d/1z73sq3ClBTY1J0BzdfckoOG02ADH3I7u/preview,https://drive.google.com/file/d/1z73sq3ClBTY1J0BzdfckoOG02ADH3I7u/view?usp=drivesdk,unknown brand / numeric filename / missing device name
1REwdGE44bkeu9_Gepsh7QBIDNVxr26-a,YT-09516,Czesci_zamienne_YT-09516.pdf,YATO,https://drive.google.com/file/d/1REwdGE44bkeu9_Gepsh7QBIDNVxr26-a/preview,https://drive.google.com/file/d/1REwdGE44bkeu9_Gepsh7QBIDNVxr26-a/view?usp=drivesdk,unknown brand / numeric filename / missing device name
1Kn6bjh0GQRZpzRcMqpbfxrF9zN4y2VJp,YT-09525,Czesci_zamienne_YT-09525.pdf,YATO,https://drive.google.com/file/d/1Kn6bjh0GQRZpzRcMqpbfxrF9zN4y2VJp/preview,https://drive.google.com/file/d/1Kn6bjh0GQRZpzRcMqpbfxrF9zN4y2VJp/view?usp=drivesdk,unknown brand / numeric filename / missing device name
1MvVI476pxlMGOvwcXNrLYSYYO1U-ScV3,YT-09528,Czesci_zamienne_YT-09528.pdf,YATO,https://drive.google.com/file/d/1MvVI476pxlMGOvwcXNrLYSYYO1U-ScV3/preview,https://drive.google.com/file/d/1MvVI476pxlMGOvwcXNrLYSYYO1U-ScV3/view?usp=drivesdk,unknown brand / numeric filename / missing device name
10L-yz8uV7ba9axxaD1S6BmZduOmBUwot,YT-0953,Czesci_zamienne_YT-0953.pdf,YATO,https://drive.google.com/file/d/10L-yz8uV7ba9axxaD1S6BmZduOmBUwot/preview,https://drive.google.com/file/d/10L-yz8uV7ba9axxaD1S6BmZduOmBUwot/view?usp=drivesdk,unknown brand / numeric filename / missing device name
1bLHAxl_DEDMmAwdZKiHbRrlSnhttbqg9,YT-09540,Czesci_zamienne_YT-09540.pdf,YATO,https://drive.google.com/file/d/1bLHAxl_DEDMmAwdZKiHbRrlSnhttbqg9/preview,https://drive.google.com/file/d/1bLHAxl_DEDMmAwdZKiHbRrlSnhttbqg9/view?usp=drivesdk,unknown brand / numeric filename / missing device name
1b377gFU9UfUS636ghgqBj8prav5TvE78,YT-09544,Czesci_zamienne_YT-09544.pdf,YATO,https://drive.google.com/file/d/1b377gFU9UfUS636ghgqBj8prav5TvE78/preview,https://drive.google.com/file/d/1b377gFU9UfUS636ghgqBj8prav5TvE78/view?usp=drivesdk,unknown brand / numeric filename / missing device name
1hsdnE_xO1NR14s_gopir9d938Fubdt3_,YT-09545,Czesci_zamienne_YT-09545.pdf,YATO,https://drive.google.com/file/d/1hsdnE_xO1NR14s_gopir9d938Fubdt3_/preview,https://drive.google.com/file/d/1hsdnE_xO1NR14s_gopir9d938Fubdt3_/view?usp=drivesdk,unknown brand / numeric filename / missing device name
1dJkZTW0MylZGHwfS4e3ijRHjEQkk1rKQ,YT-09546,Czesci_zamienne_YT-09546.pdf,YATO,https://drive.google.com/file/d/1dJkZTW0MylZGHwfS4e3ijRHjEQkk1rKQ/preview,https://drive.google.com/file/d/1dJkZTW0MylZGHwfS4e3ijRHjEQkk1rKQ/view?usp=drivesdk,unknown brand / numeric filename / missing device name
1tC75yL2jebMIft2oQQkOoGvkmQ1Ns4R6,YT-09547,Czesci_zamienne_YT-09547.pdf,YATO,https://drive.google.com/file/d/1tC75yL2jebMIft2oQQkOoGvkmQ1Ns4R6/preview,https://drive.google.com/file/d/1tC75yL2jebMIft2oQQkOoGvkmQ1Ns4R6/view?usp=drivesdk,unknown brand / numeric filename / missing device name
1d7ViGIMmLgfr7AojAAw38wuBdiu1TPqJ,YT-09564,Czesci_zamienne_YT-09564.pdf,YATO,https://drive.google.com/file/d/1d7ViGIMmLgfr7AojAAw38wuBdiu1TPqJ/preview,https://drive.google.com/file/d/1d7ViGIMmLgfr7AojAAw38wuBdiu1TPqJ/view?usp=drivesdk,unknown brand / numeric filename / missing device name
18PURT67ke4DnDfuAjssQuEgIVwEOAaJQ,YT-09571,Czesci_zamienne_YT-09571.pdf,YATO,https://drive.google.com/file/d/18PURT67ke4DnDfuAjssQuEgIVwEOAaJQ/preview,https://drive.google.com/file/d/18PURT67ke4DnDfuAjssQuEgIVwEOAaJQ/view?usp=drivesdk,unknown brand / numeric filename / missing device name
1p1BWEAprGKxKp5bkduCCu0rijM0r8t10,YT-09575,Czesci_zamienne_YT-09575.pdf,YATO,https://drive.google.com/file/d/1p1BWEAprGKxKp5bkduCCu0rijM0r8t10/preview,https://drive.google.com/file/d/1p1BWEAprGKxKp5bkduCCu0rijM0r8t10/view?usp=drivesdk,unknown brand / numeric filename / missing device name
12TLap8q8pdsOCbsKiSMNnKqDjPtHi9GB,YT-0959,Czesci_zamienne_YT-0959.pdf,YATO,https://drive.google.com/file/d/12TLap8q8pdsOCbsKiSMNnKqDjPtHi9GB/preview,https://drive.google.com/file/d/12TLap8q8pdsOCbsKiSMNnKqDjPtHi9GB/view?usp=drivesdk,unknown brand / numeric filename / missing device name
1ngwQMuvuEfNWkN2bwCRQNTyC1abKBh4I,YT-0960,Czesci_zamienne_YT-0960.pdf,YATO,https://drive.google.com/file/d/1ngwQMuvuEfNWkN2bwCRQNTyC1abKBh4I/preview,https://drive.google.com/file/d/1ngwQMuvuEfNWkN2bwCRQNTyC1abKBh4I/view?usp=drivesdk,unknown brand / numeric filename / missing device name
1DvhTX62oNWQEpcl7AVLoiD1ObLAjjfDg,YT-09615,Czesci_zamienne_YT-09615.pdf,YATO,https://drive.google.com/file/d/1DvhTX62oNWQEpcl7AVLoiD1ObLAjjfDg/preview,https://drive.google.com/file/d/1DvhTX62oNWQEpcl7AVLoiD1ObLAjjfDg/view?usp=drivesdk,unknown brand / numeric filename / missing device name
137fby1ZMXUGXWlfRZz4W2ZMYOdib73Vs,YT-09620,Czesci_zamienne_YT-09620.pdf,YATO,https://drive.google.com/file/d/137fby1ZMXUGXWlfRZz4W2ZMYOdib73Vs/preview,https://drive.google.com/file/d/137fby1ZMXUGXWlfRZz4W2ZMYOdib73Vs/view?usp=drivesdk,unknown brand / numeric filename / missing device name
1KyE1fJYFezAuyc9FCIrRKNETNYUf2-D-,YT-09633,Czesci_zamienne_YT-09633.pdf,YATO,https://drive.google.com/file/d/1KyE1fJYFezAuyc9FCIrRKNETNYUf2-D-/preview,https://drive.google.com/file/d/1KyE1fJYFezAuyc9FCIrRKNETNYUf2-D-/view?usp=drivesdk,unknown brand / numeric filename / missing device name
1BIDqzPTJyMGRfmx4uoj1rmqZz33CfWj3,YT-09676,Czesci_zamienne_YT-09676.pdf,YATO,https://drive.google.com/file/d/1BIDqzPTJyMGRfmx4uoj1rmqZz33CfWj3/preview,https://drive.google.com/file/d/1BIDqzPTJyMGRfmx4uoj1rmqZz33CfWj3/view?usp=drivesdk,unknown brand / numeric filename / missing device name
1Xf-QBmyIDCzK7lsa3gr7McNOWVivUwuC,YT-09715,Czesci_zamienne_YT-09715.pdf,YATO,https://drive.google.com/file/d/1Xf-QBmyIDCzK7lsa3gr7McNOWVivUwuC/preview,https://drive.google.com/file/d/1Xf-QBmyIDCzK7lsa3gr7McNOWVivUwuC/view?usp=drivesdk,unknown brand / numeric filename / missing device name
1prqx9ZluarZqsZVa_epplLqgcAGmuut8,YT-09730,Czesci_zamienne_YT-09730.pdf,YATO,https://drive.google.com/file/d/1prqx9ZluarZqsZVa_epplLqgcAGmuut8/preview,https://drive.google.com/file/d/1prqx9ZluarZqsZVa_epplLqgcAGmuut8/view?usp=drivesdk,unknown brand / numeric filename / missing device name
1MUFp_ZiAnwQYmJr1_RklHxVvsLtTcqQw,YT-09738,Czesci_zamienne_YT-09738.pdf,YATO,https://drive.google.com/file/d/1MUFp_ZiAnwQYmJr1_RklHxVvsLtTcqQw/preview,https://drive.google.com/file/d/1MUFp_ZiAnwQYmJr1_RklHxVvsLtTcqQw/view?usp=drivesdk,unknown brand / numeric filename / missing device name
1byYx8u2bj32cVZuPefujPH-oPGgmwbKN,YT-09739,Czesci_zamienne_YT-09739.pdf,YATO,https://drive.google.com/file/d/1byYx8u2bj32cVZuPefujPH-oPGgmwbKN/preview,https://drive.google.com/file/d/1byYx8u2bj32cVZuPefujPH-oPGgmwbKN/view?usp=drivesdk,unknown brand / numeric filename / missing device name
1I34T9CLtNWFxPwLdHKw3BYsxOvb9Q4dc,YT-0980,Czesci_zamienne_YT-0980.pdf,YATO,https://drive.google.com/file/d/1I34T9CLtNWFxPwLdHKw3BYsxOvb9Q4dc/preview,https://drive.google.com/file/d/1I34T9CLtNWFxPwLdHKw3BYsxOvb9Q4dc/view?usp=drivesdk,unknown brand / numeric filename / missing device name
1QfDmKxbE6Oaa4nZ2YOemci3tCFMmpfOt,YT-09910,Czesci_zamienne_YT-09910.pdf,YATO,https://drive.google.com/file/d/1QfDmKxbE6Oaa4nZ2YOemci3tCFMmpfOt/preview,https://drive.google.com/file/d/1QfDmKxbE6Oaa4nZ2YOemci3tCFMmpfOt/view?usp=drivesdk,unknown brand / numeric filename / missing device name
1bqbTwLcNoK2kFXu1bF5DyfBgDq61SOit,YT-09912,Czesci_zamienne_YT-09912.pdf,YATO,https://drive.google.com/file/d/1bqbTwLcNoK2kFXu1bF5DyfBgDq61SOit/preview,https://drive.google.com/file/d/1bqbTwLcNoK2kFXu1bF5DyfBgDq61SOit/view?usp=drivesdk,unknown brand / numeric filename / missing device name
1eYnFHRd_ZQaUVHK_8Mg2Sx4B2lOi-qZa,YT-09913,Czesci_zamienne_YT-09913.pdf,YATO,https://drive.google.com/file/d/1eYnFHRd_ZQaUVHK_8Mg2Sx4B2lOi-qZa/preview,https://drive.google.com/file/d/1eYnFHRd_ZQaUVHK_8Mg2Sx4B2lOi-qZa/view?usp=drivesdk,unknown brand / numeric filename / missing device name
1tZV8U5cQeZ8GRLVtd7ylkbxlOZYqOtS8,YT-09955,Czesci_zamienne_YT-09955.pdf,YATO,https://drive.google.com/file/d/1tZV8U5cQeZ8GRLVtd7ylkbxlOZYqOtS8/preview,https://drive.google.com/file/d/1tZV8U5cQeZ8GRLVtd7ylkbxlOZYqOtS8/view?usp=drivesdk,unknown brand / numeric filename / missing device name
1R7HDIywvKGJzUJEcI_T4Of6CWgKkdPNn,YT-16000,Czesci_zamienne_YT-16000.pdf,YATO,https://drive.google.com/file/d/1R7HDIywvKGJzUJEcI_T4Of6CWgKkdPNn/preview,https://drive.google.com/file/d/1R7HDIywvKGJzUJEcI_T4Of6CWgKkdPNn/view?usp=drivesdk,unknown brand / numeric filename / missing device name
1m-TH57FZyvO8BhbUxF9MsVXnUggK9O1N,YT-17001,Czesci_zamienne_YT-17001.pdf,YATO,https://drive.google.com/file/d/1m-TH57FZyvO8BhbUxF9MsVXnUggK9O1N/preview,https://drive.google.com/file/d/1m-TH57FZyvO8BhbUxF9MsVXnUggK9O1N/view?usp=drivesdk,unknown brand / numeric filename / missing device name
1bbrc9BpHXVDP8A5z_uP7JeXYCzafB6Ac,YT-17002,Czesci_zamienne_YT-17002.pdf,YATO,https://drive.google.com/file/d/1bbrc9BpHXVDP8A5z_uP7JeXYCzafB6Ac/preview,https://drive.google.com/file/d/1bbrc9BpHXVDP8A5z_uP7JeXYCzafB6Ac/view?usp=drivesdk,unknown brand / numeric filename / missing device name
1eoy9zSBsdWNUw6fJErMCOBIKqgeQ36Rm,YT-17003,Czesci_zamienne_YT-17003.pdf,YATO,https://drive.google.com/file/d/1eoy9zSBsdWNUw6fJErMCOBIKqgeQ36Rm/preview,https://drive.google.com/file/d/1eoy9zSBsdWNUw6fJErMCOBIKqgeQ36Rm/view?usp=drivesdk,unknown brand / numeric filename / missing device name
1FmB5bP45W4fHA1Msf-cLufiNr_t9gHRo,YT-17004,Czesci_zamienne_YT-17004.pdf,YATO,https://drive.google.com/file/d/1FmB5bP45W4fHA1Msf-cLufiNr_t9gHRo/preview,https://drive.google.com/file/d/1FmB5bP45W4fHA1Msf-cLufiNr_t9gHRo/view?usp=drivesdk,unknown brand / numeric filename / missing device name
1WVaPhJQYwN6PqpWFiRcOjcvzqWUyErLJ,YT-17005,Czesci_zamienne_YT-17005.pdf,YATO,https://drive.google.com/file/d/1WVaPhJQYwN6PqpWFiRcOjcvzqWUyErLJ/preview,https://drive.google.com/file/d/1WVaPhJQYwN6PqpWFiRcOjcvzqWUyErLJ/view?usp=drivesdk,unknown brand / numeric filename / missing device name
1N2kFc1uaAvV8DPNyBQyV0U0qVMv9lnzu,YT-17006,Czesci_zamienne_YT-17006.pdf,YATO,https://drive.google.com/file/d/1N2kFc1uaAvV8DPNyBQyV0U0qVMv9lnzu/preview,https://drive.google.com/file/d/1N2kFc1uaAvV8DPNyBQyV0U0qVMv9lnzu/view?usp=drivesdk,unknown brand / numeric filename / missing device name
1qoHnR169Nyr-vtowcC4olCSf_c9TyMyp,YT-17007,Czesci_zamienne_YT-17007.pdf,YATO,https://drive.google.com/file/d/1qoHnR169Nyr-vtowcC4olCSf_c9TyMyp/preview,https://drive.google.com/file/d/1qoHnR169Nyr-vtowcC4olCSf_c9TyMyp/view?usp=drivesdk,unknown brand / numeric filename / missing device name
1Xgn6djqAZm25kPdgwxylmDuJQi0NFloE,YT-17008,Czesci_zamienne_YT-17008.pdf,YATO,https://drive.google.com/file/d/1Xgn6djqAZm25kPdgwxylmDuJQi0NFloE/preview,https://drive.google.com/file/d/1Xgn6djqAZm25kPdgwxylmDuJQi0NFloE/view?usp=drivesdk,unknown brand / numeric filename / missing device name
1e63QYnUz-VCcF7dUVeVwYiSQXlrAP7H8,YT-17009,Czesci_zamienne_YT-17009.pdf,YATO,https://drive.google.com/file/d/1e63QYnUz-VCcF7dUVeVwYiSQXlrAP7H8/preview,https://drive.google.com/file/d/1e63QYnUz-VCcF7dUVeVwYiSQXlrAP7H8/view?usp=drivesdk,unknown brand / numeric filename / missing device name
1UPl9h9BmgT-skJVK49X6mFkPLlRhS66Q,YT-1711,Czesci_zamienne_YT-1711.pdf,YATO,https://drive.google.com/file/d/1UPl9h9BmgT-skJVK49X6mFkPLlRhS66Q/preview,https://drive.google.com/file/d/1UPl9h9BmgT-skJVK49X6mFkPLlRhS66Q/view?usp=drivesdk,unknown brand / numeric filename / missing device name
1fYcJMZYdYDvs0vapIMMpteDCf4Uy20GB,YT-1713,Czesci_zamienne_YT-1713.pdf,YATO,https://drive.google.com/file/d/1fYcJMZYdYDvs0vapIMMpteDCf4Uy20GB/preview,https://drive.google.com/file/d/1fYcJMZYdYDvs0vapIMMpteDCf4Uy20GB/view?usp=drivesdk,unknown brand / numeric filename / missing device name
1x0ToR8osp26O3PxQAZ9opEjrHQ1jU2yQ,YT-1720,Czesci_zamienne_YT-1720.pdf,YATO,https://drive.google.com/file/d/1x0ToR8osp26O3PxQAZ9opEjrHQ1jU2yQ/preview,https://drive.google.com/file/d/1x0ToR8osp26O3PxQAZ9opEjrHQ1jU2yQ/view?usp=drivesdk,unknown brand / numeric filename / missing device name
1fL8oRFqMOOeCIIkDPQIYe6a-oIJqBQMY,YT-17205,Czesci_zamienne_YT-17205.pdf,YATO,https://drive.google.com/file/d/1fL8oRFqMOOeCIIkDPQIYe6a-oIJqBQMY/preview,https://drive.google.com/file/d/1fL8oRFqMOOeCIIkDPQIYe6a-oIJqBQMY/view?usp=drivesdk,unknown brand / numeric filename / missing device name
14nsXsQN9ZGS3CFtt2ja0JNbq5oFNEYNE,YT-17207,Czesci_zamienne_YT-17207.pdf,YATO,https://drive.google.com/file/d/14nsXsQN9ZGS3CFtt2ja0JNbq5oFNEYNE/preview,https://drive.google.com/file/d/14nsXsQN9ZGS3CFtt2ja0JNbq5oFNEYNE/view?usp=drivesdk,unknown brand / numeric filename / missing device name
1xMGTp7CiOtONCnQFVixK9SlYq7G1wPPz,YT-1721,Czesci_zamienne_YT-1721.pdf,YATO,https://drive.google.com/file/d/1xMGTp7CiOtONCnQFVixK9SlYq7G1wPPz/preview,https://drive.google.com/file/d/1xMGTp7CiOtONCnQFVixK9SlYq7G1wPPz/view?usp=drivesdk,unknown brand / numeric filename / missing device name
1Sy4zPRVblbC98oI5ec_t5vo3gNRJ64TL,YT-17211,Czesci_zamienne_YT-17211.pdf,YATO,https://drive.google.com/file/d/1Sy4zPRVblbC98oI5ec_t5vo3gNRJ64TL/preview,https://drive.google.com/file/d/1Sy4zPRVblbC98oI5ec_t5vo3gNRJ64TL/view?usp=drivesdk,unknown brand / numeric filename / missing device name
1DesPzhV-haBCFMUFGf2L_t1l1AmdR6ZK,YT-17213,Czesci_zamienne_YT-17213.pdf,YATO,https://drive.google.com/file/d/1DesPzhV-haBCFMUFGf2L_t1l1AmdR6ZK/preview,https://drive.google.com/file/d/1DesPzhV-haBCFMUFGf2L_t1l1AmdR6ZK/view?usp=drivesdk,unknown brand / numeric filename / missing device name
1ArQkETbTF43fQ_FTyFHolG5sd5Ml5NhL,YT-17214,Czesci_zamienne_YT-17214.pdf,YATO,https://drive.google.com/file/d/1ArQkETbTF43fQ_FTyFHolG5sd5Ml5NhL/preview,https://drive.google.com/file/d/1ArQkETbTF43fQ_FTyFHolG5sd5Ml5NhL/view?usp=drivesdk,unknown brand / numeric filename / missing device name
1pIJEbzIGzzxxYdaLT1KJ7gJkKyvxn_iH,YT-18900,Czesci_zamienne_YT-18900.pdf,YATO,https://drive.google.com/file/d/1pIJEbzIGzzxxYdaLT1KJ7gJkKyvxn_iH/preview,https://drive.google.com/file/d/1pIJEbzIGzzxxYdaLT1KJ7gJkKyvxn_iH/view?usp=drivesdk,unknown brand / numeric filename / missing device name
1ZZc_II2VzDeOTTn5LK0zHtooBvXnimW7,YT-21758,Czesci_zamienne_YT-21758.pdf,YATO,https://drive.google.com/file/d/1ZZc_II2VzDeOTTn5LK0zHtooBvXnimW7/preview,https://drive.google.com/file/d/1ZZc_II2VzDeOTTn5LK0zHtooBvXnimW7/view?usp=drivesdk,unknown brand / numeric filename / missing device name
1C18O2MeBaJHGR7aYYQyEJVEDwQuqdXBq,YT-23241,Czesci_zamienne_YT-23241 YT-23242.pdf,YATO,https://drive.google.com/file/d/1C18O2MeBaJHGR7aYYQyEJVEDwQuqdXBq/preview,https://drive.google.com/file/d/1C18O2MeBaJHGR7aYYQyEJVEDwQuqdXBq/view?usp=drivesdk,unknown brand / numeric filename / missing device name
1C18O2MeBaJHGR7aYYQyEJVEDwQuqdXBq,YT-23242,Czesci_zamienne_YT-23241 YT-23242.pdf,YATO,https://drive.google.com/file/d/1C18O2MeBaJHGR7aYYQyEJVEDwQuqdXBq/preview,https://drive.google.com/file/d/1C18O2MeBaJHGR7aYYQyEJVEDwQuqdXBq/view?usp=drivesdk,unknown brand / numeric filename / missing device name
15popLYYQFMAGlYKBSRZi9CWhQ9TWCsnn,YT-23300,Czesci_zamienne_YT-23300.pdf,YATO,https://drive.google.com/file/d/15popLYYQFMAGlYKBSRZi9CWhQ9TWCsnn/preview,https://drive.google.com/file/d/15popLYYQFMAGlYKBSRZi9CWhQ9TWCsnn/view?usp=drivesdk,unknown brand / numeric filename / missing device name
1C6TVyzycnHxq3FH9iQOcOK2wcfUT870P,YT-23305,Czesci_zamienne_YT-23305.pdf,YATO,https://drive.google.com/file/d/1C6TVyzycnHxq3FH9iQOcOK2wcfUT870P/preview,https://drive.google.com/file/d/1C6TVyzycnHxq3FH9iQOcOK2wcfUT870P/view?usp=drivesdk,unknown brand / numeric filename / missing device name
1jDY04VEnrpsVnh3ir3AEuhhqBBMI2FKG,YT-23306,Czesci_zamienne_YT-23306.pdf,YATO,https://drive.google.com/file/d/1jDY04VEnrpsVnh3ir3AEuhhqBBMI2FKG/preview,https://drive.google.com/file/d/1jDY04VEnrpsVnh3ir3AEuhhqBBMI2FKG/view?usp=drivesdk,unknown brand / numeric filename / missing device name
1gaKSXd6dDT8DBnGzzkxtIDF_bHqbMBIZ,YT-23310,Czesci_zamienne_YT-23310.pdf,YATO,https://drive.google.com/file/d/1gaKSXd6dDT8DBnGzzkxtIDF_bHqbMBIZ/preview,https://drive.google.com/file/d/1gaKSXd6dDT8DBnGzzkxtIDF_bHqbMBIZ/view?usp=drivesdk,unknown brand / numeric filename / missing device name
1xG7t39Ka-bLQMNOfG-GkFjVp9Ry48Kh3,YT-23311,Czesci_zamienne_YT-23311.pdf,YATO,https://drive.google.com/file/d/1xG7t39Ka-bLQMNOfG-GkFjVp9Ry48Kh3/preview,https://drive.google.com/file/d/1xG7t39Ka-bLQMNOfG-GkFjVp9Ry48Kh3/view?usp=drivesdk,unknown brand / numeric filename / missing device name
1IQt_lr1YgVGcgg7ZBt4H8JXXVLedcnmn,YT-23320,Czesci_zamienne_YT-23320.pdf,YATO,https://drive.google.com/file/d/1IQt_lr1YgVGcgg7ZBt4H8JXXVLedcnmn/preview,https://drive.google.com/file/d/1IQt_lr1YgVGcgg7ZBt4H8JXXVLedcnmn/view?usp=drivesdk,unknown brand / numeric filename / missing device name
1ekHfKXwaUu1x0p1EcjnvEjhds-4KQb8g,YT-23321,Czesci_zamienne_YT-23321.pdf,YATO,https://drive.google.com/file/d/1ekHfKXwaUu1x0p1EcjnvEjhds-4KQb8g/preview,https://drive.google.com/file/d/1ekHfKXwaUu1x0p1EcjnvEjhds-4KQb8g/view?usp=drivesdk,unknown brand / numeric filename / missing device name
1Tln3_ayQ-_NiW6p37PssYRup0L6pvzgn,YT-2346,Czesci_zamienne_YT-2346.pdf,YATO,https://drive.google.com/file/d/1Tln3_ayQ-_NiW6p37PssYRup0L6pvzgn/preview,https://drive.google.com/file/d/1Tln3_ayQ-_NiW6p37PssYRup0L6pvzgn/view?usp=drivesdk,unknown brand / numeric filename / missing device name
1WH2Nt8wnmc6iHTVsmFUIeVSVnwlWbxyT,YT-23701,Czesci_zamienne_YT-23701.pdf,YATO,https://drive.google.com/file/d/1WH2Nt8wnmc6iHTVsmFUIeVSVnwlWbxyT/preview,https://drive.google.com/file/d/1WH2Nt8wnmc6iHTVsmFUIeVSVnwlWbxyT/view?usp=drivesdk,unknown brand / numeric filename / missing device name
1lBv6CFZTYZPg3pBtcrHEFJe6CPunVXqt,YT-25021,Czesci_zamienne_YT-25021.pdf,YATO,https://drive.google.com/file/d/1lBv6CFZTYZPg3pBtcrHEFJe6CPunVXqt/preview,https://drive.google.com/file/d/1lBv6CFZTYZPg3pBtcrHEFJe6CPunVXqt/view?usp=drivesdk,unknown brand / numeric filename / missing device name
1T1JoziPFdGjy3VbC8JuPJtuzC8UF5JuF,YT-30436,Czesci_zamienne_YT-30436.pdf,YATO,https://drive.google.com/file/d/1T1JoziPFdGjy3VbC8JuPJtuzC8UF5JuF/preview,https://drive.google.com/file/d/1T1JoziPFdGjy3VbC8JuPJtuzC8UF5JuF/view?usp=drivesdk,unknown brand / numeric filename / missing device name
1Vf1OZdsFSrj--RY-rNWiSEZpc5sIEKQ6,YT-30520,Czesci_zamienne_YT-30520.pdf,YATO,https://drive.google.com/file/d/1Vf1OZdsFSrj--RY-rNWiSEZpc5sIEKQ6/preview,https://drive.google.com/file/d/1Vf1OZdsFSrj--RY-rNWiSEZpc5sIEKQ6/view?usp=drivesdk,unknown brand / numeric filename / missing device name
114nig8bIWE1WMe3yDZbJNFOjJW1ZEOdU,YT-30521,Czesci_zamienne_YT-30521.pdf,YATO,https://drive.google.com/file/d/114nig8bIWE1WMe3yDZbJNFOjJW1ZEOdU/preview,https://drive.google.com/file/d/114nig8bIWE1WMe3yDZbJNFOjJW1ZEOdU/view?usp=drivesdk,unknown brand / numeric filename / missing device name
1ZnICSyifILrZ87Fl6TIEpGKXnLCR6ltD,YT-30522,Czesci_zamienne_YT-30522.pdf,YATO,https://drive.google.com/file/d/1ZnICSyifILrZ87Fl6TIEpGKXnLCR6ltD/preview,https://drive.google.com/file/d/1ZnICSyifILrZ87Fl6TIEpGKXnLCR6ltD/view?usp=drivesdk,unknown brand / numeric filename / missing device name
1GV14G4vJfsyreem7opoRcf2SXyeiksFf,YT-3600,Czesci_zamienne_YT-3600.pdf,YATO,https://drive.google.com/file/d/1GV14G4vJfsyreem7opoRcf2SXyeiksFf/preview,https://drive.google.com/file/d/1GV14G4vJfsyreem7opoRcf2SXyeiksFf/view?usp=drivesdk,unknown brand / numeric filename / missing device name
1_cmB1T9MaDZjFtOgNPdkRsUlmCgJCMtF,YT-36012,Czesci_zamienne_YT-36012.pdf,YATO,https://drive.google.com/file/d/1_cmB1T9MaDZjFtOgNPdkRsUlmCgJCMtF/preview,https://drive.google.com/file/d/1_cmB1T9MaDZjFtOgNPdkRsUlmCgJCMtF/view?usp=drivesdk,unknown brand / numeric filename / missing device name
1s-rZIajsct_vcMMABQpwFebhTuon8EGW,YT-36013,Czesci_zamienne_YT-36013.pdf,YATO,https://drive.google.com/file/d/1s-rZIajsct_vcMMABQpwFebhTuon8EGW/preview,https://drive.google.com/file/d/1s-rZIajsct_vcMMABQpwFebhTuon8EGW/view?usp=drivesdk,unknown brand / numeric filename / missing device name
1RoA1vkcsuQhFtubjBp0yFPyeD-Re92DP,YT-3609,Czesci_zamienne_YT-3609.pdf,YATO,https://drive.google.com/file/d/1RoA1vkcsuQhFtubjBp0yFPyeD-Re92DP/preview,https://drive.google.com/file/d/1RoA1vkcsuQhFtubjBp0yFPyeD-Re92DP/view?usp=drivesdk,unknown brand / numeric filename / missing device name
1ijuSdTe_D9SdlDaeFjJfIMFkDr6Sl5U9,YT-36091,Czesci_zamienne_YT-36091.pdf,YATO,https://drive.google.com/file/d/1ijuSdTe_D9SdlDaeFjJfIMFkDr6Sl5U9/preview,https://drive.google.com/file/d/1ijuSdTe_D9SdlDaeFjJfIMFkDr6Sl5U9/view?usp=drivesdk,unknown brand / numeric filename / missing device name
1GOb_6vVb8uVdhh02Lmvg8W2ALq6boL38,YT-36092,Czesci_zamienne_YT-36092.pdf,YATO,https://drive.google.com/file/d/1GOb_6vVb8uVdhh02Lmvg8W2ALq6boL38/preview,https://drive.google.com/file/d/1GOb_6vVb8uVdhh02Lmvg8W2ALq6boL38/view?usp=drivesdk,unknown brand / numeric filename / missing device name
1Bez3KOF45-I-g6zsKjukQzC4a0DJ96Il,YT-36095,Czesci_zamienne_YT-36095.pdf,YATO,https://drive.google.com/file/d/1Bez3KOF45-I-g6zsKjukQzC4a0DJ96Il/preview,https://drive.google.com/file/d/1Bez3KOF45-I-g6zsKjukQzC4a0DJ96Il/view?usp=drivesdk,unknown brand / numeric filename / missing device name
1JuoWkUM1XOqZY6FRLz1E9l4_Gnx_YUSM,YT-3610,Czesci_zamienne_YT-3610.pdf,YATO,https://drive.google.com/file/d/1JuoWkUM1XOqZY6FRLz1E9l4_Gnx_YUSM/preview,https://drive.google.com/file/d/1JuoWkUM1XOqZY6FRLz1E9l4_Gnx_YUSM/view?usp=drivesdk,unknown brand / numeric filename / missing device name
1bOkYkQ_DQOuGgvO8gsz0xwbajg63ZzAO,YT-36112,Czesci_zamienne_YT-36112.pdf,YATO,https://drive.google.com/file/d/1bOkYkQ_DQOuGgvO8gsz0xwbajg63ZzAO/preview,https://drive.google.com/file/d/1bOkYkQ_DQOuGgvO8gsz0xwbajg63ZzAO/view?usp=drivesdk,unknown brand / numeric filename / missing device name
1MG7jmpRi6sVtUUW5njGJaiaMYaCqFvfM,YT-36119,Czesci_zamienne_YT-36119.pdf,YATO,https://drive.google.com/file/d/1MG7jmpRi6sVtUUW5njGJaiaMYaCqFvfM/preview,https://drive.google.com/file/d/1MG7jmpRi6sVtUUW5njGJaiaMYaCqFvfM/view?usp=drivesdk,unknown brand / numeric filename / missing device name
1iH0gEqtppXaYDcqOMBferRNPksm5Bp42,YT-3612,Czesci_zamienne_YT-3612.pdf,YATO,https://drive.google.com/file/d/1iH0gEqtppXaYDcqOMBferRNPksm5Bp42/preview,https://drive.google.com/file/d/1iH0gEqtppXaYDcqOMBferRNPksm5Bp42/view?usp=drivesdk,unknown brand / numeric filename / missing device name
1XAiqRjZ0Tr8Zv6nwYsWcsDZ_iRB1XnVJ,YT-36125,Czesci_zamienne_YT-36125.pdf,YATO,https://drive.google.com/file/d/1XAiqRjZ0Tr8Zv6nwYsWcsDZ_iRB1XnVJ/preview,https://drive.google.com/file/d/1XAiqRjZ0Tr8Zv6nwYsWcsDZ_iRB1XnVJ/view?usp=drivesdk,unknown brand / numeric filename / missing device name
1l0mWXckuCDxdUEj764kOBijVjO7zE4C_,YT-36127,Czesci_zamienne_YT-36127.pdf,YATO,https://drive.google.com/file/d/1l0mWXckuCDxdUEj764kOBijVjO7zE4C_/preview,https://drive.google.com/file/d/1l0mWXckuCDxdUEj764kOBijVjO7zE4C_/view?usp=drivesdk,unknown brand / numeric filename / missing device name
1Hmp7e-eHMe2jk30zSHINVCv6b1CPjxqM,YT-36150,Czesci_zamienne_YT-36150.pdf,YATO,https://drive.google.com/file/d/1Hmp7e-eHMe2jk30zSHINVCv6b1CPjxqM/preview,https://drive.google.com/file/d/1Hmp7e-eHMe2jk30zSHINVCv6b1CPjxqM/view?usp=drivesdk,unknown brand / numeric filename / missing device name
1tEauMAIpxxlAbEK5fEeJ7Zh9wh2ZjsNm,YT-36171,Czesci_zamienne_YT-36171.pdf,YATO,https://drive.google.com/file/d/1tEauMAIpxxlAbEK5fEeJ7Zh9wh2ZjsNm/preview,https://drive.google.com/file/d/1tEauMAIpxxlAbEK5fEeJ7Zh9wh2ZjsNm/view?usp=drivesdk,unknown brand / numeric filename / missing device name
1lD08oIZvsxK0NlkjKTPKvNKw-WlBSIUa,YT-36177,Czesci_zamienne_YT-36177.pdf,YATO,https://drive.google.com/file/d/1lD08oIZvsxK0NlkjKTPKvNKw-WlBSIUa/preview,https://drive.google.com/file/d/1lD08oIZvsxK0NlkjKTPKvNKw-WlBSIUa/view?usp=drivesdk,unknown brand / numeric filename / missing device name
1XipPQprDRhn8_2JJ6LUNHJxqaeMThkJ5,YT-3618,Czesci_zamienne_YT-3618.pdf,YATO,https://drive.google.com/file/d/1XipPQprDRhn8_2JJ6LUNHJxqaeMThkJ5/preview,https://drive.google.com/file/d/1XipPQprDRhn8_2JJ6LUNHJxqaeMThkJ5/view?usp=drivesdk,unknown brand / numeric filename / missing device name
1qj2j2AO9cn_uO6R_dQnYlff_19bz-5e1,YT-3618,YT-3618.pdf,YATO,https://drive.google.com/file/d/1qj2j2AO9cn_uO6R_dQnYlff_19bz-5e1/preview,https://drive.google.com/file/d/1qj2j2AO9cn_uO6R_dQnYlff_19bz-5e1/view?usp=drivesdk,unknown brand / numeric filename / missing device name
1G_a9ufJQJ2JwzQUG0lOfhtU7L3TOHdNO,YT-372160,Czesci_zamienne_YT-372160.pdf,YATO,https://drive.google.com/file/d/1G_a9ufJQJ2JwzQUG0lOfhtU7L3TOHdNO/preview,https://drive.google.com/file/d/1G_a9ufJQJ2JwzQUG0lOfhtU7L3TOHdNO/view?usp=drivesdk,unknown brand / numeric filename / missing device name
1DGZMfmSlIfrExUydW1CI_EGRe0YBaHIb,YT-372161,Czesci_zamienne_YT-372161.pdf,YATO,https://drive.google.com/file/d/1DGZMfmSlIfrExUydW1CI_EGRe0YBaHIb/preview,https://drive.google.com/file/d/1DGZMfmSlIfrExUydW1CI_EGRe0YBaHIb/view?usp=drivesdk,unknown brand / numeric filename / missing device name
1YDILx8Zz2f9OxfhZrtiKeLSkMyzlwCc7,YT-372163,Czesci_zamienne_YT-372163.pdf,YATO,https://drive.google.com/file/d/1YDILx8Zz2f9OxfhZrtiKeLSkMyzlwCc7/preview,https://drive.google.com/file/d/1YDILx8Zz2f9OxfhZrtiKeLSkMyzlwCc7/view?usp=drivesdk,unknown brand / numeric filename / missing device name
1iIWhr6vFbn855EtpSkLYzL0L4dJ7l6tr,YT-372164,Czesci_zamienne_YT-372164.pdf,YATO,https://drive.google.com/file/d/1iIWhr6vFbn855EtpSkLYzL0L4dJ7l6tr/preview,https://drive.google.com/file/d/1iIWhr6vFbn855EtpSkLYzL0L4dJ7l6tr/view?usp=drivesdk,unknown brand / numeric filename / missing device name
1zsuUEzVYRX-yOWWq5qEY1qkyQ4PUf0kh,YT-372165,Czesci_zamienne_YT-372165.pdf,YATO,https://drive.google.com/file/d/1zsuUEzVYRX-yOWWq5qEY1qkyQ4PUf0kh/preview,https://drive.google.com/file/d/1zsuUEzVYRX-yOWWq5qEY1qkyQ4PUf0kh/view?usp=drivesdk,unknown brand / numeric filename / missing device name
1FZZuDMWh1xsrrUVXD7aWt9YrHuPsskIN,YT-372166,Czesci_zamienne_YT-372166.pdf,YATO,https://drive.google.com/file/d/1FZZuDMWh1xsrrUVXD7aWt9YrHuPsskIN/preview,https://drive.google.com/file/d/1FZZuDMWh1xsrrUVXD7aWt9YrHuPsskIN/view?usp=drivesdk,unknown brand / numeric filename / missing device name
1NGDzvNow8rwOfhW6jRkCoMfxJZs7oEc_,YT-372167,Czesci_zamienne_YT-372167.pdf,YATO,https://drive.google.com/file/d/1NGDzvNow8rwOfhW6jRkCoMfxJZs7oEc_/preview,https://drive.google.com/file/d/1NGDzvNow8rwOfhW6jRkCoMfxJZs7oEc_/view?usp=drivesdk,unknown brand / numeric filename / missing device name
1wfh0aoXrdzFE7kDOh-bZAEmxp6xPzbP9,YT-372171,Czesci_zamienne_YT-372171.pdf,YATO,https://drive.google.com/file/d/1wfh0aoXrdzFE7kDOh-bZAEmxp6xPzbP9/preview,https://drive.google.com/file/d/1wfh0aoXrdzFE7kDOh-bZAEmxp6xPzbP9/view?usp=drivesdk,unknown brand / numeric filename / missing device name
1UugN57sTp6-H0hy6Y1QqEdaognR67VFI,YT-372180,Czesci_zamienne_YT-372180.pdf,YATO,https://drive.google.com/file/d/1UugN57sTp6-H0hy6Y1QqEdaognR67VFI/preview,https://drive.google.com/file/d/1UugN57sTp6-H0hy6Y1QqEdaognR67VFI/view?usp=drivesdk,unknown brand / numeric filename / missing device name
1ENPDqoPGgAaA_vPrDB4G1agLUBNpBycA,YT-55556,Czesci_zamienne_YT-55556.pdf,YATO,https://drive.google.com/file/d/1ENPDqoPGgAaA_vPrDB4G1agLUBNpBycA/preview,https://drive.google.com/file/d/1ENPDqoPGgAaA_vPrDB4G1agLUBNpBycA/view?usp=drivesdk,unknown brand / numeric filename / missing device name
1JqkVmj9yrEkGuwaiUYO6StoF7Prc1-P5,YT-55557,Czesci_zamienne_YT-55557 V2.pdf,YATO,https://drive.google.com/file/d/1JqkVmj9yrEkGuwaiUYO6StoF7Prc1-P5/preview,https://drive.google.com/file/d/1JqkVmj9yrEkGuwaiUYO6StoF7Prc1-P5/view?usp=drivesdk,unknown brand / numeric filename / missing device name
1ZR2Xvtpe-5Vk5T5e5NGgCC2Wagb83WAR,YT-55581,Czesci_zamienne_YT-55581.pdf,YATO,https://drive.google.com/file/d/1ZR2Xvtpe-5Vk5T5e5NGgCC2Wagb83WAR/preview,https://drive.google.com/file/d/1ZR2Xvtpe-5Vk5T5e5NGgCC2Wagb83WAR/view?usp=drivesdk,unknown brand / numeric filename / missing device name
111lTwQg0XQjSpLdmDCwuyg4FganO_qHi,YT-55584,Czesci_zamienne_YT-55584.pdf,YATO,https://drive.google.com/file/d/111lTwQg0XQjSpLdmDCwuyg4FganO_qHi/preview,https://drive.google.com/file/d/111lTwQg0XQjSpLdmDCwuyg4FganO_qHi/view?usp=drivesdk,unknown brand / numeric filename / missing device name
13shZgW09G4JJstYo9qvSDxjq_ZmIvBW6,YT-55585,Czesci_zamienne_YT-55585.pdf,YATO,https://drive.google.com/file/d/13shZgW09G4JJstYo9qvSDxjq_ZmIvBW6/preview,https://drive.google.com/file/d/13shZgW09G4JJstYo9qvSDxjq_ZmIvBW6/view?usp=drivesdk,unknown brand / numeric filename / missing device name
1s97Rw-qddKIoADQCLSuksqBwfsTXSSFZ,YT-55600,Czesci_zamienne_YT-55600.pdf,YATO,https://drive.google.com/file/d/1s97Rw-qddKIoADQCLSuksqBwfsTXSSFZ/preview,https://drive.google.com/file/d/1s97Rw-qddKIoADQCLSuksqBwfsTXSSFZ/view?usp=drivesdk,unknown brand / numeric filename / missing device name
1O4DaxGRKJJlv9fL00K59P1X5PObzURiq,YT-55801,Czesci_zamienne_YT-55801.pdf,YATO,https://drive.google.com/file/d/1O4DaxGRKJJlv9fL00K59P1X5PObzURiq/preview,https://drive.google.com/file/d/1O4DaxGRKJJlv9fL00K59P1X5PObzURiq/view?usp=drivesdk,unknown brand / numeric filename / missing device name
1uLf7_4oewuPtYWll7khWBuEowDhi1hU4,YT-55803,Czesci_zamienne_YT-55803.pdf,YATO,https://drive.google.com/file/d/1uLf7_4oewuPtYWll7khWBuEowDhi1hU4/preview,https://drive.google.com/file/d/1uLf7_4oewuPtYWll7khWBuEowDhi1hU4/view?usp=drivesdk,unknown brand / numeric filename / missing device name
1mH0aOQBso3KC6Yrhv6diOgrok1u5S8sJ,YT-55808,Czesci_zamienne_YT-55808.pdf,YATO,https://drive.google.com/file/d/1mH0aOQBso3KC6Yrhv6diOgrok1u5S8sJ/preview,https://drive.google.com/file/d/1mH0aOQBso3KC6Yrhv6diOgrok1u5S8sJ/view?usp=drivesdk,unknown brand / numeric filename / missing device name
1yXhwbPS4jbsiNWV_YbYsAFCTmXec84eC,YT-5901,Czesci_zamienne_YT-5901.pdf,YATO,https://drive.google.com/file/d/1yXhwbPS4jbsiNWV_YbYsAFCTmXec84eC/preview,https://drive.google.com/file/d/1yXhwbPS4jbsiNWV_YbYsAFCTmXec84eC/view?usp=drivesdk,unknown brand / numeric filename / missing device name
1X4pB2b3NnZ_P-lsrcs1wzTTagkgaOAUE,YT-5902,Czesci_zamienne_YT-5902.pdf,YATO,https://drive.google.com/file/d/1X4pB2b3NnZ_P-lsrcs1wzTTagkgaOAUE/preview,https://drive.google.com/file/d/1X4pB2b3NnZ_P-lsrcs1wzTTagkgaOAUE/view?usp=drivesdk,unknown brand / numeric filename / missing device name
106J5G28QvoVmI2279ZFsN-p7HmcZjzT4,YT-5904,Czesci_zamienne_YT-5904.pdf,YATO,https://drive.google.com/file/d/106J5G28QvoVmI2279ZFsN-p7HmcZjzT4/preview,https://drive.google.com/file/d/106J5G28QvoVmI2279ZFsN-p7HmcZjzT4/view?usp=drivesdk,unknown brand / numeric filename / missing device name
1zyrSpfG8vfiXQvQ8IViVw_S4Qmw1C6F7,YT-5905,Czesci_zamienne_YT-5905.pdf,YATO,https://drive.google.com/file/d/1zyrSpfG8vfiXQvQ8IViVw_S4Qmw1C6F7/preview,https://drive.google.com/file/d/1zyrSpfG8vfiXQvQ8IViVw_S4Qmw1C6F7/view?usp=drivesdk,unknown brand / numeric filename / missing device name
1rKwJdEAwsMc7QYGkI5mh6k07r5TG5YVv,YT-72920,Czesci_zamienne_YT-72920.pdf,YATO,https://drive.google.com/file/d/1rKwJdEAwsMc7QYGkI5mh6k07r5TG5YVv/preview,https://drive.google.com/file/d/1rKwJdEAwsMc7QYGkI5mh6k07r5TG5YVv/view?usp=drivesdk,unknown brand / numeric filename / missing device name
1-H3jJ850ScKgsil-kKF2sose5lMu_oGP,YT-7302,Czesci_zamienne_YT-7302.pdf,YATO,https://drive.google.com/file/d/1-H3jJ850ScKgsil-kKF2sose5lMu_oGP/preview,https://drive.google.com/file/d/1-H3jJ850ScKgsil-kKF2sose5lMu_oGP/view?usp=drivesdk,unknown brand / numeric filename / missing device name
1L-TcqkzAKsP-8FJ_vR7BolI8L7aoBUZm,YT-73030,Czesci_zamienne_YT-73030.pdf,YATO,https://drive.google.com/file/d/1L-TcqkzAKsP-8FJ_vR7BolI8L7aoBUZm/preview,https://drive.google.com/file/d/1L-TcqkzAKsP-8FJ_vR7BolI8L7aoBUZm/view?usp=drivesdk,unknown brand / numeric filename / missing device name
1KJQ7CxOvlHTGrmaE5DnSj8lb44EW4X2n,YT-73462,Czesci_zamienne_YT-73462.pdf,YATO,https://drive.google.com/file/d/1KJQ7CxOvlHTGrmaE5DnSj8lb44EW4X2n/preview,https://drive.google.com/file/d/1KJQ7CxOvlHTGrmaE5DnSj8lb44EW4X2n/view?usp=drivesdk,unknown brand / numeric filename / missing device name
1GkrNeuZwRHKAHrTrqbai9Rlw3J50mY3W,YT-79950,Czesci_zamienne_YT-79950.pdf,YATO,https://drive.google.com/file/d/1GkrNeuZwRHKAHrTrqbai9Rlw3J50mY3W/preview,https://drive.google.com/file/d/1GkrNeuZwRHKAHrTrqbai9Rlw3J50mY3W/view?usp=drivesdk,unknown brand / numeric filename / missing device name
1Pbs4PEAu5pnm-UtrWwcn7Di0JmdvU6Y3,YT-79951,Czesci_zamienne_YT-79951.pdf,YATO,https://drive.google.com/file/d/1Pbs4PEAu5pnm-UtrWwcn7Di0JmdvU6Y3/preview,https://drive.google.com/file/d/1Pbs4PEAu5pnm-UtrWwcn7Di0JmdvU6Y3/view?usp=drivesdk,unknown brand / numeric filename / missing device name
1b_rq3w4GCqZnSbWrNJ8sK4GeA6CFc17d,YT-79955,Czesci_zamienne_YT-79955.pdf,YATO,https://drive.google.com/file/d/1b_rq3w4GCqZnSbWrNJ8sK4GeA6CFc17d/preview,https://drive.google.com/file/d/1b_rq3w4GCqZnSbWrNJ8sK4GeA6CFc17d/view?usp=drivesdk,unknown brand / numeric filename / missing device name
1qsxJUcbaQ9ds4_NWjQgkZGtiPFkrdtd_,YT-81355,Czesci_zamienne_YT-81355.pdf,YATO,https://drive.google.com/file/d/1qsxJUcbaQ9ds4_NWjQgkZGtiPFkrdtd_/preview,https://drive.google.com/file/d/1qsxJUcbaQ9ds4_NWjQgkZGtiPFkrdtd_/view?usp=drivesdk,unknown brand / numeric filename / missing device name
1KGTjH26prZhTsGuD6_r5uJJnMot4kp9H,YT-81357,Czesci_zamienne_YT-81357.pdf,YATO,https://drive.google.com/file/d/1KGTjH26prZhTsGuD6_r5uJJnMot4kp9H/preview,https://drive.google.com/file/d/1KGTjH26prZhTsGuD6_r5uJJnMot4kp9H/view?usp=drivesdk,unknown brand / numeric filename / missing device name
1UatneiLSnGLIcAzaqJrL80ifZj8eHTdy,YT-81358,Czesci_zamienne_YT-81358.pdf,YATO,https://drive.google.com/file/d/1UatneiLSnGLIcAzaqJrL80ifZj8eHTdy/preview,https://drive.google.com/file/d/1UatneiLSnGLIcAzaqJrL80ifZj8eHTdy/view?usp=drivesdk,unknown brand / numeric filename / missing device name
1uuB3mJIYTDWn9Ns8ayoHn9RwR0JBTQzo,YT-81953,Czesci_zamienne_YT-81953.pdf,YATO,https://drive.google.com/file/d/1uuB3mJIYTDWn9Ns8ayoHn9RwR0JBTQzo/preview,https://drive.google.com/file/d/1uuB3mJIYTDWn9Ns8ayoHn9RwR0JBTQzo/view?usp=drivesdk,unknown brand / numeric filename / missing device name
1dz783OseTKkVZG10MNhyi8QeOA_TmibI,YT-81956,Czesci_zamienne_YT-81956.pdf,YATO,https://drive.google.com/file/d/1dz783OseTKkVZG10MNhyi8QeOA_TmibI/preview,https://drive.google.com/file/d/1dz783OseTKkVZG10MNhyi8QeOA_TmibI/view?usp=drivesdk,unknown brand / numeric filename / missing device name
1VVdPzdybrMj_1DCSZmTJDWd1PlxY3bn7,YT-81980,Czesci_zamienne_YT-81980.pdf,YATO,https://drive.google.com/file/d/1VVdPzdybrMj_1DCSZmTJDWd1PlxY3bn7/preview,https://drive.google.com/file/d/1VVdPzdybrMj_1DCSZmTJDWd1PlxY3bn7/view?usp=drivesdk,unknown brand / numeric filename / missing device name
1ViHYB4ICy3Z6PX2OK2ucs9ExUZKk5yfr,YT-81983,Czesci_zamienne_YT-81983.pdf,YATO,https://drive.google.com/file/d/1ViHYB4ICy3Z6PX2OK2ucs9ExUZKk5yfr/preview,https://drive.google.com/file/d/1ViHYB4ICy3Z6PX2OK2ucs9ExUZKk5yfr/view?usp=drivesdk,unknown brand / numeric filename / missing device name
1PCJr7oqnSn97E4khSM4PKTdzvbGKb8XE,YT-82001,Czesci_zamienne_YT-82001.pdf,YATO,https://drive.google.com/file/d/1PCJr7oqnSn97E4khSM4PKTdzvbGKb8XE/preview,https://drive.google.com/file/d/1PCJr7oqnSn97E4khSM4PKTdzvbGKb8XE/view?usp=drivesdk,unknown brand / numeric filename / missing device name
1bOhCY0UKKPZmmG2YHmkbwPijiZIsNO2-,YT-82002,Czesci_zamienne_YT-82002.pdf,YATO,https://drive.google.com/file/d/1bOhCY0UKKPZmmG2YHmkbwPijiZIsNO2-/preview,https://drive.google.com/file/d/1bOhCY0UKKPZmmG2YHmkbwPijiZIsNO2-/view?usp=drivesdk,unknown brand / numeric filename / missing device name
1sg7wd4jaFT7nLYyBrJs5xwgeObJjEzcl,YT-82003,Czesci_zamienne_YT-82003.pdf,YATO,https://drive.google.com/file/d/1sg7wd4jaFT7nLYyBrJs5xwgeObJjEzcl/preview,https://drive.google.com/file/d/1sg7wd4jaFT7nLYyBrJs5xwgeObJjEzcl/view?usp=drivesdk,unknown brand / numeric filename / missing device name
1m56493qyPTr8tJ7W5-wIw1a0hPtuRl-4,YT-82004,Czesci_zamienne_YT-82004.pdf,YATO,https://drive.google.com/file/d/1m56493qyPTr8tJ7W5-wIw1a0hPtuRl-4/preview,https://drive.google.com/file/d/1m56493qyPTr8tJ7W5-wIw1a0hPtuRl-4/view?usp=drivesdk,unknown brand / numeric filename / missing device name
1o-e3vT6YpronD6RKmLpEb3k6t3HDAsdg,YT-82005,Czesci_zamienne_YT-82005.pdf,YATO,https://drive.google.com/file/d/1o-e3vT6YpronD6RKmLpEb3k6t3HDAsdg/preview,https://drive.google.com/file/d/1o-e3vT6YpronD6RKmLpEb3k6t3HDAsdg/view?usp=drivesdk,unknown brand / numeric filename / missing device name
14Bj8jFU0b3rBl6RgSWqpZrHOMLe1AQ_u,YT-82007,Czesci_zamienne_YT-82007.pdf,YATO,https://drive.google.com/file/d/14Bj8jFU0b3rBl6RgSWqpZrHOMLe1AQ_u/preview,https://drive.google.com/file/d/14Bj8jFU0b3rBl6RgSWqpZrHOMLe1AQ_u/view?usp=drivesdk,unknown brand / numeric filename / missing device name
1CcNmyyKYuvnOGhWxPCi6AdDLS7oaVKqs,YT-82015,Czesci_zamienne_YT-82015.pdf,YATO,https://drive.google.com/file/d/1CcNmyyKYuvnOGhWxPCi6AdDLS7oaVKqs/preview,https://drive.google.com/file/d/1CcNmyyKYuvnOGhWxPCi6AdDLS7oaVKqs/view?usp=drivesdk,unknown brand / numeric filename / missing device name
1jb68MhHArkQlHAKb_HLVggIjp45cvk_i,YT-82016,Czesci_zamienne_YT-82016.pdf,YATO,https://drive.google.com/file/d/1jb68MhHArkQlHAKb_HLVggIjp45cvk_i/preview,https://drive.google.com/file/d/1jb68MhHArkQlHAKb_HLVggIjp45cvk_i/view?usp=drivesdk,unknown brand / numeric filename / missing device name
10OdfxryxU6l5X9i470HBdL4zZd0i-nvo,YT-82020,Czesci_zamienne_YT-82020.pdf,YATO,https://drive.google.com/file/d/10OdfxryxU6l5X9i470HBdL4zZd0i-nvo/preview,https://drive.google.com/file/d/10OdfxryxU6l5X9i470HBdL4zZd0i-nvo/view?usp=drivesdk,unknown brand / numeric filename / missing device name
1l7Yz2-SNoUcfZ4XTEMvJ2Kbt0FWnOr9X,YT-82021,Czesci_zamienne_YT-82021.pdf,YATO,https://drive.google.com/file/d/1l7Yz2-SNoUcfZ4XTEMvJ2Kbt0FWnOr9X/preview,https://drive.google.com/file/d/1l7Yz2-SNoUcfZ4XTEMvJ2Kbt0FWnOr9X/view?usp=drivesdk,unknown brand / numeric filename / missing device name
1E23mz5vq_pPq9w3NNAlhUYeuQLM8fAdQ,YT-82025,Czesci_zamienne_YT-82025.pdf,YATO,https://drive.google.com/file/d/1E23mz5vq_pPq9w3NNAlhUYeuQLM8fAdQ/preview,https://drive.google.com/file/d/1E23mz5vq_pPq9w3NNAlhUYeuQLM8fAdQ/view?usp=drivesdk,unknown brand / numeric filename / missing device name
1Tk26NmtcMsp3Vovu6wl1EFn6j600w1o2,YT-82034,Czesci_zamienne_YT-82034.pdf,YATO,https://drive.google.com/file/d/1Tk26NmtcMsp3Vovu6wl1EFn6j600w1o2/preview,https://drive.google.com/file/d/1Tk26NmtcMsp3Vovu6wl1EFn6j600w1o2/view?usp=drivesdk,unknown brand / numeric filename / missing device name
1ol9g3KDpO5g3Y2zTOh4DsWSwZUVTa57i,YT-82035,Czesci_zamienne_YT-82035.pdf,YATO,https://drive.google.com/file/d/1ol9g3KDpO5g3Y2zTOh4DsWSwZUVTa57i/preview,https://drive.google.com/file/d/1ol9g3KDpO5g3Y2zTOh4DsWSwZUVTa57i/view?usp=drivesdk,unknown brand / numeric filename / missing device name
1SUQW2DjhaeQujneriMdtuw4NCl-Yi0az,YT-82036,Czesci_zamienne_YT-82036.pdf,YATO,https://drive.google.com/file/d/1SUQW2DjhaeQujneriMdtuw4NCl-Yi0az/preview,https://drive.google.com/file/d/1SUQW2DjhaeQujneriMdtuw4NCl-Yi0az/view?usp=drivesdk,unknown brand / numeric filename / missing device name
1YnU5z8V9shykps1ZyFCY--AFX58sheLB,YT-82037,Czesci_zamienne_YT-82037.pdf,YATO,https://drive.google.com/file/d/1YnU5z8V9shykps1ZyFCY--AFX58sheLB/preview,https://drive.google.com/file/d/1YnU5z8V9shykps1ZyFCY--AFX58sheLB/view?usp=drivesdk,unknown brand / numeric filename / missing device name
1V8oL-eOOmcB3YjjFu3_GoMiJvcLXDpVe,YT-82038,Czesci_zamienne_YT-82038.pdf,YATO,https://drive.google.com/file/d/1V8oL-eOOmcB3YjjFu3_GoMiJvcLXDpVe/preview,https://drive.google.com/file/d/1V8oL-eOOmcB3YjjFu3_GoMiJvcLXDpVe/view?usp=drivesdk,unknown brand / numeric filename / missing device name
1jgUBt_aO4peN81FadedYfmaY4yWMyhWV,YT-82040,Czesci_zamienne_YT-82040.pdf,YATO,https://drive.google.com/file/d/1jgUBt_aO4peN81FadedYfmaY4yWMyhWV/preview,https://drive.google.com/file/d/1jgUBt_aO4peN81FadedYfmaY4yWMyhWV/view?usp=drivesdk,unknown brand / numeric filename / missing device name
1_iLjHeLiobC9_HYD0izZ7x9x9wOBZAHT,YT-82044,Czesci_zamienne_YT-82044.pdf,YATO,https://drive.google.com/file/d/1_iLjHeLiobC9_HYD0izZ7x9x9wOBZAHT/preview,https://drive.google.com/file/d/1_iLjHeLiobC9_HYD0izZ7x9x9wOBZAHT/view?usp=drivesdk,unknown brand / numeric filename / missing device name
1YXa9cigKBMcxCh-5WOg5QwwqdusuM6Og,YT-82045,Czesci_zamienne_YT-82045.pdf,YATO,https://drive.google.com/file/d/1YXa9cigKBMcxCh-5WOg5QwwqdusuM6Og/preview,https://drive.google.com/file/d/1YXa9cigKBMcxCh-5WOg5QwwqdusuM6Og/view?usp=drivesdk,unknown brand / numeric filename / missing device name
12goZEAKOok8Ma83iJYDLLE6DfMqLq7wg,YT-82048,Czesci_zamienne_YT-82048.pdf,YATO,https://drive.google.com/file/d/12goZEAKOok8Ma83iJYDLLE6DfMqLq7wg/preview,https://drive.google.com/file/d/12goZEAKOok8Ma83iJYDLLE6DfMqLq7wg/view?usp=drivesdk,unknown brand / numeric filename / missing device name
11J4CNONmH8eOHDunJnZFWMxJKLHkGLgQ,YT-82050,Czesci_zamienne_YT-82050.pdf,YATO,https://drive.google.com/file/d/11J4CNONmH8eOHDunJnZFWMxJKLHkGLgQ/preview,https://drive.google.com/file/d/11J4CNONmH8eOHDunJnZFWMxJKLHkGLgQ/view?usp=drivesdk,unknown brand / numeric filename / missing device name
1csvhiHLQjFu7cqVzTdbjEAWKD_1z3U91,YT-820500,Czesci_zamienne_YT-820500.pdf,YATO,https://drive.google.com/file/d/1csvhiHLQjFu7cqVzTdbjEAWKD_1z3U91/preview,https://drive.google.com/file/d/1csvhiHLQjFu7cqVzTdbjEAWKD_1z3U91/view?usp=drivesdk,unknown brand / numeric filename / missing device name
1eWEvtmeOXQRpd_N9TGLOSwfleKM03oLb,YT-820501,Czesci_zamienne_YT-820501.pdf,YATO,https://drive.google.com/file/d/1eWEvtmeOXQRpd_N9TGLOSwfleKM03oLb/preview,https://drive.google.com/file/d/1eWEvtmeOXQRpd_N9TGLOSwfleKM03oLb/view?usp=drivesdk,unknown brand / numeric filename / missing device name
1IGIOghTq77PN0wMF56Z2Ah251Hm6uSmG,YT-820502,Czesci_zamienne_YT-820502.pdf,YATO,https://drive.google.com/file/d/1IGIOghTq77PN0wMF56Z2Ah251Hm6uSmG/preview,https://drive.google.com/file/d/1IGIOghTq77PN0wMF56Z2Ah251Hm6uSmG/view?usp=drivesdk,unknown brand / numeric filename / missing device name
1eKEkG8xLOTK4OT2fwnk_hbECnlj4Mgju,YT-820507,Czesci_zamienne_YT-820507.pdf,YATO,https://drive.google.com/file/d/1eKEkG8xLOTK4OT2fwnk_hbECnlj4Mgju/preview,https://drive.google.com/file/d/1eKEkG8xLOTK4OT2fwnk_hbECnlj4Mgju/view?usp=drivesdk,unknown brand / numeric filename / missing device name
1eF6B1t43GIspMrTE5Ghlj4dE3vb6mi5J,YT-82051,Czesci_zamienne_YT-82051.pdf,YATO,https://drive.google.com/file/d/1eF6B1t43GIspMrTE5Ghlj4dE3vb6mi5J/preview,https://drive.google.com/file/d/1eF6B1t43GIspMrTE5Ghlj4dE3vb6mi5J/view?usp=drivesdk,unknown brand / numeric filename / missing device name
1lxHpSK9Wk17BmeOeo-qLbxYGSCyEBv_z,YT-82060,Czesci_zamienne_YT-82060.pdf,YATO,https://drive.google.com/file/d/1lxHpSK9Wk17BmeOeo-qLbxYGSCyEBv_z/preview,https://drive.google.com/file/d/1lxHpSK9Wk17BmeOeo-qLbxYGSCyEBv_z/view?usp=drivesdk,unknown brand / numeric filename / missing device name
1ExFAqEh7PDGJEWoYYDOiKCOv-pEnIKjp,YT-82070,Czesci_zamienne_YT-82070.pdf,YATO,https://drive.google.com/file/d/1ExFAqEh7PDGJEWoYYDOiKCOv-pEnIKjp/preview,https://drive.google.com/file/d/1ExFAqEh7PDGJEWoYYDOiKCOv-pEnIKjp/view?usp=drivesdk,unknown brand / numeric filename / missing device name
1rmhwQdVzLfYSc717g1V6d3p2rJnB05mn,YT-82075,Czesci_zamienne_YT-82075 YT-82076.pdf,YATO,https://drive.google.com/file/d/1rmhwQdVzLfYSc717g1V6d3p2rJnB05mn/preview,https://drive.google.com/file/d/1rmhwQdVzLfYSc717g1V6d3p2rJnB05mn/view?usp=drivesdk,unknown brand / numeric filename / missing device name
1rmhwQdVzLfYSc717g1V6d3p2rJnB05mn,YT-82076,Czesci_zamienne_YT-82075 YT-82076.pdf,YATO,https://drive.google.com/file/d/1rmhwQdVzLfYSc717g1V6d3p2rJnB05mn/preview,https://drive.google.com/file/d/1rmhwQdVzLfYSc717g1V6d3p2rJnB05mn/view?usp=drivesdk,unknown brand / numeric filename / missing device name
1rVoNfNolMrRLmwTrEmTSffzsF1QG2KFx,YT-82077,Czesci_zamienne_YT-82077.pdf,YATO,https://drive.google.com/file/d/1rVoNfNolMrRLmwTrEmTSffzsF1QG2KFx/preview,https://drive.google.com/file/d/1rVoNfNolMrRLmwTrEmTSffzsF1QG2KFx/view?usp=drivesdk,unknown brand / numeric filename / missing device name
12DCgBHzn4GfVRg6ewJJxtxvOudL7d0Si,YT-82080,Czesci_zamienne_YT-82080.pdf,YATO,https://drive.google.com/file/d/12DCgBHzn4GfVRg6ewJJxtxvOudL7d0Si/preview,https://drive.google.com/file/d/12DCgBHzn4GfVRg6ewJJxtxvOudL7d0Si/view?usp=drivesdk,unknown brand / numeric filename / missing device name
1GHGtk6NrbckQHPgBg3gfDyryh8jDzZFj,YT-820833,Czesci_zamienne_YT-820833.pdf,YATO,https://drive.google.com/file/d/1GHGtk6NrbckQHPgBg3gfDyryh8jDzZFj/preview,https://drive.google.com/file/d/1GHGtk6NrbckQHPgBg3gfDyryh8jDzZFj/view?usp=drivesdk,unknown brand / numeric filename / missing device name
17zSm1Dx_XuWo4-kuFQcbAEy2ECYV8cxd,YT-82089,Czesci_zamienne_YT-82089.pdf,YATO,https://drive.google.com/file/d/17zSm1Dx_XuWo4-kuFQcbAEy2ECYV8cxd/preview,https://drive.google.com/file/d/17zSm1Dx_XuWo4-kuFQcbAEy2ECYV8cxd/view?usp=drivesdk,unknown brand / numeric filename / missing device name
1Y7IK1MAkAbdCM6cmU_gFK-AzZWoSroEm,YT-82094,Czesci_zamienne_YT-82094.pdf,YATO,https://drive.google.com/file/d/1Y7IK1MAkAbdCM6cmU_gFK-AzZWoSroEm/preview,https://drive.google.com/file/d/1Y7IK1MAkAbdCM6cmU_gFK-AzZWoSroEm/view?usp=drivesdk,unknown brand / numeric filename / missing device name
1xQQMBzU9HdIr4NL5GncRekgjbKNolxyP,YT-82096,Czesci_zamienne_YT-82096.pdf,YATO,https://drive.google.com/file/d/1xQQMBzU9HdIr4NL5GncRekgjbKNolxyP/preview,https://drive.google.com/file/d/1xQQMBzU9HdIr4NL5GncRekgjbKNolxyP/view?usp=drivesdk,unknown brand / numeric filename / missing device name
17oBDDnb5ZiYJuCWvWqiQaTA6e4zh-p34,YT-82097,Czesci_zamienne_YT-82097.pdf,YATO,https://drive.google.com/file/d/17oBDDnb5ZiYJuCWvWqiQaTA6e4zh-p34/preview,https://drive.google.com/file/d/17oBDDnb5ZiYJuCWvWqiQaTA6e4zh-p34/view?usp=drivesdk,unknown brand / numeric filename / missing device name
1NgaKdKMrlAe-smQwqzqyI74bv0BZ-rx3,YT-82098,Czesci_zamienne_YT-82098.pdf,YATO,https://drive.google.com/file/d/1NgaKdKMrlAe-smQwqzqyI74bv0BZ-rx3/preview,https://drive.google.com/file/d/1NgaKdKMrlAe-smQwqzqyI74bv0BZ-rx3/view?usp=drivesdk,unknown brand / numeric filename / missing device name
15JwkoU-FXeSTVMkK748mYQjQ-JqHbazq,YT-82099,Czesci_zamienne_YT-82099.pdf,YATO,https://drive.google.com/file/d/15JwkoU-FXeSTVMkK748mYQjQ-JqHbazq/preview,https://drive.google.com/file/d/15JwkoU-FXeSTVMkK748mYQjQ-JqHbazq/view?usp=drivesdk,unknown brand / numeric filename / missing device name
1D6MLyTEx9i9MNYpXMejPL6bA0rSmoPo4,YT-82100,Czesci_zamienne_YT-82100.pdf,YATO,https://drive.google.com/file/d/1D6MLyTEx9i9MNYpXMejPL6bA0rSmoPo4/preview,https://drive.google.com/file/d/1D6MLyTEx9i9MNYpXMejPL6bA0rSmoPo4/view?usp=drivesdk,unknown brand / numeric filename / missing device name
1b5cqlx3QHn7lLhDY8Y8aornTIzoE0_UZ,YT-82101,Czesci_zamienne_YT-82101.pdf,YATO,https://drive.google.com/file/d/1b5cqlx3QHn7lLhDY8Y8aornTIzoE0_UZ/preview,https://drive.google.com/file/d/1b5cqlx3QHn7lLhDY8Y8aornTIzoE0_UZ/view?usp=drivesdk,unknown brand / numeric filename / missing device name
1_YxjvFBp6Q1RIofvxI-KsKYg9ixUEEvb,YT-821020,Czesci_zamienne_YT-821020.pdf,YATO,https://drive.google.com/file/d/1_YxjvFBp6Q1RIofvxI-KsKYg9ixUEEvb/preview,https://drive.google.com/file/d/1_YxjvFBp6Q1RIofvxI-KsKYg9ixUEEvb/view?usp=drivesdk,unknown brand / numeric filename / missing device name
1E8_teihy3eBnyd0KOos0_dFHdGfN26Oj,YT-821021,Czesci_zamienne_YT-821021.pdf,YATO,https://drive.google.com/file/d/1E8_teihy3eBnyd0KOos0_dFHdGfN26Oj/preview,https://drive.google.com/file/d/1E8_teihy3eBnyd0KOos0_dFHdGfN26Oj/view?usp=drivesdk,unknown brand / numeric filename / missing device name
1YHllUWTCzjOjACgdtYrNkUF9C-VlLOpu,YT-821023,Czesci_zamienne_YT-821023.pdf,YATO,https://drive.google.com/file/d/1YHllUWTCzjOjACgdtYrNkUF9C-VlLOpu/preview,https://drive.google.com/file/d/1YHllUWTCzjOjACgdtYrNkUF9C-VlLOpu/view?usp=drivesdk,unknown brand / numeric filename / missing device name
1qHqeV292-sx3ap6oqMlcWqdvIgN0W89-,YT-821024,Czesci_zamienne_YT-821024.pdf,YATO,https://drive.google.com/file/d/1qHqeV292-sx3ap6oqMlcWqdvIgN0W89-/preview,https://drive.google.com/file/d/1qHqeV292-sx3ap6oqMlcWqdvIgN0W89-/view?usp=drivesdk,unknown brand / numeric filename / missing device name
1egXj364vtM-f_QmAHMPvvTE76bBUsFT7,YT-82105,Czesci_zamienne_YT-82105.pdf,YATO,https://drive.google.com/file/d/1egXj364vtM-f_QmAHMPvvTE76bBUsFT7/preview,https://drive.google.com/file/d/1egXj364vtM-f_QmAHMPvvTE76bBUsFT7/view?usp=drivesdk,unknown brand / numeric filename / missing device name
1DvGGTqN-Oci-6Bre3_CK3YeeV6h6lBaJ,YT-82106,Czesci_zamienne_YT-82106.pdf,YATO,https://drive.google.com/file/d/1DvGGTqN-Oci-6Bre3_CK3YeeV6h6lBaJ/preview,https://drive.google.com/file/d/1DvGGTqN-Oci-6Bre3_CK3YeeV6h6lBaJ/view?usp=drivesdk,unknown brand / numeric filename / missing device name
1NWOwdg_ijIMXY5Avf91lFYkpywsvWQcS,YT-82110,Czesci_zamienne_YT-82110.pdf,YATO,https://drive.google.com/file/d/1NWOwdg_ijIMXY5Avf91lFYkpywsvWQcS/preview,https://drive.google.com/file/d/1NWOwdg_ijIMXY5Avf91lFYkpywsvWQcS/view?usp=drivesdk,unknown brand / numeric filename / missing device name
1AxSKYzpaQyttpDRWuCPHw156XFlMG0EM,YT-82115,Czesci_zamienne_YT-82115.pdf,YATO,https://drive.google.com/file/d/1AxSKYzpaQyttpDRWuCPHw156XFlMG0EM/preview,https://drive.google.com/file/d/1AxSKYzpaQyttpDRWuCPHw156XFlMG0EM/view?usp=drivesdk,unknown brand / numeric filename / missing device name
1_u8H1l4l9gMf0nxesFvY1NpVM3txc98n,YT-82116,Czesci_zamienne_YT-82116.pdf,YATO,https://drive.google.com/file/d/1_u8H1l4l9gMf0nxesFvY1NpVM3txc98n/preview,https://drive.google.com/file/d/1_u8H1l4l9gMf0nxesFvY1NpVM3txc98n/view?usp=drivesdk,unknown brand / numeric filename / missing device name
1Wh0dYxKAqPFMK_vSAdknx3aFrbG0RN-T,YT-82117,Czesci_zamienne_YT-82117.pdf,YATO,https://drive.google.com/file/d/1Wh0dYxKAqPFMK_vSAdknx3aFrbG0RN-T/preview,https://drive.google.com/file/d/1Wh0dYxKAqPFMK_vSAdknx3aFrbG0RN-T/view?usp=drivesdk,unknown brand / numeric filename / missing device name
1aoTiPplUnN6QkIsAlfH3W6cjcjULdcCT,YT-82118,Czesci_zamienne_YT-82118.pdf,YATO,https://drive.google.com/file/d/1aoTiPplUnN6QkIsAlfH3W6cjcjULdcCT/preview,https://drive.google.com/file/d/1aoTiPplUnN6QkIsAlfH3W6cjcjULdcCT/view?usp=drivesdk,unknown brand / numeric filename / missing device name
1789SxFIBGAjgEL0lXmfUCKmxBgexds9J,YT-82119,Czesci_zamienne_YT-82119.pdf,YATO,https://drive.google.com/file/d/1789SxFIBGAjgEL0lXmfUCKmxBgexds9J/preview,https://drive.google.com/file/d/1789SxFIBGAjgEL0lXmfUCKmxBgexds9J/view?usp=drivesdk,unknown brand / numeric filename / missing device name
1W1HZkMSq20Y0CPdDj8tU4quEw9iMDhKY,YT-82120,Czesci_zamienne_YT-82120.pdf,YATO,https://drive.google.com/file/d/1W1HZkMSq20Y0CPdDj8tU4quEw9iMDhKY/preview,https://drive.google.com/file/d/1W1HZkMSq20Y0CPdDj8tU4quEw9iMDhKY/view?usp=drivesdk,unknown brand / numeric filename / missing device name
1HobRRsWAXAXO2JSCXnhtedg9CwhRJriD,YT-821210,Czesci_zamienne_YT-821210.pdf,YATO,https://drive.google.com/file/d/1HobRRsWAXAXO2JSCXnhtedg9CwhRJriD/preview,https://drive.google.com/file/d/1HobRRsWAXAXO2JSCXnhtedg9CwhRJriD/view?usp=drivesdk,unknown brand / numeric filename / missing device name
1LVtoCgch5qYVdj6TSaBhMiMw5xa-ARAl,YT-82122,Czesci_zamienne_YT-82122.pdf,YATO,https://drive.google.com/file/d/1LVtoCgch5qYVdj6TSaBhMiMw5xa-ARAl/preview,https://drive.google.com/file/d/1LVtoCgch5qYVdj6TSaBhMiMw5xa-ARAl/view?usp=drivesdk,unknown brand / numeric filename / missing device name
1ahHAtk-Ss7KWoIDKt0YYrij8oaG8HVMK,YT-82123,Czesci_zamienne_YT-82123.pdf,YATO,https://drive.google.com/file/d/1ahHAtk-Ss7KWoIDKt0YYrij8oaG8HVMK/preview,https://drive.google.com/file/d/1ahHAtk-Ss7KWoIDKt0YYrij8oaG8HVMK/view?usp=drivesdk,unknown brand / numeric filename / missing device name
1gfybtzRiwtmLe_EzLxW6m6Fl3vuq9Xt8,YT-82125,Czesci_zamienne_YT-82125.pdf,YATO,https://drive.google.com/file/d/1gfybtzRiwtmLe_EzLxW6m6Fl3vuq9Xt8/preview,https://drive.google.com/file/d/1gfybtzRiwtmLe_EzLxW6m6Fl3vuq9Xt8/view?usp=drivesdk,unknown brand / numeric filename / missing device name
1AwTlMDcIvNN1OrYwrXfNSYJLcf6RW5nF,YT-82126,Czesci_zamienne_YT-82126.pdf,YATO,https://drive.google.com/file/d/1AwTlMDcIvNN1OrYwrXfNSYJLcf6RW5nF/preview,https://drive.google.com/file/d/1AwTlMDcIvNN1OrYwrXfNSYJLcf6RW5nF/view?usp=drivesdk,unknown brand / numeric filename / missing device name
1n2H8MOnK5q8Tp1mQfxw44xCpnS2nW5Xr,YT-82127,Czesci_zamienne_YT-82127.pdf,YATO,https://drive.google.com/file/d/1n2H8MOnK5q8Tp1mQfxw44xCpnS2nW5Xr/preview,https://drive.google.com/file/d/1n2H8MOnK5q8Tp1mQfxw44xCpnS2nW5Xr/view?usp=drivesdk,unknown brand / numeric filename / missing device name
1FYrdHmJHLHC-PmHPi3y_2YAxFPkKiR8f,YT-82129,Czesci_zamienne_YT-82129.pdf,YATO,https://drive.google.com/file/d/1FYrdHmJHLHC-PmHPi3y_2YAxFPkKiR8f/preview,https://drive.google.com/file/d/1FYrdHmJHLHC-PmHPi3y_2YAxFPkKiR8f/view?usp=drivesdk,unknown brand / numeric filename / missing device name
1AyHTr92mLgJHfWaBXLn_ZTMJrLXHNNC0,YT-82130,Czesci_zamienne_YT-82130.pdf,YATO,https://drive.google.com/file/d/1AyHTr92mLgJHfWaBXLn_ZTMJrLXHNNC0/preview,https://drive.google.com/file/d/1AyHTr92mLgJHfWaBXLn_ZTMJrLXHNNC0/view?usp=drivesdk,unknown brand / numeric filename / missing device name
1A8Bxv9Z7mwYaqXzl9N2YN1AmuGFZJQxD,YT-82131,Czesci_zamienne_YT-82131.pdf,YATO,https://drive.google.com/file/d/1A8Bxv9Z7mwYaqXzl9N2YN1AmuGFZJQxD/preview,https://drive.google.com/file/d/1A8Bxv9Z7mwYaqXzl9N2YN1AmuGFZJQxD/view?usp=drivesdk,unknown brand / numeric filename / missing device name
1E46FgMR8TDxKRQpHl_wE5Ct7WgL7A0kT,YT-82132,Czesci_zamienne_YT-82132.pdf,YATO,https://drive.google.com/file/d/1E46FgMR8TDxKRQpHl_wE5Ct7WgL7A0kT/preview,https://drive.google.com/file/d/1E46FgMR8TDxKRQpHl_wE5Ct7WgL7A0kT/view?usp=drivesdk,unknown brand / numeric filename / missing device name
12mwfJM4JbQ6J-eCCHo5597ytFedIWhmL,YT-82133,Czesci_zamienne_YT-82133.pdf,YATO,https://drive.google.com/file/d/12mwfJM4JbQ6J-eCCHo5597ytFedIWhmL/preview,https://drive.google.com/file/d/12mwfJM4JbQ6J-eCCHo5597ytFedIWhmL/view?usp=drivesdk,unknown brand / numeric filename / missing device name
15UsmnZYzzRlqykLi5DmGkys5DPwaV8q4,YT-82134,Czesci_zamienne_YT-82134.pdf,YATO,https://drive.google.com/file/d/15UsmnZYzzRlqykLi5DmGkys5DPwaV8q4/preview,https://drive.google.com/file/d/15UsmnZYzzRlqykLi5DmGkys5DPwaV8q4/view?usp=drivesdk,unknown brand / numeric filename / missing device name
1x7i5pEBGG10I2Cps21aE06fydJgoUmdb,YT-82135,Czesci_zamienne_YT-82135.pdf,YATO,https://drive.google.com/file/d/1x7i5pEBGG10I2Cps21aE06fydJgoUmdb/preview,https://drive.google.com/file/d/1x7i5pEBGG10I2Cps21aE06fydJgoUmdb/view?usp=drivesdk,unknown brand / numeric filename / missing device name
1faZ6TNCaOJLSCfEhXZ1SrUYaLVC-1S9Y,YT-82138,Czesci_zamienne_YT-82138.pdf,YATO,https://drive.google.com/file/d/1faZ6TNCaOJLSCfEhXZ1SrUYaLVC-1S9Y/preview,https://drive.google.com/file/d/1faZ6TNCaOJLSCfEhXZ1SrUYaLVC-1S9Y/view?usp=drivesdk,unknown brand / numeric filename / missing device name
1OXWVakb75yFWsaOpqsYyCJhvw0BKqCxf,YT-82141,Czesci_zamienne_YT-82141.pdf,YATO,https://drive.google.com/file/d/1OXWVakb75yFWsaOpqsYyCJhvw0BKqCxf/preview,https://drive.google.com/file/d/1OXWVakb75yFWsaOpqsYyCJhvw0BKqCxf/view?usp=drivesdk,unknown brand / numeric filename / missing device name
1L4PaDi_3tt6lVubsjrox4XKs13kvDHfy,YT-82144,Czesci_zamienne_YT-82144.pdf,YATO,https://drive.google.com/file/d/1L4PaDi_3tt6lVubsjrox4XKs13kvDHfy/preview,https://drive.google.com/file/d/1L4PaDi_3tt6lVubsjrox4XKs13kvDHfy/view?usp=drivesdk,unknown brand / numeric filename / missing device name
1euW6EALE1loxE2odLTiEjqeKC469Pkeo,YT-82147,Czesci_zamienne_YT-82147.pdf,YATO,https://drive.google.com/file/d/1euW6EALE1loxE2odLTiEjqeKC469Pkeo/preview,https://drive.google.com/file/d/1euW6EALE1loxE2odLTiEjqeKC469Pkeo/view?usp=drivesdk,unknown brand / numeric filename / missing device name
1TBAsMgukTJTfNOBgBwQt_NXPd-bOD_ND,YT-82148,Czesci_zamienne_YT-82148.pdf,YATO,https://drive.google.com/file/d/1TBAsMgukTJTfNOBgBwQt_NXPd-bOD_ND/preview,https://drive.google.com/file/d/1TBAsMgukTJTfNOBgBwQt_NXPd-bOD_ND/view?usp=drivesdk,unknown brand / numeric filename / missing device name
18cV6ZD40RW5XEhTncWTs1odM7c6TJNoU,YT-82151,Czesci_zamienne_YT-82151.pdf,YATO,https://drive.google.com/file/d/18cV6ZD40RW5XEhTncWTs1odM7c6TJNoU/preview,https://drive.google.com/file/d/18cV6ZD40RW5XEhTncWTs1odM7c6TJNoU/view?usp=drivesdk,unknown brand / numeric filename / missing device name
1-pyizv5DQKpOJ3-CwXIKAN4liRLrPYT4,YT-82152,Czesci_zamienne_YT-82152.pdf,YATO,https://drive.google.com/file/d/1-pyizv5DQKpOJ3-CwXIKAN4liRLrPYT4/preview,https://drive.google.com/file/d/1-pyizv5DQKpOJ3-CwXIKAN4liRLrPYT4/view?usp=drivesdk,unknown brand / numeric filename / missing device name
1K-Pq9uvESGQoTEmV82ogBcb8VnrlFYxK,YT-821533,Czesci_zamienne_YT-821533.pdf,YATO,https://drive.google.com/file/d/1K-Pq9uvESGQoTEmV82ogBcb8VnrlFYxK/preview,https://drive.google.com/file/d/1K-Pq9uvESGQoTEmV82ogBcb8VnrlFYxK/view?usp=drivesdk,unknown brand / numeric filename / missing device name
1xf2PGQwXtANmM6oTlPj6ayPvZKA63JZv,YT-82154,Czesci_zamienne_YT-82154.pdf,YATO,https://drive.google.com/file/d/1xf2PGQwXtANmM6oTlPj6ayPvZKA63JZv/preview,https://drive.google.com/file/d/1xf2PGQwXtANmM6oTlPj6ayPvZKA63JZv/view?usp=drivesdk,unknown brand / numeric filename / missing device name
1YxjomYGmjlBYcMcbBSqxQB-CobjWpbhz,YT-82155,Czesci_zamienne_YT-82155.pdf,YATO,https://drive.google.com/file/d/1YxjomYGmjlBYcMcbBSqxQB-CobjWpbhz/preview,https://drive.google.com/file/d/1YxjomYGmjlBYcMcbBSqxQB-CobjWpbhz/view?usp=drivesdk,unknown brand / numeric filename / missing device name
1lnYn8jwur6707XznBOTTrrrE2kyti5BI,YT-82157,Czesci_zamienne_YT-82157.pdf,YATO,https://drive.google.com/file/d/1lnYn8jwur6707XznBOTTrrrE2kyti5BI/preview,https://drive.google.com/file/d/1lnYn8jwur6707XznBOTTrrrE2kyti5BI/view?usp=drivesdk,unknown brand / numeric filename / missing device name
1lf1jtQ6ZnRlhg0DIj35WMCrMpvNv25jS,YT-82158,Czesci_zamienne_YT-82158.pdf,YATO,https://drive.google.com/file/d/1lf1jtQ6ZnRlhg0DIj35WMCrMpvNv25jS/preview,https://drive.google.com/file/d/1lf1jtQ6ZnRlhg0DIj35WMCrMpvNv25jS/view?usp=drivesdk,unknown brand / numeric filename / missing device name
1VbNa2G9bgudbc7Llcznj5_yjEp0vu0gq,YT-821583,Czesci_zamienne_YT-821583.pdf,YATO,https://drive.google.com/file/d/1VbNa2G9bgudbc7Llcznj5_yjEp0vu0gq/preview,https://drive.google.com/file/d/1VbNa2G9bgudbc7Llcznj5_yjEp0vu0gq/view?usp=drivesdk,unknown brand / numeric filename / missing device name
1iB41eUS8mympnaHgzFbr9tpHShBqnx8k,YT-82159,Czesci_zamienne_YT-82159.pdf,YATO,https://drive.google.com/file/d/1iB41eUS8mympnaHgzFbr9tpHShBqnx8k/preview,https://drive.google.com/file/d/1iB41eUS8mympnaHgzFbr9tpHShBqnx8k/view?usp=drivesdk,unknown brand / numeric filename / missing device name
1mU4WgVG2Nf5j0pXE0Z3JI_2soIwh_b0E,YT-821591,Czesci_zamienne_YT-821591.pdf,YATO,https://drive.google.com/file/d/1mU4WgVG2Nf5j0pXE0Z3JI_2soIwh_b0E/preview,https://drive.google.com/file/d/1mU4WgVG2Nf5j0pXE0Z3JI_2soIwh_b0E/view?usp=drivesdk,unknown brand / numeric filename / missing device name
1rPhbDBTZj4m3603agUXaS7vKTKeCEWUZ,YT-821597,Czesci_zamienne_YT-821597.pdf,YATO,https://drive.google.com/file/d/1rPhbDBTZj4m3603agUXaS7vKTKeCEWUZ/preview,https://drive.google.com/file/d/1rPhbDBTZj4m3603agUXaS7vKTKeCEWUZ/view?usp=drivesdk,unknown brand / numeric filename / missing device name
18ua3LbtH942-YbTt03KYMnotVzXw3EjX,YT-82161,Czesci_zamienne_YT-82161.pdf,YATO,https://drive.google.com/file/d/18ua3LbtH942-YbTt03KYMnotVzXw3EjX/preview,https://drive.google.com/file/d/18ua3LbtH942-YbTt03KYMnotVzXw3EjX/view?usp=drivesdk,unknown brand / numeric filename / missing device name
1rSemWEOrWQHnfD2RQ7G4hxGx-k6bvtrq,YT-82163,Czesci_zamienne_YT-82163.pdf,YATO,https://drive.google.com/file/d/1rSemWEOrWQHnfD2RQ7G4hxGx-k6bvtrq/preview,https://drive.google.com/file/d/1rSemWEOrWQHnfD2RQ7G4hxGx-k6bvtrq/view?usp=drivesdk,unknown brand / numeric filename / missing device name
1ZY9SJ5lmA4aG4uKIZez7uapvTJmWdBc7,YT-82164,Czesci_zamienne_YT-82164.pdf,YATO,https://drive.google.com/file/d/1ZY9SJ5lmA4aG4uKIZez7uapvTJmWdBc7/preview,https://drive.google.com/file/d/1ZY9SJ5lmA4aG4uKIZez7uapvTJmWdBc7/view?usp=drivesdk,unknown brand / numeric filename / missing device name
18oMxyWRteMGMQ-TtClw4ezRxPFgxiyAz,YT-82165,Czesci_zamienne_YT-82165.pdf,YATO,https://drive.google.com/file/d/18oMxyWRteMGMQ-TtClw4ezRxPFgxiyAz/preview,https://drive.google.com/file/d/18oMxyWRteMGMQ-TtClw4ezRxPFgxiyAz/view?usp=drivesdk,unknown brand / numeric filename / missing device name
1BbJG31rX40pYyVo3pyoU6N5c51dLjLFA,YT-82168,Czesci_zamienne_YT-82168.pdf,YATO,https://drive.google.com/file/d/1BbJG31rX40pYyVo3pyoU6N5c51dLjLFA/preview,https://drive.google.com/file/d/1BbJG31rX40pYyVo3pyoU6N5c51dLjLFA/view?usp=drivesdk,unknown brand / numeric filename / missing device name
1Bx3o-mbL0cbWunrFBM2FwRt5wIVrwc4o,YT-82171,Czesci_zamienne_YT-82171.pdf,YATO,https://drive.google.com/file/d/1Bx3o-mbL0cbWunrFBM2FwRt5wIVrwc4o/preview,https://drive.google.com/file/d/1Bx3o-mbL0cbWunrFBM2FwRt5wIVrwc4o/view?usp=drivesdk,unknown brand / numeric filename / missing device name
1CPFg1XL_0MClzgNIKwBZoicblUdcKph7,YT-821710,Czesci_zamienne_YT-821710.pdf,YATO,https://drive.google.com/file/d/1CPFg1XL_0MClzgNIKwBZoicblUdcKph7/preview,https://drive.google.com/file/d/1CPFg1XL_0MClzgNIKwBZoicblUdcKph7/view?usp=drivesdk,unknown brand / numeric filename / missing device name
1xfRkuuAnsxWiT_uxcA_0HYUrTeLprDkV,YT-82172,Czesci_zamienne_YT-82172.pdf,YATO,https://drive.google.com/file/d/1xfRkuuAnsxWiT_uxcA_0HYUrTeLprDkV/preview,https://drive.google.com/file/d/1xfRkuuAnsxWiT_uxcA_0HYUrTeLprDkV/view?usp=drivesdk,unknown brand / numeric filename / missing device name
1Rp6rDPQaGGdkfiDXIIh8anMKM5nhAxg-,YT-821722,Czesci_zamienne_YT-821722.pdf,YATO,https://drive.google.com/file/d/1Rp6rDPQaGGdkfiDXIIh8anMKM5nhAxg-/preview,https://drive.google.com/file/d/1Rp6rDPQaGGdkfiDXIIh8anMKM5nhAxg-/view?usp=drivesdk,unknown brand / numeric filename / missing device name
1A8dcOfeJdtM0djOGCh9Jpn02LImcPHVz,YT-82173,Czesci_zamienne_YT-82173.pdf,YATO,https://drive.google.com/file/d/1A8dcOfeJdtM0djOGCh9Jpn02LImcPHVz/preview,https://drive.google.com/file/d/1A8dcOfeJdtM0djOGCh9Jpn02LImcPHVz/view?usp=drivesdk,unknown brand / numeric filename / missing device name
1IWvpuBAnqV5w_h53G11Y6uZv6lUi0jWh,YT-82174,Czesci_zamienne_YT-82174.pdf,YATO,https://drive.google.com/file/d/1IWvpuBAnqV5w_h53G11Y6uZv6lUi0jWh/preview,https://drive.google.com/file/d/1IWvpuBAnqV5w_h53G11Y6uZv6lUi0jWh/view?usp=drivesdk,unknown brand / numeric filename / missing device name
1Jsl1kcyY2MOGHFLjZ7Z0EmVjmIAj4s91,YT-82175,Czesci_zamienne_YT-82175.pdf,YATO,https://drive.google.com/file/d/1Jsl1kcyY2MOGHFLjZ7Z0EmVjmIAj4s91/preview,https://drive.google.com/file/d/1Jsl1kcyY2MOGHFLjZ7Z0EmVjmIAj4s91/view?usp=drivesdk,unknown brand / numeric filename / missing device name
1uSWON2ikIiWlfAC6tD9b09SmQU4YPsKf,YT-82176,Czesci_zamienne_YT-82176.pdf,YATO,https://drive.google.com/file/d/1uSWON2ikIiWlfAC6tD9b09SmQU4YPsKf/preview,https://drive.google.com/file/d/1uSWON2ikIiWlfAC6tD9b09SmQU4YPsKf/view?usp=drivesdk,unknown brand / numeric filename / missing device name
1dteAGGD3b6xQSIziSEPP9dr6ltQdRYi1,YT-82181,Czesci_zamienne_YT-82181.pdf,YATO,https://drive.google.com/file/d/1dteAGGD3b6xQSIziSEPP9dr6ltQdRYi1/preview,https://drive.google.com/file/d/1dteAGGD3b6xQSIziSEPP9dr6ltQdRYi1/view?usp=drivesdk,unknown brand / numeric filename / missing device name
15eoPlqxyGy8SB6J8t0qwK94wjcZR_ReU,YT-82185,Czesci_zamienne_YT-82185.pdf,YATO,https://drive.google.com/file/d/15eoPlqxyGy8SB6J8t0qwK94wjcZR_ReU/preview,https://drive.google.com/file/d/15eoPlqxyGy8SB6J8t0qwK94wjcZR_ReU/view?usp=drivesdk,unknown brand / numeric filename / missing device name
1mFaztOeqORQ0l_sPwA_h9avFpXY-Tc3J,YT-82190,Czesci_zamienne_YT-82190.pdf,YATO,https://drive.google.com/file/d/1mFaztOeqORQ0l_sPwA_h9avFpXY-Tc3J/preview,https://drive.google.com/file/d/1mFaztOeqORQ0l_sPwA_h9avFpXY-Tc3J/view?usp=drivesdk,unknown brand / numeric filename / missing device name
1UzqURBNCTPDoqSNZsr5hmC5nT90LaNN6,YT-821901,Czesci_zamienne_YT-821901.pdf,YATO,https://drive.google.com/file/d/1UzqURBNCTPDoqSNZsr5hmC5nT90LaNN6/preview,https://drive.google.com/file/d/1UzqURBNCTPDoqSNZsr5hmC5nT90LaNN6/view?usp=drivesdk,unknown brand / numeric filename / missing device name
14DWjkp6tlTajzR3gLcjYShxaQ-rc8OeB,YT-821905,Czesci_zamienne_YT-821905.pdf,YATO,https://drive.google.com/file/d/14DWjkp6tlTajzR3gLcjYShxaQ-rc8OeB/preview,https://drive.google.com/file/d/14DWjkp6tlTajzR3gLcjYShxaQ-rc8OeB/view?usp=drivesdk,unknown brand / numeric filename / missing device name
1PEJCHN0Po1GG6HHs90DYxh55jTc0B8hT,YT-82191,Czesci_zamienne_YT-82191.pdf,YATO,https://drive.google.com/file/d/1PEJCHN0Po1GG6HHs90DYxh55jTc0B8hT/preview,https://drive.google.com/file/d/1PEJCHN0Po1GG6HHs90DYxh55jTc0B8hT/view?usp=drivesdk,unknown brand / numeric filename / missing device name
1iSBMnCjEN9sUfbF_s4e_R-kBfZpnHTHV,YT-821915,Czesci_zamienne_YT-821915.pdf,YATO,https://drive.google.com/file/d/1iSBMnCjEN9sUfbF_s4e_R-kBfZpnHTHV/preview,https://drive.google.com/file/d/1iSBMnCjEN9sUfbF_s4e_R-kBfZpnHTHV/view?usp=drivesdk,unknown brand / numeric filename / missing device name
1izMBTQI1gIdaE-1PcL0BdzWDmf70g2fL,YT-821916,Czesci_zamienne_YT-821916.pdf,YATO,https://drive.google.com/file/d/1izMBTQI1gIdaE-1PcL0BdzWDmf70g2fL/preview,https://drive.google.com/file/d/1izMBTQI1gIdaE-1PcL0BdzWDmf70g2fL/view?usp=drivesdk,unknown brand / numeric filename / missing device name
1IRlPUFSIa2JcRDG5izvkzil3sQHgpwJH,YT-82192,Czesci_zamienne_YT-82192.pdf,YATO,https://drive.google.com/file/d/1IRlPUFSIa2JcRDG5izvkzil3sQHgpwJH/preview,https://drive.google.com/file/d/1IRlPUFSIa2JcRDG5izvkzil3sQHgpwJH/view?usp=drivesdk,unknown brand / numeric filename / missing device name
1PYT6rLTHex2a5a9AuYm8hIt1sxw1LgA5,YT-82194,Czesci_zamienne_YT-82194.pdf,YATO,https://drive.google.com/file/d/1PYT6rLTHex2a5a9AuYm8hIt1sxw1LgA5/preview,https://drive.google.com/file/d/1PYT6rLTHex2a5a9AuYm8hIt1sxw1LgA5/view?usp=drivesdk,unknown brand / numeric filename / missing device name
1Mc46IytAfjtaZBy7rCVsWyAWVo2BoQo_,YT-82196,Czesci_zamienne_YT-82196.pdf,YATO,https://drive.google.com/file/d/1Mc46IytAfjtaZBy7rCVsWyAWVo2BoQo_/preview,https://drive.google.com/file/d/1Mc46IytAfjtaZBy7rCVsWyAWVo2BoQo_/view?usp=drivesdk,unknown brand / numeric filename / missing device name
1QK2NoLMCYRxi3fTwAFbQKZoz1OF-KVxV,YT-82198,Czesci_zamienne_YT-82198.pdf,YATO,https://drive.google.com/file/d/1QK2NoLMCYRxi3fTwAFbQKZoz1OF-KVxV/preview,https://drive.google.com/file/d/1QK2NoLMCYRxi3fTwAFbQKZoz1OF-KVxV/view?usp=drivesdk,unknown brand / numeric filename / missing device name
1EIgrbkm1P63569i1m2B-23LZt-GiDJDU,YT-82200,Czesci_zamienne_YT-82200.pdf,YATO,https://drive.google.com/file/d/1EIgrbkm1P63569i1m2B-23LZt-GiDJDU/preview,https://drive.google.com/file/d/1EIgrbkm1P63569i1m2B-23LZt-GiDJDU/view?usp=drivesdk,unknown brand / numeric filename / missing device name
14dAvlPBREVjJQbPU9xSElyI4opBOrC67,YT-82205,Czesci_zamienne_YT-82205.pdf,YATO,https://drive.google.com/file/d/14dAvlPBREVjJQbPU9xSElyI4opBOrC67/preview,https://drive.google.com/file/d/14dAvlPBREVjJQbPU9xSElyI4opBOrC67/view?usp=drivesdk,unknown brand / numeric filename / missing device name
1CGc6ieQ8dEtv0WU7Q20geQoCIlrueRU-,YT-82206,Czesci_zamienne_YT-82206.pdf,YATO,https://drive.google.com/file/d/1CGc6ieQ8dEtv0WU7Q20geQoCIlrueRU-/preview,https://drive.google.com/file/d/1CGc6ieQ8dEtv0WU7Q20geQoCIlrueRU-/view?usp=drivesdk,unknown brand / numeric filename / missing device name
1jV2oVbzBi3ViTQeB_9gemgkFJ-eXN0m4,YT-82207,Czesci_zamienne_YT-82207.pdf,YATO,https://drive.google.com/file/d/1jV2oVbzBi3ViTQeB_9gemgkFJ-eXN0m4/preview,https://drive.google.com/file/d/1jV2oVbzBi3ViTQeB_9gemgkFJ-eXN0m4/view?usp=drivesdk,unknown brand / numeric filename / missing device name
11iFHd0rH5c7iUaEC8fiMwh445kimUvSP,YT-82208,Czesci_zamienne_YT-82208.pdf,YATO,https://drive.google.com/file/d/11iFHd0rH5c7iUaEC8fiMwh445kimUvSP/preview,https://drive.google.com/file/d/11iFHd0rH5c7iUaEC8fiMwh445kimUvSP/view?usp=drivesdk,unknown brand / numeric filename / missing device name
1foSWYj7IJ8QIujQHsIRUhJe7WsiYk4va,YT-822100,Czesci_zamienne_YT-822100.pdf,YATO,https://drive.google.com/file/d/1foSWYj7IJ8QIujQHsIRUhJe7WsiYk4va/preview,https://drive.google.com/file/d/1foSWYj7IJ8QIujQHsIRUhJe7WsiYk4va/view?usp=drivesdk,unknown brand / numeric filename / missing device name
1QsTYV0I1Gm2kj23SzIfV5oulrBxZ_-cL,YT-822103,Czesci_zamienne_YT-822103.pdf,YATO,https://drive.google.com/file/d/1QsTYV0I1Gm2kj23SzIfV5oulrBxZ_-cL/preview,https://drive.google.com/file/d/1QsTYV0I1Gm2kj23SzIfV5oulrBxZ_-cL/view?usp=drivesdk,unknown brand / numeric filename / missing device name
18HFdz4L0GO26CSnZzpjfpQIskrADykJt,YT-822107,Czesci_zamienne_YT-822107.pdf,YATO,https://drive.google.com/file/d/18HFdz4L0GO26CSnZzpjfpQIskrADykJt/preview,https://drive.google.com/file/d/18HFdz4L0GO26CSnZzpjfpQIskrADykJt/view?usp=drivesdk,unknown brand / numeric filename / missing device name
14w2xnlOTA9uNSu7_6_DkGsC5H5-3MrN6,YT-822110,Czesci_zamienne_YT-822110.pdf,YATO,https://drive.google.com/file/d/14w2xnlOTA9uNSu7_6_DkGsC5H5-3MrN6/preview,https://drive.google.com/file/d/14w2xnlOTA9uNSu7_6_DkGsC5H5-3MrN6/view?usp=drivesdk,unknown brand / numeric filename / missing device name
10aiYuebdOKpZ63bEIyAoT5xEiBrMe0O1,YT-822112,Czesci_zamienne_YT-822112.pdf,YATO,https://drive.google.com/file/d/10aiYuebdOKpZ63bEIyAoT5xEiBrMe0O1/preview,https://drive.google.com/file/d/10aiYuebdOKpZ63bEIyAoT5xEiBrMe0O1/view?usp=drivesdk,unknown brand / numeric filename / missing device name
1TzjQdUUT4gEEGwuGb_Sdp6Pdj4KHAFyc,YT-82220,Czesci_zamienne_YT-82220.pdf,YATO,https://drive.google.com/file/d/1TzjQdUUT4gEEGwuGb_Sdp6Pdj4KHAFyc/preview,https://drive.google.com/file/d/1TzjQdUUT4gEEGwuGb_Sdp6Pdj4KHAFyc/view?usp=drivesdk,unknown brand / numeric filename / missing device name
1a8JpvKlC4JPpCEUJR0UReRDF4KHbcGiJ,YT-82221,Czesci_zamienne_YT-82221.pdf,YATO,https://drive.google.com/file/d/1a8JpvKlC4JPpCEUJR0UReRDF4KHbcGiJ/preview,https://drive.google.com/file/d/1a8JpvKlC4JPpCEUJR0UReRDF4KHbcGiJ/view?usp=drivesdk,unknown brand / numeric filename / missing device name
1bHltSxW72G2E1KZCobBVFabJriGug4mY,YT-82223,Czesci_zamienne_YT-82223.pdf,YATO,https://drive.google.com/file/d/1bHltSxW72G2E1KZCobBVFabJriGug4mY/preview,https://drive.google.com/file/d/1bHltSxW72G2E1KZCobBVFabJriGug4mY/view?usp=drivesdk,unknown brand / numeric filename / missing device name
1Er5YsisfP7aETo-G_DttDBEPZ9HcZXVH,YT-82230,Czesci_zamienne_YT-82230.pdf,YATO,https://drive.google.com/file/d/1Er5YsisfP7aETo-G_DttDBEPZ9HcZXVH/preview,https://drive.google.com/file/d/1Er5YsisfP7aETo-G_DttDBEPZ9HcZXVH/view?usp=drivesdk,unknown brand / numeric filename / missing device name
1FgSc8XugxGVdhfJ5EUg0LhNWKA_KUl40,YT-82234,Czesci_zamienne_YT-82234.pdf,YATO,https://drive.google.com/file/d/1FgSc8XugxGVdhfJ5EUg0LhNWKA_KUl40/preview,https://drive.google.com/file/d/1FgSc8XugxGVdhfJ5EUg0LhNWKA_KUl40/view?usp=drivesdk,unknown brand / numeric filename / missing device name
1fmLPahNTD5O_fWrntIh9IRojQz6w2SqF,YT-82240,Czesci_zamienne_YT-82240.pdf,YATO,https://drive.google.com/file/d/1fmLPahNTD5O_fWrntIh9IRojQz6w2SqF/preview,https://drive.google.com/file/d/1fmLPahNTD5O_fWrntIh9IRojQz6w2SqF/view?usp=drivesdk,unknown brand / numeric filename / missing device name
1FdGDeiOOJCaVtJadaue2UhR65gTzQcA_,YT-82242,Czesci_zamienne_YT-82242.pdf,YATO,https://drive.google.com/file/d/1FdGDeiOOJCaVtJadaue2UhR65gTzQcA_/preview,https://drive.google.com/file/d/1FdGDeiOOJCaVtJadaue2UhR65gTzQcA_/view?usp=drivesdk,unknown brand / numeric filename / missing device name
13nLr238acBsPrqZg6UyaywaQYB0dvD_0,YT-82250,Czesci_zamienne_YT-82250.pdf,YATO,https://drive.google.com/file/d/13nLr238acBsPrqZg6UyaywaQYB0dvD_0/preview,https://drive.google.com/file/d/13nLr238acBsPrqZg6UyaywaQYB0dvD_0/view?usp=drivesdk,unknown brand / numeric filename / missing device name
1gTDefX6_XcIjXxXQfAhkr5o5otNkfzCp,YT-82251,Czesci_zamienne_YT-82251.pdf,YATO,https://drive.google.com/file/d/1gTDefX6_XcIjXxXQfAhkr5o5otNkfzCp/preview,https://drive.google.com/file/d/1gTDefX6_XcIjXxXQfAhkr5o5otNkfzCp/view?usp=drivesdk,unknown brand / numeric filename / missing device name
1qjxHBo-1EqzOCkO_BhTkERSoDS3LQr6H,YT-82265,Czesci_zamienne_YT-82265.pdf,YATO,https://drive.google.com/file/d/1qjxHBo-1EqzOCkO_BhTkERSoDS3LQr6H/preview,https://drive.google.com/file/d/1qjxHBo-1EqzOCkO_BhTkERSoDS3LQr6H/view?usp=drivesdk,unknown brand / numeric filename / missing device name
1MO35OQy261Kftsu_nB1vdm44P50QAFn7,YT-82267,Czesci_zamienne_YT-82267.pdf,YATO,https://drive.google.com/file/d/1MO35OQy261Kftsu_nB1vdm44P50QAFn7/preview,https://drive.google.com/file/d/1MO35OQy261Kftsu_nB1vdm44P50QAFn7/view?usp=drivesdk,unknown brand / numeric filename / missing device name
1rNNl3LQGL9PJ5R3eNBIYH9jKZcAzT0-d,YT-82273,Czesci_zamienne_YT-82273.pdf,YATO,https://drive.google.com/file/d/1rNNl3LQGL9PJ5R3eNBIYH9jKZcAzT0-d/preview,https://drive.google.com/file/d/1rNNl3LQGL9PJ5R3eNBIYH9jKZcAzT0-d/view?usp=drivesdk,unknown brand / numeric filename / missing device name
1B1h69IB7vV3HRtV0In-3JzJssalQEjPV,YT-82274,Czesci_zamienne_YT-82274.pdf,YATO,https://drive.google.com/file/d/1B1h69IB7vV3HRtV0In-3JzJssalQEjPV/preview,https://drive.google.com/file/d/1B1h69IB7vV3HRtV0In-3JzJssalQEjPV/view?usp=drivesdk,unknown brand / numeric filename / missing device name
1tJbQlMvcAiveGph9VZ4Gf7e_gWdoxsc7,YT-82280,Czesci_zamienne_YT-82280.pdf,YATO,https://drive.google.com/file/d/1tJbQlMvcAiveGph9VZ4Gf7e_gWdoxsc7/preview,https://drive.google.com/file/d/1tJbQlMvcAiveGph9VZ4Gf7e_gWdoxsc7/view?usp=drivesdk,unknown brand / numeric filename / missing device name
16ug598we60VAl1M3eL5f43PnRKi9XTWQ,YT-82281,Czesci_zamienne_YT-82281.pdf,YATO,https://drive.google.com/file/d/16ug598we60VAl1M3eL5f43PnRKi9XTWQ/preview,https://drive.google.com/file/d/16ug598we60VAl1M3eL5f43PnRKi9XTWQ/view?usp=drivesdk,unknown brand / numeric filename / missing device name
1kYPdjcX6QCDb7YsCQJ1BndRJzo-tt3Ht,YT-82282,Czesci_zamienne_YT-82282.pdf,YATO,https://drive.google.com/file/d/1kYPdjcX6QCDb7YsCQJ1BndRJzo-tt3Ht/preview,https://drive.google.com/file/d/1kYPdjcX6QCDb7YsCQJ1BndRJzo-tt3Ht/view?usp=drivesdk,unknown brand / numeric filename / missing device name
1zzqVqbdg6WHy5MHprR5lLkALwVtyZ-8b,YT-82284,Czesci_zamienne_YT-82284.pdf,YATO,https://drive.google.com/file/d/1zzqVqbdg6WHy5MHprR5lLkALwVtyZ-8b/preview,https://drive.google.com/file/d/1zzqVqbdg6WHy5MHprR5lLkALwVtyZ-8b/view?usp=drivesdk,unknown brand / numeric filename / missing device name
1R8r0aqlFFPJP6Mg-QeH38CPk0S8eBmhd,YT-82288,Czesci_zamienne_YT-82288.pdf,YATO,https://drive.google.com/file/d/1R8r0aqlFFPJP6Mg-QeH38CPk0S8eBmhd/preview,https://drive.google.com/file/d/1R8r0aqlFFPJP6Mg-QeH38CPk0S8eBmhd/view?usp=drivesdk,unknown brand / numeric filename / missing device name
1bs48LB3MMXUQwBY4cu_PlIV-MIrEhOvf,YT-82291,Czesci_zamienne_YT-82291.pdf,YATO,https://drive.google.com/file/d/1bs48LB3MMXUQwBY4cu_PlIV-MIrEhOvf/preview,https://drive.google.com/file/d/1bs48LB3MMXUQwBY4cu_PlIV-MIrEhOvf/view?usp=drivesdk,unknown brand / numeric filename / missing device name
1eDbemaH9-CxClUvAFILwB1n9b2T-2msM,YT-82292,Czesci_zamienne_YT-82292.pdf,YATO,https://drive.google.com/file/d/1eDbemaH9-CxClUvAFILwB1n9b2T-2msM/preview,https://drive.google.com/file/d/1eDbemaH9-CxClUvAFILwB1n9b2T-2msM/view?usp=drivesdk,unknown brand / numeric filename / missing device name
1K7cVRzNFLjbWnDsxrgiueaZsTr8lo9-j,YT-82293,Czesci_zamienne_YT-82293.pdf,YATO,https://drive.google.com/file/d/1K7cVRzNFLjbWnDsxrgiueaZsTr8lo9-j/preview,https://drive.google.com/file/d/1K7cVRzNFLjbWnDsxrgiueaZsTr8lo9-j/view?usp=drivesdk,unknown brand / numeric filename / missing device name
1usdCmG9pv9Q_8x9YMXtw3oRDv17NOyVw,YT-82294,Czesci_zamienne_YT-82294.pdf,YATO,https://drive.google.com/file/d/1usdCmG9pv9Q_8x9YMXtw3oRDv17NOyVw/preview,https://drive.google.com/file/d/1usdCmG9pv9Q_8x9YMXtw3oRDv17NOyVw/view?usp=drivesdk,unknown brand / numeric filename / missing device name
1vP1bSys5JcEOSIfYAixPwtBE1hnnlaTD,YT-82295,Czesci_zamienne_YT-82295.pdf,YATO,https://drive.google.com/file/d/1vP1bSys5JcEOSIfYAixPwtBE1hnnlaTD/preview,https://drive.google.com/file/d/1vP1bSys5JcEOSIfYAixPwtBE1hnnlaTD/view?usp=drivesdk,unknown brand / numeric filename / missing device name
10xf-uES1WWgDD23oxClSIwHsl5oIlsg_,YT-82296,Czesci_zamienne_YT-82296.pdf,YATO,https://drive.google.com/file/d/10xf-uES1WWgDD23oxClSIwHsl5oIlsg_/preview,https://drive.google.com/file/d/10xf-uES1WWgDD23oxClSIwHsl5oIlsg_/view?usp=drivesdk,unknown brand / numeric filename / missing device name
1UuVCLCwFHKzvt_iWqUvwz60YUTum_Xbl,YT-82297,Czesci_zamienne_YT-82297.pdf,YATO,https://drive.google.com/file/d/1UuVCLCwFHKzvt_iWqUvwz60YUTum_Xbl/preview,https://drive.google.com/file/d/1UuVCLCwFHKzvt_iWqUvwz60YUTum_Xbl/view?usp=drivesdk,unknown brand / numeric filename / missing device name
1MUgyCKV4N8FcHJGguAw6oPAoWOZTRP6d,YT-82330,Czesci_zamienne_YT-82330.pdf,YATO,https://drive.google.com/file/d/1MUgyCKV4N8FcHJGguAw6oPAoWOZTRP6d/preview,https://drive.google.com/file/d/1MUgyCKV4N8FcHJGguAw6oPAoWOZTRP6d/view?usp=drivesdk,unknown brand / numeric filename / missing device name
1egD6bqQhFE6nrnV3d1n9CbnIJUPDMMM0,YT-82340,Czesci_zamienne_YT-82340.pdf,YATO,https://drive.google.com/file/d/1egD6bqQhFE6nrnV3d1n9CbnIJUPDMMM0/preview,https://drive.google.com/file/d/1egD6bqQhFE6nrnV3d1n9CbnIJUPDMMM0/view?usp=drivesdk,unknown brand / numeric filename / missing device name
1prZfVQUOyiew2UYbP2j_BpvUGRJm6f_f,YT-82341,Czesci_zamienne_YT-82341.pdf,YATO,https://drive.google.com/file/d/1prZfVQUOyiew2UYbP2j_BpvUGRJm6f_f/preview,https://drive.google.com/file/d/1prZfVQUOyiew2UYbP2j_BpvUGRJm6f_f/view?usp=drivesdk,unknown brand / numeric filename / missing device name
1mA9xWVnAUO99ULCX5SN6t95dNiObRRFU,YT-82342,Czesci_zamienne_YT-82342.pdf,YATO,https://drive.google.com/file/d/1mA9xWVnAUO99ULCX5SN6t95dNiObRRFU/preview,https://drive.google.com/file/d/1mA9xWVnAUO99ULCX5SN6t95dNiObRRFU/view?usp=drivesdk,unknown brand / numeric filename / missing device name
1m5df0dqG4sHsRqRyfGm182EK_CPXGKlm,YT-82350,Czesci_zamienne_YT-82350.pdf,YATO,https://drive.google.com/file/d/1m5df0dqG4sHsRqRyfGm182EK_CPXGKlm/preview,https://drive.google.com/file/d/1m5df0dqG4sHsRqRyfGm182EK_CPXGKlm/view?usp=drivesdk,unknown brand / numeric filename / missing device name
1_y2LzQOEaVJ66xUTnHZzuBEGblDFN_kj,YT-82355,Czesci_zamienne_YT-82355.pdf,YATO,https://drive.google.com/file/d/1_y2LzQOEaVJ66xUTnHZzuBEGblDFN_kj/preview,https://drive.google.com/file/d/1_y2LzQOEaVJ66xUTnHZzuBEGblDFN_kj/view?usp=drivesdk,unknown brand / numeric filename / missing device name
1tTopkvF7z7pgzeWoWUbKURNASSdqL4mW,YT-82356,Czesci_zamienne_YT-82356.pdf,YATO,https://drive.google.com/file/d/1tTopkvF7z7pgzeWoWUbKURNASSdqL4mW/preview,https://drive.google.com/file/d/1tTopkvF7z7pgzeWoWUbKURNASSdqL4mW/view?usp=drivesdk,unknown brand / numeric filename / missing device name
1fQhWjrzzKHUFuCTthDD63vpcJMtf8QZ-,YT-82375,Czesci_zamienne_YT-82375.pdf,YATO,https://drive.google.com/file/d/1fQhWjrzzKHUFuCTthDD63vpcJMtf8QZ-/preview,https://drive.google.com/file/d/1fQhWjrzzKHUFuCTthDD63vpcJMtf8QZ-/view?usp=drivesdk,unknown brand / numeric filename / missing device name
1q9FP529_0-EJMp0MZCnCgHpyMOIGehPa,YT-82380,Czesci_zamienne_YT-82380.pdf,YATO,https://drive.google.com/file/d/1q9FP529_0-EJMp0MZCnCgHpyMOIGehPa/preview,https://drive.google.com/file/d/1q9FP529_0-EJMp0MZCnCgHpyMOIGehPa/view?usp=drivesdk,unknown brand / numeric filename / missing device name
1bD3AF8uArnLmZ3KTY0JlJY83Zp6W0a9V,YT-82385,Czesci_zamienne_YT-82385.pdf,YATO,https://drive.google.com/file/d/1bD3AF8uArnLmZ3KTY0JlJY83Zp6W0a9V/preview,https://drive.google.com/file/d/1bD3AF8uArnLmZ3KTY0JlJY83Zp6W0a9V/view?usp=drivesdk,unknown brand / numeric filename / missing device name
14SXTxOvxXRGQSfCeRnqwIEBkKNgr4PzK,YT-82389,Czesci_zamienne_YT-82389.pdf,YATO,https://drive.google.com/file/d/14SXTxOvxXRGQSfCeRnqwIEBkKNgr4PzK/preview,https://drive.google.com/file/d/14SXTxOvxXRGQSfCeRnqwIEBkKNgr4PzK/view?usp=drivesdk,unknown brand / numeric filename / missing device name
1_nQI5hw6JVdA0GyOKOQkGbg4C7s8558H,YT-82390,Czesci_zamienne_YT-82390.pdf,YATO,https://drive.google.com/file/d/1_nQI5hw6JVdA0GyOKOQkGbg4C7s8558H/preview,https://drive.google.com/file/d/1_nQI5hw6JVdA0GyOKOQkGbg4C7s8558H/view?usp=drivesdk,unknown brand / numeric filename / missing device name
1bnuAa1sWu6FoJGwJe7Ry0dG5QyfV9JXp,YT-82395,Czesci_zamienne_YT-82395.pdf,YATO,https://drive.google.com/file/d/1bnuAa1sWu6FoJGwJe7Ry0dG5QyfV9JXp/preview,https://drive.google.com/file/d/1bnuAa1sWu6FoJGwJe7Ry0dG5QyfV9JXp/view?usp=drivesdk,unknown brand / numeric filename / missing device name
1PFkcq57wuMNvqQ9OW_yFHboX73ZvYteK,YT-82398,Czesci_zamienne_YT-82398 YT-82399.pdf,YATO,https://drive.google.com/file/d/1PFkcq57wuMNvqQ9OW_yFHboX73ZvYteK/preview,https://drive.google.com/file/d/1PFkcq57wuMNvqQ9OW_yFHboX73ZvYteK/view?usp=drivesdk,unknown brand / numeric filename / missing device name
1PFkcq57wuMNvqQ9OW_yFHboX73ZvYteK,YT-82399,Czesci_zamienne_YT-82398 YT-82399.pdf,YATO,https://drive.google.com/file/d/1PFkcq57wuMNvqQ9OW_yFHboX73ZvYteK/preview,https://drive.google.com/file/d/1PFkcq57wuMNvqQ9OW_yFHboX73ZvYteK/view?usp=drivesdk,unknown brand / numeric filename / missing device name
14JmAqKukoe6L4Ru9gKI793_xXEsm_sNc,YT-824480,Czesci_zamienne_YT-824480.pdf,YATO,https://drive.google.com/file/d/14JmAqKukoe6L4Ru9gKI793_xXEsm_sNc/preview,https://drive.google.com/file/d/14JmAqKukoe6L4Ru9gKI793_xXEsm_sNc/view?usp=drivesdk,unknown brand / numeric filename / missing device name
1bBWaXPoWFnES1wZ2GKAtuPAq2rWGZc8_,YT-824482,Czesci_zamienne_YT-824482.pdf,YATO,https://drive.google.com/file/d/1bBWaXPoWFnES1wZ2GKAtuPAq2rWGZc8_/preview,https://drive.google.com/file/d/1bBWaXPoWFnES1wZ2GKAtuPAq2rWGZc8_/view?usp=drivesdk,unknown brand / numeric filename / missing device name
1LR1Ta6cOlTwomNU6jTJQV6x3wmHaBF-A,YT-824485,Czesci_zamienne_YT-824485.pdf,YATO,https://drive.google.com/file/d/1LR1Ta6cOlTwomNU6jTJQV6x3wmHaBF-A/preview,https://drive.google.com/file/d/1LR1Ta6cOlTwomNU6jTJQV6x3wmHaBF-A/view?usp=drivesdk,unknown brand / numeric filename / missing device name
1JggNuuvhbPYTkjSgD29QycWEmzS4KyME,YT-8245,Czesci_zamienne_YT-8245.pdf,YATO,https://drive.google.com/file/d/1JggNuuvhbPYTkjSgD29QycWEmzS4KyME/preview,https://drive.google.com/file/d/1JggNuuvhbPYTkjSgD29QycWEmzS4KyME/view?usp=drivesdk,unknown brand / numeric filename / missing device name
1aGSIH1Lk-36MlLbstUDBCc_S6QrJwzlg,YT-82455,Czesci_zamienne_YT-82455.pdf,YATO,https://drive.google.com/file/d/1aGSIH1Lk-36MlLbstUDBCc_S6QrJwzlg/preview,https://drive.google.com/file/d/1aGSIH1Lk-36MlLbstUDBCc_S6QrJwzlg/view?usp=drivesdk,unknown brand / numeric filename / missing device name
1BNQLMULvrm48ZIG-DySvHU50YbHDESZh,YT-82456,Czesci_zamienne_YT-82456.pdf,YATO,https://drive.google.com/file/d/1BNQLMULvrm48ZIG-DySvHU50YbHDESZh/preview,https://drive.google.com/file/d/1BNQLMULvrm48ZIG-DySvHU50YbHDESZh/view?usp=drivesdk,unknown brand / numeric filename / missing device name
1WyD6wsigJpzouq7uHBTPHHLMvplblZDm,YT-82457,Czesci_zamienne_YT-82457.pdf,YATO,https://drive.google.com/file/d/1WyD6wsigJpzouq7uHBTPHHLMvplblZDm/preview,https://drive.google.com/file/d/1WyD6wsigJpzouq7uHBTPHHLMvplblZDm/view?usp=drivesdk,unknown brand / numeric filename / missing device name
1NCt7kP7pG8FoBSAyaAK_DU2iZK1Sqcbu,YT-82458,Czesci_zamienne_YT-82458.pdf,YATO,https://drive.google.com/file/d/1NCt7kP7pG8FoBSAyaAK_DU2iZK1Sqcbu/preview,https://drive.google.com/file/d/1NCt7kP7pG8FoBSAyaAK_DU2iZK1Sqcbu/view?usp=drivesdk,unknown brand / numeric filename / missing device name
11Ni0WjI_0RXmLjVw_H3Sh1P9IKzD-st7,YT-82459,Czesci_zamienne_YT-82459.pdf,YATO,https://drive.google.com/file/d/11Ni0WjI_0RXmLjVw_H3Sh1P9IKzD-st7/preview,https://drive.google.com/file/d/11Ni0WjI_0RXmLjVw_H3Sh1P9IKzD-st7/view?usp=drivesdk,unknown brand / numeric filename / missing device name
1R6rQemuDtR8tf-hX0vugvQF3hsSkwLXd,YT-82461,Czesci_zamienne_YT-82461.pdf,YATO,https://drive.google.com/file/d/1R6rQemuDtR8tf-hX0vugvQF3hsSkwLXd/preview,https://drive.google.com/file/d/1R6rQemuDtR8tf-hX0vugvQF3hsSkwLXd/view?usp=drivesdk,unknown brand / numeric filename / missing device name
1DQBo34kBmy3i18rErPsUA76TYv4zAp7f,YT-82462,Czesci_zamienne_YT-82462.pdf,YATO,https://drive.google.com/file/d/1DQBo34kBmy3i18rErPsUA76TYv4zAp7f/preview,https://drive.google.com/file/d/1DQBo34kBmy3i18rErPsUA76TYv4zAp7f/view?usp=drivesdk,unknown brand / numeric filename / missing device name
1UbeXOVGkIi-RC_LEZK3D8RbKnoQQxePj,YT-82550,Czesci_zamienne_YT-82550.pdf,YATO,https://drive.google.com/file/d/1UbeXOVGkIi-RC_LEZK3D8RbKnoQQxePj/preview,https://drive.google.com/file/d/1UbeXOVGkIi-RC_LEZK3D8RbKnoQQxePj/view?usp=drivesdk,unknown brand / numeric filename / missing device name
1qq4HdFemgKQ5-wLQDT89K7G0MFZQh34R,YT-82553,Czesci_zamienne_YT-82553.pdf,YATO,https://drive.google.com/file/d/1qq4HdFemgKQ5-wLQDT89K7G0MFZQh34R/preview,https://drive.google.com/file/d/1qq4HdFemgKQ5-wLQDT89K7G0MFZQh34R/view?usp=drivesdk,unknown brand / numeric filename / missing device name
1asooiVMoym68aGslvcUTdpJhATGjp_zV,YT-82560,Czesci_zamienne_YT-82560.pdf,YATO,https://drive.google.com/file/d/1asooiVMoym68aGslvcUTdpJhATGjp_zV/preview,https://drive.google.com/file/d/1asooiVMoym68aGslvcUTdpJhATGjp_zV/view?usp=drivesdk,unknown brand / numeric filename / missing device name
1AxU-tKugeTH9Qxp0i6_EBdh6WiAgc-WN,YT-82600,Czesci_zamienne_YT-82600.pdf,YATO,https://drive.google.com/file/d/1AxU-tKugeTH9Qxp0i6_EBdh6WiAgc-WN/preview,https://drive.google.com/file/d/1AxU-tKugeTH9Qxp0i6_EBdh6WiAgc-WN/view?usp=drivesdk,unknown brand / numeric filename / missing device name
1kXe-P_AvJycmVryOOROXcuN9gUweezpN,YT-82601,Czesci_zamienne_YT-82601.pdf,YATO,https://drive.google.com/file/d/1kXe-P_AvJycmVryOOROXcuN9gUweezpN/preview,https://drive.google.com/file/d/1kXe-P_AvJycmVryOOROXcuN9gUweezpN/view?usp=drivesdk,unknown brand / numeric filename / missing device name
1RWXr0H-i9kJ7LjoZ_TwlxH6Ssh0S_nXa,YT-82604,Czesci_zamienne_YT-82604.pdf,YATO,https://drive.google.com/file/d/1RWXr0H-i9kJ7LjoZ_TwlxH6Ssh0S_nXa/preview,https://drive.google.com/file/d/1RWXr0H-i9kJ7LjoZ_TwlxH6Ssh0S_nXa/view?usp=drivesdk,unknown brand / numeric filename / missing device name
1Sh-1UrBnRVyFnhkNwy8VFXWtpBUtUPLa,YT-82605,Czesci_zamienne_YT-82605.pdf,YATO,https://drive.google.com/file/d/1Sh-1UrBnRVyFnhkNwy8VFXWtpBUtUPLa/preview,https://drive.google.com/file/d/1Sh-1UrBnRVyFnhkNwy8VFXWtpBUtUPLa/view?usp=drivesdk,unknown brand / numeric filename / missing device name
1D2k5SkuJ4vIt3UEBOhiXezc9-1iggsvU,YT-82606,Czesci_zamienne_YT-82606.pdf,YATO,https://drive.google.com/file/d/1D2k5SkuJ4vIt3UEBOhiXezc9-1iggsvU/preview,https://drive.google.com/file/d/1D2k5SkuJ4vIt3UEBOhiXezc9-1iggsvU/view?usp=drivesdk,unknown brand / numeric filename / missing device name
14JmXkN_lATvyBcYKA2RSPNnYRguD9cXx,YT-82607,Czesci_zamienne_YT-82607.pdf,YATO,https://drive.google.com/file/d/14JmXkN_lATvyBcYKA2RSPNnYRguD9cXx/preview,https://drive.google.com/file/d/14JmXkN_lATvyBcYKA2RSPNnYRguD9cXx/view?usp=drivesdk,unknown brand / numeric filename / missing device name
1c15hjEeT7t-0W9G1lVQu0qQJ9JCcB-59,YT-82608,Czesci_zamienne_YT-82608.pdf,YATO,https://drive.google.com/file/d/1c15hjEeT7t-0W9G1lVQu0qQJ9JCcB-59/preview,https://drive.google.com/file/d/1c15hjEeT7t-0W9G1lVQu0qQJ9JCcB-59/view?usp=drivesdk,unknown brand / numeric filename / missing device name
1mBGAD3A6IAzuBjIqTL9MSGRD5O4rfl_D,YT-82609,Czesci_zamienne_YT-82609.pdf,YATO,https://drive.google.com/file/d/1mBGAD3A6IAzuBjIqTL9MSGRD5O4rfl_D/preview,https://drive.google.com/file/d/1mBGAD3A6IAzuBjIqTL9MSGRD5O4rfl_D/view?usp=drivesdk,unknown brand / numeric filename / missing device name
1F9NIcQxPmDR6VyoJ41MicRYNk9oqqir8,YT-8271,Czesci_zamienne_YT-8271.pdf,YATO,https://drive.google.com/file/d/1F9NIcQxPmDR6VyoJ41MicRYNk9oqqir8/preview,https://drive.google.com/file/d/1F9NIcQxPmDR6VyoJ41MicRYNk9oqqir8/view?usp=drivesdk,unknown brand / numeric filename / missing device name
1G64ebSOfXulAQkhb4E6AynhGR5hyDeZm,YT-8272,Czesci_zamienne_YT-8272.pdf,YATO,https://drive.google.com/file/d/1G64ebSOfXulAQkhb4E6AynhGR5hyDeZm/preview,https://drive.google.com/file/d/1G64ebSOfXulAQkhb4E6AynhGR5hyDeZm/view?usp=drivesdk,unknown brand / numeric filename / missing device name
1KMDxaAnDs7Lqn1Sdf1WFbHN2S-y8tABJ,YT-8273,Czesci_zamienne_YT-8273.pdf,YATO,https://drive.google.com/file/d/1KMDxaAnDs7Lqn1Sdf1WFbHN2S-y8tABJ/preview,https://drive.google.com/file/d/1KMDxaAnDs7Lqn1Sdf1WFbHN2S-y8tABJ/view?usp=drivesdk,unknown brand / numeric filename / missing device name
17s9QQkYVa44zuY8JIJfnimecRvLUNIK0,YT-827533,Czesci_zamienne_YT-827533.pdf,YATO,https://drive.google.com/file/d/17s9QQkYVa44zuY8JIJfnimecRvLUNIK0/preview,https://drive.google.com/file/d/17s9QQkYVa44zuY8JIJfnimecRvLUNIK0/view?usp=drivesdk,unknown brand / numeric filename / missing device name
1teSYk6iBJZEt5Z4iflDx619lZQyzGD42,YT-82760,Czesci_zamienne_YT-82760.pdf,YATO,https://drive.google.com/file/d/1teSYk6iBJZEt5Z4iflDx619lZQyzGD42/preview,https://drive.google.com/file/d/1teSYk6iBJZEt5Z4iflDx619lZQyzGD42/view?usp=drivesdk,unknown brand / numeric filename / missing device name
1WHbN_fv1lF1Qm1GEbG0ij3T26MSay-Lb,YT-82763,Czesci_zamienne_YT-82763.pdf,YATO,https://drive.google.com/file/d/1WHbN_fv1lF1Qm1GEbG0ij3T26MSay-Lb/preview,https://drive.google.com/file/d/1WHbN_fv1lF1Qm1GEbG0ij3T26MSay-Lb/view?usp=drivesdk,unknown brand / numeric filename / missing device name
16LbkIEgrwwn6ek_wADWxYrDid0pRpcbH,YT-82765,Czesci_zamienne_YT-82765.pdf,YATO,https://drive.google.com/file/d/16LbkIEgrwwn6ek_wADWxYrDid0pRpcbH/preview,https://drive.google.com/file/d/16LbkIEgrwwn6ek_wADWxYrDid0pRpcbH/view?usp=drivesdk,unknown brand / numeric filename / missing device name
11J61dLNQUJVuBEkI8krPK-NPo93vRmIp,YT-82767,Czesci_zamienne_YT-82767.pdf,YATO,https://drive.google.com/file/d/11J61dLNQUJVuBEkI8krPK-NPo93vRmIp/preview,https://drive.google.com/file/d/11J61dLNQUJVuBEkI8krPK-NPo93vRmIp/view?usp=drivesdk,unknown brand / numeric filename / missing device name
1onRGSADiwM4o7s8HE5DsuaUSG7bhTVab,YT-82770,Czesci_zamienne_YT-82770.pdf,YATO,https://drive.google.com/file/d/1onRGSADiwM4o7s8HE5DsuaUSG7bhTVab/preview,https://drive.google.com/file/d/1onRGSADiwM4o7s8HE5DsuaUSG7bhTVab/view?usp=drivesdk,unknown brand / numeric filename / missing device name
1P67XFuci8Sqt5SoH5MKt80r0rj7dM1wB,YT-82772,Czesci_zamienne_YT-82772.pdf,YATO,https://drive.google.com/file/d/1P67XFuci8Sqt5SoH5MKt80r0rj7dM1wB/preview,https://drive.google.com/file/d/1P67XFuci8Sqt5SoH5MKt80r0rj7dM1wB/view?usp=drivesdk,unknown brand / numeric filename / missing device name
1iBWqA1oSPCEFYIKJemHNRWzZIRobMqAm,YT-827721,Czesci_zamienne_YT-827721.pdf,YATO,https://drive.google.com/file/d/1iBWqA1oSPCEFYIKJemHNRWzZIRobMqAm/preview,https://drive.google.com/file/d/1iBWqA1oSPCEFYIKJemHNRWzZIRobMqAm/view?usp=drivesdk,unknown brand / numeric filename / missing device name
10COoep5_WXbz2P3pMv1CzIct09aiypwc,YT-827722,Czesci_zamienne_YT-827722.pdf,YATO,https://drive.google.com/file/d/10COoep5_WXbz2P3pMv1CzIct09aiypwc/preview,https://drive.google.com/file/d/10COoep5_WXbz2P3pMv1CzIct09aiypwc/view?usp=drivesdk,unknown brand / numeric filename / missing device name
1lvts_fclxKHgsgNYYeweDdE8tccpaSWK,YT-827723,Czesci_zamienne_YT-827723.pdf,YATO,https://drive.google.com/file/d/1lvts_fclxKHgsgNYYeweDdE8tccpaSWK/preview,https://drive.google.com/file/d/1lvts_fclxKHgsgNYYeweDdE8tccpaSWK/view?usp=drivesdk,unknown brand / numeric filename / missing device name
11dYjd_1vL2TXQ4iiD3n9vb5vFhrumsn3,YT-827788,Czesci_zamienne_YT-827788.pdf,YATO,https://drive.google.com/file/d/11dYjd_1vL2TXQ4iiD3n9vb5vFhrumsn3/preview,https://drive.google.com/file/d/11dYjd_1vL2TXQ4iiD3n9vb5vFhrumsn3/view?usp=drivesdk,unknown brand / numeric filename / missing device name
1VO5rC8-hqBsCNOs_mNZs91YRrhMcRuN0,YT-827790,Czesci_zamienne_YT-827790.pdf,YATO,https://drive.google.com/file/d/1VO5rC8-hqBsCNOs_mNZs91YRrhMcRuN0/preview,https://drive.google.com/file/d/1VO5rC8-hqBsCNOs_mNZs91YRrhMcRuN0/view?usp=drivesdk,unknown brand / numeric filename / missing device name
1GHHmBftW1jSgxZF6OVydFL3R0yS5YpRg,YT-8277905,Czesci_zamienne_YT-8277905.pdf,YATO,https://drive.google.com/file/d/1GHHmBftW1jSgxZF6OVydFL3R0yS5YpRg/preview,https://drive.google.com/file/d/1GHHmBftW1jSgxZF6OVydFL3R0yS5YpRg/view?usp=drivesdk,unknown brand / numeric filename / missing device name
1hQHw-XdMFvYDG3LrHFYYD9kk1jEFI7iK,YT-827791,Czesci_zamienne_YT-827791.pdf,YATO,https://drive.google.com/file/d/1hQHw-XdMFvYDG3LrHFYYD9kk1jEFI7iK/preview,https://drive.google.com/file/d/1hQHw-XdMFvYDG3LrHFYYD9kk1jEFI7iK/view?usp=drivesdk,unknown brand / numeric filename / missing device name
1sfYXPkWRa0bmXGfgydtgANIH2y6iippL,YT-8277915,Czesci_zamienne_YT-8277915.pdf,YATO,https://drive.google.com/file/d/1sfYXPkWRa0bmXGfgydtgANIH2y6iippL/preview,https://drive.google.com/file/d/1sfYXPkWRa0bmXGfgydtgANIH2y6iippL/view?usp=drivesdk,unknown brand / numeric filename / missing device name
1Gnoo9ohcE7nflrAEtDcjBL2WJ32w_wtE,YT-827792,Czesci_zamienne_YT-827792.pdf,YATO,https://drive.google.com/file/d/1Gnoo9ohcE7nflrAEtDcjBL2WJ32w_wtE/preview,https://drive.google.com/file/d/1Gnoo9ohcE7nflrAEtDcjBL2WJ32w_wtE/view?usp=drivesdk,unknown brand / numeric filename / missing device name
16a5g-3G0xzpY6c0yJ7RbweT7zImQT7BF,YT-827793,Czesci_zamienne_YT-827793.pdf,YATO,https://drive.google.com/file/d/16a5g-3G0xzpY6c0yJ7RbweT7zImQT7BF/preview,https://drive.google.com/file/d/16a5g-3G0xzpY6c0yJ7RbweT7zImQT7BF/view?usp=drivesdk,unknown brand / numeric filename / missing device name
1AEoY9ge5DH5Fdc5AeUbxiVpUqia8bRRN,YT-8277935,Czesci_zamienne_YT-8277935.pdf,YATO,https://drive.google.com/file/d/1AEoY9ge5DH5Fdc5AeUbxiVpUqia8bRRN/preview,https://drive.google.com/file/d/1AEoY9ge5DH5Fdc5AeUbxiVpUqia8bRRN/view?usp=drivesdk,unknown brand / numeric filename / missing device name
18m1QdR5XyAirPAn10mRO3ok2pjA2wAxm,YT-827795,Czesci_zamienne_YT-827795.pdf,YATO,https://drive.google.com/file/d/18m1QdR5XyAirPAn10mRO3ok2pjA2wAxm/preview,https://drive.google.com/file/d/18m1QdR5XyAirPAn10mRO3ok2pjA2wAxm/view?usp=drivesdk,unknown brand / numeric filename / missing device name
1AaQYj9fdlaeCbvPU6HtTgxUVoK9_XCeW,YT-82780,Czesci_zamienne_YT-82780.pdf,YATO,https://drive.google.com/file/d/1AaQYj9fdlaeCbvPU6HtTgxUVoK9_XCeW/preview,https://drive.google.com/file/d/1AaQYj9fdlaeCbvPU6HtTgxUVoK9_XCeW/view?usp=drivesdk,unknown brand / numeric filename / missing device name
1rsLi9Ldxf-3khp6frg4lOkIkprUJINF-,YT-82781,Czesci_zamienne_YT-82781.pdf,YATO,https://drive.google.com/file/d/1rsLi9Ldxf-3khp6frg4lOkIkprUJINF-/preview,https://drive.google.com/file/d/1rsLi9Ldxf-3khp6frg4lOkIkprUJINF-/view?usp=drivesdk,unknown brand / numeric filename / missing device name
1SqgCGrlbXwi07yVE8TsSlE5o46cWzxw1,YT-82782,Czesci_zamienne_YT-82782.pdf,YATO,https://drive.google.com/file/d/1SqgCGrlbXwi07yVE8TsSlE5o46cWzxw1/preview,https://drive.google.com/file/d/1SqgCGrlbXwi07yVE8TsSlE5o46cWzxw1/view?usp=drivesdk,unknown brand / numeric filename / missing device name
1pRNfaSDxu2739QBywpRQwtenHUbSuzRj,YT-827820,Czesci_zamienne_YT-827820.pdf,YATO,https://drive.google.com/file/d/1pRNfaSDxu2739QBywpRQwtenHUbSuzRj/preview,https://drive.google.com/file/d/1pRNfaSDxu2739QBywpRQwtenHUbSuzRj/view?usp=drivesdk,unknown brand / numeric filename / missing device name
1IqCR6lVdiA2FpR01AR74Q0UQaOZv5O8i,YT-827821,Czesci_zamienne_YT-827821.pdf,YATO,https://drive.google.com/file/d/1IqCR6lVdiA2FpR01AR74Q0UQaOZv5O8i/preview,https://drive.google.com/file/d/1IqCR6lVdiA2FpR01AR74Q0UQaOZv5O8i/view?usp=drivesdk,unknown brand / numeric filename / missing device name
1UPFiHlVWBCLRCSeHg5r9eirKJuvedMby,YT-827822,Czesci_zamienne_YT-827822.pdf,YATO,https://drive.google.com/file/d/1UPFiHlVWBCLRCSeHg5r9eirKJuvedMby/preview,https://drive.google.com/file/d/1UPFiHlVWBCLRCSeHg5r9eirKJuvedMby/view?usp=drivesdk,unknown brand / numeric filename / missing device name
1n2J4tmggUnIG_SEf5x8NmwHGRd5xmwLo,YT-82783,Czesci_zamienne_YT-82783.pdf,YATO,https://drive.google.com/file/d/1n2J4tmggUnIG_SEf5x8NmwHGRd5xmwLo/preview,https://drive.google.com/file/d/1n2J4tmggUnIG_SEf5x8NmwHGRd5xmwLo/view?usp=drivesdk,unknown brand / numeric filename / missing device name
1LB5vHo87yb7o-_V2gX3rdBli9hsvayj7,YT-82784,Czesci_zamienne_YT-82784.pdf,YATO,https://drive.google.com/file/d/1LB5vHo87yb7o-_V2gX3rdBli9hsvayj7/preview,https://drive.google.com/file/d/1LB5vHo87yb7o-_V2gX3rdBli9hsvayj7/view?usp=drivesdk,unknown brand / numeric filename / missing device name
1Ir3f1gtIwz8fSlNLdgszBbrBTaMgXQ5F,YT-82786,Czesci_zamienne_YT-82786.pdf,YATO,https://drive.google.com/file/d/1Ir3f1gtIwz8fSlNLdgszBbrBTaMgXQ5F/preview,https://drive.google.com/file/d/1Ir3f1gtIwz8fSlNLdgszBbrBTaMgXQ5F/view?usp=drivesdk,unknown brand / numeric filename / missing device name
1_0f6frmS95PonEMk2oqW-fjIiTBBYIqN,YT-82787,Czesci_zamienne_YT-82787.pdf,YATO,https://drive.google.com/file/d/1_0f6frmS95PonEMk2oqW-fjIiTBBYIqN/preview,https://drive.google.com/file/d/1_0f6frmS95PonEMk2oqW-fjIiTBBYIqN/view?usp=drivesdk,unknown brand / numeric filename / missing device name
1Z6sp_eLycD0eRBqMLLj3vmYjAsJENKgP,YT-82788,Czesci_zamienne_YT-82788.pdf,YATO,https://drive.google.com/file/d/1Z6sp_eLycD0eRBqMLLj3vmYjAsJENKgP/preview,https://drive.google.com/file/d/1Z6sp_eLycD0eRBqMLLj3vmYjAsJENKgP/view?usp=drivesdk,unknown brand / numeric filename / missing device name
1j8DZXvwMqWXzc8ZqI0PIN1bu1o93wz3q,YT-82789,Czesci_zamienne_YT-82789.pdf,YATO,https://drive.google.com/file/d/1j8DZXvwMqWXzc8ZqI0PIN1bu1o93wz3q/preview,https://drive.google.com/file/d/1j8DZXvwMqWXzc8ZqI0PIN1bu1o93wz3q/view?usp=drivesdk,unknown brand / numeric filename / missing device name
1Ot8Phcy_9uwSGH97qBKFtXkmQGjy8VR8,YT-82794,Czesci_zamienne_YT-82794.pdf,YATO,https://drive.google.com/file/d/1Ot8Phcy_9uwSGH97qBKFtXkmQGjy8VR8/preview,https://drive.google.com/file/d/1Ot8Phcy_9uwSGH97qBKFtXkmQGjy8VR8/view?usp=drivesdk,unknown brand / numeric filename / missing device name
15IQzi4SkxT9lrSUQP0T29rjpj8Wb-xzi,YT-82795,Czesci_zamienne_YT-82795.pdf,YATO,https://drive.google.com/file/d/15IQzi4SkxT9lrSUQP0T29rjpj8Wb-xzi/preview,https://drive.google.com/file/d/15IQzi4SkxT9lrSUQP0T29rjpj8Wb-xzi/view?usp=drivesdk,unknown brand / numeric filename / missing device name
1IG-5DIJiW39IAClm8peVvJxNR0aQSSZV,YT-82796,Czesci_zamienne_YT-82796.pdf,YATO,https://drive.google.com/file/d/1IG-5DIJiW39IAClm8peVvJxNR0aQSSZV/preview,https://drive.google.com/file/d/1IG-5DIJiW39IAClm8peVvJxNR0aQSSZV/view?usp=drivesdk,unknown brand / numeric filename / missing device name
1Xy1vTjsBVufsznP13kb38YZsQ95JjZLg,YT-82797,Czesci_zamienne_YT-82797.pdf,YATO,https://drive.google.com/file/d/1Xy1vTjsBVufsznP13kb38YZsQ95JjZLg/preview,https://drive.google.com/file/d/1Xy1vTjsBVufsznP13kb38YZsQ95JjZLg/view?usp=drivesdk,unknown brand / numeric filename / missing device name
1rzqrbA8GJuGsFXYfFxfXsIttAwC1J9uW,YT-82798,Czesci_zamienne_YT-82798.pdf,YATO,https://drive.google.com/file/d/1rzqrbA8GJuGsFXYfFxfXsIttAwC1J9uW/preview,https://drive.google.com/file/d/1rzqrbA8GJuGsFXYfFxfXsIttAwC1J9uW/view?usp=drivesdk,unknown brand / numeric filename / missing device name
1E2ChE5LaeAOQePYm684AqwsXfOjCqIVk,YT-82799,Czesci_zamienne_YT-82799.pdf,YATO,https://drive.google.com/file/d/1E2ChE5LaeAOQePYm684AqwsXfOjCqIVk/preview,https://drive.google.com/file/d/1E2ChE5LaeAOQePYm684AqwsXfOjCqIVk/view?usp=drivesdk,unknown brand / numeric filename / missing device name
1R4RvX6N4VdKH0ZfBfumINxaxzgg8a-QI,YT-82800,Czesci_zamienne_YT-82800.pdf,YATO,https://drive.google.com/file/d/1R4RvX6N4VdKH0ZfBfumINxaxzgg8a-QI/preview,https://drive.google.com/file/d/1R4RvX6N4VdKH0ZfBfumINxaxzgg8a-QI/view?usp=drivesdk,unknown brand / numeric filename / missing device name
1i9RIkQmuQgjYrj0S-Swyw3keoRkGfsA2,YT-82801,Czesci_zamienne_YT-82801.pdf,YATO,https://drive.google.com/file/d/1i9RIkQmuQgjYrj0S-Swyw3keoRkGfsA2/preview,https://drive.google.com/file/d/1i9RIkQmuQgjYrj0S-Swyw3keoRkGfsA2/view?usp=drivesdk,unknown brand / numeric filename / missing device name
13WAUxuTodc_65LTLO7T1Jy3mgypowF1P,YT-82802,Czesci_zamienne_YT-82802.pdf,YATO,https://drive.google.com/file/d/13WAUxuTodc_65LTLO7T1Jy3mgypowF1P/preview,https://drive.google.com/file/d/13WAUxuTodc_65LTLO7T1Jy3mgypowF1P/view?usp=drivesdk,unknown brand / numeric filename / missing device name
1WZAS0U_vNB0iO2LwV-ChitC0xjGaW2_i,YT-828030,Czesci_zamienne_YT-828030.pdf,YATO,https://drive.google.com/file/d/1WZAS0U_vNB0iO2LwV-ChitC0xjGaW2_i/preview,https://drive.google.com/file/d/1WZAS0U_vNB0iO2LwV-ChitC0xjGaW2_i/view?usp=drivesdk,unknown brand / numeric filename / missing device name
1DGHZcfwFCBOGXIgkmRB-yjjXIBY01IBK,YT-828031,Czesci_zamienne_YT-828031.pdf,YATO,https://drive.google.com/file/d/1DGHZcfwFCBOGXIgkmRB-yjjXIBY01IBK/preview,https://drive.google.com/file/d/1DGHZcfwFCBOGXIgkmRB-yjjXIBY01IBK/view?usp=drivesdk,unknown brand / numeric filename / missing device name
1OyXH_PUO1ciGNPkI0LaMYLMTmqtEXhOa,YT-828033,Czesci_zamienne_YT-828033.pdf,YATO,https://drive.google.com/file/d/1OyXH_PUO1ciGNPkI0LaMYLMTmqtEXhOa/preview,https://drive.google.com/file/d/1OyXH_PUO1ciGNPkI0LaMYLMTmqtEXhOa/view?usp=drivesdk,unknown brand / numeric filename / missing device name
1wsnom2o91CAcUSKvDuoTLvnKgiwKVTzW,YT-828035,Czesci_zamienne_YT-828035.pdf,YATO,https://drive.google.com/file/d/1wsnom2o91CAcUSKvDuoTLvnKgiwKVTzW/preview,https://drive.google.com/file/d/1wsnom2o91CAcUSKvDuoTLvnKgiwKVTzW/view?usp=drivesdk,unknown brand / numeric filename / missing device name
1JKHWJNQJ10ZU4SLqDI_OGowmbzN-OOWA,YT-82804,Czesci_zamienne_YT-82804.pdf,YATO,https://drive.google.com/file/d/1JKHWJNQJ10ZU4SLqDI_OGowmbzN-OOWA/preview,https://drive.google.com/file/d/1JKHWJNQJ10ZU4SLqDI_OGowmbzN-OOWA/view?usp=drivesdk,unknown brand / numeric filename / missing device name
1Rhlz3wRNyUJQLVJYd4zxJdsRSG5xEOJk,YT-82805,Czesci_zamienne_YT-82805.pdf,YATO,https://drive.google.com/file/d/1Rhlz3wRNyUJQLVJYd4zxJdsRSG5xEOJk/preview,https://drive.google.com/file/d/1Rhlz3wRNyUJQLVJYd4zxJdsRSG5xEOJk/view?usp=drivesdk,unknown brand / numeric filename / missing device name
1Axwhy_phQDTg_koleDdMPFugFhZEXjr6,YT-82806,Czesci_zamienne_YT-82806.pdf,YATO,https://drive.google.com/file/d/1Axwhy_phQDTg_koleDdMPFugFhZEXjr6/preview,https://drive.google.com/file/d/1Axwhy_phQDTg_koleDdMPFugFhZEXjr6/view?usp=drivesdk,unknown brand / numeric filename / missing device name
1TA63i3xRyfDxGmHky9vXAj_C1rco8Prv,YT-828063,Czesci_zamienne_YT-828063.pdf,YATO,https://drive.google.com/file/d/1TA63i3xRyfDxGmHky9vXAj_C1rco8Prv/preview,https://drive.google.com/file/d/1TA63i3xRyfDxGmHky9vXAj_C1rco8Prv/view?usp=drivesdk,unknown brand / numeric filename / missing device name
124R0n8t8kNndd1zoTi2XMTwD3uL_20w4,YT-828064,Czesci_zamienne_YT-828064.pdf,YATO,https://drive.google.com/file/d/124R0n8t8kNndd1zoTi2XMTwD3uL_20w4/preview,https://drive.google.com/file/d/124R0n8t8kNndd1zoTi2XMTwD3uL_20w4/view?usp=drivesdk,unknown brand / numeric filename / missing device name
1XwDmwN1p08iQbcEwr8lj5rWzsFeGR3lw,YT-828065,Czesci_zamienne_YT-828065.pdf,YATO,https://drive.google.com/file/d/1XwDmwN1p08iQbcEwr8lj5rWzsFeGR3lw/preview,https://drive.google.com/file/d/1XwDmwN1p08iQbcEwr8lj5rWzsFeGR3lw/view?usp=drivesdk,unknown brand / numeric filename / missing device name
1JDZkybXOz07x6e_ABtGNAcCFJ6vp1S3V,YT-828066,Czesci_zamienne_YT-828066.pdf,YATO,https://drive.google.com/file/d/1JDZkybXOz07x6e_ABtGNAcCFJ6vp1S3V/preview,https://drive.google.com/file/d/1JDZkybXOz07x6e_ABtGNAcCFJ6vp1S3V/view?usp=drivesdk,unknown brand / numeric filename / missing device name
1qeTiT8BT8jdaWAZzpaW8H5U-dMI3srTw,YT-828067,Czesci_zamienne_YT-828067.pdf,YATO,https://drive.google.com/file/d/1qeTiT8BT8jdaWAZzpaW8H5U-dMI3srTw/preview,https://drive.google.com/file/d/1qeTiT8BT8jdaWAZzpaW8H5U-dMI3srTw/view?usp=drivesdk,unknown brand / numeric filename / missing device name
1SUWfQ_fsupP1B69O9FmI0EtCv3a4Ym8l,YT-828068,Czesci_zamienne_YT-828068.pdf,YATO,https://drive.google.com/file/d/1SUWfQ_fsupP1B69O9FmI0EtCv3a4Ym8l/preview,https://drive.google.com/file/d/1SUWfQ_fsupP1B69O9FmI0EtCv3a4Ym8l/view?usp=drivesdk,unknown brand / numeric filename / missing device name
14jkq5b6ZNM7nePDpRO4GXVyKziYvEOYQ,YT-828071,Czesci_zamienne_YT-828071.pdf,YATO,https://drive.google.com/file/d/14jkq5b6ZNM7nePDpRO4GXVyKziYvEOYQ/preview,https://drive.google.com/file/d/14jkq5b6ZNM7nePDpRO4GXVyKziYvEOYQ/view?usp=drivesdk,unknown brand / numeric filename / missing device name
1zL4_2l2ghOqBnVl_SGlVyolL1Eqn0xTv,YT-828072,Czesci_zamienne_YT-828072.pdf,YATO,https://drive.google.com/file/d/1zL4_2l2ghOqBnVl_SGlVyolL1Eqn0xTv/preview,https://drive.google.com/file/d/1zL4_2l2ghOqBnVl_SGlVyolL1Eqn0xTv/view?usp=drivesdk,unknown brand / numeric filename / missing device name
1kno3-xI3bUmld7GQptBracx9wy9I1SsY,YT-828073,Czesci_zamienne_YT-828073.pdf,YATO,https://drive.google.com/file/d/1kno3-xI3bUmld7GQptBracx9wy9I1SsY/preview,https://drive.google.com/file/d/1kno3-xI3bUmld7GQptBracx9wy9I1SsY/view?usp=drivesdk,unknown brand / numeric filename / missing device name
1Kb9nQPOPJlJIFLwzBmagzAGxYFxGn0gb,YT-828074,Czesci_zamienne_YT-828074.pdf,YATO,https://drive.google.com/file/d/1Kb9nQPOPJlJIFLwzBmagzAGxYFxGn0gb/preview,https://drive.google.com/file/d/1Kb9nQPOPJlJIFLwzBmagzAGxYFxGn0gb/view?usp=drivesdk,unknown brand / numeric filename / missing device name
1cXIaXCuSpRqhOwnZj4jwhTaHo5g8HP6g,YT-82808,Czesci_zamienne_YT-82808.pdf,YATO,https://drive.google.com/file/d/1cXIaXCuSpRqhOwnZj4jwhTaHo5g8HP6g/preview,https://drive.google.com/file/d/1cXIaXCuSpRqhOwnZj4jwhTaHo5g8HP6g/view?usp=drivesdk,unknown brand / numeric filename / missing device name
1CNaKLiR0tT0HB-3E0uswxxnKfoEMW_sg,YT-82809,Czesci_zamienne_YT-82809.pdf,YATO,https://drive.google.com/file/d/1CNaKLiR0tT0HB-3E0uswxxnKfoEMW_sg/preview,https://drive.google.com/file/d/1CNaKLiR0tT0HB-3E0uswxxnKfoEMW_sg/view?usp=drivesdk,unknown brand / numeric filename / missing device name
1QYMIXRxGfxB6zAtdeNaeVWqamf1cmmKG,YT-82810,Czesci_zamienne_YT-82810.pdf,YATO,https://drive.google.com/file/d/1QYMIXRxGfxB6zAtdeNaeVWqamf1cmmKG/preview,https://drive.google.com/file/d/1QYMIXRxGfxB6zAtdeNaeVWqamf1cmmKG/view?usp=drivesdk,unknown brand / numeric filename / missing device name
1zr4zDwE_ixtrSTpANU_tVWOaUyK3UOV-,YT-82811,Czesci_zamienne_YT-82811.pdf,YATO,https://drive.google.com/file/d/1zr4zDwE_ixtrSTpANU_tVWOaUyK3UOV-/preview,https://drive.google.com/file/d/1zr4zDwE_ixtrSTpANU_tVWOaUyK3UOV-/view?usp=drivesdk,unknown brand / numeric filename / missing device name
1oU9x31rtEbs4RDgd_AIBpwFd_QJkgpdU,YT-82812,Czesci_zamienne_YT-82812.pdf,YATO,https://drive.google.com/file/d/1oU9x31rtEbs4RDgd_AIBpwFd_QJkgpdU/preview,https://drive.google.com/file/d/1oU9x31rtEbs4RDgd_AIBpwFd_QJkgpdU/view?usp=drivesdk,unknown brand / numeric filename / missing device name
1jhRArf6VNtCS9zt9O13YihqQrAwyfz80,YT-82813,Czesci_zamienne_YT-82813.pdf,YATO,https://drive.google.com/file/d/1jhRArf6VNtCS9zt9O13YihqQrAwyfz80/preview,https://drive.google.com/file/d/1jhRArf6VNtCS9zt9O13YihqQrAwyfz80/view?usp=drivesdk,unknown brand / numeric filename / missing device name
1FibpsbYGBemnqS0iWycTaKaVxDszWOog,YT-828131,Czesci_zamienne_YT-828131.pdf,YATO,https://drive.google.com/file/d/1FibpsbYGBemnqS0iWycTaKaVxDszWOog/preview,https://drive.google.com/file/d/1FibpsbYGBemnqS0iWycTaKaVxDszWOog/view?usp=drivesdk,unknown brand / numeric filename / missing device name
1fKpHrpxkKPqcgrygYSn7S389OKqnGE64,YT-828132,Czesci_zamienne_YT-828132.pdf,YATO,https://drive.google.com/file/d/1fKpHrpxkKPqcgrygYSn7S389OKqnGE64/preview,https://drive.google.com/file/d/1fKpHrpxkKPqcgrygYSn7S389OKqnGE64/view?usp=drivesdk,unknown brand / numeric filename / missing device name
1kBOU87O_on8RSsDkQZIPLR_sWHbd414p,YT-828133,Czesci_zamienne_YT-828133.pdf,YATO,https://drive.google.com/file/d/1kBOU87O_on8RSsDkQZIPLR_sWHbd414p/preview,https://drive.google.com/file/d/1kBOU87O_on8RSsDkQZIPLR_sWHbd414p/view?usp=drivesdk,unknown brand / numeric filename / missing device name
1lKa_nhpwX5MZs58eykEJNuSNiRabSg-h,YT-828134,Czesci_zamienne_YT-828134.pdf,YATO,https://drive.google.com/file/d/1lKa_nhpwX5MZs58eykEJNuSNiRabSg-h/preview,https://drive.google.com/file/d/1lKa_nhpwX5MZs58eykEJNuSNiRabSg-h/view?usp=drivesdk,unknown brand / numeric filename / missing device name
1kEiG1Zr0hawFJPTaJ50QQQxsU-ldUpHp,YT-828137,Czesci_zamienne_YT-828137.pdf,YATO,https://drive.google.com/file/d/1kEiG1Zr0hawFJPTaJ50QQQxsU-ldUpHp/preview,https://drive.google.com/file/d/1kEiG1Zr0hawFJPTaJ50QQQxsU-ldUpHp/view?usp=drivesdk,unknown brand / numeric filename / missing device name
1ZO5Arl28ua3xle8wr_WZR5CQU1BEd_3Y,YT-828138,Czesci_zamienne_YT-828138.pdf,YATO,https://drive.google.com/file/d/1ZO5Arl28ua3xle8wr_WZR5CQU1BEd_3Y/preview,https://drive.google.com/file/d/1ZO5Arl28ua3xle8wr_WZR5CQU1BEd_3Y/view?usp=drivesdk,unknown brand / numeric filename / missing device name
1lqqdS-MHBKAMYwmz-fGR57o-vqCC-xps,YT-82814,Czesci_zamienne_YT-82814.pdf,YATO,https://drive.google.com/file/d/1lqqdS-MHBKAMYwmz-fGR57o-vqCC-xps/preview,https://drive.google.com/file/d/1lqqdS-MHBKAMYwmz-fGR57o-vqCC-xps/view?usp=drivesdk,unknown brand / numeric filename / missing device name
1yIRAt76pTIXZFx6u9Va9lUseIdZ_SuVD,YT-82815,Czesci_zamienne_YT-82815.pdf,YATO,https://drive.google.com/file/d/1yIRAt76pTIXZFx6u9Va9lUseIdZ_SuVD/preview,https://drive.google.com/file/d/1yIRAt76pTIXZFx6u9Va9lUseIdZ_SuVD/view?usp=drivesdk,unknown brand / numeric filename / missing device name
1ydCkfzNtphjfzoQs9jsJtI5sNLiJ8ztW,YT-82816,Czesci_zamienne_YT-82816.pdf,YATO,https://drive.google.com/file/d/1ydCkfzNtphjfzoQs9jsJtI5sNLiJ8ztW/preview,https://drive.google.com/file/d/1ydCkfzNtphjfzoQs9jsJtI5sNLiJ8ztW/view?usp=drivesdk,unknown brand / numeric filename / missing device name
1rwVJmePXwvpFZ53oIy8dv-UMQcxFZxjE,YT-82817,Czesci_zamienne_YT-82817.pdf,YATO,https://drive.google.com/file/d/1rwVJmePXwvpFZ53oIy8dv-UMQcxFZxjE/preview,https://drive.google.com/file/d/1rwVJmePXwvpFZ53oIy8dv-UMQcxFZxjE/view?usp=drivesdk,unknown brand / numeric filename / missing device name
1jb6xZUpNroF4sxXoshSmx7wwGcKMq7Im,YT-82818,Czesci_zamienne_YT-82818.pdf,YATO,https://drive.google.com/file/d/1jb6xZUpNroF4sxXoshSmx7wwGcKMq7Im/preview,https://drive.google.com/file/d/1jb6xZUpNroF4sxXoshSmx7wwGcKMq7Im/view?usp=drivesdk,unknown brand / numeric filename / missing device name
1iUMZpMc7NoAboTM3Tk0FiT54CM8eiS2T,YT-82819,Czesci_zamienne_YT-82819.pdf,YATO,https://drive.google.com/file/d/1iUMZpMc7NoAboTM3Tk0FiT54CM8eiS2T/preview,https://drive.google.com/file/d/1iUMZpMc7NoAboTM3Tk0FiT54CM8eiS2T/view?usp=drivesdk,unknown brand / numeric filename / missing device name
1SFwR-AoUlLd11UvgV0MmFVjHkbOFmTeO,YT-82822,Czesci_zamienne_YT-82822.pdf,YATO,https://drive.google.com/file/d/1SFwR-AoUlLd11UvgV0MmFVjHkbOFmTeO/preview,https://drive.google.com/file/d/1SFwR-AoUlLd11UvgV0MmFVjHkbOFmTeO/view?usp=drivesdk,unknown brand / numeric filename / missing device name
175buwiDpACINCOR6a7I4LzQSTe5QhIbn,YT-82823,Czesci_zamienne_YT-82823.pdf,YATO,https://drive.google.com/file/d/175buwiDpACINCOR6a7I4LzQSTe5QhIbn/preview,https://drive.google.com/file/d/175buwiDpACINCOR6a7I4LzQSTe5QhIbn/view?usp=drivesdk,unknown brand / numeric filename / missing device name
1PFCKpqO8r03oBGVyCMRbkwjKqBCZKiG9,YT-82824,Czesci_zamienne_YT-82824.pdf,YATO,https://drive.google.com/file/d/1PFCKpqO8r03oBGVyCMRbkwjKqBCZKiG9/preview,https://drive.google.com/file/d/1PFCKpqO8r03oBGVyCMRbkwjKqBCZKiG9/view?usp=drivesdk,unknown brand / numeric filename / missing device name
19liR7QGORGOvylL1Qholmjq42Uh3GvLU,YT-828247,Czesci_zamienne_YT-828247.pdf,YATO,https://drive.google.com/file/d/19liR7QGORGOvylL1Qholmjq42Uh3GvLU/preview,https://drive.google.com/file/d/19liR7QGORGOvylL1Qholmjq42Uh3GvLU/view?usp=drivesdk,unknown brand / numeric filename / missing device name
13zYspH9uvTLdvaZsGCCq2vGQD9KWhpVg,YT-828254,Czesci_zamienne_YT-828254.pdf,YATO,https://drive.google.com/file/d/13zYspH9uvTLdvaZsGCCq2vGQD9KWhpVg/preview,https://drive.google.com/file/d/13zYspH9uvTLdvaZsGCCq2vGQD9KWhpVg/view?usp=drivesdk,unknown brand / numeric filename / missing device name
1hFYtGeQK1c0e51ENx_cfBSDzQWKIJEB5,YT-828255,Czesci_zamienne_YT-828255.pdf,YATO,https://drive.google.com/file/d/1hFYtGeQK1c0e51ENx_cfBSDzQWKIJEB5/preview,https://drive.google.com/file/d/1hFYtGeQK1c0e51ENx_cfBSDzQWKIJEB5/view?usp=drivesdk,unknown brand / numeric filename / missing device name
1Coy1Qsp7X-G9NAs4govW_M1zCOQw_pGJ,YT-828256,Czesci_zamienne_YT-828256.pdf,YATO,https://drive.google.com/file/d/1Coy1Qsp7X-G9NAs4govW_M1zCOQw_pGJ/preview,https://drive.google.com/file/d/1Coy1Qsp7X-G9NAs4govW_M1zCOQw_pGJ/view?usp=drivesdk,unknown brand / numeric filename / missing device name
1nqc2kW4SR4S5WWZpmzWtYagCZ7t7yaCq,YT-82826,Czesci_zamienne_YT-82826.pdf,YATO,https://drive.google.com/file/d/1nqc2kW4SR4S5WWZpmzWtYagCZ7t7yaCq/preview,https://drive.google.com/file/d/1nqc2kW4SR4S5WWZpmzWtYagCZ7t7yaCq/view?usp=drivesdk,unknown brand / numeric filename / missing device name
1Zj0gNRDcmPMV96bpivHQGyt5s6hdDmNh,YT-82827,Czesci_zamienne_YT-82827.pdf,YATO,https://drive.google.com/file/d/1Zj0gNRDcmPMV96bpivHQGyt5s6hdDmNh/preview,https://drive.google.com/file/d/1Zj0gNRDcmPMV96bpivHQGyt5s6hdDmNh/view?usp=drivesdk,unknown brand / numeric filename / missing device name
1y3HT6hO9AqiKoPZ4iTt2fN6k9ZMKO10L,YT-82828,Czesci_zamienne_YT-82828.pdf,YATO,https://drive.google.com/file/d/1y3HT6hO9AqiKoPZ4iTt2fN6k9ZMKO10L/preview,https://drive.google.com/file/d/1y3HT6hO9AqiKoPZ4iTt2fN6k9ZMKO10L/view?usp=drivesdk,unknown brand / numeric filename / missing device name
1BBW6gYdjwnWIIrbhrVStJZLCtJlYyxQ2,YT-82829,Czesci_zamienne_YT-82829.pdf,YATO,https://drive.google.com/file/d/1BBW6gYdjwnWIIrbhrVStJZLCtJlYyxQ2/preview,https://drive.google.com/file/d/1BBW6gYdjwnWIIrbhrVStJZLCtJlYyxQ2/view?usp=drivesdk,unknown brand / numeric filename / missing device name
1TUMNdyjqqQpCE6OuupUI8gLa4DUMAAiK,YT-828293,Czesci_zamienne_YT-828293.pdf,YATO,https://drive.google.com/file/d/1TUMNdyjqqQpCE6OuupUI8gLa4DUMAAiK/preview,https://drive.google.com/file/d/1TUMNdyjqqQpCE6OuupUI8gLa4DUMAAiK/view?usp=drivesdk,unknown brand / numeric filename / missing device name
11JLURzZhbymPk9kKw_D0LkX42mbTflUh,YT-828294,Czesci_zamienne_YT-828294.pdf,YATO,https://drive.google.com/file/d/11JLURzZhbymPk9kKw_D0LkX42mbTflUh/preview,https://drive.google.com/file/d/11JLURzZhbymPk9kKw_D0LkX42mbTflUh/view?usp=drivesdk,unknown brand / numeric filename / missing device name
1KQ3Tg7rAtl3FGu2qZzft49_VdeY2oOyP,YT-828295,Czesci_zamienne_YT-828295.pdf,YATO,https://drive.google.com/file/d/1KQ3Tg7rAtl3FGu2qZzft49_VdeY2oOyP/preview,https://drive.google.com/file/d/1KQ3Tg7rAtl3FGu2qZzft49_VdeY2oOyP/view?usp=drivesdk,unknown brand / numeric filename / missing device name
1PStd9O7-7qFC_pW56v_yRO99Xahw5TLz,YT-828296,Czesci_zamienne_YT-828296.pdf,YATO,https://drive.google.com/file/d/1PStd9O7-7qFC_pW56v_yRO99Xahw5TLz/preview,https://drive.google.com/file/d/1PStd9O7-7qFC_pW56v_yRO99Xahw5TLz/view?usp=drivesdk,unknown brand / numeric filename / missing device name
1Lbjy2TeG9tiYb5RGwayctfGfaC6og4sM,YT-82830,Czesci_zamienne_YT-82830.pdf,YATO,https://drive.google.com/file/d/1Lbjy2TeG9tiYb5RGwayctfGfaC6og4sM/preview,https://drive.google.com/file/d/1Lbjy2TeG9tiYb5RGwayctfGfaC6og4sM/view?usp=drivesdk,unknown brand / numeric filename / missing device name
1qQOJ6s4-OQmL-79XPcZp2MFeZe5wP4WL,YT-82831,Czesci_zamienne_YT-82831.pdf,YATO,https://drive.google.com/file/d/1qQOJ6s4-OQmL-79XPcZp2MFeZe5wP4WL/preview,https://drive.google.com/file/d/1qQOJ6s4-OQmL-79XPcZp2MFeZe5wP4WL/view?usp=drivesdk,unknown brand / numeric filename / missing device name
1nQMy8e7E8iw4y2NSvBvxwsLWKT5IlFbc,YT-82832,Czesci_zamienne_YT-82832.pdf,YATO,https://drive.google.com/file/d/1nQMy8e7E8iw4y2NSvBvxwsLWKT5IlFbc/preview,https://drive.google.com/file/d/1nQMy8e7E8iw4y2NSvBvxwsLWKT5IlFbc/view?usp=drivesdk,unknown brand / numeric filename / missing device name
1PeXIRfsOFyHJ93fEWIUHJPOYC96ziWqS,YT-82833,Czesci_zamienne_YT-82833.pdf,YATO,https://drive.google.com/file/d/1PeXIRfsOFyHJ93fEWIUHJPOYC96ziWqS/preview,https://drive.google.com/file/d/1PeXIRfsOFyHJ93fEWIUHJPOYC96ziWqS/view?usp=drivesdk,unknown brand / numeric filename / missing device name
1kpOy1zu-QSrnfYJlIPLqV88qr3qmrafm,YT-828331,Czesci_zamienne_YT-828331.pdf,YATO,https://drive.google.com/file/d/1kpOy1zu-QSrnfYJlIPLqV88qr3qmrafm/preview,https://drive.google.com/file/d/1kpOy1zu-QSrnfYJlIPLqV88qr3qmrafm/view?usp=drivesdk,unknown brand / numeric filename / missing device name
1cnl-rukIl1VQmCS3tyl2hPBz2STUmj-Y,YT-828332,Czesci_zamienne_YT-828332.pdf,YATO,https://drive.google.com/file/d/1cnl-rukIl1VQmCS3tyl2hPBz2STUmj-Y/preview,https://drive.google.com/file/d/1cnl-rukIl1VQmCS3tyl2hPBz2STUmj-Y/view?usp=drivesdk,unknown brand / numeric filename / missing device name
1HnHgMDh4c1x6vvxcJPfBUPKc_q9I1sCU,YT-828333,Czesci_zamienne_YT-828333.pdf,YATO,https://drive.google.com/file/d/1HnHgMDh4c1x6vvxcJPfBUPKc_q9I1sCU/preview,https://drive.google.com/file/d/1HnHgMDh4c1x6vvxcJPfBUPKc_q9I1sCU/view?usp=drivesdk,unknown brand / numeric filename / missing device name
1ClbqD6cJOfIeevGVeYqgz3-w6_gOz-uE,YT-828334,Czesci_zamienne_YT-828334.pdf,YATO,https://drive.google.com/file/d/1ClbqD6cJOfIeevGVeYqgz3-w6_gOz-uE/preview,https://drive.google.com/file/d/1ClbqD6cJOfIeevGVeYqgz3-w6_gOz-uE/view?usp=drivesdk,unknown brand / numeric filename / missing device name
1KeYS8LCm5a70nNXroWuJlRMuKySf_12C,YT-82834,Czesci_zamienne_YT-82834.pdf,YATO,https://drive.google.com/file/d/1KeYS8LCm5a70nNXroWuJlRMuKySf_12C/preview,https://drive.google.com/file/d/1KeYS8LCm5a70nNXroWuJlRMuKySf_12C/view?usp=drivesdk,unknown brand / numeric filename / missing device name
1TRMYA5hYURNdN9Ew1Pyb4-mtCjoS36G-,YT-82835,Czesci_zamienne_YT-82835.pdf,YATO,https://drive.google.com/file/d/1TRMYA5hYURNdN9Ew1Pyb4-mtCjoS36G-/preview,https://drive.google.com/file/d/1TRMYA5hYURNdN9Ew1Pyb4-mtCjoS36G-/view?usp=drivesdk,unknown brand / numeric filename / missing device name
1eFbDmHW2pq_TToLMswfaPfh4O7Pi47g0,YT-828353,Czesci_zamienne_YT-828353.pdf,YATO,https://drive.google.com/file/d/1eFbDmHW2pq_TToLMswfaPfh4O7Pi47g0/preview,https://drive.google.com/file/d/1eFbDmHW2pq_TToLMswfaPfh4O7Pi47g0/view?usp=drivesdk,unknown brand / numeric filename / missing device name
147QxRNiQ-_WihhyuCywVj01WLUXCukP5,YT-828355,Czesci_zamienne_YT-828355.pdf,YATO,https://drive.google.com/file/d/147QxRNiQ-_WihhyuCywVj01WLUXCukP5/preview,https://drive.google.com/file/d/147QxRNiQ-_WihhyuCywVj01WLUXCukP5/view?usp=drivesdk,unknown brand / numeric filename / missing device name
1hp64RWzAtBdbEH8cfX1GoOdsoGR-Zb65,YT-828356,Czesci_zamienne_YT-828356.pdf,YATO,https://drive.google.com/file/d/1hp64RWzAtBdbEH8cfX1GoOdsoGR-Zb65/preview,https://drive.google.com/file/d/1hp64RWzAtBdbEH8cfX1GoOdsoGR-Zb65/view?usp=drivesdk,unknown brand / numeric filename / missing device name
1xKhGmWYtiOy_gFlKpk8ePH8IzZzKyZ43,YT-828357,Czesci_zamienne_YT-828357.pdf,YATO,https://drive.google.com/file/d/1xKhGmWYtiOy_gFlKpk8ePH8IzZzKyZ43/preview,https://drive.google.com/file/d/1xKhGmWYtiOy_gFlKpk8ePH8IzZzKyZ43/view?usp=drivesdk,unknown brand / numeric filename / missing device name
1UoZuGcFIAQHS5DgFbdCf1GH0owkKl7Ac,YT-828358,Czesci_zamienne_YT-828358.pdf,YATO,https://drive.google.com/file/d/1UoZuGcFIAQHS5DgFbdCf1GH0owkKl7Ac/preview,https://drive.google.com/file/d/1UoZuGcFIAQHS5DgFbdCf1GH0owkKl7Ac/view?usp=drivesdk,unknown brand / numeric filename / missing device name
1pzlf4sPtFzXKyzBgMPU6e9sx4oJfuNff,YT-828377,Czesci_zamienne_YT-828377.pdf,YATO,https://drive.google.com/file/d/1pzlf4sPtFzXKyzBgMPU6e9sx4oJfuNff/preview,https://drive.google.com/file/d/1pzlf4sPtFzXKyzBgMPU6e9sx4oJfuNff/view?usp=drivesdk,unknown brand / numeric filename / missing device name
1XIiGK7N0wmO4vktLjgTPtt2WLycU3iT3,YT-828378,Czesci_zamienne_YT-828378.pdf,YATO,https://drive.google.com/file/d/1XIiGK7N0wmO4vktLjgTPtt2WLycU3iT3/preview,https://drive.google.com/file/d/1XIiGK7N0wmO4vktLjgTPtt2WLycU3iT3/view?usp=drivesdk,unknown brand / numeric filename / missing device name
1QpA2ln77q843-AWlTRnMlaohYfAh6YPR,YT-828380,Czesci_zamienne_YT-828380.pdf,YATO,https://drive.google.com/file/d/1QpA2ln77q843-AWlTRnMlaohYfAh6YPR/preview,https://drive.google.com/file/d/1QpA2ln77q843-AWlTRnMlaohYfAh6YPR/view?usp=drivesdk,unknown brand / numeric filename / missing device name
1HZ4E3FkoNfcMNeaDebhwanwLM7A9__1n,YT-828381,Czesci_zamienne_YT-828381.pdf,YATO,https://drive.google.com/file/d/1HZ4E3FkoNfcMNeaDebhwanwLM7A9__1n/preview,https://drive.google.com/file/d/1HZ4E3FkoNfcMNeaDebhwanwLM7A9__1n/view?usp=drivesdk,unknown brand / numeric filename / missing device name
1Qa_MBiXt2HFJLVWdbT4nA7BmmyemB13A,YT-828382,Czesci_zamienne_YT-828382.pdf,YATO,https://drive.google.com/file/d/1Qa_MBiXt2HFJLVWdbT4nA7BmmyemB13A/preview,https://drive.google.com/file/d/1Qa_MBiXt2HFJLVWdbT4nA7BmmyemB13A/view?usp=drivesdk,unknown brand / numeric filename / missing device name
1J5yhsahsN5Hl9gLbWX4ncYM0PnTHCTmG,YT-828383,Czesci_zamienne_YT-828383.pdf,YATO,https://drive.google.com/file/d/1J5yhsahsN5Hl9gLbWX4ncYM0PnTHCTmG/preview,https://drive.google.com/file/d/1J5yhsahsN5Hl9gLbWX4ncYM0PnTHCTmG/view?usp=drivesdk,unknown brand / numeric filename / missing device name
17GsCcU4c0uZipY5uvgGnB7YLFBuwzabb,YT-828390,Czesci_zamienne_YT-828390.pdf,YATO,https://drive.google.com/file/d/17GsCcU4c0uZipY5uvgGnB7YLFBuwzabb/preview,https://drive.google.com/file/d/17GsCcU4c0uZipY5uvgGnB7YLFBuwzabb/view?usp=drivesdk,unknown brand / numeric filename / missing device name
1L9iJLTfYGI1vyQ6eVPFRgSVhbHuYVrXw,YT-828391,Czesci_zamienne_YT-828391.pdf,YATO,https://drive.google.com/file/d/1L9iJLTfYGI1vyQ6eVPFRgSVhbHuYVrXw/preview,https://drive.google.com/file/d/1L9iJLTfYGI1vyQ6eVPFRgSVhbHuYVrXw/view?usp=drivesdk,unknown brand / numeric filename / missing device name
1IaSSvtR-CL1GMQdcM3TdRKOmWhH13iFJ,YT-82853,Czesci_zamienne_YT-82853.pdf,YATO,https://drive.google.com/file/d/1IaSSvtR-CL1GMQdcM3TdRKOmWhH13iFJ/preview,https://drive.google.com/file/d/1IaSSvtR-CL1GMQdcM3TdRKOmWhH13iFJ/view?usp=drivesdk,unknown brand / numeric filename / missing device name
1k8fNQNL1_WNUEfIGqvsX33G7TqQ0napQ,YT-82854,Czesci_zamienne_YT-82854.pdf,YATO,https://drive.google.com/file/d/1k8fNQNL1_WNUEfIGqvsX33G7TqQ0napQ/preview,https://drive.google.com/file/d/1k8fNQNL1_WNUEfIGqvsX33G7TqQ0napQ/view?usp=drivesdk,unknown brand / numeric filename / missing device name
1K-9aZ83FrCFkKjsFz1bEqEX4MiX3n52I,YT-82855,Czesci_zamienne_YT-82855.pdf,YATO,https://drive.google.com/file/d/1K-9aZ83FrCFkKjsFz1bEqEX4MiX3n52I/preview,https://drive.google.com/file/d/1K-9aZ83FrCFkKjsFz1bEqEX4MiX3n52I/view?usp=drivesdk,unknown brand / numeric filename / missing device name
1Zol1QJp_xxiScg2RT2IbmoobZ-_Gx4y9,YT-82877,Czesci_zamienne_YT-82877.pdf,YATO,https://drive.google.com/file/d/1Zol1QJp_xxiScg2RT2IbmoobZ-_Gx4y9/preview,https://drive.google.com/file/d/1Zol1QJp_xxiScg2RT2IbmoobZ-_Gx4y9/view?usp=drivesdk,unknown brand / numeric filename / missing device name
1Vob69gUtFDErxcgnHxaS8LCjnXY7dxJ8,YT-82880,Czesci_zamienne_YT-82880.pdf,YATO,https://drive.google.com/file/d/1Vob69gUtFDErxcgnHxaS8LCjnXY7dxJ8/preview,https://drive.google.com/file/d/1Vob69gUtFDErxcgnHxaS8LCjnXY7dxJ8/view?usp=drivesdk,unknown brand / numeric filename / missing device name
1I9SaernjPy0QXgOQTDCMvsMUYe9FUQVR,YT-82881,Czesci_zamienne_YT-82881.pdf,YATO,https://drive.google.com/file/d/1I9SaernjPy0QXgOQTDCMvsMUYe9FUQVR/preview,https://drive.google.com/file/d/1I9SaernjPy0QXgOQTDCMvsMUYe9FUQVR/view?usp=drivesdk,unknown brand / numeric filename / missing device name
1xvYDVuqNXdYfCK3oiDvRFDaec5OWtHZB,YT-82886,Czesci_zamienne_YT-82886.pdf,YATO,https://drive.google.com/file/d/1xvYDVuqNXdYfCK3oiDvRFDaec5OWtHZB/preview,https://drive.google.com/file/d/1xvYDVuqNXdYfCK3oiDvRFDaec5OWtHZB/view?usp=drivesdk,unknown brand / numeric filename / missing device name
1RvUpys_HHGSfvSm4zbx2U7jfppLrlv3G,YT-82887,Czesci_zamienne_YT-82887.pdf,YATO,https://drive.google.com/file/d/1RvUpys_HHGSfvSm4zbx2U7jfppLrlv3G/preview,https://drive.google.com/file/d/1RvUpys_HHGSfvSm4zbx2U7jfppLrlv3G/view?usp=drivesdk,unknown brand / numeric filename / missing device name
1sriFcx-7jgp2ZkwU7xhY6z3GDSTKudpf,YT-82888,Czesci_zamienne_YT-82888.pdf,YATO,https://drive.google.com/file/d/1sriFcx-7jgp2ZkwU7xhY6z3GDSTKudpf/preview,https://drive.google.com/file/d/1sriFcx-7jgp2ZkwU7xhY6z3GDSTKudpf/view?usp=drivesdk,unknown brand / numeric filename / missing device name
1O99z4W8D7r9_4J2qwRWCe0LCUtJ_Eol-,YT-82889,Czesci_zamienne_YT-82889.pdf,YATO,https://drive.google.com/file/d/1O99z4W8D7r9_4J2qwRWCe0LCUtJ_Eol-/preview,https://drive.google.com/file/d/1O99z4W8D7r9_4J2qwRWCe0LCUtJ_Eol-/view?usp=drivesdk,unknown brand / numeric filename / missing device name
1JcYNar6IZjmCgkN2EuH8fJN3OxKoVEbZ,YT-82894,Czesci_zamienne_YT-82894.pdf,YATO,https://drive.google.com/file/d/1JcYNar6IZjmCgkN2EuH8fJN3OxKoVEbZ/preview,https://drive.google.com/file/d/1JcYNar6IZjmCgkN2EuH8fJN3OxKoVEbZ/view?usp=drivesdk,unknown brand / numeric filename / missing device name
1r08FLNoi0E1LvDKDOXDRdMBFHOCgLAK3,YT-82895,Czesci_zamienne_YT-82895.pdf,YATO,https://drive.google.com/file/d/1r08FLNoi0E1LvDKDOXDRdMBFHOCgLAK3/preview,https://drive.google.com/file/d/1r08FLNoi0E1LvDKDOXDRdMBFHOCgLAK3/view?usp=drivesdk,unknown brand / numeric filename / missing device name
10Dzbh8F8jtMOC9LP0UFrdFi8K6z1iHaN,YT-82900,Czesci_zamienne_YT-82900.pdf,YATO,https://drive.google.com/file/d/10Dzbh8F8jtMOC9LP0UFrdFi8K6z1iHaN/preview,https://drive.google.com/file/d/10Dzbh8F8jtMOC9LP0UFrdFi8K6z1iHaN/view?usp=drivesdk,unknown brand / numeric filename / missing device name
1q11dVr7zr6s4V_JFuuCsmQj8z7dLBcGd,YT-82901,Czesci_zamienne_YT-82901.pdf,YATO,https://drive.google.com/file/d/1q11dVr7zr6s4V_JFuuCsmQj8z7dLBcGd/preview,https://drive.google.com/file/d/1q11dVr7zr6s4V_JFuuCsmQj8z7dLBcGd/view?usp=drivesdk,unknown brand / numeric filename / missing device name
1K5tgXC-ogVju-enXG9xoZ3dr48utMYuN,YT-82902,Czesci_zamienne_YT-82902.pdf,YATO,https://drive.google.com/file/d/1K5tgXC-ogVju-enXG9xoZ3dr48utMYuN/preview,https://drive.google.com/file/d/1K5tgXC-ogVju-enXG9xoZ3dr48utMYuN/view?usp=drivesdk,unknown brand / numeric filename / missing device name
1kwpgyZQttlvXyWghWYYoijzKzZHbKZg1,YT-829021,Czesci_zamienne_YT-829021.pdf,YATO,https://drive.google.com/file/d/1kwpgyZQttlvXyWghWYYoijzKzZHbKZg1/preview,https://drive.google.com/file/d/1kwpgyZQttlvXyWghWYYoijzKzZHbKZg1/view?usp=drivesdk,unknown brand / numeric filename / missing device name
1rt1soBZBKC2Glm-UHbIZcNNru_Z3A4Om,YT-82903,Czesci_zamienne_YT-82903.pdf,YATO,https://drive.google.com/file/d/1rt1soBZBKC2Glm-UHbIZcNNru_Z3A4Om/preview,https://drive.google.com/file/d/1rt1soBZBKC2Glm-UHbIZcNNru_Z3A4Om/view?usp=drivesdk,unknown brand / numeric filename / missing device name
1QMHQ-LO-4Qign9-X8avXzdxlTWz1Yt8n,YT-82904,Czesci_zamienne_YT-82904.pdf,YATO,https://drive.google.com/file/d/1QMHQ-LO-4Qign9-X8avXzdxlTWz1Yt8n/preview,https://drive.google.com/file/d/1QMHQ-LO-4Qign9-X8avXzdxlTWz1Yt8n/view?usp=drivesdk,unknown brand / numeric filename / missing device name
1Ya20OEdUIP-IOdAW_PtjVwokKw7RGskq,YT-82920,Czesci_zamienne_YT-82920.pdf,YATO,https://drive.google.com/file/d/1Ya20OEdUIP-IOdAW_PtjVwokKw7RGskq/preview,https://drive.google.com/file/d/1Ya20OEdUIP-IOdAW_PtjVwokKw7RGskq/view?usp=drivesdk,unknown brand / numeric filename / missing device name
1GZS4IZeUBPR6u1yyLla8_GkPFujKjRpt,YT-82922,Czesci_zamienne_YT-82922.pdf,YATO,https://drive.google.com/file/d/1GZS4IZeUBPR6u1yyLla8_GkPFujKjRpt/preview,https://drive.google.com/file/d/1GZS4IZeUBPR6u1yyLla8_GkPFujKjRpt/view?usp=drivesdk,unknown brand / numeric filename / missing device name
1gG81qH6QEI6SBjV60nJRnJKxR4R3dG1M,YT-82927,Czesci_zamienne_YT-82927.pdf,YATO,https://drive.google.com/file/d/1gG81qH6QEI6SBjV60nJRnJKxR4R3dG1M/preview,https://drive.google.com/file/d/1gG81qH6QEI6SBjV60nJRnJKxR4R3dG1M/view?usp=drivesdk,unknown brand / numeric filename / missing device name
1H7x2GaUN-u1VDVs6duAxULJ1SnhO-QH_,YT-82929,Czesci_zamienne_YT-82929.pdf,YATO,https://drive.google.com/file/d/1H7x2GaUN-u1VDVs6duAxULJ1SnhO-QH_/preview,https://drive.google.com/file/d/1H7x2GaUN-u1VDVs6duAxULJ1SnhO-QH_/view?usp=drivesdk,unknown brand / numeric filename / missing device name
1XQ7MNekBbkoiKhvleW-YHeEETGzf_Ifb,YT-82930,Czesci_zamienne_YT-82930.pdf,YATO,https://drive.google.com/file/d/1XQ7MNekBbkoiKhvleW-YHeEETGzf_Ifb/preview,https://drive.google.com/file/d/1XQ7MNekBbkoiKhvleW-YHeEETGzf_Ifb/view?usp=drivesdk,unknown brand / numeric filename / missing device name
18M1dwSfIV-VMg3Ir5Rc7ZN3IDxb0RopE,YT-829383,Czesci_zamienne_YT-829383.pdf,YATO,https://drive.google.com/file/d/18M1dwSfIV-VMg3Ir5Rc7ZN3IDxb0RopE/preview,https://drive.google.com/file/d/18M1dwSfIV-VMg3Ir5Rc7ZN3IDxb0RopE/view?usp=drivesdk,unknown brand / numeric filename / missing device name
1VjiTAhKKeoj3LWSmDgfkZ4RC6AlZfqNN,YT-829385,Czesci_zamienne_YT-829385.pdf,YATO,https://drive.google.com/file/d/1VjiTAhKKeoj3LWSmDgfkZ4RC6AlZfqNN/preview,https://drive.google.com/file/d/1VjiTAhKKeoj3LWSmDgfkZ4RC6AlZfqNN/view?usp=drivesdk,unknown brand / numeric filename / missing device name
1toxo1ZYJk8-dJ4xWQdRSengMMYPsXKFX,YT-82955,Czesci_zamienne_YT-82955.pdf,YATO,https://drive.google.com/file/d/1toxo1ZYJk8-dJ4xWQdRSengMMYPsXKFX/preview,https://drive.google.com/file/d/1toxo1ZYJk8-dJ4xWQdRSengMMYPsXKFX/view?usp=drivesdk,unknown brand / numeric filename / missing device name
1fU3OdMaEuw6j-rM8227opKW5E1-q3wGC,YT-8300,Czesci_zamienne_YT-8300.pdf,YATO,https://drive.google.com/file/d/1fU3OdMaEuw6j-rM8227opKW5E1-q3wGC/preview,https://drive.google.com/file/d/1fU3OdMaEuw6j-rM8227opKW5E1-q3wGC/view?usp=drivesdk,unknown brand / numeric filename / missing device name
1VP2XmGPn0AgXiLq699P5x438UdozRpTH,YT-83003,Czesci_zamienne_YT-83003.pdf,YATO,https://drive.google.com/file/d/1VP2XmGPn0AgXiLq699P5x438UdozRpTH/preview,https://drive.google.com/file/d/1VP2XmGPn0AgXiLq699P5x438UdozRpTH/view?usp=drivesdk,unknown brand / numeric filename / missing device name
1-151SLGl-whSO3BTGi9A7rJG2ZDTVyB4,YT-8301,Czesci_zamienne_YT-8301.pdf,YATO,https://drive.google.com/file/d/1-151SLGl-whSO3BTGi9A7rJG2ZDTVyB4/preview,https://drive.google.com/file/d/1-151SLGl-whSO3BTGi9A7rJG2ZDTVyB4/view?usp=drivesdk,unknown brand / numeric filename / missing device name
1NhmEzGMMxwTWTneWIf02uNY37nQUB2qZ,YT-8302,Czesci_zamienne_YT-8302.pdf,YATO,https://drive.google.com/file/d/1NhmEzGMMxwTWTneWIf02uNY37nQUB2qZ/preview,https://drive.google.com/file/d/1NhmEzGMMxwTWTneWIf02uNY37nQUB2qZ/view?usp=drivesdk,unknown brand / numeric filename / missing device name
1IoypKpnnN_ktye2O8TtbqP3uCs3ZfTjy,YT-8303,Czesci_zamienne_YT-8303.pdf,YATO,https://drive.google.com/file/d/1IoypKpnnN_ktye2O8TtbqP3uCs3ZfTjy/preview,https://drive.google.com/file/d/1IoypKpnnN_ktye2O8TtbqP3uCs3ZfTjy/view?usp=drivesdk,unknown brand / numeric filename / missing device name
1YqQmAWbJSKhlu8UV6gS-jPF4TLUwnFYS,YT-83060,Czesci_zamienne_YT-83060.pdf,YATO,https://drive.google.com/file/d/1YqQmAWbJSKhlu8UV6gS-jPF4TLUwnFYS/preview,https://drive.google.com/file/d/1YqQmAWbJSKhlu8UV6gS-jPF4TLUwnFYS/view?usp=drivesdk,unknown brand / numeric filename / missing device name
1x29BMiENAXaMDyPG_D3_Q-Q0F181R3Fn,YT-83061,Czesci_zamienne_YT-83061.pdf,YATO,https://drive.google.com/file/d/1x29BMiENAXaMDyPG_D3_Q-Q0F181R3Fn/preview,https://drive.google.com/file/d/1x29BMiENAXaMDyPG_D3_Q-Q0F181R3Fn/view?usp=drivesdk,unknown brand / numeric filename / missing device name
14c_ExUpDe96oZeWEbMyKroc9LWRiyOd_,YT-83090,Czesci_zamienne_YT-83090.pdf,YATO,https://drive.google.com/file/d/14c_ExUpDe96oZeWEbMyKroc9LWRiyOd_/preview,https://drive.google.com/file/d/14c_ExUpDe96oZeWEbMyKroc9LWRiyOd_/view?usp=drivesdk,unknown brand / numeric filename / missing device name
13nV_8mVlNvASC5c6CluN3ljrgYhCHIpC,YT-83091,Czesci_zamienne_YT-83091.pdf,YATO,https://drive.google.com/file/d/13nV_8mVlNvASC5c6CluN3ljrgYhCHIpC/preview,https://drive.google.com/file/d/13nV_8mVlNvASC5c6CluN3ljrgYhCHIpC/view?usp=drivesdk,unknown brand / numeric filename / missing device name
13I_52fd_dktxhcJWNfrZsyqD1MM4mNli,YT-83092,Czesci_zamienne_YT-83092.pdf,YATO,https://drive.google.com/file/d/13I_52fd_dktxhcJWNfrZsyqD1MM4mNli/preview,https://drive.google.com/file/d/13I_52fd_dktxhcJWNfrZsyqD1MM4mNli/view?usp=drivesdk,unknown brand / numeric filename / missing device name
10XfcLB9e3OsJOKH9NHCyBIzSSRxbHeCq,YT-8311,Czesci_zamienne_YT-8311.pdf,YATO,https://drive.google.com/file/d/10XfcLB9e3OsJOKH9NHCyBIzSSRxbHeCq/preview,https://drive.google.com/file/d/10XfcLB9e3OsJOKH9NHCyBIzSSRxbHeCq/view?usp=drivesdk,unknown brand / numeric filename / missing device name
1JKhZbmxO9YKRyTfI2hECVHhNLh_s_nch,YT-84641,Czesci_zamienne_YT-84641.pdf,YATO,https://drive.google.com/file/d/1JKhZbmxO9YKRyTfI2hECVHhNLh_s_nch/preview,https://drive.google.com/file/d/1JKhZbmxO9YKRyTfI2hECVHhNLh_s_nch/view?usp=drivesdk,unknown brand / numeric filename / missing device name
18sMxP7COPSOtG1SKgis_1M05wBN-_6p7,YT-84770,Czesci_zamienne_YT-84770.pdf,YATO,https://drive.google.com/file/d/18sMxP7COPSOtG1SKgis_1M05wBN-_6p7/preview,https://drive.google.com/file/d/18sMxP7COPSOtG1SKgis_1M05wBN-_6p7/view?usp=drivesdk,unknown brand / numeric filename / missing device name
1LZUBRVJF_aATWR-rCyHnYawz6xe0zotJ,YT-84790,Czesci_zamienne_YT-84790.pdf,YATO,https://drive.google.com/file/d/1LZUBRVJF_aATWR-rCyHnYawz6xe0zotJ/preview,https://drive.google.com/file/d/1LZUBRVJF_aATWR-rCyHnYawz6xe0zotJ/view?usp=drivesdk,unknown brand / numeric filename / missing device name
1rWd42FhIVO70nHvaP1K6fF5BjvUfD8-n,YT-84800,Czesci_zamienne_YT-84800.pdf,YATO,https://drive.google.com/file/d/1rWd42FhIVO70nHvaP1K6fF5BjvUfD8-n/preview,https://drive.google.com/file/d/1rWd42FhIVO70nHvaP1K6fF5BjvUfD8-n/view?usp=drivesdk,unknown brand / numeric filename / missing device name
1NSBfjcM8KKQta2yljmm7WsquIy68rJ8U,YT-84820,Czesci_zamienne_YT-84820.pdf,YATO,https://drive.google.com/file/d/1NSBfjcM8KKQta2yljmm7WsquIy68rJ8U/preview,https://drive.google.com/file/d/1NSBfjcM8KKQta2yljmm7WsquIy68rJ8U/view?usp=drivesdk,unknown brand / numeric filename / missing device name
1qBh26sCCdkcE7b2OzEdq9NuqQxVB_CxF,YT-84840,Czesci_zamienne_YT-84840.pdf,YATO,https://drive.google.com/file/d/1qBh26sCCdkcE7b2OzEdq9NuqQxVB_CxF/preview,https://drive.google.com/file/d/1qBh26sCCdkcE7b2OzEdq9NuqQxVB_CxF/view?usp=drivesdk,unknown brand / numeric filename / missing device name
1XN6UTR1KjGiOB6EXa6X21U-qs-IaqpFG,YT-84841,Czesci_zamienne_YT-84841.pdf,YATO,https://drive.google.com/file/d/1XN6UTR1KjGiOB6EXa6X21U-qs-IaqpFG/preview,https://drive.google.com/file/d/1XN6UTR1KjGiOB6EXa6X21U-qs-IaqpFG/view?usp=drivesdk,unknown brand / numeric filename / missing device name
14EL6oY3YjiHZW069gigI9OCcwj8OVUV3,YT-84842,Czesci_zamienne_YT-84842.pdf,YATO,https://drive.google.com/file/d/14EL6oY3YjiHZW069gigI9OCcwj8OVUV3/preview,https://drive.google.com/file/d/14EL6oY3YjiHZW069gigI9OCcwj8OVUV3/view?usp=drivesdk,unknown brand / numeric filename / missing device name
1dNAtL2PnFEBGezzAyPYlgxrr7P_odxRU,YT-84860,Czesci_zamienne_YT-84860.pdf,YATO,https://drive.google.com/file/d/1dNAtL2PnFEBGezzAyPYlgxrr7P_odxRU/preview,https://drive.google.com/file/d/1dNAtL2PnFEBGezzAyPYlgxrr7P_odxRU/view?usp=drivesdk,unknown brand / numeric filename / missing device name
12hGwvwXmPCxHTnvWuMLfIJDcXsS56WId,YT-84868,Czesci_zamienne_YT-84868.pdf,YATO,https://drive.google.com/file/d/12hGwvwXmPCxHTnvWuMLfIJDcXsS56WId/preview,https://drive.google.com/file/d/12hGwvwXmPCxHTnvWuMLfIJDcXsS56WId/view?usp=drivesdk,unknown brand / numeric filename / missing device name
138Io90UjYSgQloIojryrmur2B-O0QGO5,YT-84870,Czesci_zamienne_YT-84870.pdf,YATO,https://drive.google.com/file/d/138Io90UjYSgQloIojryrmur2B-O0QGO5/preview,https://drive.google.com/file/d/138Io90UjYSgQloIojryrmur2B-O0QGO5/view?usp=drivesdk,unknown brand / numeric filename / missing device name
1i7Ha00tWlrjfsvTIH40FP-9TSbKWeKo8,YT-84871,Czesci_zamienne_YT-84871.pdf,YATO,https://drive.google.com/file/d/1i7Ha00tWlrjfsvTIH40FP-9TSbKWeKo8/preview,https://drive.google.com/file/d/1i7Ha00tWlrjfsvTIH40FP-9TSbKWeKo8/view?usp=drivesdk,unknown brand / numeric filename / missing device name
1hVAUxFmT-zRuC4SlKWzwo2pXyQWcSOPk,YT-84872,Czesci_zamienne_YT-84872.pdf,YATO,https://drive.google.com/file/d/1hVAUxFmT-zRuC4SlKWzwo2pXyQWcSOPk/preview,https://drive.google.com/file/d/1hVAUxFmT-zRuC4SlKWzwo2pXyQWcSOPk/view?usp=drivesdk,unknown brand / numeric filename / missing device name
1FZwZh20jllg8h16oY0oPudlqI3yN_26R,YT-84877,Czesci_zamienne_YT-84877.pdf,YATO,https://drive.google.com/file/d/1FZwZh20jllg8h16oY0oPudlqI3yN_26R/preview,https://drive.google.com/file/d/1FZwZh20jllg8h16oY0oPudlqI3yN_26R/view?usp=drivesdk,unknown brand / numeric filename / missing device name
1EFKAL9JPB7qzQ-e2LPiyjoqNxi9npFWU,YT-84893,Czesci_zamienne_YT-84893.pdf,YATO,https://drive.google.com/file/d/1EFKAL9JPB7qzQ-e2LPiyjoqNxi9npFWU/preview,https://drive.google.com/file/d/1EFKAL9JPB7qzQ-e2LPiyjoqNxi9npFWU/view?usp=drivesdk,unknown brand / numeric filename / missing device name
1Cz1Sp_6bpEpJknDfCjCIooiIlYfy79wd,YT-84901,Czesci_zamienne_YT-84901.pdf,YATO,https://drive.google.com/file/d/1Cz1Sp_6bpEpJknDfCjCIooiIlYfy79wd/preview,https://drive.google.com/file/d/1Cz1Sp_6bpEpJknDfCjCIooiIlYfy79wd/view?usp=drivesdk,unknown brand / numeric filename / missing device name
1iaKz9fXlygKLB0WAjhKNjBcruwCxqavS,YT-84910,Czesci_zamienne_YT-84910.pdf,YATO,https://drive.google.com/file/d/1iaKz9fXlygKLB0WAjhKNjBcruwCxqavS/preview,https://drive.google.com/file/d/1iaKz9fXlygKLB0WAjhKNjBcruwCxqavS/view?usp=drivesdk,unknown brand / numeric filename / missing device name
11jP3j0-aLzxETtpBcOB2ddmqR3MCqQda,YT-84990,Czesci_zamienne_YT-84990.pdf,YATO,https://drive.google.com/file/d/11jP3j0-aLzxETtpBcOB2ddmqR3MCqQda/preview,https://drive.google.com/file/d/11jP3j0-aLzxETtpBcOB2ddmqR3MCqQda/view?usp=drivesdk,unknown brand / numeric filename / missing device name
1TD68n1PbaU0fLv077uSaH70xpVv89bR1,YT-85001,Czesci_zamienne_YT-85001.pdf,YATO,https://drive.google.com/file/d/1TD68n1PbaU0fLv077uSaH70xpVv89bR1/preview,https://drive.google.com/file/d/1TD68n1PbaU0fLv077uSaH70xpVv89bR1/view?usp=drivesdk,unknown brand / numeric filename / missing device name
1kD1TubPre2j4vjOSblvq5nx3FmulMozB,YT-85003,Czesci_zamienne_YT-85003.pdf,YATO,https://drive.google.com/file/d/1kD1TubPre2j4vjOSblvq5nx3FmulMozB/preview,https://drive.google.com/file/d/1kD1TubPre2j4vjOSblvq5nx3FmulMozB/view?usp=drivesdk,unknown brand / numeric filename / missing device name
19hAA6gTOm16rUpLRnqsOXhyIxiBKoUYf,YT-85010,Czesci_zamienne_YT-85010.pdf,YATO,https://drive.google.com/file/d/19hAA6gTOm16rUpLRnqsOXhyIxiBKoUYf/preview,https://drive.google.com/file/d/19hAA6gTOm16rUpLRnqsOXhyIxiBKoUYf/view?usp=drivesdk,unknown brand / numeric filename / missing device name
1Y5hAH0yDTyvTfVpaeMnWWhkt2NH4Ynmd,YT-85013,Czesci_zamienne_YT-85013.pdf,YATO,https://drive.google.com/file/d/1Y5hAH0yDTyvTfVpaeMnWWhkt2NH4Ynmd/preview,https://drive.google.com/file/d/1Y5hAH0yDTyvTfVpaeMnWWhkt2NH4Ynmd/view?usp=drivesdk,unknown brand / numeric filename / missing device name
1hbYIKHjyJFCBEzGuhqbWH-lr4n0JUKrU,YT-85014,Czesci_zamienne_YT-85014.pdf,YATO,https://drive.google.com/file/d/1hbYIKHjyJFCBEzGuhqbWH-lr4n0JUKrU/preview,https://drive.google.com/file/d/1hbYIKHjyJFCBEzGuhqbWH-lr4n0JUKrU/view?usp=drivesdk,unknown brand / numeric filename / missing device name
1KL6mTbem-KTzvVUsA4AWzdQt0NBM4PO1,YT-85015,Czesci_zamienne_YT-85015.pdf,YATO,https://drive.google.com/file/d/1KL6mTbem-KTzvVUsA4AWzdQt0NBM4PO1/preview,https://drive.google.com/file/d/1KL6mTbem-KTzvVUsA4AWzdQt0NBM4PO1/view?usp=drivesdk,unknown brand / numeric filename / missing device name
1DszsCN0SdirmTeo4ywRQhTi6JaS8Xp__,YT-85017,Czesci_zamienne_YT-85017.pdf,YATO,https://drive.google.com/file/d/1DszsCN0SdirmTeo4ywRQhTi6JaS8Xp__/preview,https://drive.google.com/file/d/1DszsCN0SdirmTeo4ywRQhTi6JaS8Xp__/view?usp=drivesdk,unknown brand / numeric filename / missing device name
1lKmoHhO8hYkXOJRakUGRsIuh2Z7SBcRm,YT-85018,Czesci_zamienne_YT-85018.pdf,YATO,https://drive.google.com/file/d/1lKmoHhO8hYkXOJRakUGRsIuh2Z7SBcRm/preview,https://drive.google.com/file/d/1lKmoHhO8hYkXOJRakUGRsIuh2Z7SBcRm/view?usp=drivesdk,unknown brand / numeric filename / missing device name
1Y9EVHlNC_WiHCE8vPkItkZVKn90bA9Aj,YT-85019,Czesci_zamienne_YT-85019.pdf,YATO,https://drive.google.com/file/d/1Y9EVHlNC_WiHCE8vPkItkZVKn90bA9Aj/preview,https://drive.google.com/file/d/1Y9EVHlNC_WiHCE8vPkItkZVKn90bA9Aj/view?usp=drivesdk,unknown brand / numeric filename / missing device name
1YLDlWsK-3B6rNqk3mHpjiJnnL-HeyQRU,YT-85020,Czesci_zamienne_YT-85020.pdf,YATO,https://drive.google.com/file/d/1YLDlWsK-3B6rNqk3mHpjiJnnL-HeyQRU/preview,https://drive.google.com/file/d/1YLDlWsK-3B6rNqk3mHpjiJnnL-HeyQRU/view?usp=drivesdk,unknown brand / numeric filename / missing device name
1AtT0mB-d-zyZ4Il60ukXKbG8Mvt1HjQz,YT-85170,Czesci_zamienne_YT-85170.pdf,YATO,https://drive.google.com/file/d/1AtT0mB-d-zyZ4Il60ukXKbG8Mvt1HjQz/preview,https://drive.google.com/file/d/1AtT0mB-d-zyZ4Il60ukXKbG8Mvt1HjQz/view?usp=drivesdk,unknown brand / numeric filename / missing device name
1sIuYJY9vDCfhbtjXn4Su6UB2lLIHhyWM,YT-85171,Czesci_zamienne_YT-85171.pdf,YATO,https://drive.google.com/file/d/1sIuYJY9vDCfhbtjXn4Su6UB2lLIHhyWM/preview,https://drive.google.com/file/d/1sIuYJY9vDCfhbtjXn4Su6UB2lLIHhyWM/view?usp=drivesdk,unknown brand / numeric filename / missing device name
17ckUjN9D34Ut67bduxGGh7IlTzyCtBZ8,YT-85173,Czesci_zamienne_YT-85173.pdf,YATO,https://drive.google.com/file/d/17ckUjN9D34Ut67bduxGGh7IlTzyCtBZ8/preview,https://drive.google.com/file/d/17ckUjN9D34Ut67bduxGGh7IlTzyCtBZ8/view?usp=drivesdk,unknown brand / numeric filename / missing device name
1VotsYQqW1Y-4-4x4q2oprBZacABMYtzz,YT-85175,Czesci_zamienne_YT-85175.pdf,YATO,https://drive.google.com/file/d/1VotsYQqW1Y-4-4x4q2oprBZacABMYtzz/preview,https://drive.google.com/file/d/1VotsYQqW1Y-4-4x4q2oprBZacABMYtzz/view?usp=drivesdk,unknown brand / numeric filename / missing device name
1B9m2ufz7d_0D9T0losMYjEQQT6Fh5dpb,YT-85176,Czesci_zamienne_YT-85176.pdf,YATO,https://drive.google.com/file/d/1B9m2ufz7d_0D9T0losMYjEQQT6Fh5dpb/preview,https://drive.google.com/file/d/1B9m2ufz7d_0D9T0losMYjEQQT6Fh5dpb/view?usp=drivesdk,unknown brand / numeric filename / missing device name
1Cfxs0W_ag9wBnhdkNHzLOs51R6nYfc-H,YT-85177,Czesci_zamienne_YT-85177.pdf,YATO,https://drive.google.com/file/d/1Cfxs0W_ag9wBnhdkNHzLOs51R6nYfc-H/preview,https://drive.google.com/file/d/1Cfxs0W_ag9wBnhdkNHzLOs51R6nYfc-H/view?usp=drivesdk,unknown brand / numeric filename / missing device name
1jKfMsbS6BGBdGxbQ4icyvVzJu8GxAA6a,YT-85179,Czesci_zamienne_YT-85179.pdf,YATO,https://drive.google.com/file/d/1jKfMsbS6BGBdGxbQ4icyvVzJu8GxAA6a/preview,https://drive.google.com/file/d/1jKfMsbS6BGBdGxbQ4icyvVzJu8GxAA6a/view?usp=drivesdk,unknown brand / numeric filename / missing device name
1WobBFazp-8GrtPVknTEhkylc9L_u9F3r,YT-85180,Czesci_zamienne_YT-85180.pdf,YATO,https://drive.google.com/file/d/1WobBFazp-8GrtPVknTEhkylc9L_u9F3r/preview,https://drive.google.com/file/d/1WobBFazp-8GrtPVknTEhkylc9L_u9F3r/view?usp=drivesdk,unknown brand / numeric filename / missing device name
1Nn2X5Tw2kyBDqqEVL0JSd4UU1GBo0Bs2,YT-85182,Czesci_zamienne_YT-85182.pdf,YATO,https://drive.google.com/file/d/1Nn2X5Tw2kyBDqqEVL0JSd4UU1GBo0Bs2/preview,https://drive.google.com/file/d/1Nn2X5Tw2kyBDqqEVL0JSd4UU1GBo0Bs2/view?usp=drivesdk,unknown brand / numeric filename / missing device name
1nxaXN1lel1w1J5S8ZzNKwVEsPKsLn1gm,YT-851990,Czesci_zamienne_YT-851990.pdf,YATO,https://drive.google.com/file/d/1nxaXN1lel1w1J5S8ZzNKwVEsPKsLn1gm/preview,https://drive.google.com/file/d/1nxaXN1lel1w1J5S8ZzNKwVEsPKsLn1gm/view?usp=drivesdk,unknown brand / numeric filename / missing device name
1qtk-AH9deQS4kE9I8TbE90x_8-u7fdBe,YT-851991,Czesci_zamienne_YT-851991.pdf,YATO,https://drive.google.com/file/d/1qtk-AH9deQS4kE9I8TbE90x_8-u7fdBe/preview,https://drive.google.com/file/d/1qtk-AH9deQS4kE9I8TbE90x_8-u7fdBe/view?usp=drivesdk,unknown brand / numeric filename / missing device name
1pt7cMBI0AZkZsvNbXbmMIVp1bXvNvbTq,YT-851992,Czesci_zamienne_YT-851992.pdf,YATO,https://drive.google.com/file/d/1pt7cMBI0AZkZsvNbXbmMIVp1bXvNvbTq/preview,https://drive.google.com/file/d/1pt7cMBI0AZkZsvNbXbmMIVp1bXvNvbTq/view?usp=drivesdk,unknown brand / numeric filename / missing device name
1BEM5IKAFLgRbUg1kLbg6y9CmX9ogrkF6,YT-851993,Czesci_zamienne_YT-851993.pdf,YATO,https://drive.google.com/file/d/1BEM5IKAFLgRbUg1kLbg6y9CmX9ogrkF6/preview,https://drive.google.com/file/d/1BEM5IKAFLgRbUg1kLbg6y9CmX9ogrkF6/view?usp=drivesdk,unknown brand / numeric filename / missing device name
1TG2ly3KHknbu4IaxkrsCpuHs3Dlg9JKU,YT-85200,Czesci_zamienne_YT-85200.pdf,YATO,https://drive.google.com/file/d/1TG2ly3KHknbu4IaxkrsCpuHs3Dlg9JKU/preview,https://drive.google.com/file/d/1TG2ly3KHknbu4IaxkrsCpuHs3Dlg9JKU/view?usp=drivesdk,unknown brand / numeric filename / missing device name
1o3LtJUD3h3akSnz0wGOY6FGCNRbgpcIn,YT-85205,Czesci_zamienne_YT-85205.pdf,YATO,https://drive.google.com/file/d/1o3LtJUD3h3akSnz0wGOY6FGCNRbgpcIn/preview,https://drive.google.com/file/d/1o3LtJUD3h3akSnz0wGOY6FGCNRbgpcIn/view?usp=drivesdk,unknown brand / numeric filename / missing device name
1Mco0OUhCeARE8WvGzBjoVA_M3n5lKmdY,YT-85208,Czesci_zamienne_YT-85208.pdf,YATO,https://drive.google.com/file/d/1Mco0OUhCeARE8WvGzBjoVA_M3n5lKmdY/preview,https://drive.google.com/file/d/1Mco0OUhCeARE8WvGzBjoVA_M3n5lKmdY/view?usp=drivesdk,unknown brand / numeric filename / missing device name
1hM9Dl7OsB7e3JEmS1rGeVmnGJ6iOzat0,YT-852081,Czesci_zamienne_YT-852081.pdf,YATO,https://drive.google.com/file/d/1hM9Dl7OsB7e3JEmS1rGeVmnGJ6iOzat0/preview,https://drive.google.com/file/d/1hM9Dl7OsB7e3JEmS1rGeVmnGJ6iOzat0/view?usp=drivesdk,unknown brand / numeric filename / missing device name
17cMKA2pF8XGDkZ5jPhivVaZTOA8e7yqK,YT-852082,Czesci_zamienne_YT-852082.pdf,YATO,https://drive.google.com/file/d/17cMKA2pF8XGDkZ5jPhivVaZTOA8e7yqK/preview,https://drive.google.com/file/d/17cMKA2pF8XGDkZ5jPhivVaZTOA8e7yqK/view?usp=drivesdk,unknown brand / numeric filename / missing device name
1y1wlbcmxAyLHQ2VAyVsocqCoIlrSJp8o,YT-852090,Czesci_zamienne_YT-852090.pdf,YATO,https://drive.google.com/file/d/1y1wlbcmxAyLHQ2VAyVsocqCoIlrSJp8o/preview,https://drive.google.com/file/d/1y1wlbcmxAyLHQ2VAyVsocqCoIlrSJp8o/view?usp=drivesdk,unknown brand / numeric filename / missing device name
1Reso76H_2qmGrJIbg2MLQzjPAiB1OKVo,YT-852091,Czesci_zamienne_YT-852091.pdf,YATO,https://drive.google.com/file/d/1Reso76H_2qmGrJIbg2MLQzjPAiB1OKVo/preview,https://drive.google.com/file/d/1Reso76H_2qmGrJIbg2MLQzjPAiB1OKVo/view?usp=drivesdk,unknown brand / numeric filename / missing device name
1p8PaGB1CNPBlC1X3h7DgdrIYDxIaXPuo,YT-852092,Czesci_zamienne_YT-852092.pdf,YATO,https://drive.google.com/file/d/1p8PaGB1CNPBlC1X3h7DgdrIYDxIaXPuo/preview,https://drive.google.com/file/d/1p8PaGB1CNPBlC1X3h7DgdrIYDxIaXPuo/view?usp=drivesdk,unknown brand / numeric filename / missing device name
1rLi4gHQMov8hVqky_bUORq6_cVBVZ_JY,YT-852093,Czesci_zamienne_YT-852093.pdf,YATO,https://drive.google.com/file/d/1rLi4gHQMov8hVqky_bUORq6_cVBVZ_JY/preview,https://drive.google.com/file/d/1rLi4gHQMov8hVqky_bUORq6_cVBVZ_JY/view?usp=drivesdk,unknown brand / numeric filename / missing device name
1v0YiyGSL1ysWpoZxQziWm66jzdvRHRYS,YT-85220,Czesci_zamienne_YT-85220.pdf,YATO,https://drive.google.com/file/d/1v0YiyGSL1ysWpoZxQziWm66jzdvRHRYS/preview,https://drive.google.com/file/d/1v0YiyGSL1ysWpoZxQziWm66jzdvRHRYS/view?usp=drivesdk,unknown brand / numeric filename / missing device name
1RblrdVOmpGwkYRm17eu-ILQha4yHLG6i,YT-85221,Czesci_zamienne_YT-85221.pdf,YATO,https://drive.google.com/file/d/1RblrdVOmpGwkYRm17eu-ILQha4yHLG6i/preview,https://drive.google.com/file/d/1RblrdVOmpGwkYRm17eu-ILQha4yHLG6i/view?usp=drivesdk,unknown brand / numeric filename / missing device name
12zi7j4UPWzCBCprnB860h2W1KHeknV7Q,YT-85222,Czesci_zamienne_YT-85222.pdf,YATO,https://drive.google.com/file/d/12zi7j4UPWzCBCprnB860h2W1KHeknV7Q/preview,https://drive.google.com/file/d/12zi7j4UPWzCBCprnB860h2W1KHeknV7Q/view?usp=drivesdk,unknown brand / numeric filename / missing device name
1IQU4p0zUxxPEenY-G3bZVbzJh_zGdCmC,YT-85223,Czesci_zamienne_YT-85223.pdf,YATO,https://drive.google.com/file/d/1IQU4p0zUxxPEenY-G3bZVbzJh_zGdCmC/preview,https://drive.google.com/file/d/1IQU4p0zUxxPEenY-G3bZVbzJh_zGdCmC/view?usp=drivesdk,unknown brand / numeric filename / missing device name
1D-coiCoZ8EYrjmrcd7rnZ3XnR9CbsmPA,YT-85224,Czesci_zamienne_YT-85224.pdf,YATO,https://drive.google.com/file/d/1D-coiCoZ8EYrjmrcd7rnZ3XnR9CbsmPA/preview,https://drive.google.com/file/d/1D-coiCoZ8EYrjmrcd7rnZ3XnR9CbsmPA/view?usp=drivesdk,unknown brand / numeric filename / missing device name
1VvNpUvkVBEmC85Nxlges4-1KIp_MBdmf,YT-85225,Czesci_zamienne_YT-85225.pdf,YATO,https://drive.google.com/file/d/1VvNpUvkVBEmC85Nxlges4-1KIp_MBdmf/preview,https://drive.google.com/file/d/1VvNpUvkVBEmC85Nxlges4-1KIp_MBdmf/view?usp=drivesdk,unknown brand / numeric filename / missing device name
1h5sJ5wOioK0T7mb7G0w32epX-rkfqdBD,YT-85230,Czesci_zamienne_YT-85230.pdf,YATO,https://drive.google.com/file/d/1h5sJ5wOioK0T7mb7G0w32epX-rkfqdBD/preview,https://drive.google.com/file/d/1h5sJ5wOioK0T7mb7G0w32epX-rkfqdBD/view?usp=drivesdk,unknown brand / numeric filename / missing device name
1AEeQVSIuHd4uYLnYUyGrATkYHARTxBAD,YT-85234,Czesci_zamienne_YT-85234.pdf,YATO,https://drive.google.com/file/d/1AEeQVSIuHd4uYLnYUyGrATkYHARTxBAD/preview,https://drive.google.com/file/d/1AEeQVSIuHd4uYLnYUyGrATkYHARTxBAD/view?usp=drivesdk,unknown brand / numeric filename / missing device name
157GQvBuatJURFLYJOIpPEq9S26TtX1up,YT-852370,Czesci_zamienne_YT-852370.pdf,YATO,https://drive.google.com/file/d/157GQvBuatJURFLYJOIpPEq9S26TtX1up/preview,https://drive.google.com/file/d/157GQvBuatJURFLYJOIpPEq9S26TtX1up/view?usp=drivesdk,unknown brand / numeric filename / missing device name
1-Ys1osnXhyg2sWG1wcPREu9ophIfdLfZ,YT-852371,Czesci_zamienne_YT-852371.pdf,YATO,https://drive.google.com/file/d/1-Ys1osnXhyg2sWG1wcPREu9ophIfdLfZ/preview,https://drive.google.com/file/d/1-Ys1osnXhyg2sWG1wcPREu9ophIfdLfZ/view?usp=drivesdk,unknown brand / numeric filename / missing device name
1auPSAuiSC_gKsK3MH4eCtbzxz3QUga0_,YT-85271,Czesci_zamienne_YT-85271.pdf,YATO,https://drive.google.com/file/d/1auPSAuiSC_gKsK3MH4eCtbzxz3QUga0_/preview,https://drive.google.com/file/d/1auPSAuiSC_gKsK3MH4eCtbzxz3QUga0_/view?usp=drivesdk,unknown brand / numeric filename / missing device name
1lIJ_3jW5ajMbWwHod1GOWuBSCiXVqtYt,YT-85283,Czesci_zamienne_YT-85283.pdf,YATO,https://drive.google.com/file/d/1lIJ_3jW5ajMbWwHod1GOWuBSCiXVqtYt/preview,https://drive.google.com/file/d/1lIJ_3jW5ajMbWwHod1GOWuBSCiXVqtYt/view?usp=drivesdk,unknown brand / numeric filename / missing device name
1_VYzEnlH1-uSoPgOFpoVa51D7yPVyjnB,YT-85286,Czesci_zamienne_YT-85286.pdf,YATO,https://drive.google.com/file/d/1_VYzEnlH1-uSoPgOFpoVa51D7yPVyjnB/preview,https://drive.google.com/file/d/1_VYzEnlH1-uSoPgOFpoVa51D7yPVyjnB/view?usp=drivesdk,unknown brand / numeric filename / missing device name
1O5lqWf9sdR345lErUjE9BmYpvfkAMT4F,YT-85287,Czesci_zamienne_YT-85287.pdf,YATO,https://drive.google.com/file/d/1O5lqWf9sdR345lErUjE9BmYpvfkAMT4F/preview,https://drive.google.com/file/d/1O5lqWf9sdR345lErUjE9BmYpvfkAMT4F/view?usp=drivesdk,unknown brand / numeric filename / missing device name
1NoUeXbXp72QaU7tX843dWUni5MVAUTIK,YT-85300,Czesci_zamienne_YT-85300.pdf,YATO,https://drive.google.com/file/d/1NoUeXbXp72QaU7tX843dWUni5MVAUTIK/preview,https://drive.google.com/file/d/1NoUeXbXp72QaU7tX843dWUni5MVAUTIK/view?usp=drivesdk,unknown brand / numeric filename / missing device name
1T-xIeNQyPlZArSJri9KLbHM2tvIU0uR0,YT-85301,Czesci_zamienne_YT-85301.pdf,YATO,https://drive.google.com/file/d/1T-xIeNQyPlZArSJri9KLbHM2tvIU0uR0/preview,https://drive.google.com/file/d/1T-xIeNQyPlZArSJri9KLbHM2tvIU0uR0/view?usp=drivesdk,unknown brand / numeric filename / missing device name
1nGQ829jI31V9u4p4umXp_mMIKJqhdmJJ,YT-85330,Czesci_zamienne_YT-85330.pdf,YATO,https://drive.google.com/file/d/1nGQ829jI31V9u4p4umXp_mMIKJqhdmJJ/preview,https://drive.google.com/file/d/1nGQ829jI31V9u4p4umXp_mMIKJqhdmJJ/view?usp=drivesdk,unknown brand / numeric filename / missing device name
18sHS7hKFcdRJPL-3I6S6QJYDyqKJGGB9,YT-85333,Czesci_zamienne_YT-85333.pdf,YATO,https://drive.google.com/file/d/18sHS7hKFcdRJPL-3I6S6QJYDyqKJGGB9/preview,https://drive.google.com/file/d/18sHS7hKFcdRJPL-3I6S6QJYDyqKJGGB9/view?usp=drivesdk,unknown brand / numeric filename / missing device name
1_iS7D352bBcDiv6sswmSPjKPTrSJt8Wt,YT-85341,Czesci_zamienne_YT-85341.pdf,YATO,https://drive.google.com/file/d/1_iS7D352bBcDiv6sswmSPjKPTrSJt8Wt/preview,https://drive.google.com/file/d/1_iS7D352bBcDiv6sswmSPjKPTrSJt8Wt/view?usp=drivesdk,unknown brand / numeric filename / missing device name
13vB46TzZ9ykLXHhjFzoEsDxzZTkVvVsN,YT-85343,Czesci_zamienne_YT-85343.pdf,YATO,https://drive.google.com/file/d/13vB46TzZ9ykLXHhjFzoEsDxzZTkVvVsN/preview,https://drive.google.com/file/d/13vB46TzZ9ykLXHhjFzoEsDxzZTkVvVsN/view?usp=drivesdk,unknown brand / numeric filename / missing device name
1hwSsol6w4NThzcaWJBgjSuC8K-J2jTse,YT-85349,Czesci_zamienne_YT-85349.pdf,YATO,https://drive.google.com/file/d/1hwSsol6w4NThzcaWJBgjSuC8K-J2jTse/preview,https://drive.google.com/file/d/1hwSsol6w4NThzcaWJBgjSuC8K-J2jTse/view?usp=drivesdk,unknown brand / numeric filename / missing device name
1QO6DXJKM0muuyX-HD30_25sN423EXaGr,YT-85350,Czesci_zamienne_YT-85350.pdf,YATO,https://drive.google.com/file/d/1QO6DXJKM0muuyX-HD30_25sN423EXaGr/preview,https://drive.google.com/file/d/1QO6DXJKM0muuyX-HD30_25sN423EXaGr/view?usp=drivesdk,unknown brand / numeric filename / missing device name
1Fpbw-0qYy1VK4a7xr9Afc4SioCJyQgce,YT-85363,Czesci_zamienne_YT-85363.pdf,YATO,https://drive.google.com/file/d/1Fpbw-0qYy1VK4a7xr9Afc4SioCJyQgce/preview,https://drive.google.com/file/d/1Fpbw-0qYy1VK4a7xr9Afc4SioCJyQgce/view?usp=drivesdk,unknown brand / numeric filename / missing device name
1L55eyBX3WQEqRz9Fuy5JgIbe2kHRyKY6,YT-85364,Czesci_zamienne_YT-85364.pdf,YATO,https://drive.google.com/file/d/1L55eyBX3WQEqRz9Fuy5JgIbe2kHRyKY6/preview,https://drive.google.com/file/d/1L55eyBX3WQEqRz9Fuy5JgIbe2kHRyKY6/view?usp=drivesdk,unknown brand / numeric filename / missing device name
1jYP9XGaH8ey8i9Q29ikp6rdCAKpl2qQo,YT-85370,Czesci_zamienne_YT-85370.pdf,YATO,https://drive.google.com/file/d/1jYP9XGaH8ey8i9Q29ikp6rdCAKpl2qQo/preview,https://drive.google.com/file/d/1jYP9XGaH8ey8i9Q29ikp6rdCAKpl2qQo/view?usp=drivesdk,unknown brand / numeric filename / missing device name
1KiyAvrp0IpQ0X9dhYzuFDFr7ezvkU7Ap,YT-85371,Czesci_zamienne_YT-85371.pdf,YATO,https://drive.google.com/file/d/1KiyAvrp0IpQ0X9dhYzuFDFr7ezvkU7Ap/preview,https://drive.google.com/file/d/1KiyAvrp0IpQ0X9dhYzuFDFr7ezvkU7Ap/view?usp=drivesdk,unknown brand / numeric filename / missing device name
1ejdukK6egG5BwOQqNJ95JNH3sW8UV4w7,YT-85372,Czesci_zamienne_YT-85372.pdf,YATO,https://drive.google.com/file/d/1ejdukK6egG5BwOQqNJ95JNH3sW8UV4w7/preview,https://drive.google.com/file/d/1ejdukK6egG5BwOQqNJ95JNH3sW8UV4w7/view?usp=drivesdk,unknown brand / numeric filename / missing device name
1LMsLLd2IKAMvCtseOo8J03e3eGnbx-c2,YT-85401,Czesci_zamienne_YT-85401.pdf,YATO,https://drive.google.com/file/d/1LMsLLd2IKAMvCtseOo8J03e3eGnbx-c2/preview,https://drive.google.com/file/d/1LMsLLd2IKAMvCtseOo8J03e3eGnbx-c2/view?usp=drivesdk,unknown brand / numeric filename / missing device name
1JyGK9tm7IUdsilARaL33d8H98-eqvNrt,YT-85402,Czesci_zamienne_YT-85402.pdf,YATO,https://drive.google.com/file/d/1JyGK9tm7IUdsilARaL33d8H98-eqvNrt/preview,https://drive.google.com/file/d/1JyGK9tm7IUdsilARaL33d8H98-eqvNrt/view?usp=drivesdk,unknown brand / numeric filename / missing device name
1KaVW_wBg-NytHgqVswuu1Qb2egHq-7i3,YT-85403,Czesci_zamienne_YT-85403.pdf,YATO,https://drive.google.com/file/d/1KaVW_wBg-NytHgqVswuu1Qb2egHq-7i3/preview,https://drive.google.com/file/d/1KaVW_wBg-NytHgqVswuu1Qb2egHq-7i3/view?usp=drivesdk,unknown brand / numeric filename / missing device name
1ZAH4gzJ5PUaxA0FxVFCxUH_nXSXaDk56,YT-85421,Czesci_zamienne_YT-85421.pdf,YATO,https://drive.google.com/file/d/1ZAH4gzJ5PUaxA0FxVFCxUH_nXSXaDk56/preview,https://drive.google.com/file/d/1ZAH4gzJ5PUaxA0FxVFCxUH_nXSXaDk56/view?usp=drivesdk,unknown brand / numeric filename / missing device name
1hgAz_RLG0FiMzR54SXeGAbrh5wtyVkrU,YT-85422,Czesci_zamienne_YT-85422.pdf,YATO,https://drive.google.com/file/d/1hgAz_RLG0FiMzR54SXeGAbrh5wtyVkrU/preview,https://drive.google.com/file/d/1hgAz_RLG0FiMzR54SXeGAbrh5wtyVkrU/view?usp=drivesdk,unknown brand / numeric filename / missing device name
1SWyj4LnzNHp_djUvo2DWFH4wUpD9WKib,YT-85432,Czesci_zamienne_YT-85432.pdf,YATO,https://drive.google.com/file/d/1SWyj4LnzNHp_djUvo2DWFH4wUpD9WKib/preview,https://drive.google.com/file/d/1SWyj4LnzNHp_djUvo2DWFH4wUpD9WKib/view?usp=drivesdk,unknown brand / numeric filename / missing device name
185-R-KLouCmBhpSYEe1URl-ntVeAsEnH,YT-85434,Czesci_zamienne_YT-85434.pdf,YATO,https://drive.google.com/file/d/185-R-KLouCmBhpSYEe1URl-ntVeAsEnH/preview,https://drive.google.com/file/d/185-R-KLouCmBhpSYEe1URl-ntVeAsEnH/view?usp=drivesdk,unknown brand / numeric filename / missing device name
1ZE2hekusOzLQj0hWcVBqAGe1YsFzTBtF,YT-85437,Czesci_zamienne_YT-85437.pdf,YATO,https://drive.google.com/file/d/1ZE2hekusOzLQj0hWcVBqAGe1YsFzTBtF/preview,https://drive.google.com/file/d/1ZE2hekusOzLQj0hWcVBqAGe1YsFzTBtF/view?usp=drivesdk,unknown brand / numeric filename / missing device name
1i1ItLf9iro3wn2Bnis5HsnM3zNNFgiYm,YT-85440,Czesci_zamienne_YT-85440.pdf,YATO,https://drive.google.com/file/d/1i1ItLf9iro3wn2Bnis5HsnM3zNNFgiYm/preview,https://drive.google.com/file/d/1i1ItLf9iro3wn2Bnis5HsnM3zNNFgiYm/view?usp=drivesdk,unknown brand / numeric filename / missing device name
1yOKvrhCkamy_9abFW1MZxuela2XjhEd1,YT-85451,Czesci_zamienne_YT-85451.pdf,YATO,https://drive.google.com/file/d/1yOKvrhCkamy_9abFW1MZxuela2XjhEd1/preview,https://drive.google.com/file/d/1yOKvrhCkamy_9abFW1MZxuela2XjhEd1/view?usp=drivesdk,unknown brand / numeric filename / missing device name
1AqMdOYgknJZwNLcnuDMbAgtAJl1EVwcc,YT-85453,Czesci_zamienne_YT-85453.pdf,YATO,https://drive.google.com/file/d/1AqMdOYgknJZwNLcnuDMbAgtAJl1EVwcc/preview,https://drive.google.com/file/d/1AqMdOYgknJZwNLcnuDMbAgtAJl1EVwcc/view?usp=drivesdk,unknown brand / numeric filename / missing device name
15xlcSQpRFlrrZkE3GnjX2f2qp4eZtZyn,YT-85460,Czesci_zamienne_YT-85460.pdf,YATO,https://drive.google.com/file/d/15xlcSQpRFlrrZkE3GnjX2f2qp4eZtZyn/preview,https://drive.google.com/file/d/15xlcSQpRFlrrZkE3GnjX2f2qp4eZtZyn/view?usp=drivesdk,unknown brand / numeric filename / missing device name
1Bt2fdH3mjE-8LD9A6fSvPvH0FdzQGZGP,YT-85481,Czesci_zamienne_YT-85481.pdf,YATO,https://drive.google.com/file/d/1Bt2fdH3mjE-8LD9A6fSvPvH0FdzQGZGP/preview,https://drive.google.com/file/d/1Bt2fdH3mjE-8LD9A6fSvPvH0FdzQGZGP/view?usp=drivesdk,unknown brand / numeric filename / missing device name
1nVNKe8VVhJrGH_Wv6E0gKXBlo1SN5klI,YT-85482,Czesci_zamienne_YT-85482.pdf,YATO,https://drive.google.com/file/d/1nVNKe8VVhJrGH_Wv6E0gKXBlo1SN5klI/preview,https://drive.google.com/file/d/1nVNKe8VVhJrGH_Wv6E0gKXBlo1SN5klI/view?usp=drivesdk,unknown brand / numeric filename / missing device name
12_ksqHOeTAnzuLBSatVdxI5X9y6iaJxZ,YT-85483,Czesci_zamienne_YT-85483.pdf,YATO,https://drive.google.com/file/d/12_ksqHOeTAnzuLBSatVdxI5X9y6iaJxZ/preview,https://drive.google.com/file/d/12_ksqHOeTAnzuLBSatVdxI5X9y6iaJxZ/view?usp=drivesdk,unknown brand / numeric filename / missing device name
1vMzaYwMnJHiBaXqLVJUYHWYKI8zWMDBc,YT-854837,Czesci_zamienne_YT-854837.pdf,YATO,https://drive.google.com/file/d/1vMzaYwMnJHiBaXqLVJUYHWYKI8zWMDBc/preview,https://drive.google.com/file/d/1vMzaYwMnJHiBaXqLVJUYHWYKI8zWMDBc/view?usp=drivesdk,unknown brand / numeric filename / missing device name
1hoWKr1JIOyc6j1S43w8E8aE9xchxH1iw,YT-85485,Czesci_zamienne_YT-85485.pdf,YATO,https://drive.google.com/file/d/1hoWKr1JIOyc6j1S43w8E8aE9xchxH1iw/preview,https://drive.google.com/file/d/1hoWKr1JIOyc6j1S43w8E8aE9xchxH1iw/view?usp=drivesdk,unknown brand / numeric filename / missing device name
1N2MBJ0v6N-5LTusoQDDbqKm7y8EsMmvC,YT-85486,Czesci_zamienne_YT-85486.pdf,YATO,https://drive.google.com/file/d/1N2MBJ0v6N-5LTusoQDDbqKm7y8EsMmvC/preview,https://drive.google.com/file/d/1N2MBJ0v6N-5LTusoQDDbqKm7y8EsMmvC/view?usp=drivesdk,unknown brand / numeric filename / missing device name
1CEDuqYrUss-S6hXo5e8VAgeRKxqsxIX-,YT-85520,Czesci_zamienne_YT-85520.pdf,YATO,https://drive.google.com/file/d/1CEDuqYrUss-S6hXo5e8VAgeRKxqsxIX-/preview,https://drive.google.com/file/d/1CEDuqYrUss-S6hXo5e8VAgeRKxqsxIX-/view?usp=drivesdk,unknown brand / numeric filename / missing device name
1SAAHrOSH0V8xwJMqKMB7E4mWYcbq6qmy,YT-85521,Czesci_zamienne_YT-85521.pdf,YATO,https://drive.google.com/file/d/1SAAHrOSH0V8xwJMqKMB7E4mWYcbq6qmy/preview,https://drive.google.com/file/d/1SAAHrOSH0V8xwJMqKMB7E4mWYcbq6qmy/view?usp=drivesdk,unknown brand / numeric filename / missing device name
1DMCuy4WXiN_oRgXChYqoW99j8QIvThVl,YT-85525,Czesci_zamienne_YT-85525.pdf,YATO,https://drive.google.com/file/d/1DMCuy4WXiN_oRgXChYqoW99j8QIvThVl/preview,https://drive.google.com/file/d/1DMCuy4WXiN_oRgXChYqoW99j8QIvThVl/view?usp=drivesdk,unknown brand / numeric filename / missing device name
1NKclqcK-tReNqlO14TqXjdTS8xhraTwa,YT-85528,Czesci_zamienne_YT-85528.pdf,YATO,https://drive.google.com/file/d/1NKclqcK-tReNqlO14TqXjdTS8xhraTwa/preview,https://drive.google.com/file/d/1NKclqcK-tReNqlO14TqXjdTS8xhraTwa/view?usp=drivesdk,unknown brand / numeric filename / missing device name
1Bmv6AmUfPH7cTjZlUkrpuclIZSaHiYX0,YT-85532,Czesci_zamienne_YT-85532.pdf,YATO,https://drive.google.com/file/d/1Bmv6AmUfPH7cTjZlUkrpuclIZSaHiYX0/preview,https://drive.google.com/file/d/1Bmv6AmUfPH7cTjZlUkrpuclIZSaHiYX0/view?usp=drivesdk,unknown brand / numeric filename / missing device name
1r165TvVlSyU41INAV-sAYUHJxyHWRqUs,YT-85533,Czesci_zamienne_YT-85533.pdf,YATO,https://drive.google.com/file/d/1r165TvVlSyU41INAV-sAYUHJxyHWRqUs/preview,https://drive.google.com/file/d/1r165TvVlSyU41INAV-sAYUHJxyHWRqUs/view?usp=drivesdk,unknown brand / numeric filename / missing device name
1o07RpX0eHvfkGV_I4dbFtHDWZLGiCjff,YT-85537,Czesci_zamienne_YT-85537.pdf,YATO,https://drive.google.com/file/d/1o07RpX0eHvfkGV_I4dbFtHDWZLGiCjff/preview,https://drive.google.com/file/d/1o07RpX0eHvfkGV_I4dbFtHDWZLGiCjff/view?usp=drivesdk,unknown brand / numeric filename / missing device name
10wUTmN4tbpxyN06U7vuBqL7kCzUQb92K,YT-85545,Czesci_zamienne_YT-85545.pdf,YATO,https://drive.google.com/file/d/10wUTmN4tbpxyN06U7vuBqL7kCzUQb92K/preview,https://drive.google.com/file/d/10wUTmN4tbpxyN06U7vuBqL7kCzUQb92K/view?usp=drivesdk,unknown brand / numeric filename / missing device name
10cacLBinMEc7ALSkUA7HH_gY013HwChc,YT-85550,Czesci_zamienne_YT-85550.pdf,YATO,https://drive.google.com/file/d/10cacLBinMEc7ALSkUA7HH_gY013HwChc/preview,https://drive.google.com/file/d/10cacLBinMEc7ALSkUA7HH_gY013HwChc/view?usp=drivesdk,unknown brand / numeric filename / missing device name
1RkLJUFsugljgP3EX05lIpNIVU6SYAVsI,YT-85551,Czesci_zamienne_YT-85551.pdf,YATO,https://drive.google.com/file/d/1RkLJUFsugljgP3EX05lIpNIVU6SYAVsI/preview,https://drive.google.com/file/d/1RkLJUFsugljgP3EX05lIpNIVU6SYAVsI/view?usp=drivesdk,unknown brand / numeric filename / missing device name
1wrC9QvLPX886qx0GywzuN5kGA7Uw35BY,YT-85552,Czesci_zamienne_YT-85552.pdf,YATO,https://drive.google.com/file/d/1wrC9QvLPX886qx0GywzuN5kGA7Uw35BY/preview,https://drive.google.com/file/d/1wrC9QvLPX886qx0GywzuN5kGA7Uw35BY/view?usp=drivesdk,unknown brand / numeric filename / missing device name
1qny_iAszUJy_JGzT9CgDlFvPM98Jz_lb,YT-85553,Czesci_zamienne_YT-85553.pdf,YATO,https://drive.google.com/file/d/1qny_iAszUJy_JGzT9CgDlFvPM98Jz_lb/preview,https://drive.google.com/file/d/1qny_iAszUJy_JGzT9CgDlFvPM98Jz_lb/view?usp=drivesdk,unknown brand / numeric filename / missing device name
1IApWa-qkNU6EZL1OBZkUseMPDRQtXGpq,YT-85554,Czesci_zamienne_YT-85554.pdf,YATO,https://drive.google.com/file/d/1IApWa-qkNU6EZL1OBZkUseMPDRQtXGpq/preview,https://drive.google.com/file/d/1IApWa-qkNU6EZL1OBZkUseMPDRQtXGpq/view?usp=drivesdk,unknown brand / numeric filename / missing device name
1xwk9uci_vUi53qJGMZLgVBjNABNU76MB,YT-85570,Czesci_zamienne_YT-85570.pdf,YATO,https://drive.google.com/file/d/1xwk9uci_vUi53qJGMZLgVBjNABNU76MB/preview,https://drive.google.com/file/d/1xwk9uci_vUi53qJGMZLgVBjNABNU76MB/view?usp=drivesdk,unknown brand / numeric filename / missing device name
10aZjshEV_iBft-ZfmMUveXZDVzjNGKRT,YT-85580,Czesci_zamienne_YT-85580.pdf,YATO,https://drive.google.com/file/d/10aZjshEV_iBft-ZfmMUveXZDVzjNGKRT/preview,https://drive.google.com/file/d/10aZjshEV_iBft-ZfmMUveXZDVzjNGKRT/view?usp=drivesdk,unknown brand / numeric filename / missing device name
1UcbLuRbqS-Qfw_F480SS5CUUUWqn3yLP,YT-85590,Czesci_zamienne_YT-85590.pdf,YATO,https://drive.google.com/file/d/1UcbLuRbqS-Qfw_F480SS5CUUUWqn3yLP/preview,https://drive.google.com/file/d/1UcbLuRbqS-Qfw_F480SS5CUUUWqn3yLP/view?usp=drivesdk,unknown brand / numeric filename / missing device name
1q7fxdkU5Blxh-Z8aZRGghQjN5_3E-g5G,YT-85591,Czesci_zamienne_YT-85591.pdf,YATO,https://drive.google.com/file/d/1q7fxdkU5Blxh-Z8aZRGghQjN5_3E-g5G/preview,https://drive.google.com/file/d/1q7fxdkU5Blxh-Z8aZRGghQjN5_3E-g5G/view?usp=drivesdk,unknown brand / numeric filename / missing device name
1HOI21wXVFvvOttINWkcKsoIHgLU35cBe,YT-85592,Czesci_zamienne_YT-85592.pdf,YATO,https://drive.google.com/file/d/1HOI21wXVFvvOttINWkcKsoIHgLU35cBe/preview,https://drive.google.com/file/d/1HOI21wXVFvvOttINWkcKsoIHgLU35cBe/view?usp=drivesdk,unknown brand / numeric filename / missing device name
1RPCpOYcuIz4uRvW3NaiSZ23wKKWei4fu,YT-85600,Czesci_zamienne_YT-85600.pdf,YATO,https://drive.google.com/file/d/1RPCpOYcuIz4uRvW3NaiSZ23wKKWei4fu/preview,https://drive.google.com/file/d/1RPCpOYcuIz4uRvW3NaiSZ23wKKWei4fu/view?usp=drivesdk,unknown brand / numeric filename / missing device name
1MFcbQQgP4Rk8BxDmPHnpaUlr3zwXHMzX,YT-85680,Czesci_zamienne_YT-85680.pdf,YATO,https://drive.google.com/file/d/1MFcbQQgP4Rk8BxDmPHnpaUlr3zwXHMzX/preview,https://drive.google.com/file/d/1MFcbQQgP4Rk8BxDmPHnpaUlr3zwXHMzX/view?usp=drivesdk,unknown brand / numeric filename / missing device name
1HkDbrmySMThHB3XI0o3FKfhU-C79wMXC,YT-85690,Czesci_zamienne_YT-85690.pdf,YATO,https://drive.google.com/file/d/1HkDbrmySMThHB3XI0o3FKfhU-C79wMXC/preview,https://drive.google.com/file/d/1HkDbrmySMThHB3XI0o3FKfhU-C79wMXC/view?usp=drivesdk,unknown brand / numeric filename / missing device name
1asvFPuCoxzqkHWSkPlP1Ki9InGJA7in5,YT-85691,Czesci_zamienne_YT-85691.pdf,YATO,https://drive.google.com/file/d/1asvFPuCoxzqkHWSkPlP1Ki9InGJA7in5/preview,https://drive.google.com/file/d/1asvFPuCoxzqkHWSkPlP1Ki9InGJA7in5/view?usp=drivesdk,unknown brand / numeric filename / missing device name
1w4I8GPFU0swxcV11ozs4FTDggaBGSJJJ,YT-85695,Czesci_zamienne_YT-85695 YT-85696.pdf,YATO,https://drive.google.com/file/d/1w4I8GPFU0swxcV11ozs4FTDggaBGSJJJ/preview,https://drive.google.com/file/d/1w4I8GPFU0swxcV11ozs4FTDggaBGSJJJ/view?usp=drivesdk,unknown brand / numeric filename / missing device name
1w4I8GPFU0swxcV11ozs4FTDggaBGSJJJ,YT-85696,Czesci_zamienne_YT-85695 YT-85696.pdf,YATO,https://drive.google.com/file/d/1w4I8GPFU0swxcV11ozs4FTDggaBGSJJJ/preview,https://drive.google.com/file/d/1w4I8GPFU0swxcV11ozs4FTDggaBGSJJJ/view?usp=drivesdk,unknown brand / numeric filename / missing device name
1dRYTf9YwuUK6pfbrPJKghYO461PThLsM,YT-85700,Czesci_zamienne_YT-85700.pdf,YATO,https://drive.google.com/file/d/1dRYTf9YwuUK6pfbrPJKghYO461PThLsM/preview,https://drive.google.com/file/d/1dRYTf9YwuUK6pfbrPJKghYO461PThLsM/view?usp=drivesdk,unknown brand / numeric filename / missing device name
1zN2vFOBftpvTNkV4hWnCRhaSsXHH9eG6,YT-85701,Czesci_zamienne_YT-85701.pdf,YATO,https://drive.google.com/file/d/1zN2vFOBftpvTNkV4hWnCRhaSsXHH9eG6/preview,https://drive.google.com/file/d/1zN2vFOBftpvTNkV4hWnCRhaSsXHH9eG6/view?usp=drivesdk,unknown brand / numeric filename / missing device name
1wvo1bt4p382GLzKYWw9r_3hMwBUTIk5i,YT-85702,Czesci_zamienne_YT-85702.pdf,YATO,https://drive.google.com/file/d/1wvo1bt4p382GLzKYWw9r_3hMwBUTIk5i/preview,https://drive.google.com/file/d/1wvo1bt4p382GLzKYWw9r_3hMwBUTIk5i/view?usp=drivesdk,unknown brand / numeric filename / missing device name
1yW5T5Q15jzwW1HCztfKnRLs1JSTsw8Um,YT-85710,Czesci_zamienne_YT-85710.pdf,YATO,https://drive.google.com/file/d/1yW5T5Q15jzwW1HCztfKnRLs1JSTsw8Um/preview,https://drive.google.com/file/d/1yW5T5Q15jzwW1HCztfKnRLs1JSTsw8Um/view?usp=drivesdk,unknown brand / numeric filename / missing device name
1gjuZbaYt1MNEjPm-Cy_IXg7AEh5wHMJe,YT-85712,Czesci_zamienne_YT-85712.pdf,YATO,https://drive.google.com/file/d/1gjuZbaYt1MNEjPm-Cy_IXg7AEh5wHMJe/preview,https://drive.google.com/file/d/1gjuZbaYt1MNEjPm-Cy_IXg7AEh5wHMJe/view?usp=drivesdk,unknown brand / numeric filename / missing device name
1zs4MevReKjPKZ81rusd0q6mNIEmNBn3A,YT-85715,Czesci_zamienne_YT-85715.pdf,YATO,https://drive.google.com/file/d/1zs4MevReKjPKZ81rusd0q6mNIEmNBn3A/preview,https://drive.google.com/file/d/1zs4MevReKjPKZ81rusd0q6mNIEmNBn3A/view?usp=drivesdk,unknown brand / numeric filename / missing device name
1CiiqOTcdEF_lDldabuPbq4DUsoMYzg2C,YT-85716,Czesci_zamienne_YT-85716.pdf,YATO,https://drive.google.com/file/d/1CiiqOTcdEF_lDldabuPbq4DUsoMYzg2C/preview,https://drive.google.com/file/d/1CiiqOTcdEF_lDldabuPbq4DUsoMYzg2C/view?usp=drivesdk,unknown brand / numeric filename / missing device name
14FeXfbB_1je4wCiPzCJcam6wEWNMdbHI,YT-85719,Czesci_zamienne_YT-85719.pdf,YATO,https://drive.google.com/file/d/14FeXfbB_1je4wCiPzCJcam6wEWNMdbHI/preview,https://drive.google.com/file/d/14FeXfbB_1je4wCiPzCJcam6wEWNMdbHI/view?usp=drivesdk,unknown brand / numeric filename / missing device name
1WEbgA7eZw6vZgwyvLaaPoKlQF9zXGlm9,YT-85720,Czesci_zamienne_YT-85720.pdf,YATO,https://drive.google.com/file/d/1WEbgA7eZw6vZgwyvLaaPoKlQF9zXGlm9/preview,https://drive.google.com/file/d/1WEbgA7eZw6vZgwyvLaaPoKlQF9zXGlm9/view?usp=drivesdk,unknown brand / numeric filename / missing device name
1EUvPh5KIZMI2bej4Xn5oJBmFFzjF1dFX,YT-85800,Czesci_zamienne_YT-85800.pdf,YATO,https://drive.google.com/file/d/1EUvPh5KIZMI2bej4Xn5oJBmFFzjF1dFX/preview,https://drive.google.com/file/d/1EUvPh5KIZMI2bej4Xn5oJBmFFzjF1dFX/view?usp=drivesdk,unknown brand / numeric filename / missing device name
1HA6i6PLMBc1GA5KCCdMMvtjsxKiONdTx,YT-85803,Czesci_zamienne_YT-85803.pdf,YATO,https://drive.google.com/file/d/1HA6i6PLMBc1GA5KCCdMMvtjsxKiONdTx/preview,https://drive.google.com/file/d/1HA6i6PLMBc1GA5KCCdMMvtjsxKiONdTx/view?usp=drivesdk,unknown brand / numeric filename / missing device name
1VevRAIcLAADa0B8JXQqKaDuGeJiG0-p0,YT-85830,Czesci_zamienne_YT-85830.pdf,YATO,https://drive.google.com/file/d/1VevRAIcLAADa0B8JXQqKaDuGeJiG0-p0/preview,https://drive.google.com/file/d/1VevRAIcLAADa0B8JXQqKaDuGeJiG0-p0/view?usp=drivesdk,unknown brand / numeric filename / missing device name
1NpYuNbhf9DVZtYomXPFOkh4gVgETMJmD,YT-85850,Czesci_zamienne_YT-85850.pdf,YATO,https://drive.google.com/file/d/1NpYuNbhf9DVZtYomXPFOkh4gVgETMJmD/preview,https://drive.google.com/file/d/1NpYuNbhf9DVZtYomXPFOkh4gVgETMJmD/view?usp=drivesdk,unknown brand / numeric filename / missing device name
1_LMAXYt1gBdoj1VoTBqpRGfKvOnZM8tS,YT-85851,Czesci_zamienne_YT-85851.pdf,YATO,https://drive.google.com/file/d/1_LMAXYt1gBdoj1VoTBqpRGfKvOnZM8tS/preview,https://drive.google.com/file/d/1_LMAXYt1gBdoj1VoTBqpRGfKvOnZM8tS/view?usp=drivesdk,unknown brand / numeric filename / missing device name
1PHH3vrBhepNTMB-JTqwwoScWHSiIX757,YT-85860,Czesci_zamienne_YT-85860.pdf,YATO,https://drive.google.com/file/d/1PHH3vrBhepNTMB-JTqwwoScWHSiIX757/preview,https://drive.google.com/file/d/1PHH3vrBhepNTMB-JTqwwoScWHSiIX757/view?usp=drivesdk,unknown brand / numeric filename / missing device name
1VHMD2HCXv8wgTChLJUrJJXeggEXoYxIu,YT-85861,Czesci_zamienne_YT-85861.pdf,YATO,https://drive.google.com/file/d/1VHMD2HCXv8wgTChLJUrJJXeggEXoYxIu/preview,https://drive.google.com/file/d/1VHMD2HCXv8wgTChLJUrJJXeggEXoYxIu/view?usp=drivesdk,unknown brand / numeric filename / missing device name
1h2SEOzAZ2rajeS9_5m2KzMXdRW5L9us-,YT-85862,Czesci_zamienne_YT-85862.pdf,YATO,https://drive.google.com/file/d/1h2SEOzAZ2rajeS9_5m2KzMXdRW5L9us-/preview,https://drive.google.com/file/d/1h2SEOzAZ2rajeS9_5m2KzMXdRW5L9us-/view?usp=drivesdk,unknown brand / numeric filename / missing device name
1fvnqakidbfIUMg3jSd882chcOopa-Y0O,YT-85863,Czesci_zamienne_YT-85863.pdf,YATO,https://drive.google.com/file/d/1fvnqakidbfIUMg3jSd882chcOopa-Y0O/preview,https://drive.google.com/file/d/1fvnqakidbfIUMg3jSd882chcOopa-Y0O/view?usp=drivesdk,unknown brand / numeric filename / missing device name
1aR6sJUOD2aEuGzkkJxdHMib-RpwNufNj,YT-85864,Czesci_zamienne_YT-85864.pdf,YATO,https://drive.google.com/file/d/1aR6sJUOD2aEuGzkkJxdHMib-RpwNufNj/preview,https://drive.google.com/file/d/1aR6sJUOD2aEuGzkkJxdHMib-RpwNufNj/view?usp=drivesdk,unknown brand / numeric filename / missing device name
1lZxXMHPVLImrrxvDC8CK4XCFPn-2FXs8,YT-85910,Czesci_zamienne_YT-85910.pdf,YATO,https://drive.google.com/file/d/1lZxXMHPVLImrrxvDC8CK4XCFPn-2FXs8/preview,https://drive.google.com/file/d/1lZxXMHPVLImrrxvDC8CK4XCFPn-2FXs8/view?usp=drivesdk,unknown brand / numeric filename / missing device name
1thaVav1pZ_gH54fISsvvhc-mBlNRwZ_p,YT-85915,Czesci_zamienne_YT-85915.pdf,YATO,https://drive.google.com/file/d/1thaVav1pZ_gH54fISsvvhc-mBlNRwZ_p/preview,https://drive.google.com/file/d/1thaVav1pZ_gH54fISsvvhc-mBlNRwZ_p/view?usp=drivesdk,unknown brand / numeric filename / missing device name
1t2WodvgigO1SlguBwEDpFehAs-wl9WbC,YT-85930,Czesci_zamienne_YT-85930.pdf,YATO,https://drive.google.com/file/d/1t2WodvgigO1SlguBwEDpFehAs-wl9WbC/preview,https://drive.google.com/file/d/1t2WodvgigO1SlguBwEDpFehAs-wl9WbC/view?usp=drivesdk,unknown brand / numeric filename / missing device name
1ZwnTu8BJ2Z9Tj4cJe1N2ruBiBlzcZe0A,YT-86097,Czesci_zamienne_YT-86097.pdf,YATO,https://drive.google.com/file/d/1ZwnTu8BJ2Z9Tj4cJe1N2ruBiBlzcZe0A/preview,https://drive.google.com/file/d/1ZwnTu8BJ2Z9Tj4cJe1N2ruBiBlzcZe0A/view?usp=drivesdk,unknown brand / numeric filename / missing device name
1Ihfe12tQscAAQgNdx_1LTC4OgXioDMQC,YT-86106,Czesci_zamienne_YT-86106.pdf,YATO,https://drive.google.com/file/d/1Ihfe12tQscAAQgNdx_1LTC4OgXioDMQC/preview,https://drive.google.com/file/d/1Ihfe12tQscAAQgNdx_1LTC4OgXioDMQC/view?usp=drivesdk,unknown brand / numeric filename / missing device name
1y9KTtox2bkp6A0l9w_BiRwjU2g8enCBp,YT-86115,Czesci_zamienne_YT-86115.pdf,YATO,https://drive.google.com/file/d/1y9KTtox2bkp6A0l9w_BiRwjU2g8enCBp/preview,https://drive.google.com/file/d/1y9KTtox2bkp6A0l9w_BiRwjU2g8enCBp/view?usp=drivesdk,unknown brand / numeric filename / missing device name
1b9PnJo933JEpwB7AoEv2WGUOQ7T8g1ht,YT-86120,Czesci_zamienne_YT-86120.pdf,YATO,https://drive.google.com/file/d/1b9PnJo933JEpwB7AoEv2WGUOQ7T8g1ht/preview,https://drive.google.com/file/d/1b9PnJo933JEpwB7AoEv2WGUOQ7T8g1ht/view?usp=drivesdk,unknown brand / numeric filename / missing device name
1GCuImpXO9805f7Y2EgiWkX4L0IiCdJP1,YT-86125,Czesci_zamienne_YT-86125.pdf,YATO,https://drive.google.com/file/d/1GCuImpXO9805f7Y2EgiWkX4L0IiCdJP1/preview,https://drive.google.com/file/d/1GCuImpXO9805f7Y2EgiWkX4L0IiCdJP1/view?usp=drivesdk,unknown brand / numeric filename / missing device name
1s_gIN-uxK_R2uh1FKYtgvhXYIRlRawh2,YT-86139,Czesci_zamienne_YT-86139.pdf,YATO,https://drive.google.com/file/d/1s_gIN-uxK_R2uh1FKYtgvhXYIRlRawh2/preview,https://drive.google.com/file/d/1s_gIN-uxK_R2uh1FKYtgvhXYIRlRawh2/view?usp=drivesdk,unknown brand / numeric filename / missing device name
1uFQRSy4p3cI8RvTLhT_I3-nCblc5NZDU,YT-86140,Czesci_zamienne_YT-86140.pdf,YATO,https://drive.google.com/file/d/1uFQRSy4p3cI8RvTLhT_I3-nCblc5NZDU/preview,https://drive.google.com/file/d/1uFQRSy4p3cI8RvTLhT_I3-nCblc5NZDU/view?usp=drivesdk,unknown brand / numeric filename / missing device name
1H6zDaM13S_CSjh3bcRf0bMm30n3-613f,YT-86144,Czesci_zamienne_YT-86144.pdf,YATO,https://drive.google.com/file/d/1H6zDaM13S_CSjh3bcRf0bMm30n3-613f/preview,https://drive.google.com/file/d/1H6zDaM13S_CSjh3bcRf0bMm30n3-613f/view?usp=drivesdk,unknown brand / numeric filename / missing device name
1ElMmE9sOhGQ1vWyUImWl6QvOBe27hiue,YT-86150,Czesci_zamienne_YT-86150.pdf,YATO,https://drive.google.com/file/d/1ElMmE9sOhGQ1vWyUImWl6QvOBe27hiue/preview,https://drive.google.com/file/d/1ElMmE9sOhGQ1vWyUImWl6QvOBe27hiue/view?usp=drivesdk,unknown brand / numeric filename / missing device name
1GwfMnp0wUmC_nqexhxWhUI9_1S1xXYPE,YT-86155,Czesci_zamienne_YT-86155.pdf,YATO,https://drive.google.com/file/d/1GwfMnp0wUmC_nqexhxWhUI9_1S1xXYPE/preview,https://drive.google.com/file/d/1GwfMnp0wUmC_nqexhxWhUI9_1S1xXYPE/view?usp=drivesdk,unknown brand / numeric filename / missing device name
1kkvSxe4wXJGxqw-S7bXLFO7iVRWKFqQb,YT-86158,Czesci_zamienne_YT-86158.pdf,YATO,https://drive.google.com/file/d/1kkvSxe4wXJGxqw-S7bXLFO7iVRWKFqQb/preview,https://drive.google.com/file/d/1kkvSxe4wXJGxqw-S7bXLFO7iVRWKFqQb/view?usp=drivesdk,unknown brand / numeric filename / missing device name
1jitYdLLopR0DFFH6J-gnRRQOXkYh1y02,YT-86160,Czesci_zamienne_YT-86160.pdf,YATO,https://drive.google.com/file/d/1jitYdLLopR0DFFH6J-gnRRQOXkYh1y02/preview,https://drive.google.com/file/d/1jitYdLLopR0DFFH6J-gnRRQOXkYh1y02/view?usp=drivesdk,unknown brand / numeric filename / missing device name
1kJJagT_i4vrwnqtL8R_hJNdHbFVEQZ3e,YT-86161,Czesci_zamienne_YT-86161.pdf,YATO,https://drive.google.com/file/d/1kJJagT_i4vrwnqtL8R_hJNdHbFVEQZ3e/preview,https://drive.google.com/file/d/1kJJagT_i4vrwnqtL8R_hJNdHbFVEQZ3e/view?usp=drivesdk,unknown brand / numeric filename / missing device name
1JtFhPZZT48yAQ6KEANQJ6QQlZnIZ0i73,YT-86200,Czesci_zamienne_YT-86200.pdf,YATO,https://drive.google.com/file/d/1JtFhPZZT48yAQ6KEANQJ6QQlZnIZ0i73/preview,https://drive.google.com/file/d/1JtFhPZZT48yAQ6KEANQJ6QQlZnIZ0i73/view?usp=drivesdk,unknown brand / numeric filename / missing device name
19ggdpIMRQbTL6Xorblz_fNAfjVt5zK5y,YT-86211,Czesci_zamienne_YT-86211.pdf,YATO,https://drive.google.com/file/d/19ggdpIMRQbTL6Xorblz_fNAfjVt5zK5y/preview,https://drive.google.com/file/d/19ggdpIMRQbTL6Xorblz_fNAfjVt5zK5y/view?usp=drivesdk,unknown brand / numeric filename / missing device name
1_X8AjiydeW1dXCFjI-nbpBE7yl-lau6-,YT-86220,Czesci_zamienne_YT-86220.pdf,YATO,https://drive.google.com/file/d/1_X8AjiydeW1dXCFjI-nbpBE7yl-lau6-/preview,https://drive.google.com/file/d/1_X8AjiydeW1dXCFjI-nbpBE7yl-lau6-/view?usp=drivesdk,unknown brand / numeric filename / missing device name
1C2ocXWkiaYVFXupTCgygRqDMpAvXgKXb,YT-86240,Czesci_zamienne_YT-86240.pdf,YATO,https://drive.google.com/file/d/1C2ocXWkiaYVFXupTCgygRqDMpAvXgKXb/preview,https://drive.google.com/file/d/1C2ocXWkiaYVFXupTCgygRqDMpAvXgKXb/view?usp=drivesdk,unknown brand / numeric filename / missing device name
1prtvSvm31QgVPE_HOmHuHkjjklZpMkQ3,YT-86300,Czesci_zamienne_YT-86300.pdf,YATO,https://drive.google.com/file/d/1prtvSvm31QgVPE_HOmHuHkjjklZpMkQ3/preview,https://drive.google.com/file/d/1prtvSvm31QgVPE_HOmHuHkjjklZpMkQ3/view?usp=drivesdk,unknown brand / numeric filename / missing device name
19LnVqb8ktGlY8PzH7VdKWqUfeggoju2B,YT-86305,Czesci_zamienne_YT-86305.pdf,YATO,https://drive.google.com/file/d/19LnVqb8ktGlY8PzH7VdKWqUfeggoju2B/preview,https://drive.google.com/file/d/19LnVqb8ktGlY8PzH7VdKWqUfeggoju2B/view?usp=drivesdk,unknown brand / numeric filename / missing device name
1ZWA0xOegFgYND6yD16NN5wj-5KR4awVa,YT-86400,Czesci_zamienne_YT-86400.pdf,YATO,https://drive.google.com/file/d/1ZWA0xOegFgYND6yD16NN5wj-5KR4awVa/preview,https://drive.google.com/file/d/1ZWA0xOegFgYND6yD16NN5wj-5KR4awVa/view?usp=drivesdk,unknown brand / numeric filename / missing device name
1VjCsYWYcOYu0HfCUCadnU2K32khErwqP,YT-99500,Czesci_zamienne_YT-99500.pdf,YATO,https://drive.google.com/file/d/1VjCsYWYcOYu0HfCUCadnU2K32khErwqP/preview,https://drive.google.com/file/d/1VjCsYWYcOYu0HfCUCadnU2K32khErwqP/view?usp=drivesdk,unknown brand / numeric filename / missing device name
1O3lm44Yuxva9KBlPcEvYpobiaLMy_bT_,YT-99501,Czesci_zamienne_YT-99501.pdf,YATO,https://drive.google.com/file/d/1O3lm44Yuxva9KBlPcEvYpobiaLMy_bT_/preview,https://drive.google.com/file/d/1O3lm44Yuxva9KBlPcEvYpobiaLMy_bT_/view?usp=drivesdk,unknown brand / numeric filename / missing device name
1X0bSvqhnmNQTzGF76_VxO3-Ia1r3DijT,YT-99520,Czesci_zamienne_YT-99520.pdf,YATO,https://drive.google.com/file/d/1X0bSvqhnmNQTzGF76_VxO3-Ia1r3DijT/preview,https://drive.google.com/file/d/1X0bSvqhnmNQTzGF76_VxO3-Ia1r3DijT/view?usp=drivesdk,unknown brand / numeric filename / missing device name
1WSzWUGt8uZQtK_flTNIZrWIbR9WL2-UA,YT-99530,Czesci_zamienne_YT-99530.pdf,YATO,https://drive.google.com/file/d/1WSzWUGt8uZQtK_flTNIZrWIbR9WL2-UA/preview,https://drive.google.com/file/d/1WSzWUGt8uZQtK_flTNIZrWIbR9WL2-UA/view?usp=drivesdk,unknown brand / numeric filename / missing device name
1nN53C1z4gsNi6egaJa18MXwzSucUCxRC,YT-99531,Czesci_zamienne_YT-99531.pdf,YATO,https://drive.google.com/file/d/1nN53C1z4gsNi6egaJa18MXwzSucUCxRC/preview,https://drive.google.com/file/d/1nN53C1z4gsNi6egaJa18MXwzSucUCxRC/view?usp=drivesdk,unknown brand / numeric filename / missing device name
1wWHRwBQAKfed16bHgTX_BetvCF9xQrp9,YT-99532,Czesci_zamienne_YT-99532.pdf,YATO,https://drive.google.com/file/d/1wWHRwBQAKfed16bHgTX_BetvCF9xQrp9/preview,https://drive.google.com/file/d/1wWHRwBQAKfed16bHgTX_BetvCF9xQrp9/view?usp=drivesdk,unknown brand / numeric filename / missing device name
1bzSdk-vOa-CYO93O0_qHf_f22UJUHnAH,YT-99536,Czesci_zamienne_YT-99536.pdf,YATO,https://drive.google.com/file/d/1bzSdk-vOa-CYO93O0_qHf_f22UJUHnAH/preview,https://drive.google.com/file/d/1bzSdk-vOa-CYO93O0_qHf_f22UJUHnAH/view?usp=drivesdk,unknown brand / numeric filename / missing device name
1FAyuocRkGMy5twzuhtvVprCURnxUepIV,YT-99650,Czesci_zamienne_YT-99650.pdf,YATO,https://drive.google.com/file/d/1FAyuocRkGMy5twzuhtvVprCURnxUepIV/preview,https://drive.google.com/file/d/1FAyuocRkGMy5twzuhtvVprCURnxUepIV/view?usp=drivesdk,unknown brand / numeric filename / missing device name
1eDu1Gyzoa1mppUgh6WzRFAyTyYhnTA3H,YT-99651,Czesci_zamienne_YT-99651.pdf,YATO,https://drive.google.com/file/d/1eDu1Gyzoa1mppUgh6WzRFAyTyYhnTA3H/preview,https://drive.google.com/file/d/1eDu1Gyzoa1mppUgh6WzRFAyTyYhnTA3H/view?usp=drivesdk,unknown brand / numeric filename / missing device name
1gzu6TuDb_zH5bpFEbizn3ZPhLjmg1_EA,YT-99690,Czesci_zamienne_YT-99690.pdf,YATO,https://drive.google.com/file/d/1gzu6TuDb_zH5bpFEbizn3ZPhLjmg1_EA/preview,https://drive.google.com/file/d/1gzu6TuDb_zH5bpFEbizn3ZPhLjmg1_EA/view?usp=drivesdk,unknown brand / numeric filename / missing device name
1axs06S8zuqSncPrsOVPcWpbjO1emn7Zl,YT-99693,Czesci_zamienne_YT-99693.pdf,YATO,https://drive.google.com/file/d/1axs06S8zuqSncPrsOVPcWpbjO1emn7Zl/preview,https://drive.google.com/file/d/1axs06S8zuqSncPrsOVPcWpbjO1emn7Zl/view?usp=drivesdk,unknown brand / numeric filename / missing device name
18xuCFQTcrh5baZqtlkMfk9sN1tdWGtUA,YT-99695,Czesci_zamienne_YT-99695.pdf,YATO,https://drive.google.com/file/d/18xuCFQTcrh5baZqtlkMfk9sN1tdWGtUA/preview,https://drive.google.com/file/d/18xuCFQTcrh5baZqtlkMfk9sN1tdWGtUA/view?usp=drivesdk,unknown brand / numeric filename / missing device name
1r4PF_LFoLmQpxDyM4ZWgzGnIOzwaDqpJ,YT-99700,Czesci_zamienne_YT-99700.pdf,YATO,https://drive.google.com/file/d/1r4PF_LFoLmQpxDyM4ZWgzGnIOzwaDqpJ/preview,https://drive.google.com/file/d/1r4PF_LFoLmQpxDyM4ZWgzGnIOzwaDqpJ/view?usp=drivesdk,unknown brand / numeric filename / missing device name
1N0wQ-xP4gI3NFr7WQbftD6K7iuPxRXz3,YT-99705,Czesci_zamienne_YT-99705.pdf,YATO,https://drive.google.com/file/d/1N0wQ-xP4gI3NFr7WQbftD6K7iuPxRXz3/preview,https://drive.google.com/file/d/1N0wQ-xP4gI3NFr7WQbftD6K7iuPxRXz3/view?usp=drivesdk,unknown brand / numeric filename / missing device name
1AFcZuQpUju3nIPCCVoHf2xN-Fa245MA6,YT-99710,Czesci_zamienne_YT-99710.pdf,YATO,https://drive.google.com/file/d/1AFcZuQpUju3nIPCCVoHf2xN-Fa245MA6/preview,https://drive.google.com/file/d/1AFcZuQpUju3nIPCCVoHf2xN-Fa245MA6/view?usp=drivesdk,unknown brand / numeric filename / missing device name
1pbsIKOqCy_MOV8ABdb4K-PlSXE19mfea,YT-99720,Czesci_zamienne_YT-99720.pdf,YATO,https://drive.google.com/file/d/1pbsIKOqCy_MOV8ABdb4K-PlSXE19mfea/preview,https://drive.google.com/file/d/1pbsIKOqCy_MOV8ABdb4K-PlSXE19mfea/view?usp=drivesdk,unknown brand / numeric filename / missing device name
1fJ3xNKhf0i14p9Fm4uS469JiP9HONWqt,YT-99730,Czesci_zamienne_YT-99730.pdf,YATO,https://drive.google.com/file/d/1fJ3xNKhf0i14p9Fm4uS469JiP9HONWqt/preview,https://drive.google.com/file/d/1fJ3xNKhf0i14p9Fm4uS469JiP9HONWqt/view?usp=drivesdk,unknown brand / numeric filename / missing device name
1jV05HrUj4XmoREnY30wHNp9y2vqpsMqr,YT-99733,Czesci_zamienne_YT-99733.pdf,YATO,https://drive.google.com/file/d/1jV05HrUj4XmoREnY30wHNp9y2vqpsMqr/preview,https://drive.google.com/file/d/1jV05HrUj4XmoREnY30wHNp9y2vqpsMqr/view?usp=drivesdk,unknown brand / numeric filename / missing device name
10Dqmf_Q9p97rnErZ9n7NIeqwlpruq83c,YT-99738,Czesci_zamienne_YT-99738.pdf,YATO,https://drive.google.com/file/d/10Dqmf_Q9p97rnErZ9n7NIeqwlpruq83c/preview,https://drive.google.com/file/d/10Dqmf_Q9p97rnErZ9n7NIeqwlpruq83c/view?usp=drivesdk,unknown brand / numeric filename / missing device name
1TOMr2HhpgGO6J45xvy7d-aW6SUPdb7-h,YT-99739,Czesci_zamienne_YT-99739.pdf,YATO,https://drive.google.com/file/d/1TOMr2HhpgGO6J45xvy7d-aW6SUPdb7-h/preview,https://drive.google.com/file/d/1TOMr2HhpgGO6J45xvy7d-aW6SUPdb7-h/view?usp=drivesdk,unknown brand / numeric filename / missing device name
1_Sz7yMCBnVBWXhB4hP69Ew5cHU6lxY7g,YT-99740,Czesci_zamienne_YT-99740.pdf,YATO,https://drive.google.com/file/d/1_Sz7yMCBnVBWXhB4hP69Ew5cHU6lxY7g/preview,https://drive.google.com/file/d/1_Sz7yMCBnVBWXhB4hP69Ew5cHU6lxY7g/view?usp=drivesdk,unknown brand / numeric filename / missing device name
1jmxa2WhFxt_5TdpVNRlUt_RD8mT7OnPo,YT-99743,Czesci_zamienne_YT-99743.pdf,YATO,https://drive.google.com/file/d/1jmxa2WhFxt_5TdpVNRlUt_RD8mT7OnPo/preview,https://drive.google.com/file/d/1jmxa2WhFxt_5TdpVNRlUt_RD8mT7OnPo/view?usp=drivesdk,unknown brand / numeric filename / missing device name
1oEwSBnBx8pVF9c6GbbOBQjQqx9GhOFnu,YT-99760,Czesci_zamienne_YT-99760.pdf,YATO,https://drive.google.com/file/d/1oEwSBnBx8pVF9c6GbbOBQjQqx9GhOFnu/preview,https://drive.google.com/file/d/1oEwSBnBx8pVF9c6GbbOBQjQqx9GhOFnu/view?usp=drivesdk,unknown brand / numeric filename / missing device name
1aRXtj6EzI6N_Smxe7tup6qOK4iNKpmu8,YT-99763,Czesci_zamienne_YT-99763.pdf,YATO,https://drive.google.com/file/d/1aRXtj6EzI6N_Smxe7tup6qOK4iNKpmu8/preview,https://drive.google.com/file/d/1aRXtj6EzI6N_Smxe7tup6qOK4iNKpmu8/view?usp=drivesdk,unknown brand / numeric filename / missing device name
105oFJqRI0PIKlpxMzFO_ohc4Xp26qlW-,YG-03000,Czesci_zamienne_YG-03000.pdf,YATO GASTRO,https://drive.google.com/file/d/105oFJqRI0PIKlpxMzFO_ohc4Xp26qlW-/preview,https://drive.google.com/file/d/105oFJqRI0PIKlpxMzFO_ohc4Xp26qlW-/view?usp=drivesdk,unknown brand / numeric filename / missing device name
18LeGgvNVJHTSshsvRUtnKCppw6rD9gfF,YG-03006,Czesci_zamienne_YG-03006.pdf,YATO GASTRO,https://drive.google.com/file/d/18LeGgvNVJHTSshsvRUtnKCppw6rD9gfF/preview,https://drive.google.com/file/d/18LeGgvNVJHTSshsvRUtnKCppw6rD9gfF/view?usp=drivesdk,unknown brand / numeric filename / missing device name
1x-lpIKRsjmm6waU1FnseweaQIWPyN72b,YG-03012,Czesci_zamienne_YG-03012.pdf,YATO GASTRO,https://drive.google.com/file/d/1x-lpIKRsjmm6waU1FnseweaQIWPyN72b/preview,https://drive.google.com/file/d/1x-lpIKRsjmm6waU1FnseweaQIWPyN72b/view?usp=drivesdk,unknown brand / numeric filename / missing device name
1eatWRR1WFJvpOgnP94zckDHY1Mq6YruX,YG-03020,Czesci_zamienne_YG-03020.pdf,YATO GASTRO,https://drive.google.com/file/d/1eatWRR1WFJvpOgnP94zckDHY1Mq6YruX/preview,https://drive.google.com/file/d/1eatWRR1WFJvpOgnP94zckDHY1Mq6YruX/view?usp=drivesdk,unknown brand / numeric filename / missing device name
1H-gTJMBC7lXDDkqixecPkOYYP5cOwpfu,YG-03021,Czesci_zamienne_YG-03021.pdf,YATO GASTRO,https://drive.google.com/file/d/1H-gTJMBC7lXDDkqixecPkOYYP5cOwpfu/preview,https://drive.google.com/file/d/1H-gTJMBC7lXDDkqixecPkOYYP5cOwpfu/view?usp=drivesdk,unknown brand / numeric filename / missing device name
1VEZ6VscdKxQHI1aSBuUuIaPLX8E6Lqx5,YG-03022,Czesci_zamienne_YG-03022.pdf,YATO GASTRO,https://drive.google.com/file/d/1VEZ6VscdKxQHI1aSBuUuIaPLX8E6Lqx5/preview,https://drive.google.com/file/d/1VEZ6VscdKxQHI1aSBuUuIaPLX8E6Lqx5/view?usp=drivesdk,unknown brand / numeric filename / missing device name
1kbJM8q37BCPYMOzAwj8_bC-Atvz3Lig-,YG-03023,Czesci_zamienne_YG-03023.pdf,YATO GASTRO,https://drive.google.com/file/d/1kbJM8q37BCPYMOzAwj8_bC-Atvz3Lig-/preview,https://drive.google.com/file/d/1kbJM8q37BCPYMOzAwj8_bC-Atvz3Lig-/view?usp=drivesdk,unknown brand / numeric filename / missing device name
1TwPO-bpJv9UpTZGwsDidk2QInwreHQey,YG-03025,Czesci_zamienne_YG-03025.pdf,YATO GASTRO,https://drive.google.com/file/d/1TwPO-bpJv9UpTZGwsDidk2QInwreHQey/preview,https://drive.google.com/file/d/1TwPO-bpJv9UpTZGwsDidk2QInwreHQey/view?usp=drivesdk,unknown brand / numeric filename / missing device name
1d_gYqOxsd1Azkoqi1kRlvuuLbEfkzZtP,YG-03026,Czesci_zamienne_YG-03026.pdf,YATO GASTRO,https://drive.google.com/file/d/1d_gYqOxsd1Azkoqi1kRlvuuLbEfkzZtP/preview,https://drive.google.com/file/d/1d_gYqOxsd1Azkoqi1kRlvuuLbEfkzZtP/view?usp=drivesdk,unknown brand / numeric filename / missing device name
12HSkxCWQe77u3ARCrq5MdyiOsc97Bqa-,YG-03027,Czesci_zamienne_YG-03027.pdf,YATO GASTRO,https://drive.google.com/file/d/12HSkxCWQe77u3ARCrq5MdyiOsc97Bqa-/preview,https://drive.google.com/file/d/12HSkxCWQe77u3ARCrq5MdyiOsc97Bqa-/view?usp=drivesdk,unknown brand / numeric filename / missing device name
1ky_LpDsn5P0tQG5iFXJNaPjqImkEzqC7,YG-03028,Czesci_zamienne_YG-03028.pdf,YATO GASTRO,https://drive.google.com/file/d/1ky_LpDsn5P0tQG5iFXJNaPjqImkEzqC7/preview,https://drive.google.com/file/d/1ky_LpDsn5P0tQG5iFXJNaPjqImkEzqC7/view?usp=drivesdk,unknown brand / numeric filename / missing device name
1GSZJKQkrsN19VgLZmoBjv_wWGbnjdFdw,YG-03029,Czesci_zamienne_YG-03029.pdf,YATO GASTRO,https://drive.google.com/file/d/1GSZJKQkrsN19VgLZmoBjv_wWGbnjdFdw/preview,https://drive.google.com/file/d/1GSZJKQkrsN19VgLZmoBjv_wWGbnjdFdw/view?usp=drivesdk,unknown brand / numeric filename / missing device name
1AOkqcXFtoU9KMZ8uRuYHp_kD4wMBqfyc,YG-03059,Czesci_zamienne_YG-03059.pdf,YATO GASTRO,https://drive.google.com/file/d/1AOkqcXFtoU9KMZ8uRuYHp_kD4wMBqfyc/preview,https://drive.google.com/file/d/1AOkqcXFtoU9KMZ8uRuYHp_kD4wMBqfyc/view?usp=drivesdk,unknown brand / numeric filename / missing device name
1tfsvYbLxnrbz5gSzSInEYYgPNnssxCRM,YG-03060,Czesci_zamienne_YG-03060.pdf,YATO GASTRO,https://drive.google.com/file/d/1tfsvYbLxnrbz5gSzSInEYYgPNnssxCRM/preview,https://drive.google.com/file/d/1tfsvYbLxnrbz5gSzSInEYYgPNnssxCRM/view?usp=drivesdk,unknown brand / numeric filename / missing device name
1KQ7ZOOlgAkLGWp7O1Xn8Gc7zXHIcaXGj,YG-03062,Czesci_zamienne_YG-03062.pdf,YATO GASTRO,https://drive.google.com/file/d/1KQ7ZOOlgAkLGWp7O1Xn8Gc7zXHIcaXGj/preview,https://drive.google.com/file/d/1KQ7ZOOlgAkLGWp7O1Xn8Gc7zXHIcaXGj/view?usp=drivesdk,unknown brand / numeric filename / missing device name
1jss2V9QMPqBuiUI1waI_G4wb64fW97sC,YG-03065,Czesci_zamienne_YG-03065.pdf,YATO GASTRO,https://drive.google.com/file/d/1jss2V9QMPqBuiUI1waI_G4wb64fW97sC/preview,https://drive.google.com/file/d/1jss2V9QMPqBuiUI1waI_G4wb64fW97sC/view?usp=drivesdk,unknown brand / numeric filename / missing device name
1Pz53c5_1wzs7jivaZZuTIYLwfhUGLLvm,YG-03068,Czesci_zamienne_YG-03068.pdf,YATO GASTRO,https://drive.google.com/file/d/1Pz53c5_1wzs7jivaZZuTIYLwfhUGLLvm/preview,https://drive.google.com/file/d/1Pz53c5_1wzs7jivaZZuTIYLwfhUGLLvm/view?usp=drivesdk,unknown brand / numeric filename / missing device name
1UYLgAtvSTGPeDYAulHk3Cl0Lo-xJ9HrV,YG-03087,Czesci_zamienne_YG-03087.pdf,YATO GASTRO,https://drive.google.com/file/d/1UYLgAtvSTGPeDYAulHk3Cl0Lo-xJ9HrV/preview,https://drive.google.com/file/d/1UYLgAtvSTGPeDYAulHk3Cl0Lo-xJ9HrV/view?usp=drivesdk,unknown brand / numeric filename / missing device name
1vu_XZA6z1gYf0dRyWVkbTZ0ue6qtPLqB,YG-03090,Czesci_zamienne_YG-03090.pdf,YATO GASTRO,https://drive.google.com/file/d/1vu_XZA6z1gYf0dRyWVkbTZ0ue6qtPLqB/preview,https://drive.google.com/file/d/1vu_XZA6z1gYf0dRyWVkbTZ0ue6qtPLqB/view?usp=drivesdk,unknown brand / numeric filename / missing device name
1vRlMbx4EzZABAznWqY8U4IPJkNfbeDEx,YG-03100,Czesci_zamienne_YG-03100.pdf,YATO GASTRO,https://drive.google.com/file/d/1vRlMbx4EzZABAznWqY8U4IPJkNfbeDEx/preview,https://drive.google.com/file/d/1vRlMbx4EzZABAznWqY8U4IPJkNfbeDEx/view?usp=drivesdk,unknown brand / numeric filename / missing device name
1Mu0J7afZaCsMue-8L2FEWPGJ-aRJthzW,YG-03110,Czesci_zamienne_YG-03110.pdf,YATO GASTRO,https://drive.google.com/file/d/1Mu0J7afZaCsMue-8L2FEWPGJ-aRJthzW/preview,https://drive.google.com/file/d/1Mu0J7afZaCsMue-8L2FEWPGJ-aRJthzW/view?usp=drivesdk,unknown brand / numeric filename / missing device name
16ZKShR7DFvrMhfk8vAWY2vLjYhkO7Kxy,YG-03118,Czesci_zamienne_YG-03118.pdf,YATO GASTRO,https://drive.google.com/file/d/16ZKShR7DFvrMhfk8vAWY2vLjYhkO7Kxy/preview,https://drive.google.com/file/d/16ZKShR7DFvrMhfk8vAWY2vLjYhkO7Kxy/view?usp=drivesdk,unknown brand / numeric filename / missing device name
1QsSdZWU-Efah03borBdNeFvYdm454TOZ,YG-03120,Czesci_zamienne_YG-03120.pdf,YATO GASTRO,https://drive.google.com/file/d/1QsSdZWU-Efah03borBdNeFvYdm454TOZ/preview,https://drive.google.com/file/d/1QsSdZWU-Efah03borBdNeFvYdm454TOZ/view?usp=drivesdk,unknown brand / numeric filename / missing device name
1QrqnLXGcEVVyg92Z2pAJr6e6JB3nWNzJ,YG-03130,Czesci_zamienne_YG-03130.pdf,YATO GASTRO,https://drive.google.com/file/d/1QrqnLXGcEVVyg92Z2pAJr6e6JB3nWNzJ/preview,https://drive.google.com/file/d/1QrqnLXGcEVVyg92Z2pAJr6e6JB3nWNzJ/view?usp=drivesdk,unknown brand / numeric filename / missing device name
1kl7ahBltHPoM_gDL-AOPnnIapcqQNRl4,YG-03200,Czesci_zamienne_YG-03200.pdf,YATO GASTRO,https://drive.google.com/file/d/1kl7ahBltHPoM_gDL-AOPnnIapcqQNRl4/preview,https://drive.google.com/file/d/1kl7ahBltHPoM_gDL-AOPnnIapcqQNRl4/view?usp=drivesdk,unknown brand / numeric filename / missing device name
1Qq3DZYL87u4e41fypbuBDVkrEM34JaSQ,YG-03211,Czesci_zamienne_YG-03211.pdf,YATO GASTRO,https://drive.google.com/file/d/1Qq3DZYL87u4e41fypbuBDVkrEM34JaSQ/preview,https://drive.google.com/file/d/1Qq3DZYL87u4e41fypbuBDVkrEM34JaSQ/view?usp=drivesdk,unknown brand / numeric filename / missing device name
1PU37ufjdQW4-tchiH4b_ddx9QBDzN7kp,YG-03215,Czesci_zamienne_YG-03215.pdf,YATO GASTRO,https://drive.google.com/file/d/1PU37ufjdQW4-tchiH4b_ddx9QBDzN7kp/preview,https://drive.google.com/file/d/1PU37ufjdQW4-tchiH4b_ddx9QBDzN7kp/view?usp=drivesdk,unknown brand / numeric filename / missing device name
1VKIipqmUgD1eUunW00UqB-sBi1-7mM7R,YG-03231,Czesci_zamienne_YG-03231.pdf,YATO GASTRO,https://drive.google.com/file/d/1VKIipqmUgD1eUunW00UqB-sBi1-7mM7R/preview,https://drive.google.com/file/d/1VKIipqmUgD1eUunW00UqB-sBi1-7mM7R/view?usp=drivesdk,unknown brand / numeric filename / missing device name
1LrpploZ8CL4w9xq9yblv_4dkxTjbFmxT,YG-03232,Czesci_zamienne_YG-03232.pdf,YATO GASTRO,https://drive.google.com/file/d/1LrpploZ8CL4w9xq9yblv_4dkxTjbFmxT/preview,https://drive.google.com/file/d/1LrpploZ8CL4w9xq9yblv_4dkxTjbFmxT/view?usp=drivesdk,unknown brand / numeric filename / missing device name
1VxtJ5MNhs1uPSumCen1pfJjxcW2iNSCX,YG-03235,Czesci_zamienne_YG-03235.pdf,YATO GASTRO,https://drive.google.com/file/d/1VxtJ5MNhs1uPSumCen1pfJjxcW2iNSCX/preview,https://drive.google.com/file/d/1VxtJ5MNhs1uPSumCen1pfJjxcW2iNSCX/view?usp=drivesdk,unknown brand / numeric filename / missing device name
1SjdnwltWtul5kf-5dj_Vdf1UsCJlRhvv,YG-03275,Czesci_zamienne_YG-03275.pdf,YATO GASTRO,https://drive.google.com/file/d/1SjdnwltWtul5kf-5dj_Vdf1UsCJlRhvv/preview,https://drive.google.com/file/d/1SjdnwltWtul5kf-5dj_Vdf1UsCJlRhvv/view?usp=drivesdk,unknown brand / numeric filename / missing device name
1QQmb6SpfGBo1XZeWzuPRur_HPJUTCEVf,YG-03300,Czesci_zamienne_YG-03300.pdf,YATO GASTRO,https://drive.google.com/file/d/1QQmb6SpfGBo1XZeWzuPRur_HPJUTCEVf/preview,https://drive.google.com/file/d/1QQmb6SpfGBo1XZeWzuPRur_HPJUTCEVf/view?usp=drivesdk,unknown brand / numeric filename / missing device name
1fCpfkm6XJ_lGM9R_azUuB0Chl69pV54B,YG-03350,Czesci_zamienne_YG-03350.pdf,YATO GASTRO,https://drive.google.com/file/d/1fCpfkm6XJ_lGM9R_azUuB0Chl69pV54B/preview,https://drive.google.com/file/d/1fCpfkm6XJ_lGM9R_azUuB0Chl69pV54B/view?usp=drivesdk,unknown brand / numeric filename / missing device name
1eALFD9rRUlGq4DEe5lO4Vo3veLIe38Um,YG-03360,Czesci_zamienne_YG-03360.pdf,YATO GASTRO,https://drive.google.com/file/d/1eALFD9rRUlGq4DEe5lO4Vo3veLIe38Um/preview,https://drive.google.com/file/d/1eALFD9rRUlGq4DEe5lO4Vo3veLIe38Um/view?usp=drivesdk,unknown brand / numeric filename / missing device name
17FxRPhIbK8L5-VqOzfc-tbpNeqXu5_1H,YG-03370,Czesci_zamienne_YG-03370.pdf,YATO GASTRO,https://drive.google.com/file/d/17FxRPhIbK8L5-VqOzfc-tbpNeqXu5_1H/preview,https://drive.google.com/file/d/17FxRPhIbK8L5-VqOzfc-tbpNeqXu5_1H/view?usp=drivesdk,unknown brand / numeric filename / missing device name
1G4z36UKX1du0tkh9QG6BvYHURJuQpZGC,YG-03371,Czesci_zamienne_YG-03371.pdf,YATO GASTRO,https://drive.google.com/file/d/1G4z36UKX1du0tkh9QG6BvYHURJuQpZGC/preview,https://drive.google.com/file/d/1G4z36UKX1du0tkh9QG6BvYHURJuQpZGC/view?usp=drivesdk,unknown brand / numeric filename / missing device name
19WN22FppCknLlDDhrdKkeQpxWj_fZMuo,YG-03372,Czesci_zamienne_YG-03372.pdf,YATO GASTRO,https://drive.google.com/file/d/19WN22FppCknLlDDhrdKkeQpxWj_fZMuo/preview,https://drive.google.com/file/d/19WN22FppCknLlDDhrdKkeQpxWj_fZMuo/view?usp=drivesdk,unknown brand / numeric filename / missing device name
1mzU4_d4HB-gSEZcOremmPZFAcrGbXsOv,YG-03373,Czesci_zamienne_YG-03373.pdf,YATO GASTRO,https://drive.google.com/file/d/1mzU4_d4HB-gSEZcOremmPZFAcrGbXsOv/preview,https://drive.google.com/file/d/1mzU4_d4HB-gSEZcOremmPZFAcrGbXsOv/view?usp=drivesdk,unknown brand / numeric filename / missing device name
1QSQ3qx3ohoAF7QtSbZBNp8pSSc7VeGyV,YG-03379,Czesci_zamienne_YG-03379.pdf,YATO GASTRO,https://drive.google.com/file/d/1QSQ3qx3ohoAF7QtSbZBNp8pSSc7VeGyV/preview,https://drive.google.com/file/d/1QSQ3qx3ohoAF7QtSbZBNp8pSSc7VeGyV/view?usp=drivesdk,unknown brand / numeric filename / missing device name
12ms-vus_VhMTlYLQA_gHtL8U4cZRJYTt,YG-03380,Czesci_zamienne_YG-03380.pdf,YATO GASTRO,https://drive.google.com/file/d/12ms-vus_VhMTlYLQA_gHtL8U4cZRJYTt/preview,https://drive.google.com/file/d/12ms-vus_VhMTlYLQA_gHtL8U4cZRJYTt/view?usp=drivesdk,unknown brand / numeric filename / missing device name
1ALkzt4KLWV0fvNBUebHnU7QMBRdwrzP0,YG-03382,Czesci_zamienne_YG-03382.pdf,YATO GASTRO,https://drive.google.com/file/d/1ALkzt4KLWV0fvNBUebHnU7QMBRdwrzP0/preview,https://drive.google.com/file/d/1ALkzt4KLWV0fvNBUebHnU7QMBRdwrzP0/view?usp=drivesdk,unknown brand / numeric filename / missing device name
1hTtru5uaE9orG8_jBwV8YeZxfDEaRfLN,YG-03392,Czesci_zamienne_YG-03392.pdf,YATO GASTRO,https://drive.google.com/file/d/1hTtru5uaE9orG8_jBwV8YeZxfDEaRfLN/preview,https://drive.google.com/file/d/1hTtru5uaE9orG8_jBwV8YeZxfDEaRfLN/view?usp=drivesdk,unknown brand / numeric filename / missing device name
1sdnkBXMp7K3t6BeoEGr870nUviAwf4ub,YG-03395,Czesci_zamienne_YG-03395.pdf,YATO GASTRO,https://drive.google.com/file/d/1sdnkBXMp7K3t6BeoEGr870nUviAwf4ub/preview,https://drive.google.com/file/d/1sdnkBXMp7K3t6BeoEGr870nUviAwf4ub/view?usp=drivesdk,unknown brand / numeric filename / missing device name
1mGuBWk-YfmZaLbfsQSaHVjc6SXnMHJb0,YG-04250,Czesci_zamienne_YG-04250.pdf,YATO GASTRO,https://drive.google.com/file/d/1mGuBWk-YfmZaLbfsQSaHVjc6SXnMHJb0/preview,https://drive.google.com/file/d/1mGuBWk-YfmZaLbfsQSaHVjc6SXnMHJb0/view?usp=drivesdk,unknown brand / numeric filename / missing device name
1Oua7op2t1d-ujuEvUSlXYcqFmHXuAvXk,YG-04292,Czesci_zamienne_YG-04292.pdf,YATO GASTRO,https://drive.google.com/file/d/1Oua7op2t1d-ujuEvUSlXYcqFmHXuAvXk/preview,https://drive.google.com/file/d/1Oua7op2t1d-ujuEvUSlXYcqFmHXuAvXk/view?usp=drivesdk,unknown brand / numeric filename / missing device name
1R_h_z0-ao1qp6LFI_lHnqx20RHtSIv2K,YG-04301,Czesci_zamienne_YG-04301.pdf,YATO GASTRO,https://drive.google.com/file/d/1R_h_z0-ao1qp6LFI_lHnqx20RHtSIv2K/preview,https://drive.google.com/file/d/1R_h_z0-ao1qp6LFI_lHnqx20RHtSIv2K/view?usp=drivesdk,unknown brand / numeric filename / missing device name
1GPqGz4p7D8tEUCwoWPWUVGAgSvIo9dpP,YG-04310,Czesci_zamienne_YG-04310.pdf,YATO GASTRO,https://drive.google.com/file/d/1GPqGz4p7D8tEUCwoWPWUVGAgSvIo9dpP/preview,https://drive.google.com/file/d/1GPqGz4p7D8tEUCwoWPWUVGAgSvIo9dpP/view?usp=drivesdk,unknown brand / numeric filename / missing device name
1rFj0jYBCqjFV8JJewBrXwYqGPISclXRT,YG-04311,Czesci_zamienne_YG-04311.pdf,YATO GASTRO,https://drive.google.com/file/d/1rFj0jYBCqjFV8JJewBrXwYqGPISclXRT/preview,https://drive.google.com/file/d/1rFj0jYBCqjFV8JJewBrXwYqGPISclXRT/view?usp=drivesdk,unknown brand / numeric filename / missing device name
1Yp-mxxvBZC6odbOFEBAUb_dr3j8DFdtk,YG-04315,Czesci_zamienne_YG-04315.pdf,YATO GASTRO,https://drive.google.com/file/d/1Yp-mxxvBZC6odbOFEBAUb_dr3j8DFdtk/preview,https://drive.google.com/file/d/1Yp-mxxvBZC6odbOFEBAUb_dr3j8DFdtk/view?usp=drivesdk,unknown brand / numeric filename / missing device name
1FE_B0NfVH1xSb78jKYc0cMoZMO4mWkqu,YG-04316,Czesci_zamienne_YG-04316.pdf,YATO GASTRO,https://drive.google.com/file/d/1FE_B0NfVH1xSb78jKYc0cMoZMO4mWkqu/preview,https://drive.google.com/file/d/1FE_B0NfVH1xSb78jKYc0cMoZMO4mWkqu/view?usp=drivesdk,unknown brand / numeric filename / missing device name
1FYmrwGGwLFS41OyR6qSldZx1peub0Qwr,YG-04318,Czesci_zamienne_YG-04318.pdf,YATO GASTRO,https://drive.google.com/file/d/1FYmrwGGwLFS41OyR6qSldZx1peub0Qwr/preview,https://drive.google.com/file/d/1FYmrwGGwLFS41OyR6qSldZx1peub0Qwr/view?usp=drivesdk,unknown brand / numeric filename / missing device name
1bzyFGLvJahfsc-ua2D2fD2tIStRhM1V7,YG-04319,Czesci_zamienne_YG-04319.pdf,YATO GASTRO,https://drive.google.com/file/d/1bzyFGLvJahfsc-ua2D2fD2tIStRhM1V7/preview,https://drive.google.com/file/d/1bzyFGLvJahfsc-ua2D2fD2tIStRhM1V7/view?usp=drivesdk,unknown brand / numeric filename / missing device name
1x_-PVJfnPQExxcWflGU_2dusWDFfJadk,YG-04321,Czesci_zamienne_YG-04321.pdf,YATO GASTRO,https://drive.google.com/file/d/1x_-PVJfnPQExxcWflGU_2dusWDFfJadk/preview,https://drive.google.com/file/d/1x_-PVJfnPQExxcWflGU_2dusWDFfJadk/view?usp=drivesdk,unknown brand / numeric filename / missing device name
1HdJy94YYJEfZ0jk6x0apS-JVv-hQCYX1,YG-04324,Czesci_zamienne_YG-04324.pdf,YATO GASTRO,https://drive.google.com/file/d/1HdJy94YYJEfZ0jk6x0apS-JVv-hQCYX1/preview,https://drive.google.com/file/d/1HdJy94YYJEfZ0jk6x0apS-JVv-hQCYX1/view?usp=drivesdk,unknown brand / numeric filename / missing device name
1OXkc5EtpSM9lEGmQcDMqz9V0GzQkImM6,YG-04555,Czesci_zamienne_YG-04555.pdf,YATO GASTRO,https://drive.google.com/file/d/1OXkc5EtpSM9lEGmQcDMqz9V0GzQkImM6/preview,https://drive.google.com/file/d/1OXkc5EtpSM9lEGmQcDMqz9V0GzQkImM6/view?usp=drivesdk,unknown brand / numeric filename / missing device name
1e2HtAwqqktn2mD3_0hcuf06k83MrFFld,YG-04556,Czesci_zamienne_YG-04556.pdf,YATO GASTRO,https://drive.google.com/file/d/1e2HtAwqqktn2mD3_0hcuf06k83MrFFld/preview,https://drive.google.com/file/d/1e2HtAwqqktn2mD3_0hcuf06k83MrFFld/view?usp=drivesdk,unknown brand / numeric filename / missing device name
1zyuuTPiIQVY9FUjR7BAubFidt4VfYuPZ,YG-04557,Czesci_zamienne_YG-04557.pdf,YATO GASTRO,https://drive.google.com/file/d/1zyuuTPiIQVY9FUjR7BAubFidt4VfYuPZ/preview,https://drive.google.com/file/d/1zyuuTPiIQVY9FUjR7BAubFidt4VfYuPZ/view?usp=drivesdk,unknown brand / numeric filename / missing device name
1TNUWfeLbphSW3SQ0eu9dyB5vDj87iJfm,YG-04558,Czesci_zamienne_YG-04558.pdf,YATO GASTRO,https://drive.google.com/file/d/1TNUWfeLbphSW3SQ0eu9dyB5vDj87iJfm/preview,https://drive.google.com/file/d/1TNUWfeLbphSW3SQ0eu9dyB5vDj87iJfm/view?usp=drivesdk,unknown brand / numeric filename / missing device name
13ddvepsyWYdBMINXp6H78MbYFPQar3w8,YG-04559,Czesci_zamienne_YG-04559.pdf,YATO GASTRO,https://drive.google.com/file/d/13ddvepsyWYdBMINXp6H78MbYFPQar3w8/preview,https://drive.google.com/file/d/13ddvepsyWYdBMINXp6H78MbYFPQar3w8/view?usp=drivesdk,unknown brand / numeric filename / missing device name
1dIQD9BF_WRvZDZmxJgo5xx6uvHGFhKA3,YG-04560,Czesci_zamienne_YG-04560.pdf,YATO GASTRO,https://drive.google.com/file/d/1dIQD9BF_WRvZDZmxJgo5xx6uvHGFhKA3/preview,https://drive.google.com/file/d/1dIQD9BF_WRvZDZmxJgo5xx6uvHGFhKA3/view?usp=drivesdk,unknown brand / numeric filename / missing device name
1BJVzUZdb1cvCYQDK28Mx3sBqxGyWfLKu,YG-04563,Czesci_zamienne_YG-04563.pdf,YATO GASTRO,https://drive.google.com/file/d/1BJVzUZdb1cvCYQDK28Mx3sBqxGyWfLKu/preview,https://drive.google.com/file/d/1BJVzUZdb1cvCYQDK28Mx3sBqxGyWfLKu/view?usp=drivesdk,unknown brand / numeric filename / missing device name
1pPpXdRc_Sp0pyV8YM9al7CWYYwNcLvaj,YG-04584,Czesci_zamienne_YG-04584.pdf,YATO GASTRO,https://drive.google.com/file/d/1pPpXdRc_Sp0pyV8YM9al7CWYYwNcLvaj/preview,https://drive.google.com/file/d/1pPpXdRc_Sp0pyV8YM9al7CWYYwNcLvaj/view?usp=drivesdk,unknown brand / numeric filename / missing device name
1m0i4N3Obz7OjnkAWzKJvQ7m-BuLj2rjs,YG-04585,Czesci_zamienne_YG-04585.pdf,YATO GASTRO,https://drive.google.com/file/d/1m0i4N3Obz7OjnkAWzKJvQ7m-BuLj2rjs/preview,https://drive.google.com/file/d/1m0i4N3Obz7OjnkAWzKJvQ7m-BuLj2rjs/view?usp=drivesdk,unknown brand / numeric filename / missing device name
1D5ThNSkyAOBlchopEqTIqFEJLWXL5W9Z,YG-04586,Czesci_zamienne_YG-04586.pdf,YATO GASTRO,https://drive.google.com/file/d/1D5ThNSkyAOBlchopEqTIqFEJLWXL5W9Z/preview,https://drive.google.com/file/d/1D5ThNSkyAOBlchopEqTIqFEJLWXL5W9Z/view?usp=drivesdk,unknown brand / numeric filename / missing device name
1C-HNnE543GYv17v3vVMjVKLKvWUPDSfa,YG-04587,Czesci_zamienne_YG-04587.pdf,YATO GASTRO,https://drive.google.com/file/d/1C-HNnE543GYv17v3vVMjVKLKvWUPDSfa/preview,https://drive.google.com/file/d/1C-HNnE543GYv17v3vVMjVKLKvWUPDSfa/view?usp=drivesdk,unknown brand / numeric filename / missing device name
1QsEY6tZRlMXrmqt-c8NXPuM6XA1hhvMm,YG-04588,Czesci_zamienne_YG-04588.pdf,YATO GASTRO,https://drive.google.com/file/d/1QsEY6tZRlMXrmqt-c8NXPuM6XA1hhvMm/preview,https://drive.google.com/file/d/1QsEY6tZRlMXrmqt-c8NXPuM6XA1hhvMm/view?usp=drivesdk,unknown brand / numeric filename / missing device name
1TFvgTf2j-p4wkVNmSgPkGxqbJlWcGlWt,YG-04608,Czesci_zamienne_YG-04608.pdf,YATO GASTRO,https://drive.google.com/file/d/1TFvgTf2j-p4wkVNmSgPkGxqbJlWcGlWt/preview,https://drive.google.com/file/d/1TFvgTf2j-p4wkVNmSgPkGxqbJlWcGlWt/view?usp=drivesdk,unknown brand / numeric filename / missing device name
1XYiYH3Q8hU_r7uq5NdVA7jRC5OZkONCM,YG-04609,Czesci_zamienne_YG-04609.pdf,YATO GASTRO,https://drive.google.com/file/d/1XYiYH3Q8hU_r7uq5NdVA7jRC5OZkONCM/preview,https://drive.google.com/file/d/1XYiYH3Q8hU_r7uq5NdVA7jRC5OZkONCM/view?usp=drivesdk,unknown brand / numeric filename / missing device name
1ERrcoxn2h3QSdf8Br46NQ8PJTF1vk2DG,YG-04610,Czesci_zamienne_YG-04610.pdf,YATO GASTRO,https://drive.google.com/file/d/1ERrcoxn2h3QSdf8Br46NQ8PJTF1vk2DG/preview,https://drive.google.com/file/d/1ERrcoxn2h3QSdf8Br46NQ8PJTF1vk2DG/view?usp=drivesdk,unknown brand / numeric filename / missing device name
19VufTx6fz6CkUownCfov5VINfU7nDM3m,YG-04615,Czesci_zamienne_YG-04615.pdf,YATO GASTRO,https://drive.google.com/file/d/19VufTx6fz6CkUownCfov5VINfU7nDM3m/preview,https://drive.google.com/file/d/19VufTx6fz6CkUownCfov5VINfU7nDM3m/view?usp=drivesdk,unknown brand / numeric filename / missing device name
1-4NOyef8qU5skmXBYnMvSVPp6ae82ZOs,YG-04616,Czesci_zamienne_YG-04616.pdf,YATO GASTRO,https://drive.google.com/file/d/1-4NOyef8qU5skmXBYnMvSVPp6ae82ZOs/preview,https://drive.google.com/file/d/1-4NOyef8qU5skmXBYnMvSVPp6ae82ZOs/view?usp=drivesdk,unknown brand / numeric filename / missing device name
1SJ2ScGm6JSkFfYTMrC4G1GeSCpAz1GfI,YG-04617,Czesci_zamienne_YG-04617.pdf,YATO GASTRO,https://drive.google.com/file/d/1SJ2ScGm6JSkFfYTMrC4G1GeSCpAz1GfI/preview,https://drive.google.com/file/d/1SJ2ScGm6JSkFfYTMrC4G1GeSCpAz1GfI/view?usp=drivesdk,unknown brand / numeric filename / missing device name
13sPtzxbF0pLTSUJnlS5wA1tZxkyaZstS,YG-04620,Czesci_zamienne_YG-04620.pdf,YATO GASTRO,https://drive.google.com/file/d/13sPtzxbF0pLTSUJnlS5wA1tZxkyaZstS/preview,https://drive.google.com/file/d/13sPtzxbF0pLTSUJnlS5wA1tZxkyaZstS/view?usp=drivesdk,unknown brand / numeric filename / missing device name
1txitZs3b9CaB6qRd_nyv3Qo12XOxgdtM,YG-04621,Czesci_zamienne_YG-04621.pdf,YATO GASTRO,https://drive.google.com/file/d/1txitZs3b9CaB6qRd_nyv3Qo12XOxgdtM/preview,https://drive.google.com/file/d/1txitZs3b9CaB6qRd_nyv3Qo12XOxgdtM/view?usp=drivesdk,unknown brand / numeric filename / missing device name
1RkMGzljvms0ZWIUjpqKfdLPRKwJSxUxF,YG-04622,Czesci_zamienne_YG-04622.pdf,YATO GASTRO,https://drive.google.com/file/d/1RkMGzljvms0ZWIUjpqKfdLPRKwJSxUxF/preview,https://drive.google.com/file/d/1RkMGzljvms0ZWIUjpqKfdLPRKwJSxUxF/view?usp=drivesdk,unknown brand / numeric filename / missing device name
1AFewjUpl88J8RC2XxX3-T4Qn_5vNsBml,YG-04623,Czesci_zamienne_YG-04623.pdf,YATO GASTRO,https://drive.google.com/file/d/1AFewjUpl88J8RC2XxX3-T4Qn_5vNsBml/preview,https://drive.google.com/file/d/1AFewjUpl88J8RC2XxX3-T4Qn_5vNsBml/view?usp=drivesdk,unknown brand / numeric filename / missing device name
1-w09m9y_KO0sAWWOAMwgCbz8EYEIhMAU,YG-04624,Czesci_zamienne_YG-04624.pdf,YATO GASTRO,https://drive.google.com/file/d/1-w09m9y_KO0sAWWOAMwgCbz8EYEIhMAU/preview,https://drive.google.com/file/d/1-w09m9y_KO0sAWWOAMwgCbz8EYEIhMAU/view?usp=drivesdk,unknown brand / numeric filename / missing device name
1WZnEK2ttn6HtNbbGOdlQnFSWSP-uP4Cd,YG-04630,Czesci_zamienne_YG-04630.pdf,YATO GASTRO,https://drive.google.com/file/d/1WZnEK2ttn6HtNbbGOdlQnFSWSP-uP4Cd/preview,https://drive.google.com/file/d/1WZnEK2ttn6HtNbbGOdlQnFSWSP-uP4Cd/view?usp=drivesdk,unknown brand / numeric filename / missing device name
1IPbqi-Ws7mDn3RHDgLCN3p28YATUazsB,YG-04632,Czesci_zamienne_YG-04632.pdf,YATO GASTRO,https://drive.google.com/file/d/1IPbqi-Ws7mDn3RHDgLCN3p28YATUazsB/preview,https://drive.google.com/file/d/1IPbqi-Ws7mDn3RHDgLCN3p28YATUazsB/view?usp=drivesdk,unknown brand / numeric filename / missing device name
1vxnW61ThgTdNzRMI4zdqMiF4M37AFGoS,YG-04634,Czesci_zamienne_YG-04634.pdf,YATO GASTRO,https://drive.google.com/file/d/1vxnW61ThgTdNzRMI4zdqMiF4M37AFGoS/preview,https://drive.google.com/file/d/1vxnW61ThgTdNzRMI4zdqMiF4M37AFGoS/view?usp=drivesdk,unknown brand / numeric filename / missing device name
18Fx_qXKIjh9JdM1VszU7fDbauTV4BR8X,YG-04636,Czesci_zamienne_YG-04636.pdf,YATO GASTRO,https://drive.google.com/file/d/18Fx_qXKIjh9JdM1VszU7fDbauTV4BR8X/preview,https://drive.google.com/file/d/18Fx_qXKIjh9JdM1VszU7fDbauTV4BR8X/view?usp=drivesdk,unknown brand / numeric filename / missing device name
1ycb_jAP6OLjYLvdOmEHaxJTWnBhdhbmq,YG-04638,Czesci_zamienne_YG-04638.pdf,YATO GASTRO,https://drive.google.com/file/d/1ycb_jAP6OLjYLvdOmEHaxJTWnBhdhbmq/preview,https://drive.google.com/file/d/1ycb_jAP6OLjYLvdOmEHaxJTWnBhdhbmq/view?usp=drivesdk,unknown brand / numeric filename / missing device name
1RRE7CjzU4zRNKlTuhwxo-mpdTbIuRl7x,YG-04640,Czesci_zamienne_YG-04640.pdf,YATO GASTRO,https://drive.google.com/file/d/1RRE7CjzU4zRNKlTuhwxo-mpdTbIuRl7x/preview,https://drive.google.com/file/d/1RRE7CjzU4zRNKlTuhwxo-mpdTbIuRl7x/view?usp=drivesdk,unknown brand / numeric filename / missing device name
1XneQPZfDZvNnG8GZXYEd2C_efELsS9qS,YG-04641,Czesci_zamienne_YG-04641.pdf,YATO GASTRO,https://drive.google.com/file/d/1XneQPZfDZvNnG8GZXYEd2C_efELsS9qS/preview,https://drive.google.com/file/d/1XneQPZfDZvNnG8GZXYEd2C_efELsS9qS/view?usp=drivesdk,unknown brand / numeric filename / missing device name
1TaRFyPoKZXkeyypKrO99b7bhWmoZ1WiL,YG-04660,Czesci_zamienne_YG-04660.pdf,YATO GASTRO,https://drive.google.com/file/d/1TaRFyPoKZXkeyypKrO99b7bhWmoZ1WiL/preview,https://drive.google.com/file/d/1TaRFyPoKZXkeyypKrO99b7bhWmoZ1WiL/view?usp=drivesdk,unknown brand / numeric filename / missing device name
1waf80g2TCFWBuVKXshmzANqJvmSZVLhb,YG-04680,Czesci_zamienne_YG-04680.pdf,YATO GASTRO,https://drive.google.com/file/d/1waf80g2TCFWBuVKXshmzANqJvmSZVLhb/preview,https://drive.google.com/file/d/1waf80g2TCFWBuVKXshmzANqJvmSZVLhb/view?usp=drivesdk,unknown brand / numeric filename / missing device name
1rrCqTPSqKFoDU1N4FT31e7wNOf7qQJGF,YG-04695,Czesci_zamienne_YG-04695.pdf,YATO GASTRO,https://drive.google.com/file/d/1rrCqTPSqKFoDU1N4FT31e7wNOf7qQJGF/preview,https://drive.google.com/file/d/1rrCqTPSqKFoDU1N4FT31e7wNOf7qQJGF/view?usp=drivesdk,unknown brand / numeric filename / missing device name
1B0Y1OpmKLAoRxxjoQ41otBbTlJKqZpzW,YG-04696,Czesci_zamienne_YG-04696.pdf,YATO GASTRO,https://drive.google.com/file/d/1B0Y1OpmKLAoRxxjoQ41otBbTlJKqZpzW/preview,https://drive.google.com/file/d/1B0Y1OpmKLAoRxxjoQ41otBbTlJKqZpzW/view?usp=drivesdk,unknown brand / numeric filename / missing device name
1bz73oCx-o-ZhllTJBVeHTZtja7fGWw-2,YG-04700,Czesci_zamienne_YG-04700.pdf,YATO GASTRO,https://drive.google.com/file/d/1bz73oCx-o-ZhllTJBVeHTZtja7fGWw-2/preview,https://drive.google.com/file/d/1bz73oCx-o-ZhllTJBVeHTZtja7fGWw-2/view?usp=drivesdk,unknown brand / numeric filename / missing device name
1BK_uNEzrPnbQPSpUlvxlhUOebKs7VeVZ,YG-04701,Czesci_zamienne_YG-04701.pdf,YATO GASTRO,https://drive.google.com/file/d/1BK_uNEzrPnbQPSpUlvxlhUOebKs7VeVZ/preview,https://drive.google.com/file/d/1BK_uNEzrPnbQPSpUlvxlhUOebKs7VeVZ/view?usp=drivesdk,unknown brand / numeric filename / missing device name
18eh7TTHs4j6lCNkgLIxSV44WWJv37Ywz,YG-04705,Czesci_zamienne_YG-04705.pdf,YATO GASTRO,https://drive.google.com/file/d/18eh7TTHs4j6lCNkgLIxSV44WWJv37Ywz/preview,https://drive.google.com/file/d/18eh7TTHs4j6lCNkgLIxSV44WWJv37Ywz/view?usp=drivesdk,unknown brand / numeric filename / missing device name
1GWpi2AIGKS2op5N2fNQFETrgwWHFBV90,YG-05000,Czesci_zamienne_YG-05000.pdf,YATO GASTRO,https://drive.google.com/file/d/1GWpi2AIGKS2op5N2fNQFETrgwWHFBV90/preview,https://drive.google.com/file/d/1GWpi2AIGKS2op5N2fNQFETrgwWHFBV90/view?usp=drivesdk,unknown brand / numeric filename / missing device name
1BUeGqirXSCd1ivzWU03dOIQZIZSHB5n7,YG-05001,Czesci_zamienne_YG-05001.pdf,YATO GASTRO,https://drive.google.com/file/d/1BUeGqirXSCd1ivzWU03dOIQZIZSHB5n7/preview,https://drive.google.com/file/d/1BUeGqirXSCd1ivzWU03dOIQZIZSHB5n7/view?usp=drivesdk,unknown brand / numeric filename / missing device name
1lnwJBUULSW55jCQkJ5ArP8FYVNEtk1nB,YG-05002,Czesci_zamienne_YG-05002.pdf,YATO GASTRO,https://drive.google.com/file/d/1lnwJBUULSW55jCQkJ5ArP8FYVNEtk1nB/preview,https://drive.google.com/file/d/1lnwJBUULSW55jCQkJ5ArP8FYVNEtk1nB/view?usp=drivesdk,unknown brand / numeric filename / missing device name
1F6vIbeKUBSdmEn8I1kck_ZsTBKfBhPL2,YG-05005,Czesci_zamienne_YG-05005.pdf,YATO GASTRO,https://drive.google.com/file/d/1F6vIbeKUBSdmEn8I1kck_ZsTBKfBhPL2/preview,https://drive.google.com/file/d/1F6vIbeKUBSdmEn8I1kck_ZsTBKfBhPL2/view?usp=drivesdk,unknown brand / numeric filename / missing device name
1n4zVX_AnQz8B3iXoBicnuV0GwvRvp8qG,YG-05007,Czesci_zamienne_YG-05007.pdf,YATO GASTRO,https://drive.google.com/file/d/1n4zVX_AnQz8B3iXoBicnuV0GwvRvp8qG/preview,https://drive.google.com/file/d/1n4zVX_AnQz8B3iXoBicnuV0GwvRvp8qG/view?usp=drivesdk,unknown brand / numeric filename / missing device name
1UfWtX7Rsy8bAQ95ud5zJAct-a19y2LDk,YG-05020,Czesci_zamienne_YG-05020.pdf,YATO GASTRO,https://drive.google.com/file/d/1UfWtX7Rsy8bAQ95ud5zJAct-a19y2LDk/preview,https://drive.google.com/file/d/1UfWtX7Rsy8bAQ95ud5zJAct-a19y2LDk/view?usp=drivesdk,unknown brand / numeric filename / missing device name
1nJ9LsVQU7RR-8v_6xmiYCbNX6LoELJ8G,YG-05021,Czesci_zamienne_YG-05021.pdf,YATO GASTRO,https://drive.google.com/file/d/1nJ9LsVQU7RR-8v_6xmiYCbNX6LoELJ8G/preview,https://drive.google.com/file/d/1nJ9LsVQU7RR-8v_6xmiYCbNX6LoELJ8G/view?usp=drivesdk,unknown brand / numeric filename / missing device name
1pZT4lb-nxwx-4jWNjTEBg6LAXHdoGoai,YG-05022,Czesci_zamienne_YG-05022.pdf,YATO GASTRO,https://drive.google.com/file/d/1pZT4lb-nxwx-4jWNjTEBg6LAXHdoGoai/preview,https://drive.google.com/file/d/1pZT4lb-nxwx-4jWNjTEBg6LAXHdoGoai/view?usp=drivesdk,unknown brand / numeric filename / missing device name
1qDIbHYHMOWXMjT2b4v6yLx3pHu7hVByb,YG-05025,Czesci_zamienne_YG-05025.pdf,YATO GASTRO,https://drive.google.com/file/d/1qDIbHYHMOWXMjT2b4v6yLx3pHu7hVByb/preview,https://drive.google.com/file/d/1qDIbHYHMOWXMjT2b4v6yLx3pHu7hVByb/view?usp=drivesdk,unknown brand / numeric filename / missing device name
1XglKPj5bQ2dBsehMjmeHHu5sG5UdJF9G,YG-05040,Czesci_zamienne_YG-05040.pdf,YATO GASTRO,https://drive.google.com/file/d/1XglKPj5bQ2dBsehMjmeHHu5sG5UdJF9G/preview,https://drive.google.com/file/d/1XglKPj5bQ2dBsehMjmeHHu5sG5UdJF9G/view?usp=drivesdk,unknown brand / numeric filename / missing device name
1KjTMwHjnZTAkXHzmDob4U1i1a-m-qGN7,YG-05045,Czesci_zamienne_YG-05045.pdf,YATO GASTRO,https://drive.google.com/file/d/1KjTMwHjnZTAkXHzmDob4U1i1a-m-qGN7/preview,https://drive.google.com/file/d/1KjTMwHjnZTAkXHzmDob4U1i1a-m-qGN7/view?usp=drivesdk,unknown brand / numeric filename / missing device name
1WjvVFgPkFYrXUpX-7qAvr8UOsKLLfcjl,YG-05050,Czesci_zamienne_YG-05050.pdf,YATO GASTRO,https://drive.google.com/file/d/1WjvVFgPkFYrXUpX-7qAvr8UOsKLLfcjl/preview,https://drive.google.com/file/d/1WjvVFgPkFYrXUpX-7qAvr8UOsKLLfcjl/view?usp=drivesdk,unknown brand / numeric filename / missing device name
1Yhl3Gq9LalzIb86UR4xSFrX7z4MX3JHH,YG-05051,Czesci_zamienne_YG-05051.pdf,YATO GASTRO,https://drive.google.com/file/d/1Yhl3Gq9LalzIb86UR4xSFrX7z4MX3JHH/preview,https://drive.google.com/file/d/1Yhl3Gq9LalzIb86UR4xSFrX7z4MX3JHH/view?usp=drivesdk,unknown brand / numeric filename / missing device name
1OZwJqmc59EiBNkYRNCXZxtem27uH5mMO,YG-05052,Czesci_zamienne_YG-05052.pdf,YATO GASTRO,https://drive.google.com/file/d/1OZwJqmc59EiBNkYRNCXZxtem27uH5mMO/preview,https://drive.google.com/file/d/1OZwJqmc59EiBNkYRNCXZxtem27uH5mMO/view?usp=drivesdk,unknown brand / numeric filename / missing device name
1H8mP2hSTXkfB9nIu9vVgEtGqkT_cB5RN,YG-05053,Czesci_zamienne_YG-05053.pdf,YATO GASTRO,https://drive.google.com/file/d/1H8mP2hSTXkfB9nIu9vVgEtGqkT_cB5RN/preview,https://drive.google.com/file/d/1H8mP2hSTXkfB9nIu9vVgEtGqkT_cB5RN/view?usp=drivesdk,unknown brand / numeric filename / missing device name
1vGXZynxZtyTHBUn8GxtnLgjo6f2_a8ze,YG-05055,Czesci_zamienne_YG-05055.pdf,YATO GASTRO,https://drive.google.com/file/d/1vGXZynxZtyTHBUn8GxtnLgjo6f2_a8ze/preview,https://drive.google.com/file/d/1vGXZynxZtyTHBUn8GxtnLgjo6f2_a8ze/view?usp=drivesdk,unknown brand / numeric filename / missing device name
1_rizT-XyKhR3pqF7cJUrjX5ik47LMZNf,YG-05056,Czesci_zamienne_YG-05056.pdf,YATO GASTRO,https://drive.google.com/file/d/1_rizT-XyKhR3pqF7cJUrjX5ik47LMZNf/preview,https://drive.google.com/file/d/1_rizT-XyKhR3pqF7cJUrjX5ik47LMZNf/view?usp=drivesdk,unknown brand / numeric filename / missing device name
14dfF4fKyyeGbdhTRKdiTLqjLNjN5G3SG,YG-05057,Czesci_zamienne_YG-05057.pdf,YATO GASTRO,https://drive.google.com/file/d/14dfF4fKyyeGbdhTRKdiTLqjLNjN5G3SG/preview,https://drive.google.com/file/d/14dfF4fKyyeGbdhTRKdiTLqjLNjN5G3SG/view?usp=drivesdk,unknown brand / numeric filename / missing device name
1YLc1cuifRoOegpyJ-2Yv1-71YOC0vuag,YG-05060,Czesci_zamienne_YG-05060.pdf,YATO GASTRO,https://drive.google.com/file/d/1YLc1cuifRoOegpyJ-2Yv1-71YOC0vuag/preview,https://drive.google.com/file/d/1YLc1cuifRoOegpyJ-2Yv1-71YOC0vuag/view?usp=drivesdk,unknown brand / numeric filename / missing device name
11DRakz-8tl31r80ON40rrC5u0X0GQ3lG,YG-05064,Czesci_zamienne_YG-05064.pdf,YATO GASTRO,https://drive.google.com/file/d/11DRakz-8tl31r80ON40rrC5u0X0GQ3lG/preview,https://drive.google.com/file/d/11DRakz-8tl31r80ON40rrC5u0X0GQ3lG/view?usp=drivesdk,unknown brand / numeric filename / missing device name
1JDrLOMg8jqeAqu5_vLluFxvx_jKxMFBe,YG-05068,Czesci_zamienne_YG-05068.pdf,YATO GASTRO,https://drive.google.com/file/d/1JDrLOMg8jqeAqu5_vLluFxvx_jKxMFBe/preview,https://drive.google.com/file/d/1JDrLOMg8jqeAqu5_vLluFxvx_jKxMFBe/view?usp=drivesdk,unknown brand / numeric filename / missing device name
1YbL2bCI5HPfzrWbTjl9_qP_sWTNnx2yd,YG-05090,Czesci_zamienne_YG-05090.pdf,YATO GASTRO,https://drive.google.com/file/d/1YbL2bCI5HPfzrWbTjl9_qP_sWTNnx2yd/preview,https://drive.google.com/file/d/1YbL2bCI5HPfzrWbTjl9_qP_sWTNnx2yd/view?usp=drivesdk,unknown brand / numeric filename / missing device name
1L5d3ukT4nimqqHUYemcf1u6YEYh2r03T,YG-05094,Czesci_zamienne_YG-05094.pdf,YATO GASTRO,https://drive.google.com/file/d/1L5d3ukT4nimqqHUYemcf1u6YEYh2r03T/preview,https://drive.google.com/file/d/1L5d3ukT4nimqqHUYemcf1u6YEYh2r03T/view?usp=drivesdk,unknown brand / numeric filename / missing device name
172VQNIjFdewdFCnJJhAZ0BKGHpSh7rIK,YG-05098,Czesci_zamienne_YG-05098.pdf,YATO GASTRO,https://drive.google.com/file/d/172VQNIjFdewdFCnJJhAZ0BKGHpSh7rIK/preview,https://drive.google.com/file/d/172VQNIjFdewdFCnJJhAZ0BKGHpSh7rIK/view?usp=drivesdk,unknown brand / numeric filename / missing device name
1TB4idVXPgQFd1CpFCxQrXPh-xX9f-dY3,YG-05171,Czesci_zamienne_YG-05171.pdf,YATO GASTRO,https://drive.google.com/file/d/1TB4idVXPgQFd1CpFCxQrXPh-xX9f-dY3/preview,https://drive.google.com/file/d/1TB4idVXPgQFd1CpFCxQrXPh-xX9f-dY3/view?usp=drivesdk,unknown brand / numeric filename / missing device name
1bFr1YuxwHwviJllQCMz32fMZyLH-Ub1I,YG-05174,Czesci_zamienne_YG-05174.pdf,YATO GASTRO,https://drive.google.com/file/d/1bFr1YuxwHwviJllQCMz32fMZyLH-Ub1I/preview,https://drive.google.com/file/d/1bFr1YuxwHwviJllQCMz32fMZyLH-Ub1I/view?usp=drivesdk,unknown brand / numeric filename / missing device name
1GTxCUZOQUD7T2iM-w6_d6nbz7fxlC7f3,YG-05177,Czesci_zamienne_YG-05177.pdf,YATO GASTRO,https://drive.google.com/file/d/1GTxCUZOQUD7T2iM-w6_d6nbz7fxlC7f3/preview,https://drive.google.com/file/d/1GTxCUZOQUD7T2iM-w6_d6nbz7fxlC7f3/view?usp=drivesdk,unknown brand / numeric filename / missing device name
1Md4AiyS0ipEXUBTur20rsRl8gqCWaFTc,YG-05179,Czesci_zamienne_YG-05179.pdf,YATO GASTRO,https://drive.google.com/file/d/1Md4AiyS0ipEXUBTur20rsRl8gqCWaFTc/preview,https://drive.google.com/file/d/1Md4AiyS0ipEXUBTur20rsRl8gqCWaFTc/view?usp=drivesdk,unknown brand / numeric filename / missing device name
1E5rZHQxpxpe2RoLxbUoJpZy8VmO-rit4,YG-05180,Czesci_zamienne_YG-05180.pdf,YATO GASTRO,https://drive.google.com/file/d/1E5rZHQxpxpe2RoLxbUoJpZy8VmO-rit4/preview,https://drive.google.com/file/d/1E5rZHQxpxpe2RoLxbUoJpZy8VmO-rit4/view?usp=drivesdk,unknown brand / numeric filename / missing device name
14oH4E8U9ccKXScbWANRUlrPvbALYzqgj,YG-05200,Czesci_zamienne_YG-05200.pdf,YATO GASTRO,https://drive.google.com/file/d/14oH4E8U9ccKXScbWANRUlrPvbALYzqgj/preview,https://drive.google.com/file/d/14oH4E8U9ccKXScbWANRUlrPvbALYzqgj/view?usp=drivesdk,unknown brand / numeric filename / missing device name
1MnPcTPWSBMukXAaCqTcRAG89iILEcTnZ,YG-05201,Czesci_zamienne_YG-05201.pdf,YATO GASTRO,https://drive.google.com/file/d/1MnPcTPWSBMukXAaCqTcRAG89iILEcTnZ/preview,https://drive.google.com/file/d/1MnPcTPWSBMukXAaCqTcRAG89iILEcTnZ/view?usp=drivesdk,unknown brand / numeric filename / missing device name
1RoRkFjPmEytCV2l1OwXet9l6LsSehvoI,YG-05210,Czesci_zamienne_YG-05210.pdf,YATO GASTRO,https://drive.google.com/file/d/1RoRkFjPmEytCV2l1OwXet9l6LsSehvoI/preview,https://drive.google.com/file/d/1RoRkFjPmEytCV2l1OwXet9l6LsSehvoI/view?usp=drivesdk,unknown brand / numeric filename / missing device name
1BWfQf7jfExB-dVhWzGK7nm5oIWGuZNXS,YG-05211,Czesci_zamienne_YG-05211.pdf,YATO GASTRO,https://drive.google.com/file/d/1BWfQf7jfExB-dVhWzGK7nm5oIWGuZNXS/preview,https://drive.google.com/file/d/1BWfQf7jfExB-dVhWzGK7nm5oIWGuZNXS/view?usp=drivesdk,unknown brand / numeric filename / missing device name
13ajRZf2WNvJvv76J57Em4jOiYB6IIx6T,YG-05215,Czesci_zamienne_YG-05215.pdf,YATO GASTRO,https://drive.google.com/file/d/13ajRZf2WNvJvv76J57Em4jOiYB6IIx6T/preview,https://drive.google.com/file/d/13ajRZf2WNvJvv76J57Em4jOiYB6IIx6T/view?usp=drivesdk,unknown brand / numeric filename / missing device name
1TXgzfCqD9Khjo4B0NaSUcWzmCqixOf0a,YG-05216,Czesci_zamienne_YG-05216.pdf,YATO GASTRO,https://drive.google.com/file/d/1TXgzfCqD9Khjo4B0NaSUcWzmCqixOf0a/preview,https://drive.google.com/file/d/1TXgzfCqD9Khjo4B0NaSUcWzmCqixOf0a/view?usp=drivesdk,unknown brand / numeric filename / missing device name
193LAfI2tO3oguLoWvnhZBEegCPv4Ry9D,YG-05220,Czesci_zamienne_YG-05220.pdf,YATO GASTRO,https://drive.google.com/file/d/193LAfI2tO3oguLoWvnhZBEegCPv4Ry9D/preview,https://drive.google.com/file/d/193LAfI2tO3oguLoWvnhZBEegCPv4Ry9D/view?usp=drivesdk,unknown brand / numeric filename / missing device name
13aBpkm_eqC7BctOgdzeGxXQBBy17Gtey,YG-05221,Czesci_zamienne_YG-05221.pdf,YATO GASTRO,https://drive.google.com/file/d/13aBpkm_eqC7BctOgdzeGxXQBBy17Gtey/preview,https://drive.google.com/file/d/13aBpkm_eqC7BctOgdzeGxXQBBy17Gtey/view?usp=drivesdk,unknown brand / numeric filename / missing device name
1yOAfi5qDtFqHPWUuA2xpNp0Mj11qort1,YG-05225,Czesci_zamienne_YG-05225.pdf,YATO GASTRO,https://drive.google.com/file/d/1yOAfi5qDtFqHPWUuA2xpNp0Mj11qort1/preview,https://drive.google.com/file/d/1yOAfi5qDtFqHPWUuA2xpNp0Mj11qort1/view?usp=drivesdk,unknown brand / numeric filename / missing device name
1BQExBQvoxc4T-zNYJp-j825IlG1ImTNy,YG-05226,Czesci_zamienne_YG-05226.pdf,YATO GASTRO,https://drive.google.com/file/d/1BQExBQvoxc4T-zNYJp-j825IlG1ImTNy/preview,https://drive.google.com/file/d/1BQExBQvoxc4T-zNYJp-j825IlG1ImTNy/view?usp=drivesdk,unknown brand / numeric filename / missing device name
1TkdGPFpdZRjbITGHIskZkCBCbOaMylLm,YG-05227,Czesci_zamienne_YG-05227.pdf,YATO GASTRO,https://drive.google.com/file/d/1TkdGPFpdZRjbITGHIskZkCBCbOaMylLm/preview,https://drive.google.com/file/d/1TkdGPFpdZRjbITGHIskZkCBCbOaMylLm/view?usp=drivesdk,unknown brand / numeric filename / missing device name
1wbhEbllL-aomKGEzmQIP1vz6PsqBl3up,YG-05230,Czesci_zamienne_YG-05230.pdf,YATO GASTRO,https://drive.google.com/file/d/1wbhEbllL-aomKGEzmQIP1vz6PsqBl3up/preview,https://drive.google.com/file/d/1wbhEbllL-aomKGEzmQIP1vz6PsqBl3up/view?usp=drivesdk,unknown brand / numeric filename / missing device name
1ooINGlkyzRhfCSLFX_01xe2EsVRcKQT7,YG-05231,Czesci_zamienne_YG-05231.pdf,YATO GASTRO,https://drive.google.com/file/d/1ooINGlkyzRhfCSLFX_01xe2EsVRcKQT7/preview,https://drive.google.com/file/d/1ooINGlkyzRhfCSLFX_01xe2EsVRcKQT7/view?usp=drivesdk,unknown brand / numeric filename / missing device name
1O90X_ugnIKL7ZVexiXastOYbaIdlaBcn,YG-05232,Czesci_zamienne_YG-05232.pdf,YATO GASTRO,https://drive.google.com/file/d/1O90X_ugnIKL7ZVexiXastOYbaIdlaBcn/preview,https://drive.google.com/file/d/1O90X_ugnIKL7ZVexiXastOYbaIdlaBcn/view?usp=drivesdk,unknown brand / numeric filename / missing device name
1YcSvQC6NWqIGyX69bk0v7LDYr5hHxHy5,YG-05233,Czesci_zamienne_YG-05233.pdf,YATO GASTRO,https://drive.google.com/file/d/1YcSvQC6NWqIGyX69bk0v7LDYr5hHxHy5/preview,https://drive.google.com/file/d/1YcSvQC6NWqIGyX69bk0v7LDYr5hHxHy5/view?usp=drivesdk,unknown brand / numeric filename / missing device name
1_SjtyNkv9OmMcNLKEXVceTQyNl5KU-oA,YG-05234,Czesci_zamienne_YG-05234.pdf,YATO GASTRO,https://drive.google.com/file/d/1_SjtyNkv9OmMcNLKEXVceTQyNl5KU-oA/preview,https://drive.google.com/file/d/1_SjtyNkv9OmMcNLKEXVceTQyNl5KU-oA/view?usp=drivesdk,unknown brand / numeric filename / missing device name
1r7BXfWGEQjFpMMnyDK6d9V4o1fG0NYOT,YG-05235,Czesci_zamienne_YG-05235.pdf,YATO GASTRO,https://drive.google.com/file/d/1r7BXfWGEQjFpMMnyDK6d9V4o1fG0NYOT/preview,https://drive.google.com/file/d/1r7BXfWGEQjFpMMnyDK6d9V4o1fG0NYOT/view?usp=drivesdk,unknown brand / numeric filename / missing device name
1ZpEBtziT0DovNuwnk4ENmDHydfKURvpq,YG-05236,Czesci_zamienne_YG-05236.pdf,YATO GASTRO,https://drive.google.com/file/d/1ZpEBtziT0DovNuwnk4ENmDHydfKURvpq/preview,https://drive.google.com/file/d/1ZpEBtziT0DovNuwnk4ENmDHydfKURvpq/view?usp=drivesdk,unknown brand / numeric filename / missing device name
10559ZjWFdOhhmhKvbAMEdRlforGWoRpY,YG-05250,Czesci_zamienne_YG-05250.pdf,YATO GASTRO,https://drive.google.com/file/d/10559ZjWFdOhhmhKvbAMEdRlforGWoRpY/preview,https://drive.google.com/file/d/10559ZjWFdOhhmhKvbAMEdRlforGWoRpY/view?usp=drivesdk,unknown brand / numeric filename / missing device name
1BroqoVF2ijSkYdmTSrXLFpEPPzHnK28A,YG-05251,Czesci_zamienne_YG-05251.pdf,YATO GASTRO,https://drive.google.com/file/d/1BroqoVF2ijSkYdmTSrXLFpEPPzHnK28A/preview,https://drive.google.com/file/d/1BroqoVF2ijSkYdmTSrXLFpEPPzHnK28A/view?usp=drivesdk,unknown brand / numeric filename / missing device name
1FT_ip-5PxXc6W11kr9SA_mEoqngzcvXz,YG-05252,Czesci_zamienne_YG-05252.pdf,YATO GASTRO,https://drive.google.com/file/d/1FT_ip-5PxXc6W11kr9SA_mEoqngzcvXz/preview,https://drive.google.com/file/d/1FT_ip-5PxXc6W11kr9SA_mEoqngzcvXz/view?usp=drivesdk,unknown brand / numeric filename / missing device name
1wmcT5DOJc-emyjzCOIW_Vi3PSiOKJUat,YG-05253,Czesci_zamienne_YG-05253.pdf,YATO GASTRO,https://drive.google.com/file/d/1wmcT5DOJc-emyjzCOIW_Vi3PSiOKJUat/preview,https://drive.google.com/file/d/1wmcT5DOJc-emyjzCOIW_Vi3PSiOKJUat/view?usp=drivesdk,unknown brand / numeric filename / missing device name
19Br67KCBAAL8TdWVEk4b8sxshLgcYniI,YG-05254,Czesci_zamienne_YG-05254.pdf,YATO GASTRO,https://drive.google.com/file/d/19Br67KCBAAL8TdWVEk4b8sxshLgcYniI/preview,https://drive.google.com/file/d/19Br67KCBAAL8TdWVEk4b8sxshLgcYniI/view?usp=drivesdk,unknown brand / numeric filename / missing device name
1MnvU8sNAFRXrvQyWyU5AJNimpzKERAVN,YG-05255,Czesci_zamienne_YG-05255.pdf,YATO GASTRO,https://drive.google.com/file/d/1MnvU8sNAFRXrvQyWyU5AJNimpzKERAVN/preview,https://drive.google.com/file/d/1MnvU8sNAFRXrvQyWyU5AJNimpzKERAVN/view?usp=drivesdk,unknown brand / numeric filename / missing device name
18Rgstq9qlajQdageGS5wGulXxntBN5eW,YG-05256,Czesci_zamienne_YG-05256.pdf,YATO GASTRO,https://drive.google.com/file/d/18Rgstq9qlajQdageGS5wGulXxntBN5eW/preview,https://drive.google.com/file/d/18Rgstq9qlajQdageGS5wGulXxntBN5eW/view?usp=drivesdk,unknown brand / numeric filename / missing device name
18EHu2RGoJYtQzEx8-BRL8Tv599Z6F4v7,YG-05257,Czesci_zamienne_YG-05257.pdf,YATO GASTRO,https://drive.google.com/file/d/18EHu2RGoJYtQzEx8-BRL8Tv599Z6F4v7/preview,https://drive.google.com/file/d/18EHu2RGoJYtQzEx8-BRL8Tv599Z6F4v7/view?usp=drivesdk,unknown brand / numeric filename / missing device name
1jauQCKnDPcsqBl9St4MubyllLWyPBGdd,YG-05258,Czesci_zamienne_YG-05258.pdf,YATO GASTRO,https://drive.google.com/file/d/1jauQCKnDPcsqBl9St4MubyllLWyPBGdd/preview,https://drive.google.com/file/d/1jauQCKnDPcsqBl9St4MubyllLWyPBGdd/view?usp=drivesdk,unknown brand / numeric filename / missing device name
1S5RR69nthRRW0mtelGNJwzahpmvC9ShW,YG-05259,Czesci_zamienne_YG-05259.pdf,YATO GASTRO,https://drive.google.com/file/d/1S5RR69nthRRW0mtelGNJwzahpmvC9ShW/preview,https://drive.google.com/file/d/1S5RR69nthRRW0mtelGNJwzahpmvC9ShW/view?usp=drivesdk,unknown brand / numeric filename / missing device name
1taETUPbi4yxmGvxdEtTFp-5aosagX86Y,YG-05260,Czesci_zamienne_YG-05260.pdf,YATO GASTRO,https://drive.google.com/file/d/1taETUPbi4yxmGvxdEtTFp-5aosagX86Y/preview,https://drive.google.com/file/d/1taETUPbi4yxmGvxdEtTFp-5aosagX86Y/view?usp=drivesdk,unknown brand / numeric filename / missing device name
1gzbd8KyWkMvXMjxHRZha9U3GJIBd_hlO,YG-05262,Czesci_zamienne_YG-05262.pdf,YATO GASTRO,https://drive.google.com/file/d/1gzbd8KyWkMvXMjxHRZha9U3GJIBd_hlO/preview,https://drive.google.com/file/d/1gzbd8KyWkMvXMjxHRZha9U3GJIBd_hlO/view?usp=drivesdk,unknown brand / numeric filename / missing device name
1GiB_RP4Bt_XZaw_VWpM3pLp-As6zhzOp,YG-05270,Czesci_zamienne_YG-05270.pdf,YATO GASTRO,https://drive.google.com/file/d/1GiB_RP4Bt_XZaw_VWpM3pLp-As6zhzOp/preview,https://drive.google.com/file/d/1GiB_RP4Bt_XZaw_VWpM3pLp-As6zhzOp/view?usp=drivesdk,unknown brand / numeric filename / missing device name
1jWcttH6tya0QFlC5AMHOTdVgVdzufWNd,YG-05275,Czesci_zamienne_YG-05275.pdf,YATO GASTRO,https://drive.google.com/file/d/1jWcttH6tya0QFlC5AMHOTdVgVdzufWNd/preview,https://drive.google.com/file/d/1jWcttH6tya0QFlC5AMHOTdVgVdzufWNd/view?usp=drivesdk,unknown brand / numeric filename / missing device name
1AXSFo1QyYdqe-4DTH8hNtFZwvhMYSH8Y,YG-05280,Czesci_zamienne_YG-05280.pdf,YATO GASTRO,https://drive.google.com/file/d/1AXSFo1QyYdqe-4DTH8hNtFZwvhMYSH8Y/preview,https://drive.google.com/file/d/1AXSFo1QyYdqe-4DTH8hNtFZwvhMYSH8Y/view?usp=drivesdk,unknown brand / numeric filename / missing device name
1oq52mued2JWZONBtQ1vZJd9_vIlN2BA0,YG-05281,Czesci_zamienne_YG-05281.pdf,YATO GASTRO,https://drive.google.com/file/d/1oq52mued2JWZONBtQ1vZJd9_vIlN2BA0/preview,https://drive.google.com/file/d/1oq52mued2JWZONBtQ1vZJd9_vIlN2BA0/view?usp=drivesdk,unknown brand / numeric filename / missing device name
1stoEIpn0RtPzk7EANHkaSf6fHZa0ihT9,YG-05290,Czesci_zamienne_YG-05290.pdf,YATO GASTRO,https://drive.google.com/file/d/1stoEIpn0RtPzk7EANHkaSf6fHZa0ihT9/preview,https://drive.google.com/file/d/1stoEIpn0RtPzk7EANHkaSf6fHZa0ihT9/view?usp=drivesdk,unknown brand / numeric filename / missing device name
1t7MBzyzz8jAU_GDanjt_6JdkSqVCekbv,YG-05300,Czesci_zamienne_YG-05300.pdf,YATO GASTRO,https://drive.google.com/file/d/1t7MBzyzz8jAU_GDanjt_6JdkSqVCekbv/preview,https://drive.google.com/file/d/1t7MBzyzz8jAU_GDanjt_6JdkSqVCekbv/view?usp=drivesdk,unknown brand / numeric filename / missing device name
1WEsyO9E5jk8CzFAqepzH1cmx1hh2lROA,YG-05305,Czesci_zamienne_YG-05305.pdf,YATO GASTRO,https://drive.google.com/file/d/1WEsyO9E5jk8CzFAqepzH1cmx1hh2lROA/preview,https://drive.google.com/file/d/1WEsyO9E5jk8CzFAqepzH1cmx1hh2lROA/view?usp=drivesdk,unknown brand / numeric filename / missing device name
1K65b-5MclzPb8MqJsdAAcvZUzNGM0jJ6,YG-05310,Czesci_zamienne_YG-05310.pdf,YATO GASTRO,https://drive.google.com/file/d/1K65b-5MclzPb8MqJsdAAcvZUzNGM0jJ6/preview,https://drive.google.com/file/d/1K65b-5MclzPb8MqJsdAAcvZUzNGM0jJ6/view?usp=drivesdk,unknown brand / numeric filename / missing device name
17vBbpG78JjjJF7HbT7cggxRZBT_VHoeP,YG-05320,Czesci_zamienne_YG-05320.pdf,YATO GASTRO,https://drive.google.com/file/d/17vBbpG78JjjJF7HbT7cggxRZBT_VHoeP/preview,https://drive.google.com/file/d/17vBbpG78JjjJF7HbT7cggxRZBT_VHoeP/view?usp=drivesdk,unknown brand / numeric filename / missing device name
1VHBKXpTwKBU0nq5bHtpB2OOrOIGLkwca,YG-05321,Czesci_zamienne_YG-05321.pdf,YATO GASTRO,https://drive.google.com/file/d/1VHBKXpTwKBU0nq5bHtpB2OOrOIGLkwca/preview,https://drive.google.com/file/d/1VHBKXpTwKBU0nq5bHtpB2OOrOIGLkwca/view?usp=drivesdk,unknown brand / numeric filename / missing device name
1u8DhZDvK3ftMMeoypPzqPVScZ53LElO3,YG-05322,Czesci_zamienne_YG-05322.pdf,YATO GASTRO,https://drive.google.com/file/d/1u8DhZDvK3ftMMeoypPzqPVScZ53LElO3/preview,https://drive.google.com/file/d/1u8DhZDvK3ftMMeoypPzqPVScZ53LElO3/view?usp=drivesdk,unknown brand / numeric filename / missing device name
1_ml9zu6dUTR7v-1Ur9zJAXglaIiubHGb,YG-05323,Czesci_zamienne_YG-05323.pdf,YATO GASTRO,https://drive.google.com/file/d/1_ml9zu6dUTR7v-1Ur9zJAXglaIiubHGb/preview,https://drive.google.com/file/d/1_ml9zu6dUTR7v-1Ur9zJAXglaIiubHGb/view?usp=drivesdk,unknown brand / numeric filename / missing device name
1AvxoEicaWl6q08sWqlu6VAxOc1ozId4S,YG-05330,Czesci_zamienne_YG-05330.pdf,YATO GASTRO,https://drive.google.com/file/d/1AvxoEicaWl6q08sWqlu6VAxOc1ozId4S/preview,https://drive.google.com/file/d/1AvxoEicaWl6q08sWqlu6VAxOc1ozId4S/view?usp=drivesdk,unknown brand / numeric filename / missing device name
1ibwucu0M62mmWwHTVBovSQfvXuCzp7KK,YG-05331,Czesci_zamienne_YG-05331.pdf,YATO GASTRO,https://drive.google.com/file/d/1ibwucu0M62mmWwHTVBovSQfvXuCzp7KK/preview,https://drive.google.com/file/d/1ibwucu0M62mmWwHTVBovSQfvXuCzp7KK/view?usp=drivesdk,unknown brand / numeric filename / missing device name
1B9lWY_tlPnbzM5f1vXLlChQDwRPvVhpu,YG-05332,Czesci_zamienne_YG-05332.pdf,YATO GASTRO,https://drive.google.com/file/d/1B9lWY_tlPnbzM5f1vXLlChQDwRPvVhpu/preview,https://drive.google.com/file/d/1B9lWY_tlPnbzM5f1vXLlChQDwRPvVhpu/view?usp=drivesdk,unknown brand / numeric filename / missing device name
1nXTjEmYkVF8cnwf-UWA_PAmUABN2z7OC,YG-05350,Czesci_zamienne_YG-05350.pdf,YATO GASTRO,https://drive.google.com/file/d/1nXTjEmYkVF8cnwf-UWA_PAmUABN2z7OC/preview,https://drive.google.com/file/d/1nXTjEmYkVF8cnwf-UWA_PAmUABN2z7OC/view?usp=drivesdk,unknown brand / numeric filename / missing device name
1B9mNXP0Tuj-8BeWvE3VAykbOYmvWBk-B,YG-05355,Czesci_zamienne_YG-05355.pdf,YATO GASTRO,https://drive.google.com/file/d/1B9mNXP0Tuj-8BeWvE3VAykbOYmvWBk-B/preview,https://drive.google.com/file/d/1B9mNXP0Tuj-8BeWvE3VAykbOYmvWBk-B/view?usp=drivesdk,unknown brand / numeric filename / missing device name
17CbBtUQ-TjK37iGqmzSNfw6J0TmG3qns,YG-05356,Czesci_zamienne_YG-05356.pdf,YATO GASTRO,https://drive.google.com/file/d/17CbBtUQ-TjK37iGqmzSNfw6J0TmG3qns/preview,https://drive.google.com/file/d/17CbBtUQ-TjK37iGqmzSNfw6J0TmG3qns/view?usp=drivesdk,unknown brand / numeric filename / missing device name
1esme57WfzTf-vlDndmnXxmcToZcZZAG6,YG-05360,Czesci_zamienne_YG-05360.pdf,YATO GASTRO,https://drive.google.com/file/d/1esme57WfzTf-vlDndmnXxmcToZcZZAG6/preview,https://drive.google.com/file/d/1esme57WfzTf-vlDndmnXxmcToZcZZAG6/view?usp=drivesdk,unknown brand / numeric filename / missing device name
13b_WpRBdYOfyfObhiRq3qeXNaoBoR6nh,YG-07001,Czesci_zamienne_YG-07001.pdf,YATO GASTRO,https://drive.google.com/file/d/13b_WpRBdYOfyfObhiRq3qeXNaoBoR6nh/preview,https://drive.google.com/file/d/13b_WpRBdYOfyfObhiRq3qeXNaoBoR6nh/view?usp=drivesdk,unknown brand / numeric filename / missing device name
14TTnJtWUDY2Hae7y2h__JduEWMI3gfhC,YG-09000,Czesci_zamienne_YG-09000.pdf,YATO GASTRO,https://drive.google.com/file/d/14TTnJtWUDY2Hae7y2h__JduEWMI3gfhC/preview,https://drive.google.com/file/d/14TTnJtWUDY2Hae7y2h__JduEWMI3gfhC/view?usp=drivesdk,unknown brand / numeric filename / missing device name
1jjBnK-BHwqNGyNpOBV0F9A6sidYVqMYD,YG-09001,Czesci_zamienne_YG-09001.pdf,YATO GASTRO,https://drive.google.com/file/d/1jjBnK-BHwqNGyNpOBV0F9A6sidYVqMYD/preview,https://drive.google.com/file/d/1jjBnK-BHwqNGyNpOBV0F9A6sidYVqMYD/view?usp=drivesdk,unknown brand / numeric filename / missing device name
1pPu1J--dQUWGiKSUfhMG2ZQsMjPt0qHd,YG-09002,Czesci_zamienne_YG-09002.pdf,YATO GASTRO,https://drive.google.com/file/d/1pPu1J--dQUWGiKSUfhMG2ZQsMjPt0qHd/preview,https://drive.google.com/file/d/1pPu1J--dQUWGiKSUfhMG2ZQsMjPt0qHd/view?usp=drivesdk,unknown brand / numeric filename / missing device name
1u0cE0T7InjmAlQ7E58kfqcBiMO6nxBmg,YG-09003,Czesci_zamienne_YG-09003.pdf,YATO GASTRO,https://drive.google.com/file/d/1u0cE0T7InjmAlQ7E58kfqcBiMO6nxBmg/preview,https://drive.google.com/file/d/1u0cE0T7InjmAlQ7E58kfqcBiMO6nxBmg/view?usp=drivesdk,unknown brand / numeric filename / missing device name
10zr12EZ-X2qeGlmuk4QD2Ze89GZUh_n-,YG-09004,Czesci_zamienne_YG-09004.pdf,YATO GASTRO,https://drive.google.com/file/d/10zr12EZ-X2qeGlmuk4QD2Ze89GZUh_n-/preview,https://drive.google.com/file/d/10zr12EZ-X2qeGlmuk4QD2Ze89GZUh_n-/view?usp=drivesdk,unknown brand / numeric filename / missing device name
1BD5N-i7DhwHQ9BDZMAMvjxonp1x-Flhr,YG-09005,Czesci_zamienne_YG-09005.pdf,YATO GASTRO,https://drive.google.com/file/d/1BD5N-i7DhwHQ9BDZMAMvjxonp1x-Flhr/preview,https://drive.google.com/file/d/1BD5N-i7DhwHQ9BDZMAMvjxonp1x-Flhr/view?usp=drivesdk,unknown brand / numeric filename / missing device name
1xlj21duLR9S2VvKLRGYEgOrD2Js_vrks,YG-09006,Czesci_zamienne_YG-09006.pdf,YATO GASTRO,https://drive.google.com/file/d/1xlj21duLR9S2VvKLRGYEgOrD2Js_vrks/preview,https://drive.google.com/file/d/1xlj21duLR9S2VvKLRGYEgOrD2Js_vrks/view?usp=drivesdk,unknown brand / numeric filename / missing device name
1v4RyaDcyl1mx0i7dZR2_GTaGmyLiI5Ox,YG-09010,Czesci_zamienne_YG-09010.pdf,YATO GASTRO,https://drive.google.com/file/d/1v4RyaDcyl1mx0i7dZR2_GTaGmyLiI5Ox/preview,https://drive.google.com/file/d/1v4RyaDcyl1mx0i7dZR2_GTaGmyLiI5Ox/view?usp=drivesdk,unknown brand / numeric filename / missing device name
1np3E91pSOESLnQkJzUYxalqM3cd5aAMl,YG-09011,Czesci_zamienne_YG-09011.pdf,YATO GASTRO,https://drive.google.com/file/d/1np3E91pSOESLnQkJzUYxalqM3cd5aAMl/preview,https://drive.google.com/file/d/1np3E91pSOESLnQkJzUYxalqM3cd5aAMl/view?usp=drivesdk,unknown brand / numeric filename / missing device name
1ujI3ABGxnbsz5NW2ZuZ1NDNVCcV_4is1,YG-09012,Czesci_zamienne_YG-09012.pdf,YATO GASTRO,https://drive.google.com/file/d/1ujI3ABGxnbsz5NW2ZuZ1NDNVCcV_4is1/preview,https://drive.google.com/file/d/1ujI3ABGxnbsz5NW2ZuZ1NDNVCcV_4is1/view?usp=drivesdk,unknown brand / numeric filename / missing device name
11kfEMTh6TE5aT0ga5G2fe5aDuRAPGIoW,YG-09013,Czesci_zamienne_YG-09013.pdf,YATO GASTRO,https://drive.google.com/file/d/11kfEMTh6TE5aT0ga5G2fe5aDuRAPGIoW/preview,https://drive.google.com/file/d/11kfEMTh6TE5aT0ga5G2fe5aDuRAPGIoW/view?usp=drivesdk,unknown brand / numeric filename / missing device name
1ax-k3CSSk0iGo9TtMtmKUPOF_C2cQc3Q,YG-09014,Czesci_zamienne_YG-09014.pdf,YATO GASTRO,https://drive.google.com/file/d/1ax-k3CSSk0iGo9TtMtmKUPOF_C2cQc3Q/preview,https://drive.google.com/file/d/1ax-k3CSSk0iGo9TtMtmKUPOF_C2cQc3Q/view?usp=drivesdk,unknown brand / numeric filename / missing device name
1HWydFEiO-NhNUFEQQmy0pF1FiQgkQHPE,YG-09020,Czesci_zamienne_YG-09020.pdf,YATO GASTRO,https://drive.google.com/file/d/1HWydFEiO-NhNUFEQQmy0pF1FiQgkQHPE/preview,https://drive.google.com/file/d/1HWydFEiO-NhNUFEQQmy0pF1FiQgkQHPE/view?usp=drivesdk,unknown brand / numeric filename / missing device name
1WDXWfrzLdu1hg6EPHp4aes6-eDUkIL_3,YG-09021,Czesci_zamienne_YG-09021.pdf,YATO GASTRO,https://drive.google.com/file/d/1WDXWfrzLdu1hg6EPHp4aes6-eDUkIL_3/preview,https://drive.google.com/file/d/1WDXWfrzLdu1hg6EPHp4aes6-eDUkIL_3/view?usp=drivesdk,unknown brand / numeric filename / missing device name
1YRZsaIy3VqOgye67YMtQoo2S6fFVVbuD,YG-09022,Czesci_zamienne_YG-09022.pdf,YATO GASTRO,https://drive.google.com/file/d/1YRZsaIy3VqOgye67YMtQoo2S6fFVVbuD/preview,https://drive.google.com/file/d/1YRZsaIy3VqOgye67YMtQoo2S6fFVVbuD/view?usp=drivesdk,unknown brand / numeric filename / missing device name
1eNviNQq-ugSD8x6sE2lbzT8MpGoPvgqo,YG-09023,Czesci_zamienne_YG-09023.pdf,YATO GASTRO,https://drive.google.com/file/d/1eNviNQq-ugSD8x6sE2lbzT8MpGoPvgqo/preview,https://drive.google.com/file/d/1eNviNQq-ugSD8x6sE2lbzT8MpGoPvgqo/view?usp=drivesdk,unknown brand / numeric filename / missing device name
1dCpw6jkXf-r2Q2UfPJSI43SzMESeu4dI,YG-09024,Czesci_zamienne_YG-09024.pdf,YATO GASTRO,https://drive.google.com/file/d/1dCpw6jkXf-r2Q2UfPJSI43SzMESeu4dI/preview,https://drive.google.com/file/d/1dCpw6jkXf-r2Q2UfPJSI43SzMESeu4dI/view?usp=drivesdk,unknown brand / numeric filename / missing device name
1ZxH84Qzrmo6Q6RRwrt4sm-GWR7IJSKJz,YG-09025,Czesci_zamienne_YG-09025.pdf,YATO GASTRO,https://drive.google.com/file/d/1ZxH84Qzrmo6Q6RRwrt4sm-GWR7IJSKJz/preview,https://drive.google.com/file/d/1ZxH84Qzrmo6Q6RRwrt4sm-GWR7IJSKJz/view?usp=drivesdk,unknown brand / numeric filename / missing device name
1-sc6lMLB1ofRM5yCp09hTN_YOvE6CxAt,YG-09030,Czesci_zamienne_YG-09030.pdf,YATO GASTRO,https://drive.google.com/file/d/1-sc6lMLB1ofRM5yCp09hTN_YOvE6CxAt/preview,https://drive.google.com/file/d/1-sc6lMLB1ofRM5yCp09hTN_YOvE6CxAt/view?usp=drivesdk,unknown brand / numeric filename / missing device name
1OA5to2VskIvvGb3gFx1js6GhGDWsb8Mu,YG-09031,Czesci_zamienne_YG-09031.pdf,YATO GASTRO,https://drive.google.com/file/d/1OA5to2VskIvvGb3gFx1js6GhGDWsb8Mu/preview,https://drive.google.com/file/d/1OA5to2VskIvvGb3gFx1js6GhGDWsb8Mu/view?usp=drivesdk,unknown brand / numeric filename / missing device name
12jtjcXKjzmJDRw_MZMvO2yL2VZrQyfOS,YG-09032,Czesci_zamienne_YG-09032.pdf,YATO GASTRO,https://drive.google.com/file/d/12jtjcXKjzmJDRw_MZMvO2yL2VZrQyfOS/preview,https://drive.google.com/file/d/12jtjcXKjzmJDRw_MZMvO2yL2VZrQyfOS/view?usp=drivesdk,unknown brand / numeric filename / missing device name
1GdeSBr-Jyfv5A4lOScxMeAldOVrv6ZO6,YG-09033,Czesci_zamienne_YG-09033.pdf,YATO GASTRO,https://drive.google.com/file/d/1GdeSBr-Jyfv5A4lOScxMeAldOVrv6ZO6/preview,https://drive.google.com/file/d/1GdeSBr-Jyfv5A4lOScxMeAldOVrv6ZO6/view?usp=drivesdk,unknown brand / numeric filename / missing device name
19iP1TxqNBJ3B9bEVWtm7KUkwz7KzVDsA,YG-09034,Czesci_zamienne_YG-09034.pdf,YATO GASTRO,https://drive.google.com/file/d/19iP1TxqNBJ3B9bEVWtm7KUkwz7KzVDsA/preview,https://drive.google.com/file/d/19iP1TxqNBJ3B9bEVWtm7KUkwz7KzVDsA/view?usp=drivesdk,unknown brand / numeric filename / missing device name
1v4XtY1lDtS-SAZP4Ft7NiNomqhjsu0GE,YG-09035,Czesci_zamienne_YG-09035.pdf,YATO GASTRO,https://drive.google.com/file/d/1v4XtY1lDtS-SAZP4Ft7NiNomqhjsu0GE/preview,https://drive.google.com/file/d/1v4XtY1lDtS-SAZP4Ft7NiNomqhjsu0GE/view?usp=drivesdk,unknown brand / numeric filename / missing device name
1-ZvJslIWKDKWEuZe7VZygkrUnrU69iAC,YG-09225,Czesci_zamienne_YG-09225.pdf,YATO GASTRO,https://drive.google.com/file/d/1-ZvJslIWKDKWEuZe7VZygkrUnrU69iAC/preview,https://drive.google.com/file/d/1-ZvJslIWKDKWEuZe7VZygkrUnrU69iAC/view?usp=drivesdk,unknown brand / numeric filename / missing device name
1OGWaSFzC6Xx59P1NeQq0TfeRQVqxUvYv,YG-09226,Czesci_zamienne_YG-09226.pdf,YATO GASTRO,https://drive.google.com/file/d/1OGWaSFzC6Xx59P1NeQq0TfeRQVqxUvYv/preview,https://drive.google.com/file/d/1OGWaSFzC6Xx59P1NeQq0TfeRQVqxUvYv/view?usp=drivesdk,unknown brand / numeric filename / missing device name
1dOFvQAvhlDYnTIAiQu1F6FmExhvmCQUJ,YG-09227,Czesci_zamienne_YG-09227.pdf,YATO GASTRO,https://drive.google.com/file/d/1dOFvQAvhlDYnTIAiQu1F6FmExhvmCQUJ/preview,https://drive.google.com/file/d/1dOFvQAvhlDYnTIAiQu1F6FmExhvmCQUJ/view?usp=drivesdk,unknown brand / numeric filename / missing device name
1kzrz3wkKcvk_Z3buSsM6Yudk3TKcW3iJ,YG-09230,Czesci_zamienne_YG-09230.pdf,YATO GASTRO,https://drive.google.com/file/d/1kzrz3wkKcvk_Z3buSsM6Yudk3TKcW3iJ/preview,https://drive.google.com/file/d/1kzrz3wkKcvk_Z3buSsM6Yudk3TKcW3iJ/view?usp=drivesdk,unknown brand / numeric filename / missing device name
16kF1rn8WsVxN73CXdGplsZ4gXGqbNI2V,YG-09231,Czesci_zamienne_YG-09231.pdf,YATO GASTRO,https://drive.google.com/file/d/16kF1rn8WsVxN73CXdGplsZ4gXGqbNI2V/preview,https://drive.google.com/file/d/16kF1rn8WsVxN73CXdGplsZ4gXGqbNI2V/view?usp=drivesdk,unknown brand / numeric filename / missing device name
1Sjt1bfhZiU7nth24F0bRh4_XLEfTYg93,YG-09233,Czesci_zamienne_YG-09233.pdf,YATO GASTRO,https://drive.google.com/file/d/1Sjt1bfhZiU7nth24F0bRh4_XLEfTYg93/preview,https://drive.google.com/file/d/1Sjt1bfhZiU7nth24F0bRh4_XLEfTYg93/view?usp=drivesdk,unknown brand / numeric filename / missing device name
1YC3txMWvhA4rs_ugZ70NhXhMI0a5kMlF,YG-09249,Czesci_zamienne_YG-09249.pdf,YATO GASTRO,https://drive.google.com/file/d/1YC3txMWvhA4rs_ugZ70NhXhMI0a5kMlF/preview,https://drive.google.com/file/d/1YC3txMWvhA4rs_ugZ70NhXhMI0a5kMlF/view?usp=drivesdk,unknown brand / numeric filename / missing device name
1ZrCsAtSG2HAhnNjQ-pgI8VM5903X5wBV,YG-09250,Czesci_zamienne_YG-09250.pdf,YATO GASTRO,https://drive.google.com/file/d/1ZrCsAtSG2HAhnNjQ-pgI8VM5903X5wBV/preview,https://drive.google.com/file/d/1ZrCsAtSG2HAhnNjQ-pgI8VM5903X5wBV/view?usp=drivesdk,unknown brand / numeric filename / missing device name
16XUEP2pF_iuVzNtyO0bk0p0HkCF2bfty,YG-09303,Czesci_zamienne_YG-09303.pdf,YATO GASTRO,https://drive.google.com/file/d/16XUEP2pF_iuVzNtyO0bk0p0HkCF2bfty/preview,https://drive.google.com/file/d/16XUEP2pF_iuVzNtyO0bk0p0HkCF2bfty/view?usp=drivesdk,unknown brand / numeric filename / missing device name
1heWGvRj1WFA3QrGIqMqkbKo9jBKwmJKM,YG-09304,Czesci_zamienne_YG-09304.pdf,YATO GASTRO,https://drive.google.com/file/d/1heWGvRj1WFA3QrGIqMqkbKo9jBKwmJKM/preview,https://drive.google.com/file/d/1heWGvRj1WFA3QrGIqMqkbKo9jBKwmJKM/view?usp=drivesdk,unknown brand / numeric filename / missing device name
1Yq70VKat4XOnKhmjgf4EG65opA0emTb1,YG-09305,Czesci_zamienne_YG-09305.pdf,YATO GASTRO,https://drive.google.com/file/d/1Yq70VKat4XOnKhmjgf4EG65opA0emTb1/preview,https://drive.google.com/file/d/1Yq70VKat4XOnKhmjgf4EG65opA0emTb1/view?usp=drivesdk,unknown brand / numeric filename / missing device name
1hzJ7qWOdaRapgoZ-O4np1ZcM3EPjIT61,YG-09307,Czesci_zamienne_YG-09307.pdf,YATO GASTRO,https://drive.google.com/file/d/1hzJ7qWOdaRapgoZ-O4np1ZcM3EPjIT61/preview,https://drive.google.com/file/d/1hzJ7qWOdaRapgoZ-O4np1ZcM3EPjIT61/view?usp=drivesdk,unknown brand / numeric filename / missing device name
1zDVHHmBb3RTZM2JrjCFK_PMDaGym7y3A,YG-09310,Czesci_zamienne_YG-09310.pdf,YATO GASTRO,https://drive.google.com/file/d/1zDVHHmBb3RTZM2JrjCFK_PMDaGym7y3A/preview,https://drive.google.com/file/d/1zDVHHmBb3RTZM2JrjCFK_PMDaGym7y3A/view?usp=drivesdk,unknown brand / numeric filename / missing device name
1k-uozJfiPMCQ462Ohs5rXpzaiLJsm-Dz,YG-09311,Czesci_zamienne_YG-09311.pdf,YATO GASTRO,https://drive.google.com/file/d/1k-uozJfiPMCQ462Ohs5rXpzaiLJsm-Dz/preview,https://drive.google.com/file/d/1k-uozJfiPMCQ462Ohs5rXpzaiLJsm-Dz/view?usp=drivesdk,unknown brand / numeric filename / missing device name
1nnBzs8Pa_KXzkIm3tByKda7t7o22bd6m,YG-09312,Czesci_zamienne_YG-09312.pdf,YATO GASTRO,https://drive.google.com/file/d/1nnBzs8Pa_KXzkIm3tByKda7t7o22bd6m/preview,https://drive.google.com/file/d/1nnBzs8Pa_KXzkIm3tByKda7t7o22bd6m/view?usp=drivesdk,unknown brand / numeric filename / missing device name
1ZvG-T4OdWj9mZKeLeQx41JDQmVfOHo2V,YG-09315,Czesci_zamienne_YG-09315.pdf,YATO GASTRO,https://drive.google.com/file/d/1ZvG-T4OdWj9mZKeLeQx41JDQmVfOHo2V/preview,https://drive.google.com/file/d/1ZvG-T4OdWj9mZKeLeQx41JDQmVfOHo2V/view?usp=drivesdk,unknown brand / numeric filename / missing device name
1NgLb6f9b7LmKUyRgX7SBu4gK4gJbiWLF,YG-09510,Czesci_zamienne_YG-09510.pdf,YATO GASTRO,https://drive.google.com/file/d/1NgLb6f9b7LmKUyRgX7SBu4gK4gJbiWLF/preview,https://drive.google.com/file/d/1NgLb6f9b7LmKUyRgX7SBu4gK4gJbiWLF/view?usp=drivesdk,unknown brand / numeric filename / missing device name
1ySn4i3dXg5Z9Uu3qnlrpsXwpt2RwTLvC,YG-09550,Czesci_zamienne_YG-09550.pdf,YATO GASTRO,https://drive.google.com/file/d/1ySn4i3dXg5Z9Uu3qnlrpsXwpt2RwTLvC/preview,https://drive.google.com/file/d/1ySn4i3dXg5Z9Uu3qnlrpsXwpt2RwTLvC/view?usp=drivesdk,unknown brand / numeric filename / missing device name
1vln1SFHWbjINklQ6V1Otskn3l7z8d7TP,YG-09551,Czesci_zamienne_YG-09551.pdf,YATO GASTRO,https://drive.google.com/file/d/1vln1SFHWbjINklQ6V1Otskn3l7z8d7TP/preview,https://drive.google.com/file/d/1vln1SFHWbjINklQ6V1Otskn3l7z8d7TP/view?usp=drivesdk,unknown brand / numeric filename / missing device name
1F2oTq-ZZ5SQvvphy2CXMGWagATHhq9BH,YG-10010,Czesci_zamienne_YG-10010.pdf,YATO GASTRO,https://drive.google.com/file/d/1F2oTq-ZZ5SQvvphy2CXMGWagATHhq9BH/preview,https://drive.google.com/file/d/1F2oTq-ZZ5SQvvphy2CXMGWagATHhq9BH/view?usp=drivesdk,unknown brand / numeric filename / missing device name
14PhaednSYiWaZoGTQteVzCawDeGoOAOf,YG-20001,Czesci_zamienne_YG-20001.pdf,YATO GASTRO,https://drive.google.com/file/d/14PhaednSYiWaZoGTQteVzCawDeGoOAOf/preview,https://drive.google.com/file/d/14PhaednSYiWaZoGTQteVzCawDeGoOAOf/view?usp=drivesdk,unknown brand / numeric filename / missing device name
1m7G6GjcBY67IHZPqIxbiAqrauZOSIPpB,YG-20002,Czesci_zamienne_YG-20002.pdf,YATO GASTRO,https://drive.google.com/file/d/1m7G6GjcBY67IHZPqIxbiAqrauZOSIPpB/preview,https://drive.google.com/file/d/1m7G6GjcBY67IHZPqIxbiAqrauZOSIPpB/view?usp=drivesdk,unknown brand / numeric filename / missing device name
1Jv55j9GsZgJV7zojhtWS1zEkvcxw1TlH,YG-20011,Czesci_zamienne_YG-20011.pdf,YATO GASTRO,https://drive.google.com/file/d/1Jv55j9GsZgJV7zojhtWS1zEkvcxw1TlH/preview,https://drive.google.com/file/d/1Jv55j9GsZgJV7zojhtWS1zEkvcxw1TlH/view?usp=drivesdk,unknown brand / numeric filename / missing device name
1GIGIVwluhU0Wc07yslDirz-bN6JVxqvz,YG-20012,Czesci_zamienne_YG-20012.pdf,YATO GASTRO,https://drive.google.com/file/d/1GIGIVwluhU0Wc07yslDirz-bN6JVxqvz/preview,https://drive.google.com/file/d/1GIGIVwluhU0Wc07yslDirz-bN6JVxqvz/view?usp=drivesdk,unknown brand / numeric filename / missing device name
1asvvs4vC_kb2oPo5CysbOlZJp0PY7nVy,YG-20013,Czesci_zamienne_YG-20013.pdf,YATO GASTRO,https://drive.google.com/file/d/1asvvs4vC_kb2oPo5CysbOlZJp0PY7nVy/preview,https://drive.google.com/file/d/1asvvs4vC_kb2oPo5CysbOlZJp0PY7nVy/view?usp=drivesdk,unknown brand / numeric filename / missing device name
14-QFjmLNV7f7z2QnIPgn5Dtemm3dKC0s,YG-20015,Czesci_zamienne_YG-20015.pdf,YATO GASTRO,https://drive.google.com/file/d/14-QFjmLNV7f7z2QnIPgn5Dtemm3dKC0s/preview,https://drive.google.com/file/d/14-QFjmLNV7f7z2QnIPgn5Dtemm3dKC0s/view?usp=drivesdk,unknown brand / numeric filename / missing device name
1Rwmnol43o00lBqfE2FD0wHw3qefp6MPB,YG-20016,Czesci_zamienne_YG-20016.pdf,YATO GASTRO,https://drive.google.com/file/d/1Rwmnol43o00lBqfE2FD0wHw3qefp6MPB/preview,https://drive.google.com/file/d/1Rwmnol43o00lBqfE2FD0wHw3qefp6MPB/view?usp=drivesdk,unknown brand / numeric filename / missing device name
1gR5FzRzVQXpeyMpQSxcxK2bXonn3DM6N,YG-20102,Czesci_zamienne_YG-20102.pdf,YATO GASTRO,https://drive.google.com/file/d/1gR5FzRzVQXpeyMpQSxcxK2bXonn3DM6N/preview,https://drive.google.com/file/d/1gR5FzRzVQXpeyMpQSxcxK2bXonn3DM6N/view?usp=drivesdk,unknown brand / numeric filename / missing device name
1Dv-ijWfh2PEOol1EkaLvFYbrVGo1Pnk5,YG-20106,Czesci_zamienne_YG-20106.pdf,YATO GASTRO,https://drive.google.com/file/d/1Dv-ijWfh2PEOol1EkaLvFYbrVGo1Pnk5/preview,https://drive.google.com/file/d/1Dv-ijWfh2PEOol1EkaLvFYbrVGo1Pnk5/view?usp=drivesdk,unknown brand / numeric filename / missing device name
