zun;name;spec;material;linkedPartCount;linkedModelCount;matchedDrawingModelCount;brands;linkedPartIndexes;linkedModels
ZUN-000001;ŁOŻYSKO KULKOWE 606 2Z;606 2Z;;7;5;4;FLO, YATO;Z7812117, Z7941046, ZY82097-11, ZY8234023, ZY82350-062, ZY82350-107, ZY828377-30;78121, 79410, YT-82097, YT-82340, YT-82350
ZUN-000002;ŁOŻYSKO KULKOWE 606 2RS;606 2RS;;4;4;4;STHOR, YATO;Z7905342, ZY821591-40, ZY82240-65, ZY82355-013;79053, YT-82159, YT-82240, YT-82355
ZUN-000003;ŁOŻYSKO KULKOWE 607 2Z;607 2Z;stal;64;52;50;FLO, LUND, STHOR, YATO;Z7885430, Z7899219, Z7899516, Z7899716, Z7900416, Z7900525, Z7900720, Z7901616, Z7901824, Z7902047, Z79049048, Z79094027, Z79095027, Z7909902, Z79104V231, Z7910531, Z7910831, Z7911334, Z7911629, Z79119028, Z7923817, Z79239019, Z7924024, Z7927556, Z7930910, Z7944218, Z7944404, Z7947412, Z7947512, Z7947614, Z7947848, Z7947910, Z7948110, Z7948223, ZY09741024, ZY09742024, ZY8203026, ZY82034-17, ZY8203526, ZY82036023, ZY82037035, ZY8204022, ZY8204027, ZY82044038, ZY8205014, ZY8205022, ZY8205113, ZY8205120, ZY82060-39, ZY8207031, ZY8209019, ZY8209536, ZY82098-14, ZY8220039, ZY8222026, ZY8222329, ZY8227034, ZY8227137, ZY8227256, ZY82770-55, ZY828075-29, ZY82880-27, ZY84790-09, ZY84800-30;78854, 78992, 78995, 78997, 79004, 79005, 79007, 79016, 79018, 79020, 79049, 79094, 79095, 79099, 79104, 79105, 79108, 79113, 79116, 79119, 79238, 79239, 79240, 79275, 79309, 79442, 79444, 79474, 79475, 79476, 79478, 79479, 79481, 79482, YT-82034, YT-82035, YT-82036, YT-82037, YT-82040, YT-82044, YT-82050, YT-82051, YT-82060, YT-82070, YT-82098, YT-82200, YT-82220, YT-82223, YT-82770, YT-82880, YT-84790, YT-84800
ZUN-000004;ŁOŻYSKO KULKOWE 607 2RS;607 2RS;stal;39;35;35;FLO, STHOR, YATO;Z7901309, Z7905366, Z79054078, Z79076091, Z79124-25, Z7925235, Z7925335, Z7925422, Z7925722, Z79307-032, Z7941524, Z7941619, ZY82020-27, ZY82080-19, ZY82089-25, ZY8209102, ZY8209402, ZY82097-27, ZY8210026, ZY82101-30, ZY82115063, ZY82120046, ZY82122079, ZY8214042, ZY8214125, ZY8215059, ZY82172047, ZY8223003, ZY82265-05, ZY82330-29, ZY8234032, ZY82341-23, ZY82341-46, ZY82350-025, ZY82355-052, ZY82375-40, ZY82398-34, ZY82816-046, ZY828294-24;79013, 79053, 79054, 79076, 79124, 79252, 79253, 79254, 79257, 79307, 79415, 79416, YT-82020, YT-82080, YT-82089, YT-82094, YT-82097, YT-82100, YT-82101, YT-82115, YT-82120, YT-82122, YT-82141, YT-82172, YT-82230, YT-82265, YT-82330, YT-82340, YT-82341, YT-82350, YT-82355, YT-82375, YT-82398, YT-82816, YT-82829
ZUN-000005;ŁOŻYSKO KULKOWE 608 2Z;608 2Z;stal;114;95;82;FLO, LUND, STHOR, VOREL, YATO;Z57091030, Z5709234, Z5709730, Z67707-08, Z7885221, Z7885407, Z7894531, Z7895027, Z7899215, Z7899514, Z7899714, Z7900215, Z7900515, Z7900715, Z7900915, Z7901215, Z7901515, Z7901614, Z7901818, Z7902031, Z7902045, Z7902315, Z7902414, Z7902624, Z7902726, Z79029055, Z79036060, Z79049037, Z7909826, Z7911431, Z7912028, Z79125-26, Z79125-30, Z7912931, Z7914133, Z7923815, Z79239017, Z7924015, Z7927522, Z7941026, Z7941318, Z7942020, Z7944222, Z7944407, Z7947316, Z7947417, Z7947530, Z7947619, Z7947847, Z7948118, Z7948216, Z7948428, Z81060-12, Z81070-20, Z81072-10, Z8111025, Z8111711, Z8111819, Z8111917, Z8294213, Z8294228, ZY095331, ZY0954023, ZY0963235, ZY09676-29, ZY098016, ZY09802-21, ZY0981V219, ZY82021-27, ZY8203014, ZY82034-10, ZY8203514, ZY82036016, ZY82037023, ZY8204020, ZY8205020, ZY8205118, ZY8207029, ZY82105-14, ZY82120051, ZY82125069, ZY82127072, ZY82130068, ZY82131-055, ZY82131-090, ZY82163-06, ZY82163-10, ZY82163-13, ZY82163-20, ZY82165-045, ZY82173036, ZY82185-039, ZY8219512, ZY82196-24, ZY8222024, ZY8222326, ZY8227032, ZY82280079, ZY82281-44, ZY82605-20, ZY82606-20, ZY82607-38, ZY82608-36, ZY82609-35, ZY828135-18, ZY828135-41, ZY82904-04, ZY82922-15, ZY84790-15, ZY84800-18, ZY84840-119, ZY84850-109, ZY849200805, ZY850802402;57091, 57092, 57097, 67707, 78852, 78854, 78945, 78950, 78992, 78995, 78997, 79002, 79005, 79007, 79009, 79012, 79015, 79016, 79018, 79020, 79023, 79024, 79026, 79027, 79029, 79036, 79049, 79098, 79114, 79120, 79125, 79129, 79141, 79238, 79239, 79240, 79275, 79410, 79413, 79420, 79442, 79444, 79473, 79474, 79475, 79476, 79478, 79481, 79482, 79484, 81060, 81070, 81072, 81110, 81117, 81118, 81119, 82942, YT-09540, YT-09676, YT-82021, YT-82034, YT-82035, YT-82036, YT-82037, YT-82040, YT-82050, YT-82051, YT-82070, YT-82105, YT-82120, YT-82125, YT-82127, YT-82130, YT-82131, YT-82163, YT-82165, YT-82173, YT-82185, YT-82196, YT-82220, YT-82223, YT-82280, YT-82281, YT-82605, YT-82606, YT-82607, YT-82608, YT-82609, YT-82813, YT-82904, YT-82922, YT-84790, YT-84800, YT-84840
ZUN-000006;ŁOŻYSKO KULKOWE 608 2RS;608 2RS;stal;51;41;40;FLO, LUND, STHOR, YATO;Z7894815, Z7900413, Z7901311, Z7903051, Z7904664, Z79048041, Z7905358, Z79076089, Z79093-26, Z79093-30, Z7933217, Z7941542, Z7941642, Z7947916, ZY81956-28, ZY82015-61, ZY8209406, ZY82096-33, ZY82097-20, ZY82098-22, ZY8210020, ZY82101-26, ZY821023-33, ZY821024-33, ZY82104-15, ZY82104-29, ZY82110-14, ZY82123-075, ZY82133-45, ZY8214022, ZY8214152, ZY82144-24, ZY8215023, ZY821533-24, ZY8215353, ZY821591-22, ZY82207-06, ZY8223017, ZY82240-25, ZY82265-10, ZY8234026, ZY82341-38, ZY82398-32, ZY82600-05, ZY82600-09, ZY82806-20, ZY828294-20, ZY84840-110, ZY85200-43, ZY85205-70, ZY85208-070;78948, 79004, 79013, 79030, 79046, 79048, 79053, 79076, 79093, 79332, 79415, 79416, 79479, YT-81956, YT-82015, YT-82094, YT-82096, YT-82097, YT-82098, YT-82100, YT-82101, YT-82110, YT-82123, YT-82133, YT-82141, YT-82144, YT-82159, YT-82207, YT-82230, YT-82240, YT-82265, YT-82340, YT-82341, YT-82398, YT-82600, YT-82806, YT-82829, YT-84840, YT-85200, YT-85205, YT-85208
ZUN-000007;ŁOŻYSKO KULKOWE 609 2Z;609 2Z;;2;2;0;;Z7944527, Z7945019;79445, 79450
ZUN-000008;ŁOŻYSKO KULKOWE 609 2RS;609 2RS;stal/tworzywo;8;7;5;STHOR, YATO;Z7885242, Z7885342, Z7885415, ZY82044044, ZY82045-35, ZY8223022, ZY82607-34, ZY828075-27;78852, 78853, 78854, YT-82044, YT-82045, YT-82230, YT-82607
ZUN-000009;ŁOŻYSKO KULKOWE 609 2RS;609 2RS osłona metalowa;;6;6;6;STHOR, YATO;Z79049046, Z7905364, Z79054076, ZY82115061, ZY82120049, ZY82122063;79049, 79053, 79054, YT-82115, YT-82120, YT-82122
ZUN-000010;ŁOŻYSKO KULKOWE 625 2Z;625 2Z;;2;1;0;;Z81060-19, ZY098010;81060
ZUN-000011;ŁOŻYSKO KULKOWE 625 1RS;ø5/ø16/5mm 625 1rs zaokrąglony zewnętrzny pierścień;;10;6;6;STHOR, YATO;Z7923709, Z7923812, Z79239014, Z7924020, ZY8222021, ZY8222323, ZY827791-08, ZY827791-10, ZY827792-19, ZY827792-21;79237, 79238, 79239, 79240, YT-82220, YT-82223
ZUN-000012;ŁOŻYSKO KULKOWE 626 2Z;626 2Z;stal;33;21;11;FLO, LUND, STHOR, YATO;Z78990014, Z7900221, Z7901221, Z7901416, Z7901716, Z7902417, Z7931404, Z7941045, Z7947311, Z7948432, Z81070-13, Z81072-03, Z81073-02, Z81073-10, Z81080-17, Z8110815, Z8111722, Z8111812, Z81122-16, ZY096516, ZY0967507, ZY09695-20, ZY097017, ZY09703-23, ZY09716-21, ZY09802-14, ZY0981V212, ZY099316, ZY0994414, ZY82120012, ZY82185-047, ZY82880-21, ZY851001520;78990, 79002, 79012, 79014, 79017, 79024, 79314, 79410, 79473, 79484, 81070, 81072, 81073, 81080, 81108, 81117, 81118, 81122, YT-82120, YT-82185, YT-82880
ZUN-000013;ŁOŻYSKO KULKOWE 626 2RS;626 2RS;;3;3;3;STHOR, YATO;Z78204-24, ZY82240-55, ZY82355-043;78204, YT-82240, YT-82355
ZUN-000014;ŁOŻYSKO KULKOWE 627 2Z;627 2Z;stal;15;14;12;FLO, STHOR, YATO;Z7885427, Z7901414, Z7901520, Z7902320, Z79029064, Z7903056, Z79036056, Z7904649, Z79048065, Z7912329, Z7949307, ZY82125057, ZY82127060, ZY8215143, ZY849200713;78854, 79014, 79015, 79023, 79029, 79030, 79036, 79046, 79048, 79123, 79493, YT-82125, YT-82127, YT-82151
ZUN-000015;ŁOŻYSKO KULKOWE 627 2RS;627 2RS;;4;4;4;YATO;ZY82144-38, ZY82240-67, ZY82390-16, ZY82806-38;YT-82144, YT-82240, YT-82390, YT-82806
ZUN-000016;ŁOŻYSKO KULKOWE 628 2Z;628 2Z;;2;1;1;STHOR;Z78091-20, ZY09741019;78091
ZUN-000017;ŁOŻYSKO KULKOWE 628 2RS;628 2RS;stal/tworzywo;7;7;7;STHOR, YATO;Z78204-32, ZY82025-29, ZY82135075, ZY821591-27, ZY85200-48, ZY85205-74, ZY85208-074;78204, YT-82025, YT-82135, YT-82159, YT-85200, YT-85205, YT-85208
ZUN-000018;ŁOŻYSKO KULKOWE 629 2Z;629 2Z;;5;3;3;STHOR, YATO;Z79104V224, Z7910524, ZY8209025, ZY8209531, ZY82280043;79104, 79105, YT-82280
ZUN-000019;ŁOŻYSKO KULKOWE 629 2RS;629 2RS;;18;15;15;STHOR, YATO;Z79094021, Z79095021, Z79119023, Z79124-19, Z79151029, ZY82037028, ZY82080-11, ZY82089-22, ZY8209107, ZY82098-30, ZY8210240, ZY82106-39, ZY82158-066, ZY8218012, ZY82181-21, ZY82207-09, ZY82330-24, ZY82355-034;79094, 79095, 79119, 79124, 79151, YT-82037, YT-82080, YT-82089, YT-82098, YT-82106, YT-82158, YT-82181, YT-82207, YT-82330, YT-82355
ZUN-000020;ŁOŻYSKO KULKOWE 630 2RS;630 2RS ø8/ø22/11mm;;1;1;1;LUND;Z67860052;67860
ZUN-000021;ŁOŻYSKO KULKOWE 684 2Z;684 2Z ø4/ø9/4mm;;2;1;1;YATO;ZY09741003, ZY8281828;YT-82818
ZUN-000022;ŁOŻYSKO KULKOWE 687 2Z;687 2Z;;1;1;1;LUND;Z678054915;67805
ZUN-000023;ŁOŻYSKO KULKOWE 688 2Z;688 2Z;stal;5;5;4;LUND, YATO;Z678054916, Z67810V2029, Z67811042, Z7812705, ZY82133-36;67805, 67810, 67811, 78127, YT-82133
ZUN-000024;ŁOŻYSKO KULKOWE 696 2Z;696 2Z;;10;7;7;STHOR, YATO;Z79124-11, Z8111015, ZY0963226, ZY09676-20, ZY09703-16, ZY09742002F, ZY82077-17, ZY82101-16, ZY82185-089, ZY8220029;79124, 81110, YT-09676, YT-82077, YT-82101, YT-82185, YT-82200
ZUN-000025;ŁOŻYSKO KULKOWE 697 2Z;697 2Z;;2;2;2;YATO;ZY82037030, ZY82044033;YT-82037, YT-82044
ZUN-000026;ŁOŻYSKO KULKOWE 698 2Z;698 2Z;;11;11;9;STHOR, YATO;Z7812312, Z7931403, Z7931604, Z7931703, ZY82044030, ZY82077-06, ZY82123-056, ZY82605-19, ZY82606-19, ZY82608-42, ZY82609-47;78123, 79314, 79316, 79317, YT-82044, YT-82077, YT-82123, YT-82605, YT-82606, YT-82608, YT-82609
ZUN-000027;ŁOŻYSKO KULKOWE 699 2Z;699 2Z;;5;5;5;STHOR, YATO;Z79054074, Z79307-016, ZY82060-13, ZY82115059, ZY82350-106;79054, 79307, YT-82060, YT-82115, YT-82350
ZUN-000028;ŁOŻYSKO KULKOWE 6000 2Z;6000 2Z;stal;43;30;27;FLO, LUND, STHOR, VOREL, YATO;Z57091024, Z7902618, Z79095010, Z7909814, Z7909906, Z7909916, Z79111006, Z7911612, Z7912311, Z7912325, Z79125-14, Z7923806, Z7930913, Z7933430, Z7941037, Z7942040, Z7944040, Z7947518, Z81080-09, ZY096523, ZY09695-29, ZY0974028, ZY09742019, ZY099323, ZY8215147, ZY82158-045, ZY82170086, ZY82171114, ZY8218023, ZY8227252, ZY82281-29, ZY82330-23, ZY82605-11, ZY82606-11, ZY82608-30, ZY82609-41, ZY828135-14, ZY8281413, ZY8282622, ZY84800-22, ZY84850-119, ZY849200710, ZY8509035;57091, 79026, 79095, 79098, 79099, 79111, 79116, 79123, 79125, 79238, 79309, 79334, 79410, 79420, 79440, 79475, 81080, YT-82151, YT-82158, YT-82171, YT-82281, YT-82330, YT-82605, YT-82606, YT-82608, YT-82609, YT-82813, YT-82814, YT-82826, YT-84800
ZUN-000029;ŁOŻYSKO KULKOWE 6000 2RS;6000 2RS;;41;33;33;FLO, STHOR, YATO;Z78091-08, Z79094010, Z79119010, Z79135-31, Z7923704, Z7925231, Z7925331, Z7925426, Z7925726, Z7941331, Z7941651, ZY81980V2-26, ZY82015-57, ZY82020-21, ZY821023-28, ZY821024-28, ZY8210301, ZY82110-29, ZY8214006, ZY8214019, ZY8214161, ZY82144-45, ZY8215320, ZY82163-17, ZY82172045, ZY82181-81, ZY82185-050, ZY82242-22, ZY8227132, ZY82350-073, ZY82355-049, ZY82385-61, ZY82605-34, ZY82606-34, ZY82753-14, ZY828133-03, ZY82816-043, ZY84840-127, ZY85200-46, ZY85205-72, ZY85208-072;78091, 79094, 79119, 79135, 79237, 79252, 79253, 79254, 79257, 79413, 79416, YT-81980, YT-82015, YT-82020, YT-82110, YT-82141, YT-82144, YT-82163, YT-82172, YT-82181, YT-82185, YT-82242, YT-82350, YT-82355, YT-82385, YT-82605, YT-82606, YT-82813, YT-82816, YT-84840, YT-85200, YT-85205, YT-85208
ZUN-000030;ŁOŻYSKO KULKOWE 6001 2Z;6001 2Z;stal;27;24;21;LUND, STHOR, VOREL, YATO;Z5709236, Z5709728, Z7347326, Z7899505, Z7899705, Z7900506, Z7901507A, Z7901808, Z79029057, Z7904641, Z79090055, Z7910013, Z79104V213, Z7910813, Z7911313, Z7912009, Z7912023, Z7914828, Z7915024, Z7933414, Z8110026, Z8110126, ZY095221, ZY09544-20, ZY0974031, ZY82034-05, ZY8222006;57092, 57097, 73473, 78995, 78997, 79005, 79015, 79018, 79029, 79046, 79090, 79100, 79104, 79108, 79113, 79120, 79148, 79150, 79334, 81100, 81101, YT-09544, YT-82034, YT-82220
ZUN-000031;ŁOŻYSKO KULKOWE 6001 2RS;6001 2RS;stal;28;25;24;STHOR, YATO;Z7894809, Z7903035, Z79036058, Z79047078, Z79048039, Z7925213, Z7925313, Z7925440, Z7925741, Z7927526, ZY81956-24, ZY82001-49, ZY82021-25, ZY8203005, ZY8203505, ZY82080-07, ZY82123-072, ZY82125067, ZY82127070, ZY82130071, ZY8215018, ZY8215107, ZY821533-10, ZY8220006, ZY82330-17, ZY82608-33, ZY82609-32, ZY82816-032;78948, 79030, 79036, 79047, 79048, 79252, 79253, 79254, 79257, 79275, YT-81956, YT-82001, YT-82021, YT-82035, YT-82080, YT-82123, YT-82125, YT-82127, YT-82130, YT-82151, YT-82200, YT-82330, YT-82608, YT-82609, YT-82816
ZUN-000032;ŁOŻYSKO KULKOWE 6002 2Z;6002 2Z;;5;4;4;YATO;ZY095622, ZY81953-26-4, ZY82036008, ZY8207016, ZY82609-26;YT-81953, YT-82036, YT-82070, YT-82609
ZUN-000033;ŁOŻYSKO KULKOWE 6002 2RS;6002 2RS;stal/tworzywo;28;25;23;STHOR, YATO;Z7885433, Z7902608, Z7902711, Z79029071, Z79076065, Z7930917, ZY095614, ZY81980V2-20, ZY81983-14, ZY82020-17, ZY82021-19, ZY8204007, ZY82131-046, ZY82165-055, ZY82173030, ZY82207-17, ZY82280052, ZY82341-17, ZY82601-23, ZY82601V2-16, ZY82753-21, ZY8280419, ZY82880-03, ZY82904-13, ZY84840-129, ZY85200-51, ZY85205-80, ZY85208-080;78854, 79026, 79027, 79029, 79076, 79309, YT-81980, YT-81983, YT-82020, YT-82021, YT-82040, YT-82131, YT-82165, YT-82173, YT-82207, YT-82280, YT-82341, YT-82601, YT-82804, YT-82880, YT-82904, YT-84840, YT-85200, YT-85205, YT-85208
ZUN-000034;ŁOŻYSKO KULKOWE 6003 2Z;6003 2Z;;7;7;7;STHOR, YATO;Z79036066, Z79047053, Z7927549, ZY82037006, ZY82125058, ZY82127061, ZY82130050;79036, 79047, 79275, YT-82037, YT-82125, YT-82127, YT-82130
ZUN-000035;ŁOŻYSKO KULKOWE 6003 2RS;6003 2RS;;8;8;7;STHOR, YATO, YATO GASTRO;Z7885205, Z79048067, ZG03110-09, ZY82044010, ZY82163-03, ZY82185-076, ZY82330-13, ZY82390-21;78852, 79048, YG-03110, YT-82044, YT-82163, YT-82185, YT-82330, YT-82390
ZUN-000037;ŁOŻYSKO KULKOWE 6005 2RS;6005 2RS;stal;4;3;3;YATO;Z8294204, ZY82601-30, ZY82601V2-06, ZY82922-26;82942, YT-82601, YT-82922
ZUN-000038;ŁOŻYSKO KULKOWE 6200 2Z;6200 2Z;;3;2;1;YATO;Z81070-36, Z8111421, ZY096717;81070, 81114
ZUN-000039;ŁOŻYSKO KULKOWE 6200 2RS;6200 2RS;;9;7;7;STHOR, YATO;Z78204-30, Z79307-027, ZY81980V2-22, ZY82096-28, ZY82242-45, ZY82600-02, ZY82600-07, ZY82601-15, ZY82601V2-40;78204, 79307, YT-81980, YT-82096, YT-82242, YT-82600, YT-82601
ZUN-000040;ŁOŻYSKO KULKOWE 6201 2Z;6201 2Z;stal;32;22;13;LUND, STHOR, YATO;Z7900407, Z7901708, Z79111017, Z7911412, Z7912926, Z7914330, Z7981011, Z7981111, Z7981211, Z7991235, Z7991335, Z7991435, Z81072-16, Z81073-16, Z8111445, Z81122-27, ZS7991310, ZY0967521, ZY0970232, ZY097028, ZY09703-27, ZY09716-12, ZY0994425, ZY0994522, ZY8209516, ZY821591-45, ZY8219516, ZY82281-27, ZY8282610, ZY85363-39, ZY85370-10, ZY85371-41;79004, 79017, 79111, 79114, 79129, 79143, 79810, 79811, 79812, 79912, 79913, 79914, 81072, 81073, 81114, 81122, YT-82159, YT-82281, YT-82826, YT-85363, YT-85370, YT-85371
ZUN-000041;ŁOŻYSKO KULKOWE 6201 2RS;6201 2RS;stal;42;31;27;STHOR, YATO;Z7894509, Z7894836, Z7895022, Z79090052, Z79093-10, Z79124-08, Z79135-26, Z7914027, Z79151025, Z7944031, ZY096704, ZY81956-12, ZY81983-43, ZY81983-47, ZY81983-49, ZY82001-47, ZY82015-45, ZY82025-26, ZY8205004, ZY8205104, ZY82089-09, ZY8209036, ZY8209120, ZY8209419, ZY82096-16, ZY82097-08, ZY8210008, ZY82101-10, ZY821024-14, ZY82104-24, ZY82106-34, ZY82131-087, ZY8215053, ZY8215316, ZY821533-22, ZY82165-049, ZY82173042, ZY8219529, ZY82196-05, ZY8220026, ZY82280055, ZY828294-06;78945, 78948, 78950, 79090, 79093, 79124, 79135, 79140, 79151, 79440, YT-81956, YT-81983, YT-82001, YT-82015, YT-82025, YT-82050, YT-82051, YT-82089, YT-82094, YT-82096, YT-82097, YT-82100, YT-82101, YT-82106, YT-82131, YT-82165, YT-82173, YT-82196, YT-82200, YT-82280, YT-82829
ZUN-000042;ŁOŻYSKO KULKOWE 6202 2Z;6202 2Z;;16;14;10;STHOR, VOREL, YATO;Z5709723, Z7895007, Z7903079, Z7912912, Z7914013, Z7914113, Z7914316, Z7981013, Z7981113, Z7981213, Z7991240, Z7991340, Z7991440, ZY0967511, ZY8210233, ZY85370-12;57097, 78950, 79030, 79129, 79140, 79141, 79143, 79810, 79811, 79812, 79912, 79913, 79914, YT-85370
ZUN-000042/ ZUN-000043;ŁOŻYSKO KULKOWE 6202;;;2;2;2;YATO;ZY85364-42, ZY85372-49;YT-85364, YT-85372
ZUN-000043;ŁOŻYSKO KULKOWE 6202 2RS;6202 2RS;stal;23;15;14;LUND, STHOR, YATO, YATO GASTRO;Z7347010, Z79135-12, Z7914813, Z79151010, Z7988007, ZG03100-18, ZY590116, ZY590216, ZY590431, ZY590531, ZY81983-19, ZY81983-59, ZY82104-11, ZY82123-051, ZY82158-062, ZY82170094, ZY82171126, ZY82175022, ZY8218017, ZY82181-23, ZY84820-L10, ZY85003-H03, ZY85453-116;73470, 79135, 79148, 79151, 79880, YG-03100, YT-81983, YT-82123, YT-82158, YT-82171, YT-82175, YT-82181, YT-84820, YT-85003, YT-85453
ZUN-000044;ŁOŻYSKO KULKOWE 6203 2Z;6203 2Z;;3;2;1;YATO;Z79029085, ZY8210217, ZY82609-21;79029, YT-82609
ZUN-000045;ŁOŻYSKO KULKOWE 6203 2RS;6203 2RS;stal/tworzywo;13;8;8;STHOR, YATO;Z79090051, Z7988008, ZY590420, ZY590520, ZY82001-53, ZY82106-14, ZY82110-10, ZY8215347, ZY82170071, ZY82171103, ZY8218029, ZY82181-76, ZY8535016;79090, 79880, YT-82001, YT-82106, YT-82110, YT-82171, YT-82181, YT-85350
ZUN-000046;ŁOŻYSKO KULKOWE 6204 bez osłon;6204 bez osłon;;3;3;3;YATO;ZY85422108, ZY85434127, ZY85437127;YT-85422, YT-85434, YT-85437
ZUN-000047;ŁOŻYSKO KULKOWE 6204 2RS;6204 2RS;;4;3;3;YATO, YATO GASTRO;ZG03021-076, ZY096050, ZY81980V2-07, ZY82155-14;YG-03021, YT-81980, YT-82155
ZUN-000048;ŁOŻYSKO KULKOWE 6205 2Z;6205 2Z;;2;1;1;YATO;ZY096015, ZY86158-061;YT-86158
ZUN-000049;ŁOŻYSKO KULKOWE 6205 2RS;6205 2RS;stal/tworzywo;4;4;4;STHOR, YATO;Z79090037, ZY81980V2-02, ZY82001-35, ZY82135066;79090, YT-81980, YT-82001, YT-82135
ZUN-000051;ŁOŻYSKO KULKOWE 6206;6206 bez osłon;;2;1;1;YATO;ZY85434013, ZY85434019;YT-85434
ZUN-000053;ŁOŻYSKO KULKOWE 6207 bez osłon;6207 bez osłon;;4;2;2;YATO;ZY85437013, ZY85437019, ZY85440013, ZY85440019;YT-85437, YT-85440
ZUN-000055;ŁOŻYSKO KULKOWE 6300 2RS;6300 2RS;;2;2;2;YATO;ZY81983-22, ZY82110-23;YT-81983, YT-82110
ZUN-000057;ŁOŻYSKO KULKOWE 6301 2RS;6301 2RS;stal/tworzywo;2;1;1;YATO;ZY8210308, ZY82135072;YT-82135
ZUN-000059;ŁOŻYSKO KULKOWE 6302 2RS;6302 2RS;;4;3;3;STHOR, YATO;Z79090044, ZY82001-28, ZY8210323, ZY82133-33;79090, YT-82001, YT-82133
ZUN-000060;ŁOŻYSKO KULKOWE 6804 2Z;6804 2Z;;2;2;2;YATO;ZY8281819, ZY8290004;YT-82818, YT-82900
ZUN-000062;ŁOŻYSKO KULKOWE 6805 2Z;6805 2Z;stal;3;1;1;YATO;ZY82770-10, ZY85021006, ZY85021010;YT-82770
ZUN-000063;ŁOŻYSKO KULKOWE 6805 2RS;6805 2RS;;1;0;0;;ZY827793-06;
ZUN-000064;ŁOŻYSKO KULKOWE 6900 2Z;6900 2Z;;11;6;4;STHOR, YATO;Z7812306, Z78990008, Z7931235, ZY8281028, ZY8281042, ZY8281425, ZY8281825, ZY8283603, ZY828377-25, ZY850802407, ZY851202909;78123, 78990, 79312, YT-82810, YT-82814, YT-82818
ZUN-000065;ŁOŻYSKO KULKOWE 6900 2RS;6900 2RS (61900 2RS) ø10/ ø22/ 6mm;stal;9;8;8;FLO, STHOR, YATO;Z79307-008, Z7942031, ZY8222312, ZY8234008, ZY82350-046, ZY82350-098, ZY82355-008, ZY828133-02, ZY84840-112;79307, 79420, YT-82223, YT-82340, YT-82350, YT-82355, YT-82813, YT-84840
ZUN-000066;ŁOŻYSKO KULKOWE 6901 2Z;6901 2Z;stal;6;5;3;FLO, LUND, YATO;Z678054914, Z7896015, Z7942033, Z81060-07, ZY09802-28, ZY82350-007;67805, 78960, 79420, 81060, YT-82350
ZUN-000067;ŁOŻYSKO KULKOWE 6901 2RS;6901 2RS;;2;1;1;YATO;ZY82601-26, ZY82601V2-12;YT-82601
ZUN-000069;ŁOŻYSKO KULKOWE 6905 2RS;6905 2RS;;2;2;2;STHOR, YATO;Z79076016, ZY82120011;79076, YT-82120
ZUN-000071;ŁOŻYSKO KULKOWE 6907 2RS;6907 2RS/61907rs/1000907rs;;6;6;6;STHOR, YATO;Z7903020, Z79048017, ZY82123-018, ZY82125012, ZY82127009, ZY82131-019;79030, 79048, YT-82123, YT-82125, YT-82127, YT-82131
ZUN-000072;ŁOŻYSKO KULKOWE 6910 2Z;6910 2Z;stal;1;1;1;YATO;ZY82135018;YT-82135
ZUN-000074;ŁOŻYSKO KULKOWE R4 2Z;R4 2Z (ø6,3/ø16/5mm);;2;2;2;YATO;Z8111031, ZY09676-35;81110, YT-09676
ZUN-000075;ŁOŻYSKO KULKOWE R8 2Z;R8 2Z ø12,7/ø28,5/8mm;;5;2;0;;Z81072-19, Z81073-36, ZY0952442, ZY0994429, ZY0994526;81072, 81073
ZUN-000076;ŁOŻYSKO KULKOWE R14 2Z;R14 2Z SCORPIO;;1;0;0;;ZY096119;
ZUN-000077;ŁOŻYSKO KULKOWE 6201 2RS Y125LFK;6201 2RS Y125LFK szerszy pierścień wewnętrzny;;1;1;1;YATO;ZY82133-42;YT-82133
ZUN-000078;ŁOŻYSKO KULKOWE 6202 bez osłon;6202 bez osłon;;15;10;7;YATO;Z79832041, Z79835110, Z8960017, ZY84900110, ZY84901-A28, ZY84905110, ZY84910-A28, ZY8500018, ZY8500218, ZY85003-A03, ZY85140027, ZY85432116, ZY85434015, ZY85437015, ZY85440015;79832, 79835, 89600, YT-84901, YT-84910, YT-85003, YT-85432, YT-85434, YT-85437, YT-85440
ZUN-000079;ŁOŻYSKO KULKOWE 16002 bez osłon;16002 bez osłon;;4;4;2;STHOR, YATO;Z79036047, Z79038045, Z79043078, ZY0951115;79036, 79038, 79043, YT-09511
ZUN-000080;ŁOŻYSKO KULKOWE 6201 bez osłon;6201 bez osłon;;6;1;0;;Z79755113, ZY590129, ZY590229, ZY590427, ZY590527, ZY84895-J03;79755
ZUN-000082;ŁOŻYSKO KULKOWE 6200 bez osłon;6200 bez osłon;;2;0;0;;ZY590123, ZY590223;
ZUN-000084;ŁOŻYSKO KULKOWE 6203 bez osłon;6203 bez osłon;;2;2;2;YATO;ZY84820-A02, ZY85421098;YT-84820, YT-85421
ZUN-000085;ŁOŻYSKO KULKOWE 6204 1-osłona;6204 1-osłona;;1;0;0;;ZY096127;
ZUN-000086;ŁOŻYSKO KULKOWE 6205 bez osłon;6205 bez osłon;;11;5;5;YATO;ZY85401005V2, ZY85401020V2, ZY85402005V2, ZY85402020V2, ZY85403005V2, ZY85403020V2, ZY85403B13, ZY85403C06, ZY85432003, ZY85432043, ZY85440127;YT-85401, YT-85402, YT-85403, YT-85432, YT-85440
ZUN-000088;ŁOŻYSKO KULKOWE 6907 bez osłon;6907/61907/1000907 bez osłon;;1;1;1;STHOR;Z79036037;79036
ZUN-000089;ŁOŻYSKO KULKOWE R8 1-osłona;R8 ø12,7/ø28,5/8 SCORPIO;;2;1;1;YATO;ZY095323, ZY0954015;YT-09540
ZUN-000090;ŁOŻYSKO KULKOWE 6001 1RS;6001 1RS;;1;1;1;YATO;ZY0951122;YT-09511
ZUN-000091;ŁOŻYSKO KULKOWE 6001 bez osłon;6001 bez osłon;stal;3;1;1;YATO;ZY0952432, ZY85001-A14, ZY8502106;YT-85001
ZUN-000092;ŁOŻYSKO KULKOWE zaokrąglone brzegi;ø0,7/ø1,9/6;;2;2;2;YATO;ZY8281830, ZY8290017;YT-82818, YT-82900
ZUN-000093;ŁOŻYSKO KULKOWE 699 bez osłon;699 bez osłon;;2;2;2;YATO;ZY82122067, ZY82350-066;YT-82122, YT-82350
ZUN-000094;ŁOŻYSKO KULKOWE 6902 2Z;6902 2Z ø15/ø28/7mm;stal;2;2;2;YATO;ZY8280028, ZY85800-11;YT-82800, YT-85800
ZUN-000095;ŁOŻYSKO IGIEŁKOWE;ø6/ø8,8/13,2mm bez osłon;stal;5;5;4;FLO, STHOR;Z78137-25, Z7947432, Z7948120, Z7948212, Z7948607;78137, 79474, 79481, 79482, 79486
ZUN-000096;ŁOŻYSKO IGIEŁKOWE HK1514;HK1514;;1;1;1;YATO;ZY82242-62;YT-82242
ZUN-000097;ŁOŻYSKO IGIEŁKOWE BK0810;BK0810 // jednostronnie zamknięte;;1;1;1;YATO;ZY82242-47;YT-82242
ZUN-000098;ŁOŻYSKO IGIEŁKOWE w obudowie;ZA205211.1R;stal;3;2;1;FLO;Z7949126, Z79491V2-17, Z7949320;79491, 79493
ZUN-000099;ŁOŻYSKO IGIEŁKOWE HK0609;HK0609 ø6/ø10/9mm;;6;6;6;STHOR, YATO;Z79054067, ZY82045-15, ZY82115052, ZY82240-42, ZY82398-23, ZY8283245;79054, YT-82045, YT-82115, YT-82240, YT-82398, YT-82832
ZUN-000100;ŁOŻYSKO IGIEŁKOWE HK0607;HK0607 ø6/ø10/7mm;stal;1;1;1;YATO;ZY8282619;YT-82826
ZUN-000101;ŁOŻYSKO IGIEŁKOWE HK0608;HK0608 ø6/ø10/8mm;;11;9;8;FLO, STHOR, YATO;Z78107-29, Z79049010, Z7944249, Z7946547, Z79734-008, ZY8205126, ZY8205132, ZY8207027, ZY82185-044, ZY84840-116, ZY851001507;78107, 79049, 79442, 79465, 79734, YT-82051, YT-82070, YT-82185, YT-84840
ZUN-000103;ŁOŻYSKO IGIEŁKOWE HK0709;HK0709 ø7/11/9mm;stal;9;8;7;STHOR, YATO;Z7899210, Z7902036, Z79054025, ZY82048-29, ZY8207020, ZY8207023, ZY82115012, ZY82122029, ZY82772-25;78992, 79020, 79054, YT-82048, YT-82070, YT-82115, YT-82122, YT-82772
ZUN-000104;ŁOŻYSKO IGIEŁKOWE HK0808;HK0808 ø8/ø12/8mm;;17;13;9;FLO, STHOR, YATO;Z78091-10, Z7812121, Z7910417, Z79104V217, Z7911720, Z7944036, Z7944414, Z7944713, Z7944717, ZY82071-116, ZY8209414, ZY82168-075, ZY82185-071, ZY82609-52, ZY8281021, ZY8281040, ZY828294-11;78091, 78121, 79104, 79117, 79440, 79444, 79447, YT-82094, YT-82168, YT-82185, YT-82609, YT-82810, YT-82829
ZUN-000105;ŁOŻYSKO IGIEŁKOWE HK0810;HK0810 ø8/ø12/10mm;stal;56;49;38;LUND, STHOR, YATO;Z7812309, Z7885248, Z7885352, Z7885425, Z7894515, Z7894832, Z7899510, Z7899710, Z7900313, Z7900437, Z7900511, Z7900613, Z7901813, Z7902613, Z79029008, Z7903112, Z79034026, Z79035021, Z79040035, Z7904633, Z79048036, Z7910018, Z7910611, Z79111012, Z7911318, Z7911417, Z79820030, ZY81953-04-2, ZY81956-17, ZY82015-50, ZY82045-24, ZY82048-36, ZY82055-14, ZY82089-13, ZY8209033, ZY8209115, ZY8209523, ZY8210011, ZY821023-19, ZY821024-19, ZY82123-048B, ZY82161-19, ZY8219525, ZY82196-11, ZY82273-027, ZY82330-10, ZY82341-28, ZY82398-19, ZY82605-14, ZY82606-14, ZY82608-37, ZY82609-42, ZY8282613, ZY82829-14, ZY82880-09, ZY82920-21;78123, 78852, 78853, 78854, 78945, 78948, 78995, 78997, 79003, 79004, 79005, 79006, 79018, 79026, 79029, 79031, 79034, 79035, 79040, 79046, 79048, 79100, 79106, 79111, 79113, 79114, 79820, YT-81953, YT-81956, YT-82015, YT-82045, YT-82048, YT-82089, YT-82100, YT-82123, YT-82161, YT-82196, YT-82273, YT-82330, YT-82341, YT-82398, YT-82605, YT-82606, YT-82608, YT-82609, YT-82826, YT-82829, YT-82880, YT-82920
ZUN-000107;ŁOŻYSKO IGIEŁKOWE HK0910;HK0910 ø9/ø13/10mm;;1;1;1;YATO;ZY82122070;YT-82122
ZUN-000108;ŁOŻYSKO IGIEŁKOWE HK1010;HK1010;;4;4;2;YATO;Z7885211, Z7885345, ZY82330-18, ZY82955-07-05;78852, 78853, YT-82330, YT-82955
ZUN-000109;ŁOŻYSKO IGIEŁKOWE HK1012;HK1012 ø10/ø16/12mm;;3;3;2;STHOR, YATO;Z79037034, Z79047040, ZY82130037;79037, 79047, YT-82130
ZUN-000110;ŁOŻYSKO IGIEŁKOWE HK101610;HK101610 ø10/ø16/10mm;;12;12;7;STHOR, YATO;Z7895012, Z7912917, Z7914019, Z7914119, Z7914321, Z7914438, Z7914551, Z7914619, Z7914717, Z7915015, Z79151016, ZY82106-21;78950, 79129, 79140, 79141, 79143, 79144, 79145, 79146, 79147, 79150, 79151, YT-82106
ZUN-000111;ŁOŻYSKO IGIEŁKOWE HK1210;HK1210 ø12/ø16/10mm;stal;22;21;13;STHOR, YATO;Z79029076, Z7903184, Z7903256, Z79033070, Z79035059, Z79036071, Z79037074, Z79038069, Z79040063, Z79041053, Z79043051, Z7904688, Z79047063, Z79048074, Z79051108, Z79076071, ZY82125064, ZY82127066, ZY82130055, ZY82133-27, ZY82170075, ZY82171107;79029, 79031, 79032, 79033, 79035, 79036, 79037, 79038, 79040, 79041, 79043, 79046, 79047, 79048, 79051, 79076, YT-82125, YT-82127, YT-82130, YT-82133, YT-82171
ZUN-000112;ŁOŻYSKO IGIEŁKOWE HK1212;HK1212;stal;4;1;1;YATO;ZY098127, ZY0981V228, ZY8210318, ZY82242-74;YT-82242
ZUN-000113;ŁOŻYSKO IGIEŁKOWE HK1412;NK14/12 ø14/ø22/12;stal;1;1;1;YATO;ZY82135070;YT-82135
ZUN-000114;ŁOŻYSKO IGIEŁKOWE HK1420;HK1420 ø14/ø20/20mm;stal;1;1;1;YATO;ZY82135040;YT-82135
ZUN-000115;ŁOŻYSKO IGIEŁKOWE HK162210;HK162210 ø16/ø22/10mm;;1;1;1;YATO;ZY8290009;YT-82900
ZUN-000116;ŁOŻYSKO IGIEŁKOWE HK2520;HK2520 ø25/ø32/20mm;;1;1;1;YATO;ZY8222309;YT-82223
ZUN-000117;ŁOŻYSKO IGIEŁKOWE KBK 10/13/15.5 bez osłon;ø10/ø14/15,5mm;;4;2;2;YATO;ZY82007-S37, ZY82138-S37, ZY8500027, ZY8500227;YT-82007, YT-82138
ZUN-000118;ŁOŻYSKO IGIEŁKOWE KBK8119;KBK8119 ø8/ø11/9mm;;1;0;0;;ZY8502128;
ZUN-000119;ŁOŻYSKO IGIEŁKOWE NK12/12;NK12/12 ø12/ø19/12mm;stal;1;1;1;YATO;ZY82135047;YT-82135
ZUN-000120;ŁOŻYSKO IGIEŁKOWE NK1820;NK18/20 ø18/ø26/20mm;stal;4;4;4;STHOR, YATO;Z79090027, ZY82001-25, ZY82002-25, ZY82007-027;79090, YT-82001, YT-82002, YT-82007
ZUN-000121;ŁOŻYSKO IGIEŁKOWE RNA 4908;(R) NA4908 ø48/ø62/22mm;stal;1;1;1;YATO;ZY82135042;YT-82135
ZUN-000122;ŁOŻYSKO IGIEŁKOWE bez osłony;ø11,1/ø14,8/12,2mm bez osłon;;1;1;0;;Z8960027;89600
ZUN-000123;ŁOŻYSKO IGIEŁKOWE;ø11,3/ø14,8/12,2mm bez osłon;;5;5;2;YATO;Z79831022, Z79832023, Z79834027, ZY84901-A41, ZY84910-A41;79831, 79832, 79834, YT-84901, YT-84910
ZUN-000124;ŁOŻYSKO IGIEŁKOWE bez osłony;ø11/ø15/15 bez osłon;;1;0;0;;ZY85140036;
ZUN-000125;ŁOŻYSKO IGIEŁKOWE bez osłony;ø12/ø15/14,5mm bez osłon;;5;3;0;;Z79831069, Z79832072, Z79835143, ZY84900143, ZY84905143;79831, 79832, 79835
ZUN-000126;ŁOŻYSKO IGIEŁKOWE bez osłony;ø12/ø15/14,2mm bez osłon;;3;3;2;YATO;Z79834059, ZY84901-B07, ZY84910-B07;79834, YT-84901, YT-84910
ZUN-000127;ŁADOWARKA;12V 1500mA 230V 25W / yt-82912;;4;4;4;YATO;ZY82901-18, ZY82902-16, ZY82903-13, ZY82904-1A;YT-82901, YT-82902, YT-82903, YT-82904
ZUN-000128;POMPKA OLEJU;;;5;3;1;YATO;Z7983202A, Z79834052, ZY84900148, ZY84901-B14, ZY84905148;79832, 79834, YT-84901
ZUN-000129;PIERŚCIEŃ ZABEZPIECZAJĄCY;b-12,3mm/ c-1,2mm;stal;10;7;3;YATO;Z79832020, Z79834107, Z79835092, Z8960026, ZY84900092, ZY84901-A06-05, ZY84905092, ZY84910-A06-05, ZY85140037, ZY86240-12;79832, 79834, 79835, 89600, YT-84901, YT-84910, YT-86240
ZUN-000130;SZPILKA M8/42mm;M8/42mm;stal;8;5;2;YATO;Z79832088, Z79834067, Z79835154, ZY84895-J11, ZY84900154, ZY84901-A22-01, ZY84905154, ZY84910-A22-01;79832, 79834, 79835, YT-84901, YT-84910
ZUN-000131;ŚRUBA M5 lewy gwint 23mm;M5 lewy gwint 23mm;stal;26;25;9;STHOR, YATO;Z7810101, Z7810501, Z7811001, Z7898101, Z7898201, Z7898301, Z7900801, Z7900901, Z7901134, Z7901320, Z7901434, Z7901501, Z7901634, Z7901942, Z7902301, Z7905011, Z7905601, Z7905711, Z79071001, Z79072041, Z7907501, Z7907701, Z7907901, Z7947211, ZY0970236, ZY8205001;78101, 78105, 78110, 78981, 78982, 78983, 79008, 79009, 79011, 79013, 79014, 79015, 79016, 79019, 79023, 79050, 79056, 79057, 79071, 79072, 79075, 79077, 79079, 79472, YT-82050
ZUN-000132;ŚRUBA M5 lewy gwint 25mm;M5 lewy gwint 25mm;;9;9;7;LUND, STHOR, YATO;Z7897001, Z7900001, Z7900401, Z7900701, Z7901034, Z7902401, ZY8205101, ZY8285301, ZY8285501;78970, 79000, 79004, 79007, 79010, 79024, YT-82051, YT-82853, YT-82855
ZUN-000133;ŚRUBA M6 lewy gwint 22mm;M6 lewy gwint 22mm;stal;29;26;22;STHOR, YATO;Z7899201, Z7899501, Z7899701, Z7900201, Z7900301, Z7900601, Z7901201, Z7901801, Z7902201, Z7902601, Z7902701, Z79054001, ZY8203001, ZY82034-01, ZY8203501, ZY82036001, ZY82037001, ZY8204001, ZY82044001, ZY82048-46, ZY82060-01, ZY827791-01, ZY8278001, ZY8278201, ZY8278601, ZY8278801, ZY82790-01, ZY8279401, ZY8279601;78992, 78995, 78997, 79002, 79003, 79006, 79012, 79018, 79022, 79026, 79027, 79054, YT-82034, YT-82035, YT-82036, YT-82037, YT-82040, YT-82044, YT-82048, YT-82060, YT-82780, YT-82782, YT-82786, YT-82788, YT-82794, YT-82796
ZUN-000134;UCHWYT WIERTARSKI (kluczyk);"1,5-13mm 1/2""-20UNF";;18;17;11;LUND, STHOR, YATO;Z7900002, Z7900102, Z7900202, Z7900402, Z7900702, Z7900802, Z7900902, Z7901012, Z7901202, Z7901321, Z7901502, Z7902302, Z7902403, Z7902702, ZY8203002, ZY8203502, ZY82038-37, ZY8204003;79000, 79001, 79002, 79004, 79007, 79008, 79009, 79010, 79012, 79013, 79015, 79023, 79024, 79027, YT-82035, YT-82038, YT-82040
ZUN-000135;UCHWYT WIERTARSKI samo zacisk;1,5-13mm (1/2-20UNF) 1/16-1/2;;3;3;3;YATO;ZY8278602, ZY8278802, ZY8279602;YT-82786, YT-82788, YT-82796
ZUN-000136;UCHWYT WIERTARSKI samo zacisk;"13mm(1/2"")";;3;3;3;YATO;ZY8278002, ZY8278202, ZY8279402;YT-82780, YT-82782, YT-82794
ZUN-000138;UCHWYT WIERTARSKI samo zacisk;"13mm(1/2"") metalowy";;4;4;4;STHOR, YATO;Z7902602, ZY82036002, ZY82037002, ZY82044002;79026, YT-82036, YT-82037, YT-82044
ZUN-000139;UCHWYT WIERTARSKI samo zacisk;2-13mm 1/2-20UNF;;14;14;8;STHOR, YATO;Z7899202, Z7899502, Z7899702, Z7900302, Z7900502, Z7900602, Z7901112, Z7901412, Z7901612, Z7901802, Z7902202, Z79054002, ZY82034-02, ZY82122014;78992, 78995, 78997, 79003, 79005, 79006, 79011, 79014, 79016, 79018, 79022, 79054, YT-82034, YT-82122
ZUN-000140;UCHWYT WIERTARSKI samo zacisk;"10mm(3/8"")";;4;4;3;STHOR;Z78081-02, Z7811002, Z7897202, Z7897402;78081, 78110, 78972, 78974
ZUN-000141;UCHWYT WIERTARSKI samo zacisk;"0,8-10mm 3/8""-24UNF";;14;13;7;STHOR, YATO;Z7897101, Z7897301, Z7898102, Z7898202, Z7898302, Z78990002, Z7905602, Z79071002, Z7907502, Z7907702, Z7907902, ZY09695-33, ZY8205002, ZY8205102;78971, 78973, 78981, 78982, 78983, 78990, 79056, 79071, 79075, 79077, 79079, YT-82050, YT-82051
ZUN-000142;ŁOPATKA WIRNIKA szt.;1,79/8,42/38mm;tworzywo;10;5;1;YATO;Z81070-16, Z81072-05, Z81080-15, Z8111816, Z8111912, ZY096519, ZY0970221, ZY09703-19, ZY099319, ZY0994417;81070, 81072, 81080, 81118, 81119
ZUN-000143;POMPA OLEJOWA;ø12/19/21/55mm;;5;1;1;YATO;ZY55560123, ZY55561123, ZY55562123, ZY5558023, ZY5558123;YT-55581
ZUN-000144;TŁOK POMPY;;;3;0;0;;ZY55560126, ZY55561126, ZY55562126;
ZUN-000146;ZAWÓR ZWALNIAJĄCY;;;5;1;1;YATO;ZY55560116, ZY55561116, ZY55562116, ZY5558016, ZY5558116;YT-55581
ZUN-000147;USZCZELKA;ø4,2/ø9/6mm;;5;1;1;YATO;ZY55560117, ZY55561117, ZY55562117, ZY5558017, ZY5558117;YT-55581
ZUN-000148;ŚRUBA;gwint stożkowy;;5;1;1;YATO;ZY55560121, ZY55561121, ZY55562121, ZY5558021, ZY5558121;YT-55581
ZUN-000149;USZCZELKA POMPY;ø9/ø18/1mm;;4;0;0;;ZY55560122, ZY55561122, ZY55562122, ZY5558022;
ZUN-000150;O-RING;ø6,3/ø12,5/ø3,1mm;;3;0;0;;ZY55560124, ZY55561124, ZY55562124;
ZUN-000151;PIERŚCIEŃ nylon;ø7/ø12/1,2mm;;3;0;0;;ZY55560125, ZY55561125, ZY55562125;
ZUN-000152;TERMOSTAT;YS-T198 AC250V 10A/16A;;4;4;4;LUND;Z68050-09, Z68051-05, Z68052-05, Z68053-08;68050, 68051, 68052, 68053
ZUN-000153;ZAMEK Z KLUCZAMI;2klucze kwadrat 6/6mm przękręca o 180°;;4;2;2;YATO GASTRO;ZY09000001, ZY09003001, ZY55290001, ZY55293001;YG-09000, YG-09003
ZUN-000154;ZESPÓŁ TŁOKA POMPY;ø11/47mm;;4;3;1;STHOR;Z8011101A, Z801201A, Z801211A, ZY172001A;80111, 80120, 80121
ZUN-000155;CYLINDER POMPY OLEJOWEJ;ø11/m18;;3;3;1;STHOR;Z8011047, Z80111047, Z8012047;80110, 80111, 80120
ZUN-000156;USZCZELKA OLEJOWA simmering;ø15/ø30/7mm;tworzywo/stal;6;3;2;YATO;Z79747025, ZY84660-A14, ZY8500017, ZY8500217, ZY85003-A07, ZY85481-63;79747, YT-85003, YT-85481
ZUN-000157;USZCZELKA OLEJOWA simmering;ø12/ø22/7mm;stal/tworzywo;14;8;3;YATO;Z79722011, Z7973306, Z79747045, Z7975106, Z79755110, Z79755125, ZY84660-A12, ZY84895-J01, ZY8500056, ZY85001-A16, ZY8500256, ZY85003-A01, ZY8502105, ZY85481-25;79722, 79733, 79747, 79751, 79755, YT-85001, YT-85003, YT-85481
ZUN-000158;TULEJA WAŁU;;;3;2;2;YATO;ZY85000023, ZY85001-D35, ZY85003-I02;YT-85001, YT-85003
ZUN-000159;USZCZELKA OBUDOWY PRZEKŁADNI;;;3;1;1;YATO;ZY8500022, ZY8500222, ZY85003-A04;YT-85003
ZUN-000160;OSTRZE TRÓJRAMIENNE;1,6xø255mm/1,4xø255mm;;6;4;3;YATO;Z79755221, ZY85000011, ZY85001-E10, ZY85002011, ZY85003-P01, ZY85010-36;79755, YT-85001, YT-85003, YT-85010
ZUN-000161;SPRZĘGŁO;;;4;2;1;YATO;Z79755155, ZY8500003, ZY8500203, ZY85003-D03;79755, YT-85003
ZUN-000162;KLIN CZÓŁENKOWY;3/5/12mm;;15;10;8;YATO;Z79755126, Z8111429, ZY096716, ZY0967512, ZY09739-16, ZY0974016, ZY82007-S21, ZY82138-S21, ZY8500020, ZY85001-A13, ZY8500220, ZY85003-D08, ZY85421099, ZY85422114, ZY85481-59;79755, 81114, YT-09739, YT-82007, YT-82138, YT-85001, YT-85003, YT-85421, YT-85422, YT-85481
ZUN-000163;ŚWIECA ZAPŁONOWA;L8RTF LD NHSP;stal/porcelana;8;6;6;YATO;ZY84660-A05, ZY84893-022, ZY84895-G07, ZY84901-A09, ZY84910-A09, ZY85001-A04, ZY85003-C07, ZY85481-44;YT-84893, YT-84901, YT-84910, YT-85001, YT-85003, YT-85481
ZUN-000164;USZCZELKA GAŹNIKA;;;3;1;1;YATO;ZY8500049, ZY8500249, ZY85003-C02;YT-85003
ZUN-000165;USZCZELKA PRZEWODU DOLOTOWEGO;;;3;1;1;YATO;ZY8500046, ZY8500246, ZY85003-C05;YT-85003
ZUN-000166;USZCZELKA GŁOWICY CYLINDRA;;;3;1;1;YATO;ZY8500032, ZY8500232, ZY85003-C21;YT-85003
ZUN-000167;ZESPÓŁ PRZEKŁADNI;;;3;1;0;;Z79755215, ZY85000012, ZY85002012;79755
ZUN-000168;SZPULA Z ŻYŁKĄ;;;3;1;0;;Z79755222, ZY85000010, ZY85002010;79755
ZUN-000169;PODKŁADKA STARTERA;;Aluminium;4;1;0;;Z79755107, ZY84660-B04, ZY8500025, ZY8500225;79755
ZUN-000170;ZESPÓŁ STARTERA;;;1;1;0;;Z79755106;79755
ZUN-000171;CHWYTAK STARTERA;;;3;1;0;;Z79755109, ZY8500024, ZY8500224;79755
ZUN-000172;ZASILACZ CIENKI BOLEC;21V 15W 400mA YYYD-S09V2150400Y bolec ø2/ø6,6mm;;3;3;3;STHOR;Z7897246, Z7897456, Z7898335;78972, 78974, 78983
ZUN-000173;OBUDOWA PRAWA I LEWA;;tworzywo;5;5;5;STHOR;Z7897239, Z7897449, Z7898126, Z7898226, Z7898326;78972, 78974, 78981, 78982, 78983
ZUN-000174;TULEJA NASTAWY MOMENTU OBROTOWEGO;;;3;3;3;STHOR;Z7898103, Z7898203, Z7898303;78981, 78982, 78983
ZUN-000175;ZESPÓŁ PRZEKŁADNI;;;3;3;3;STHOR;Z789811A, Z789821A, Z789831A;78981, 78982, 78983
ZUN-000176;PRZYCISK ZMIANY KIERUNKU OBROTÓW;;;6;6;5;STHOR;Z7896114, Z7897241, Z7897454, Z7898125, Z7898225, Z7898325;78961, 78972, 78974, 78981, 78982, 78983
ZUN-000177;WŁĄCZNIK;FA05-16/1 WEK 16A 5E4 RongDa //FA05-16/1 WEK 16A 5E4 Hao Qiang// FA021A-56 7.2-24V Jlevel;;10;9;6;STHOR;Z7896032, Z7897009, Z7897111, Z7897242, Z7897311, Z7897455, Z7898128, Z7898228, Z7898328, ZY8285111;78960, 78970, 78971, 78972, 78973, 78974, 78981, 78982, 78983
ZUN-000178;KOŁO ZĘBATE SILNIKA;oś półpłaska;;4;4;3;STHOR;Z7898121, Z7898221, Z7898321, Z79072030;78981, 78982, 78983, 79072
ZUN-000179;DIODA LED;;;3;3;3;STHOR;Z7898129, Z7898229, Z7898329;78981, 78982, 78983
ZUN-000180;AKUMULATOR CIENKI BOLEC;18V 1300mAh Li-jon 78987 bolec ø6mm;;3;3;3;STHOR;Z7897247, Z7897457, Z7898334;78972, 78974, 78983
ZUN-000181;TULEJA STALOWA z wewnętrznymi rowkami;ø8/ø12/8mm z wewnętrznymi rowkami;;2;2;2;VOREL;Z57091020, Z5709219;57091, 57092
ZUN-000182;TULEJA MIEDZIANA;ø8/ø12/8mm;;15;15;7;LUND, STHOR;Z79094015, Z79095015, Z7909613, Z7909912, Z7910517, Z7910817, Z7931051, Z79311066, Z7933419, Z7933519, Z7933930, Z7934130, Z7934213, Z7934328, Z7944604;79094, 79095, 79096, 79099, 79105, 79108, 79310, 79311, 79334, 79335, 79339, 79341, 79342, 79343, 79446
ZUN-000183;TULEJA MOSIĘŻNA;ø8/ø12/10mm;mosiądz;22;22;12;STHOR, YATO;Z7900211, Z7901211, Z7902717, Z79033019, Z79038018, Z79041032, Z79043029, Z7910217, Z7910322, Z7910717, Z7910916, Z7911017, Z7911217, Z79115017, Z7911620, Z7911812, Z79119016, Z7912014, Z7912306, Z7923808, ZY8215101, ZY82816-037;79002, 79012, 79027, 79033, 79038, 79041, 79043, 79102, 79103, 79107, 79109, 79110, 79112, 79115, 79116, 79118, 79119, 79120, 79123, 79238, YT-82151, YT-82816
ZUN-000184;TULEJA STALOWA;ø8/ø12/10mm;stal;4;4;4;STHOR, VOREL;Z5709719, Z7903012, Z79036018, Z79125-18;57097, 79030, 79036, 79125
ZUN-000185;TULEJA STALOWA;ø8/ø12/8mm;stal;1;1;1;LUND;Z7909818;79098
ZUN-000186;ŁOŻYSKO IGIEŁKOWE HK071208;HK071208;stal;1;1;1;FLO;Z7942045;79420
ZUN-000187;TULEJA STALOWA;ø12/ø16/9mm;stal;1;1;1;STHOR;Z7903084;79030
ZUN-000188;DYSZA FONTANNOWA;;;3;3;3;STHOR;Z7992601, Z7992701, Z7992801;79926, 79927, 79928
ZUN-000189;DYSZA FONTANNOWA;;;3;3;3;STHOR;Z7992602, Z7992702, Z7992802;79926, 79927, 79928
ZUN-000190;DYSZA FONTANNOWA;;;3;3;3;STHOR;Z7992603, Z7992703, Z7992803;79926, 79927, 79928
ZUN-000191;DYSZA FONTANNOWA;;;3;3;3;STHOR;Z7992604, Z7992704, Z7992804;79926, 79927, 79928
ZUN-000192;PRZEWÓD WODNY;ø20/ø29/120mm;;3;3;3;STHOR;Z7992605, Z7992705, Z7992805;79926, 79927, 79928
ZUN-000193;DYSZA FONTANNOWA;;;2;2;2;STHOR;Z7992901, Z7993001;79929, 79930
ZUN-000194;DYSZA FONTANNOWA;;;2;2;2;STHOR;Z7992902, Z7993002;79929, 79930
ZUN-000195;DYSZA FONTANNOWA;;;2;2;2;STHOR;Z7992903, Z7993003;79929, 79930
ZUN-000196;DYSZA FONTANNOWA;;;2;2;2;STHOR;Z7992904, Z7993004;79929, 79930
ZUN-000197;DYSZA FONTANNOWA;;;2;2;2;STHOR;Z7992905, Z7993005;79929, 79930
ZUN-000198;DYSZA FONTANNOWA;;;2;2;2;STHOR;Z7992906, Z7993006;79929, 79930
ZUN-000199;DYSZA FONTANNOWA;;;2;2;2;STHOR;Z7992907, Z7993007;79929, 79930
ZUN-000200;DYSZA FONTANNOWA;;;2;2;2;STHOR;Z7992908, Z7993008;79929, 79930
ZUN-000201;ZAWÓR;;;4;4;4;STHOR;Z7992912, Z7993114, Z7993214, Z7993314;79929, 79931, 79932, 79933
ZUN-000202;TRÓJNIK;;;4;4;4;STHOR;Z7992913, Z7993113, Z7993213, Z7993313;79929, 79931, 79932, 79933
ZUN-000203;ZŁĄCZE gwint zewnętrzny;gwint zewnętrzny;;2;2;2;STHOR;Z7992917, Z7993017;79929, 79930
ZUN-000204;ZŁĄCZE gwint wewnętrzny;gwint wewnętrzny;;3;3;3;STHOR;Z7993115, Z7993215, Z7993315;79931, 79932, 79933
ZUN-000205;ZESPÓŁ RUREK Z PRZYŁĄCZEM;;;3;3;3;STHOR;Z799312A, Z799322A, Z799332A;79931, 79932, 79933
ZUN-000206;SŁUCHAWKA PRYSZNICOWA BRONZE;;;3;3;3;FALA;Z75828-01, Z75829-04, Z75838-04;75828, 75829, 75838
ZUN-000207;OSŁONA KOLANKA BRONZE;;;3;3;3;FALA;Z75828-07, Z75829-08, Z75838-08;75828, 75829, 75838
ZUN-000208;WĄŻ PRYSZNICOWY BRONZE 1,5m;BRONZE 1,5m;;3;3;3;FALA;Z75828-03, Z75829-12, Z75838-15;75828, 75829, 75838
ZUN-000209;NAKRĘTKA PRZYŁĄCZA BRONZE;;;3;3;3;FALA;Z75828-09, Z75829-10, Z75838-09;75828, 75829, 75838
ZUN-000210;GŁOWICA CERAMICZNA zimna;wyższe;;4;4;4;FALA;Z75809-14, Z75827-04, Z75828-14, Z75829-14;75809, 75827, 75828, 75829
ZUN-000211;GŁOWICA CERAMICZNA ciepła;wyższe;;1;1;1;FALA;Z75828-14A;75828
ZUN-000212;PERLATOR NEOPERL;;;11;11;10;FALA;Z75705-01, Z7574211, Z7574712, Z7576211, Z7576709, Z7577211, Z75813-10, Z75827-01, Z75832-01, Z75833-01, Z75838-10;75705, 75742, 75747, 75762, 75767, 75772, 75813, 75827, 75832, 75833, 75838
ZUN-000213;ŚRUBA;M8 lewy gwint z kołnierzem;;4;4;4;YATO;ZY82172023, ZY82173071, ZY82174071, ZY82175063;YT-82172, YT-82173, YT-82174, YT-82175
ZUN-000214;TRANSFORMATOR;B 03 RoHS 240V/ 3V;;4;4;4;YATO;ZY82172148, ZY82173145, ZY82174146, ZY82175165;YT-82172, YT-82173, YT-82174, YT-82175
ZUN-000215;PIERŚCIEŃ USTALAJĄCY;a-5,9mm/ b-11,9mm/ c-0,9mm;stal;6;4;4;YATO;ZY0927089, ZY8210225, ZY82172037, ZY82173038, ZY82174038, ZY85422111;YT-82172, YT-82173, YT-82174, YT-85422
ZUN-000216;WŁACZNIK;KND1-6/1 6(6)A 250V T85/55;tworzywo/stal/?;17;17;17;LUND, STHOR, YATO, YATO GASTRO;Z67032-09, Z67033-09, Z67034-09, Z68250-15, Z7347032, Z7924046, Z7937902, ZG0509049, ZY82172150, ZY82173146, ZY82174147, ZY82175167, ZY8222040, ZY82455A10, ZY82456-001, ZY82457-01, ZY82458-001;67032, 67033, 67034, 68250, 73470, 79240, 79379, YG-05090, YT-82172, YT-82173, YT-82174, YT-82175, YT-82220, YT-82455, YT-82456, YT-82457, YT-82458
ZUN-000217;PRZEŁĄCZNIK;MSB-1210A 10(10)A 190455;;5;4;4;YATO;ZY82173012, ZY82174012, ZY82175005, ZY84877-107, ZY8510007;YT-82173, YT-82174, YT-82175, YT-84877
ZUN-000218;KABEL ZASILAJĄCY Z WTYCZKĄ;3x0,75mm/10m guma;;2;2;2;YATO;ZY85330-01, ZY85333-01;YT-85330, YT-85333
ZUN-000219;ODGIĘTKA KABLA;;;2;2;2;YATO;ZY85330-02, ZY85333-02;YT-85330, YT-85333
ZUN-000220;WŁĄCZNIK PŁYWAKOWY;;;2;2;2;YATO;ZY85330-03, ZY85333-03;YT-85330, YT-85333
ZUN-000221;ZACISK WŁĄCZNIKA PŁYWAKOWEGO;;;2;2;2;YATO;ZY85330-04, ZY85333-04;YT-85330, YT-85333
ZUN-000222;RĄCZKA OKRĄGŁA;;;2;2;2;YATO;ZY85330-06, ZY85333-06;YT-85330, YT-85333
ZUN-000223;OBUDOWA GÓRNA;;;2;2;2;YATO;ZY85330-10, ZY85333-10;YT-85330, YT-85333
ZUN-000224;ZACISK KABLA;;;2;2;2;YATO;ZY85330-12, ZY85333-12;YT-85330, YT-85333
ZUN-000225;UCHWYT KONDENSATORA;;;3;3;3;YATO;ZY85330-13, ZY85333-13, ZY85343-04;YT-85330, YT-85333, YT-85343
ZUN-000226;USZCZELNIACZ;ø12/ø24/4,55 Simmering;;2;2;2;YATO;ZY85330-16, ZY85333-16;YT-85330, YT-85333
ZUN-000227;O-RING USZCZELKA SILNIKA;ø95/ø100/ø5mm;;28;28;16;STHOR, YATO;Z7977121, Z7977221, Z7977322, Z7977422, Z7977522, Z7978121, Z7978221, Z7978321, Z7979034, Z7979134, Z7979234, Z7989020, Z7989120, Z7989220, Z7989320, Z7989420, Z7989627, Z7989727, Z7989827, Z7989927, Z7990325, Z7990517, Z7990717, Z7990913, ZY85330-19, ZY85333-19, ZY85341-22, ZY85343-07;79771, 79772, 79773, 79774, 79775, 79781, 79782, 79783, 79790, 79791, 79792, 79890, 79891, 79892, 79893, 79894, 79896, 79897, 79898, 79899, 79903, 79905, 79907, 79909, YT-85330, YT-85333, YT-85341, YT-85343
ZUN-000228;OBUDOWA POMPY;;;2;2;2;YATO;ZY85330-22, ZY85333-22;YT-85330, YT-85333
ZUN-000229;USZCZELKA PODSTAWY;ø140/ø146/ø2,8mm;;2;2;2;YATO;ZY85330-23, ZY85333-23;YT-85330, YT-85333
ZUN-000230;OSŁONA PODSTAWY;;;2;2;2;YATO;ZY85330-24, ZY85333-24;YT-85330, YT-85333
ZUN-000231;PODSTAWA DO WODY CZYSTEJ;;;2;2;2;YATO;ZY85330-26, ZY85333-26;YT-85330, YT-85333
ZUN-000232;PODSTAWA DO WODY BRUDNEJ;;;2;2;2;YATO;ZY85330-27, ZY85333-27;YT-85330, YT-85333
ZUN-000233;PRZYŁĄCZE;;;2;2;2;YATO;ZY85330-29, ZY85333-29;YT-85330, YT-85333
ZUN-000234;USZCZELKA;;;2;2;2;YATO;ZY85330-30, ZY85333-30;YT-85330, YT-85333
ZUN-000235;KOLANKO;;;2;2;2;YATO;ZY85330-31, ZY85333-31;YT-85330, YT-85333
ZUN-000236;ŁOPATKA WIRNIKA;2/7/25,5mm;;4;3;3;YATO;Z8111019, ZY09633-23, ZY09676-23, ZY09795-22;81110, YT-09633, YT-09676
ZUN-000237;ŁOPATKA WIRNIKA;;;4;1;1;YATO;ZY09695-23, ZY09717-23, ZY09730-19, ZY09803-18;YT-09730
ZUN-000238;ŁOPATKA WIRNIKA szt.;2/8,5/38mm;;4;4;0;;Z81073-08, Z8110819, Z8111719, Z81122-19;81073, 81108, 81117, 81122
ZUN-000239;PIERŚCIEŃ GUMOWY;ø12/ø27/2/4mm;tworzywo;6;6;3;STHOR;Z7981039, Z7981139, Z7981239, Z7991242, Z7991342, Z7991442;79810, 79811, 79812, 79912, 79913, 79914
ZUN-000241;KLIN CZÓŁENKOWY;;stal;87;70;55;LUND, STHOR, YATO;Z7894504, Z7895003, Z7900204, Z7900306, Z7900404, Z7900508, Z7900606, Z7901204, Z7901504, Z7901706, Z7901806, Z7902038, Z7902204, Z7902304, Z7902606, Z79094007, Z79094025, Z79095007, Z79095025, Z7909605, Z7909705, Z7909809, Z7909948, Z7910008, Z7910108, Z7910408, Z7910430, Z79104V208, Z79104V229, Z7910508, Z7910529, Z7910607, Z7910808, Z7910829, Z7910907, Z79111052, Z7911308, Z7911408, Z79115007, Z7911607, Z7911715, Z7911844, Z79119007, Z79119026, Z7912026, Z7912313, Z79125-09, Z7914526, Z7925212, Z7925312, Z7925438, Z7925739, Z7933416, Z7933516, Z79832025, Z79835097, ZY81980-23, ZY81980V2-28, ZY8203004, ZY8203504, ZY8204005, ZY82048-33, ZY8205011, ZY8205110, ZY8205130, ZY8209041, ZY8209125, ZY8209421, ZY82099-06, ZY82101-06, ZY8215103, ZY82168-078, ZY82242-60, ZY82350-002, ZY82398-16, ZY82600-16, ZY82606-16, ZY82609-25, ZY828135-15, ZY82829-05, ZY82920-12, ZY84895-H02, ZY84900097, ZY84901-A08, ZY84905097, ZY84910-A08, ZY8502124;78945, 78950, 79002, 79003, 79004, 79005, 79006, 79012, 79015, 79017, 79018, 79020, 79022, 79023, 79026, 79094, 79095, 79096, 79097, 79098, 79099, 79100, 79101, 79104, 79105, 79106, 79108, 79109, 79111, 79113, 79114, 79115, 79116, 79117, 79118, 79119, 79120, 79123, 79125, 79145, 79252, 79253, 79254, 79257, 79334, 79335, 79832, 79835, YT-81980, YT-82035, YT-82040, YT-82048, YT-82050, YT-82051, YT-82094, YT-82099, YT-82101, YT-82151, YT-82168, YT-82242, YT-82350, YT-82398, YT-82600, YT-82606, YT-82609, YT-82813, YT-82829, YT-82920, YT-84901, YT-84910
ZUN-000242;KLIN PŁASKI;2,5/3/18mm;;4;4;3;STHOR;Z79034011, Z79036040, Z79038038, Z7904620;79034, 79036, 79038, 79046
ZUN-000243;KLIN;3/3/8mm;stal;8;8;5;STHOR, YATO;Z78204-27, Z7885246, Z79043020, Z79831024, ZY8234004, ZY82350-075, ZY82355-005, ZY82812-129;78204, 78852, 79043, 79831, YT-82340, YT-82350, YT-82355, YT-82812
ZUN-000244;KLIN PŁASKI;3/3/18mm;stal;13;13;9;STHOR, YATO;Z79029025, Z7903002, Z7903102, Z79041018, Z79047028, Z79048020, Z79051008, Z79052019, ZY82118-019, ZY82125020, ZY82127017, ZY82132-030, ZY82138-023;79029, 79030, 79031, 79041, 79047, 79048, 79051, 79052, YT-82118, YT-82125, YT-82127, YT-82132, YT-82138
ZUN-000245;KLIN PŁASKI;;;7;7;5;YATO;Z7885213, Z7885347, ZY82125061, ZY82127039, ZY82280048, ZY82341-18, ZY84800-20;78852, 78853, YT-82125, YT-82127, YT-82280, YT-82341, YT-84800
ZUN-000246;KLIN PŁASKI;;;10;9;8;STHOR, YATO;Z79035050, Z79047057, ZY82004-026, ZY82123-050, ZY82130044, ZY82132-059, ZY8215356, ZY82165-058, ZY82175056, ZY85600-H13;79035, 79047, YT-82004, YT-82123, YT-82130, YT-82132, YT-82165, YT-82175, YT-85600
ZUN-000247;KLIN CZÓŁENKOWY;;stal;36;29;19;STHOR, YATO;Z7894841, Z7912004, Z7912908, Z7914112, Z7914308, Z7914507, Z7914608, Z7914707, Z7914808, Z7914908, Z7915005, Z79151007, Z79311057, Z79313057, Z7933926, Z7934126, ZY81956-08, ZY8210209, ZY82104-05, ZY82110-07, ZY8215051, ZY82152-17, ZY82158-028, ZY82159-38, ZY82161-09, ZY82170068, ZY82171100, ZY8218024, ZY82181-79, ZY8219532, ZY82196-07, ZY82198-03, ZY82605-06, ZY82606-06, ZY82608-25, ZY85140034;78948, 79120, 79129, 79141, 79143, 79145, 79146, 79147, 79148, 79149, 79150, 79151, 79311, 79313, 79339, 79341, YT-81956, YT-82110, YT-82152, YT-82158, YT-82159, YT-82161, YT-82171, YT-82181, YT-82196, YT-82198, YT-82605, YT-82606, YT-82608
ZUN-000248;KLIN;;stal;4;4;2;STHOR, YATO;Z7885210, Z7885308, Z7885437, ZY81983-45;78852, 78853, 78854, YT-81983
ZUN-000249;KLIN;;stal;8;8;6;STHOR, YATO;Z79033062, Z79036063, Z79041049, Z79043037, Z7904657, Z79048076, ZY82117-094, ZY82135022;79033, 79036, 79041, 79043, 79046, 79048, YT-82117, YT-82135
ZUN-000250;KLIN;;;3;3;0;;Z7966705, Z7966805, Z7967205;79667, 79668, 79672
ZUN-000251;KLIN;;stal;7;6;3;STHOR, YATO, YATO GASTRO;Z79040023, Z79076019, Z7934040, Z7934341, ZG03215-B10, ZY82924-10, ZY84877-136;79040, 79076, 79340, 79343, YG-03215, YT-84877
ZUN-000252;KULKA STALOWA;ø3mm;stal;42;33;27;LUND, STHOR, YATO;Z7899204, Z7899504, Z7899704, Z7900004, Z7900104, Z7900704, Z7900804, Z7900904, Z7902405, Z7905349, Z8008234, Z80230126, Z80233233, ZY09506-25, ZY0951230, ZY0951332, ZY09514-35, ZY09531-28, ZY096721, ZY1700034, ZY1700134, ZY1700234, ZY1700334, ZY1700434, ZY1700534, ZY1700634, ZY1700734, ZY1700831, ZY1720020, ZY17211033, ZY82037018, ZY82045-36, ZY8207011, ZY82075-108, ZY82120019, ZY8220011, ZY82341-26, ZY82770-50, ZY82790-16, ZY82806-03, ZY8285116, ZY82955-27;78992, 78995, 78997, 79000, 79001, 79007, 79008, 79009, 79024, 79053, 80082, 80230, 80233, YT-09513, YT-17001, YT-17002, YT-17003, YT-17004, YT-17005, YT-17006, YT-17007, YT-17008, YT-17211, YT-82037, YT-82045, YT-82070, YT-82075, YT-82120, YT-82200, YT-82341, YT-82770, YT-82806, YT-82955
ZUN-000253;KULKA STALOWA;ø3,5mm;;3;2;0;;Z7811505, Z7896005, ZY095213;78115, 78960
ZUN-000254;KULKA STALOWA;ø4mm;stal;40;29;25;FLO, STHOR, YATO;Z7896010, Z7901903, Z7902007, Z79029004, Z79048051, Z7947441, Z7947645, Z7947732, Z7947831, Z7948141, Z7948243, Z80330V2P31, ZY0961150, ZY098139, ZY0981V241, ZY18900-19, ZY18907-14, ZY8203016, ZY8203516, ZY82036007, ZY82037032, ZY8204024, ZY82071-224, ZY8227044, ZY8227150, ZY8234014, ZY82350-064A, ZY82560-063, ZY82605-31, ZY82606-31, ZY82608-51, ZY82609-56, ZY82790-19, ZY82790-21, ZY8280412, ZY82806-08, ZY828075-13, ZY8281817, ZY8282224, ZY85800-03;78960, 79019, 79020, 79029, 79048, 79474, 79476, 79477, 79478, 79481, 79482, 80330, YT-18900, YT-82035, YT-82036, YT-82037, YT-82040, YT-82340, YT-82350, YT-82560, YT-82605, YT-82606, YT-82608, YT-82609, YT-82804, YT-82806, YT-82818, YT-82822, YT-85800
ZUN-000255;KULKA STALOWA;ø5mm;stal;33;30;23;LUND, STHOR, VOREL, YATO;Z57091010, Z5709209, Z67790-27, Z7900205, Z7900312, Z7900405, Z7900504, Z7900705, Z7900905, Z7901505, Z7902211, Z7902305, Z7902410, Z7902612, Z79036050, Z79038050, Z79040050, Z79040066, Z79043083, Z79049040, Z79076008, Z80111046, Z8012146, Z80330V2P10, ZY1700931, ZY82025-13, ZY82044024, ZY82045-30, ZY82131-049, ZY82131-066, ZY82135012, ZY8227284, ZY82385-16;57091, 57092, 67790, 79002, 79003, 79004, 79005, 79007, 79009, 79015, 79022, 79023, 79024, 79026, 79036, 79038, 79040, 79043, 79049, 79076, 80111, 80121, 80330, YT-17009, YT-82025, YT-82044, YT-82045, YT-82131, YT-82135, YT-82385
ZUN-000256;KULKA STALOWA;ø5,5mm;;8;8;3;STHOR, YATO;Z7900010, Z7900110, Z7900612, Z7900810, Z7901812, Z79035051, Z79054038, ZY82045-08;79000, 79001, 79006, 79008, 79018, 79035, 79054, YT-82045
ZUN-000257;KULKA STALOWA;ø6mm;stal;49;33;23;STHOR, VOREL, YATO;Z5709713, Z79041016, Z7979021, Z7979121, Z7979221, Z7989641, Z7989741, Z7989841, Z7989941, Z8008208, Z80111045, Z8012045, Z8012145, Z80220120, Z80230109, Z80230120, Z80232120, Z80233202, ZY0706732, ZY07068-32, ZY07069-32, ZY098036, ZY1700008, ZY1700108, ZY1700208, ZY1700308, ZY1700408, ZY1700508, ZY1700608, ZY1700708, ZY170224, ZY170624, ZY170924, ZY1713V2-42, ZY171403, ZY1720010, ZY1721002, ZY17211002, ZY17214-03, ZY18900-17, ZY18907-12, ZY55560118, ZY55561118, ZY55562118, ZY5558018, ZY5558118, ZY5558218, ZY82330-16, ZY82560-050;57097, 79041, 79790, 79791, 79792, 79896, 79897, 79898, 79899, 80082, 80111, 80120, 80121, 80220, 80230, 80232, 80233, YT-07067, YT-07068, YT-07069, YT-17001, YT-17002, YT-17003, YT-17004, YT-17005, YT-17006, YT-17007, YT-17211, YT-17214, YT-18900, YT-55581, YT-82330, YT-82560
ZUN-000258;KULKA STALOWA ø7mm;ø7mm;;3;2;2;YATO;ZY821210-05, ZY82122013, ZY82138-013;YT-82122, YT-82138
ZUN-000259;KULKA STALOWA;ø4,5mm;stal;3;2;2;YATO;ZY09620-42, ZY18907-06, ZY36127-08;YT-09620, YT-36127
ZUN-000260;KULKA STALOWA;ø7,14mm;stal;37;33;25;STHOR, VOREL, YATO;Z5709211, Z5709716, Z79029031, Z7903027, Z7903029, Z7903127, Z7903129, Z79033033, Z79035012, Z79036033, Z79038031, Z79040015, Z79040017, Z79041011, Z79043013, Z7904613, Z79048012, Z79049005, Z79051002, Z79052009, Z7905304, Z79054016, Z79076006, ZY82025-11, ZY82115005, ZY82116-015, ZY82117-013, ZY82118-012, ZY82120017, ZY82122008, ZY82123-008, ZY82125013, ZY82127010, ZY82130014, ZY82770-22, ZY82772-04, ZY828075-11;57092, 57097, 79029, 79030, 79031, 79033, 79035, 79036, 79038, 79040, 79041, 79043, 79046, 79048, 79049, 79051, 79052, 79053, 79054, 79076, YT-82025, YT-82115, YT-82116, YT-82117, YT-82118, YT-82120, YT-82122, YT-82123, YT-82125, YT-82127, YT-82130, YT-82770, YT-82772
ZUN-000261;KULKA STALOWA;ø7,93mm;stal;11;11;6;STHOR, YATO;Z79029026, Z7903001, Z7903101, Z79035007, Z79036038, Z79043018, Z79051006, Z79052010, ZY82116-020, ZY82118-017, ZY82131-008;79029, 79030, 79031, 79035, 79036, 79043, 79051, 79052, YT-82116, YT-82118, YT-82131
ZUN-000262;KULKA STALOWA;ø7,94mm;;6;6;5;STHOR, YATO;Z79040022, Z7904618, Z79048018, ZY82125018, ZY82127015, ZY82133-09;79040, 79046, 79048, YT-82125, YT-82127, YT-82133
ZUN-000263;KULKA STALOWA;ø8mm;;8;8;7;STHOR, VOREL, YATO;Z57091011, Z79034010, Z79038036, Z80330V2P11, ZY1700910, ZY82117-017, ZY82123-020, ZY82132-020;57091, 79034, 79038, 80330, YT-17009, YT-82117, YT-82123, YT-82132
ZUN-000264;KULKA STALOWA;ø9mm;;6;6;3;YATO;Z79037020, Z80230108, Z80233228, ZY17211028, ZY82130018, ZY82138-021;79037, 80230, 80233, YT-17211, YT-82130, YT-82138
ZUN-000265;KULKA STALOWA;ø10,5mm;;1;1;1;STHOR;Z79047027;79047
ZUN-000266;KULKA STALOWA;ø11mm;;2;1;1;YATO;ZY0961155, ZY0961551;YT-09615
ZUN-000267;KULKA STALOWA ø12,7mm;ø12.7mm;;2;1;1;YATO;ZY82560-076, ZY82562-066;YT-82560
ZUN-000268;KABEL ZASILAJĄCY Z WTYCZKĄ;2x0,5mm/1m płaski biały;;2;2;2;LUND;Z68250-30, Z68251-27;68250, 68251
ZUN-000269;KABEL ZASILAJĄCY Z WTYCZKĄ;2x0,75mm/1,2m płaski czarny;;4;4;4;LUND;Z67700-137A, Z67701-409A, Z67810V2113, Z67811137;67700, 67701, 67810, 67811
ZUN-000270;KABEL ZASILAJACY Z WTYCZKĄ;2x0,75mm/1,8m;;5;5;4;FLO, STHOR;Z7887006, Z79125-49, Z7947309, Z7947406, Z7947837;78870, 79125, 79473, 79474, 79478
ZUN-000271;KABEL ZASILAJĄCY Z WTYCZKĄ;2x0,75mm/2,5m guma;;10;9;9;STHOR, YATO;Z79049067, Z79054097, Z79094046, ZY82036039, ZY82037056, ZY8209149, ZY8209446, ZY82097-44, ZY8210043, ZY82123-097;79049, 79054, 79094, YT-82036, YT-82037, YT-82094, YT-82097, YT-82100, YT-82123
ZUN-000272;KABEL ZASILAJACY Z WTYCZKĄ;2x0,75mm/2m H05VV-F;tworzywo/miedź;33;32;26;FLO, LUND, STHOR, YATO;Z7887108, Z7887304, Z7900733, Z7901535, Z7902335, Z79095046, Z7909844, Z7909947, Z7910254, Z7911054, Z7911254, Z7912349, Z79124-39, Z7923836, Z7924036, Z7925257, Z7925357, Z7925401, Z7941519, Z7941612, Z7942051, Z7947501, Z7947739, Z7976406, ZY8203038, ZY8204035, ZY8205040, ZY8205145, ZY8214111, ZY8222049, ZY8223033, ZY82550-22, ZY85170-29;78871, 78873, 79007, 79015, 79023, 79095, 79098, 79099, 79102, 79110, 79112, 79123, 79124, 79238, 79240, 79252, 79253, 79254, 79415, 79416, 79420, 79475, 79477, 79764, YT-82040, YT-82050, YT-82051, YT-82141, YT-82220, YT-82230, YT-82550, YT-85170
ZUN-000273;KABEL ZASILAJĄCY Z WTYCZKĄ;2x0,75mm/2m guma;;4;0;0;;ZY8214069, ZY8227070, ZY8227168, ZY8227259;
ZUN-000274;KABEL ZASILAJĄCY Z WTYCZKĄ;2x0,75mm/3m H05RN-F;tworzywo/miedź;12;12;11;LUND, STHOR, YATO;Z7292813, Z78990015, Z7899233, Z7899530, Z7899729, Z79104V251, ZY82034-36, ZY82089-37, ZY82206-19, ZY82208-07, ZY82375-63, ZY82389-027;72928, 78990, 78992, 78995, 78997, 79104, YT-82034, YT-82089, YT-82206, YT-82208, YT-82375, YT-82389
ZUN-000275;KABEL ZASILAJĄCY Z WTYCZKĄ;2x0.75mm/3m guma H05RN-F ø7mm;;7;6;6;YATO;ZY82038-05, ZY82048-03, ZY82071-137, ZY82080-43, ZY82115082, ZY82207-27, ZY82273-080;YT-82038, YT-82048, YT-82080, YT-82115, YT-82207, YT-82273
ZUN-000276;KABEL ZASILAJĄCY Z WTYCZKĄ;2x0,75mm/4,7m;;5;5;2;FALA, YATO;Z75951-33, Z78872-27, Z78874-11, Z7894831, ZY85710-11;75951, 78872, 78874, 78948, YT-85710
ZUN-000277;KABEL ZASILAJĄCY Z WTYCZKĄ;2x1,0mm/2,5m;;2;0;0;;ZY8215007, ZY8215301;
ZUN-000278;KABEL ZASILAJĄCY Z WTYCZKĄ;2x1,0mm/2m;;5;5;5;STHOR;Z7885421, Z7924801, Z7924901, Z7925701, Z7927503;78854, 79248, 79249, 79257, 79275
ZUN-000279;KABEL ZASILAJĄCY Z WTYCZKĄ;2x1,0mm/2m guma;tworzywo/miedź/stal;17;17;17;STHOR, VOREL, YATO;Z57091042, Z7903089, Z7903189, Z7904682, Z79047131, Z79048105, Z7905385, Z79076054, Z7915049, Z7932419, Z7932519, ZY82120075, ZY82125088, ZY82127088, ZY82130104, ZY82132-116, ZY82280065;57091, 79030, 79031, 79046, 79047, 79048, 79053, 79076, 79150, 79324, 79325, YT-82120, YT-82125, YT-82127, YT-82130, YT-82132, YT-82280
ZUN-000280;KABEL ZASILAJĄCY Z WTYCZKĄ;2x1,0mm/3,2m;tworzywo/miedź/stal;7;7;7;YATO;ZY82144-10, ZY82172008, ZY82173025, ZY82174025, ZY82175008, ZY82240-10, ZY82607-46;YT-82144, YT-82172, YT-82173, YT-82174, YT-82175, YT-82240, YT-82607
ZUN-000281;KABEL ZASILAJĄCY Z WTYCZKĄ;2x1,0mm/3m guma H07RN-F ø8mm// H05RN-F ø7mm;tworzywo/miedź;18;16;16;YATO;ZY82015-85, ZY82044068, ZY82045-70, ZY82055-49, ZY82098-50, ZY82099-57, ZY82104-52, ZY82116-078, ZY82117-078, ZY82118-077, ZY82122092, ZY82131-111, ZY82134-090, ZY82152-58, ZY82157-43, ZY82185-017, ZY82380-01, ZY82395-57;YT-82015, YT-82044, YT-82045, YT-82098, YT-82099, YT-82116, YT-82117, YT-82118, YT-82122, YT-82131, YT-82134, YT-82152, YT-82157, YT-82185, YT-82380, YT-82395
ZUN-000282;KABEL ZASILAJĄCY Z WTYCZKĄ;2x1,0mm/4m;;4;4;4;STHOR, YATO;Z79307-087, ZY8220065, ZY8234050, ZY82350-127;79307, YT-82200, YT-82340, YT-82350
ZUN-000283;KABEL ZASILAJĄCY Z WTYCZKĄ;2x1,0mm/4m guma;tworzywo/miedź;12;12;12;VOREL, YATO;Z5709242, Z5709750, ZY82001-74, ZY82002-83, ZY82003-073, ZY82004-078, ZY82020-36, ZY82021-39, ZY82025-38, ZY82341-70, ZY82608-16, ZY82609-16;57092, 57097, YT-82001, YT-82002, YT-82003, YT-82004, YT-82020, YT-82021, YT-82025, YT-82341, YT-82608, YT-82609
ZUN-000284;KABEL ZASILAJĄCY Z WTYCZKĄ;2x1,5mm/2m guma;tworzywo/miedź/stal;4;3;3;STHOR, YATO;Z79151053, ZY8210265, ZY82135103, ZY82154-58;79151, YT-82135, YT-82154
ZUN-000285;KABEL ZASILAJĄCY Z WTYCZKĄ;2x1,5mm/3m guma H07RN-F Ø10mm;;5;5;5;STHOR, YATO;Z79090067, ZY82105-44, ZY82106-67, ZY82110-51, ZY8215176;79090, YT-82105, YT-82106, YT-82110, YT-82151
ZUN-000286;KABEL ZASILAJĄCY Z WTYCZKĄ;3x0,75mm/0,8m;;3;3;3;LUND;Z68172-19, Z68173-34, Z68174-21;68172, 68173, 68174
ZUN-000287;KABEL ZASILAJĄCY Z WTYCZKĄ;3x0,75mm/1m;;3;3;3;LUND;Z67571-31, Z67840-30, Z67841-30;67571, 67840, 67841
ZUN-000288;KABEL ZASILAJĄCY Z WTYCZKĄ;3x1,5mm/4,7m H05VV-F;;3;3;3;YATO;ZY85700-11, ZY85701-11, ZY85715-50;YT-85700, YT-85701, YT-85715
ZUN-000289;KABEL ZASILAJĄCY Z WTYCZKĄ;3x1,0mm/0,5m guma;;2;2;1;YATO;Z7988306, ZY8535006;79883, YT-85350
ZUN-000290;KABEL ZASILAJĄCY Z WTYCZKĄ;3x1,0mm/0,9m guma;;3;3;3;LUND;Z68050-34, Z68051-26, Z68052-26;68050, 68051, 68052
ZUN-000291;KABEL ZASILAJĄCY Z WTYCZKĄ;3x1,0mm/2m guma;;3;2;2;YATO;ZY82171153, ZY82601-48, ZY82601V2-22;YT-82171, YT-82601
ZUN-000292;KABEL ZASILAJĄCY Z WTYCZKĄ;3x2,5mm/2m guma;;4;4;0;;Z7320513, Z7320613, Z7320713, Z7320813;73205, 73206, 73207, 73208
ZUN-000293;KULKA STALOWA;ø2,5mm;stal;10;7;4;YATO;Z79063009, Z81080-11, Z8110817, Z8111017, ZY09544-31, ZY09633-22, ZY09676-22, ZY09695-22, ZY09795-21, ZY09803-17;79063, 81080, 81108, 81110, YT-09544, YT-09633, YT-09676
ZUN-000294;AKUMULATOR;12V 1500mAh 78130;;7;7;1;STHOR;Z7810150, Z7810559, Z7811059, Z7811523, Z7812133, Z7812325, Z7812720;78101, 78105, 78110, 78115, 78121, 78123, 78127
ZUN-000295;AKUMULATOR;10,8V 1500mAh Li-jon (yt-82857 sklep);;2;1;1;YATO;ZY8285113, ZY8290025;YT-82900
ZUN-000296;AKUMULATOR;18V 1500mAh Li-jon (79530 sklep);;2;2;0;;Z7951036, Z7952011;79510, 79520
ZUN-000297;AKUMULATOR;18V 3000mAh Li-jon (YT-82932 sklep);;2;1;1;YATO;ZY8293015, ZY8293115;YT-82930
ZUN-000298;AKUMULATOR;18V 3Ah 54Wh Li-Jon (YT-85130sklep);;4;0;0;;ZY8508001, ZY8510027, ZY8511038, ZY8512001;
ZUN-000299;AKUMULATOR;3,7V 2200mAh Li-jon 8,14Wh NW.40,008 HP 18650;;3;0;0;;ZY0850701, ZY0850801, ZY08563-01;
ZUN-000300;TULEJA STALOWA;ø5/ø10/6mm;stal;5;5;5;FLO;Z7947437, Z7947641, Z7947705, Z7947804, Z7948205;79474, 79476, 79477, 79478, 79482
ZUN-000301;KULKA STALOWA;ø2,38mm;;2;0;0;;ZY096518, ZY099318;
ZUN-000302;ADAPTER Ø 20mm;;;2;2;1;STHOR;Z7891119A, Z7891219A;78911, 78912
ZUN-000303;ADAPTER Ø 25mm;;;2;2;1;STHOR;Z7891119B, Z7891219B;78911, 78912
ZUN-000304;ADAPTER Ø 32mm;;;2;2;1;STHOR;Z7891119C, Z7891219C;78911, 78912
ZUN-000305;ADAPTER Ø 40mm;;;2;2;1;STHOR;Z7891119D, Z7891219D;78911, 78912
ZUN-000306;ADAPTER Ø 50mm;;;2;2;1;STHOR;Z7891119E, Z7891219E;78911, 78912
ZUN-000307;ADAPTER Ø 63mm;;;2;2;1;STHOR;Z7891119F, Z7891219F;78911, 78912
ZUN-000308;AMORTYZATOR;;tworzywo;4;2;1;YATO;Z79835042, ZY84900042, ZY84901-E01-18, ZY84905042;79835, YT-84901
ZUN-000309;AMORTYZATOR;;;2;0;0;;ZY84900111, ZY84905111;
ZUN-000310;"ZESTAW NAPRAWCZY 1/4""";;;3;0;0;;ZY07511-1A, ZY07720-1A, ZY07721-1A;
ZUN-000311;"ZESTAW NAPRAWCZY 1/4""";;;2;0;0;;ZY07722-1A, ZY07723-1A;
ZUN-000312;"ZESTAW NAPRAWCZY 3/8""";;;4;0;0;;ZY07730-1A, ZY07731-1A, ZY07732-1A, ZY07733-1A;
ZUN-000313;"ZESTAW NAPRAWCZY 1/2""";;;5;0;0;;ZY07740-1A, ZY07741-1A, ZY07742-1A, ZY07743-1A, ZY07744-1A;
ZUN-000314;"ZESTAW NAPRAWCZY 3/4""";;;2;0;0;;ZY07752-1A, ZY07753-1A;
ZUN-000315;"ZESTAW NAPRAWCZY 1""";;;1;0;0;;ZY07762-1A;
ZUN-000316;KABEL ZASILAJĄCY Z WTYCZKĄ + odgiętka;2x1,0mm/2m guma;;6;6;6;STHOR, YATO;Z7932023, Z7932823, ZY8228819, ZY8229119, ZY8229220, ZY8229320;79320, 79328, YT-82288, YT-82291, YT-82292, YT-82293
ZUN-000317;KABEL ZASILAJĄCY Z WTYCZKĄ;2x1,0mm/2,5m guma H07RN-F Ø8mm;;3;2;2;YATO;ZY82101-52, ZY8210352, ZY82133-66;YT-82101, YT-82133
ZUN-000318;UCHWYT WIERTARSKI;;;1;0;0;;ZY82790-02;
ZUN-000319;AKUMULATOR;3.7V 2600mAh;;1;0;0;;ZY08519-21;
ZUN-000320;PERLATOR NEOPERL;;;7;7;7;FALA;Z7574009, Z7574509, Z7576009, Z7576408, Z7576509, Z7577009, Z7577408;75740, 75745, 75760, 75764, 75765, 75770, 75774
ZUN-000321;PERLATOR;;;4;4;4;FALA;Z7568514, Z7568615, Z7568815, Z7568916;75685, 75686, 75688, 75689
ZUN-000322;PERLATORA ZESPÓŁ;Części nr 9, 10;;8;8;8;FALA;Z757402A, Z757452A, Z7574910, Z757602A, Z757642A, Z757652A, Z757702A, Z757742A;75740, 75745, 75749, 75760, 75764, 75765, 75770, 75774
ZUN-000323;PERLATORA ZESPÓŁ;Części nr 11, 12;;5;5;5;FALA;Z757422A, Z757472A, Z757622A, Z757672A, Z757722A;75742, 75747, 75762, 75767, 75772
ZUN-000324;NAKRĘTKA PERLATORA;;;12;12;12;FALA;Z7574010, Z7574212, Z7574510, Z7574713, Z7576010, Z7576212, Z7576407, Z7576508, Z7576708, Z7577010, Z7577212, Z7577407;75740, 75742, 75745, 75747, 75760, 75762, 75764, 75765, 75767, 75770, 75772, 75774
ZUN-000325;NAKRĘTKA PERLATORA;;;4;4;4;FALA;Z7568515, Z7568616, Z7568816, Z7568917;75685, 75686, 75688, 75689
ZUN-000326;MIESZACZ - KL;;;5;5;5;FALA;Z7568502, Z7568602, Z7568702, Z7568802, Z7568909;75685, 75686, 75687, 75688, 75689
ZUN-000327;MIESZACZ;ACS;;9;9;8;FALA;Z75662-16, Z75663-16, Z75665-11, Z75705-13, Z75719-14, Z75775-05, Z75832-12, Z75833-12, Z75884-17;75662, 75663, 75665, 75705, 75719, 75775, 75832, 75833, 75884
ZUN-000328;MIESZACZ SEDAL;;;19;19;18;FALA;Z75675-06, Z7574002, Z7574206, Z7574302, Z7574506, Z7574706, Z7574802, Z7574912, Z7576002, Z7576206, Z7576306, Z7576406, Z7576502, Z7576702, Z7576806, Z7577002, Z7577202, Z7577302, Z7577406;75675, 75740, 75742, 75743, 75745, 75747, 75748, 75749, 75760, 75762, 75763, 75764, 75765, 75767, 75768, 75770, 75772, 75773, 75774
ZUN-000329;MIESZACZ FUNKCJI;4 pozycje;;3;3;3;FALA;Z75978-10C, Z75981-10A, Z75982-13A;75978, 75981, 75982
ZUN-000330;MIESZACZ FUNKCJI;5 pozycji;;1;1;1;FALA;Z75980-10A;75980
ZUN-000331;MIESZACZ;;;7;7;7;FALA;Z75670-12, Z75813-12, Z75838-12, Z75978-10B, Z75980-10B, Z75981-10B, Z75982-13B;75670, 75813, 75838, 75978, 75980, 75981, 75982
ZUN-000332;ROZETA MASKUJĄCA;srebrna płaska;;10;10;10;FALA;Z7574217, Z7574314, Z7574718, Z7574814, Z7576217, Z7576313, Z7576726, Z7576816, Z7577217, Z7577314;75742, 75743, 75747, 75748, 75762, 75763, 75767, 75768, 75772, 75773
ZUN-000333;ROZETA MASKUJĄCA;srebrna wypukła;;3;3;3;FALA;Z7568612, Z7568712, Z7568812;75686, 75687, 75688
ZUN-000334;MIMOŚRÓD KRZYWKA Z TŁUMIKIEM;Części nr 18, 19;;10;10;10;FALA;Z7574218, Z7574315, Z7574719, Z7574815, Z7576218, Z7576314, Z7576727, Z7576817, Z7577218, Z7577315;75742, 75743, 75747, 75748, 75762, 75763, 75767, 75768, 75772, 75773
ZUN-000335;MIMOŚRÓD KRZYWKA;;;5;5;3;FALA;Z7550036, Z7551018, Z7568613, Z7568713, Z7568813;75500, 75510, 75686, 75687, 75688
ZUN-000336;NAKRĘTKA MIESZACZA;mosiądz;mosiądz;18;18;18;FALA;Z7574003, Z7574205, Z7574303, Z7574505, Z7574705, Z7574803, Z7574913, Z7576003, Z7576205, Z7576305, Z7576405, Z7576503, Z7576703, Z7576805, Z7577003, Z7577203, Z7577303, Z7577405;75740, 75742, 75743, 75745, 75747, 75748, 75749, 75760, 75762, 75763, 75764, 75765, 75767, 75768, 75770, 75772, 75773, 75774
ZUN-000337;NAKRĘTKA MIESZACZA;aluminium;;5;5;5;FALA;Z7568503, Z7568603, Z7568703, Z7568803, Z7568910;75685, 75686, 75687, 75688, 75689
ZUN-000338;NAKRĘTKA PRZYŁACZA;;;10;10;10;FALA;Z7574213, Z7574310, Z7574714, Z7574810, Z7576213, Z7576310, Z7576722, Z7576812, Z7577213, Z7577310;75742, 75743, 75747, 75748, 75762, 75763, 75767, 75768, 75772, 75773
ZUN-000339;NAKRĘTKA PRZYŁACZA;;;4;4;3;FALA;Z7550032, Z7568608, Z7568708, Z7568808;75500, 75686, 75687, 75688
ZUN-000340;NAKRĘTKA PRZYŁĄCZA BLACK;;;2;2;2;FALA;Z75809-10, Z75813-09;75809, 75813
ZUN-000341;NAKRĘTKA DEKORACYJNA MIESZACZA;;;18;18;18;FALA;Z7574004, Z7574204, Z7574304, Z7574504, Z7574704, Z7574804, Z7574914, Z7576004, Z7576204, Z7576304, Z7576404, Z7576504, Z7576704, Z7576804, Z7577004, Z7577204, Z7577304, Z7577404;75740, 75742, 75743, 75745, 75747, 75748, 75749, 75760, 75762, 75763, 75764, 75765, 75767, 75768, 75770, 75772, 75773, 75774
ZUN-000342;NAKRĘTKA DEKORACYJNA MIESZACZA;;;5;5;5;FALA;Z7568504, Z7568604, Z7568704, Z7568804, Z7568911;75685, 75686, 75687, 75688, 75689
ZUN-000343;ŚRUBA + USZCZELKA;Części nr 9, 10;;10;10;10;FALA;Z7568610, Z7568710, Z7568810, Z7574716, Z7574812, Z7576311, Z7576724, Z7576814, Z7577215, Z7577312;75686, 75687, 75688, 75747, 75748, 75763, 75767, 75768, 75772, 75773
ZUN-000344;ŚRUBA + USZCZELKA;Części nr 14, 15;;3;3;3;FALA;Z7574214, Z7574312, Z7576215;75742, 75743, 75762
ZUN-000345;O-RING;ø14/ø18/ø2mm;;7;7;6;FALA;Z7574309, Z7574715, Z7574808, Z7576308, Z7576808, Z7577308, Z81073-23;75743, 75747, 75748, 75763, 75768, 75773, 81073
ZUN-000346;USZCZELKA;ø16/ø24/2,6mm;;13;13;13;FALA;Z7568611, Z7568711, Z7568811, Z7574216, Z7574313, Z7574717, Z7574813, Z7576216, Z7576312, Z7576725, Z7576815, Z7577216, Z7577313;75686, 75687, 75688, 75742, 75743, 75747, 75748, 75762, 75763, 75767, 75768, 75772, 75773
ZUN-000347;USZCZELKA PERLATORA;ø15/ø22/2,8mm;;17;17;17;FALA;Z7568513, Z7568614, Z7568814, Z7568915, Z7574008, Z7574210, Z7574508, Z7574711, Z7574909, Z7576008, Z7576210, Z7576409, Z7576510, Z7576710, Z7577008, Z7577210, Z7577409;75685, 75686, 75688, 75689, 75740, 75742, 75745, 75747, 75749, 75760, 75762, 75764, 75765, 75767, 75770, 75772, 75774
ZUN-000348;ŚRUBA UCHWYTU;imbus 2,5mm;;5;5;5;FALA;Z7568506, Z7568606, Z7568706, Z7568806, Z7568913;75685, 75686, 75687, 75688, 75689
ZUN-000349;ŚRUBA UCHWYTU;imbus 2,5mm;;18;18;18;FALA;Z7574007, Z7574202, Z7574306, Z7574502, Z7574702, Z7574806, Z7574916, Z7576006, Z7576202, Z7576302, Z7576402, Z7576506, Z7576706, Z7576802, Z7577006, Z7577206, Z7577306, Z7577402;75740, 75742, 75743, 75745, 75747, 75748, 75749, 75760, 75762, 75763, 75764, 75765, 75767, 75768, 75770, 75772, 75773, 75774
ZUN-000350;ZNACZEK CIEPŁA, ZIMNA WODA;;;23;23;23;FALA;Z7568507, Z7568607, Z7568707, Z7568807, Z7568914, Z7574006, Z7574201, Z7574307, Z7574501, Z7574701, Z7574807, Z7574917, Z7576007, Z7576201, Z7576301, Z7576401, Z7576507, Z7576707, Z7576801, Z7577007, Z7577207, Z7577307, Z7577401;75685, 75686, 75687, 75688, 75689, 75740, 75742, 75743, 75745, 75747, 75748, 75749, 75760, 75762, 75763, 75764, 75765, 75767, 75768, 75770, 75772, 75773, 75774
ZUN-000351;PRZEŁĄCZNIK;;;4;4;4;FALA;Z7574209, Z7574710, Z7576209, Z7577209;75742, 75747, 75762, 75772
ZUN-000352;ZESTAW MONTAŻOWY DO BATERII;Części nr 11, 12, 13, 14, 15;;8;8;8;FALA;Z757401A, Z757451A, Z757491A, Z757601A, Z757641A, Z757651A, Z757701A, Z757741A;75740, 75745, 75749, 75760, 75764, 75765, 75770, 75774
ZUN-000353;UCHWYT;;;3;3;3;FALA;Z7574005, Z7574203, Z7574305;75740, 75742, 75743
ZUN-000354;UCHWYT;;;4;4;4;FALA;Z7574503, Z7574703, Z7574805, Z7574915;75745, 75747, 75748, 75749
ZUN-000355;UCHWYT;;;3;3;3;FALA;Z7576005, Z7576203, Z7576403;75760, 75762, 75764
ZUN-000356;UCHWYT;;;4;4;4;FALA;Z7577005, Z7577205, Z7577305, Z7577403;75770, 75772, 75773, 75774
ZUN-000357;UCHWYT;;;3;3;3;FALA;Z7576505, Z7576705, Z7576803;75765, 75767, 75768
ZUN-000358;UCHWYT;;;5;5;5;FALA;Z7568505, Z7568605, Z7568705, Z7568805, Z7568912;75685, 75686, 75687, 75688, 75689
ZUN-000359;PRZYŁĄCZE WĘŻA;;;6;6;6;FALA;Z7574308, Z7574809, Z7576309, Z7576711, Z7576809, Z7577309;75743, 75748, 75763, 75767, 75768, 75773
ZUN-000360;ZESPÓŁ ŁĄCZNIKA KORPUSU;Części nr 11, 18;;2;2;2;FALA;Z7576411, Z7577411;75764, 75774
ZUN-000361;POKRĘTŁO;;;3;3;3;FALA;Z75980-10C, Z75981-10C, Z75982-13C;75980, 75981, 75982
ZUN-000362;PRZYŁĄCZE KĄTOWE;;;4;4;4;FALA;Z75978-12, Z75980-12, Z75981-11, Z75982-15;75978, 75980, 75981, 75982
ZUN-000363;NAKRĘTKA;;;2;2;2;FALA;Z75978-13, Z75980-22;75978, 75980
ZUN-000364;PODKŁADKA gumowa;ø22/ø40/3mm;;2;2;2;FALA;Z75978-14, Z75980-14;75978, 75980
ZUN-000365;PRZYŁĄCZE PROSTE;;;4;4;4;FALA;Z75978-21, Z75980-21, Z75981-17, Z75982-06;75978, 75980, 75981, 75982
ZUN-000366;USZCZELKA;ø10/ø29/3mm;;4;4;4;FALA;Z75978-23, Z75980-23, Z75981-19, Z75982-23;75978, 75980, 75981, 75982
ZUN-000367;PRZYŁĄCZE TRÓJNIK;Z75982-09;;3;3;3;FALA;Z75978-41, Z75981-08, Z75982-09;75978, 75981, 75982
ZUN-000368;AKUMULATOR GRUBY BOLEC;;;3;3;3;STHOR;Z7897247, Z7897457, Z7898334;78972, 78974, 78983
ZUN-000369;ZASILACZ GRUBY BOLEC;21V 15W 400mA;;3;3;3;STHOR;Z7897246, Z7897456, Z7898335;78972, 78974, 78983
ZUN-000373;ZESTAW NAPRAWCZY 1/2″drobna zębatka;;stal;4;0;0;;ZY07601-1A, ZY07605-1A, ZY07611-1A, ZY07612-1A;
ZUN-000373A;ZESTAW NAPRAWCZY 1/2″gruba zębatka;;stal;2;0;0;;ZY07601-1A, ZY07611-1A;
ZUN-000374;AKUMULATOR z zabezpieczeniem;3,6V 2600mAh 9,36Wh/ 3,7V 2600mA 9,62Wh Li-jon;;1;1;1;YATO;ZY08518-09;YT-08518
ZUN-000375;TRZPIEŃ M3;;stal;5;2;2;YATO;ZY36112-32, ZY36127-38, ZY36128-34, ZY3612939, ZY36140-24;YT-36112, YT-36127
ZUN-000376;TRZPIEŃ M4;;stal;5;2;2;YATO;ZY36112-30, ZY36127-36, ZY36128-32, ZY3612937, ZY36140-26;YT-36112, YT-36127
ZUN-000377;TRZPIEŃ M5;;stal;6;2;2;YATO;ZY36112-28, ZY361230V2, ZY36127-34, ZY36128-30, ZY3612935, ZY36140-28;YT-36112, YT-36127
ZUN-000378;TRZPIEŃ M6;;stal;6;2;2;YATO;ZY36112-26, ZY361228V2, ZY36127-32, ZY36128-28, ZY3612933, ZY36140-19;YT-36112, YT-36127
ZUN-000379;TRZPIEŃ M8;;;5;2;2;YATO;ZY36112-02, ZY361226V2, ZY36127-22, ZY36128-16, ZY3612931;YT-36112, YT-36127
ZUN-000380;TRZPIEŃ M10;;;4;1;1;YATO;ZY361202V2, ZY36127-30, ZY36128-26, ZY3612902;YT-36127
ZUN-000381;TRZPIEŃ M12;;;4;1;1;YATO;ZY361236V2, ZY36127-28, ZY36128-24, ZY3612929;YT-36127
ZUN-000382;GŁOWICA M3;;stal;5;2;2;YATO;ZY36112-33, ZY36127-39, ZY36128-35, ZY3612940, ZY36140-25;YT-36112, YT-36127
ZUN-000383;GŁOWICA M4;;stal;5;2;2;YATO;ZY36112-31, ZY36127-37, ZY36128-33, ZY3612938, ZY36140-27;YT-36112, YT-36127
ZUN-000384;GŁOWICA M5;;stal;6;2;2;YATO;ZY36112-29, ZY361231V2, ZY36127-35, ZY36128-31, ZY3612936, ZY36140-29;YT-36112, YT-36127
ZUN-000385;GŁOWICA M6;;stal;6;2;2;YATO;ZY36112-27, ZY361229V2, ZY36127-33, ZY36128-29, ZY3612934, ZY36140-20;YT-36112, YT-36127
ZUN-000386;GŁOWICA M8;;;5;2;2;YATO;ZY36112-01, ZY361227V2, ZY36127-23, ZY36128-17, ZY3612932;YT-36112, YT-36127
ZUN-000387;GŁOWICA M10;;;4;1;1;YATO;ZY361201V2, ZY36127-31, ZY36128-27, ZY3612901;YT-36127
ZUN-000388;GŁOWICA M12;;;4;1;1;YATO;ZY361237V2, ZY36127-29, ZY36128-25, ZY3612930;YT-36127
ZUN-000390;TURBINA;ø8/ø92/35mm dwa ramiona;;3;3;3;STHOR;Z7977324, Z7977424, Z7977524;79773, 79774, 79775
ZUN-000391;TURBINA;ø8/ø96/19mm zamknięte;;5;5;0;;Z7989219, Z7989319, Z7989419, Z7989821, Z7990619;79892, 79893, 79894, 79898, 79906
ZUN-000392;TURBINA;ø8/ø84/15mm ślimak;;2;2;2;STHOR;Z7978123, Z7978223;79781, 79782
ZUN-000393;TURBINA;ø8/ø96/22mm zamknięte;;2;2;0;;Z7990519, Z7990719;79905, 79907
ZUN-000394;OBUDOWA POMPY;;;2;2;2;STHOR;Z7977125, Z7977225;79771, 79772
ZUN-000395;OBUDOWA POMPY;;;3;3;3;STHOR;Z7978125, Z7978225, Z7978325;79781, 79782, 79783
ZUN-000396;OBUDOWA POMPY;;;2;2;2;STHOR;Z7977426, Z7977526;79774, 79775
ZUN-000397;OBUDOWA POMPY;;;2;2;0;;Z7989222, Z7989422;79892, 79894
ZUN-000398;ZŁĄCZE KĄTOWE;;;9;9;8;STHOR;Z7977133, Z7977233, Z7977336, Z7977436, Z7977536, Z7979042, Z7979142, Z7979242, Z7990532;79771, 79772, 79773, 79774, 79775, 79790, 79791, 79792, 79905
ZUN-000399;ZŁĄCZE KĄTOWE;;;3;3;3;STHOR;Z7978133, Z7978233, Z7978333;79781, 79782, 79783
ZUN-000400;ZŁĄCZE PROSTE;;;8;8;8;STHOR;Z7977135, Z7977235, Z7977338, Z7977438, Z7977538, Z7979044, Z7979144, Z7979244;79771, 79772, 79773, 79774, 79775, 79790, 79791, 79792
ZUN-000401;ZŁĄCZE PROSTE;;;3;3;3;STHOR;Z7978135, Z7978235, Z7978335;79781, 79782, 79783
ZUN-000402;O-RING;ø37,4/ø43/ø2,8mm;;10;9;8;STHOR;Z7977134, Z7977234, Z7977337, Z7977437, Z7977537, Z7979043, Z7979143, Z7979243, Z7990531, Z7990533;79771, 79772, 79773, 79774, 79775, 79790, 79791, 79792, 79905
ZUN-000403;O-RING;ø36/ø40/ø2mm;tworzywo;4;4;4;STHOR, YATO;Z7978134, Z7978234, Z7978334, ZY82135013;79781, 79782, 79783, YT-82135
ZUN-000404;O-RING;ø100/ø110/ø5mm;;4;4;4;STHOR, YATO;Z7979038, Z7979138, Z7979238, ZY85343-13;79790, 79791, 79792, YT-85343
ZUN-000405;O-RING;ø120/ø125/ø2,5mm;;5;5;0;;Z7989025, Z7989125, Z7989225, Z7989325, Z7989425;79890, 79891, 79892, 79893, 79894
ZUN-000406;O-RING;ø107/ø113/ø3mm;;5;5;5;STHOR;Z7977128, Z7977228, Z7978128, Z7978228, Z7978328;79771, 79772, 79781, 79782, 79783
ZUN-000407;O-RING;ø113/ø120/ø3,5mm;;3;3;3;STHOR;Z7977331, Z7977431, Z7977531;79773, 79774, 79775
ZUN-000408;PODSTAWA POMPY;;;4;4;0;;Z7989618, Z7989718, Z7989818, Z7989918;79896, 79897, 79898, 79899
ZUN-000409;PODSTAWA POMPY;;;3;3;3;STHOR;Z7979039, Z7979139, Z7979239;79790, 79791, 79792
ZUN-000410;ZESPÓŁ PODSTAWY;;;3;3;3;STHOR;Z7979039A, Z7979139A, Z7979239A;79790, 79791, 79792
ZUN-000411;PODSTAWA;;;3;3;0;;Z7989026, Z7989126, Z7989326;79890, 79891, 79893
ZUN-000412;PODSTAWA;;;2;2;0;;Z7989226, Z7989426;79892, 79894
ZUN-000413;PODSTAWA POMPY;;;3;3;3;STHOR;Z7978129, Z7978229, Z7978329;79781, 79782, 79783
ZUN-000414;ZESPÓŁ PODSTAWY POMPY;;;1;1;1;STHOR;Z7978129A;79781
ZUN-000415;PODSTAWA POMPY;;;2;2;2;STHOR;Z7977129, Z7977229;79771, 79772
ZUN-000416;ZESPÓŁ PODSTAWY;Części nr 25, 27;;1;1;1;STHOR;Z7977129A;79771
ZUN-000417;PODSTAWA POMPY;;;3;3;3;STHOR;Z7977332, Z7977432, Z7977532;79773, 79774, 79775
ZUN-000418;ZESPÓŁ PODSTAWY;;;3;3;3;STHOR;Z7977332A, Z7977432A, Z7977532A;79773, 79774, 79775
ZUN-000419;PŁYTKA PODSTAWY;;;5;5;0;;Z7989028, Z7989128, Z7989228, Z7989328, Z7989428;79890, 79891, 79892, 79893, 79894
ZUN-000420;PŁYTKA PODSTAWY;;;6;6;0;;Z7989617, Z7989717, Z7989817, Z7989917, Z7990525, Z7990725;79896, 79897, 79898, 79899, 79905, 79907
ZUN-000421;PŁYTA PODSTAWY;;;11;11;11;STHOR;Z7977131, Z7977231, Z7977334, Z7977434, Z7977534, Z7978131, Z7978231, Z7978331, Z7979040, Z7979140, Z7979240;79771, 79772, 79773, 79774, 79775, 79781, 79782, 79783, 79790, 79791, 79792
ZUN-000422;ODPOWIETRZNIK KOMPLETNY;;;4;4;0;;Z798963A, Z798973A, Z798983A, Z798993A;79896, 79897, 79898, 79899
ZUN-000423;ZESPÓŁ ODPOWIETRZNIKA;Części nr 20, 21, 22, 23;;3;3;3;STHOR;Z7979020A, Z7979120A, Z7979220A;79790, 79791, 79792
ZUN-000424;WSPORNIK SILNIKA;;;2;2;2;STHOR;Z7979037, Z7979137;79790, 79791
ZUN-000425;OBUDOWA POMPY;;;3;3;3;STHOR;Z7981048, Z7981148, Z7981248;79810, 79811, 79812
ZUN-000426;USZCZELKA;;;3;3;3;STHOR;Z7981022, Z7981122, Z7981222;79810, 79811, 79812
ZUN-000427;USZCZELKA;;;3;3;3;STHOR;Z7981024, Z7981124, Z7981224;79810, 79811, 79812
ZUN-000428;UCHWYT;;;3;3;3;STHOR;Z7981033, Z7981133, Z7981233;79810, 79811, 79812
ZUN-000429;PODSTAWA UCHWYTU;;;3;3;3;STHOR;Z7981037, Z7981137, Z7981237;79810, 79811, 79812
ZUN-000430;TYLNA OSŁONA SILNIKA;;;3;3;3;STHOR;Z7981005, Z7981105, Z7981205;79810, 79811, 79812
ZUN-000431;WŁĄCZNIK;RS-2 12(6)A 250V DONGHAI;;5;5;4;STHOR, YATO;Z7976429, Z7981026, Z7981126, Z7981226, ZY85370-23;79764, 79810, 79811, 79812, YT-85370
ZUN-000432;WŁACZNIK;HS2 16(4)A 250V T55 5E4 HOSENSE;tworzywo/?;4;4;1;YATO;Z7991224, Z7991324, Z7991424, ZY82601V2-27;79912, 79913, 79914, YT-82601
ZUN-000433;POKRYWA PUSZKI WŁĄCZNIKA;;;3;3;3;STHOR;Z7981023, Z7981123, Z7981223;79810, 79811, 79812
ZUN-000434;PRZEDNIA OSŁONA SILNIKA;;;3;3;3;STHOR;Z7981036, Z7981136, Z7981236;79810, 79811, 79812
ZUN-000435;WLOT DEFLEKTORA;;;3;3;3;STHOR;Z7981046, Z7981146, Z7981246;79810, 79811, 79812
ZUN-000436;WENTYLATOR;;;6;6;3;STHOR;Z7981004, Z7981104, Z7981204, Z7991229, Z7991329, Z7991429;79810, 79811, 79812, 79912, 79913, 79914
ZUN-000437;O-RING;ø122/ø130/ø4mm;;3;3;3;STHOR;Z7981040, Z7981140, Z7981240;79810, 79811, 79812
ZUN-000438;DEFLEKTOR;;;3;3;3;STHOR;Z7981044, Z7981144, Z7981244;79810, 79811, 79812
ZUN-000439;KOŁNIERZ;;;6;6;3;STHOR;Z7981041, Z7981141, Z7981241, Z7991243, Z7991343, Z7991443;79810, 79811, 79812, 79912, 79913, 79914
ZUN-000440;USZCZELKA;;;6;6;3;STHOR;Z7981042, Z7981142, Z7981242, Z7991244, Z7991344, Z7991444;79810, 79811, 79812, 79912, 79913, 79914
ZUN-000441;ZATYCZKA;;;6;3;3;STHOR;Z7981050, Z7981054, Z7981150, Z7981154, Z7981250, Z7981254;79810, 79811, 79812
ZUN-000442;ZAKRĘTKA KOMORY POMPY;;;3;3;0;;Z7991203, Z7991303, Z7991403;79912, 79913, 79914
ZUN-000443;O-RING;ø13/ø20/ø3,5mm;;6;3;3;STHOR;Z7981049, Z7981053, Z7981149, Z7981153, Z7981249, Z7981253;79810, 79811, 79812
ZUN-000444;O-RING;ø74,6/ø76,6/ø1mm;;6;3;3;STHOR;Z7981006, Z7981035, Z7981106, Z7981135, Z7981206, Z7981235;79810, 79811, 79812
ZUN-000445;KONDENSATOR 10µF;10μF CBB60 25/70/21 CPoSH;tworzywo;2;2;1;STHOR;Z7981028, Z7991221;79810, 79912
ZUN-000446;O-RING;ø25/ø30/ø2,5mm;;6;3;3;STHOR;Z7981045, Z7981047, Z7981145, Z7981147, Z7981245, Z7981247;79810, 79811, 79812
ZUN-000447;KONDENSATOR 12µF;12µF CBB60 25/70/21 C.SO 450V;tworzywo;4;4;3;FALA, STHOR;Z75953-22, Z7981128, Z7988028, Z7991321;75953, 79811, 79880, 79913
ZUN-000448;KONDENSATOR 14μF;14μF CBB60 25/85/21 450V;tworzywo;1;1;1;STHOR;Z7981228;79812
ZUN-000449;NAKRĘTKA KAPTUROWA;M6;;2;2;1;STHOR;Z7994202, Z7994425;79942, 79944
ZUN-000450;NAKRĘTKA SAMOKONTRUJĄCA M6;M6;stal;4;3;2;STHOR, YATO;Z7994203, Z7994424, ZY8209027, ZY82171009;79942, 79944, YT-82171
ZUN-000451;NAKRĘTKA M6;M6;stal;7;6;3;STHOR, YATO;Z79667066, Z7990643, Z7990743, Z7990943, Z7994325, ZY8209109, ZY82171046;79667, 79906, 79907, 79909, 79943, YT-82171
ZUN-000452;NAKRĘTKA SAMOKONTRUJĄCA M8;M8 samokontrująca;;6;4;3;LUND, STHOR;Z7347301, Z7994204, Z7994209, Z7994319, Z7994419, ZY84850-004;73473, 79942, 79943, 79944
ZUN-000453;NAKRĘTKA;M8 samokontrująca;stal;5;5;5;STHOR, YATO;Z7909933, Z7911826, Z7914328, ZY82015-55, ZY82105-20;79099, 79118, 79143, YT-82015, YT-82105
ZUN-000454;NAKRĘTKA drobnozwojowa M8;M8;;1;0;0;;ZY8210311;
ZUN-000455;NAKRĘTKA SAMOKONTRUJĄCA z kołnierzem;M8;;6;5;5;YATO;ZY0961517, ZY849200701, ZY85432141, ZY85434149, ZY85437149, ZY85440149;YT-09615, YT-85432, YT-85434, YT-85437, YT-85440
ZUN-000456;NAKRĘTKA M12;;;2;2;1;STHOR;Z7994219, Z7994409;79942, 79944
ZUN-000457;USZCZELKA WLOTU;;;3;3;2;STHOR;Z7994207, Z7994321, Z7994421;79942, 79943, 79944
ZUN-000458;ŚRUBA WYLOTU;;;2;2;1;STHOR;Z7994208, Z7994420;79942, 79944
ZUN-000459;PODKŁADKA;ø8,2/ø24/1,5mm;;3;3;2;STHOR;Z7994210, Z7994313, Z7994413;79942, 79943, 79944
ZUN-000460;PODKŁADKA wypukła;ø8,5/ø12,5/2,5mm;;4;3;2;STHOR;Z7994211, Z7994214, Z7994315, Z7994415;79942, 79943, 79944
ZUN-000461;PODKŁADKA wypukła;ø12/ø28/3,5mm;;4;2;1;STHOR;Z7994220, Z7994223, Z7994405, Z7994408;79942, 79944
ZUN-000462;PODKŁADKA wypukła;ø14/ø32/3,5mm;;2;1;1;STHOR;Z7994305, Z7994308;79943
ZUN-000463;PODKŁADKA REGULUJĄCA;ø12,5/ø20/1mm;;2;2;1;STHOR;Z7994224, Z7994404;79942, 79944
ZUN-000464;TULEJA;ø8/ø12/15mm;;2;2;1;STHOR;Z7994212, Z7994414;79942, 79944
ZUN-000465;MEMBRANA;ø8/ø56/1,4;;3;3;2;STHOR;Z7994213, Z7994318, Z7994418;79942, 79943, 79944
ZUN-000466;USZCZELKA GUMOWA;;;3;3;2;STHOR;Z7994217, Z7994311, Z7994411;79942, 79943, 79944
ZUN-000467;KOŁO ZĘBATE;;;6;5;3;STHOR, YATO;Z80220112, Z80230112, Z80232112, ZY1721006, ZY17211006, ZY17213-40;80220, 80230, 80232, YT-17211, YT-17213
ZUN-000468;KOŁO ZĘBATW WAŁKA;;;4;4;2;STHOR, YATO;Z80220019, Z80232018, Z80233130, ZY17213-34;80220, 80232, 80233, YT-17213
ZUN-000469;WAŁ ZAWORU ZWALNIAJĄCEGO;;;6;5;2;STHOR, YATO;Z80220113, Z80230113, Z80232113, Z80233208, ZY1721008, ZY17211008;80220, 80230, 80232, 80233, YT-17211
ZUN-000470;ŁĄCZNIK ZAWORU ZWALNIAJĄCEGO;;;6;5;2;STHOR, YATO;Z80220116, Z80230116, Z80232116, Z80233212, ZY1721012, ZY17211012;80220, 80230, 80232, 80233, YT-17211
ZUN-000471;NAKRĘTKA ZAWORU ZWALNIAJĄCEGO;;;5;4;1;STHOR;Z80220115, Z80230115, Z80232115, Z80233210, ZY1721010;80220, 80230, 80232, 80233
ZUN-000472;ZESPÓŁ TŁOKA POMPY;ø11/63mm;;24;23;15;STHOR, YATO;Z8001010, Z8001210, Z8002010, Z8002210, Z8003010, Z8003210, Z8004010, Z8004210, Z8005010, Z8005210, Z8006010, Z8006210, Z8007010, Z8007210, Z8008010, Z8008214, ZY170001A, ZY170011A, ZY170021A, ZY170031A, ZY170041A, ZY170051A, ZY170061A, ZY170071A;80010, 80012, 80020, 80022, 80030, 80032, 80040, 80042, 80050, 80052, 80060, 80062, 80070, 80072, 80080, 80082, YT-17001, YT-17002, YT-17003, YT-17004, YT-17005, YT-17006, YT-17007
ZUN-000473;OBUDOWA POMPKI;ø11/ø19/50mm;;24;23;15;STHOR, YATO;Z8001011, Z8001211, Z8002011, Z8002211, Z8003011, Z8003211, Z8004011, Z8004211, Z8005011, Z8005211, Z8006011, Z8006211, Z8007011, Z8007211, Z8008011, Z8008211, ZY1700011, ZY1700111, ZY1700211, ZY1700311, ZY1700411, ZY1700511, ZY1700611, ZY1700711;80010, 80012, 80020, 80022, 80030, 80032, 80040, 80042, 80050, 80052, 80060, 80062, 80070, 80072, 80080, 80082, YT-17001, YT-17002, YT-17003, YT-17004, YT-17005, YT-17006, YT-17007
ZUN-000474;O-RING;ø5,49/ø11,5/ø2,8mm;tworzywo;3;1;1;STHOR;Z80330V2P34, ZY1713V2-41, ZY1720017;80330
ZUN-000475;O-RING;ø5,6/ø11,2/ø2,8mm;;11;9;8;YATO;Z8012043, Z8012067, ZY1700031, ZY1700131, ZY1700231, ZY1700331, ZY1700431, ZY1700531, ZY1700631, ZY1700731, ZY17211031;80120, YT-17001, YT-17002, YT-17003, YT-17004, YT-17005, YT-17006, YT-17007, YT-17211
ZUN-000476;O-RING;ø6,6/ø11,8/ø2,6mm;;8;7;7;YATO;ZY1700036, ZY1700136, ZY1700236, ZY1700336, ZY1700436, ZY1700536, ZY1700636, ZY1700736;YT-17001, YT-17002, YT-17003, YT-17004, YT-17005, YT-17006, YT-17007
ZUN-000477;O-RING;ø6,6/ø12/ø2,7mm;;10;8;8;STHOR;Z8001214, Z8002214, Z8003214, Z8004214, Z8005214, Z8006214, Z8007214, Z8008212, Z8008231, Z8008236;80012, 80022, 80032, 80042, 80052, 80062, 80072, 80082
ZUN-000478;O-RING;ø6/ø12/ø3mm;;3;2;1;STHOR;Z8011067, Z80111043, Z80111067;80110, 80111
ZUN-000479;PODKŁADKA;ø9/ø18/0,9mm;;15;15;15;STHOR, YATO;Z8001213, Z8002213, Z8003213, Z8004213, Z8005213, Z8006213, Z8007213, Z8008210, ZY1700110, ZY1700210, ZY1700310, ZY1700410, ZY1700510, ZY1700610, ZY1700710;80012, 80022, 80032, 80042, 80052, 80062, 80072, 80082, YT-17001, YT-17002, YT-17003, YT-17004, YT-17005, YT-17006, YT-17007
ZUN-000481;ZAWÓR ZWALNIAJĄCY;;;7;7;7;STHOR;Z8001201, Z8002201, Z8003201, Z8004201, Z8005201, Z8006201, Z8007201;80012, 80022, 80032, 80042, 80052, 80062, 80072
ZUN-000482;O-RING 2.2X1.5;ø2,2/ø5,2/ø1,5mm;;4;3;3;YATO;ZY09202-45, ZY09203-52, ZY09203V2-40, ZY09546-32;YT-09202, YT-09203, YT-09546
ZUN-000483;O-RING;ø3,2/ø5/ø0,9mm;tworzywo;6;4;4;YATO;ZY0952421, ZY09545-31, ZY09575-31, ZY09633-13, ZY09676-13, ZY09795-12;YT-09545, YT-09575, YT-09633, YT-09676
ZUN-000484;O-RING;ø3,5/ø6,3/ø1,4mm;tworzywo;8;4;2;YATO;Z8110708, Z8111005, Z8111406, ZY0963208, ZY09695-13, ZY09717-13, ZY09739-06, ZY0974006;81107, 81110, 81114, YT-09739
ZUN-000485;O-RING;ø2,9/ø6,5/ø1,8mm;;4;3;3;YATO;Z8161710, Z8161810, ZY234635, ZY237015;81617, 81618, YT-23701
ZUN-000486;O-RING;ø4/ø6/ø0,9mm;;2;0;0;;ZY0970202, ZY0994402;
ZUN-000487;O-RING;ø2,4/ø6/ø1,8mm;tworzywo;5;3;3;STHOR, YATO;Z8090206, ZY234120, ZY234614, ZY237010, ZY82560-054;80902, YT-23701, YT-82560
ZUN-000488;O-RING 4.2X1.6;ø4,2/ø7,4/ø1,6mm;;3;2;2;YATO;ZY09212-041, ZY09213-046, ZY09214-53;YT-09212, YT-09213
ZUN-000489;O-RING;ø3,9/ø7,5/ø1,8mm;;4;3;1;YATO;Z81073-21, Z81122-04, Z8161708, ZY0961132;81073, 81122, 81617
ZUN-000490;O-RING;ø3,6/ø7,2/ø1,8mm;;3;2;1;YATO;Z81070-06, Z81072-32, ZY097007;81070, 81072
ZUN-000491;O-RING;ø3,4/ø7/ø1,8mm;;4;3;0;;Z8111705, Z8111808, Z8111902, ZY0994506;81117, 81118, 81119
ZUN-000492;O-RING;ø5/ø8/ø1,5mm;;4;3;2;VOREL;Z09900-15, Z09903-15, Z8110805, ZY54400-15;09900, 09903, 81108
ZUN-000493;O-RING;ø4,6/ø8/ø1,7mm;;2;1;1;YATO;ZY096732, ZY0971507;YT-09715
ZUN-000494;O-RING;ø4,5/ø8,2/ø1,8mm;;3;1;0;;Z8111451, ZY09741033, ZY09742034;81114
ZUN-000495;O-RING;ø4/ø8/ø2mm;;10;6;4;YATO;Z8110709, Z8111006, Z8111404, ZY0963209, ZY09633-15, ZY09676-15, ZY0970203, ZY09795-14, ZY0994403, ZY82355-047;81107, 81110, 81114, YT-09633, YT-09676, YT-82355
ZUN-000496;O-RING 5.8X1.9;ø5,9/ø9,7/ø1,9mm;;4;2;2;YATO;ZY09212-077, ZY09213-078, ZY09214-78, ZY361727;YT-09212, YT-09213
ZUN-000497;O-RING 6.8X1.9;ø6,8/ø10,6/ø1,9mm;;3;2;2;YATO;ZY09212-076, ZY09213-077, ZY09214-77;YT-09212, YT-09213
ZUN-000498;O-RING;ø7,2/ø10/ø1,4mm;;7;6;6;VOREL, YATO;Z09900-16, Z09903-16, ZY3601210, ZY3609502, ZY3617149, ZY36177-51, ZY54400-16;09900, 09903, YT-36012, YT-36095, YT-36171, YT-36177
ZUN-000499;O-RING 10X1,8;ø6,4/ø10/ø1,8mm;tworzywo;5;4;3;YATO;Z8110002, Z8110102, ZY096733, ZY09738-26, ZY82553-18;81100, 81101, YT-09738, YT-82553
ZUN-000500;O-RING;ø6,2/ø10/ø1,9mm;;3;2;2;YATO;ZY0967539, ZY2370123, ZY85422093;YT-23701, YT-85422
ZUN-000501;O-RING;ø8,1/ø11,5/ø1,7mm;;4;1;1;YATO;ZY09633-17, ZY099306, ZY237003, ZY23702-03;YT-09633
ZUN-000502;O-RING;ø7,7/ø11,5/ø1,9mm;;3;2;1;YATO;Z8012148, ZY09202-05, ZY1720011;80121, YT-09202
ZUN-000503;O-RING;ø7/ø11/ø2mm;;3;3;2;YATO;Z8110810, Z8111010, ZY0954004;81108, 81110, YT-09540
ZUN-000504;O-RING;ø9,2/ø12,1/ø1,5mm;;3;3;2;YATO;Z8111408, ZY3617135, ZY36177-37;81114, YT-36171, YT-36177
ZUN-000505;O-RING 8.5X2;ø8,5/ø12,5/ø2mm;;3;2;2;YATO;ZY09212-079, ZY09213-080, ZY09214-80;YT-09212, YT-09213
ZUN-000506;O-RING;ø8/ø12/ø2mm;;4;3;1;STHOR;Z78107-54, Z8111708, Z8111810, ZY0994509;78107, 81117, 81118
ZUN-000507;O-RING;ø9,7/ø13,1/ø1,7mm;;2;1;0;;Z81122-08, ZY0974008;81122
ZUN-000508;O-RING;ø7/ø13/ø3mm;;7;4;4;STHOR, YATO;Z80340S12, Z80350S12, ZY092376V2, ZY5558024, ZY5558224, ZY85300-28, ZY85301-28;80340, 80350, YT-85300, YT-85301
ZUN-000509;O-RING;ø10,3/ø13,7/ø1,7mm;;4;2;1;YATO;Z7976609, ZY09514-32, ZY09802-09, ZY2370105;79766, YT-23701
ZUN-000510;O-RING 11,2*1,8;ø10,4/ø14,2/ø1,9mm;tworzywo;4;1;1;YATO;ZY09633-09, ZY09695-17, ZY09795-09, ZY09803-12;YT-09633
ZUN-000511;O-RING 9.8X2.4;ø9,8/ø14,6/ø2,4mm;;4;2;2;YATO;ZY09212-052, ZY09213-055, ZY09214-55, ZY098008;YT-09212, YT-09213
ZUN-000512;O-RING;ø8,6/ø13,8/ø2,6mm;;2;1;0;;Z80233231, ZY1721031;80233
ZUN-000513;O-RING 11.2X1.9;ø11,2/ø14,8/ø1,8mm;;9;8;8;YATO;ZY09201-31, ZY09202-48, ZY09203-55, ZY092046, ZY09212-075, ZY09213-076, ZY09214-76, ZY09676-09, ZY82123-010;YT-09201, YT-09202, YT-09203, YT-09204, YT-09212, YT-09213, YT-09676, YT-82123
ZUN-000514;O-RING;ø11,2/ø15/ø1,9mm;;4;3;3;YATO;Z8111011, ZY07190-24, ZY0967541, ZY82127013;81110, YT-07190, YT-82127
ZUN-000515;O-RING;ø11/ø15/ø2mm;;6;6;6;STHOR, YATO;Z7904616, Z79047098, Z79048014, Z79076044, ZY82125016, ZY82132-093;79046, 79047, 79048, 79076, YT-82125, YT-82132
ZUN-000516;O-RING 13.6X2.4;ø13,6/ø18,4/ø2,4mm;;4;3;3;YATO;ZY09202-08, ZY09203-08, ZY0970205, ZY09739-38;YT-09202, YT-09203, YT-09739
ZUN-000517;O-RING 15.2X1.9;ø15,2/ø19/ø1,9mm;;3;2;2;YATO;ZY09212-073, ZY09213-074, ZY09214-74;YT-09212, YT-09213
ZUN-000518;O-RING 18*1,5;ø18/ø21/ø1,5mm;;3;2;2;YATO;ZY09633-07, ZY09676-07, ZY09795-07;YT-09633, YT-09676
ZUN-000519;O-RING;ø17/ø21/ø2mm;;4;3;3;VOREL, YATO;Z09900-12, Z09903-12, ZY54400-12, ZY827721-29;09900, 09903, YT-82772
ZUN-000520;O-RING;ø15/ø21/ø3mm;tworzywo;6;6;6;STHOR, YATO;Z7905329, Z79054053, ZY82115038, ZY82122054, ZY82133-17, ZY82772-41;79053, 79054, YT-82115, YT-82122, YT-82133, YT-82772
ZUN-000521;O-RING;ø14,9/ø20,3/ø2,7mm;;3;2;1;STHOR;Z80220103, Z80233211, ZY1721011;80220, 80233
ZUN-000522;O-RING 19.8X2.4;ø19,5/ø24,3/ø2,4mm;;4;3;3;YATO;ZY0706736, ZY09212-082, ZY09213-083, ZY09214-83;YT-07067, YT-09212, YT-09213
ZUN-000523;O-RING;ø20/ø24/ø2mm;tworzywo;6;5;5;STHOR, YATO;Z79036032, ZY82001-44, ZY82002-43, ZY8223025, ZY82350-010, ZY84895-G17;79036, YT-82001, YT-82002, YT-82230, YT-82350
ZUN-000524;O-RING;ø18/ø24/ø3mm;guma;5;4;4;STHOR, YATO;Z79036014, ZY82020-04, ZY82021-06, ZY8280406, ZY8293103;79036, YT-82020, YT-82021, YT-82804
ZUN-000525;O-RING;ø19,2/ø25,2/ø3mm;tworzywo;8;7;7;STHOR, YATO;Z7903008, Z7904626, Z79090091, ZY82123-013, ZY82123-045, ZY82125028, ZY82127027, ZY82135014;79030, 79046, 79090, YT-82123, YT-82125, YT-82127, YT-82135
ZUN-000526;O-RING;ø22/ø25/ø1,5mm;tworzywo;4;3;3;YATO;ZY82185-042, ZY8234055, ZY82341-37, ZY82360-20;YT-82185, YT-82340, YT-82341
ZUN-000527;O-RING;ø22,6/ø26/ø1,7mm;guma;3;2;2;YATO;ZY09703-14, ZY09730-14, ZY82560-112;YT-09730, YT-82560
ZUN-000528;O-RING;ø23,1/ø27,7/ø2,3mm;;4;4;4;STHOR, YATO;Z79047024, Z79049035, ZY82115046, ZY82122062;79047, 79049, YT-82115, YT-82122
ZUN-000529;O-RING;ø25/ø29/ø2mm;;3;2;2;YATO;ZY8205035, ZY8205140, ZY8209106;YT-82050, YT-82051
ZUN-000530;O-RING;ø24/ø29/ø2,5mm;tworzywo;3;2;2;STHOR, YATO;Z7905363, ZY09214-57, ZY82772-49;79053, YT-82772
ZUN-000531;O-RING;ø22,3/ø29,3/ø3,5mm;;4;2;0;;Z8012039, Z8012060, Z8012139, Z8012157;80120, 80121
ZUN-000532;O-RING;ø24,7/ø32,5/ø3,9mm;;3;3;3;YATO;ZY85401N12, ZY85402N12, ZY85403N12;YT-85401, YT-85402, YT-85403
ZUN-000533;O-RING;ø24,8/ø33,2/ø4,2mm;;3;3;3;YATO;ZY85401119V2, ZY85402119V2, ZY85403119V2;YT-85401, YT-85402, YT-85403
ZUN-000534;O-RING;ø28,2/ø35/ø3,4mm;;4;2;2;STHOR, YATO;Z79307-015, ZY55560105, ZY55561105, ZY82350-137;79307, YT-82350
ZUN-000535;O-RING;ø28/ø35/ø3,5mm;;5;3;3;YATO;ZY1700122, ZY1700205, ZY1720022, ZY17211036, ZY55562109;YT-17001, YT-17002, YT-17211
ZUN-000536;O-RING;ø29,5/ø36,3/ø3,4mm;;3;2;1;STHOR;Z80220130, Z80233236, ZY55562105;80220, 80233
ZUN-000537;O-RING;ø34/ø40/ø3mm;;8;8;8;FALA;Z7574011, Z7574511, Z7574918, Z7576011, Z7576420, Z7576511, Z7577011, Z7577419;75740, 75745, 75749, 75760, 75764, 75765, 75770, 75774
ZUN-000538;O-RING;ø34,3/ø41,3/ø3,5mm;;4;3;3;STHOR, YATO;Z80220134, ZY1700322, ZY1700405, ZY1721014;80220, YT-17003, YT-17004
ZUN-000539;O-RING 34X3.5;ø34/ø41/ø3,5mm;;3;3;3;YATO;ZY09201-23, ZY09202-24, ZY09203-35;YT-09201, YT-09202, YT-09203
ZUN-000540;O-RING;ø40/ø45/ø2,5mm;;8;6;6;VOREL, YATO;ZY07057-09, ZY0706761, ZY0706763, ZY07068-63, ZY07069-61, ZY07069-63, ZY09202-15, ZY09903-03;09903, YT-07057, YT-07067, YT-07068, YT-07069, YT-09202
ZUN-000541;MIKROWŁĄCZNIK;KW4-3Z-3 5A 250V;;5;4;4;LUND, YATO;Z67230-35, Z67850025, Z67851-25, Z67851-51, ZY82854-30;67230, 67850, 67851, YT-82854
ZUN-000542;MIKROWŁĄCZNIK;SW312 5(2)A 125/250VAC JUFOND;;6;5;4;LUND;Z67702-09, Z67703-1-12, Z67703-1-22, Z67840-22, Z67853-30, Z67920-120;67702, 67703, 67840, 67853, 67920
ZUN-000543;MIKROPRZEŁĄCZNIK;SW312 5(2)A 125/250VAC JUFOND;;3;3;3;LUND, YATO;Z67781-19, Z67790-11, ZY82888-20;67781, 67790, YT-82888
ZUN-000544;WŁĄCZNIK;JS20 1(1)A 250V T85;;8;6;5;STHOR;Z7935012, Z7935112, Z7935212, Z7935314, Z793541A, Z7935512, ZY82451-14, ZY824513;79350, 79351, 79352, 79353, 79354, 79355
ZUN-000545;WŁĄCZNIK;RS606 16(4)A 250V LECI // XIONGDA;;4;4;3;YATO;Z82541-03, Z82542-03, Z8255003, Z8255103;82541, 82542, 82550, 82551
ZUN-000546;PRZEŁĄCZNIK I-0-II;GW01 16(4)A 250V 5E4;;5;5;5;STHOR;Z7931815, Z7932020, Z7932415, Z7932515, Z7932918;79318, 79320, 79324, 79325, 79329
ZUN-000547;PRZEŁĄCZNIK;RS606 16(4)A 250V LECI // XIONGDA;;7;4;3;YATO;Z82543-04, Z82544-04, Z8255204, Z8255304, ZY8304A08, ZY8305A08, ZY8305A09;82543, 82544, 82552, YT-82553
ZUN-000548;WŁĄCZNIK 0 zwarty;KCD3 6(3)A 250V T85;tworzywo/stal/?;6;5;5;YATO;ZY84820-A07, ZY84905114, ZY85001-D15, ZY85003-K04, ZY85421063, ZY85422070;YT-84820, YT-85001, YT-85003, YT-85421, YT-85422
ZUN-000549;PRZEŁĄCZNIK WODOODPORNY z podświetleniem;KCD1 16A 250V;;4;4;4;YATO;ZY99500-07, ZY99501-09, ZY99531-08, ZY99536-16;YT-99500, YT-99501, YT-99531, YT-99536
ZUN-000550;WŁĄCZNIK;DA7-10/1 10(10)A 250V JIABEN;;3;3;2;FLO, YATO;Z7941512, Z7982173, ZY8214113;79415, 79821, YT-82141
ZUN-000551;WŁĄCZNIK;DA7-14/1X2 14(14)A 250V JIABEN;;3;1;0;;Z7982210, ZY8492035, ZY8508008;79822
ZUN-000552;WŁĄCZNIK;FA2-6/1BEK 6(6)A 250V;;4;4;3;LUND, STHOR;Z7900928, Z7901528, Z7902328, Z7902423;79009, 79015, 79023, 79024
ZUN-000553;WŁĄCZNIK;FA08A-12/1WEK-2 7.2-24V 12A Hengjia;;3;3;0;;Z7907512, Z7907712, Z7907912;79075, 79077, 79079
ZUN-000554;ZESPÓŁ WŁĄCZNIKA;EA-25/Z1 DC 36V 25A 5E4 JIN DING;tworzywo/Aluminium/?;7;7;7;YATO;ZY8278047, ZY8278247, ZY8278652, ZY8278852, ZY8280040, ZY8280429, ZY8281439;YT-82780, YT-82782, YT-82786, YT-82788, YT-82800, YT-82804, YT-82814
ZUN-000555;WŁĄCZNIK;JV08-6B 5E4 5<12A 24V DC JINYUAN MOD;;4;4;0;;Z7810144, Z7810554, Z7811054, Z7811517;78101, 78105, 78110, 78115
ZUN-000556;WŁĄCZNIK blokada wyłączenia;FA2-6/1BEK 6(6)A 250V 5E4;;3;3;3;STHOR;Z7899228, Z7899527, Z7899726;78992, 78995, 78997
ZUN-000557;WŁĄCZNIK blokada włączenia;TMSD3-2-3 16(8)A 250V 5E4 TEMSE;;3;3;3;STHOR;Z7924805, Z7924905, Z7933446;79248, 79249, 79334
ZUN-000558;WŁĄCZNIK;TMSD3-2-2 16(8)A 250V TEMSE;;3;3;3;FLO;Z7947720, Z7947822, Z7948233;79477, 79478, 79482
ZUN-000559;WŁĄCZNIK blokada przed włączeniem;FA7-10/2 10(10)A 250V 5E4 JIABEN;;3;3;2;STHOR;Z7895044, Z7911448, Z7912949;78950, 79114, 79129
ZUN-000560;WŁĄCZNIK;KR1040 12(12)A 250V ZLB;tworzywo/?;3;2;2;YATO;ZY82131-102, ZY82170107, ZY82171149;YT-82131, YT-82171
ZUN-000561;WŁĄCZNIK;FA2-6/1BDW 6(6)A 250V FaDe// FA2-6A-2108 8(8)A 250V 5E4 JIABEN;;3;3;3;YATO;ZY82234-010, ZY82273-073, ZY82274-06;YT-82234, YT-82273, YT-82274
ZUN-000562;WŁĄCZNIK bez elektroniki;S125 6(6)A 250V// S130 8(6)/250V;tworzywo/?;12;11;7;STHOR, YATO;Z7910236, Z7910449, Z79104V248, Z7910548, Z7910752, Z7910848, Z7911236, Z79115036, ZY82080-32, ZY82096-47, ZY82375-56, ZY82395-50;79102, 79104, 79105, 79107, 79108, 79112, 79115, YT-82080, YT-82096, YT-82375, YT-82395
ZUN-000563;WŁĄCZNIK z elektroniką;FD29-1106 3<6(6)A 250V 5E4/ LBD23 8(8)A 250V FaDe / KR125-1 8(8)A 250V 5E4 ZLB;Aluminium/tworzywo/?;9;8;8;STHOR, YATO;Z79094040, Z79095040, Z7909944, Z7911838, Z79119046, ZY8209135, ZY8209442, ZY82097-36, ZY8210035;79094, 79095, 79099, 79118, 79119, YT-82094, YT-82097, YT-82100
ZUN-000564;WŁĄCZNIK bez elektroniki;FA6 6/2W3 6(6)A 250V// HLT-125W-1 6(6) 250V 5E4// HT1006-2110 6(6)A 250V;tworzywo/?;10;8;8;STHOR, YATO;Z7923725, Z79307-080, ZY82089-35, ZY8209014, ZY82101-41, ZY82157-51, ZY8220054, ZY8227270, ZY82350-149, ZY82355-070;79237, 79307, YT-82089, YT-82101, YT-82157, YT-82200, YT-82350, YT-82355
ZUN-000565;WŁĄCZNIK bez elektroniki;S125G 8(8)A 250V// FA6-5/1D-24 8(8)A 250V;tworzywo/?;3;3;3;STHOR, YATO;Z79124-45, ZY82098-40, ZY82198-49;79124, YT-82098, YT-82198
ZUN-000566;WŁĄCZNIK bistabilny;KND2-12/2 12(10)A 250V 5E4 JIABEN;;1;1;1;YATO;ZY85200-09;YT-85200
ZUN-000567;WŁĄCZNIK;RK1-01 16(6)A T100/55 SOKEN;;6;4;4;LUND, YATO;Z68791-01, ZY8304A07, ZY8305A07, ZY8306010, ZY99730-20, ZY99733-22;68791, YT-83060, YT-99730, YT-99733
ZUN-000568;PRZEŁĄCZNIK I-0-I bistabilny;HY12-9-3 20A 125/250V KEDU;;4;0;0;;ZY590155, ZY590255, ZY590455, ZY590555;
ZUN-000569;WŁĄCZNIK;R13 12(8)A 250V;tworzywo/stal/?;3;3;2;LUND;Z7292807, Z7293004, Z7887009;72928, 72930, 78870
ZUN-000570;WŁĄCZNIK 0 zwarty;KCD8 6(3)A 250V T85;;3;2;2;YATO;ZY84895-A26, ZY84901-E01-16, ZY84910-E01-16;YT-84901, YT-84910
ZUN-000571;MIKROWŁĄCZNIK;BW8 10(3)A 250V;;2;2;2;LUND;Z67705-24, Z68480-12;67705, 68480
ZUN-000572;WŁĄCZNIK;KW3AT-16 16(4)A 250V;;4;4;3;LUND;Z67811084, Z67880025, Z67882045, Z7951030;67811, 67880, 67882, 79510
ZUN-000573;WŁĄCZNIK;KR50/1 13(13)A 250V 16A 36CDC;tworzywo/?;6;5;4;YATO;Z79675-12, ZY82812-035, ZY82812-125, ZY85010-61, ZY85176-12, ZY85220-063;79675, YT-82812, YT-85010, YT-85176, YT-85220
ZUN-000574;PRZEŁĄCZNIK podwyższony przycisk 3,5mm;TMSW2-1 12(8)A 250V / ZQ7-12/1 12(10)A 250VAC;;3;3;3;FLO;Z7944208, Z7944433, Z7944818;79442, 79444, 79448
ZUN-000575;PRZEŁĄCZNIK;TMSW2-1 12(8)A 250V / ZQ7-12/1 12(10)A 250VAC;;2;2;1;FLO;Z7944207, Z7944652;79442, 79446
ZUN-000576;PRZEŁĄCZNIK krzyżowy bistabilny;FA2-5/2D 8(8)A 250V 5E4;;3;3;3;VOREL;Z57091037, Z5709239, Z5709747;57091, 57092, 57097
ZUN-000577;WŁĄCZNIK;KR-06 250V 16(12)A T85 1E4 GAOTIAN;;3;3;1;YATO;Z78872-26, Z78874-03, ZY85710-03;78872, 78874, YT-85710
ZUN-000578;WŁĄCZNIK bistabilny przycisk szary;RL5 16(6)/250 1E4 RLEIL;;3;3;1;FALA;Z75950V201, Z75951-03, Z7595229;75950, 75951, 75952
ZUN-000579;WYŁĄCZNIK AWARYJNY;TQKB02 8A 250V;;2;0;0;;ZY590156, ZY590564;
ZUN-000580;WŁĄCZNIK;FA2-10/2B-1 12(12)A 250V 5E4;;3;3;3;STHOR;Z7914047, Z7914147, Z79151048;79140, 79141, 79151
ZUN-000581;WŁĄCZNIK;FA2-10/2W2-1 10(10)A 250V 5E4;stal/tworzywo/;3;3;3;STHOR, YATO;Z79090068, ZY82001-70, ZY82002-78;79090, YT-82001, YT-82002
ZUN-000582;WŁĄCZNIK blokada wyłączenia;RG602 4(4)A 250V-5E4 RUIGU;;4;4;4;STHOR, YATO;Z79049066, Z79054095, ZY82115078, ZY82122091;79049, 79054, YT-82115, YT-82122
ZUN-000583;WYŁĄCZNIK CZASOWY;R50024942 AC 250V 15A/16A T120/T125 60min;met/tworzywo;7;7;7;LUND;Z67640-42, Z67641-42, Z67642-42, Z68050-50, Z68051-46, Z68052-45, Z68053-45;67640, 67641, 67642, 68050, 68051, 68052, 68053
ZUN-000584;PRZEŁĄCZNIK;FZ31-9 250V AC 16A T125/55 HUA LI LAI //XK1-222 16A 125V AC/250V AC;;4;4;4;LUND;Z68050-51, Z68051-45, Z68052-04, Z68053-46;68050, 68051, 68052, 68053
ZUN-000585;WŁĄCZNIK z samo podtrzymaniem;DKLD DZ-6 EN 61058-1 T85 16(15) 250V 5E4;tworzywo/met;4;4;4;YATO GASTRO;ZG03110-28, ZG03118-28, ZG03120-28, ZG03130-28;YG-03110, YG-03118, YG-03120, YG-03130
ZUN-000586;OSŁONA WENTYLATORA;;;3;3;3;STHOR;Z79810V2-02, Z79811V2-02, Z79812V2-02;79810, 79811, 79812
ZUN-000587;UCHWYT;;;2;2;2;STHOR;Z79811V2-36, Z79812V2-36;79811, 79812
ZUN-000588;RURA ELASTYCZNA;;;2;1;0;;Z89600112, ZY85140163;89600
ZUN-000589;ŚWIECA ZAPŁONOWA;4106J TORCH//4106J CDK//4106J Vicita;stal/porcelana;4;3;1;YATO;Z8960042, Z8960142, ZY85140052, ZY86240-22;89600, 89601, YT-86240
ZUN-000590;ŚWIECA ZAPŁONOWA;BM6A TORCH;stal/porcelana;4;2;0;;Z79755142, Z79835084, ZY84900084, ZY84905084;79755, 79835
ZUN-000591;ŚWIECA ZAPŁONOWA;F6RTC;stal/porcelana;4;4;2;YATO;Z79667078, Z79668078, ZY85451-037, ZY85453-037;79667, 79668, YT-85451, YT-85453
ZUN-000592;ŚWIECA ZAPŁONOWA;F6TC LG// F7TC BODE;stal/porcelana;10;7;7;YATO;ZY85401059V2, ZY85401A08, ZY85402059V2, ZY85402A08, ZY85403059V2, ZY85403A08, ZY85432037, ZY85434050, ZY85437050, ZY85440050;YT-85401, YT-85402, YT-85403, YT-85432, YT-85434, YT-85437, YT-85440
ZUN-000593;ŚWIECA ZAPŁONOWA;F7RTC;stal/porcelana;5;5;3;YATO;Z79672079, Z7998870, ZY84860-078, ZY85460-050, ZY85486-A018;79672, 79988, YT-84860, YT-85460, YT-85486
ZUN-000594;ŚWIECA ZAPŁONOWA;L8RTC TORCH;stal/porcelana;5;2;2;YATO;ZY82007-S46, ZY82138-S46, ZY8500034, ZY8500234, ZY8502142;YT-82007, YT-82138
ZUN-000595;OSŁONA ŁOŻYSKA 608;ø18/ø21/ø25,2/10mm;tworzywo/met;5;5;5;STHOR, YATO;Z7904695, ZY82127073, ZY82133-46, ZY82159-20, ZY82196-25;79046, YT-82127, YT-82133, YT-82159, YT-82196
ZUN-000596;OSŁONA ŁOŻYSKA 608;ø18/ø21,8/ø25/9mm;tworzywo/met;7;6;6;VOREL, YATO;Z57091031, Z5709233, ZY82098-31, ZY82099-31, ZY82104-30, ZY82152-39, ZY82168-037;57091, 57092, YT-82098, YT-82099, YT-82152, YT-82168
ZUN-000597;OSŁONA ŁOŻYSKA 608;ø18/ø21/ø25/10mm;tworzywo/met;2;2;2;YATO;ZY82130075, ZY82185-038;YT-82130, YT-82185
ZUN-000598;OSŁONA ŁOŻYSKA;ø17/ø21,8/ø25/8mm;tworzywo;10;9;9;LUND, STHOR, VOREL, YATO;Z5709731, Z7909830, Z7912029, Z79125-31, Z7914134, ZY82015-65, ZY82021-28, ZY8214023, ZY82281-45, ZY82607-39;57097, 79098, 79120, 79125, 79141, YT-82015, YT-82021, YT-82281, YT-82607
ZUN-000599;OSŁONA ŁOŻYSKA;ø13/ø21,8/ø25/10mm;tworzywo;6;6;6;STHOR, YATO;Z7912330, ZY8215138, ZY82165-044, ZY82173052, ZY82174052, ZY82175025;79123, YT-82151, YT-82165, YT-82173, YT-82174, YT-82175
ZUN-000600;OSŁONA ŁOŻYSKA;ø14/ø19/ø22,1/7,1mm;tworzywo;20;20;20;FLO, STHOR, YATO;Z7899220, Z7899517, Z7899717, Z79094028, Z79095028, Z7910532, Z7910832, Z7911630, Z79119029, Z79124-26, Z7923818, Z7925336, Z7925421, Z7925721, Z7947846, ZY82034-18, ZY82036024, ZY82037039, ZY82044047, ZY8222027;78992, 78995, 78997, 79094, 79095, 79105, 79108, 79116, 79119, 79124, 79238, 79253, 79254, 79257, 79478, YT-82034, YT-82036, YT-82037, YT-82044, YT-82220
ZUN-000601;OSŁONA ŁOŻYSKA;ø12,3/ø19/ø21,1/9mm;tworzywo;6;5;5;STHOR, YATO;Z7909901, Z7924044, ZY82071-127, ZY82101-31, ZY82172005, ZY82816-047;79099, 79240, YT-82101, YT-82172, YT-82816
ZUN-000602;OSŁONA ŁOŻYSKA 607;ø13,4/ø19/ø22,3/10,5mm;tworzywo;3;3;3;STHOR, YATO;Z79049052, Z79054082, ZY82115067;79049, 79054, YT-82115
ZUN-000603;OSŁONA ŁOŻYSKA 607 z kołnierzem;ø13,9/ø17,5/ø22/10mm;tworzywo/met;9;4;4;STHOR, YATO;Z7905367, Z79076092, ZY8209018, ZY8209101, ZY8209537, ZY82097-28, ZY8220040, ZY8227257, ZY82360-30;79053, 79076, YT-82097, YT-82200
ZUN-000604;OSŁONA ŁOŻYSKA 629;ø22/ø26/ø30/12,7mm / gr dna 3mm;tworzywo;5;2;2;YATO;ZY8210241, ZY8215321, ZY82158-067, ZY8218035, ZY82380-40;YT-82158, YT-82380
ZUN-000605;PIERŚCIEŃ ZABEZPIECZAJĄCY;b-11,5mm/ c-1mm;stal;6;2;2;YATO;ZY84660-A06-06, ZY8500028, ZY8500228, ZY85421094, ZY85481-57, ZY85481-58;YT-85421, YT-85481
ZUN-000606;PIERŚCIEŃ ZABEZPIECZAJĄCY;b-15mm/ c-1mm;stal;3;3;3;YATO;ZY82138-S38, ZY84820-B02, ZY85422116;YT-82138, YT-84820, YT-85422
ZUN-000607;PIERŚCIEŃ USTALAJĄCY;a-3,8mm/ b-8,8mm/ c-0,7mm;stal;4;4;4;FLO, STHOR, YATO;Z79239013, Z7948124, ZY8220033, ZY8222020;79239, 79481, YT-82200, YT-82220
ZUN-000608;PIERŚCIEŃ USTALAJĄCY;a-4,7mm/ b-9,8mm/ c-0,8mm;stal;10;8;8;FLO, STHOR, YATO;Z7909911, Z7910821, Z7911619, Z7912019, Z7915018, Z7948131, ZY8209031, ZY8209526, ZY82101-19, ZY82175049;79099, 79108, 79116, 79120, 79150, 79481, YT-82101, YT-82175
ZUN-000609;PIERŚCIEŃ USTALAJĄCY;a-9,7mm/ b-19,9mm/ c-1,2mm;stal;3;2;2;YATO;ZY0951124, ZY0952431, ZY0952523;YT-09511, YT-09525
ZUN-000610;PIERŚCIEŃ USTALAJĄCY drut;a-10,7/b-12,6/c-1mm;stal;3;2;0;;Z7811501, Z7896001, ZY0974030;78115, 78960
ZUN-000611;PIERŚCIEŃ USTALAJĄCY;a-18/b-20/c-1mm;stal;10;7;7;YATO;ZY84860-019, ZY85401013V2, ZY85401D07, ZY85402013V2, ZY85402D07, ZY85403013V2, ZY85403D07, ZY85432013, ZY85434043, ZY85453-013;YT-84860, YT-85401, YT-85402, YT-85403, YT-85432, YT-85434, YT-85453
ZUN-000612;PIERŚCIEŃ USTALAJĄCY drut 18*2;a-18,1/b-22/c-2mm;stal;4;4;4;STHOR, YATO;Z79036002, Z7904602, ZY82125002, ZY82127002;79036, 79046, YT-82125, YT-82127
ZUN-000613;PIERŚCIEŃ USTALAJĄCY drut;a-19/b-23/c-2mm;stal;5;5;5;STHOR, YATO;Z7905302, Z79054003, ZY82115002, ZY82122005, ZY82772-02;79053, 79054, YT-82115, YT-82122, YT-82772
ZUN-000614;PIERŚCIEŃ USTALAJĄCY drut;a-23/b-27/c-2mm;stal;4;4;4;STHOR, YATO;Z79049026, ZY82130002, ZY82135002, ZY82138-002;79049, YT-82130, YT-82135, YT-82138
ZUN-000615;PIERŚCIEŃ USTALAJĄCY;a-26,9/b-29,9/c-1,6mm;stal;4;4;4;STHOR, YATO;Z79036044, ZY82120013, ZY82125026, ZY82127025;79036, YT-82120, YT-82125, YT-82127
ZUN-000616;PIERŚCIEŃ USTALAJĄCY drut;a-27,6/b-31,6/c-2mm;stal;3;3;3;STHOR, YATO;Z7905312, ZY82120029, ZY82133-02;79053, YT-82120, YT-82133
ZUN-000617;PIERŚCIEŃ USTALAJĄCY drut;a-28,3/b-31,3/c-1,5mm;stal;3;3;3;STHOR, YATO;Z7905320, Z79054044, ZY82115029;79053, 79054, YT-82115
ZUN-000618;PIERŚCIEŃ USTALAJĄCY drut;a-27,6/b-32,6/c-2,5mm;stal;3;3;3;STHOR, YATO;Z79054028, ZY82115015, ZY82133-07;79054, YT-82115, YT-82133
ZUN-000619;PIERŚCIEŃ TŁOKA;a-38,3mm/b-41,5mm/1,5mm;stal;7;5;3;YATO;Z8960024, Z8960124, ZY8500031, ZY85003-B06, ZY85140040, ZY85481-54, ZY86240-13;89600, 89601, YT-85003, YT-85481, YT-86240
ZUN-000620;PIERŚCIEŃ USTALAJĄCY;a-5,5mm/ b-9,5mm/ c-0,74mm;stal;3;3;3;FLO;Z7947434, Z7947638, Z7948204;79474, 79476, 79482
ZUN-000621;PIERŚCIEŃ USTALAJĄCY;a-7,3mm/ b-11,8mm/ c-0,8mm;stal;4;3;3;STHOR, YATO;Z7901510, ZY82110-16, ZY8227287, ZY82922-14;79015, YT-82110, YT-82922
ZUN-000622;PIERŚCIEŃ USTALAJĄCY;a-9,2mm/ b-13,8mm/ c-1mm;stal;8;6;6;LUND, STHOR, YATO;Z7909614, Z7909817, Z7910516, Z7910816, ZY8205013, ZY8205112, ZY8209034, ZY8209522;79096, 79098, 79105, 79108, YT-82050, YT-82051
ZUN-000623;PIERŚCIEŃ USTALAJĄCY;a-10mm/ b-14,8mm/ c-1mm;stal;3;3;3;FLO, STHOR;Z7912013, Z7947443, Z7948240;79120, 79474, 79482
ZUN-000624;PIERŚCIEŃ USTALAJĄCY;a-11mm/ b-16mm/ c-1mm;stal;12;10;9;FALA, FLO, STHOR, YATO;Z75953-57, Z7900007, Z7901508, Z7947729, ZY8203506, ZY8203510, ZY8204015, ZY8205105, ZY8215058, ZY82172034, ZY82196-10, ZY85287-029;75953, 79000, 79015, 79477, YT-82035, YT-82040, YT-82051, YT-82172, YT-82196, YT-85287
ZUN-000625;PIERŚCIEŃ USTALAJĄCY;a-12,9mm/ b-18,2mm/ c-1mm;stal;3;2;1;YATO;Z7914818, ZY0961145, ZY82131-054;79148, YT-82131
ZUN-000626;PIERŚCIEŃ USTALAJĄCY;a-13,8mm/ b-19,2mm/ c-1mm;stal;3;3;3;YATO;ZY3611907, ZY82130054, ZY82175053;YT-36119, YT-82130, YT-82175
ZUN-000627;PIERŚCIEŃ USTALAJĄCY;a-15,8mm/ b-21,9mm/ c-1mm;stal;6;4;4;YATO;ZY82125060, ZY82127063, ZY82130052, ZY8215352, ZY82170074, ZY82171106;YT-82125, YT-82127, YT-82130, YT-82171
ZUN-000628;PIERŚCIEŃ USTALAJĄCY;a-32,1mm/ b-41,3mm/ c-1,4mm;stal;2;2;2;STHOR, YATO;Z7904607, ZY82127008;79046, YT-82127
ZUN-000629;PIERŚCIEŃ USTALAJĄCY;a-23,6mm/b-28mm/c-0,9mm;stal;3;3;3;LUND, STHOR, YATO;Z79095022, Z7909815, ZY82281-28;79095, 79098, YT-82281
ZUN-000630;PIERŚCIEŃ USTALAJĄCY;a-25,6mm/b-30,3mm/c-1,2mm;stal;6;6;6;STHOR, VOREL, YATO;Z5709727, Z79094022, Z7910514, Z7910814, ZY82135050, ZY8222004;57097, 79094, 79105, 79108, YT-82135, YT-82220
ZUN-000631;PIERŚCIEŃ USTALAJĄCY;a-29,6mm/b-34,4mm/c-1,2mm;stal;6;5;5;YATO;ZY8204006, ZY8205003, ZY8205103, ZY8215055, ZY82280050, ZY8281820;YT-82040, YT-82050, YT-82051, YT-82280, YT-82818
ZUN-000632;PIERŚCIEŃ USTALAJĄCY;a-32,6mm/b-38mm/c-1,5mm;stal;5;5;3;YATO;Z79831039, Z79832040, ZY82125059, ZY82127062, ZY82130051;79831, 79832, YT-82125, YT-82127, YT-82130
ZUN-000633;WENTYLATOR KOŁA ZAMACHOWEGO;;tworzywo;8;5;4;YATO;Z79672042, ZY85401085V2, ZY85401I08, ZY85402085V2, ZY85402I08, ZY85403085V2, ZY85403I08, ZY85432070;79672, YT-85401, YT-85402, YT-85403, YT-85432
ZUN-000634;PODKŁADKA;ø12,2/ø18/1,2mm;stal;8;8;8;STHOR, YATO;Z7905332, Z79090001, ZY82001-03, ZY82002-03, ZY82007-001, ZY82120034, ZY82122056, ZY82772-44;79053, 79090, YT-82001, YT-82002, YT-82007, YT-82120, YT-82122, YT-82772
ZUN-000635;PODKŁADKA POLIURETANOWA;ø13/ø18/2,5mm;tworzywo;4;4;4;STHOR, YATO;Z79090002, ZY82001-04, ZY82002-04, ZY82007-002;79090, YT-82001, YT-82002, YT-82007
ZUN-000636;USZCZELKA OLEJOWA simmering;ø7,6/ø14,2/3,8mm;tworzywo/stal;3;3;3;YATO;ZY85434007, ZY85437007, ZY85440007;YT-85434, YT-85437, YT-85440
ZUN-000637;USZCZELKA OLEJOWA simmering;ø18/ø24/3mm;tworzywo/stal;6;4;4;STHOR, YATO;Z79307-006, ZY8234006, ZY82350-003, ZY82350-044, ZY82350-096, ZY82355-006;79307, YT-82340, YT-82350, YT-82355
ZUN-000638;USZCZELKA OLEJOWA simmering;ø14/ø28/6mm;tworzywo/stal;3;3;2;STHOR, YATO;Z7988016, Z79881-07, ZY85349-03;79880, 79881, YT-85349
ZUN-000639;USZCZELKA OLEJOWA simmering;ø15/ø28/4,5mm;tworzywo/stal;3;1;0;;Z79835138, ZY84900138, ZY84905138;79835
ZUN-000640;USZCZELKA OLEJOWA simmering;ø15/ø28/5mm;tworzywo/stal;4;4;2;YATO;Z79831065, Z79832068, ZY84901-A27, ZY84910-A27;79831, 79832, YT-84901, YT-84910
ZUN-000641;USZCZELKA OLEJOWA simmering;ø15/ø35/4,5mm;tworzywo/stal;3;1;0;;Z79835108, ZY84900108, ZY84905108;79835
ZUN-000642;USZCZELKA OLEJOWA simmering;ø15/ø35/5mm;tworzywo/stal;4;4;2;YATO;Z79831038, Z79832039, ZY84901-A38, ZY84910-A38;79831, 79832, YT-84901, YT-84910
ZUN-000643;USZCZELKA OLEJOWA simmering;ø20/ø35/7mm;tworzywo/stal;3;3;3;YATO;ZY82044004, ZY82115010, ZY82120010;YT-82044, YT-82115, YT-82120
ZUN-000644;USZCZELKA OLEJOWA simmering;ø22/ø32/7mm;tworzywo/stal;4;4;2;STHOR, YATO;Z7885202, Z7885302, Z7885436, ZY82880-02;78852, 78853, 78854, YT-82880
ZUN-000645;USZCZELKA OLEJOWA simmering;ø25/ø41,25/6mm;tworzywo/stal;15;5;5;YATO;ZY85401010V2, ZY85401021V2, ZY85401B14, ZY85401C05, ZY85402010V2, ZY85402021V2, ZY85402B14, ZY85402C05, ZY85403010V2, ZY85403021V2, ZY85403B14, ZY85403C05, ZY85432004, ZY85432044, ZY85453-044;YT-85401, YT-85402, YT-85403, YT-85432, YT-85453
ZUN-000646;USZCZELKA OLEJOWA simmering;ø35/ø51/6mm;tworzywo/stal;6;6;5;STHOR, YATO;Z79043006, Z7904606, Z79048009, ZY82118-008, ZY82125009, ZY82127006;79043, 79046, 79048, YT-82118, YT-82125, YT-82127
ZUN-000647;KONDENSATOR 0,22µF;0,22μF K X2 GPF40/085/21/C;tworzywo;4;3;3;STHOR, YATO;Z7912043, ZY82097-55, ZY8210051, ZY821024-46;79120, YT-82097, YT-82100
ZUN-000648;KONDENSATOR 0,22µF;0,22µF M X2 TNS-2H TNS-2;tworzywo;8;7;7;LUND, STHOR, YATO;Z7901231, Z7901331, Z79036091, Z79095039, Z7909838, Z79124-35, ZY8209547, ZY82125084;79012, 79013, 79036, 79095, 79098, 79124, YT-82125
ZUN-000649;KONDENSATOR 0,22µF;0,22μF K X2 GPF40/085/21/C;tworzywo;5;5;5;LUND, STHOR, YATO;Z7902422, Z79125-42, ZY82172149, ZY82173144, ZY82174145;79024, 79125, YT-82172, YT-82173, YT-82174
ZUN-000650;KONDENSATOR 0,33µF;0,33μF M X2 TNS-2H 40/085/21/C 275V;tworzywo;11;7;7;STHOR, YATO;Z7904678, ZY8209005, ZY8209443, ZY82120069, ZY82127085, ZY82130100, ZY8214065, ZY8215309, ZY8219542, ZY8220058, ZY8234047;79046, YT-82094, YT-82120, YT-82127, YT-82130, YT-82200, YT-82340
ZUN-000651;KONDENSATOR 0,33µF;0,33μF K X2 GPF40/085/21/C;tworzywo;10;8;6;STHOR, YATO;Z7885229, Z7900231, Z7901837, Z7902637, Z79043103, Z7911445, Z7914051, ZY82170112, ZY82171145, ZY8492039;78852, 79002, 79018, 79026, 79043, 79114, 79140, YT-82171
ZUN-000652;KONDENSATOR 0,33µF;0,33μF X2K+2X2200PF Y2M;tworzywo;5;4;4;YATO;ZY8203035, ZY8203535, ZY8204041, ZY8205036, ZY8207045;YT-82035, YT-82040, YT-82050, YT-82070
ZUN-000653;KONDENSATOR 6µF;6µF CBB60 25/070/21 So 450V;tworzywo;1;1;1;FALA;Z75951-32;75951
ZUN-000654;KONDENSATOR 8µF;8µF CBB60 25/70/21 SO 450VAC;tworzywo;4;4;1;FALA;Z75944-09, Z7989109, Z7989209, Z7990738;75944, 79891, 79892, 79907
ZUN-000655;TRZPIEŃ;;stal;4;4;4;YATO;ZY82115027, ZY82122042, ZY82770-24, ZY82772-33;YT-82115, YT-82122, YT-82770, YT-82772
ZUN-000656;TRZPIEŃ;;stal;3;0;0;;ZY8227017, ZY8227153, ZY8227235;
ZUN-000657;TRZPIEŃ TŁOKA sworzeń;ø7,5/ø11/33,3mm / tłok ø4x4;stal;3;2;1;YATO;Z8960025, ZY85140038, ZY86240-11;89600, YT-86240
ZUN-000658;TRZPIEŃ TŁOKA sworzeń;ø6,94/ø11/34mm / tłok ø4,3x3,8;stal;8;6;2;YATO;Z79831020, Z79832021, Z79834105, Z79835093, ZY84900093, ZY84901-A06-06, ZY84905093, ZY84910-A06-06;79831, 79832, 79834, 79835, YT-84901, YT-84910
ZUN-000659;TRZPIEŃ CYLINDRA;cylinder ø2,4x6,7;stal;6;6;6;STHOR, YATO;Z79049031, Z79054056, ZY82115041, ZY82120033, ZY82122057, ZY82772-43;79049, 79054, YT-82115, YT-82120, YT-82122, YT-82772
ZUN-000660;TRZPIEŃ TŁOKA sworzeń;ø13,8/ø18/53,8mm;stal;8;6;6;YATO;ZY84860-018, ZY85401015V2, ZY85402015V2, ZY85402D03, ZY85403015V2, ZY85403D03, ZY85432014, ZY85453-014;YT-84860, YT-85401, YT-85402, YT-85403, YT-85432, YT-85453
ZUN-000661;TRZPIEŃ TŁOKA sworzeń;tłok ø4,4x3,8;stal;6;4;3;YATO;Z7974441, ZY84895-H07, ZY8500029, ZY85003-B04, ZY85421095, ZY85481-56;79744, YT-85003, YT-85421, YT-85481
ZUN-000662;TRZPIEŃ TŁOKA sworzeń;ø6,6/ø10/35,8mm;stal;4;2;2;YATO;ZY82007-S40, ZY82138-S40, ZY84660-A06-05, ZY8500229;YT-82007, YT-82138
ZUN-000663;TRZPIEŃ TŁOKA sworzeń;ø14,9/ø20/62mm;stal;4;3;3;YATO;ZL_LC1P90F-1-I04, ZY85437044, ZY85440044, ZY85460-044;YT-85437, YT-85440, YT-85460
ZUN-000664;TRZPIEŃ MECHANIZMU UDAROWEGO;;stal;3;1;1;YATO;ZY0950502, ZY09506-09, ZY0951309;YT-09513
ZUN-000665;TRZPIEŃ BLOKADY WRZECIONA;;stal;3;3;3;YATO;ZY82097-14, ZY82098-17, ZY82099-16;YT-82097, YT-82098, YT-82099
ZUN-000666;TRZPIEŃ sprężysty;;stal;6;4;1;YATO;Z81070-18, Z81072-07, Z8111720, Z8111814, ZY09742016, ZY0981V216;81070, 81072, 81117, 81118
ZUN-000667;TRZPIEŃ;;stal;4;3;3;YATO;Z8111024, ZY09633-27, ZY09676-27, ZY09795-26;81110, YT-09633, YT-09676
ZUN-000668;KOŁO;;stal/tworzywo;3;0;0;;ZY55290998, ZY55291998, ZY55293998;
ZUN-000669;KOŁO OBROTOWE Z HAMULCEM;;stal/tworzywo;3;0;0;;ZY55290999, ZY55291999, ZY55293999;
ZUN-000670;KABEL ZASILAJĄCY Z WTYCZKĄ;2x1,0mm/3m guma H05RN-F ø7mm;;4;3;3;YATO;ZY81953-24, ZY821533-50, ZY82155-62, ZY82164-57;YT-81953, YT-82155, YT-82164
ZUN-000672;SPRĘŻYNA BLOKADY;ø14,5/ø17,5/29mm drut ø1,3mm;stal;4;4;4;STHOR, YATO;Z79090003, ZY82001-05, ZY82002-05, ZY82007-003;79090, YT-82001, YT-82002, YT-82007
ZUN-000673;TULEJA BLOKADY;;stal;4;4;4;STHOR, YATO;Z79090004, ZY82001-07, ZY82002-07, ZY82007-004;79090, YT-82001, YT-82002, YT-82007
ZUN-000674;TRZPIEŃ BLOKADY;;stal;5;5;5;STHOR, VOREL, YATO;Z5709725, Z79090007, ZY82001-06, ZY82002-06, ZY82007-005;57097, 79090, YT-82001, YT-82002, YT-82007
ZUN-000675;BLOKADA;;stal;4;4;4;STHOR, YATO;Z79090008, ZY82001-09, ZY82002-09, ZY82007-006;79090, YT-82001, YT-82002, YT-82007
ZUN-000676;UCHWYT NARZĘDZIOWY;;stal;3;3;3;STHOR, YATO;Z79090009, ZY82001-08, ZY82002-08;79090, YT-82001, YT-82002
ZUN-000677;PIERŚCIEŃ TŁUMIĄCY;ø48,4/ø67,8/14mm;tworzywo;3;3;3;STHOR, YATO;Z79090010, ZY82001-10, ZY82002-10;79090, YT-82001, YT-82002
ZUN-000678;O-RING;ø23,3/ø33,5/ø5,1mm;tworzywo;4;4;4;STHOR, YATO;Z79090011, ZY82001-11, ZY82002-11, ZY82007-011;79090, YT-82001, YT-82002, YT-82007
ZUN-000679;TULEJA;ø24,3/ø68,4/27,1mm;stal;4;4;4;STHOR, YATO;Z79090012, ZY82001-12, ZY82002-12, ZY82007-012;79090, YT-82001, YT-82002, YT-82007
ZUN-000680;PIERŚCIEŃ GUMOWY;ø64,8/ø66,1/27mm;tworzywo;4;4;4;STHOR, YATO;Z79090014, ZY82001-13, ZY82002-13, ZY82007-014;79090, YT-82001, YT-82002, YT-82007
ZUN-000681;PIERŚCIEŃ;ø54,5/ø65/28mm;stal;4;4;4;STHOR, YATO;Z79090013, ZY82001-14, ZY82002-14, ZY82007-013;79090, YT-82001, YT-82002, YT-82007
ZUN-000682;PODKŁADKA;ø58/ø68/2mm;stal;3;2;2;STHOR, YATO;Z79090015, ZY82007-015, ZY82007-017;79090, YT-82007
ZUN-000683;PIERŚCIEŃ TŁUMIĄCY;ø59/ø68/9,4mm;tworzywo;4;4;4;STHOR, YATO;Z79090016, ZY82001-16, ZY82002-16, ZY82007-016;79090, YT-82001, YT-82002, YT-82007
ZUN-000684;CYLINDER;;stal;4;4;4;STHOR, YATO;Z79090017, ZY82001-20, ZY82002-20, ZY82007-022;79090, YT-82001, YT-82002, YT-82007
ZUN-000685;USZCZELKA TŁOKA;ø32/ø45/7mm;tworzywo;4;4;4;STHOR, YATO;Z79090023, ZY82001-21, ZY82002-21, ZY82007-023;79090, YT-82001, YT-82002, YT-82007
ZUN-000686;TŁOK;;Aluminium;4;4;4;STHOR, YATO;Z79090024, ZY82001-22, ZY82002-22, ZY82007-025;79090, YT-82001, YT-82002, YT-82007
ZUN-000687;TRZPIEŃ TŁOKA;;stal;4;4;4;STHOR, YATO;Z79090025, ZY82001-23, ZY82002-23, ZY82007-024;79090, YT-82001, YT-82002, YT-82007
ZUN-000688;ŁĄCZNIK TŁOKA;;stal;4;4;4;STHOR, YATO;Z79090026, ZY82001-24, ZY82002-24, ZY82007-026;79090, YT-82001, YT-82002, YT-82007
ZUN-000689;OSŁONA ŁOŻYSKA;;;4;4;4;STHOR, YATO;Z79090028, ZY82001-26, ZY82002-26, ZY82007-029;79090, YT-82001, YT-82002, YT-82007
ZUN-000690;KLIN CZÓŁENKOWY;;stal;4;4;4;STHOR, YATO;Z79090032, ZY82001-36, ZY82002-36, ZY84860-36;79090, YT-82001, YT-82002, YT-84860
ZUN-000691;AKUMULATOR ŻELOWY;6DM9 12V 9Ah;;4;4;4;YATO;ZY85434139, ZY85437139, ZY85440139, ZY85460-139;YT-85434, YT-85437, YT-85440, YT-85460
ZUN-000692;CEWKA ŁADUJĄCA;SC 1308;stal/miedź/tworzywo;4;4;4;YATO;ZY85434075, ZY85437075, ZY85440075, ZY85460-075;YT-85434, YT-85437, YT-85440, YT-85460
ZUN-000693;USZCZELKA GŁOWICY CYLINDRA;;stal/tworzywo/stal;8;5;5;YATO;ZY85401056V2, ZY85401A09, ZY85402056V2, ZY85402A09, ZY85403056V2, ZY85403A09, ZY85432034, ZY85453-034;YT-85401, YT-85402, YT-85403, YT-85432, YT-85453
ZUN-000694;USZCZELKA GŁOWICY CYLINDRA;;tworzywo/stal;3;3;3;YATO;ZY85437047, ZY85440047, ZY85460-048;YT-85437, YT-85440, YT-85460
ZUN-000695;KÓŁKO;2,50-4 2PR;tworzywo/stal;5;5;5;YATO;ZY85432138, ZY85434146, ZY85437146, ZY85440146, ZY85460-146;YT-85432, YT-85434, YT-85437, YT-85440, YT-85460
ZUN-000696;ZABEZPIECZENIE POZIOMU OLEJU;;;11;8;8;YATO;ZY85401092V2, ZY85401B22, ZY85402092V2, ZY85402B22, ZY85403092V2, ZY85403B22, ZY85432073, ZY85434004, ZY85437004, ZY85440004, ZY85453-073;YT-85401, YT-85402, YT-85403, YT-85432, YT-85434, YT-85437, YT-85440, YT-85453
ZUN-000697;WŁĄCZNIK ZAPŁONU;;tworzywo;7;4;4;YATO;ZY85401093V2, ZY85401F15, ZY85402093V2, ZY85402F15, ZY85403093V2, ZY85403F15, ZY85453-138;YT-85401, YT-85402, YT-85403, YT-85453
ZUN-000698;GAŹNIK;P19-E70 2212190421-15;aluminium/stal;8;5;5;YATO;ZY85401083V2, ZY85401H01, ZY85402083V2, ZY85402H01, ZY85403083V2, ZY85403H01, ZY85451-065, ZY85453-065;YT-85401, YT-85402, YT-85403, YT-85451, YT-85453
ZUN-000699;MOSTEK PROSTOWNICZY;KBPC3510;aluminium;6;4;3;YATO;Z82543-14, Z82544-14, Z8255214, Z8255314, ZY8305139, ZY8305239;82543, 82544, 82552, YT-82553
ZUN-000700;FILTR PALIWA;;;3;2;2;YATO;ZY84895-A22, ZY84901-E01-04, ZY84910-E01-04;YT-84901, YT-84910
ZUN-000701;NAPINACZ;;;3;2;2;YATO;ZY84895-B19, ZY84901-B01-24, ZY84910-B01-24;YT-84901, YT-84910
ZUN-000702;PRZEKŁADNIA NAPINACZA;;;3;2;2;YATO;ZY84895-B21, ZY84901-B01-25, ZY84910-B01-25;YT-84901, YT-84910
ZUN-000703;ZESPÓŁ SPRZĘGŁA;;stal;3;2;2;YATO;ZY84901-B03, ZY8490501A, ZY84910-B03;YT-84901, YT-84910
ZUN-000704;ŚRUBA NAPINACZA;;;3;2;2;YATO;ZY84895-B20, ZY84901-B01-23, ZY84910-B01-23;YT-84901, YT-84910
ZUN-000705;USZCZELKA CYLINDRA;;papier;3;2;2;YATO;ZY84900089, ZY84901-A06-02, ZY84910-A06-02;YT-84901, YT-84910
ZUN-000706;USZCZELKA TŁUMIKA;;papier;4;2;2;YATO;ZY84900081, ZY84901-A03-03, ZY84905081, ZY84910-A03-03;YT-84901, YT-84910
ZUN-000707;USZCZELKA WLOTU POWIETRZA;;papier;8;5;5;YATO;ZY85401079V2, ZY85401H34, ZY85402079V2, ZY85402H34, ZY85403079V2, ZY85403H34, ZY85432062, ZY85453-062;YT-85401, YT-85402, YT-85403, YT-85432, YT-85453
ZUN-000708;USZCZELKA GAŹNIK FILTR;;papier;4;4;4;YATO;ZY85401081V2, ZY85402081V2, ZY85403081V2, ZY85432064;YT-85401, YT-85402, YT-85403, YT-85432
ZUN-000709;USZCZELKA GAŹNIK FILTR;;papier;4;4;4;YATO;ZY85434065, ZY85437065, ZY85440065, ZY85460-065;YT-85434, YT-85437, YT-85440, YT-85460
ZUN-000710;USZCZELKA GAŹNIK CYLINDER;;papier;5;5;5;YATO;ZY85401082V2, ZY85402082V2, ZY85403082V2, ZY85451-064, ZY85453-064;YT-85401, YT-85402, YT-85403, YT-85451, YT-85453
ZUN-000711;USZCZELKA FILTRU POWIETRZA;;;3;3;3;YATO;ZY85434067, ZY85437067, ZY85440067;YT-85434, YT-85437, YT-85440
ZUN-000712;USZCZELKA TŁUMIKA;;papier grafit;4;4;4;YATO;ZY85434097, ZY85437097, ZY85440097, ZY85460-097;YT-85434, YT-85437, YT-85440, YT-85460
ZUN-000713;USZCZELKA TŁUMIKA;;papier grafit;4;4;4;YATO;ZY85434100, ZY85437100, ZY85440100, ZY85460-100;YT-85434, YT-85437, YT-85440, YT-85460
ZUN-000714;USZCZELKA TŁUMIKA;;papier grafit;7;4;4;YATO;ZY85401048V2, ZY85401A10, ZY85402048V2, ZY85402A10, ZY85403048V2, ZY85403A10, ZY85432091;YT-85401, YT-85402, YT-85403, YT-85432
ZUN-000715;KÓŁKO PRZEDNIE;;tworzywo;3;3;3;LUND;Z67090-33, Z67091-37, Z67092-37;67090, 67091, 67092
ZUN-000716;PRZEDNIA USZCZELKA SILNIKA;;tworzywo;3;3;3;LUND;Z67090-29, Z67091-15, Z67092-15;67090, 67091, 67092
ZUN-000717;SILNIK;HJN-D-70-1 220-240V~50/60/Hz 700W CLASS 120;stal/miedź/tworzywo;3;3;3;LUND;Z67090-30, Z67091-16, Z67092-16;67090, 67091, 67092
ZUN-000718;TYLNA USZCZELKA SILNIKA;;tworzywo;3;3;3;LUND;Z67090-31, Z67091-17, Z67092-17;67090, 67091, 67092
ZUN-000719;USZCZELKA SILNIKA DOLNA;;;3;3;3;YATO;ZY85700-18, ZY85701-18, ZY85710-18;YT-85700, YT-85701, YT-85710
ZUN-000720;GNIAZDO WTYKOWE;YGB-038 16A/250V tablicowe;;5;5;4;YATO;Z78872-25, ZY85700-06, ZY85701-06, ZY85710-07, ZY85715-22;78872, YT-85700, YT-85701, YT-85710, YT-85715
ZUN-000721;USZCZELKA SILNIKA GÓRNA;;;3;3;3;YATO;ZY85700-16, ZY85701-16, ZY85710-14;YT-85700, YT-85701, YT-85710
ZUN-000722;KOŁO MAŁE;;;4;4;3;YATO;Z78872-20, ZY85700-41, ZY85701-41, ZY85720-32;78872, YT-85700, YT-85701, YT-85720
ZUN-000723;SSAWKA SZCZELINOWA MAŁA;;;6;6;4;YATO;Z78872-32, Z78874-39, ZY85700-48, ZY85701-45, ZY85715-52, ZY85716-68;78872, 78874, YT-85700, YT-85701, YT-85715, YT-85716
ZUN-000724;SSAWKA MAŁA;;;4;4;2;YATO;Z78872-33, Z78874-42, ZY85701-48, ZY85715-51;78872, 78874, YT-85701, YT-85715
ZUN-000725;TULEJA;;Aluminium;4;4;4;LUND;Z67570-18, Z67571-16, Z67572-11, Z67573-10;67570, 67571, 67572, 67573
ZUN-000726;SPRZĘGŁO BLENDERA;;;6;2;2;LUND;Z67700-101, Z67700-201, Z67700-301, Z67701-101, Z67701-201, Z67701-302;67700, 67701
ZUN-000727;KOŁO ZĘBATE PLANETARNE;;;3;3;3;LUND;Z678054920, Z67810V2048, Z67811059;67805, 67810, 67811
ZUN-000729;SPRĘŻYNA;ø27,7mm wewn;stal;3;1;0;;Z8113307, ZY099020, ZY09904-08;81133
ZUN-000730;ŁOŻYSKO KULKOWE R6;;;1;1;1;YATO;ZY09515-18;YT-09515
ZUN-000731;ŁOŻYSKO R8;;;1;1;1;YATO;ZY09515-11;YT-09515
ZUN-000734;WŁĄCZNIK;JC15-6 42V DC 0,2A JINYUAN;;6;2;2;YATO;ZY827788-13, ZY827791-15, ZY827792-28, ZY827793-14, ZY82798-33, ZY82802-29;YT-82798, YT-82802
ZUN-000738;BEZPIECZNIK TERMICZNY 240°C;RYE DKDZ TF 240°C 250V 10A;;1;1;1;LUND;Z67450-49;67450
