model,folder,parts_count,pdf,status,file_count
YT-829021,YT-829021,12,assets/robocze-pdf/yt-829021.pdf,parts-from-docx,2
YT-852091,YT-852091 YT-852092 YT-852093 - robot koszący,53,assets/robocze-pdf/yt-852091-yt-852092-yt-852093-robot-koszacy.pdf,parts-from-docx,4
YT-852092,YT-852091 YT-852092 YT-852093 - robot koszący,53,assets/robocze-pdf/yt-852091-yt-852092-yt-852093-robot-koszacy.pdf,parts-from-docx,4
YT-852093,YT-852091 YT-852092 YT-852093 - robot koszący,53,assets/robocze-pdf/yt-852091-yt-852092-yt-852093-robot-koszacy.pdf,parts-from-docx,4
YT-828353,YT-828353,42,assets/robocze-pdf/yt-828353.pdf,parts-from-docx,1
YT-829385,YT-829385,40,assets/robocze-pdf/yt-829385.pdf,parts-from-docx,2
YT-851990,YT-851990,70,assets/robocze-pdf/yt-851990.pdf,parts-from-docx,2
YT-828254,YT-828254 YT-828255 YT-828256,47,assets/robocze-pdf/yt-828254-yt-828255-yt-828256.pdf,parts-from-docx,2
YT-828255,YT-828254 YT-828255 YT-828256,47,assets/robocze-pdf/yt-828254-yt-828255-yt-828256.pdf,parts-from-docx,2
YT-828256,YT-828254 YT-828255 YT-828256,47,assets/robocze-pdf/yt-828254-yt-828255-yt-828256.pdf,parts-from-docx,2
YT-829383,YT-829383,16,assets/robocze-pdf/yt-829383.pdf,parts-from-docx,2
YT-828390,YT-828390 YT-828391,59,assets/robocze-pdf/yt-828390-yt-828391.pdf,parts-from-docx,1
YT-828391,YT-828390 YT-828391,59,assets/robocze-pdf/yt-828390-yt-828391.pdf,parts-from-docx,1
YT-852082,YT-852082,53,assets/robocze-pdf/yt-852082.pdf,parts-from-docx,2
YT-828355,YT-828355 YT-828356,38,assets/robocze-pdf/yt-828355-yt-828356.pdf,parts-from-docx,2
YT-828356,YT-828355 YT-828356,38,assets/robocze-pdf/yt-828355-yt-828356.pdf,parts-from-docx,2
YT-828382,YT-828382 YT-828383,0,assets/robocze-pdf/yt-828382-yt-828383.pdf,drawing-only,2
YT-828383,YT-828382 YT-828383,0,assets/robocze-pdf/yt-828382-yt-828383.pdf,drawing-only,2
YT-828296,YT-828296,0,assets/robocze-pdf/yt-828296.pdf,drawing-only,2
YT-82824,YT-828296,0,assets/robocze-pdf/yt-828296.pdf,drawing-only,2
YT-828294,YT-828296,0,assets/robocze-pdf/yt-828296.pdf,drawing-only,2
YT-828251,YT-828251 YT-828252 YT-828253,39,assets/robocze-pdf/yt-828251-yt-828252-yt-828253.pdf,parts-from-docx,2
YT-828252,YT-828251 YT-828252 YT-828253,39,assets/robocze-pdf/yt-828251-yt-828252-yt-828253.pdf,parts-from-docx,2
YT-828253,YT-828251 YT-828252 YT-828253,39,assets/robocze-pdf/yt-828251-yt-828252-yt-828253.pdf,parts-from-docx,2
YT-852371,YT-852371,104,assets/robocze-pdf/yt-852371.pdf,parts-from-docx,2
YT-851992,YT-851992,109,assets/robocze-pdf/yt-851992.pdf,parts-from-docx,2
YT-828357,YT-828357 YT-828358,19,assets/robocze-pdf/yt-828357-yt-828358.pdf,parts-from-docx,2
YT-828358,YT-828357 YT-828358,19,assets/robocze-pdf/yt-828357-yt-828358.pdf,parts-from-docx,2
YT-828377,YT-828377 YT-828378,44,assets/robocze-pdf/yt-828377-yt-828378.pdf,parts-from-docx,2
YT-828378,YT-828377 YT-828378,44,assets/robocze-pdf/yt-828377-yt-828378.pdf,parts-from-docx,2
YT-852370,YT-852370,71,assets/robocze-pdf/yt-852370.pdf,parts-from-docx,2
YT-851993,YT-851993,136,assets/robocze-pdf/yt-851993.pdf,parts-from-docx,2
YT-85600,YT-85600 - ogrodówka spalinowa 2024-2025,0,assets/robocze-pdf/yt-85600-ogrodowka-spalinowa-2024-2025.pdf,drawing-only,8
YT-828113,YT-828113 YT-828114,41,assets/robocze-pdf/yt-828113-yt-828114.pdf,parts-from-docx,2
YT-828114,YT-828113 YT-828114,41,assets/robocze-pdf/yt-828113-yt-828114.pdf,parts-from-docx,2
YT-828331,YT-828331 YT-828332,45,assets/robocze-pdf/yt-828331-yt-828332.pdf,parts-from-docx,1
YT-828332,YT-828331 YT-828332,45,assets/robocze-pdf/yt-828331-yt-828332.pdf,parts-from-docx,1
YT-828135,YT-828135 YT-828136,40,assets/robocze-pdf/yt-828135-yt-828136.pdf,parts-from-docx,1
YT-828136,YT-828135 YT-828136,40,assets/robocze-pdf/yt-828135-yt-828136.pdf,parts-from-docx,1
YT-851991,YT-851991,89,assets/robocze-pdf/yt-851991.pdf,parts-from-docx,2
YT-828137,YT-828137 YT-828138,74,assets/robocze-pdf/yt-828137-yt-828138.pdf,parts-from-docx,2
YT-828138,YT-828137 YT-828138,74,assets/robocze-pdf/yt-828137-yt-828138.pdf,parts-from-docx,2
828137,YT-828137 YT-828138,74,assets/robocze-pdf/yt-828137-yt-828138.pdf,parts-from-docx,2
YT-852090,YT-852090 - robot koszący,45,assets/robocze-pdf/yt-852090-robot-koszacy.pdf,parts-from-docx,3
YT-828333,YT-828333 YT-828334,9,assets/robocze-pdf/yt-828333-yt-828334.pdf,parts-from-docx,1
YT-828334,YT-828333 YT-828334,9,assets/robocze-pdf/yt-828333-yt-828334.pdf,parts-from-docx,1
YT-828293,YT-828293 YT-828294 YT-828295,43,assets/robocze-pdf/yt-828293-yt-828294-yt-828295.pdf,parts-from-docx,3
YT-828294,YT-828293 YT-828294 YT-828295,43,assets/robocze-pdf/yt-828293-yt-828294-yt-828295.pdf,parts-from-docx,3
YT-828295,YT-828293 YT-828294 YT-828295,43,assets/robocze-pdf/yt-828293-yt-828294-yt-828295.pdf,parts-from-docx,3
YT-852081,YT-852081,36,assets/robocze-pdf/yt-852081.pdf,parts-from-docx,2
YT-822110,YT-822110,0,assets/robocze-pdf/yt-822110.pdf,drawing-only,2
YT-828380,YT-828380 YT-828381,46,assets/robocze-pdf/yt-828380-yt-828381.pdf,parts-from-docx,2
YT-828381,YT-828380 YT-828381,46,assets/robocze-pdf/yt-828380-yt-828381.pdf,parts-from-docx,2
YT-828066,YT-828066 YT-828067 YT-828068,37,assets/robocze-pdf/yt-828066-yt-828067-yt-828068.pdf,parts-from-docx,3
YT-828067,YT-828066 YT-828067 YT-828068,37,assets/robocze-pdf/yt-828066-yt-828067-yt-828068.pdf,parts-from-docx,3
YT-828068,YT-828066 YT-828067 YT-828068,37,assets/robocze-pdf/yt-828066-yt-828067-yt-828068.pdf,parts-from-docx,3
YT-827533,YT-827533,29,assets/robocze-pdf/yt-827533.pdf,parts-from-docx,2
YT-827721,YT-827721 YT-827722 YT-827723,98,assets/robocze-pdf/yt-827721-yt-827722-yt-827723.pdf,parts-from-docx,2
YT-827722,YT-827721 YT-827722 YT-827723,98,assets/robocze-pdf/yt-827721-yt-827722-yt-827723.pdf,parts-from-docx,2
YT-827723,YT-827721 YT-827722 YT-827723,98,assets/robocze-pdf/yt-827721-yt-827722-yt-827723.pdf,parts-from-docx,2
YT-828030,YT-828030 YT-828031,39,assets/robocze-pdf/yt-828030-yt-828031.pdf,parts-from-docx,2
YT-828031,YT-828030 YT-828031,39,assets/robocze-pdf/yt-828030-yt-828031.pdf,parts-from-docx,2
YT-828337,YT-828337,0,assets/robocze-pdf/yt-828337.pdf,drawing-only,2
YT-828071,YT-828071 YT-828072,24,assets/robocze-pdf/yt-828071-yt-828072.pdf,parts-from-docx,1
YT-828072,YT-828071 YT-828072,24,assets/robocze-pdf/yt-828071-yt-828072.pdf,parts-from-docx,1
YT-827788,YT-827788 YT-827790 YT-8277905,20,assets/robocze-pdf/yt-827788-yt-827790-yt-8277905.pdf,parts-from-docx,4
YT-827790,YT-827788 YT-827790 YT-8277905,20,assets/robocze-pdf/yt-827788-yt-827790-yt-8277905.pdf,parts-from-docx,4
YT-824485,YT-824485,0,assets/robocze-pdf/yt-824485.pdf,empty,1
YT-824480,YT-824480,0,assets/robocze-pdf/yt-824480.pdf,empty,1
YT-827791,YT-827791 YT-8277915,4,assets/robocze-pdf/yt-827791-yt-8277915.pdf,parts-from-docx,4
YT-828033,YT-828033,45,assets/robocze-pdf/yt-828033.pdf,parts-from-docx,3
YT-828131,YT-828131 YT-828132,78,assets/robocze-pdf/yt-828131-yt-828132.pdf,parts-from-docx,1
YT-828132,YT-828131 YT-828132,78,assets/robocze-pdf/yt-828131-yt-828132.pdf,parts-from-docx,1
YT-821597,YT-821597,129,assets/robocze-pdf/yt-821597.pdf,parts-from-docx,2
YT-827820,"YT-827820, YT-827821, YT-827822",20,assets/robocze-pdf/yt-827820-yt-827821-yt-827822.pdf,parts-from-docx,2
YT-827821,"YT-827820, YT-827821, YT-827822",20,assets/robocze-pdf/yt-827820-yt-827821-yt-827822.pdf,parts-from-docx,2
YT-827822,"YT-827820, YT-827821, YT-827822",20,assets/robocze-pdf/yt-827820-yt-827821-yt-827822.pdf,parts-from-docx,2
YT-828133,YT-828133 YT-828134,59,assets/robocze-pdf/yt-828133-yt-828134.pdf,parts-from-docx,1
YT-828134,YT-828133 YT-828134,59,assets/robocze-pdf/yt-828133-yt-828134.pdf,parts-from-docx,1
YT-827793,YT-827793 YT-8277935,36,assets/robocze-pdf/yt-827793-yt-8277935.pdf,parts-from-docx,4
YT-827792,YT-827792 YT-8277925,33,assets/robocze-pdf/yt-827792-yt-8277925.pdf,parts-from-docx,2
YT-827724,YT-827724 YT-827725 YT-827726,97,assets/robocze-pdf/yt-827724-yt-827725-yt-827726.pdf,parts-from-docx,2
YT-827725,YT-827724 YT-827725 YT-827726,97,assets/robocze-pdf/yt-827724-yt-827725-yt-827726.pdf,parts-from-docx,2
YT-827726,YT-827724 YT-827725 YT-827726,97,assets/robocze-pdf/yt-827724-yt-827725-yt-827726.pdf,parts-from-docx,2
YT-821905,YT-821905,55,assets/robocze-pdf/yt-821905.pdf,parts-from-docx,2
YT-828073,YT-828073 YT-828074,39,assets/robocze-pdf/yt-828073-yt-828074.pdf,parts-from-docx,1
YT-828074,YT-828073 YT-828074,39,assets/robocze-pdf/yt-828073-yt-828074.pdf,parts-from-docx,1
YT-822112,YT-822112,0,assets/robocze-pdf/yt-822112.pdf,drawing-only,2
YT-824482,YT-824482,0,assets/robocze-pdf/yt-824482.pdf,drawing-only,2
YT-821901,YT-821901,23,assets/robocze-pdf/yt-821901.pdf,parts-from-docx,2
YT-828118,YT-828118 YT-8281185,56,assets/robocze-pdf/yt-828118-yt-8281185.pdf,parts-from-docx,2
YT-822107,YT-822107,0,assets/robocze-pdf/yt-822107.pdf,drawing-only,2
YT-828075,YT-828075 YT-828076,50,assets/robocze-pdf/yt-828075-yt-828076.pdf,parts-from-docx,1
YT-828076,YT-828075 YT-828076,50,assets/robocze-pdf/yt-828075-yt-828076.pdf,parts-from-docx,1
YT-828035,YT-828035,49,assets/robocze-pdf/yt-828035.pdf,parts-from-docx,3
YT-827795,YT-827795,31,assets/robocze-pdf/yt-827795.pdf,parts-from-docx,2
YT-821732,YT-821732,146,assets/robocze-pdf/yt-821732.pdf,parts-from-docx,2
YT-822100,YT-822100,0,assets/robocze-pdf/yt-822100.pdf,drawing-only,2
YT-828063,YT-828063 YT-828064 YT-828065,37,assets/robocze-pdf/yt-828063-yt-828064-yt-828065.pdf,parts-from-docx,3
YT-828064,YT-828063 YT-828064 YT-828065,37,assets/robocze-pdf/yt-828063-yt-828064-yt-828065.pdf,parts-from-docx,3
YT-828065,YT-828063 YT-828064 YT-828065,37,assets/robocze-pdf/yt-828063-yt-828064-yt-828065.pdf,parts-from-docx,3
YT-822103,YT-822103,0,assets/robocze-pdf/yt-822103.pdf,drawing-only,2
YT-821583,YT-821583,90,assets/robocze-pdf/yt-821583.pdf,parts-from-docx,2
YT-821915,YT-821915 YT-821916,24,assets/robocze-pdf/yt-821915-yt-821916.pdf,parts-from-docx,3
YT-821916,YT-821915 YT-821916,24,assets/robocze-pdf/yt-821915-yt-821916.pdf,parts-from-docx,3
YT-821533,YT-821533,1,assets/robocze-pdf/yt-821533.pdf,parts-from-docx,2
YT-821710,YT-821710,145,assets/robocze-pdf/yt-821710.pdf,parts-from-docx,2
YT-820507,YT-820507,104,assets/robocze-pdf/yt-820507.pdf,parts-from-docx,2
YT-372163,YT-372163 YT-372164 YT-372165,19,assets/robocze-pdf/yt-372163-yt-372164-yt-372165.pdf,parts-from-docx,2
YT-372164,YT-372163 YT-372164 YT-372165,19,assets/robocze-pdf/yt-372163-yt-372164-yt-372165.pdf,parts-from-docx,2
YT-372165,YT-372163 YT-372164 YT-372165,19,assets/robocze-pdf/yt-372163-yt-372164-yt-372165.pdf,parts-from-docx,2
YT-821591,YT-821591,87,assets/robocze-pdf/yt-821591.pdf,parts-from-docx,1
YT-821722,YT-821722,123,assets/robocze-pdf/yt-821722.pdf,parts-from-docx,2
YT-821021,YT-821021,0,assets/robocze-pdf/yt-821021.pdf,drawing-only,2
YT-820500,YT-820500,63,assets/robocze-pdf/yt-820500.pdf,parts-from-docx,2
YT-821023,YT-821023,58,assets/robocze-pdf/yt-821023.pdf,parts-from-docx,1
YT-821020,YT-821020,46,assets/robocze-pdf/yt-821020.pdf,parts-from-docx,2
YT-821024,YT-821024,1,assets/robocze-pdf/yt-821024.pdf,parts-from-docx,1
YT-821210,YT-821210,91,assets/robocze-pdf/yt-821210.pdf,parts-from-docx,2
YT-820501,YT-820501,91,assets/robocze-pdf/yt-820501.pdf,parts-from-docx,2
YT-99743,YT-99743,0,assets/robocze-pdf/yt-99743.pdf,empty,1
YT-820833,YT-820833,1,assets/robocze-pdf/yt-820833.pdf,parts-from-docx,2
YT-372171,YT-372171,18,assets/robocze-pdf/yt-372171.pdf,parts-from-docx,2
YT-99700,YT-99700,21,assets/robocze-pdf/yt-99700.pdf,parts-from-docx,1
YT-820502,YT-820502,80,assets/robocze-pdf/yt-820502.pdf,parts-from-docx,2
YT-520502,YT-820502,80,assets/robocze-pdf/yt-820502.pdf,parts-from-docx,2
YT-372166,YT-372166 YT-372167,27,assets/robocze-pdf/yt-372166-yt-372167.pdf,parts-from-docx,2
YT-372167,YT-372166 YT-372167,27,assets/robocze-pdf/yt-372166-yt-372167.pdf,parts-from-docx,2
YT-99651,YT-99651,49,assets/robocze-pdf/yt-99651.pdf,parts-from-docx,1
YT-372160,YT-372160 YT-372161,28,assets/robocze-pdf/yt-372160-yt-372161.pdf,parts-from-docx,2
YT-372161,YT-372160 YT-372161,28,assets/robocze-pdf/yt-372160-yt-372161.pdf,parts-from-docx,2
YT-99763,YT-99763,68,assets/robocze-pdf/yt-99763.pdf,parts-from-docx,2
YT-99720,YT-99720,22,assets/robocze-pdf/yt-99720.pdf,parts-from-docx,1
YT-99532,YT-99532,1,assets/robocze-pdf/yt-99532.pdf,parts-from-docx,2
YT-99730,YT-99730,28,assets/robocze-pdf/yt-99730.pdf,parts-from-docx,1
YT-99520,YT-99520,0,assets/robocze-pdf/yt-99520.pdf,drawing-only,2
YT-99760,YT-99760,68,assets/robocze-pdf/yt-99760.pdf,parts-from-docx,2
YT-99690,YT-99690,0,assets/robocze-pdf/yt-99690.pdf,drawing-only,2
YT-99536,YT-99536,0,assets/robocze-pdf/yt-99536.pdf,drawing-only,2
YT-372180,YT-372180,20,assets/robocze-pdf/yt-372180.pdf,parts-from-docx,2
YT-86220,YT-86220,30,assets/robocze-pdf/yt-86220.pdf,parts-from-docx,2
YT-99531,YT-99531,0,assets/robocze-pdf/yt-99531.pdf,drawing-only,2
YT-99738,YT-99738,0,assets/robocze-pdf/yt-99738.pdf,drawing-only,2
YT-99710,YT-99710,23,assets/robocze-pdf/yt-99710.pdf,parts-from-docx,1
YT-99739,YT-99739,0,assets/robocze-pdf/yt-99739.pdf,drawing-only,2
YT-86240,YT-86240,47,assets/robocze-pdf/yt-86240.pdf,parts-from-docx,3
YT-86161,YT-86161,69,assets/robocze-pdf/yt-86161.pdf,parts-from-docx,3
YT-99740,YT-99740,0,assets/robocze-pdf/yt-99740.pdf,empty,1
YT-86400,YT-86400,0,assets/robocze-pdf/yt-86400.pdf,drawing-only,6
YT-99733,YT-99733,30,assets/robocze-pdf/yt-99733.pdf,parts-from-docx,1
YT-99530,YT-99530,1,assets/robocze-pdf/yt-99530.pdf,parts-from-docx,2
YT-99705,YT-99705,21,assets/robocze-pdf/yt-99705.pdf,parts-from-docx,1
YT-99650,YT-99650,53,assets/robocze-pdf/yt-99650.pdf,parts-from-docx,1
YT-99695,YT-99695,0,assets/robocze-pdf/yt-99695.pdf,empty,1
YT-99500,YT-99500,0,assets/robocze-pdf/yt-99500.pdf,drawing-only,2
YT-99501,YT-99501,0,assets/robocze-pdf/yt-99501.pdf,drawing-only,2
YT-86160,YT-86160,66,assets/robocze-pdf/yt-86160.pdf,parts-from-docx,3
YT-86150,YT-86150,65,assets/robocze-pdf/yt-86150.pdf,parts-from-docx,3
YT-86211,YT-86211,0,assets/robocze-pdf/yt-86211.pdf,empty,1
YT-86200,YT-86200,0,assets/robocze-pdf/yt-86200.pdf,drawing-only,2
YT-86115,YT-86115,99,assets/robocze-pdf/yt-86115.pdf,parts-from-docx,2
YT-86140,YT-86140,23,assets/robocze-pdf/yt-86140.pdf,parts-from-docx,1
YT-86106,YT-86106,12,assets/robocze-pdf/yt-86106.pdf,parts-from-docx,2
YT-86158,YT-86158,22,assets/robocze-pdf/yt-86158.pdf,parts-from-docx,2
YT-86155,YT-86155,19,assets/robocze-pdf/yt-86155.pdf,parts-from-docx,2
YT-86144,YT-86144,0,assets/robocze-pdf/yt-86144.pdf,drawing-only,2
YT-99693,YT-99693,0,assets/robocze-pdf/yt-99693.pdf,drawing-only,2
YT-85862,YT-85862,42,assets/robocze-pdf/yt-85862.pdf,parts-from-docx,8
YT-85910,YT-85910,0,assets/robocze-pdf/yt-85910.pdf,drawing-only,3
85910,YT-85910,0,assets/robocze-pdf/yt-85910.pdf,drawing-only,3
YT-86120,YT-86120,87,assets/robocze-pdf/yt-86120.pdf,parts-from-docx,2
YT-85915,YT-85915,0,assets/robocze-pdf/yt-85915.pdf,drawing-only,2
YT-86139,YT-86139,123,assets/robocze-pdf/yt-86139.pdf,parts-from-docx,2
YT-86125,YT-86125,121,assets/robocze-pdf/yt-86125.pdf,parts-from-docx,1
YT-85720,YT-85720,51,assets/robocze-pdf/yt-85720.pdf,parts-from-docx,2
YT-85861,YT-85861,9,assets/robocze-pdf/yt-85861.pdf,parts-from-docx,2
YT-85860,YT-85860,41,assets/robocze-pdf/yt-85860.pdf,parts-from-docx,8
YT-85930,YT-85930,1,assets/robocze-pdf/yt-85930.pdf,parts-from-docx,2
YT-85712,YT-85712,32,assets/robocze-pdf/yt-85712.pdf,parts-from-docx,2
YT-86097,YT-86097,36,assets/robocze-pdf/yt-86097.pdf,parts-from-docx,2
YT-85592,YT-85592 - ogrodówka spalinowa 2024-2025,2,assets/robocze-pdf/yt-85592-ogrodowka-spalinowa-2024-2025.pdf,parts-from-docx,1
YT-85851,YT-85851,20,assets/robocze-pdf/yt-85851.pdf,parts-from-docx,19
YT-85850,YT-85850,0,assets/robocze-pdf/yt-85850.pdf,drawing-only,16
YT-85800,YT-85800,44,assets/robocze-pdf/yt-85800.pdf,parts-from-docx,1
YT-85803,YT-85803,40,assets/robocze-pdf/yt-85803.pdf,parts-from-docx,1
YT-85591,YT-85591 - ogrodówka spalinowa 2024-2025,2,assets/robocze-pdf/yt-85591-ogrodowka-spalinowa-2024-2025.pdf,parts-from-docx,1
YT-85537,YT-85537 - ogrodówka spalinowa 2024-2025,0,assets/robocze-pdf/yt-85537-ogrodowka-spalinowa-2024-2025.pdf,drawing-only,1
YT-85590,YT-85590 - ogrodówka spalinowa 2024-2025,0,assets/robocze-pdf/yt-85590-ogrodowka-spalinowa-2024-2025.pdf,empty,0
YT-85851,YT-85851 - ogrodówka spalinowa 2024-2025,0,assets/robocze-pdf/yt-85851-ogrodowka-spalinowa-2024-2025.pdf,drawing-only,19
YT-85710,YT-85710,66,assets/robocze-pdf/yt-85710.pdf,parts-from-docx,2
YT-85716,YT-85716,72,assets/robocze-pdf/yt-85716.pdf,parts-from-docx,1
YT-85715,YT-85715,74,assets/robocze-pdf/yt-85715.pdf,parts-from-docx,3
85715,YT-85715,74,assets/robocze-pdf/yt-85715.pdf,parts-from-docx,3
YT-85719,YT-85719,39,assets/robocze-pdf/yt-85719.pdf,parts-from-docx,2
YT-85863,YT-85863,38,assets/robocze-pdf/yt-85863.pdf,parts-from-docx,2
YT-85830,YT-85830,0,assets/robocze-pdf/yt-85830.pdf,drawing-only,83
YT-85700,YT-85700,48,assets/robocze-pdf/yt-85700.pdf,parts-from-docx,2
YT-85545,YT-85545 - ogrodówka spalinowa 2024-2025,0,assets/robocze-pdf/yt-85545-ogrodowka-spalinowa-2024-2025.pdf,drawing-only,1
YT-85570,YT-85570 - ogrodówka spalinowa 2024-2025,2,assets/robocze-pdf/yt-85570-ogrodowka-spalinowa-2024-2025.pdf,parts-from-docx,1
YT-85680,YT-85680,1,assets/robocze-pdf/yt-85680.pdf,parts-from-docx,1
YT-85702,YT-85702,20,assets/robocze-pdf/yt-85702.pdf,parts-from-docx,2
YT-85528,YT-85528 - ogrodówka spalinowa 2024-2025,0,assets/robocze-pdf/yt-85528-ogrodowka-spalinowa-2024-2025.pdf,drawing-only,2
YT-85552,YT-85552,0,assets/robocze-pdf/yt-85552.pdf,drawing-only,6
YT-85580,YT-85580 - ogrodówka spalinowa 2024-2025,0,assets/robocze-pdf/yt-85580-ogrodowka-spalinowa-2024-2025.pdf,empty,0
YT-85401,YT-85401,132,assets/robocze-pdf/yt-85401.pdf,parts-from-docx,23
YT-85690,YT-85690 YT-85691,23,assets/robocze-pdf/yt-85690-yt-85691.pdf,parts-from-docx,2
YT-85691,YT-85690 YT-85691,23,assets/robocze-pdf/yt-85690-yt-85691.pdf,parts-from-docx,2
YT-85520,YT-85520 - ogrodówka spalinowa 2024-2025,51,assets/robocze-pdf/yt-85520-ogrodowka-spalinowa-2024-2025.pdf,parts-from-docx,1
YT-85485,YT-85485,152,assets/robocze-pdf/yt-85485.pdf,parts-from-docx,4
YT-85553,YT-85553,18,assets/robocze-pdf/yt-85553.pdf,parts-from-docx,8
YT-85349,YT-85349,25,assets/robocze-pdf/yt-85349.pdf,parts-from-docx,6
YT-85370,YT-85370,58,assets/robocze-pdf/yt-85370.pdf,parts-from-docx,7
85370,YT-85370,58,assets/robocze-pdf/yt-85370.pdf,parts-from-docx,7
YT-85402,YT-85402,133,assets/robocze-pdf/yt-85402.pdf,parts-from-docx,5
YT-83061,YT-83061,25,assets/robocze-pdf/yt-83061.pdf,parts-from-docx,3
YT-84861,YT-84861,1,assets/robocze-pdf/yt-84861.pdf,parts-from-docx,9
YT-83052,YT-83052,43,assets/robocze-pdf/yt-83052.pdf,parts-from-docx,7
YT-82900,YT-82900,29,assets/robocze-pdf/yt-82900.pdf,parts-from-docx,6
82900,YT-82900,29,assets/robocze-pdf/yt-82900.pdf,parts-from-docx,6
YT-82877,YT-82877,51,assets/robocze-pdf/yt-82877.pdf,parts-from-docx,4
YT-85533,YT-85533 - ogrodówka spalinowa 2024-2025,0,assets/robocze-pdf/yt-85533-ogrodowka-spalinowa-2024-2025.pdf,drawing-only,3
YT-82922,YT-82922,31,assets/robocze-pdf/yt-82922.pdf,parts-from-docx,3
YT-82782,YT-82782 & YT-82783 & YT-82784,59,assets/robocze-pdf/yt-82782-yt-82783-yt-82784.pdf,parts-from-docx,6
YT-82783,YT-82782 & YT-82783 & YT-82784,59,assets/robocze-pdf/yt-82782-yt-82783-yt-82784.pdf,parts-from-docx,6
YT-82784,YT-82782 & YT-82783 & YT-82784,59,assets/robocze-pdf/yt-82782-yt-82783-yt-82784.pdf,parts-from-docx,6
82783,YT-82782 & YT-82783 & YT-82784,59,assets/robocze-pdf/yt-82782-yt-82783-yt-82784.pdf,parts-from-docx,6
82784,YT-82782 & YT-82783 & YT-82784,59,assets/robocze-pdf/yt-82782-yt-82783-yt-82784.pdf,parts-from-docx,6
82782,YT-82782 & YT-82783 & YT-82784,59,assets/robocze-pdf/yt-82782-yt-82783-yt-82784.pdf,parts-from-docx,6
YT-82930,YT-82930,21,assets/robocze-pdf/yt-82930.pdf,parts-from-docx,7
82930,YT-82930,21,assets/robocze-pdf/yt-82930.pdf,parts-from-docx,7
YT-84971,YT-84971,0,assets/robocze-pdf/yt-84971.pdf,drawing-only,1
YT-85554,YT-85554,36,assets/robocze-pdf/yt-85554.pdf,parts-from-docx,2
YT-82853,YT-82853,33,assets/robocze-pdf/yt-82853.pdf,parts-from-docx,6
82853,YT-82853,33,assets/robocze-pdf/yt-82853.pdf,parts-from-docx,6
YT-85179,YT-85179,31,assets/robocze-pdf/yt-85179.pdf,parts-from-docx,3
YT-82929,YT-82929,25,assets/robocze-pdf/yt-82929.pdf,parts-from-docx,5
YT-85191,YT-85191,97,assets/robocze-pdf/yt-85191.pdf,parts-from-docx,5
YT-82955,YT-82955 YT-82956,0,assets/robocze-pdf/yt-82955-yt-82956.pdf,drawing-only,4
YT-82956,YT-82955 YT-82956,0,assets/robocze-pdf/yt-82955-yt-82956.pdf,drawing-only,4
YT-85180,YT-85180,26,assets/robocze-pdf/yt-85180.pdf,parts-from-docx,4
YT-85343,YT-85343,33,assets/robocze-pdf/yt-85343.pdf,parts-from-docx,5
YT-85200,YT-85200,71,assets/robocze-pdf/yt-85200.pdf,parts-from-docx,5
YT-82927,YT-82927,44,assets/robocze-pdf/yt-82927.pdf,parts-from-docx,4
YT-84871,YT-84871,0,assets/robocze-pdf/yt-84871.pdf,drawing-only,4
YT-85364,YT-85364,75,assets/robocze-pdf/yt-85364.pdf,parts-from-docx,5
YT-85701,YT-85701,50,assets/robocze-pdf/yt-85701.pdf,parts-from-docx,2
YT-82804,YT-82804 & YT-82805,46,assets/robocze-pdf/yt-82804-yt-82805.pdf,parts-from-docx,8
YT-82805,YT-82804 & YT-82805,46,assets/robocze-pdf/yt-82804-yt-82805.pdf,parts-from-docx,8
82804,YT-82804 & YT-82805,46,assets/robocze-pdf/yt-82804-yt-82805.pdf,parts-from-docx,8
YT-85171,YT-85171 YT-82172,1,assets/robocze-pdf/yt-85171-yt-82172.pdf,parts-from-docx,3
YT-82172,YT-85171 YT-82172,1,assets/robocze-pdf/yt-85171-yt-82172.pdf,parts-from-docx,3
YT-84990,YT-84990,42,assets/robocze-pdf/yt-84990.pdf,parts-from-docx,5
YT-82611,YT-82611,46,assets/robocze-pdf/yt-82611.pdf,parts-from-docx,3
YT-82894,YT-82894 & YT-82895,57,assets/robocze-pdf/yt-82894-yt-82895.pdf,parts-from-docx,7
YT-82895,YT-82894 & YT-82895,57,assets/robocze-pdf/yt-82894-yt-82895.pdf,parts-from-docx,7
YT-82458,YT-82458,41,assets/robocze-pdf/yt-82458.pdf,parts-from-docx,10
82458,YT-82458,41,assets/robocze-pdf/yt-82458.pdf,parts-from-docx,10
YT-85170,YT-85170,30,assets/robocze-pdf/yt-85170.pdf,parts-from-docx,8
YT-85525,YT-85525 - ogrodówka spalinowa 2024-2025,1,assets/robocze-pdf/yt-85525-ogrodowka-spalinowa-2024-2025.pdf,parts-from-docx,2
YT-82459,YT-82459,25,assets/robocze-pdf/yt-82459.pdf,parts-from-docx,8
YT-82600,YT-82600,32,assets/robocze-pdf/yt-82600.pdf,parts-from-docx,2
YT-85372,YT-85372,82,assets/robocze-pdf/yt-85372.pdf,parts-from-docx,5
YT-84901,YT-84901,198,assets/robocze-pdf/yt-84901.pdf,parts-from-docx,14
84901,YT-84901,198,assets/robocze-pdf/yt-84901.pdf,parts-from-docx,14
YT-82902,YT-82902,17,assets/robocze-pdf/yt-82902.pdf,parts-from-docx,3
YT-82901,YT-82901,19,assets/robocze-pdf/yt-82901.pdf,parts-from-docx,5
82901,YT-82901,19,assets/robocze-pdf/yt-82901.pdf,parts-from-docx,5
YT-82816,YT-82816 & YT-82817,148,assets/robocze-pdf/yt-82816-yt-82817.pdf,parts-from-docx,4
YT-82817,YT-82816 & YT-82817,148,assets/robocze-pdf/yt-82816-yt-82817.pdf,parts-from-docx,4
YT-82456,YT-82456,27,assets/robocze-pdf/yt-82456.pdf,parts-from-docx,8
YT-82800,YT-82800 & YT-82801,55,assets/robocze-pdf/yt-82800-yt-82801.pdf,parts-from-docx,9
YT-82801,YT-82800 & YT-82801,55,assets/robocze-pdf/yt-82800-yt-82801.pdf,parts-from-docx,9
82800,YT-82800 & YT-82801,55,assets/robocze-pdf/yt-82800-yt-82801.pdf,parts-from-docx,9
82801,YT-82800 & YT-82801,55,assets/robocze-pdf/yt-82800-yt-82801.pdf,parts-from-docx,9
YT-85550,YT-85550,0,assets/robocze-pdf/yt-85550.pdf,drawing-only,7
YT-82880,YT-82880 & YT-82881,43,assets/robocze-pdf/yt-82880-yt-82881.pdf,parts-from-docx,7
YT-82881,YT-82880 & YT-82881,43,assets/robocze-pdf/yt-82880-yt-82881.pdf,parts-from-docx,7
YT-85341,YT-85341,30,assets/robocze-pdf/yt-85341.pdf,parts-from-docx,8
85341,YT-85341,30,assets/robocze-pdf/yt-85341.pdf,parts-from-docx,8
YT-82550,YT-82550,36,assets/robocze-pdf/yt-82550.pdf,parts-from-docx,2
YT-82461,YT-82461,1,assets/robocze-pdf/yt-82461.pdf,parts-from-docx,3
YT-82292,YT-82292,25,assets/robocze-pdf/yt-82292.pdf,parts-from-docx,5
YT-85017,YT-85017_YT-85018,38,assets/robocze-pdf/yt-85017-yt-85018.pdf,parts-from-docx,7
YT-85018,YT-85017_YT-85018,38,assets/robocze-pdf/yt-85017-yt-85018.pdf,parts-from-docx,7
YT-82296,YT-82296,34,assets/robocze-pdf/yt-82296.pdf,parts-from-docx,5
YT-82770,YT-82770,80,assets/robocze-pdf/yt-82770.pdf,parts-from-docx,4
82770,YT-82770,80,assets/robocze-pdf/yt-82770.pdf,parts-from-docx,4
YT-85421,YT-85421,200,assets/robocze-pdf/yt-85421.pdf,parts-from-docx,3
85421,YT-85421,200,assets/robocze-pdf/yt-85421.pdf,parts-from-docx,3
YT-82356,YT-82356,123,assets/robocze-pdf/yt-82356.pdf,parts-from-docx,4
YT-82294,YT-82294,29,assets/robocze-pdf/yt-82294.pdf,parts-from-docx,6
YT-82297,YT-82297,29,assets/robocze-pdf/yt-82297.pdf,parts-from-docx,6
YT-82455,YT-82455,33,assets/robocze-pdf/yt-82455.pdf,parts-from-docx,6
82455,YT-82455,33,assets/robocze-pdf/yt-82455.pdf,parts-from-docx,6
YT-85019,YT-85019_YT-85020,39,assets/robocze-pdf/yt-85019-yt-85020.pdf,parts-from-docx,7
YT-85020,YT-85019_YT-85020,39,assets/robocze-pdf/yt-85019-yt-85020.pdf,parts-from-docx,7
YT-83051,YT-83051,43,assets/robocze-pdf/yt-83051.pdf,parts-from-docx,8
YT-85403,YT-85403,133,assets/robocze-pdf/yt-85403.pdf,parts-from-docx,3
YT-85015,YT-85015,41,assets/robocze-pdf/yt-85015.pdf,parts-from-docx,4
YT-82788,YT-82788 & YT-82789,64,assets/robocze-pdf/yt-82788-yt-82789.pdf,parts-from-docx,8
YT-82789,YT-82788 & YT-82789,64,assets/robocze-pdf/yt-82788-yt-82789.pdf,parts-from-docx,8
82788,YT-82788 & YT-82789,64,assets/robocze-pdf/yt-82788-yt-82789.pdf,parts-from-docx,8
82789,YT-82788 & YT-82789,64,assets/robocze-pdf/yt-82788-yt-82789.pdf,parts-from-docx,8
YT-82291,YT-82291,23,assets/robocze-pdf/yt-82291.pdf,parts-from-docx,6
82291,YT-82291,23,assets/robocze-pdf/yt-82291.pdf,parts-from-docx,6
YT-82274,YT-82274,53,assets/robocze-pdf/yt-82274.pdf,parts-from-docx,5
YT-85532,YT-85532 - ogrodówka spalinowa 2024-2025,91,assets/robocze-pdf/yt-85532-ogrodowka-spalinowa-2024-2025.pdf,parts-from-docx,4
YT-82350,YT-82350,168,assets/robocze-pdf/yt-82350.pdf,parts-from-docx,7
82350,YT-82350,168,assets/robocze-pdf/yt-82350.pdf,parts-from-docx,7
YT-85551,YT-85551,20,assets/robocze-pdf/yt-85551.pdf,parts-from-docx,8
YT-82230,YT-82230,41,assets/robocze-pdf/yt-82230.pdf,parts-from-docx,3
YT-82763,YT-82763,13,assets/robocze-pdf/yt-82763.pdf,parts-from-docx,2
YT-82196,YT-82196,51,assets/robocze-pdf/yt-82196.pdf,parts-from-docx,5
YT-82273,YT-82273,105,assets/robocze-pdf/yt-82273.pdf,parts-from-docx,6
YT-82200,YT-82200,0,assets/robocze-pdf/yt-82200.pdf,drawing-only,4
YT-82385,YT-82385,99,assets/robocze-pdf/yt-82385.pdf,parts-from-docx,3
230825,YT-82385,99,assets/robocze-pdf/yt-82385.pdf,parts-from-docx,3
YT-82175,YT-82175,175,assets/robocze-pdf/yt-82175.pdf,parts-from-docx,3
180926,YT-82175,175,assets/robocze-pdf/yt-82175.pdf,parts-from-docx,3
YT-85005,YT-85005,87,assets/robocze-pdf/yt-85005.pdf,parts-from-docx,7
YT-82191,YT-82191,39,assets/robocze-pdf/yt-82191.pdf,parts-from-docx,6
YT-85333,YT-85333,31,assets/robocze-pdf/yt-85333.pdf,parts-from-docx,5
YT-82176,YT-82176,230,assets/robocze-pdf/yt-82176.pdf,parts-from-docx,4
YT-82190,YT-82190,20,assets/robocze-pdf/yt-82190.pdf,parts-from-docx,3
YT-84872,YT-84872,103,assets/robocze-pdf/yt-84872.pdf,parts-from-docx,3
YT-85371,YT-85371,72,assets/robocze-pdf/yt-85371.pdf,parts-from-docx,5
YT-82185,YT-82185,96,assets/robocze-pdf/yt-82185.pdf,parts-from-docx,3
YT-82380,YT-82380,70,assets/robocze-pdf/yt-82380.pdf,parts-from-docx,5
YT-82208,YT-82208,41,assets/robocze-pdf/yt-82208.pdf,parts-from-docx,5
YT-82903,YT-82903,15,assets/robocze-pdf/yt-82903.pdf,parts-from-docx,5
82903,YT-82903,15,assets/robocze-pdf/yt-82903.pdf,parts-from-docx,5
YT-82802,YT-82802,4,assets/robocze-pdf/yt-82802.pdf,parts-from-docx,4
YT-84868,YT-84868,1,assets/robocze-pdf/yt-84868.pdf,parts-from-docx,4
YT-82280,YT-82280,112,assets/robocze-pdf/yt-82280.pdf,parts-from-docx,2
YT-82194,YT-82194,74,assets/robocze-pdf/yt-82194.pdf,parts-from-docx,4
YT-85013,YT-85013_YT-85014,59,assets/robocze-pdf/yt-85013-yt-85014.pdf,parts-from-docx,8
YT-85014,YT-85013_YT-85014,59,assets/robocze-pdf/yt-85013-yt-85014.pdf,parts-from-docx,8
YT-82192,YT-82192,63,assets/robocze-pdf/yt-82192.pdf,parts-from-docx,4
YT-85222,YT-85222 & YT-85223,175,assets/robocze-pdf/yt-85222-yt-85223.pdf,parts-from-docx,8
YT-85223,YT-85222 & YT-85223,175,assets/robocze-pdf/yt-85222-yt-85223.pdf,parts-from-docx,8
11082,YT-85222 & YT-85223,175,assets/robocze-pdf/yt-85222-yt-85223.pdf,parts-from-docx,8
11017,YT-85222 & YT-85223,175,assets/robocze-pdf/yt-85222-yt-85223.pdf,parts-from-docx,8
YT-84870,YT-84870,88,assets/robocze-pdf/yt-84870.pdf,parts-from-docx,5
YT-82173,YT-82173,151,assets/robocze-pdf/yt-82173.pdf,parts-from-docx,3
180926,YT-82173,151,assets/robocze-pdf/yt-82173.pdf,parts-from-docx,3
YT-82141,YT-82141,69,assets/robocze-pdf/yt-82141.pdf,parts-from-docx,3
YT-82158,YT-82158,101,assets/robocze-pdf/yt-82158.pdf,parts-from-docx,5
YT-82138,YT-82138,7,assets/robocze-pdf/yt-82138.pdf,parts-from-docx,5
YT-82152,YT-82152,69,assets/robocze-pdf/yt-82152.pdf,parts-from-docx,5
YT-82135,YT-82135,169,assets/robocze-pdf/yt-82135.pdf,parts-from-docx,3
82135,YT-82135,169,assets/robocze-pdf/yt-82135.pdf,parts-from-docx,3
YT-82147,YT-82147,184,assets/robocze-pdf/yt-82147.pdf,parts-from-docx,4
YT-82780,YT-82780 & YT-82781,59,assets/robocze-pdf/yt-82780-yt-82781.pdf,parts-from-docx,5
YT-82781,YT-82780 & YT-82781,59,assets/robocze-pdf/yt-82780-yt-82781.pdf,parts-from-docx,5
YT-82133,YT-82133,73,assets/robocze-pdf/yt-82133.pdf,parts-from-docx,5
82133,YT-82133,73,assets/robocze-pdf/yt-82133.pdf,parts-from-docx,5
YT-82118,YT-82118,108,assets/robocze-pdf/yt-82118.pdf,parts-from-docx,3
YT-82281,YT-82281,79,assets/robocze-pdf/yt-82281.pdf,parts-from-docx,5
YT-82174,YT-82174,152,assets/robocze-pdf/yt-82174.pdf,parts-from-docx,4
180926,YT-82174,152,assets/robocze-pdf/yt-82174.pdf,parts-from-docx,4
YT-85301,YT-85301,101,assets/robocze-pdf/yt-85301.pdf,parts-from-docx,5
YT-82451,YT-82451,16,assets/robocze-pdf/yt-82451.pdf,parts-from-docx,4
YT-83096,YT-83096,13,assets/robocze-pdf/yt-83096.pdf,parts-from-docx,1
YT-82904,YT-82904,28,assets/robocze-pdf/yt-82904.pdf,parts-from-docx,4
YT-82070,YT-82070,48,assets/robocze-pdf/yt-82070.pdf,parts-from-docx,4
82070,YT-82070,48,assets/robocze-pdf/yt-82070.pdf,parts-from-docx,4
YT-82282,YT-82282,37,assets/robocze-pdf/yt-82282.pdf,parts-from-docx,5
YT-84800,YT-84800,93,assets/robocze-pdf/yt-84800.pdf,parts-from-docx,5
YT-82101,YT-82101,57,assets/robocze-pdf/yt-82101.pdf,parts-from-docx,3
YT-84790,YT-84790,160,assets/robocze-pdf/yt-84790.pdf,parts-from-docx,4
YT-84780,YT-84790,160,assets/robocze-pdf/yt-84790.pdf,parts-from-docx,4
YT-84893,YT-84893,149,assets/robocze-pdf/yt-84893.pdf,parts-from-docx,3
84893,YT-84893,149,assets/robocze-pdf/yt-84893.pdf,parts-from-docx,3
YT-85483,YT-85483,130,assets/robocze-pdf/yt-85483.pdf,parts-from-docx,1
YT-85330,YT-85330,31,assets/robocze-pdf/yt-85330.pdf,parts-from-docx,6
YT-82048,YT-82048,1,assets/robocze-pdf/yt-82048.pdf,parts-from-docx,3
YT-82168,YT-82168,113,assets/robocze-pdf/yt-82168.pdf,parts-from-docx,5
YT-82457,YT-82457,27,assets/robocze-pdf/yt-82457.pdf,parts-from-docx,9
82457,YT-82457,27,assets/robocze-pdf/yt-82457.pdf,parts-from-docx,9
YT-84820,YT-84820,174,assets/robocze-pdf/yt-84820.pdf,parts-from-docx,18
YT-85482,YT-85482,100,assets/robocze-pdf/yt-85482.pdf,parts-from-docx,4
YT-85010,YT-85010,73,assets/robocze-pdf/yt-85010.pdf,parts-from-docx,7
85010,YT-85010,73,assets/robocze-pdf/yt-85010.pdf,parts-from-docx,7
YT-82834,YT-82834 & YT-82835,58,assets/robocze-pdf/yt-82834-yt-82835.pdf,parts-from-docx,3
YT-82835,YT-82834 & YT-82835,58,assets/robocze-pdf/yt-82834-yt-82835.pdf,parts-from-docx,3
YT-82265,YT-82265,3,assets/robocze-pdf/yt-82265.pdf,parts-from-docx,3
160154,YT-82265,3,assets/robocze-pdf/yt-82265.pdf,parts-from-docx,3
YT-82806,YT-82806 & YT-82807 & YT-828061,42,assets/robocze-pdf/yt-82806-yt-82807-yt-828061.pdf,parts-from-docx,7
YT-82807,YT-82806 & YT-82807 & YT-828061,42,assets/robocze-pdf/yt-82806-yt-82807-yt-828061.pdf,parts-from-docx,7
YT-828061,YT-82806 & YT-82807 & YT-828061,42,assets/robocze-pdf/yt-82806-yt-82807-yt-828061.pdf,parts-from-docx,7
YT-85286,YT-85286,57,assets/robocze-pdf/yt-85286.pdf,parts-from-docx,10
110755,YT-85286,57,assets/robocze-pdf/yt-85286.pdf,parts-from-docx,10
240115,YT-85286,57,assets/robocze-pdf/yt-85286.pdf,parts-from-docx,10
240116,YT-85286,57,assets/robocze-pdf/yt-85286.pdf,parts-from-docx,10
YT-82060,YT-82060,59,assets/robocze-pdf/yt-82060.pdf,parts-from-docx,4
YT-82100,YT-82100,52,assets/robocze-pdf/yt-82100.pdf,parts-from-docx,3
YT-82005,YT-82005,104,assets/robocze-pdf/yt-82005.pdf,parts-from-docx,6
250530,YT-82005,104,assets/robocze-pdf/yt-82005.pdf,parts-from-docx,6
YT-82796,YT-82796 & YT-82797,65,assets/robocze-pdf/yt-82796-yt-82797.pdf,parts-from-docx,7
YT-82797,YT-82796 & YT-82797,65,assets/robocze-pdf/yt-82796-yt-82797.pdf,parts-from-docx,7
82797,YT-82796 & YT-82797,65,assets/robocze-pdf/yt-82796-yt-82797.pdf,parts-from-docx,7
82796,YT-82796 & YT-82797,65,assets/robocze-pdf/yt-82796-yt-82797.pdf,parts-from-docx,7
YT-82172,YT-82172,150,assets/robocze-pdf/yt-82172.pdf,parts-from-docx,4
180926,YT-82172,150,assets/robocze-pdf/yt-82172.pdf,parts-from-docx,4
YT-82267,YT-82267,102,assets/robocze-pdf/yt-82267.pdf,parts-from-docx,3
YT-84910,YT-84910,183,assets/robocze-pdf/yt-84910.pdf,parts-from-docx,11
YT-82151,YT-82151,88,assets/robocze-pdf/yt-82151.pdf,parts-from-docx,5
180921,YT-82151,88,assets/robocze-pdf/yt-82151.pdf,parts-from-docx,5
YT-85521,YT-85521 - ogrodówka spalinowa 2024-2025,1,assets/robocze-pdf/yt-85521-ogrodowka-spalinowa-2024-2025.pdf,parts-from-docx,3
YT-82123,YT-82123,0,assets/robocze-pdf/yt-82123.pdf,drawing-only,3
YT-82818,YT-82818 & YT-82819,44,assets/robocze-pdf/yt-82818-yt-82819.pdf,parts-from-docx,7
YT-82819,YT-82818 & YT-82819,44,assets/robocze-pdf/yt-82818-yt-82819.pdf,parts-from-docx,7
82819,YT-82818 & YT-82819,44,assets/robocze-pdf/yt-82818-yt-82819.pdf,parts-from-docx,7
82818,YT-82818 & YT-82819,44,assets/robocze-pdf/yt-82818-yt-82819.pdf,parts-from-docx,7
YT-82075,YT-82075&YT-82076,0,assets/robocze-pdf/yt-82075-yt-82076.pdf,drawing-only,4
YT-82076,YT-82075&YT-82076,0,assets/robocze-pdf/yt-82075-yt-82076.pdf,drawing-only,4
014020,YT-82075&YT-82076,0,assets/robocze-pdf/yt-82075-yt-82076.pdf,drawing-only,4
YT-82025,YT-82025,53,assets/robocze-pdf/yt-82025.pdf,parts-from-docx,3
YT-82163,YT-82163,47,assets/robocze-pdf/yt-82163.pdf,parts-from-docx,5
YT-82223,YT-82223,59,assets/robocze-pdf/yt-82223.pdf,parts-from-docx,5
82223,YT-82223,59,assets/robocze-pdf/yt-82223.pdf,parts-from-docx,5
YT-85205,YT-85205,97,assets/robocze-pdf/yt-85205.pdf,parts-from-docx,4
YT-85481,YT-85481,74,assets/robocze-pdf/yt-85481.pdf,parts-from-docx,5
YT-82389,YT-82389,125,assets/robocze-pdf/yt-82389.pdf,parts-from-docx,5
YT-82034,YT-82034,42,assets/robocze-pdf/yt-82034.pdf,parts-from-docx,4
82034,YT-82034,42,assets/robocze-pdf/yt-82034.pdf,parts-from-docx,4
YT-82050,YT-82050,42,assets/robocze-pdf/yt-82050.pdf,parts-from-docx,4
YT-82044,YT-82044,71,assets/robocze-pdf/yt-82044.pdf,parts-from-docx,4
82044,YT-82044,71,assets/robocze-pdf/yt-82044.pdf,parts-from-docx,4
YT-82002,YT-82002,97,assets/robocze-pdf/yt-82002.pdf,parts-from-docx,6
82002,YT-82002,97,assets/robocze-pdf/yt-82002.pdf,parts-from-docx,6
YT-82794,YT-82794 & YT-82795,59,assets/robocze-pdf/yt-82794-yt-82795.pdf,parts-from-docx,8
YT-82795,YT-82794 & YT-82795,59,assets/robocze-pdf/yt-82794-yt-82795.pdf,parts-from-docx,8
82794,YT-82794 & YT-82795,59,assets/robocze-pdf/yt-82794-yt-82795.pdf,parts-from-docx,8
82795,YT-82794 & YT-82795,59,assets/robocze-pdf/yt-82794-yt-82795.pdf,parts-from-docx,8
YT-84860,YT-84860,175,assets/robocze-pdf/yt-84860.pdf,parts-from-docx,6
YT-81980,YT-81980,79,assets/robocze-pdf/yt-81980.pdf,parts-from-docx,6
81980,YT-81980,79,assets/robocze-pdf/yt-81980.pdf,parts-from-docx,6
YT-81953,YT-81953,67,assets/robocze-pdf/yt-81953.pdf,parts-from-docx,3
YT-81401,YT-81401,34,assets/robocze-pdf/yt-81401.pdf,parts-from-docx,5
YT-82015,YT-82015,91,assets/robocze-pdf/yt-82015.pdf,parts-from-docx,4
041006,YT-82015,91,assets/robocze-pdf/yt-82015.pdf,parts-from-docx,4
YT-81956,YT-81956,64,assets/robocze-pdf/yt-81956.pdf,parts-from-docx,5
022004,YT-81956,64,assets/robocze-pdf/yt-81956.pdf,parts-from-docx,5
YT-81400,YT-81400,26,assets/robocze-pdf/yt-81400.pdf,parts-from-docx,5
YT-81382,YT-81382,19,assets/robocze-pdf/yt-81382.pdf,parts-from-docx,5
YT-81420,YT-81420,21,assets/robocze-pdf/yt-81420.pdf,parts-from-docx,5
YT-81358,YT-81358,43,assets/robocze-pdf/yt-81358.pdf,parts-from-docx,4
YT-85453,YT-85453,125,assets/robocze-pdf/yt-85453.pdf,parts-from-docx,4
YT-85451,YT-85453,125,assets/robocze-pdf/yt-85453.pdf,parts-from-docx,4
YT-82115,YT-82115,106,assets/robocze-pdf/yt-82115.pdf,parts-from-docx,4
82115,YT-82115,106,assets/robocze-pdf/yt-82115.pdf,parts-from-docx,4
YT-81380,YT-81380,17,assets/robocze-pdf/yt-81380.pdf,parts-from-docx,5
YT-82165,YT-82165,156,assets/robocze-pdf/yt-82165.pdf,parts-from-docx,3
YT-82355,YT-82355,44,assets/robocze-pdf/yt-82355.pdf,parts-from-docx,6
YT-82125,YT-82125,104,assets/robocze-pdf/yt-82125.pdf,parts-from-docx,4
82125,YT-82125,104,assets/robocze-pdf/yt-82125.pdf,parts-from-docx,4
YT-85283,YT-85283,59,assets/robocze-pdf/yt-85283.pdf,parts-from-docx,7
YT-82855,YT-82855,33,assets/robocze-pdf/yt-82855.pdf,parts-from-docx,6
82855,YT-82855,33,assets/robocze-pdf/yt-82855.pdf,parts-from-docx,6
YT-55600,YT-55600,51,assets/robocze-pdf/yt-55600.pdf,parts-from-docx,3
YT-55585,YT-55585,54,assets/robocze-pdf/yt-55585.pdf,parts-from-docx,7
07305,YT-55585,54,assets/robocze-pdf/yt-55585.pdf,parts-from-docx,7
YT-82134,YT-82134,0,assets/robocze-pdf/yt-82134.pdf,drawing-only,3
YT-36177,YT-36177,62,assets/robocze-pdf/yt-36177.pdf,parts-from-docx,4
YT-55556,YT-55556,35,assets/robocze-pdf/yt-55556.pdf,parts-from-docx,3
YT-72920,YT-72920,33,assets/robocze-pdf/yt-72920.pdf,parts-from-docx,4
YT-55557,YT-55557,14,assets/robocze-pdf/yt-55557.pdf,parts-from-docx,2
YT-30522,YT-30522,17,assets/robocze-pdf/yt-30522.pdf,parts-from-docx,6
YT-55581,YT-55581,23,assets/robocze-pdf/yt-55581.pdf,parts-from-docx,7
YT-36091,YT-36091,45,assets/robocze-pdf/yt-36091.pdf,parts-from-docx,3
YT-36092,YT-36092,45,assets/robocze-pdf/yt-36092.pdf,parts-from-docx,4
YT-36171,YT-36171,56,assets/robocze-pdf/yt-36171.pdf,parts-from-docx,5
YT-30521,YT-30521,16,assets/robocze-pdf/yt-30521.pdf,parts-from-docx,6
YT-36112,YT-36112,33,assets/robocze-pdf/yt-36112.pdf,parts-from-docx,4
YT-82790,"YT-82790, YT-82791, YT-82792",4,assets/robocze-pdf/yt-82790-yt-82791-yt-82792.pdf,parts-from-docx,5
YT-82791,"YT-82790, YT-82791, YT-82792",4,assets/robocze-pdf/yt-82790-yt-82791-yt-82792.pdf,parts-from-docx,5
YT-82792,"YT-82790, YT-82791, YT-82792",4,assets/robocze-pdf/yt-82790-yt-82791-yt-82792.pdf,parts-from-docx,5
60202,"YT-82790, YT-82791, YT-82792",4,assets/robocze-pdf/yt-82790-yt-82791-yt-82792.pdf,parts-from-docx,5
YT-82288,YT-82288,23,assets/robocze-pdf/yt-82288.pdf,parts-from-docx,4
YT-82130,YT-82130,122,assets/robocze-pdf/yt-82130.pdf,parts-from-docx,3
YT-82020,YT-82020,39,assets/robocze-pdf/yt-82020.pdf,parts-from-docx,3
YT-36150,YT-36150,30,assets/robocze-pdf/yt-36150.pdf,parts-from-docx,3
YT-84970,YT-84970,0,assets/robocze-pdf/yt-84970.pdf,drawing-only,1
YT-23701,YT-23701,24,assets/robocze-pdf/yt-23701.pdf,parts-from-docx,4
YT-17213,YT-17213,50,assets/robocze-pdf/yt-17213.pdf,parts-from-docx,4
YT-79955,YT-79955,98,assets/robocze-pdf/yt-79955.pdf,parts-from-docx,6
YT-82132,YT-82132,9,assets/robocze-pdf/yt-82132.pdf,parts-from-docx,2
YT-23306,YT-23306 YT-23311,95,assets/robocze-pdf/yt-23306-yt-23311.pdf,parts-from-docx,8
YT-23311,YT-23306 YT-23311,95,assets/robocze-pdf/yt-23306-yt-23311.pdf,parts-from-docx,8
YT-84770,YT-84770,63,assets/robocze-pdf/yt-84770.pdf,parts-from-docx,3
84770,YT-84770,63,assets/robocze-pdf/yt-84770.pdf,parts-from-docx,3
YT-21758,YT-21758,46,assets/robocze-pdf/yt-21758.pdf,parts-from-docx,3
YT-82181,YT-82181,94,assets/robocze-pdf/yt-82181.pdf,parts-from-docx,3
YT-30520,YT-30520,15,assets/robocze-pdf/yt-30520.pdf,parts-from-docx,6
YT-84797,YT-84797,71,assets/robocze-pdf/yt-84797.pdf,parts-from-docx,6
YT-82206,YT-82206,88,assets/robocze-pdf/yt-82206.pdf,parts-from-docx,4
YT-83101,YT-83101,10,assets/robocze-pdf/yt-83101.pdf,parts-from-docx,4
83101,YT-83101,10,assets/robocze-pdf/yt-83101.pdf,parts-from-docx,4
YT-82888,YT-82888 & YT-82889,29,assets/robocze-pdf/yt-82888-yt-82889.pdf,parts-from-docx,5
YT-82889,YT-82888 & YT-82889,29,assets/robocze-pdf/yt-82888-yt-82889.pdf,parts-from-docx,5
YT-82798,YT-82798 YT-82799,48,assets/robocze-pdf/yt-82798-yt-82799.pdf,parts-from-docx,5
YT-82799,YT-82798 YT-82799,48,assets/robocze-pdf/yt-82798-yt-82799.pdf,parts-from-docx,5
YT-36119,YT-36119,52,assets/robocze-pdf/yt-36119.pdf,parts-from-docx,4
YT-83060,YT-83060,23,assets/robocze-pdf/yt-83060.pdf,parts-from-docx,3
YT-85230,YT-85230,31,assets/robocze-pdf/yt-85230.pdf,parts-from-docx,4
YT-82045,YT-82045,77,assets/robocze-pdf/yt-82045.pdf,parts-from-docx,3
YT-82119,YT-82119,139,assets/robocze-pdf/yt-82119.pdf,parts-from-docx,4
YT-82106,YT-82106,69,assets/robocze-pdf/yt-82106.pdf,parts-from-docx,3
YT-82375,YT-82375,67,assets/robocze-pdf/yt-82375.pdf,parts-from-docx,5
YT-83090,YT-83090_YT-83091_YT-83092,219,assets/robocze-pdf/yt-83090-yt-83091-yt-83092.pdf,parts-from-docx,3
YT-83091,YT-83090_YT-83091_YT-83092,219,assets/robocze-pdf/yt-83090-yt-83091-yt-83092.pdf,parts-from-docx,3
YT-83092,YT-83090_YT-83091_YT-83092,219,assets/robocze-pdf/yt-83090-yt-83091-yt-83092.pdf,parts-from-docx,3
YT-85440,YT-85440,168,assets/robocze-pdf/yt-85440.pdf,parts-from-docx,3
YT-85004,YT-85004,214,assets/robocze-pdf/yt-85004.pdf,parts-from-docx,7
YT-18900,YT-18900,34,assets/robocze-pdf/yt-18900.pdf,parts-from-docx,4
YT-73030,YT-73030,2,assets/robocze-pdf/yt-73030.pdf,parts-from-docx,3
YT-82767,YT-82767,44,assets/robocze-pdf/yt-82767.pdf,parts-from-docx,6
YT-82040,YT-82040,47,assets/robocze-pdf/yt-82040.pdf,parts-from-docx,4
82040,YT-82040,47,assets/robocze-pdf/yt-82040.pdf,parts-from-docx,4
YT-82830,YT-82830 & YT-82831,74,assets/robocze-pdf/yt-82830-yt-82831.pdf,parts-from-docx,4
YT-82831,YT-82830 & YT-82831,74,assets/robocze-pdf/yt-82830-yt-82831.pdf,parts-from-docx,4
YT-09741,YT-09741,45,assets/robocze-pdf/yt-09741.pdf,parts-from-docx,6
YT-09803,YT-09803,32,assets/robocze-pdf/yt-09803.pdf,parts-from-docx,3
YT-17412,YT-17412,31,assets/robocze-pdf/yt-17412.pdf,parts-from-docx,4
YT-09945,YT-09945,35,assets/robocze-pdf/yt-09945.pdf,parts-from-docx,3
YT-09913,YT-09913,22,assets/robocze-pdf/yt-09913.pdf,parts-from-docx,3
YT-85220,YT-85220 & YT-85221,111,assets/robocze-pdf/yt-85220-yt-85221.pdf,parts-from-docx,6
YT-85221,YT-85220 & YT-85221,111,assets/robocze-pdf/yt-85220-yt-85221.pdf,parts-from-docx,6
YT-82003,YT-82003,2,assets/robocze-pdf/yt-82003.pdf,parts-from-docx,2
YT-82342,YT-82342,59,assets/robocze-pdf/yt-82342.pdf,parts-from-docx,5
YT-82080,YT-82080,49,assets/robocze-pdf/yt-82080.pdf,parts-from-docx,5
YT-82164,YT-82164,63,assets/robocze-pdf/yt-82164.pdf,parts-from-docx,5
023003,YT-82164,63,assets/robocze-pdf/yt-82164.pdf,parts-from-docx,5
YT-85486,YT-85486,155,assets/robocze-pdf/yt-85486.pdf,parts-from-docx,1
YT-82131,YT-82131,145,assets/robocze-pdf/yt-82131.pdf,parts-from-docx,6
YT-82240,YT-82240,72,assets/robocze-pdf/yt-82240.pdf,parts-from-docx,5
YT-09615,YT-09615,59,assets/robocze-pdf/yt-09615.pdf,parts-from-docx,4
YT-09564,YT-09615,59,assets/robocze-pdf/yt-09615.pdf,parts-from-docx,4
YT-82341,YT-82341,85,assets/robocze-pdf/yt-82341.pdf,parts-from-docx,4
YT-09910,YT-09910,21,assets/robocze-pdf/yt-09910.pdf,parts-from-docx,4
YT-09944,YT-09944,39,assets/robocze-pdf/yt-09944.pdf,parts-from-docx,3
YT-85451,YT-85451,123,assets/robocze-pdf/yt-85451.pdf,parts-from-docx,6
YT-85453,YT-85451,123,assets/robocze-pdf/yt-85451.pdf,parts-from-docx,6
YT-85001,YT-85001,172,assets/robocze-pdf/yt-85001.pdf,parts-from-docx,7
YT-85363,YT-85363,69,assets/robocze-pdf/yt-85363.pdf,parts-from-docx,5
YT-09633,YT-09633,36,assets/robocze-pdf/yt-09633.pdf,parts-from-docx,4
YT-85420,YT-85420,93,assets/robocze-pdf/yt-85420.pdf,parts-from-docx,6
YT-85432,YT-85432,150,assets/robocze-pdf/yt-85432.pdf,parts-from-docx,3
85432,YT-85432,150,assets/robocze-pdf/yt-85432.pdf,parts-from-docx,3
YT-85434,YT-85434,172,assets/robocze-pdf/yt-85434.pdf,parts-from-docx,2
YT-82765,YT-82765,63,assets/robocze-pdf/yt-82765.pdf,parts-from-docx,5
YT-09703,YT-09703,34,assets/robocze-pdf/yt-09703.pdf,parts-from-docx,3
YT-36095,YT-36095,33,assets/robocze-pdf/yt-36095.pdf,parts-from-docx,3
YT-36013,YT-36013,47,assets/robocze-pdf/yt-36013.pdf,parts-from-docx,3
YT-85460,YT-85460,169,assets/robocze-pdf/yt-85460.pdf,parts-from-docx,4
YT-85350,YT-85350,38,assets/robocze-pdf/yt-85350.pdf,parts-from-docx,3
YT-85271,YT-85271,0,assets/robocze-pdf/yt-85271.pdf,empty,1
YT-85437,YT-85437,174,assets/robocze-pdf/yt-85437.pdf,parts-from-docx,2
YT-09546,YT-09546,41,assets/robocze-pdf/yt-09546.pdf,parts-from-docx,9
YT-09715,YT-09715,34,assets/robocze-pdf/yt-09715.pdf,parts-from-docx,11
YT-09545,YT-09545,45,assets/robocze-pdf/yt-09545.pdf,parts-from-docx,4
YT-09730,YT-09730,41,assets/robocze-pdf/yt-09730.pdf,parts-from-docx,3
YT-09676,YT-09676,43,assets/robocze-pdf/yt-09676.pdf,parts-from-docx,4
YT-85287,YT-85287,0,assets/robocze-pdf/yt-85287.pdf,drawing-only,10
110755,YT-85287,0,assets/robocze-pdf/yt-85287.pdf,drawing-only,10
240116,YT-85287,0,assets/robocze-pdf/yt-85287.pdf,drawing-only,10
240115,YT-85287,0,assets/robocze-pdf/yt-85287.pdf,drawing-only,10
YT-17410,YT-17410,45,assets/robocze-pdf/yt-17410.pdf,parts-from-docx,4
YT-82157,YT-82157,74,assets/robocze-pdf/yt-82157.pdf,parts-from-docx,5
YT-85422,YT-85422,206,assets/robocze-pdf/yt-85422.pdf,parts-from-docx,3
85422,YT-85422,206,assets/robocze-pdf/yt-85422.pdf,parts-from-docx,3
YT-82886,YT-82886 YT-82887,25,assets/robocze-pdf/yt-82886-yt-82887.pdf,parts-from-docx,8
YT-82887,YT-82886 YT-82887,25,assets/robocze-pdf/yt-82886-yt-82887.pdf,parts-from-docx,8
YT-55808,YT-55808,11,assets/robocze-pdf/yt-55808.pdf,parts-from-docx,3
YT-82772,YT-82772,81,assets/robocze-pdf/yt-82772.pdf,parts-from-docx,6
YT-09544,YT-09544,48,assets/robocze-pdf/yt-09544.pdf,parts-from-docx,4
YT-09528,YT-09528,49,assets/robocze-pdf/yt-09528.pdf,parts-from-docx,7
YT-09540,YT-09540,44,assets/robocze-pdf/yt-09540.pdf,parts-from-docx,6
YT-09525,YT-09525,46,assets/robocze-pdf/yt-09525.pdf,parts-from-docx,10
09525,YT-09525,46,assets/robocze-pdf/yt-09525.pdf,parts-from-docx,10
YT-854837,YT-854837,104,assets/robocze-pdf/yt-854837.pdf,parts-from-docx,3
YT-09222,YT-09222,93,assets/robocze-pdf/yt-09222.pdf,parts-from-docx,4
YT-82122,YT-82122,0,assets/robocze-pdf/yt-82122.pdf,drawing-only,2
YT-82854,YT-82854,31,assets/robocze-pdf/yt-82854.pdf,parts-from-docx,6
YT-09955,YT-09955,95,assets/robocze-pdf/yt-09955.pdf,parts-from-docx,5
YT-30424,YT-30424,14,assets/robocze-pdf/yt-30424.pdf,parts-from-docx,3
YT-82035,YT-82035,40,assets/robocze-pdf/yt-82035.pdf,parts-from-docx,5
82035,YT-82035,40,assets/robocze-pdf/yt-82035.pdf,parts-from-docx,5
YT-82786,YT-82786 & YT-82787,64,assets/robocze-pdf/yt-82786-yt-82787.pdf,parts-from-docx,5
YT-82787,YT-82786 & YT-82787,64,assets/robocze-pdf/yt-82786-yt-82787.pdf,parts-from-docx,5
82786,YT-82786 & YT-82787,64,assets/robocze-pdf/yt-82786-yt-82787.pdf,parts-from-docx,5
82787,YT-82786 & YT-82787,64,assets/robocze-pdf/yt-82786-yt-82787.pdf,parts-from-docx,5
YT-09571,YT-09571,44,assets/robocze-pdf/yt-09571.pdf,parts-from-docx,10
09571,YT-09571,44,assets/robocze-pdf/yt-09571.pdf,parts-from-docx,10
YT-23241,YT-23241 YT-23242,1,assets/robocze-pdf/yt-23241-yt-23242.pdf,parts-from-docx,3
YT-23242,YT-23241 YT-23242,1,assets/robocze-pdf/yt-23241-yt-23242.pdf,parts-from-docx,3
YT-84640,YT-84640 YT-84641,29,assets/robocze-pdf/yt-84640-yt-84641.pdf,parts-from-docx,5
YT-84641,YT-84640 YT-84641,29,assets/robocze-pdf/yt-84640-yt-84641.pdf,parts-from-docx,5
YT-84861,YT-84640 YT-84641,29,assets/robocze-pdf/yt-84640-yt-84641.pdf,parts-from-docx,5
YT-82606,YT-82606,7,assets/robocze-pdf/yt-82606.pdf,parts-from-docx,4
YT-82250,YT-82250,21,assets/robocze-pdf/yt-82250.pdf,parts-from-docx,4
82250,YT-82250,21,assets/robocze-pdf/yt-82250.pdf,parts-from-docx,4
YT-09516,YT-09516,49,assets/robocze-pdf/yt-09516.pdf,parts-from-docx,6
YT-09513,YT-09513,37,assets/robocze-pdf/yt-09513.pdf,parts-from-docx,7
YT-85224,YT-85224 & YT-85225,17,assets/robocze-pdf/yt-85224-yt-85225.pdf,parts-from-docx,6
YT-85225,YT-85224 & YT-85225,17,assets/robocze-pdf/yt-85224-yt-85225.pdf,parts-from-docx,6
10715,YT-85224 & YT-85225,17,assets/robocze-pdf/yt-85224-yt-85225.pdf,parts-from-docx,6
10772,YT-85224 & YT-85225,17,assets/robocze-pdf/yt-85224-yt-85225.pdf,parts-from-docx,6
YT-85176,YT-85176 YT-85177,33,assets/robocze-pdf/yt-85176-yt-85177.pdf,parts-from-docx,3
YT-85177,YT-85176 YT-85177,33,assets/robocze-pdf/yt-85176-yt-85177.pdf,parts-from-docx,3
YT-09213,YT-09213,95,assets/robocze-pdf/yt-09213.pdf,parts-from-docx,3
YT-82016,YT-82016,89,assets/robocze-pdf/yt-82016.pdf,parts-from-docx,7
240518,YT-82016,89,assets/robocze-pdf/yt-82016.pdf,parts-from-docx,7
YT-85182,YT-85182,57,assets/robocze-pdf/yt-85182.pdf,parts-from-docx,3
YT-85208,YT-85208,111,assets/robocze-pdf/yt-85208.pdf,parts-from-docx,2
YT-85300,YT-85300,53,assets/robocze-pdf/yt-85300.pdf,parts-from-docx,5
YT-85192,YT-85192,86,assets/robocze-pdf/yt-85192.pdf,parts-from-docx,6
YT-85234,YT-85234,49,assets/robocze-pdf/yt-85234.pdf,parts-from-docx,5
YT-85175,YT-85175,56,assets/robocze-pdf/yt-85175.pdf,parts-from-docx,8
YT-09224,YT-09224,95,assets/robocze-pdf/yt-09224.pdf,parts-from-docx,4
YT-82601,YT-82601,52,assets/robocze-pdf/yt-82601.pdf,parts-from-docx,3
82601,YT-82601,52,assets/robocze-pdf/yt-82601.pdf,parts-from-docx,3
YT-82171,YT-82171,174,assets/robocze-pdf/yt-82171.pdf,parts-from-docx,4
82171,YT-82171,174,assets/robocze-pdf/yt-82171.pdf,parts-from-docx,4
YT-09510,YT-09510,64,assets/robocze-pdf/yt-09510.pdf,parts-from-docx,4
YT-79951,YT-79951,145,assets/robocze-pdf/yt-79951.pdf,parts-from-docx,6
YT-79950,YT-79951,145,assets/robocze-pdf/yt-79951.pdf,parts-from-docx,6
YT-09206,YT-09206,74,assets/robocze-pdf/yt-09206.pdf,parts-from-docx,5
YT-85173,YT-85173,88,assets/robocze-pdf/yt-85173.pdf,parts-from-docx,4
YT-82116,YT-82116,9,assets/robocze-pdf/yt-82116.pdf,parts-from-docx,2
YT-08518,YT-08518,25,assets/robocze-pdf/yt-08518.pdf,parts-from-docx,5
YT-09211,YT-09211,111,assets/robocze-pdf/yt-09211.pdf,parts-from-docx,2
YT-09204,YT-09204,53,assets/robocze-pdf/yt-09204.pdf,parts-from-docx,4
YT-09201,YT-09201,50,assets/robocze-pdf/yt-09201.pdf,parts-from-docx,2
YT-09212,YT-09212,100,assets/robocze-pdf/yt-09212.pdf,parts-from-docx,3
YT-82007,YT-82007,78,assets/robocze-pdf/yt-82007.pdf,parts-from-docx,5
YT-09205,YT-09205,67,assets/robocze-pdf/yt-09205.pdf,parts-from-docx,4
YT-82242,YT-82242,80,assets/robocze-pdf/yt-82242.pdf,parts-from-docx,7
YT-82390,YT-82390,33,assets/robocze-pdf/yt-82390.pdf,parts-from-docx,8
YT-82826,YT-82826 & YT-82827 & YT-82828,53,assets/robocze-pdf/yt-82826-yt-82827-yt-82828.pdf,parts-from-docx,7
YT-82827,YT-82826 & YT-82827 & YT-82828,53,assets/robocze-pdf/yt-82826-yt-82827-yt-82828.pdf,parts-from-docx,7
YT-82828,YT-82826 & YT-82827 & YT-82828,53,assets/robocze-pdf/yt-82826-yt-82827-yt-82828.pdf,parts-from-docx,7
YT-85003,YT-85003,182,assets/robocze-pdf/yt-85003.pdf,parts-from-docx,14
YT-23310,YT-23310 YT-23320 YT-23321,91,assets/robocze-pdf/yt-23310-yt-23320-yt-23321.pdf,parts-from-docx,7
YT-23320,YT-23310 YT-23320 YT-23321,91,assets/robocze-pdf/yt-23310-yt-23320-yt-23321.pdf,parts-from-docx,7
YT-23321,YT-23310 YT-23320 YT-23321,91,assets/robocze-pdf/yt-23310-yt-23320-yt-23321.pdf,parts-from-docx,7
YT-30436,YT-30436,1,assets/robocze-pdf/yt-30436.pdf,parts-from-docx,3
110009,YT-30436,1,assets/robocze-pdf/yt-30436.pdf,parts-from-docx,3
YT-36012,YT-36012,25,assets/robocze-pdf/yt-36012.pdf,parts-from-docx,3
YT-09203,YT-09203,82,assets/robocze-pdf/yt-09203.pdf,parts-from-docx,5
YT-06063,YT-06063,0,assets/robocze-pdf/yt-06063.pdf,drawing-only,3
YT-05855,YT-05855 YT-05856,46,assets/robocze-pdf/yt-05855-yt-05856.pdf,parts-from-docx,7
YT-05856,YT-05855 YT-05856,46,assets/robocze-pdf/yt-05855-yt-05856.pdf,parts-from-docx,7
730202,YT-7302,7,assets/robocze-pdf/yt-7302.pdf,parts-from-docx,6
730206,YT-7302,7,assets/robocze-pdf/yt-7302.pdf,parts-from-docx,6
730205,YT-7302,7,assets/robocze-pdf/yt-7302.pdf,parts-from-docx,6
730201,YT-7302,7,assets/robocze-pdf/yt-7302.pdf,parts-from-docx,6
YT-07711,YT-07711,40,assets/robocze-pdf/yt-07711.pdf,parts-from-docx,3
YT-07067,YT-07067,83,assets/robocze-pdf/yt-07067.pdf,parts-from-docx,3
YT-06845,YT-06845,13,assets/robocze-pdf/yt-06845.pdf,parts-from-docx,9
YT-07195,YT-07195,14,assets/robocze-pdf/yt-07195.pdf,parts-from-docx,5
YT-07068,YT-07068,170,assets/robocze-pdf/yt-07068.pdf,parts-from-docx,5
YT-17207,YT-17207,43,assets/robocze-pdf/yt-17207.pdf,parts-from-docx,5
YT-07069,YT-07069,87,assets/robocze-pdf/yt-07069.pdf,parts-from-docx,5
YT-82609,YT-82609,78,assets/robocze-pdf/yt-82609.pdf,parts-from-docx,4
YT-82021,YT-82021,48,assets/robocze-pdf/yt-82021.pdf,parts-from-docx,4
YT-09221,YT-09221,100,assets/robocze-pdf/yt-09221.pdf,parts-from-docx,4
YT-06174,YT-06174 & YT-06175,0,assets/robocze-pdf/yt-06174-yt-06175.pdf,drawing-only,1
YT-06175,YT-06174 & YT-06175,0,assets/robocze-pdf/yt-06174-yt-06175.pdf,drawing-only,1
YT-82120,YT-82120,97,assets/robocze-pdf/yt-82120.pdf,parts-from-docx,4
82120,YT-82120,97,assets/robocze-pdf/yt-82120.pdf,parts-from-docx,4
YT-09202,YT-09202,74,assets/robocze-pdf/yt-09202.pdf,parts-from-docx,3
YT-07057,YT-07057,45,assets/robocze-pdf/yt-07057.pdf,parts-from-docx,4
830018,YT-1721,43,assets/robocze-pdf/yt-1721.pdf,parts-from-docx,5
810002,YT-1713,86,assets/robocze-pdf/yt-1713.pdf,parts-from-docx,8
81002,YT-1713,86,assets/robocze-pdf/yt-1713.pdf,parts-from-docx,8
YT-79950,YT-79950,143,assets/robocze-pdf/yt-79950.pdf,parts-from-docx,6
YT-79951,YT-79950,143,assets/robocze-pdf/yt-79950.pdf,parts-from-docx,6
YG-16000,YG-16000,57,assets/robocze-pdf/yg-16000.pdf,parts-from-docx,5
YT-16000,YG-16000,57,assets/robocze-pdf/yg-16000.pdf,parts-from-docx,5
YT-09547,YT-09547,44,assets/robocze-pdf/yt-09547.pdf,parts-from-docx,7
YG-20106,YG-20106,18,assets/robocze-pdf/yg-20106.pdf,parts-from-docx,6
YG-10010,YG-10010,2,assets/robocze-pdf/yg-10010.pdf,parts-from-docx,6
YG-09310,YG-09310 YG-09311 YG-09312,28,assets/robocze-pdf/yg-09310-yg-09311-yg-09312.pdf,parts-from-docx,6
YG-09311,YG-09310 YG-09311 YG-09312,28,assets/robocze-pdf/yg-09310-yg-09311-yg-09312.pdf,parts-from-docx,6
YG-09312,YG-09310 YG-09311 YG-09312,28,assets/robocze-pdf/yg-09310-yg-09311-yg-09312.pdf,parts-from-docx,6
YG-09304,YG-09304,27,assets/robocze-pdf/yg-09304.pdf,parts-from-docx,2
YG-09249,YG-09249,0,assets/robocze-pdf/yg-09249.pdf,drawing-only,4
YT-73462,YT-73462,18,assets/robocze-pdf/yt-73462.pdf,parts-from-docx,4
YG-09305,YG-09305,28,assets/robocze-pdf/yg-09305.pdf,parts-from-docx,2
YT-82205,YT-82205,67,assets/robocze-pdf/yt-82205.pdf,parts-from-docx,5
YG-09307,YG-09307,44,assets/robocze-pdf/yg-09307.pdf,parts-from-docx,6
YG-09226,YG-09226,1,assets/robocze-pdf/yg-09226.pdf,parts-from-docx,5
09226,YG-09226,1,assets/robocze-pdf/yg-09226.pdf,parts-from-docx,5
YG-09227,YG-09227,0,assets/robocze-pdf/yg-09227.pdf,drawing-only,4
09227,YG-09227,0,assets/robocze-pdf/yg-09227.pdf,drawing-only,4
YG-09233,YG-09233,0,assets/robocze-pdf/yg-09233.pdf,drawing-only,4
YG-09250,YG-09250,0,assets/robocze-pdf/yg-09250.pdf,drawing-only,4
09250,YG-09250,0,assets/robocze-pdf/yg-09250.pdf,drawing-only,4
YG-09245,YG-09245,2,assets/robocze-pdf/yg-09245.pdf,parts-from-docx,4
YG-09230,YG-09230,0,assets/robocze-pdf/yg-09230.pdf,drawing-only,4
YG-09231,YG-09231,0,assets/robocze-pdf/yg-09231.pdf,drawing-only,4
YG-09091,YG-09091,0,assets/robocze-pdf/yg-09091.pdf,drawing-only,1
YG-07001,YG-07001,0,assets/robocze-pdf/yg-07001.pdf,drawing-only,3
YG-09070,YG-09070,0,assets/robocze-pdf/yg-09070.pdf,drawing-only,1
YG-05360,YG-05360,37,assets/robocze-pdf/yg-05360.pdf,parts-from-docx,2
YG-09000,YG-09000-YG-09035,0,assets/robocze-pdf/yg-09000-yg-09035.pdf,drawing-only,52
YG-09035,YG-09000-YG-09035,0,assets/robocze-pdf/yg-09000-yg-09035.pdf,drawing-only,52
000195,YG-09000-YG-09035,0,assets/robocze-pdf/yg-09000-yg-09035.pdf,drawing-only,52
YG-09020,YG-09000-YG-09035,0,assets/robocze-pdf/yg-09000-yg-09035.pdf,drawing-only,52
YG-09034,YG-09000-YG-09035,0,assets/robocze-pdf/yg-09000-yg-09035.pdf,drawing-only,52
YG-09033,YG-09000-YG-09035,0,assets/robocze-pdf/yg-09000-yg-09035.pdf,drawing-only,52
YG-09032,YG-09000-YG-09035,0,assets/robocze-pdf/yg-09000-yg-09035.pdf,drawing-only,52
YG-09030,YG-09000-YG-09035,0,assets/robocze-pdf/yg-09000-yg-09035.pdf,drawing-only,52
YG-09024,YG-09000-YG-09035,0,assets/robocze-pdf/yg-09000-yg-09035.pdf,drawing-only,52
YG-09022,YG-09000-YG-09035,0,assets/robocze-pdf/yg-09000-yg-09035.pdf,drawing-only,52
YG-09025,YG-09000-YG-09035,0,assets/robocze-pdf/yg-09000-yg-09035.pdf,drawing-only,52
YG-09031,YG-09000-YG-09035,0,assets/robocze-pdf/yg-09000-yg-09035.pdf,drawing-only,52
YG-09021,YG-09000-YG-09035,0,assets/robocze-pdf/yg-09000-yg-09035.pdf,drawing-only,52
YG-09023,YG-09000-YG-09035,0,assets/robocze-pdf/yg-09000-yg-09035.pdf,drawing-only,52
YG-09014,YG-09000-YG-09035,0,assets/robocze-pdf/yg-09000-yg-09035.pdf,drawing-only,52
YG-09013,YG-09000-YG-09035,0,assets/robocze-pdf/yg-09000-yg-09035.pdf,drawing-only,52
YG-09011,YG-09000-YG-09035,0,assets/robocze-pdf/yg-09000-yg-09035.pdf,drawing-only,52
YG-09012,YG-09000-YG-09035,0,assets/robocze-pdf/yg-09000-yg-09035.pdf,drawing-only,52
YG-09010,YG-09000-YG-09035,0,assets/robocze-pdf/yg-09000-yg-09035.pdf,drawing-only,52
YG-09003,YG-09000-YG-09035,0,assets/robocze-pdf/yg-09000-yg-09035.pdf,drawing-only,52
YG-09002,YG-09000-YG-09035,0,assets/robocze-pdf/yg-09000-yg-09035.pdf,drawing-only,52
YG-09001,YG-09000-YG-09035,0,assets/robocze-pdf/yg-09000-yg-09035.pdf,drawing-only,52
YG-09006,YG-09000-YG-09035,0,assets/robocze-pdf/yg-09000-yg-09035.pdf,drawing-only,52
YG-09005,YG-09000-YG-09035,0,assets/robocze-pdf/yg-09000-yg-09035.pdf,drawing-only,52
YG-09004,YG-09000-YG-09035,0,assets/robocze-pdf/yg-09000-yg-09035.pdf,drawing-only,52
YT-07020,YT-07020 YT-07021,2,assets/robocze-pdf/yt-07020-yt-07021.pdf,parts-from-docx,7
YT-07021,YT-07020 YT-07021,2,assets/robocze-pdf/yt-07020-yt-07021.pdf,parts-from-docx,7
YG-05356,YG-05356,32,assets/robocze-pdf/yg-05356.pdf,parts-from-docx,3
YT-82395,YT-82395,63,assets/robocze-pdf/yt-82395.pdf,parts-from-docx,3
YT-25021,YT-25021,67,assets/robocze-pdf/yt-25021.pdf,parts-from-docx,4
YT-82037,YT-82037,59,assets/robocze-pdf/yt-82037.pdf,parts-from-docx,4
82037,YT-82037,59,assets/robocze-pdf/yt-82037.pdf,parts-from-docx,4
YT-82105,YT-82105,53,assets/robocze-pdf/yt-82105.pdf,parts-from-docx,5
YT-82159,YT-82159,57,assets/robocze-pdf/yt-82159.pdf,parts-from-docx,6
YG-05322,YG-05322,25,assets/robocze-pdf/yg-05322.pdf,parts-from-docx,4
YG-05320,YG-05320,25,assets/robocze-pdf/yg-05320.pdf,parts-from-docx,4
YT-82760,YT-82760,38,assets/robocze-pdf/yt-82760.pdf,parts-from-docx,5
82760,YT-82760,38,assets/robocze-pdf/yt-82760.pdf,parts-from-docx,5
YG-05323,YG-05323,25,assets/robocze-pdf/yg-05323.pdf,parts-from-docx,4
YT-09912,YT-09912,2,assets/robocze-pdf/yt-09912.pdf,parts-from-docx,3
YG-05321,YG-05321,25,assets/robocze-pdf/yg-05321.pdf,parts-from-docx,5
05321,YG-05321,25,assets/robocze-pdf/yg-05321.pdf,parts-from-docx,5
YG-05300,YG-05300,51,assets/robocze-pdf/yg-05300.pdf,parts-from-docx,3
YG-05281,YG-05281,0,assets/robocze-pdf/yg-05281.pdf,drawing-only,5
YG-05270,YG-05270,50,assets/robocze-pdf/yg-05270.pdf,parts-from-docx,3
YG-05330,YG-05330,0,assets/robocze-pdf/yg-05330.pdf,drawing-only,4
YG-05310,YG-05310,58,assets/robocze-pdf/yg-05310.pdf,parts-from-docx,3
YG-05275,YG-05275,50,assets/robocze-pdf/yg-05275.pdf,parts-from-docx,3
YG-05280,YG-05280,48,assets/robocze-pdf/yg-05280.pdf,parts-from-docx,3
YG-05290,YG-05290,55,assets/robocze-pdf/yg-05290.pdf,parts-from-docx,3
YG-05262,YG-05262,55,assets/robocze-pdf/yg-05262.pdf,parts-from-docx,3
YT-17000,DZ_YT-17000,0,assets/robocze-pdf/dz-yt-17000.pdf,drawing-only,5
YT-17001,DZ_YT-17000,0,assets/robocze-pdf/dz-yt-17000.pdf,drawing-only,5
YT-17001,DZ_YT-17001,38,assets/robocze-pdf/dz-yt-17001.pdf,parts-from-docx,7
YT-17000,DZ_YT-17001,38,assets/robocze-pdf/dz-yt-17001.pdf,parts-from-docx,7
YT-09524,DZ_YT-09524,0,assets/robocze-pdf/dz-yt-09524.pdf,drawing-only,7
YT-81983,YT-81983,90,assets/robocze-pdf/yt-81983.pdf,parts-from-docx,5
81983,YT-81983,90,assets/robocze-pdf/yt-81983.pdf,parts-from-docx,5
YT-17004,DZ_YT-17004,41,assets/robocze-pdf/dz-yt-17004.pdf,parts-from-docx,7
YT-17000,DZ_YT-17004,41,assets/robocze-pdf/dz-yt-17004.pdf,parts-from-docx,7
YT-09632,DZ_YT-09632,0,assets/robocze-pdf/dz-yt-09632.pdf,drawing-only,7
YT-09904,DZ_YT-09904,18,assets/robocze-pdf/dz-yt-09904.pdf,parts-from-docx,3
09904,DZ_YT-09904,18,assets/robocze-pdf/dz-yt-09904.pdf,parts-from-docx,3
YT-17002,DZ_YT-17002,38,assets/robocze-pdf/dz-yt-17002.pdf,parts-from-docx,7
YT-17000,DZ_YT-17002,38,assets/robocze-pdf/dz-yt-17002.pdf,parts-from-docx,7
YT-17006,DZ_YT-17006,41,assets/robocze-pdf/dz-yt-17006.pdf,parts-from-docx,7
YT-17000,DZ_YT-17006,41,assets/robocze-pdf/dz-yt-17006.pdf,parts-from-docx,7
YT-09702,DZ_YT-09702,0,assets/robocze-pdf/dz-yt-09702.pdf,drawing-only,2
YT-09102,DZ_YT-09102,0,assets/robocze-pdf/dz-yt-09102.pdf,drawing-only,2
YT-09717,DZ_YT-09717,41,assets/robocze-pdf/dz-yt-09717.pdf,parts-from-docx,2
YT-82829,YT-82829 & YT-828291,50,assets/robocze-pdf/yt-82829-yt-828291.pdf,parts-from-docx,5
YT-828291,YT-82829 & YT-828291,50,assets/robocze-pdf/yt-82829-yt-828291.pdf,parts-from-docx,5
YT-09675,DZ_YT-09675,0,assets/robocze-pdf/dz-yt-09675.pdf,drawing-only,4
YT-09740,DZ_YT-09740,0,assets/robocze-pdf/dz-yt-09740.pdf,drawing-only,4
09740,DZ_YT-09740,0,assets/robocze-pdf/dz-yt-09740.pdf,drawing-only,4
YT-08519,DZ_YT-08519,38,assets/robocze-pdf/dz-yt-08519.pdf,parts-from-docx,4
YG-09303,YG-09303,27,assets/robocze-pdf/yg-09303.pdf,parts-from-docx,2
YT-36127,YT-36127,39,assets/robocze-pdf/yt-36127.pdf,parts-from-docx,2
YT-82036,YT-82036,46,assets/robocze-pdf/yt-82036.pdf,parts-from-docx,4
82036,YT-82036,46,assets/robocze-pdf/yt-82036.pdf,parts-from-docx,4
731205,DZ_YT-7312,0,assets/robocze-pdf/dz-yt-7312.pdf,drawing-only,1
731005,DZ_YT-7310,0,assets/robocze-pdf/dz-yt-7310.pdf,drawing-only,1
82967,DZ_82967_82970,12,assets/robocze-pdf/dz-82967-82970.pdf,parts-from-docx,3
82970,DZ_82967_82970,12,assets/robocze-pdf/dz-82967-82970.pdf,parts-from-docx,3
YT-06174,DZ_YT-06174 & YT-06175,0,assets/robocze-pdf/dz-yt-06174-yt-06175.pdf,drawing-only,2
YT-06175,DZ_YT-06174 & YT-06175,0,assets/robocze-pdf/dz-yt-06174-yt-06175.pdf,drawing-only,2
06174,DZ_YT-06174 & YT-06175,0,assets/robocze-pdf/dz-yt-06174-yt-06175.pdf,drawing-only,2
731105,DZ_YT-7311,0,assets/robocze-pdf/dz-yt-7311.pdf,drawing-only,1
YT-82607,YT-82607,63,assets/robocze-pdf/yt-82607.pdf,parts-from-docx,6
YT-82812,YT-82812 & YT-82813,0,assets/robocze-pdf/yt-82812-yt-82813.pdf,drawing-only,5
YT-82813,YT-82812 & YT-82813,0,assets/robocze-pdf/yt-82812-yt-82813.pdf,drawing-only,5
89610,89610,0,assets/robocze-pdf/89610.pdf,drawing-only,3
YT-82398,YT-82398 YT-82399,61,assets/robocze-pdf/yt-82398-yt-82399.pdf,parts-from-docx,4
YT-82399,YT-82398 YT-82399,61,assets/robocze-pdf/yt-82398-yt-82399.pdf,parts-from-docx,4
091020,YT-82398 YT-82399,61,assets/robocze-pdf/yt-82398-yt-82399.pdf,parts-from-docx,4
202406,YT-82398 YT-82399,61,assets/robocze-pdf/yt-82398-yt-82399.pdf,parts-from-docx,4
82942,82942,38,assets/robocze-pdf/82942.pdf,parts-from-docx,3
81117,DZ_81117,0,assets/robocze-pdf/dz-81117.pdf,drawing-only,2
81110,DZ_81110,0,assets/robocze-pdf/dz-81110.pdf,drawing-only,4
81114,DZ_81114,0,assets/robocze-pdf/dz-81114.pdf,drawing-only,2
81119,DZ_81119,0,assets/robocze-pdf/dz-81119.pdf,drawing-only,4
81634,DZ_81634,0,assets/robocze-pdf/dz-81634.pdf,drawing-only,2
82543,82543,34,assets/robocze-pdf/82543.pdf,parts-from-docx,2
YT-09505,DZ_YT-09505,44,assets/robocze-pdf/dz-yt-09505.pdf,parts-from-docx,8
81118,DZ_81118,0,assets/robocze-pdf/dz-81118.pdf,drawing-only,2
80902,80902,50,assets/robocze-pdf/80902.pdf,parts-from-docx,9
89611,89611,0,assets/robocze-pdf/89611.pdf,drawing-only,3
82544,82544,34,assets/robocze-pdf/82544.pdf,parts-from-docx,2
81108,DZ_81108,0,assets/robocze-pdf/dz-81108.pdf,drawing-only,6
81135,DZ_81135,0,assets/robocze-pdf/dz-81135.pdf,drawing-only,2
80072,80072,15,assets/robocze-pdf/80072.pdf,parts-from-docx,4
81618,81618,24,assets/robocze-pdf/81618.pdf,parts-from-docx,7
82542,82542,24,assets/robocze-pdf/82542.pdf,parts-from-docx,2
81100,81100,46,assets/robocze-pdf/81100.pdf,parts-from-docx,5
81110,81100,46,assets/robocze-pdf/81100.pdf,parts-from-docx,5
81101,81101,46,assets/robocze-pdf/81101.pdf,parts-from-docx,6
82541,82541,24,assets/robocze-pdf/82541.pdf,parts-from-docx,2
80340,80340,20,assets/robocze-pdf/80340.pdf,parts-from-docx,6
YT-82832,YT-82832 & YT-82833,48,assets/robocze-pdf/yt-82832-yt-82833.pdf,parts-from-docx,3
YT-82833,YT-82832 & YT-82833,48,assets/robocze-pdf/yt-82832-yt-82833.pdf,parts-from-docx,3
80350,80350,20,assets/robocze-pdf/80350.pdf,parts-from-docx,6
80330,80330,38,assets/robocze-pdf/80330.pdf,parts-from-docx,6
YT-82824,YT-82824,45,assets/robocze-pdf/yt-82824.pdf,parts-from-docx,6
102823,YT-82824,45,assets/robocze-pdf/yt-82824.pdf,parts-from-docx,6
YT-828296,YT-82824,45,assets/robocze-pdf/yt-82824.pdf,parts-from-docx,6
80412,80412,66,assets/robocze-pdf/80412.pdf,parts-from-docx,7
80042,80042,15,assets/robocze-pdf/80042.pdf,parts-from-docx,4
80111,80111,42,assets/robocze-pdf/80111.pdf,parts-from-docx,7
820050,80111,42,assets/robocze-pdf/80111.pdf,parts-from-docx,7
80970,80970,29,assets/robocze-pdf/80970.pdf,parts-from-docx,3
79927,79927,21,assets/robocze-pdf/79927.pdf,parts-from-docx,4
80012,80012,15,assets/robocze-pdf/80012.pdf,parts-from-docx,4
81107,DZ_81107,0,assets/robocze-pdf/dz-81107.pdf,drawing-only,4
79930,79930,24,assets/robocze-pdf/79930.pdf,parts-from-docx,4
79926,79926,21,assets/robocze-pdf/79926.pdf,parts-from-docx,4
YT-82814,YT-82814 & YT-82815,50,assets/robocze-pdf/yt-82814-yt-82815.pdf,parts-from-docx,4
YT-82815,YT-82814 & YT-82815,50,assets/robocze-pdf/yt-82814-yt-82815.pdf,parts-from-docx,4
YT-09860,DZ_YT-09860,75,assets/robocze-pdf/dz-yt-09860.pdf,parts-from-docx,5
YT-82810,YT-82810 & YT-82811,56,assets/robocze-pdf/yt-82810-yt-82811.pdf,parts-from-docx,3
YT-82811,YT-82810 & YT-82811,56,assets/robocze-pdf/yt-82810-yt-82811.pdf,parts-from-docx,3
YT-17214,YT-17214,45,assets/robocze-pdf/yt-17214.pdf,parts-from-docx,5
830023,YT-17214,45,assets/robocze-pdf/yt-17214.pdf,parts-from-docx,5
YT-82221,YT-82221,66,assets/robocze-pdf/yt-82221.pdf,parts-from-docx,4
YT-09575,YT-09575,86,assets/robocze-pdf/yt-09575.pdf,parts-from-docx,5
80052,80052,16,assets/robocze-pdf/80052.pdf,parts-from-docx,4
YT-09564,YT-09564,44,assets/robocze-pdf/yt-09564.pdf,parts-from-docx,4
YT-09615,YT-09564,44,assets/robocze-pdf/yt-09564.pdf,parts-from-docx,4
79944,79944,28,assets/robocze-pdf/79944.pdf,parts-from-docx,5
80032,80032,15,assets/robocze-pdf/80032.pdf,parts-from-docx,4
79928,79928,22,assets/robocze-pdf/79928.pdf,parts-from-docx,4
79931,79931,36,assets/robocze-pdf/79931.pdf,parts-from-docx,5
79933,79933,35,assets/robocze-pdf/79933.pdf,parts-from-docx,4
79909,79909,36,assets/robocze-pdf/79909.pdf,parts-from-docx,4
80022,80022,15,assets/robocze-pdf/80022.pdf,parts-from-docx,4
YT-81355,YT-81355,18,assets/robocze-pdf/yt-81355.pdf,parts-from-docx,3
YG-20102,YG-20102,23,assets/robocze-pdf/yg-20102.pdf,parts-from-docx,6
79810,79810,53,assets/robocze-pdf/79810.pdf,parts-from-docx,8
79811,79810,53,assets/robocze-pdf/79810.pdf,parts-from-docx,8
79812,79810,53,assets/robocze-pdf/79810.pdf,parts-from-docx,8
79880,79880,0,assets/robocze-pdf/79880.pdf,drawing-only,2
79929,79929,26,assets/robocze-pdf/79929.pdf,parts-from-docx,4
79772,79772,41,assets/robocze-pdf/79772.pdf,parts-from-docx,3
79811,79811,54,assets/robocze-pdf/79811.pdf,parts-from-docx,8
79810,79811,54,assets/robocze-pdf/79811.pdf,parts-from-docx,8
79812,79811,54,assets/robocze-pdf/79811.pdf,parts-from-docx,8
79783,79783,41,assets/robocze-pdf/79783.pdf,parts-from-docx,3
79790,79790,54,assets/robocze-pdf/79790.pdf,parts-from-docx,3
79774,79774,45,assets/robocze-pdf/79774.pdf,parts-from-docx,3
YT-09511,YT-09511,47,assets/robocze-pdf/yt-09511.pdf,parts-from-docx,7
81133,DZ_81133,0,assets/robocze-pdf/dz-81133.pdf,drawing-only,3
YT-17005,DZ_YT-17005,41,assets/robocze-pdf/dz-yt-17005.pdf,parts-from-docx,7
YT-17000,DZ_YT-17005,41,assets/robocze-pdf/dz-yt-17005.pdf,parts-from-docx,7
YT-30477,YT-30477,1,assets/robocze-pdf/yt-30477.pdf,parts-from-docx,1
79782,79782,41,assets/robocze-pdf/79782.pdf,parts-from-docx,3
81617,81617,34,assets/robocze-pdf/81617.pdf,parts-from-docx,5
79771,79771,42,assets/robocze-pdf/79771.pdf,parts-from-docx,7
79781,79781,42,assets/robocze-pdf/79781.pdf,parts-from-docx,3
79932,79932,35,assets/robocze-pdf/79932.pdf,parts-from-docx,4
79775,79775,45,assets/robocze-pdf/79775.pdf,parts-from-docx,3
79773,79773,45,assets/robocze-pdf/79773.pdf,parts-from-docx,3
79328,79328,30,assets/robocze-pdf/79328.pdf,parts-from-docx,6
79350,79350,17,assets/robocze-pdf/79350.pdf,parts-from-docx,5
79351,79350,17,assets/robocze-pdf/79350.pdf,parts-from-docx,5
79734,79734,105,assets/robocze-pdf/79734.pdf,parts-from-docx,4
79320,79320,29,assets/robocze-pdf/79320.pdf,parts-from-docx,3
79327,79327,30,assets/robocze-pdf/79327.pdf,parts-from-docx,7
78992,78992,37,assets/robocze-pdf/78992.pdf,parts-from-docx,4
YT-82608,YT-82608,74,assets/robocze-pdf/yt-82608.pdf,parts-from-docx,4
79135,79135,59,assets/robocze-pdf/79135.pdf,parts-from-docx,4
021044,79135,59,assets/robocze-pdf/79135.pdf,parts-from-docx,4
79358,79358,15,assets/robocze-pdf/79358.pdf,parts-from-docx,5
YT-82605,YT-82605,65,assets/robocze-pdf/yt-82605.pdf,parts-from-docx,4
YT-82284,YT-82284,0,assets/robocze-pdf/yt-82284.pdf,drawing-only,4
YT-82604,YT-82604,22,assets/robocze-pdf/yt-82604.pdf,parts-from-docx,5
YG-09096,YG-09096,0,assets/robocze-pdf/yg-09096.pdf,drawing-only,1
YT-82553,YT-82553,49,assets/robocze-pdf/yt-82553.pdf,parts-from-docx,6
YT-82462,YT-82462,20,assets/robocze-pdf/yt-82462.pdf,parts-from-docx,5
79309,79309,0,assets/robocze-pdf/79309.pdf,drawing-only,4
78995,78995,38,assets/robocze-pdf/78995.pdf,parts-from-docx,4
79314,79314,20,assets/robocze-pdf/79314.pdf,parts-from-docx,3
79093,79093,53,assets/robocze-pdf/79093.pdf,parts-from-docx,5
79325,79325,21,assets/robocze-pdf/79325.pdf,parts-from-docx,9
78997,78997,37,assets/robocze-pdf/78997.pdf,parts-from-docx,4
78981,78981,36,assets/robocze-pdf/78981.pdf,parts-from-docx,5
YT-82560,YT-82560,119,assets/robocze-pdf/yt-82560.pdf,parts-from-docx,2
79324,79324,21,assets/robocze-pdf/79324.pdf,parts-from-docx,5
YT-82161,YT-82161,142,assets/robocze-pdf/yt-82161.pdf,parts-from-docx,4
022019,YT-82161,142,assets/robocze-pdf/yt-82161.pdf,parts-from-docx,4
YT-09742,YT-09742,49,assets/robocze-pdf/yt-09742.pdf,parts-from-docx,7
78972,78972,48,assets/robocze-pdf/78972.pdf,parts-from-docx,3
YT-09515,YT-09515,94,assets/robocze-pdf/yt-09515.pdf,parts-from-docx,9
78982,78982,38,assets/robocze-pdf/78982.pdf,parts-from-docx,4
79354,79354,18,assets/robocze-pdf/79354.pdf,parts-from-docx,3
78210,78210 78211,49,assets/robocze-pdf/78210-78211.pdf,parts-from-docx,6
78211,78210 78211,49,assets/robocze-pdf/78210-78211.pdf,parts-from-docx,6
78855,78855,34,assets/robocze-pdf/78855.pdf,parts-from-docx,6
78974,78974,61,assets/robocze-pdf/78974.pdf,parts-from-docx,4
78983,78983,38,assets/robocze-pdf/78983.pdf,parts-from-docx,4
78910,78910,12,assets/robocze-pdf/78910.pdf,parts-from-docx,3
78641,78641,3,assets/robocze-pdf/78641.pdf,parts-from-docx,6
78894,78894,2,assets/robocze-pdf/78894.pdf,parts-from-docx,4
78190,78190,22,assets/robocze-pdf/78190.pdf,parts-from-docx,6
YG-05350,YG-05350,34,assets/robocze-pdf/yg-05350.pdf,parts-from-docx,3
78186,78186_78187,0,assets/robocze-pdf/78186-78187.pdf,drawing-only,9
78187,78186_78187,0,assets/robocze-pdf/78186-78187.pdf,drawing-only,9
78870,78870,38,assets/robocze-pdf/78870.pdf,parts-from-docx,4
78912,78912,16,assets/robocze-pdf/78912.pdf,parts-from-docx,7
78911,78911,29,assets/robocze-pdf/78911.pdf,parts-from-docx,4
YT-23300,YT-23300 YT-23305,76,assets/robocze-pdf/yt-23300-yt-23305.pdf,parts-from-docx,3
YT-23305,YT-23300 YT-23305,76,assets/robocze-pdf/yt-23300-yt-23305.pdf,parts-from-docx,3
78203,78203 78204,95,assets/robocze-pdf/78203-78204.pdf,parts-from-docx,6
78204,78203 78204,95,assets/robocze-pdf/78203-78204.pdf,parts-from-docx,6
78184,78184 78185,61,assets/robocze-pdf/78184-78185.pdf,parts-from-docx,6
78185,78184 78185,61,assets/robocze-pdf/78184-78185.pdf,parts-from-docx,6
78180,78180_78181,66,assets/robocze-pdf/78180-78181.pdf,parts-from-docx,9
78181,78180_78181,66,assets/robocze-pdf/78180-78181.pdf,parts-from-docx,9
78158,78158,1,assets/robocze-pdf/78158.pdf,parts-from-docx,5
78084,"78084, 78085",2,assets/robocze-pdf/78084-78085.pdf,parts-from-docx,7
78085,"78084, 78085",2,assets/robocze-pdf/78084-78085.pdf,parts-from-docx,7
78138,"78138,78139",15,assets/robocze-pdf/78138-78139.pdf,parts-from-docx,9
78139,"78138,78139",15,assets/robocze-pdf/78138-78139.pdf,parts-from-docx,9
YT-82117,YT-82117,9,assets/robocze-pdf/yt-82117.pdf,parts-from-docx,2
78125,78125,14,assets/robocze-pdf/78125.pdf,parts-from-docx,5
78113,78113,36,assets/robocze-pdf/78113.pdf,parts-from-docx,6
YT-82051,YT-82051,47,assets/robocze-pdf/yt-82051.pdf,parts-from-docx,4
82051,YT-82051,47,assets/robocze-pdf/yt-82051.pdf,parts-from-docx,4
75954,75954,0,assets/robocze-pdf/75954.pdf,drawing-only,5
YT-82004,YT-82004,9,assets/robocze-pdf/yt-82004.pdf,parts-from-docx,3
75953,75953,62,assets/robocze-pdf/75953.pdf,parts-from-docx,3
YT-82198,YT-82198,65,assets/robocze-pdf/yt-82198.pdf,parts-from-docx,3
022027,YT-82198,65,assets/robocze-pdf/yt-82198.pdf,parts-from-docx,3
78136,"78136,78137",1,assets/robocze-pdf/78136-78137.pdf,parts-from-docx,9
78137,"78136,78137",1,assets/robocze-pdf/78136-78137.pdf,parts-from-docx,9
78143,78143,34,assets/robocze-pdf/78143.pdf,parts-from-docx,5
78132,"78132,78133",1,assets/robocze-pdf/78132-78133.pdf,parts-from-docx,9
78133,"78132,78133",1,assets/robocze-pdf/78132-78133.pdf,parts-from-docx,9
YT-82293,YT-82293,26,assets/robocze-pdf/yt-82293.pdf,parts-from-docx,6
82293,YT-82293,26,assets/robocze-pdf/yt-82293.pdf,parts-from-docx,6
78107,78107,10,assets/robocze-pdf/78107.pdf,parts-from-docx,6
75951,75951,66,assets/robocze-pdf/75951.pdf,parts-from-docx,3
75945,75945,15,assets/robocze-pdf/75945.pdf,parts-from-docx,4
78090,"78090, 78091",1,assets/robocze-pdf/78090-78091.pdf,parts-from-docx,7
78091,"78090, 78091",1,assets/robocze-pdf/78090-78091.pdf,parts-from-docx,7
75884,75884,22,assets/robocze-pdf/75884.pdf,parts-from-docx,4
YT-81357,YT-81357,21,assets/robocze-pdf/yt-81357.pdf,parts-from-docx,3
79792,79792,54,assets/robocze-pdf/79792.pdf,parts-from-docx,4
YT-09738,YT-09738,49,assets/robocze-pdf/yt-09738.pdf,parts-from-docx,6
YT-82295,YT-82295,29,assets/robocze-pdf/yt-82295.pdf,parts-from-docx,5
75932,75932,57,assets/robocze-pdf/75932.pdf,parts-from-docx,4
YT-09739,YT-09739,43,assets/robocze-pdf/yt-09739.pdf,parts-from-docx,4
78151,78151,1,assets/robocze-pdf/78151.pdf,parts-from-docx,5
75944,75944,55,assets/robocze-pdf/75944.pdf,parts-from-docx,5
79812,79812,54,assets/robocze-pdf/79812.pdf,parts-from-docx,8
79810,79812,54,assets/robocze-pdf/79812.pdf,parts-from-docx,8
79811,79812,54,assets/robocze-pdf/79812.pdf,parts-from-docx,8
YT-07190,YT-07190,51,assets/robocze-pdf/yt-07190.pdf,parts-from-docx,3
YT-82155,YT-82155,82,assets/robocze-pdf/yt-82155.pdf,parts-from-docx,3
YT-82340,YT-82340,58,assets/robocze-pdf/yt-82340.pdf,parts-from-docx,4
75930,75930_75931,62,assets/robocze-pdf/75930-75931.pdf,parts-from-docx,5
75931,75930_75931,62,assets/robocze-pdf/75930-75931.pdf,parts-from-docx,5
75832,75832,2,assets/robocze-pdf/75832.pdf,parts-from-docx,4
75835,75835,1,assets/robocze-pdf/75835.pdf,parts-from-docx,4
75886,75886,0,assets/robocze-pdf/75886.pdf,drawing-only,4
78080,"78080, 78081, 78082",52,assets/robocze-pdf/78080-78081-78082.pdf,parts-from-docx,11
78081,"78080, 78081, 78082",52,assets/robocze-pdf/78080-78081-78082.pdf,parts-from-docx,11
78082,"78080, 78081, 78082",52,assets/robocze-pdf/78080-78081-78082.pdf,parts-from-docx,11
75833,75833,17,assets/robocze-pdf/75833.pdf,parts-from-docx,4
75888,75888,26,assets/robocze-pdf/75888.pdf,parts-from-docx,4
75921,75921_75922,18,assets/robocze-pdf/75921-75922.pdf,parts-from-docx,4
75922,75921_75922,18,assets/robocze-pdf/75921-75922.pdf,parts-from-docx,4
75887,75887,0,assets/robocze-pdf/75887.pdf,drawing-only,4
75885,75885,0,assets/robocze-pdf/75885.pdf,drawing-only,4
80450,80450,24,assets/robocze-pdf/80450.pdf,parts-from-docx,5
75830,75830,0,assets/robocze-pdf/75830.pdf,drawing-only,3
75831,75831,1,assets/robocze-pdf/75831.pdf,parts-from-docx,4
75818,75818,30,assets/robocze-pdf/75818.pdf,parts-from-docx,3
75817,75817,19,assets/robocze-pdf/75817.pdf,parts-from-docx,4
75811,75811_75836,0,assets/robocze-pdf/75811-75836.pdf,drawing-only,4
75836,75811_75836,0,assets/robocze-pdf/75811-75836.pdf,drawing-only,4
75815,75815,1,assets/robocze-pdf/75815.pdf,parts-from-docx,4
75889,75889,32,assets/robocze-pdf/75889.pdf,parts-from-docx,4
75813,75813_75838,23,assets/robocze-pdf/75813-75838.pdf,parts-from-docx,6
75838,75813_75838,23,assets/robocze-pdf/75813-75838.pdf,parts-from-docx,6
75923,75923_75924,37,assets/robocze-pdf/75923-75924.pdf,parts-from-docx,13
75924,75923_75924,37,assets/robocze-pdf/75923-75924.pdf,parts-from-docx,13
75921,75923_75924,37,assets/robocze-pdf/75923-75924.pdf,parts-from-docx,13
75812,75812_75837,0,assets/robocze-pdf/75812-75837.pdf,drawing-only,7
75837,75812_75837,0,assets/robocze-pdf/75812-75837.pdf,drawing-only,7
75805,75805,14,assets/robocze-pdf/75805.pdf,parts-from-docx,5
75807,75807_75827,15,assets/robocze-pdf/75807-75827.pdf,parts-from-docx,7
75827,75807_75827,15,assets/robocze-pdf/75807-75827.pdf,parts-from-docx,7
75809,75809_75829,38,assets/robocze-pdf/75809-75829.pdf,parts-from-docx,8
75829,75809_75829,38,assets/robocze-pdf/75809-75829.pdf,parts-from-docx,8
79943,79943,27,assets/robocze-pdf/79943.pdf,parts-from-docx,4
75808,75808_75828,34,assets/robocze-pdf/75808-75828.pdf,parts-from-docx,8
75828,75808_75828,34,assets/robocze-pdf/75808-75828.pdf,parts-from-docx,8
75719,75719,23,assets/robocze-pdf/75719.pdf,parts-from-docx,4
75705,"75705, 75706, 75707, 75708, 75709, 75710, 75711, 75712",31,assets/robocze-pdf/75705-75706-75707-75708-75709-75710-75711-75712.pdf,parts-from-docx,4
75706,"75705, 75706, 75707, 75708, 75709, 75710, 75711, 75712",31,assets/robocze-pdf/75705-75706-75707-75708-75709-75710-75711-75712.pdf,parts-from-docx,4
75707,"75705, 75706, 75707, 75708, 75709, 75710, 75711, 75712",31,assets/robocze-pdf/75705-75706-75707-75708-75709-75710-75711-75712.pdf,parts-from-docx,4
75708,"75705, 75706, 75707, 75708, 75709, 75710, 75711, 75712",31,assets/robocze-pdf/75705-75706-75707-75708-75709-75710-75711-75712.pdf,parts-from-docx,4
75709,"75705, 75706, 75707, 75708, 75709, 75710, 75711, 75712",31,assets/robocze-pdf/75705-75706-75707-75708-75709-75710-75711-75712.pdf,parts-from-docx,4
75710,"75705, 75706, 75707, 75708, 75709, 75710, 75711, 75712",31,assets/robocze-pdf/75705-75706-75707-75708-75709-75710-75711-75712.pdf,parts-from-docx,4
75711,"75705, 75706, 75707, 75708, 75709, 75710, 75711, 75712",31,assets/robocze-pdf/75705-75706-75707-75708-75709-75710-75711-75712.pdf,parts-from-docx,4
75712,"75705, 75706, 75707, 75708, 75709, 75710, 75711, 75712",31,assets/robocze-pdf/75705-75706-75707-75708-75709-75710-75711-75712.pdf,parts-from-docx,4
YT-82207,YT-82207,27,assets/robocze-pdf/yt-82207.pdf,parts-from-docx,6
75670,75670_75671_75672_75673_75674,15,assets/robocze-pdf/75670-75671-75672-75673-75674.pdf,parts-from-docx,13
75671,75670_75671_75672_75673_75674,15,assets/robocze-pdf/75670-75671-75672-75673-75674.pdf,parts-from-docx,13
75672,75670_75671_75672_75673_75674,15,assets/robocze-pdf/75670-75671-75672-75673-75674.pdf,parts-from-docx,13
75673,75670_75671_75672_75673_75674,15,assets/robocze-pdf/75670-75671-75672-75673-75674.pdf,parts-from-docx,13
75674,75670_75671_75672_75673_75674,15,assets/robocze-pdf/75670-75671-75672-75673-75674.pdf,parts-from-docx,13
75775,"75775, 75776, 75777, 75778, 75779",19,assets/robocze-pdf/75775-75776-75777-75778-75779.pdf,parts-from-docx,5
75776,"75775, 75776, 75777, 75778, 75779",19,assets/robocze-pdf/75775-75776-75777-75778-75779.pdf,parts-from-docx,5
75777,"75775, 75776, 75777, 75778, 75779",19,assets/robocze-pdf/75775-75776-75777-75778-75779.pdf,parts-from-docx,5
75778,"75775, 75776, 75777, 75778, 75779",19,assets/robocze-pdf/75775-75776-75777-75778-75779.pdf,parts-from-docx,5
75779,"75775, 75776, 75777, 75778, 75779",19,assets/robocze-pdf/75775-75776-75777-75778-75779.pdf,parts-from-docx,5
75665,75665,21,assets/robocze-pdf/75665.pdf,parts-from-docx,4
75662,75662,21,assets/robocze-pdf/75662.pdf,parts-from-docx,4
YT-82097,YT-82097,51,assets/robocze-pdf/yt-82097.pdf,parts-from-docx,2
75716,75716,19,assets/robocze-pdf/75716.pdf,parts-from-docx,4
YT-17008,DZ_YT-17008,75,assets/robocze-pdf/dz-yt-17008.pdf,parts-from-docx,7
YT-17000,DZ_YT-17008,75,assets/robocze-pdf/dz-yt-17008.pdf,parts-from-docx,7
YT-09223,YT-09223,99,assets/robocze-pdf/yt-09223.pdf,parts-from-docx,4
75663,75663,21,assets/robocze-pdf/75663.pdf,parts-from-docx,4
75664,75664,21,assets/robocze-pdf/75664.pdf,parts-from-docx,4
YT-08502,YT-08502,25,assets/robocze-pdf/yt-08502.pdf,parts-from-docx,3
YT-82251,YT-82251,19,assets/robocze-pdf/yt-82251.pdf,parts-from-docx,2
YT-82220,YT-82220,55,assets/robocze-pdf/yt-82220.pdf,parts-from-docx,6
82220,YT-82220,55,assets/robocze-pdf/yt-82220.pdf,parts-from-docx,6
YT-82234,YT-82234,112,assets/robocze-pdf/yt-82234.pdf,parts-from-docx,5
73403,73403,13,assets/robocze-pdf/73403.pdf,parts-from-docx,3
73410,73410,26,assets/robocze-pdf/73410.pdf,parts-from-docx,4
80062,80062,15,assets/robocze-pdf/80062.pdf,parts-from-docx,4
80082,80082,36,assets/robocze-pdf/80082.pdf,parts-from-docx,4
73420,73420,25,assets/robocze-pdf/73420.pdf,parts-from-docx,4
73473,73473,0,assets/robocze-pdf/73473.pdf,drawing-only,3
73470,73470,39,assets/robocze-pdf/73470.pdf,parts-from-docx,3
YT-81381,YT-81381,19,assets/robocze-pdf/yt-81381.pdf,parts-from-docx,5
73056,73056,20,assets/robocze-pdf/73056.pdf,parts-from-docx,6
68793,68793,0,assets/robocze-pdf/68793.pdf,drawing-only,3
YT-55801,YT-55801 YT-55803,40,assets/robocze-pdf/yt-55801-yt-55803.pdf,parts-from-docx,7
YT-55803,YT-55801 YT-55803,40,assets/robocze-pdf/yt-55801-yt-55803.pdf,parts-from-docx,7
73400,73400,10,assets/robocze-pdf/73400.pdf,parts-from-docx,3
YG-05331,YG-05331,0,assets/robocze-pdf/yg-05331.pdf,drawing-only,4
72928,72928,22,assets/robocze-pdf/72928.pdf,parts-from-docx,4
YG-05332,YG-05332,0,assets/robocze-pdf/yg-05332.pdf,drawing-only,4
70280,70280,56,assets/robocze-pdf/70280.pdf,parts-from-docx,4
YT-09220,YT-09220,113,assets/robocze-pdf/yt-09220.pdf,parts-from-docx,4
68791,68791,21,assets/robocze-pdf/68791.pdf,parts-from-docx,4
73060,73060,32,assets/robocze-pdf/73060.pdf,parts-from-docx,4
YG-05260,YG-05260,54,assets/robocze-pdf/yg-05260.pdf,parts-from-docx,3
YT-82099,YT-82099,59,assets/robocze-pdf/yt-82099.pdf,parts-from-docx,5
YT-82148,YT-82148,166,assets/robocze-pdf/yt-82148.pdf,parts-from-docx,3
YT-17007,DZ_YT-17007,66,assets/robocze-pdf/dz-yt-17007.pdf,parts-from-docx,7
YT-17000,DZ_YT-17007,66,assets/robocze-pdf/dz-yt-17007.pdf,parts-from-docx,7
68652,68652,0,assets/robocze-pdf/68652.pdf,drawing-only,3
YT-84841,YT-84841 YT-84842,124,assets/robocze-pdf/yt-84841-yt-84842.pdf,parts-from-docx,8
YT-84842,YT-84841 YT-84842,124,assets/robocze-pdf/yt-84841-yt-84842.pdf,parts-from-docx,8
YT-17205,YT-17205,50,assets/robocze-pdf/yt-17205.pdf,parts-from-docx,8
825011,YT-17205,50,assets/robocze-pdf/yt-17205.pdf,parts-from-docx,8
YT-17003,DZ_YT-17003,41,assets/robocze-pdf/dz-yt-17003.pdf,parts-from-docx,7
YT-17000,DZ_YT-17003,41,assets/robocze-pdf/dz-yt-17003.pdf,parts-from-docx,7
68792,68792,39,assets/robocze-pdf/68792.pdf,parts-from-docx,3
68650,68650,18,assets/robocze-pdf/68650.pdf,parts-from-docx,4
79725,79725,75,assets/robocze-pdf/79725.pdf,parts-from-docx,6
YT-08505,YT-08505,24,assets/robocze-pdf/yt-08505.pdf,parts-from-docx,3
08505,YT-08505,24,assets/robocze-pdf/yt-08505.pdf,parts-from-docx,3
YT-09618,DZ_YT-09618,60,assets/robocze-pdf/dz-yt-09618.pdf,parts-from-docx,4
YG-09225,YG-09225,7,assets/robocze-pdf/yg-09225.pdf,parts-from-docx,6
09225,YG-09225,7,assets/robocze-pdf/yg-09225.pdf,parts-from-docx,6
68271,68271,18,assets/robocze-pdf/68271.pdf,parts-from-docx,5
68503,68503,105,assets/robocze-pdf/68503.pdf,parts-from-docx,3
68501,68501,96,assets/robocze-pdf/68501.pdf,parts-from-docx,6
68502,68501,96,assets/robocze-pdf/68501.pdf,parts-from-docx,6
68651,68651,20,assets/robocze-pdf/68651.pdf,parts-from-docx,4
68281,68281,27,assets/robocze-pdf/68281.pdf,parts-from-docx,6
68272,68272,40,assets/robocze-pdf/68272.pdf,parts-from-docx,5
130349,68272,40,assets/robocze-pdf/68272.pdf,parts-from-docx,5
68502,68502,97,assets/robocze-pdf/68502.pdf,parts-from-docx,7
68501,68502,97,assets/robocze-pdf/68502.pdf,parts-from-docx,7
68273,68273,40,assets/robocze-pdf/68273.pdf,parts-from-docx,5
141412,68273,40,assets/robocze-pdf/68273.pdf,parts-from-docx,5
68280,68280,29,assets/robocze-pdf/68280.pdf,parts-from-docx,3
68270,68270,25,assets/robocze-pdf/68270.pdf,parts-from-docx,5
68260,68260,46,assets/robocze-pdf/68260.pdf,parts-from-docx,7
68194,68194,51,assets/robocze-pdf/68194.pdf,parts-from-docx,4
68219,"68219, 68223",1,assets/robocze-pdf/68219-68223.pdf,parts-from-docx,4
68223,"68219, 68223",1,assets/robocze-pdf/68219-68223.pdf,parts-from-docx,4
68216,68216,45,assets/robocze-pdf/68216.pdf,parts-from-docx,5
68217,68217,33,assets/robocze-pdf/68217.pdf,parts-from-docx,6
095136,68217,33,assets/robocze-pdf/68217.pdf,parts-from-docx,6
68218,68218,34,assets/robocze-pdf/68218.pdf,parts-from-docx,4
68100,68100,48,assets/robocze-pdf/68100.pdf,parts-from-docx,5
68206,"68206, 68207, 68208, 68209",33,assets/robocze-pdf/68206-68207-68208-68209.pdf,parts-from-docx,3
68207,"68206, 68207, 68208, 68209",33,assets/robocze-pdf/68206-68207-68208-68209.pdf,parts-from-docx,3
68208,"68206, 68207, 68208, 68209",33,assets/robocze-pdf/68206-68207-68208-68209.pdf,parts-from-docx,3
68209,"68206, 68207, 68208, 68209",33,assets/robocze-pdf/68206-68207-68208-68209.pdf,parts-from-docx,3
YT-82154,YT-82154,67,assets/robocze-pdf/yt-82154.pdf,parts-from-docx,6
68172,68172,43,assets/robocze-pdf/68172.pdf,parts-from-docx,4
68115,68115,60,assets/robocze-pdf/68115.pdf,parts-from-docx,5
68032,68032,2,assets/robocze-pdf/68032.pdf,parts-from-docx,5
YT-82144,YT-82144,82,assets/robocze-pdf/yt-82144.pdf,parts-from-docx,4
68174,68174,39,assets/robocze-pdf/68174.pdf,parts-from-docx,4
68477,68477,14,assets/robocze-pdf/68477.pdf,parts-from-docx,5
68090,68090,46,assets/robocze-pdf/68090.pdf,parts-from-docx,5
68173,68173,35,assets/robocze-pdf/68173.pdf,parts-from-docx,4
67920,67920,5,assets/robocze-pdf/67920.pdf,parts-from-docx,4
68015,68015,37,assets/robocze-pdf/68015.pdf,parts-from-docx,4
68016,68016,68,assets/robocze-pdf/68016.pdf,parts-from-docx,5
YT-09240,YT-09240,93,assets/robocze-pdf/yt-09240.pdf,parts-from-docx,4
67877,67877,41,assets/robocze-pdf/67877.pdf,parts-from-docx,18
090806,67877,41,assets/robocze-pdf/67877.pdf,parts-from-docx,18
085435,67877,41,assets/robocze-pdf/67877.pdf,parts-from-docx,18
090822,67877,41,assets/robocze-pdf/67877.pdf,parts-from-docx,18
085409,67877,41,assets/robocze-pdf/67877.pdf,parts-from-docx,18
085538,67877,41,assets/robocze-pdf/67877.pdf,parts-from-docx,18
085207,67877,41,assets/robocze-pdf/67877.pdf,parts-from-docx,18
085241,67877,41,assets/robocze-pdf/67877.pdf,parts-from-docx,18
090858,67877,41,assets/robocze-pdf/67877.pdf,parts-from-docx,18
085404,67877,41,assets/robocze-pdf/67877.pdf,parts-from-docx,18
085941,67877,41,assets/robocze-pdf/67877.pdf,parts-from-docx,18
085218,67877,41,assets/robocze-pdf/67877.pdf,parts-from-docx,18
67900,67900,63,assets/robocze-pdf/67900.pdf,parts-from-docx,8
67880,67880,29,assets/robocze-pdf/67880.pdf,parts-from-docx,5
67881,67881,58,assets/robocze-pdf/67881.pdf,parts-from-docx,7
082936,67881,58,assets/robocze-pdf/67881.pdf,parts-from-docx,7
67851,67851,74,assets/robocze-pdf/67851.pdf,parts-from-docx,5
67882,67882,60,assets/robocze-pdf/67882.pdf,parts-from-docx,4
67790,67790,42,assets/robocze-pdf/67790.pdf,parts-from-docx,8
110921,67790,42,assets/robocze-pdf/67790.pdf,parts-from-docx,8
111608,67790,42,assets/robocze-pdf/67790.pdf,parts-from-docx,8
110915,67790,42,assets/robocze-pdf/67790.pdf,parts-from-docx,8
110953,67790,42,assets/robocze-pdf/67790.pdf,parts-from-docx,8
67844,67844,45,assets/robocze-pdf/67844.pdf,parts-from-docx,5
67842,67842,60,assets/robocze-pdf/67842.pdf,parts-from-docx,5
YT-82038,YT-82038,5,assets/robocze-pdf/yt-82038.pdf,parts-from-docx,3
67815,67815,96,assets/robocze-pdf/67815.pdf,parts-from-docx,7
67814,67814,100,assets/robocze-pdf/67814.pdf,parts-from-docx,7
67812,67812,125,assets/robocze-pdf/67812.pdf,parts-from-docx,7
67843,67843,63,assets/robocze-pdf/67843.pdf,parts-from-docx,5
67780,67780,20,assets/robocze-pdf/67780.pdf,parts-from-docx,13
090656,67780,20,assets/robocze-pdf/67780.pdf,parts-from-docx,13
090756,67780,20,assets/robocze-pdf/67780.pdf,parts-from-docx,13
091047,67780,20,assets/robocze-pdf/67780.pdf,parts-from-docx,13
090729,67780,20,assets/robocze-pdf/67780.pdf,parts-from-docx,13
090814,67780,20,assets/robocze-pdf/67780.pdf,parts-from-docx,13
090654,67780,20,assets/robocze-pdf/67780.pdf,parts-from-docx,13
084351,67780,20,assets/robocze-pdf/67780.pdf,parts-from-docx,13
141632,67780,20,assets/robocze-pdf/67780.pdf,parts-from-docx,13
67707,67707,73,assets/robocze-pdf/67707.pdf,parts-from-docx,30
082315,67707,73,assets/robocze-pdf/67707.pdf,parts-from-docx,30
082138,67707,73,assets/robocze-pdf/67707.pdf,parts-from-docx,30
084448,67707,73,assets/robocze-pdf/67707.pdf,parts-from-docx,30
081919,67707,73,assets/robocze-pdf/67707.pdf,parts-from-docx,30
084413,67707,73,assets/robocze-pdf/67707.pdf,parts-from-docx,30
083200,67707,73,assets/robocze-pdf/67707.pdf,parts-from-docx,30
082948,67707,73,assets/robocze-pdf/67707.pdf,parts-from-docx,30
083227,67707,73,assets/robocze-pdf/67707.pdf,parts-from-docx,30
083011,67707,73,assets/robocze-pdf/67707.pdf,parts-from-docx,30
082740,67707,73,assets/robocze-pdf/67707.pdf,parts-from-docx,30
082305,67707,73,assets/robocze-pdf/67707.pdf,parts-from-docx,30
081937,67707,73,assets/robocze-pdf/67707.pdf,parts-from-docx,30
084419,67707,73,assets/robocze-pdf/67707.pdf,parts-from-docx,30
082636,67707,73,assets/robocze-pdf/67707.pdf,parts-from-docx,30
083309,67707,73,assets/robocze-pdf/67707.pdf,parts-from-docx,30
083002,67707,73,assets/robocze-pdf/67707.pdf,parts-from-docx,30
082732,67707,73,assets/robocze-pdf/67707.pdf,parts-from-docx,30
082941,67707,73,assets/robocze-pdf/67707.pdf,parts-from-docx,30
080936,67707,73,assets/robocze-pdf/67707.pdf,parts-from-docx,30
082300,67707,73,assets/robocze-pdf/67707.pdf,parts-from-docx,30
081926,67707,73,assets/robocze-pdf/67707.pdf,parts-from-docx,30
082332,67707,73,assets/robocze-pdf/67707.pdf,parts-from-docx,30
082630,67707,73,assets/robocze-pdf/67707.pdf,parts-from-docx,30
67781,67781,0,assets/robocze-pdf/67781.pdf,drawing-only,17
100748,67781,0,assets/robocze-pdf/67781.pdf,drawing-only,17
101322,67781,0,assets/robocze-pdf/67781.pdf,drawing-only,17
101514,67781,0,assets/robocze-pdf/67781.pdf,drawing-only,17
101455,67781,0,assets/robocze-pdf/67781.pdf,drawing-only,17
101502,67781,0,assets/robocze-pdf/67781.pdf,drawing-only,17
102206,67781,0,assets/robocze-pdf/67781.pdf,drawing-only,17
101450,67781,0,assets/robocze-pdf/67781.pdf,drawing-only,17
100808,67781,0,assets/robocze-pdf/67781.pdf,drawing-only,17
100830,67781,0,assets/robocze-pdf/67781.pdf,drawing-only,17
100759,67781,0,assets/robocze-pdf/67781.pdf,drawing-only,17
102244,67781,0,assets/robocze-pdf/67781.pdf,drawing-only,17
102215,67781,0,assets/robocze-pdf/67781.pdf,drawing-only,17
YT-83095,YT-83095,13,assets/robocze-pdf/yt-83095.pdf,parts-from-docx,1
67703,67703,37,assets/robocze-pdf/67703.pdf,parts-from-docx,5
67813,67813,64,assets/robocze-pdf/67813.pdf,parts-from-docx,6
67702,67702,44,assets/robocze-pdf/67702.pdf,parts-from-docx,5
67661,67661,16,assets/robocze-pdf/67661.pdf,parts-from-docx,10
094616,67661,16,assets/robocze-pdf/67661.pdf,parts-from-docx,10
092543,67661,16,assets/robocze-pdf/67661.pdf,parts-from-docx,10
094706,67661,16,assets/robocze-pdf/67661.pdf,parts-from-docx,10
094633,67661,16,assets/robocze-pdf/67661.pdf,parts-from-docx,10
123000,67661,16,assets/robocze-pdf/67661.pdf,parts-from-docx,10
YT-82089,YT-82089,52,assets/robocze-pdf/yt-82089.pdf,parts-from-docx,5
YT-82096,YT-82096,61,assets/robocze-pdf/yt-82096.pdf,parts-from-docx,3
67700,67700,80,assets/robocze-pdf/67700.pdf,parts-from-docx,9
YT-82098,YT-82098,55,assets/robocze-pdf/yt-82098.pdf,parts-from-docx,5
YT-82077,YT-82077,17,assets/robocze-pdf/yt-82077.pdf,parts-from-docx,2
67640,67640,52,assets/robocze-pdf/67640.pdf,parts-from-docx,4
67530,67530,35,assets/robocze-pdf/67530.pdf,parts-from-docx,14
140426,67530,35,assets/robocze-pdf/67530.pdf,parts-from-docx,14
133238,67530,35,assets/robocze-pdf/67530.pdf,parts-from-docx,14
140405,67530,35,assets/robocze-pdf/67530.pdf,parts-from-docx,14
134231,67530,35,assets/robocze-pdf/67530.pdf,parts-from-docx,14
133428,67530,35,assets/robocze-pdf/67530.pdf,parts-from-docx,14
140138,67530,35,assets/robocze-pdf/67530.pdf,parts-from-docx,14
133228,67530,35,assets/robocze-pdf/67530.pdf,parts-from-docx,14
133250,67530,35,assets/robocze-pdf/67530.pdf,parts-from-docx,14
134537,67530,35,assets/robocze-pdf/67530.pdf,parts-from-docx,14
67660,67660,19,assets/robocze-pdf/67660.pdf,parts-from-docx,15
134626,67660,19,assets/robocze-pdf/67660.pdf,parts-from-docx,15
134310,67660,19,assets/robocze-pdf/67660.pdf,parts-from-docx,15
134248,67660,19,assets/robocze-pdf/67660.pdf,parts-from-docx,15
134756,67660,19,assets/robocze-pdf/67660.pdf,parts-from-docx,15
133050,67660,19,assets/robocze-pdf/67660.pdf,parts-from-docx,15
122908,67660,19,assets/robocze-pdf/67660.pdf,parts-from-docx,15
134258,67660,19,assets/robocze-pdf/67660.pdf,parts-from-docx,15
134320,67660,19,assets/robocze-pdf/67660.pdf,parts-from-docx,15
141100,67660,19,assets/robocze-pdf/67660.pdf,parts-from-docx,15
67573,67573,62,assets/robocze-pdf/67573.pdf,parts-from-docx,10
152144,67573,62,assets/robocze-pdf/67573.pdf,parts-from-docx,10
152949,67573,62,assets/robocze-pdf/67573.pdf,parts-from-docx,10
152353,67573,62,assets/robocze-pdf/67573.pdf,parts-from-docx,10
152218,67573,62,assets/robocze-pdf/67573.pdf,parts-from-docx,10
153550,67573,62,assets/robocze-pdf/67573.pdf,parts-from-docx,10
152234,67573,62,assets/robocze-pdf/67573.pdf,parts-from-docx,10
67641,67641,2,assets/robocze-pdf/67641.pdf,parts-from-docx,4
67526,67526,33,assets/robocze-pdf/67526.pdf,parts-from-docx,4
67590,67590,80,assets/robocze-pdf/67590.pdf,parts-from-docx,23
115955,67590,80,assets/robocze-pdf/67590.pdf,parts-from-docx,23
115918,67590,80,assets/robocze-pdf/67590.pdf,parts-from-docx,23
115734,67590,80,assets/robocze-pdf/67590.pdf,parts-from-docx,23
121244,67590,80,assets/robocze-pdf/67590.pdf,parts-from-docx,23
121256,67590,80,assets/robocze-pdf/67590.pdf,parts-from-docx,23
120157,67590,80,assets/robocze-pdf/67590.pdf,parts-from-docx,23
121307,67590,80,assets/robocze-pdf/67590.pdf,parts-from-docx,23
120501,67590,80,assets/robocze-pdf/67590.pdf,parts-from-docx,23
121145,67590,80,assets/robocze-pdf/67590.pdf,parts-from-docx,23
115932,67590,80,assets/robocze-pdf/67590.pdf,parts-from-docx,23
111712,67590,80,assets/robocze-pdf/67590.pdf,parts-from-docx,23
115419,67590,80,assets/robocze-pdf/67590.pdf,parts-from-docx,23
115839,67590,80,assets/robocze-pdf/67590.pdf,parts-from-docx,23
111719,67590,80,assets/robocze-pdf/67590.pdf,parts-from-docx,23
115703,67590,80,assets/robocze-pdf/67590.pdf,parts-from-docx,23
115819,67590,80,assets/robocze-pdf/67590.pdf,parts-from-docx,23
115649,67590,80,assets/robocze-pdf/67590.pdf,parts-from-docx,23
YG-05355,YG-05355,35,assets/robocze-pdf/yg-05355.pdf,parts-from-docx,2
67528,67528,21,assets/robocze-pdf/67528.pdf,parts-from-docx,4
67527,67527,22,assets/robocze-pdf/67527.pdf,parts-from-docx,12
082917,67527,22,assets/robocze-pdf/67527.pdf,parts-from-docx,12
082711,67527,22,assets/robocze-pdf/67527.pdf,parts-from-docx,12
083556,67527,22,assets/robocze-pdf/67527.pdf,parts-from-docx,12
083745,67527,22,assets/robocze-pdf/67527.pdf,parts-from-docx,12
082555,67527,22,assets/robocze-pdf/67527.pdf,parts-from-docx,12
083008,67527,22,assets/robocze-pdf/67527.pdf,parts-from-docx,12
082750,67527,22,assets/robocze-pdf/67527.pdf,parts-from-docx,12
67574,67574,56,assets/robocze-pdf/67574.pdf,parts-from-docx,12
143148,67574,56,assets/robocze-pdf/67574.pdf,parts-from-docx,12
145555,67574,56,assets/robocze-pdf/67574.pdf,parts-from-docx,12
142540,67574,56,assets/robocze-pdf/67574.pdf,parts-from-docx,12
145547,67574,56,assets/robocze-pdf/67574.pdf,parts-from-docx,12
144609,67574,56,assets/robocze-pdf/67574.pdf,parts-from-docx,12
142011,67574,56,assets/robocze-pdf/67574.pdf,parts-from-docx,12
142026,67574,56,assets/robocze-pdf/67574.pdf,parts-from-docx,12
142923,67574,56,assets/robocze-pdf/67574.pdf,parts-from-docx,12
67642,67642,57,assets/robocze-pdf/67642.pdf,parts-from-docx,4
67520,67520,26,assets/robocze-pdf/67520.pdf,parts-from-docx,14
122356,67520,26,assets/robocze-pdf/67520.pdf,parts-from-docx,14
121755,67520,26,assets/robocze-pdf/67520.pdf,parts-from-docx,14
122359,67520,26,assets/robocze-pdf/67520.pdf,parts-from-docx,14
121449,67520,26,assets/robocze-pdf/67520.pdf,parts-from-docx,14
121435,67520,26,assets/robocze-pdf/67520.pdf,parts-from-docx,14
121313,67520,26,assets/robocze-pdf/67520.pdf,parts-from-docx,14
121448,67520,26,assets/robocze-pdf/67520.pdf,parts-from-docx,14
121724,67520,26,assets/robocze-pdf/67520.pdf,parts-from-docx,14
122739,67520,26,assets/robocze-pdf/67520.pdf,parts-from-docx,14
122411,67520,26,assets/robocze-pdf/67520.pdf,parts-from-docx,14
260205,YT-0957,0,assets/robocze-pdf/yt-0957.pdf,drawing-only,4
67525,67525,27,assets/robocze-pdf/67525.pdf,parts-from-docx,5
67501,67501,45,assets/robocze-pdf/67501.pdf,parts-from-docx,9
100731,67501,45,assets/robocze-pdf/67501.pdf,parts-from-docx,9
100635,67501,45,assets/robocze-pdf/67501.pdf,parts-from-docx,9
091630,67501,45,assets/robocze-pdf/67501.pdf,parts-from-docx,9
100631,67501,45,assets/robocze-pdf/67501.pdf,parts-from-docx,9
100649,67501,45,assets/robocze-pdf/67501.pdf,parts-from-docx,9
67500,67500,47,assets/robocze-pdf/67500.pdf,parts-from-docx,15
085014,67500,47,assets/robocze-pdf/67500.pdf,parts-from-docx,15
083323,67500,47,assets/robocze-pdf/67500.pdf,parts-from-docx,15
083145,67500,47,assets/robocze-pdf/67500.pdf,parts-from-docx,15
084527,67500,47,assets/robocze-pdf/67500.pdf,parts-from-docx,15
084700,67500,47,assets/robocze-pdf/67500.pdf,parts-from-docx,15
084714,67500,47,assets/robocze-pdf/67500.pdf,parts-from-docx,15
083458,67500,47,assets/robocze-pdf/67500.pdf,parts-from-docx,15
083438,67500,47,assets/robocze-pdf/67500.pdf,parts-from-docx,15
083135,67500,47,assets/robocze-pdf/67500.pdf,parts-from-docx,15
152633,67500,47,assets/robocze-pdf/67500.pdf,parts-from-docx,15
YT-82022,YT-82022,47,assets/robocze-pdf/yt-82022.pdf,parts-from-docx,6
67423,67423,28,assets/robocze-pdf/67423.pdf,parts-from-docx,5
67480,67480,35,assets/robocze-pdf/67480.pdf,parts-from-docx,15
131638,67480,35,assets/robocze-pdf/67480.pdf,parts-from-docx,15
132028,67480,35,assets/robocze-pdf/67480.pdf,parts-from-docx,15
132051,67480,35,assets/robocze-pdf/67480.pdf,parts-from-docx,15
132014,67480,35,assets/robocze-pdf/67480.pdf,parts-from-docx,15
125818,67480,35,assets/robocze-pdf/67480.pdf,parts-from-docx,15
124710,67480,35,assets/robocze-pdf/67480.pdf,parts-from-docx,15
124701,67480,35,assets/robocze-pdf/67480.pdf,parts-from-docx,15
131705,67480,35,assets/robocze-pdf/67480.pdf,parts-from-docx,15
131823,67480,35,assets/robocze-pdf/67480.pdf,parts-from-docx,15
132018,67480,35,assets/robocze-pdf/67480.pdf,parts-from-docx,15
67470,67470,30,assets/robocze-pdf/67470.pdf,parts-from-docx,10
091851,67470,30,assets/robocze-pdf/67470.pdf,parts-from-docx,10
084658,67470,30,assets/robocze-pdf/67470.pdf,parts-from-docx,10
085858,67470,30,assets/robocze-pdf/67470.pdf,parts-from-docx,10
090144,67470,30,assets/robocze-pdf/67470.pdf,parts-from-docx,10
090104,67470,30,assets/robocze-pdf/67470.pdf,parts-from-docx,10
085802,67470,30,assets/robocze-pdf/67470.pdf,parts-from-docx,10
67453,67453,28,assets/robocze-pdf/67453.pdf,parts-from-docx,9
085338,67453,28,assets/robocze-pdf/67453.pdf,parts-from-docx,9
092744,67453,28,assets/robocze-pdf/67453.pdf,parts-from-docx,9
095030,67453,28,assets/robocze-pdf/67453.pdf,parts-from-docx,9
092727,67453,28,assets/robocze-pdf/67453.pdf,parts-from-docx,9
094911,67453,28,assets/robocze-pdf/67453.pdf,parts-from-docx,9
095039,67453,28,assets/robocze-pdf/67453.pdf,parts-from-docx,9
67424,67424,26,assets/robocze-pdf/67424.pdf,parts-from-docx,5
67451,67451,46,assets/robocze-pdf/67451.pdf,parts-from-docx,10
092405,67451,46,assets/robocze-pdf/67451.pdf,parts-from-docx,10
092108,67451,46,assets/robocze-pdf/67451.pdf,parts-from-docx,10
084725,67451,46,assets/robocze-pdf/67451.pdf,parts-from-docx,10
091615,67451,46,assets/robocze-pdf/67451.pdf,parts-from-docx,10
091713,67451,46,assets/robocze-pdf/67451.pdf,parts-from-docx,10
092415,67451,46,assets/robocze-pdf/67451.pdf,parts-from-docx,10
67455,67455,40,assets/robocze-pdf/67455.pdf,parts-from-docx,9
135850,67455,40,assets/robocze-pdf/67455.pdf,parts-from-docx,9
134303,67455,40,assets/robocze-pdf/67455.pdf,parts-from-docx,9
134815,67455,40,assets/robocze-pdf/67455.pdf,parts-from-docx,9
142103,67455,40,assets/robocze-pdf/67455.pdf,parts-from-docx,9
142007,67455,40,assets/robocze-pdf/67455.pdf,parts-from-docx,9
67458,67458,54,assets/robocze-pdf/67458.pdf,parts-from-docx,4
YT-84840,YT-84840,130,assets/robocze-pdf/yt-84840.pdf,parts-from-docx,5
67420,67420,45,assets/robocze-pdf/67420.pdf,parts-from-docx,13
090204,67420,45,assets/robocze-pdf/67420.pdf,parts-from-docx,13
081243,67420,45,assets/robocze-pdf/67420.pdf,parts-from-docx,13
081440,67420,45,assets/robocze-pdf/67420.pdf,parts-from-docx,13
081312,67420,45,assets/robocze-pdf/67420.pdf,parts-from-docx,13
085943,67420,45,assets/robocze-pdf/67420.pdf,parts-from-docx,13
081256,67420,45,assets/robocze-pdf/67420.pdf,parts-from-docx,13
085935,67420,45,assets/robocze-pdf/67420.pdf,parts-from-docx,13
090151,67420,45,assets/robocze-pdf/67420.pdf,parts-from-docx,13
67220,67220,40,assets/robocze-pdf/67220.pdf,parts-from-docx,3
YT-17009,DZ_YT-17009,75,assets/robocze-pdf/dz-yt-17009.pdf,parts-from-docx,8
YT-17000,DZ_YT-17009,75,assets/robocze-pdf/dz-yt-17009.pdf,parts-from-docx,8
17009,DZ_YT-17009,75,assets/robocze-pdf/dz-yt-17009.pdf,parts-from-docx,8
YT-82001,YT-82001,93,assets/robocze-pdf/yt-82001.pdf,parts-from-docx,3
67457,67457,63,assets/robocze-pdf/67457.pdf,parts-from-docx,15
090423,67457,63,assets/robocze-pdf/67457.pdf,parts-from-docx,15
090548,67457,63,assets/robocze-pdf/67457.pdf,parts-from-docx,15
091443,67457,63,assets/robocze-pdf/67457.pdf,parts-from-docx,15
084647,67457,63,assets/robocze-pdf/67457.pdf,parts-from-docx,15
085814,67457,63,assets/robocze-pdf/67457.pdf,parts-from-docx,15
085738,67457,63,assets/robocze-pdf/67457.pdf,parts-from-docx,15
084854,67457,63,assets/robocze-pdf/67457.pdf,parts-from-docx,15
090809,67457,63,assets/robocze-pdf/67457.pdf,parts-from-docx,15
085732,67457,63,assets/robocze-pdf/67457.pdf,parts-from-docx,15
67091,67091,36,assets/robocze-pdf/67091.pdf,parts-from-docx,4
67113,67113,46,assets/robocze-pdf/67113.pdf,parts-from-docx,8
67090,67090,53,assets/robocze-pdf/67090.pdf,parts-from-docx,3
66841,66841,31,assets/robocze-pdf/66841.pdf,parts-from-docx,4
YT-09695,YT-09695,34,assets/robocze-pdf/yt-09695.pdf,parts-from-docx,4
66842,66842,34,assets/robocze-pdf/66842.pdf,parts-from-docx,4
67110,67110,33,assets/robocze-pdf/67110.pdf,parts-from-docx,3
66930,66930,23,assets/robocze-pdf/66930.pdf,parts-from-docx,4
67112,67112,26,assets/robocze-pdf/67112.pdf,parts-from-docx,5
58700,58700,103,assets/robocze-pdf/58700.pdf,parts-from-docx,4
58691,58691,103,assets/robocze-pdf/58691.pdf,parts-from-docx,4
57091,57091,46,assets/robocze-pdf/57091.pdf,parts-from-docx,3
58643,58643,28,assets/robocze-pdf/58643.pdf,parts-from-docx,3
58690,58690,94,assets/robocze-pdf/58690.pdf,parts-from-docx,3
58539,58539,3,assets/robocze-pdf/58539.pdf,parts-from-docx,3
58540,58540,180,assets/robocze-pdf/58540.pdf,parts-from-docx,18
58661,58661,22,assets/robocze-pdf/58661.pdf,parts-from-docx,4
58550,58550,530,assets/robocze-pdf/58550.pdf,parts-from-docx,5
YT-09620,YT-09620,53,assets/robocze-pdf/yt-09620.pdf,parts-from-docx,3
09620,YT-09620,53,assets/robocze-pdf/yt-09620.pdf,parts-from-docx,3
57092,57092,45,assets/robocze-pdf/57092.pdf,parts-from-docx,3
57097,57097,53,assets/robocze-pdf/57097.pdf,parts-from-docx,3
55820,55820,5,assets/robocze-pdf/55820.pdf,parts-from-docx,2
YT-55584,YT-55584,43,assets/robocze-pdf/yt-55584.pdf,parts-from-docx,7
07205,YT-55584,43,assets/robocze-pdf/yt-55584.pdf,parts-from-docx,7
58687,58687,73,assets/robocze-pdf/58687.pdf,parts-from-docx,4
67200,67200,42,assets/robocze-pdf/67200.pdf,parts-from-docx,3
67120,67120,41,assets/robocze-pdf/67120.pdf,parts-from-docx,5
67201,67201,39,assets/robocze-pdf/67201.pdf,parts-from-docx,3
09900,09900,4,assets/robocze-pdf/09900.pdf,parts-from-docx,2
67125,67125,119,assets/robocze-pdf/67125.pdf,parts-from-docx,5
53575,"53575, 53576, 53577",43,assets/robocze-pdf/53575-53576-53577.pdf,parts-from-docx,6
53576,"53575, 53576, 53577",43,assets/robocze-pdf/53575-53576-53577.pdf,parts-from-docx,6
53577,"53575, 53576, 53577",43,assets/robocze-pdf/53575-53576-53577.pdf,parts-from-docx,6
79791,79791,54,assets/robocze-pdf/79791.pdf,parts-from-docx,3
