model,title,currentBrand,suggestedBrand,suggestionReason,bucket,previewUrl,fileId
09903,Czesci_zamienne_09903.pdf,DO ROZPOZNANIA,,,09xxx,https://drive.google.com/file/d/1NPH3NzaWCBqb-tvl-iVxboUvbgtUM4VU/preview,1NPH3NzaWCBqb-tvl-iVxboUvbgtUM4VU
53575,Czesci_zamienne_53575.pdf,DO ROZPOZNANIA,VOREL/STHOR/INNE?,"Stare numeryczne indeksy, brak marki w nazwie pliku.",53xxx,https://drive.google.com/file/d/1T_QyAsRP7bnmqgemHscfZSE_yEGQgzag/preview,1T_QyAsRP7bnmqgemHscfZSE_yEGQgzag
53576,Czesci_zamienne_53576.pdf,DO ROZPOZNANIA,VOREL/STHOR/INNE?,"Stare numeryczne indeksy, brak marki w nazwie pliku.",53xxx,https://drive.google.com/file/d/1J10V-Rk0eUhTxQBcQUf1SC-bxLzttNNR/preview,1J10V-Rk0eUhTxQBcQUf1SC-bxLzttNNR
53577,Czesci_zamienne_53577.pdf,DO ROZPOZNANIA,VOREL/STHOR/INNE?,"Stare numeryczne indeksy, brak marki w nazwie pliku.",53xxx,https://drive.google.com/file/d/14PsZpejlD1RixKkVJUERbuE_vBGfZIsY/preview,14PsZpejlD1RixKkVJUERbuE_vBGfZIsY
55820,Czesci_zamienne_55820.pdf,DO ROZPOZNANIA,VOREL/STHOR/INNE?,"Stare numeryczne indeksy, brak marki w nazwie pliku.",55xxx,https://drive.google.com/file/d/1JUKLN0OQQxbjKOA0PQ2Up0E57cbYQCnn/preview,1JUKLN0OQQxbjKOA0PQ2Up0E57cbYQCnn
57090,Czesci_zamienne_57090.pdf,DO ROZPOZNANIA,VOREL/STHOR/INNE?,"Stare numeryczne indeksy, brak marki w nazwie pliku.",57xxx,https://drive.google.com/file/d/1Rj8GZ-VLD95gVaa4j696ECsp_2K_3qrg/preview,1Rj8GZ-VLD95gVaa4j696ECsp_2K_3qrg
57091,Czesci_zamienne_57091.pdf,DO ROZPOZNANIA,VOREL/STHOR/INNE?,"Stare numeryczne indeksy, brak marki w nazwie pliku.",57xxx,https://drive.google.com/file/d/1SdZQbdqrPFxdfYLCSQB74EpOhvFxK_gr/preview,1SdZQbdqrPFxdfYLCSQB74EpOhvFxK_gr
57092,Czesci_zamienne_57092.pdf,DO ROZPOZNANIA,VOREL/STHOR/INNE?,"Stare numeryczne indeksy, brak marki w nazwie pliku.",57xxx,https://drive.google.com/file/d/1rnAxKhMG0lMOmFKR_TcdqogQbei4I2_-/preview,1rnAxKhMG0lMOmFKR_TcdqogQbei4I2_-
57097,Czesci_zamienne_57097.pdf,DO ROZPOZNANIA,VOREL/STHOR/INNE?,"Stare numeryczne indeksy, brak marki w nazwie pliku.",57xxx,https://drive.google.com/file/d/1COR6mCvljmLN7oB5XDiNHLAhiVwBJ04t/preview,1COR6mCvljmLN7oB5XDiNHLAhiVwBJ04t
58539,Czesci_zamienne_58539.pdf,DO ROZPOZNANIA,VOREL/STHOR/INNE?,"Stare numeryczne indeksy, brak marki w nazwie pliku.",58xxx,https://drive.google.com/file/d/1MQp9dvFcsCCCTUeNKjX_42-BUgkxhdET/preview,1MQp9dvFcsCCCTUeNKjX_42-BUgkxhdET
58540,Czesci_zamienne_58540.pdf,DO ROZPOZNANIA,VOREL/STHOR/INNE?,"Stare numeryczne indeksy, brak marki w nazwie pliku.",58xxx,https://drive.google.com/file/d/1SDOTmNQKcZQ2JFNJbyTCZcFWZQPqdU7-/preview,1SDOTmNQKcZQ2JFNJbyTCZcFWZQPqdU7-
58550,Czesci_zamienne_58550.pdf,DO ROZPOZNANIA,VOREL/STHOR/INNE?,"Stare numeryczne indeksy, brak marki w nazwie pliku.",58xxx,https://drive.google.com/file/d/1qUNF-uKfo4-BcqNuLf0sAgPxig6sA5ll/preview,1qUNF-uKfo4-BcqNuLf0sAgPxig6sA5ll
58643,Czesci_zamienne_58643.pdf,DO ROZPOZNANIA,VOREL/STHOR/INNE?,"Stare numeryczne indeksy, brak marki w nazwie pliku.",58xxx,https://drive.google.com/file/d/1PGm9nPRRjXyipT-KN2_F3WQrwQDUxvLB/preview,1PGm9nPRRjXyipT-KN2_F3WQrwQDUxvLB
58661,Czesci_zamienne_58661.pdf,DO ROZPOZNANIA,VOREL/STHOR/INNE?,"Stare numeryczne indeksy, brak marki w nazwie pliku.",58xxx,https://drive.google.com/file/d/1dwqu1515cLCuUrCIL0TPdtKwjB9LX-It/preview,1dwqu1515cLCuUrCIL0TPdtKwjB9LX-It
58687,Czesci_zamienne_58687.pdf,DO ROZPOZNANIA,VOREL/STHOR/INNE?,"Stare numeryczne indeksy, brak marki w nazwie pliku.",58xxx,https://drive.google.com/file/d/1M3nXDc65ZuZr-5CAhJU8fmenwtpuF-NY/preview,1M3nXDc65ZuZr-5CAhJU8fmenwtpuF-NY
58689,Czesci_zamienne_58689.pdf,DO ROZPOZNANIA,VOREL/STHOR/INNE?,"Stare numeryczne indeksy, brak marki w nazwie pliku.",58xxx,https://drive.google.com/file/d/1KAmL4SD6Ig8B-MtkWiX2eJ3w8ox-1WCG/preview,1KAmL4SD6Ig8B-MtkWiX2eJ3w8ox-1WCG
58690,Czesci_zamienne_58690.pdf,DO ROZPOZNANIA,VOREL/STHOR/INNE?,"Stare numeryczne indeksy, brak marki w nazwie pliku.",58xxx,https://drive.google.com/file/d/17tYf5Tdd0Q5Awd0pQyqTwTs6fKzfRrqI/preview,17tYf5Tdd0Q5Awd0pQyqTwTs6fKzfRrqI
58691,Czesci_zamienne_58691.pdf,DO ROZPOZNANIA,VOREL/STHOR/INNE?,"Stare numeryczne indeksy, brak marki w nazwie pliku.",58xxx,https://drive.google.com/file/d/1I-6Te_me8dQc1UbV2iL89vtzsIoCQZjT/preview,1I-6Te_me8dQc1UbV2iL89vtzsIoCQZjT
58700,Czesci_zamienne_58700.pdf,DO ROZPOZNANIA,VOREL/STHOR/INNE?,"Stare numeryczne indeksy, brak marki w nazwie pliku.",58xxx,https://drive.google.com/file/d/10Jj2yy8sH8rRUwSpbS6gkYr36wbPgnp3/preview,10Jj2yy8sH8rRUwSpbS6gkYr36wbPgnp3
66841,Czesci_zamienne_66841.pdf,DO ROZPOZNANIA,,,66xxx,https://drive.google.com/file/d/1xgcDNcn79EJMvpvY5X6bL6IltMM3mqbA/preview,1xgcDNcn79EJMvpvY5X6bL6IltMM3mqbA
66842,Czesci_zamienne_66842.pdf,DO ROZPOZNANIA,,,66xxx,https://drive.google.com/file/d/1iq1gaWAa_96oN-42tAYWEa96d5tfwehh/preview,1iq1gaWAa_96oN-42tAYWEa96d5tfwehh
66930,Czesci_zamienne_66930.pdf,DO ROZPOZNANIA,,,66xxx,https://drive.google.com/file/d/1pv4v9x5dqIic2uNdH5j3U8NHUYQw9KW9/preview,1pv4v9x5dqIic2uNdH5j3U8NHUYQw9KW9
66932,Czesci_zamienne_66932.pdf,DO ROZPOZNANIA,,,66xxx,https://drive.google.com/file/d/1L0AX6fm3QmjQ6V9twk4pUKPJ7myX3mkR/preview,1L0AX6fm3QmjQ6V9twk4pUKPJ7myX3mkR
66934,Czesci_zamienne_66934.pdf,DO ROZPOZNANIA,,,66xxx,https://drive.google.com/file/d/1fqCeZsLhMXTZUVciY_38lXzyVy9mWARr/preview,1fqCeZsLhMXTZUVciY_38lXzyVy9mWARr
66936,Czesci_zamienne_66936.pdf,DO ROZPOZNANIA,,,66xxx,https://drive.google.com/file/d/1uhaX527zQXfyaObltYMsMsvLOuSGs840/preview,1uhaX527zQXfyaObltYMsMsvLOuSGs840
66940,Czesci_zamienne_66940.pdf,DO ROZPOZNANIA,,,66xxx,https://drive.google.com/file/d/19JjxFxnDLYuIk1NbGuJbQAW3PPCdsQYm/preview,19JjxFxnDLYuIk1NbGuJbQAW3PPCdsQYm
66950,Czesci_zamienne_66950.pdf,DO ROZPOZNANIA,,,66xxx,https://drive.google.com/file/d/15vWhtzFDm3ySW1shw3PLRCxBHXBYB4PK/preview,15vWhtzFDm3ySW1shw3PLRCxBHXBYB4PK
67026,Czesci_zamienne_67026.pdf,DO ROZPOZNANIA,LUND? / INNE?,"Dużo modeli 67xxx/68xxx; brak twardego seedu, do potwierdzenia wizualnie/źródłem.",67xxx,https://drive.google.com/file/d/19vXAwB4N_7ZCyoXn5Ds3bqDr4ZD8KZzq/preview,19vXAwB4N_7ZCyoXn5Ds3bqDr4ZD8KZzq
67032,Czesci_zamienne_67032.pdf,DO ROZPOZNANIA,LUND? / INNE?,"Dużo modeli 67xxx/68xxx; brak twardego seedu, do potwierdzenia wizualnie/źródłem.",67xxx,https://drive.google.com/file/d/1bNeDN9j0wxqLaPp82XaSTJEDj6rqQzs3/preview,1bNeDN9j0wxqLaPp82XaSTJEDj6rqQzs3
67033,Czesci_zamienne_67033.pdf,DO ROZPOZNANIA,LUND? / INNE?,"Dużo modeli 67xxx/68xxx; brak twardego seedu, do potwierdzenia wizualnie/źródłem.",67xxx,https://drive.google.com/file/d/1jdo0kJQvoONEiBl8F0uURd4cRrE6Rp9a/preview,1jdo0kJQvoONEiBl8F0uURd4cRrE6Rp9a
67034,Czesci_zamienne_67034.pdf,DO ROZPOZNANIA,LUND? / INNE?,"Dużo modeli 67xxx/68xxx; brak twardego seedu, do potwierdzenia wizualnie/źródłem.",67xxx,https://drive.google.com/file/d/1Tie2PNeQSfDNL44ymrVTpHSTX9ibE9Bn/preview,1Tie2PNeQSfDNL44ymrVTpHSTX9ibE9Bn
67090,Czesci_zamienne_67090.pdf,DO ROZPOZNANIA,LUND? / INNE?,"Dużo modeli 67xxx/68xxx; brak twardego seedu, do potwierdzenia wizualnie/źródłem.",67xxx,https://drive.google.com/file/d/14WCUhH1H_KPdEA7loRkMULL5ky81RfjS/preview,14WCUhH1H_KPdEA7loRkMULL5ky81RfjS
67091,Czesci_zamienne_67091.pdf,DO ROZPOZNANIA,LUND? / INNE?,"Dużo modeli 67xxx/68xxx; brak twardego seedu, do potwierdzenia wizualnie/źródłem.",67xxx,https://drive.google.com/file/d/1TEVNQLD2nBlq59C8ifhx4CCY6dAm9KHV/preview,1TEVNQLD2nBlq59C8ifhx4CCY6dAm9KHV
67092,Czesci_zamienne_67092.pdf,DO ROZPOZNANIA,LUND? / INNE?,"Dużo modeli 67xxx/68xxx; brak twardego seedu, do potwierdzenia wizualnie/źródłem.",67xxx,https://drive.google.com/file/d/17yqyOAsQzQibGCNYcZ6cJ6VAWBPaBTGb/preview,17yqyOAsQzQibGCNYcZ6cJ6VAWBPaBTGb
67110,Czesci_zamienne_67110.pdf,DO ROZPOZNANIA,LUND? / INNE?,"Dużo modeli 67xxx/68xxx; brak twardego seedu, do potwierdzenia wizualnie/źródłem.",67xxx,https://drive.google.com/file/d/1Bls_G_AkABNpeTVRY_thcuuQS8m_tPQo/preview,1Bls_G_AkABNpeTVRY_thcuuQS8m_tPQo
67111,Czesci_zamienne_67111.pdf,DO ROZPOZNANIA,LUND? / INNE?,"Dużo modeli 67xxx/68xxx; brak twardego seedu, do potwierdzenia wizualnie/źródłem.",67xxx,https://drive.google.com/file/d/1ktJ7KmlxDQS5XQQA7VunY2_Oro5clMdQ/preview,1ktJ7KmlxDQS5XQQA7VunY2_Oro5clMdQ
67112,Czesci_zamienne_67112.pdf,DO ROZPOZNANIA,LUND? / INNE?,"Dużo modeli 67xxx/68xxx; brak twardego seedu, do potwierdzenia wizualnie/źródłem.",67xxx,https://drive.google.com/file/d/1opQ0Jboga9vrY3dfCMoy7KRI83l3Y82O/preview,1opQ0Jboga9vrY3dfCMoy7KRI83l3Y82O
67113,Czesci_zamienne_67113.pdf,DO ROZPOZNANIA,LUND? / INNE?,"Dużo modeli 67xxx/68xxx; brak twardego seedu, do potwierdzenia wizualnie/źródłem.",67xxx,https://drive.google.com/file/d/1dVIGzYk4NPHLfogE4yIMQNAYo839Fxm7/preview,1dVIGzYk4NPHLfogE4yIMQNAYo839Fxm7
67120,Czesci_zamienne_67120.pdf,DO ROZPOZNANIA,LUND? / INNE?,"Dużo modeli 67xxx/68xxx; brak twardego seedu, do potwierdzenia wizualnie/źródłem.",67xxx,https://drive.google.com/file/d/1kziacb43TsXzvpQWXUwY8wE0HP2JSFK5/preview,1kziacb43TsXzvpQWXUwY8wE0HP2JSFK5
67121,Czesci_zamienne_67121.pdf,DO ROZPOZNANIA,LUND? / INNE?,"Dużo modeli 67xxx/68xxx; brak twardego seedu, do potwierdzenia wizualnie/źródłem.",67xxx,https://drive.google.com/file/d/1wobCpeyb2fEkwk0TVYbKWMlTKWrNhroZ/preview,1wobCpeyb2fEkwk0TVYbKWMlTKWrNhroZ
67125,Czesci_zamienne_67125.pdf,DO ROZPOZNANIA,LUND? / INNE?,"Dużo modeli 67xxx/68xxx; brak twardego seedu, do potwierdzenia wizualnie/źródłem.",67xxx,https://drive.google.com/file/d/1I9MZzQQnxW70O6pUcNDMjqYgdxz-BsTB/preview,1I9MZzQQnxW70O6pUcNDMjqYgdxz-BsTB
67180,Czesci_zamienne_67180.pdf,DO ROZPOZNANIA,LUND? / INNE?,"Dużo modeli 67xxx/68xxx; brak twardego seedu, do potwierdzenia wizualnie/źródłem.",67xxx,https://drive.google.com/file/d/1Tjg50-gsmQzJas0WRUTRIhyDJEHJFSdc/preview,1Tjg50-gsmQzJas0WRUTRIhyDJEHJFSdc
67200,Czesci_zamienne_67200.pdf,DO ROZPOZNANIA,LUND? / INNE?,"Dużo modeli 67xxx/68xxx; brak twardego seedu, do potwierdzenia wizualnie/źródłem.",67xxx,https://drive.google.com/file/d/1qvlK8vbXl1IEiaZ9juThIyEklwp6SZ93/preview,1qvlK8vbXl1IEiaZ9juThIyEklwp6SZ93
67201,Czesci_zamienne_67201.pdf,DO ROZPOZNANIA,LUND? / INNE?,"Dużo modeli 67xxx/68xxx; brak twardego seedu, do potwierdzenia wizualnie/źródłem.",67xxx,https://drive.google.com/file/d/10ZpYB3RRu0DnHXRTA6IxUTJoWDzy1ek3/preview,10ZpYB3RRu0DnHXRTA6IxUTJoWDzy1ek3
67220,Czesci_zamienne_67220.pdf,DO ROZPOZNANIA,LUND? / INNE?,"Dużo modeli 67xxx/68xxx; brak twardego seedu, do potwierdzenia wizualnie/źródłem.",67xxx,https://drive.google.com/file/d/1mrPc40HKLqOT_u0gsDC66IZMqnRrcllI/preview,1mrPc40HKLqOT_u0gsDC66IZMqnRrcllI
67221,Czesci_zamienne_67221.pdf,DO ROZPOZNANIA,LUND? / INNE?,"Dużo modeli 67xxx/68xxx; brak twardego seedu, do potwierdzenia wizualnie/źródłem.",67xxx,https://drive.google.com/file/d/1lOIm0ASXmk37_ILBcABDvhJh0dlGEVcY/preview,1lOIm0ASXmk37_ILBcABDvhJh0dlGEVcY
67230,Czesci_zamienne_67230.pdf,DO ROZPOZNANIA,LUND? / INNE?,"Dużo modeli 67xxx/68xxx; brak twardego seedu, do potwierdzenia wizualnie/źródłem.",67xxx,https://drive.google.com/file/d/1LdOkwP3oc-d4DWlDmSUdAu09ApyQIqT4/preview,1LdOkwP3oc-d4DWlDmSUdAu09ApyQIqT4
67231,Czesci_zamienne_67231.pdf,DO ROZPOZNANIA,LUND? / INNE?,"Dużo modeli 67xxx/68xxx; brak twardego seedu, do potwierdzenia wizualnie/źródłem.",67xxx,https://drive.google.com/file/d/1Z3nO2n4ruU2hwWFOerRibzEneLvvP8N2/preview,1Z3nO2n4ruU2hwWFOerRibzEneLvvP8N2
67292,Czesci_zamienne_67292.pdf,DO ROZPOZNANIA,LUND? / INNE?,"Dużo modeli 67xxx/68xxx; brak twardego seedu, do potwierdzenia wizualnie/źródłem.",67xxx,https://drive.google.com/file/d/1__fgv7vSlq97m5YZV2Lp_nHMxJYLl7Er/preview,1__fgv7vSlq97m5YZV2Lp_nHMxJYLl7Er
67293,Czesci_zamienne_67293.pdf,DO ROZPOZNANIA,LUND? / INNE?,"Dużo modeli 67xxx/68xxx; brak twardego seedu, do potwierdzenia wizualnie/źródłem.",67xxx,https://drive.google.com/file/d/10twZS_cA4zlwgCNqYDFYROtsP98VTR8k/preview,10twZS_cA4zlwgCNqYDFYROtsP98VTR8k
67420,Czesci_zamienne_67420.pdf,DO ROZPOZNANIA,LUND? / INNE?,"Dużo modeli 67xxx/68xxx; brak twardego seedu, do potwierdzenia wizualnie/źródłem.",67xxx,https://drive.google.com/file/d/1x1USizZGfpydDrV6T4tULLQKhxMbN22h/preview,1x1USizZGfpydDrV6T4tULLQKhxMbN22h
67422,Czesci_zamienne_67422.pdf,DO ROZPOZNANIA,LUND? / INNE?,"Dużo modeli 67xxx/68xxx; brak twardego seedu, do potwierdzenia wizualnie/źródłem.",67xxx,https://drive.google.com/file/d/1TrckZn5ZFmka8PjN5t4XVOjgtkUKKf-C/preview,1TrckZn5ZFmka8PjN5t4XVOjgtkUKKf-C
67423,Czesci_zamienne_67423.pdf,DO ROZPOZNANIA,LUND? / INNE?,"Dużo modeli 67xxx/68xxx; brak twardego seedu, do potwierdzenia wizualnie/źródłem.",67xxx,https://drive.google.com/file/d/1RikedlfhILHopXQikmR3DZSC2137TBbU/preview,1RikedlfhILHopXQikmR3DZSC2137TBbU
67424,Czesci_zamienne_67424.pdf,DO ROZPOZNANIA,LUND? / INNE?,"Dużo modeli 67xxx/68xxx; brak twardego seedu, do potwierdzenia wizualnie/źródłem.",67xxx,https://drive.google.com/file/d/16qAkCkxwMp0OhjmfwwTLel-XTtLlTmf5/preview,16qAkCkxwMp0OhjmfwwTLel-XTtLlTmf5
67450,Czesci_zamienne_67450.pdf,DO ROZPOZNANIA,LUND? / INNE?,"Dużo modeli 67xxx/68xxx; brak twardego seedu, do potwierdzenia wizualnie/źródłem.",67xxx,https://drive.google.com/file/d/1ElhfEiWY8sjbRg48glvt7gBddg4zsPHT/preview,1ElhfEiWY8sjbRg48glvt7gBddg4zsPHT
67451,Czesci_zamienne_67451.pdf,DO ROZPOZNANIA,LUND? / INNE?,"Dużo modeli 67xxx/68xxx; brak twardego seedu, do potwierdzenia wizualnie/źródłem.",67xxx,https://drive.google.com/file/d/1CHuaVDlHEtICS35co8zE86qOuqyJUgY5/preview,1CHuaVDlHEtICS35co8zE86qOuqyJUgY5
67453,Czesci_zamienne_67453.pdf,DO ROZPOZNANIA,LUND? / INNE?,"Dużo modeli 67xxx/68xxx; brak twardego seedu, do potwierdzenia wizualnie/źródłem.",67xxx,https://drive.google.com/file/d/1NaxUTvQNijcsNu4g7E0ZcJ-vdGM-wJXb/preview,1NaxUTvQNijcsNu4g7E0ZcJ-vdGM-wJXb
67455,Czesci_zamienne_67455.pdf,DO ROZPOZNANIA,LUND? / INNE?,"Dużo modeli 67xxx/68xxx; brak twardego seedu, do potwierdzenia wizualnie/źródłem.",67xxx,https://drive.google.com/file/d/1CPd1eDTK4dXDYoxm8n5qJ4RGQ9eLOJOy/preview,1CPd1eDTK4dXDYoxm8n5qJ4RGQ9eLOJOy
67456,Czesci_zamienne_67456.pdf,DO ROZPOZNANIA,LUND? / INNE?,"Dużo modeli 67xxx/68xxx; brak twardego seedu, do potwierdzenia wizualnie/źródłem.",67xxx,https://drive.google.com/file/d/1EOGM6eFaoES5wZCPGtw2PX5wjfsDRFU0/preview,1EOGM6eFaoES5wZCPGtw2PX5wjfsDRFU0
67457,Czesci_zamienne_67457.pdf,DO ROZPOZNANIA,LUND? / INNE?,"Dużo modeli 67xxx/68xxx; brak twardego seedu, do potwierdzenia wizualnie/źródłem.",67xxx,https://drive.google.com/file/d/11JTaudD5kYRSzWGIe1ra7PNFQytk4sqQ/preview,11JTaudD5kYRSzWGIe1ra7PNFQytk4sqQ
67458,Czesci_zamienne_67458.pdf,DO ROZPOZNANIA,LUND? / INNE?,"Dużo modeli 67xxx/68xxx; brak twardego seedu, do potwierdzenia wizualnie/źródłem.",67xxx,https://drive.google.com/file/d/1x_rK2tqIAk0iooFu3Qc6zv8jrVOrUdEq/preview,1x_rK2tqIAk0iooFu3Qc6zv8jrVOrUdEq
67460,Czesci_zamienne_67460.pdf,DO ROZPOZNANIA,LUND? / INNE?,"Dużo modeli 67xxx/68xxx; brak twardego seedu, do potwierdzenia wizualnie/źródłem.",67xxx,https://drive.google.com/file/d/1nKtVeFvITUUr88b9l-CmfOaZ8sDP-SVQ/preview,1nKtVeFvITUUr88b9l-CmfOaZ8sDP-SVQ
67470,Czesci_zamienne_67470.pdf,DO ROZPOZNANIA,LUND? / INNE?,"Dużo modeli 67xxx/68xxx; brak twardego seedu, do potwierdzenia wizualnie/źródłem.",67xxx,https://drive.google.com/file/d/1Xh6OKt4zkh58bqTn_fgpaQYH3aQ7hcbT/preview,1Xh6OKt4zkh58bqTn_fgpaQYH3aQ7hcbT
67480,Czesci_zamienne_67480.pdf,DO ROZPOZNANIA,LUND? / INNE?,"Dużo modeli 67xxx/68xxx; brak twardego seedu, do potwierdzenia wizualnie/źródłem.",67xxx,https://drive.google.com/file/d/1sKjbivYPklV1hKypUoYb214lDF6Zkizm/preview,1sKjbivYPklV1hKypUoYb214lDF6Zkizm
67500,Czesci_zamienne_67500.pdf,DO ROZPOZNANIA,LUND? / INNE?,"Dużo modeli 67xxx/68xxx; brak twardego seedu, do potwierdzenia wizualnie/źródłem.",67xxx,https://drive.google.com/file/d/1XeY6KEeeRqkkU8ZbhSbx0oGUFQJuivX1/preview,1XeY6KEeeRqkkU8ZbhSbx0oGUFQJuivX1
67501,Czesci_zamienne_67501.pdf,DO ROZPOZNANIA,LUND? / INNE?,"Dużo modeli 67xxx/68xxx; brak twardego seedu, do potwierdzenia wizualnie/źródłem.",67xxx,https://drive.google.com/file/d/1a7ssh8dRqixUDcJbZbk7gcXMCceJUeMN/preview,1a7ssh8dRqixUDcJbZbk7gcXMCceJUeMN
67520,Czesci_zamienne_67520.pdf,DO ROZPOZNANIA,LUND? / INNE?,"Dużo modeli 67xxx/68xxx; brak twardego seedu, do potwierdzenia wizualnie/źródłem.",67xxx,https://drive.google.com/file/d/1fk-rJYvgA4LFS75ixN1wD7f7XiSLIKqB/preview,1fk-rJYvgA4LFS75ixN1wD7f7XiSLIKqB
67521,Czesci_zamienne_67521.pdf,DO ROZPOZNANIA,LUND? / INNE?,"Dużo modeli 67xxx/68xxx; brak twardego seedu, do potwierdzenia wizualnie/źródłem.",67xxx,https://drive.google.com/file/d/1gPLCrOFgGHCzUUKUdf_xzrhWBbpodc-Y/preview,1gPLCrOFgGHCzUUKUdf_xzrhWBbpodc-Y
67522,Czesci_zamienne_67522.pdf,DO ROZPOZNANIA,LUND? / INNE?,"Dużo modeli 67xxx/68xxx; brak twardego seedu, do potwierdzenia wizualnie/źródłem.",67xxx,https://drive.google.com/file/d/1tvRNsXaT_ncjTMWHtGDSPQptnKrortk8/preview,1tvRNsXaT_ncjTMWHtGDSPQptnKrortk8
67523,Czesci_zamienne_67523.pdf,DO ROZPOZNANIA,LUND? / INNE?,"Dużo modeli 67xxx/68xxx; brak twardego seedu, do potwierdzenia wizualnie/źródłem.",67xxx,https://drive.google.com/file/d/1iOzqHKHKYX1j4GwzPOVoA4DE9SdkojIi/preview,1iOzqHKHKYX1j4GwzPOVoA4DE9SdkojIi
67525,Czesci_zamienne_67525.pdf,DO ROZPOZNANIA,LUND? / INNE?,"Dużo modeli 67xxx/68xxx; brak twardego seedu, do potwierdzenia wizualnie/źródłem.",67xxx,https://drive.google.com/file/d/1CMZxpn8PPcXEDtd309crEJHPXxEPjcJ8/preview,1CMZxpn8PPcXEDtd309crEJHPXxEPjcJ8
67526,Czesci_zamienne_67526.pdf,DO ROZPOZNANIA,LUND? / INNE?,"Dużo modeli 67xxx/68xxx; brak twardego seedu, do potwierdzenia wizualnie/źródłem.",67xxx,https://drive.google.com/file/d/1ROEus6Hj2_a6k5ovf885hbRxddvTEOS5/preview,1ROEus6Hj2_a6k5ovf885hbRxddvTEOS5
67527,Czesci_zamienne_67527.pdf,DO ROZPOZNANIA,LUND? / INNE?,"Dużo modeli 67xxx/68xxx; brak twardego seedu, do potwierdzenia wizualnie/źródłem.",67xxx,https://drive.google.com/file/d/1Gae7jSYcLo-OX8ljgXP2wa-J6GjdUMGX/preview,1Gae7jSYcLo-OX8ljgXP2wa-J6GjdUMGX
67528,Czesci_zamienne_67528.pdf,DO ROZPOZNANIA,LUND? / INNE?,"Dużo modeli 67xxx/68xxx; brak twardego seedu, do potwierdzenia wizualnie/źródłem.",67xxx,https://drive.google.com/file/d/1SkPrQlhKATw2npL3K7-G8iZ-r0bBMgla/preview,1SkPrQlhKATw2npL3K7-G8iZ-r0bBMgla
67530,Czesci_zamienne_67530.pdf,DO ROZPOZNANIA,LUND? / INNE?,"Dużo modeli 67xxx/68xxx; brak twardego seedu, do potwierdzenia wizualnie/źródłem.",67xxx,https://drive.google.com/file/d/107P3K9LVKmlcZ75PERol20MGUp7lCVLZ/preview,107P3K9LVKmlcZ75PERol20MGUp7lCVLZ
67570,Czesci_zamienne_67570.pdf,DO ROZPOZNANIA,LUND? / INNE?,"Dużo modeli 67xxx/68xxx; brak twardego seedu, do potwierdzenia wizualnie/źródłem.",67xxx,https://drive.google.com/file/d/1-QaRqH4AxnJDNtQ6TFTroC2VOoqQ-WkK/preview,1-QaRqH4AxnJDNtQ6TFTroC2VOoqQ-WkK
67571,Czesci_zamienne_67571.pdf,DO ROZPOZNANIA,LUND? / INNE?,"Dużo modeli 67xxx/68xxx; brak twardego seedu, do potwierdzenia wizualnie/źródłem.",67xxx,https://drive.google.com/file/d/1l82F8lB56jUvSqNKTIauSaP8ujv0BJUC/preview,1l82F8lB56jUvSqNKTIauSaP8ujv0BJUC
67572,Czesci_zamienne_67572.pdf,DO ROZPOZNANIA,LUND? / INNE?,"Dużo modeli 67xxx/68xxx; brak twardego seedu, do potwierdzenia wizualnie/źródłem.",67xxx,https://drive.google.com/file/d/18X_T8GOtbQmYtScy-C2PiP-Q6Y5u5uVu/preview,18X_T8GOtbQmYtScy-C2PiP-Q6Y5u5uVu
67573,Czesci_zamienne_67573.pdf,DO ROZPOZNANIA,LUND? / INNE?,"Dużo modeli 67xxx/68xxx; brak twardego seedu, do potwierdzenia wizualnie/źródłem.",67xxx,https://drive.google.com/file/d/1-Blni_kcMGteygyEv4mpkN1ug5Lwseex/preview,1-Blni_kcMGteygyEv4mpkN1ug5Lwseex
67574,Czesci_zamienne_67574.pdf,DO ROZPOZNANIA,LUND? / INNE?,"Dużo modeli 67xxx/68xxx; brak twardego seedu, do potwierdzenia wizualnie/źródłem.",67xxx,https://drive.google.com/file/d/1cUE2ofqAodMCxGymyBtHVqrdiQkrao_w/preview,1cUE2ofqAodMCxGymyBtHVqrdiQkrao_w
67575,Czesci_zamienne_67575.pdf,DO ROZPOZNANIA,LUND? / INNE?,"Dużo modeli 67xxx/68xxx; brak twardego seedu, do potwierdzenia wizualnie/źródłem.",67xxx,https://drive.google.com/file/d/14biI7mjXpj5X-RCs-K2cqWvXHE2Ym3_q/preview,14biI7mjXpj5X-RCs-K2cqWvXHE2Ym3_q
67576,Czesci_zamienne_67576.pdf,DO ROZPOZNANIA,LUND? / INNE?,"Dużo modeli 67xxx/68xxx; brak twardego seedu, do potwierdzenia wizualnie/źródłem.",67xxx,https://drive.google.com/file/d/1_cbMX79Ul9snUhrtKcN1_UIJ3MxfZ0SL/preview,1_cbMX79Ul9snUhrtKcN1_UIJ3MxfZ0SL
67580,Czesci_zamienne_67580.pdf,DO ROZPOZNANIA,LUND? / INNE?,"Dużo modeli 67xxx/68xxx; brak twardego seedu, do potwierdzenia wizualnie/źródłem.",67xxx,https://drive.google.com/file/d/1GprnCPZLWEa3HmWxuX6lrgJXYoM-mU9c/preview,1GprnCPZLWEa3HmWxuX6lrgJXYoM-mU9c
67581,Czesci_zamienne_67581.pdf,DO ROZPOZNANIA,LUND? / INNE?,"Dużo modeli 67xxx/68xxx; brak twardego seedu, do potwierdzenia wizualnie/źródłem.",67xxx,https://drive.google.com/file/d/1C_xKzmIIq8lTFdUXUFxjXrWPyw4RHzHA/preview,1C_xKzmIIq8lTFdUXUFxjXrWPyw4RHzHA
67582,Czesci_zamienne_67582.pdf,DO ROZPOZNANIA,LUND? / INNE?,"Dużo modeli 67xxx/68xxx; brak twardego seedu, do potwierdzenia wizualnie/źródłem.",67xxx,https://drive.google.com/file/d/1h7WPC-3QbkgkGAmSsn80w4vO6as1aW0K/preview,1h7WPC-3QbkgkGAmSsn80w4vO6as1aW0K
67584,Czesci_zamienne_67584.pdf,DO ROZPOZNANIA,LUND? / INNE?,"Dużo modeli 67xxx/68xxx; brak twardego seedu, do potwierdzenia wizualnie/źródłem.",67xxx,https://drive.google.com/file/d/1d0QzzEkiqO2nsTiMTqr85RfPEDkP2LLv/preview,1d0QzzEkiqO2nsTiMTqr85RfPEDkP2LLv
67590,Czesci_zamienne_67590.pdf,DO ROZPOZNANIA,LUND? / INNE?,"Dużo modeli 67xxx/68xxx; brak twardego seedu, do potwierdzenia wizualnie/źródłem.",67xxx,https://drive.google.com/file/d/1IeanvOoRHlphyBbVaOX2Jtd5B8lyoBP7/preview,1IeanvOoRHlphyBbVaOX2Jtd5B8lyoBP7
67640,Czesci_zamienne_67640.pdf,DO ROZPOZNANIA,LUND? / INNE?,"Dużo modeli 67xxx/68xxx; brak twardego seedu, do potwierdzenia wizualnie/źródłem.",67xxx,https://drive.google.com/file/d/1RXblbtt8ahyF6ZVYn7JTEZ1VoTF_btAN/preview,1RXblbtt8ahyF6ZVYn7JTEZ1VoTF_btAN
67641,Czesci_zamienne_67641.pdf,DO ROZPOZNANIA,LUND? / INNE?,"Dużo modeli 67xxx/68xxx; brak twardego seedu, do potwierdzenia wizualnie/źródłem.",67xxx,https://drive.google.com/file/d/1yPb-OwPkGilHdRUxdl_7wwSxfLxSN7_G/preview,1yPb-OwPkGilHdRUxdl_7wwSxfLxSN7_G
67642,Czesci_zamienne_67642.pdf,DO ROZPOZNANIA,LUND? / INNE?,"Dużo modeli 67xxx/68xxx; brak twardego seedu, do potwierdzenia wizualnie/źródłem.",67xxx,https://drive.google.com/file/d/1g7U1GGIgDcGZIk5YqkDG0C-hmA7fieZM/preview,1g7U1GGIgDcGZIk5YqkDG0C-hmA7fieZM
67660,Czesci_zamienne_67660.pdf,DO ROZPOZNANIA,LUND? / INNE?,"Dużo modeli 67xxx/68xxx; brak twardego seedu, do potwierdzenia wizualnie/źródłem.",67xxx,https://drive.google.com/file/d/1G_u-KB-YupyhTBlQoTCFxbcy2TZL_c03/preview,1G_u-KB-YupyhTBlQoTCFxbcy2TZL_c03
67661,Czesci_zamienne_67661.pdf,DO ROZPOZNANIA,LUND? / INNE?,"Dużo modeli 67xxx/68xxx; brak twardego seedu, do potwierdzenia wizualnie/źródłem.",67xxx,https://drive.google.com/file/d/1rVzZ4RQHBMYJatrapH8H7Of4EBhBIbvQ/preview,1rVzZ4RQHBMYJatrapH8H7Of4EBhBIbvQ
67700,Czesci_zamienne_67700.pdf,DO ROZPOZNANIA,LUND? / INNE?,"Dużo modeli 67xxx/68xxx; brak twardego seedu, do potwierdzenia wizualnie/źródłem.",67xxx,https://drive.google.com/file/d/1QGyt6A63TeXmyNR2wIR2CB2hgSmk-xjZ/preview,1QGyt6A63TeXmyNR2wIR2CB2hgSmk-xjZ
67701,Czesci_zamienne_67701.pdf,DO ROZPOZNANIA,LUND? / INNE?,"Dużo modeli 67xxx/68xxx; brak twardego seedu, do potwierdzenia wizualnie/źródłem.",67xxx,https://drive.google.com/file/d/1OXhnpqIltAhR2kfCbHnr-JkZNyDuVa3x/preview,1OXhnpqIltAhR2kfCbHnr-JkZNyDuVa3x
67702,Czesci_zamienne_67702.pdf,DO ROZPOZNANIA,LUND? / INNE?,"Dużo modeli 67xxx/68xxx; brak twardego seedu, do potwierdzenia wizualnie/źródłem.",67xxx,https://drive.google.com/file/d/1qpOPtPLIhIdfL8gdlF8PSX9MmkjtxYrB/preview,1qpOPtPLIhIdfL8gdlF8PSX9MmkjtxYrB
67703,Czesci_zamienne_67703.pdf,DO ROZPOZNANIA,LUND? / INNE?,"Dużo modeli 67xxx/68xxx; brak twardego seedu, do potwierdzenia wizualnie/źródłem.",67xxx,https://drive.google.com/file/d/1Y_SaB0POb8U8CWkgWQxRXXB7kFhElCl8/preview,1Y_SaB0POb8U8CWkgWQxRXXB7kFhElCl8
67704,Czesci_zamienne_67704.pdf,DO ROZPOZNANIA,LUND? / INNE?,"Dużo modeli 67xxx/68xxx; brak twardego seedu, do potwierdzenia wizualnie/źródłem.",67xxx,https://drive.google.com/file/d/1TgH1oC-10kLZq17sN6QpY9v-FNKSb6pb/preview,1TgH1oC-10kLZq17sN6QpY9v-FNKSb6pb
67705,Czesci_zamienne_67705.pdf,DO ROZPOZNANIA,LUND? / INNE?,"Dużo modeli 67xxx/68xxx; brak twardego seedu, do potwierdzenia wizualnie/źródłem.",67xxx,https://drive.google.com/file/d/1WrQKRXpYyy4JH_cR1DTqtccqoIH-vshf/preview,1WrQKRXpYyy4JH_cR1DTqtccqoIH-vshf
67707,Czesci_zamienne_67707.pdf,DO ROZPOZNANIA,LUND? / INNE?,"Dużo modeli 67xxx/68xxx; brak twardego seedu, do potwierdzenia wizualnie/źródłem.",67xxx,https://drive.google.com/file/d/1hVFm4T9jkqQGbrndO88VWbHcK5YgZ0wx/preview,1hVFm4T9jkqQGbrndO88VWbHcK5YgZ0wx
67780,Czesci_zamienne_67780.pdf,DO ROZPOZNANIA,LUND? / INNE?,"Dużo modeli 67xxx/68xxx; brak twardego seedu, do potwierdzenia wizualnie/źródłem.",67xxx,https://drive.google.com/file/d/1cWx25MmFZvM2Q-mRYBhrn_V038ZNyKfG/preview,1cWx25MmFZvM2Q-mRYBhrn_V038ZNyKfG
67781,Czesci_zamienne_67781.pdf,DO ROZPOZNANIA,LUND? / INNE?,"Dużo modeli 67xxx/68xxx; brak twardego seedu, do potwierdzenia wizualnie/źródłem.",67xxx,https://drive.google.com/file/d/1U4smZAYmvEsF87BSmGhAVX8Qs599Jp8l/preview,1U4smZAYmvEsF87BSmGhAVX8Qs599Jp8l
67790,Czesci_zamienne_67790.pdf,DO ROZPOZNANIA,LUND? / INNE?,"Dużo modeli 67xxx/68xxx; brak twardego seedu, do potwierdzenia wizualnie/źródłem.",67xxx,https://drive.google.com/file/d/1El2Hh1APuHL_h0BBCM7eDPYDu57ObECg/preview,1El2Hh1APuHL_h0BBCM7eDPYDu57ObECg
67805,Czesci_zamienne_67805.pdf,DO ROZPOZNANIA,LUND? / INNE?,"Dużo modeli 67xxx/68xxx; brak twardego seedu, do potwierdzenia wizualnie/źródłem.",67xxx,https://drive.google.com/file/d/1_Zc_etVgTOm9-8RzR533ZOybznEC9SHf/preview,1_Zc_etVgTOm9-8RzR533ZOybznEC9SHf
67810,Czesci_zamienne_67810.pdf,DO ROZPOZNANIA,LUND? / INNE?,"Dużo modeli 67xxx/68xxx; brak twardego seedu, do potwierdzenia wizualnie/źródłem.",67xxx,https://drive.google.com/file/d/1eJtxaZqbmaKByYjKLSVvmj1C5qn7tOvH/preview,1eJtxaZqbmaKByYjKLSVvmj1C5qn7tOvH
67811,Czesci_zamienne_67811.pdf,DO ROZPOZNANIA,LUND? / INNE?,"Dużo modeli 67xxx/68xxx; brak twardego seedu, do potwierdzenia wizualnie/źródłem.",67xxx,https://drive.google.com/file/d/1RcmNXamJNWXmcIMm4K4IlQawvGK9i-3b/preview,1RcmNXamJNWXmcIMm4K4IlQawvGK9i-3b
67812,Czesci_zamienne_67812.pdf,DO ROZPOZNANIA,LUND? / INNE?,"Dużo modeli 67xxx/68xxx; brak twardego seedu, do potwierdzenia wizualnie/źródłem.",67xxx,https://drive.google.com/file/d/1-eJrYS3weW4cQTAo_XssLj4ZK2swqJ9x/preview,1-eJrYS3weW4cQTAo_XssLj4ZK2swqJ9x
67813,Czesci_zamienne_67813.pdf,DO ROZPOZNANIA,LUND? / INNE?,"Dużo modeli 67xxx/68xxx; brak twardego seedu, do potwierdzenia wizualnie/źródłem.",67xxx,https://drive.google.com/file/d/1t0ClnsXIhuf3SOsRaiu6K9BIDZT1bCxK/preview,1t0ClnsXIhuf3SOsRaiu6K9BIDZT1bCxK
67814,Czesci_zamienne_67814.pdf,DO ROZPOZNANIA,LUND? / INNE?,"Dużo modeli 67xxx/68xxx; brak twardego seedu, do potwierdzenia wizualnie/źródłem.",67xxx,https://drive.google.com/file/d/1Th5eCNZt5tEz-J2_d2gfBLtcOO-it6qB/preview,1Th5eCNZt5tEz-J2_d2gfBLtcOO-it6qB
67815,Czesci_zamienne_67815.pdf,DO ROZPOZNANIA,LUND? / INNE?,"Dużo modeli 67xxx/68xxx; brak twardego seedu, do potwierdzenia wizualnie/źródłem.",67xxx,https://drive.google.com/file/d/1hXPJARXsGxlMhLH6xWMc6-pa6Xy1kYYA/preview,1hXPJARXsGxlMhLH6xWMc6-pa6Xy1kYYA
67840,Czesci_zamienne_67840.pdf,DO ROZPOZNANIA,LUND? / INNE?,"Dużo modeli 67xxx/68xxx; brak twardego seedu, do potwierdzenia wizualnie/źródłem.",67xxx,https://drive.google.com/file/d/1kQxCLXsD-M2Ta2oZQ4hX4fAC5wWLyhTR/preview,1kQxCLXsD-M2Ta2oZQ4hX4fAC5wWLyhTR
67841,Czesci_zamienne_67841.pdf,DO ROZPOZNANIA,LUND? / INNE?,"Dużo modeli 67xxx/68xxx; brak twardego seedu, do potwierdzenia wizualnie/źródłem.",67xxx,https://drive.google.com/file/d/1zUj-OKPkTiMgqY8CrQK-khGS0bYHynGJ/preview,1zUj-OKPkTiMgqY8CrQK-khGS0bYHynGJ
67850,Czesci_zamienne_67850.pdf,DO ROZPOZNANIA,LUND? / INNE?,"Dużo modeli 67xxx/68xxx; brak twardego seedu, do potwierdzenia wizualnie/źródłem.",67xxx,https://drive.google.com/file/d/1eP8B5MRroF-qg5gVo8-ek7tPUNzU9zMT/preview,1eP8B5MRroF-qg5gVo8-ek7tPUNzU9zMT
67851,Czesci_zamienne_67851.pdf,DO ROZPOZNANIA,LUND? / INNE?,"Dużo modeli 67xxx/68xxx; brak twardego seedu, do potwierdzenia wizualnie/źródłem.",67xxx,https://drive.google.com/file/d/1GmgwTOd1vfguL_mz-NE9Hiq_x3y1qN55/preview,1GmgwTOd1vfguL_mz-NE9Hiq_x3y1qN55
67853,Czesci_zamienne_67853.pdf,DO ROZPOZNANIA,LUND? / INNE?,"Dużo modeli 67xxx/68xxx; brak twardego seedu, do potwierdzenia wizualnie/źródłem.",67xxx,https://drive.google.com/file/d/1-732PiK1edGxZdnQ8MxHuLsfN9RMdfpV/preview,1-732PiK1edGxZdnQ8MxHuLsfN9RMdfpV
67860,Czesci_zamienne_67860.pdf,DO ROZPOZNANIA,LUND? / INNE?,"Dużo modeli 67xxx/68xxx; brak twardego seedu, do potwierdzenia wizualnie/źródłem.",67xxx,https://drive.google.com/file/d/1OsVM1KpYd09brEs1bwLh6JEhwW6nmDlf/preview,1OsVM1KpYd09brEs1bwLh6JEhwW6nmDlf
67880,Czesci_zamienne_67880.pdf,DO ROZPOZNANIA,LUND? / INNE?,"Dużo modeli 67xxx/68xxx; brak twardego seedu, do potwierdzenia wizualnie/źródłem.",67xxx,https://drive.google.com/file/d/1bTgonCVhAGeR7aFTM7K9l2g2Lvl0EuHj/preview,1bTgonCVhAGeR7aFTM7K9l2g2Lvl0EuHj
67882,Czesci_zamienne_67882.pdf,DO ROZPOZNANIA,LUND? / INNE?,"Dużo modeli 67xxx/68xxx; brak twardego seedu, do potwierdzenia wizualnie/źródłem.",67xxx,https://drive.google.com/file/d/1ucBOgPIGdvSyCaXOaCKvOASaKu3iA3Z2/preview,1ucBOgPIGdvSyCaXOaCKvOASaKu3iA3Z2
67900,Czesci_zamienne_67900.pdf,DO ROZPOZNANIA,LUND? / INNE?,"Dużo modeli 67xxx/68xxx; brak twardego seedu, do potwierdzenia wizualnie/źródłem.",67xxx,https://drive.google.com/file/d/1zwG-w5Oh5cdzBtvAqIbRW1L9eYNwu5NM/preview,1zwG-w5Oh5cdzBtvAqIbRW1L9eYNwu5NM
67901,Czesci_zamienne_67901.pdf,DO ROZPOZNANIA,LUND? / INNE?,"Dużo modeli 67xxx/68xxx; brak twardego seedu, do potwierdzenia wizualnie/źródłem.",67xxx,https://drive.google.com/file/d/1KHvKSFSHikqMVMOoPiTHAZItdFzTs7b3/preview,1KHvKSFSHikqMVMOoPiTHAZItdFzTs7b3
67950,Czesci_zamienne_67950.pdf,DO ROZPOZNANIA,LUND? / INNE?,"Dużo modeli 67xxx/68xxx; brak twardego seedu, do potwierdzenia wizualnie/źródłem.",67xxx,https://drive.google.com/file/d/18rSuJxPC5qR7hVG3H-OJgis22oPmUgk0/preview,18rSuJxPC5qR7hVG3H-OJgis22oPmUgk0
67961,Czesci_zamienne_67961.pdf,DO ROZPOZNANIA,LUND? / INNE?,"Dużo modeli 67xxx/68xxx; brak twardego seedu, do potwierdzenia wizualnie/źródłem.",67xxx,https://drive.google.com/file/d/16BGYYk5hawSvTdjdz6nmJHLaZRLk6f0I/preview,16BGYYk5hawSvTdjdz6nmJHLaZRLk6f0I
68010,Czesci_zamienne_68010.pdf,DO ROZPOZNANIA,LUND? / INNE?,"Dużo modeli 67xxx/68xxx; brak twardego seedu, do potwierdzenia wizualnie/źródłem.",68xxx,https://drive.google.com/file/d/1JDPpy_iF2aG0ouv9-PndgBhsxKCBPOCP/preview,1JDPpy_iF2aG0ouv9-PndgBhsxKCBPOCP
68011,Czesci_zamienne_68011.pdf,DO ROZPOZNANIA,LUND? / INNE?,"Dużo modeli 67xxx/68xxx; brak twardego seedu, do potwierdzenia wizualnie/źródłem.",68xxx,https://drive.google.com/file/d/1itdDfxB5IWfakC3PYREIbu9qFHUb-FkP/preview,1itdDfxB5IWfakC3PYREIbu9qFHUb-FkP
68015,Czesci_zamienne_68015.pdf,DO ROZPOZNANIA,LUND? / INNE?,"Dużo modeli 67xxx/68xxx; brak twardego seedu, do potwierdzenia wizualnie/źródłem.",68xxx,https://drive.google.com/file/d/1YR_2QZ_jCrcIcorsJht0vsD0_8EaBPST/preview,1YR_2QZ_jCrcIcorsJht0vsD0_8EaBPST
68016,Czesci_zamienne_68016.pdf,DO ROZPOZNANIA,LUND? / INNE?,"Dużo modeli 67xxx/68xxx; brak twardego seedu, do potwierdzenia wizualnie/źródłem.",68xxx,https://drive.google.com/file/d/12k8eLHOTNBl9Wns7_NwCGjoO7A3E7WwA/preview,12k8eLHOTNBl9Wns7_NwCGjoO7A3E7WwA
68032,Czesci_zamienne_68032.pdf,DO ROZPOZNANIA,LUND? / INNE?,"Dużo modeli 67xxx/68xxx; brak twardego seedu, do potwierdzenia wizualnie/źródłem.",68xxx,https://drive.google.com/file/d/1kugooUP6ehz1o9GpYLoKgkmRvn8V4FVd/preview,1kugooUP6ehz1o9GpYLoKgkmRvn8V4FVd
68033,Czesci_zamienne_68033.pdf,DO ROZPOZNANIA,LUND? / INNE?,"Dużo modeli 67xxx/68xxx; brak twardego seedu, do potwierdzenia wizualnie/źródłem.",68xxx,https://drive.google.com/file/d/1LzkT_BH5UACrieFWMQk3pGmUqli_2vj7/preview,1LzkT_BH5UACrieFWMQk3pGmUqli_2vj7
68050,Czesci_zamienne_68050.pdf,DO ROZPOZNANIA,LUND? / INNE?,"Dużo modeli 67xxx/68xxx; brak twardego seedu, do potwierdzenia wizualnie/źródłem.",68xxx,https://drive.google.com/file/d/18EKd33cYttcAIOUUml726YKIZy7a70te/preview,18EKd33cYttcAIOUUml726YKIZy7a70te
68051,Czesci_zamienne_68051.pdf,DO ROZPOZNANIA,LUND? / INNE?,"Dużo modeli 67xxx/68xxx; brak twardego seedu, do potwierdzenia wizualnie/źródłem.",68xxx,https://drive.google.com/file/d/1y54halHwT4dgxSQaplumo4qtyKxqHSuO/preview,1y54halHwT4dgxSQaplumo4qtyKxqHSuO
68052,Czesci_zamienne_68052.pdf,DO ROZPOZNANIA,LUND? / INNE?,"Dużo modeli 67xxx/68xxx; brak twardego seedu, do potwierdzenia wizualnie/źródłem.",68xxx,https://drive.google.com/file/d/15fHilGd0EQceROaKxzwRkhMs3hIkvIOC/preview,15fHilGd0EQceROaKxzwRkhMs3hIkvIOC
68053,Czesci_zamienne_68053.pdf,DO ROZPOZNANIA,LUND? / INNE?,"Dużo modeli 67xxx/68xxx; brak twardego seedu, do potwierdzenia wizualnie/źródłem.",68xxx,https://drive.google.com/file/d/1JiV9xzhwVEfGeP9GYf7A1bwO7fTTlJQb/preview,1JiV9xzhwVEfGeP9GYf7A1bwO7fTTlJQb
68090,Czesci_zamienne_68090.pdf,DO ROZPOZNANIA,LUND? / INNE?,"Dużo modeli 67xxx/68xxx; brak twardego seedu, do potwierdzenia wizualnie/źródłem.",68xxx,https://drive.google.com/file/d/1s_XhcReiJ-APMR_W09yCjIA1lwnCbn1j/preview,1s_XhcReiJ-APMR_W09yCjIA1lwnCbn1j
68100,Czesci_zamienne_68100.pdf,DO ROZPOZNANIA,LUND? / INNE?,"Dużo modeli 67xxx/68xxx; brak twardego seedu, do potwierdzenia wizualnie/źródłem.",68xxx,https://drive.google.com/file/d/1sTwLTkPO09tS1AycZYOQMwmNJbwSfgJz/preview,1sTwLTkPO09tS1AycZYOQMwmNJbwSfgJz
68115,Czesci_zamienne_68115.pdf,DO ROZPOZNANIA,LUND? / INNE?,"Dużo modeli 67xxx/68xxx; brak twardego seedu, do potwierdzenia wizualnie/źródłem.",68xxx,https://drive.google.com/file/d/1KZIrptc1tEyM0LsvOCwZ4n_hQzwuT8Y8/preview,1KZIrptc1tEyM0LsvOCwZ4n_hQzwuT8Y8
68116,Czesci_zamienne_68116.pdf,DO ROZPOZNANIA,LUND? / INNE?,"Dużo modeli 67xxx/68xxx; brak twardego seedu, do potwierdzenia wizualnie/źródłem.",68xxx,https://drive.google.com/file/d/1qIhSw2K1Ib1bmgxlo9FunzdoJ9e09QwG/preview,1qIhSw2K1Ib1bmgxlo9FunzdoJ9e09QwG
68172,Czesci_zamienne_68172.pdf,DO ROZPOZNANIA,LUND? / INNE?,"Dużo modeli 67xxx/68xxx; brak twardego seedu, do potwierdzenia wizualnie/źródłem.",68xxx,https://drive.google.com/file/d/1Yf56CkUZvtrCzPsHCbrRuacQAETB2tnh/preview,1Yf56CkUZvtrCzPsHCbrRuacQAETB2tnh
68173,Czesci_zamienne_68173.pdf,DO ROZPOZNANIA,LUND? / INNE?,"Dużo modeli 67xxx/68xxx; brak twardego seedu, do potwierdzenia wizualnie/źródłem.",68xxx,https://drive.google.com/file/d/18FXcfiSVEMMOTuMJRkp7AytieByvghzY/preview,18FXcfiSVEMMOTuMJRkp7AytieByvghzY
68174,Czesci_zamienne_68174.pdf,DO ROZPOZNANIA,LUND? / INNE?,"Dużo modeli 67xxx/68xxx; brak twardego seedu, do potwierdzenia wizualnie/źródłem.",68xxx,https://drive.google.com/file/d/15U7tmRitQJAaSxC6UD3B3oS451A4UPoU/preview,15U7tmRitQJAaSxC6UD3B3oS451A4UPoU
68193,Czesci_zamienne_68193.pdf,DO ROZPOZNANIA,LUND? / INNE?,"Dużo modeli 67xxx/68xxx; brak twardego seedu, do potwierdzenia wizualnie/źródłem.",68xxx,https://drive.google.com/file/d/1LXYEedTVlUe0opdPRquobrQnrf71zDSR/preview,1LXYEedTVlUe0opdPRquobrQnrf71zDSR
68194,Czesci_zamienne_68194.pdf,DO ROZPOZNANIA,LUND? / INNE?,"Dużo modeli 67xxx/68xxx; brak twardego seedu, do potwierdzenia wizualnie/źródłem.",68xxx,https://drive.google.com/file/d/1b9cwP4-ANPCThZQd0viYbq-McT5u4ULg/preview,1b9cwP4-ANPCThZQd0viYbq-McT5u4ULg
68195,Czesci_zamienne_68195.pdf,DO ROZPOZNANIA,LUND? / INNE?,"Dużo modeli 67xxx/68xxx; brak twardego seedu, do potwierdzenia wizualnie/źródłem.",68xxx,https://drive.google.com/file/d/1vysCeoKCGQUs-R2QuJPWTNHChxLlAPJV/preview,1vysCeoKCGQUs-R2QuJPWTNHChxLlAPJV
68206,Czesci_zamienne_68206 68207 68208 68209.pdf,DO ROZPOZNANIA,LUND? / INNE?,"Dużo modeli 67xxx/68xxx; brak twardego seedu, do potwierdzenia wizualnie/źródłem.",68xxx,https://drive.google.com/file/d/1G43WXea30oPt-Lhr-PMVnYTkSCi30xac/preview,1G43WXea30oPt-Lhr-PMVnYTkSCi30xac
68216,Czesci_zamienne_68216.pdf,DO ROZPOZNANIA,LUND? / INNE?,"Dużo modeli 67xxx/68xxx; brak twardego seedu, do potwierdzenia wizualnie/źródłem.",68xxx,https://drive.google.com/file/d/1LQPeWi-rAOHHft-3u1IW7L-PySzBYhh8/preview,1LQPeWi-rAOHHft-3u1IW7L-PySzBYhh8
68217,Czesci_zamienne_68217.pdf,DO ROZPOZNANIA,LUND? / INNE?,"Dużo modeli 67xxx/68xxx; brak twardego seedu, do potwierdzenia wizualnie/źródłem.",68xxx,https://drive.google.com/file/d/1h-k0mTYeD1zi5STGS6y9QWCr4Xx2YxbV/preview,1h-k0mTYeD1zi5STGS6y9QWCr4Xx2YxbV
68218,Czesci_zamienne_68218.pdf,DO ROZPOZNANIA,LUND? / INNE?,"Dużo modeli 67xxx/68xxx; brak twardego seedu, do potwierdzenia wizualnie/źródłem.",68xxx,https://drive.google.com/file/d/1BMD-iNrhKVZNoxnyc2ONE8fuZiCBagci/preview,1BMD-iNrhKVZNoxnyc2ONE8fuZiCBagci
68219-68223,Czesci_zamienne_68219_68223.pdf,DO ROZPOZNANIA,LUND? / INNE?,"Dużo modeli 67xxx/68xxx; brak twardego seedu, do potwierdzenia wizualnie/źródłem.",68xxx,https://drive.google.com/file/d/1GlJn6x3b90bP0hjsqy_ej0qy__ttbAeo/preview,1GlJn6x3b90bP0hjsqy_ej0qy__ttbAeo
68250,Czesci_zamienne_68250.pdf,DO ROZPOZNANIA,LUND? / INNE?,"Dużo modeli 67xxx/68xxx; brak twardego seedu, do potwierdzenia wizualnie/źródłem.",68xxx,https://drive.google.com/file/d/1psrarZ08GxHpV32BduIFhdbnBLdunxlt/preview,1psrarZ08GxHpV32BduIFhdbnBLdunxlt
68251,Czesci_zamienne_68251.pdf,DO ROZPOZNANIA,LUND? / INNE?,"Dużo modeli 67xxx/68xxx; brak twardego seedu, do potwierdzenia wizualnie/źródłem.",68xxx,https://drive.google.com/file/d/1x9wsvjAW_-5rbu8z2UzOa2TSdpJu1bEb/preview,1x9wsvjAW_-5rbu8z2UzOa2TSdpJu1bEb
68260,Czesci_zamienne_68260.pdf,DO ROZPOZNANIA,LUND? / INNE?,"Dużo modeli 67xxx/68xxx; brak twardego seedu, do potwierdzenia wizualnie/źródłem.",68xxx,https://drive.google.com/file/d/1R9gpvxDc-8mT_HYutC4wa3XEkD6sF8Q-/preview,1R9gpvxDc-8mT_HYutC4wa3XEkD6sF8Q-
68270,Czesci_zamienne_68270.pdf,DO ROZPOZNANIA,LUND? / INNE?,"Dużo modeli 67xxx/68xxx; brak twardego seedu, do potwierdzenia wizualnie/źródłem.",68xxx,https://drive.google.com/file/d/16gz5TAMMYACrZL5eq3aaqAiKyr60ajsP/preview,16gz5TAMMYACrZL5eq3aaqAiKyr60ajsP
68271,Czesci_zamienne_68271.pdf,DO ROZPOZNANIA,LUND? / INNE?,"Dużo modeli 67xxx/68xxx; brak twardego seedu, do potwierdzenia wizualnie/źródłem.",68xxx,https://drive.google.com/file/d/1tCHh5iVgTNXeO-0ubNu-cY6RrUtvPAF4/preview,1tCHh5iVgTNXeO-0ubNu-cY6RrUtvPAF4
68272,Czesci_zamienne_68272.pdf,DO ROZPOZNANIA,LUND? / INNE?,"Dużo modeli 67xxx/68xxx; brak twardego seedu, do potwierdzenia wizualnie/źródłem.",68xxx,https://drive.google.com/file/d/1tZvd7BpIVC8fd7LPG7EnwnWS84W6CrDc/preview,1tZvd7BpIVC8fd7LPG7EnwnWS84W6CrDc
68273,Czesci_zamienne_68273.pdf,DO ROZPOZNANIA,LUND? / INNE?,"Dużo modeli 67xxx/68xxx; brak twardego seedu, do potwierdzenia wizualnie/źródłem.",68xxx,https://drive.google.com/file/d/14oV0c9ueIlXhrid34Sj7U9-gzGivB3_4/preview,14oV0c9ueIlXhrid34Sj7U9-gzGivB3_4
68280,Czesci_zamienne_68280.pdf,DO ROZPOZNANIA,LUND? / INNE?,"Dużo modeli 67xxx/68xxx; brak twardego seedu, do potwierdzenia wizualnie/źródłem.",68xxx,https://drive.google.com/file/d/1nF1PE5pvOYwJWj1p_o9Hq5jcPhHUeoPV/preview,1nF1PE5pvOYwJWj1p_o9Hq5jcPhHUeoPV
68281,Czesci_zamienne_68281.pdf,DO ROZPOZNANIA,LUND? / INNE?,"Dużo modeli 67xxx/68xxx; brak twardego seedu, do potwierdzenia wizualnie/źródłem.",68xxx,https://drive.google.com/file/d/1pTOBooQlKQUqV9ojSW11yvN6W-Cy34mP/preview,1pTOBooQlKQUqV9ojSW11yvN6W-Cy34mP
68477,Czesci_zamienne_68477.pdf,DO ROZPOZNANIA,LUND? / INNE?,"Dużo modeli 67xxx/68xxx; brak twardego seedu, do potwierdzenia wizualnie/źródłem.",68xxx,https://drive.google.com/file/d/1pQSW-RzgX52fzy2qCp-uk-Tmc7KIx5C7/preview,1pQSW-RzgX52fzy2qCp-uk-Tmc7KIx5C7
68480,Czesci_zamienne_68480.pdf,DO ROZPOZNANIA,LUND? / INNE?,"Dużo modeli 67xxx/68xxx; brak twardego seedu, do potwierdzenia wizualnie/źródłem.",68xxx,https://drive.google.com/file/d/1TSLsMvrwnRG1lGQTnTOOTFYwCRRrbbkZ/preview,1TSLsMvrwnRG1lGQTnTOOTFYwCRRrbbkZ
68481,Czesci_zamienne_68481.pdf,DO ROZPOZNANIA,LUND? / INNE?,"Dużo modeli 67xxx/68xxx; brak twardego seedu, do potwierdzenia wizualnie/źródłem.",68xxx,https://drive.google.com/file/d/1hkM9Bs9bcjmyK6cOLHG-YPDQjIxzFMIb/preview,1hkM9Bs9bcjmyK6cOLHG-YPDQjIxzFMIb
68501,Czesci_zamienne_68501.pdf,DO ROZPOZNANIA,LUND? / INNE?,"Dużo modeli 67xxx/68xxx; brak twardego seedu, do potwierdzenia wizualnie/źródłem.",68xxx,https://drive.google.com/file/d/1BmY-I3XWXWaFuSrBFp7nu-_YhUaWRDz8/preview,1BmY-I3XWXWaFuSrBFp7nu-_YhUaWRDz8
68502,Czesci_zamienne_68502.pdf,DO ROZPOZNANIA,LUND? / INNE?,"Dużo modeli 67xxx/68xxx; brak twardego seedu, do potwierdzenia wizualnie/źródłem.",68xxx,https://drive.google.com/file/d/1rZxyvUdDPyQVaRK-SCsHRt0Ff1jeFjgX/preview,1rZxyvUdDPyQVaRK-SCsHRt0Ff1jeFjgX
68510,Czesci_zamienne_68510.pdf,DO ROZPOZNANIA,LUND? / INNE?,"Dużo modeli 67xxx/68xxx; brak twardego seedu, do potwierdzenia wizualnie/źródłem.",68xxx,https://drive.google.com/file/d/1FB4xXT8ZsD0iTtIMRniyyI606j_DB4iY/preview,1FB4xXT8ZsD0iTtIMRniyyI606j_DB4iY
68650,Czesci_zamienne_68650.pdf,DO ROZPOZNANIA,LUND? / INNE?,"Dużo modeli 67xxx/68xxx; brak twardego seedu, do potwierdzenia wizualnie/źródłem.",68xxx,https://drive.google.com/file/d/1ZHv-KtM0-VBaUIC4wYjAQOvoEFWuCFOe/preview,1ZHv-KtM0-VBaUIC4wYjAQOvoEFWuCFOe
68651,Czesci_zamienne_68651.pdf,DO ROZPOZNANIA,LUND? / INNE?,"Dużo modeli 67xxx/68xxx; brak twardego seedu, do potwierdzenia wizualnie/źródłem.",68xxx,https://drive.google.com/file/d/1yXg67R3HTcEXS4NGEO6HUH8xB-4AukI5/preview,1yXg67R3HTcEXS4NGEO6HUH8xB-4AukI5
68652,Czesci_zamienne_68652.pdf,DO ROZPOZNANIA,LUND? / INNE?,"Dużo modeli 67xxx/68xxx; brak twardego seedu, do potwierdzenia wizualnie/źródłem.",68xxx,https://drive.google.com/file/d/1AfnCxtGNSfioIbpVApiCi39qCPiaTw8X/preview,1AfnCxtGNSfioIbpVApiCi39qCPiaTw8X
68791,Czesci_zamienne_68791.pdf,DO ROZPOZNANIA,LUND? / INNE?,"Dużo modeli 67xxx/68xxx; brak twardego seedu, do potwierdzenia wizualnie/źródłem.",68xxx,https://drive.google.com/file/d/1KCLT3gdez_mM0NC9Eeh9ch6Qr_F7cauO/preview,1KCLT3gdez_mM0NC9Eeh9ch6Qr_F7cauO
68792,Czesci_zamienne_68792.pdf,DO ROZPOZNANIA,LUND? / INNE?,"Dużo modeli 67xxx/68xxx; brak twardego seedu, do potwierdzenia wizualnie/źródłem.",68xxx,https://drive.google.com/file/d/1hvRa9rnEqrxP1X62VSd9qf241GYuimvC/preview,1hvRa9rnEqrxP1X62VSd9qf241GYuimvC
68793,Czesci_zamienne_68793.pdf,DO ROZPOZNANIA,LUND? / INNE?,"Dużo modeli 67xxx/68xxx; brak twardego seedu, do potwierdzenia wizualnie/źródłem.",68xxx,https://drive.google.com/file/d/1aNaojBY37kRICtQ6WkOeKjtlI9Dm0aDO/preview,1aNaojBY37kRICtQ6WkOeKjtlI9Dm0aDO
70280,Czesci_zamienne_70280.pdf,DO ROZPOZNANIA,,,70xxx,https://drive.google.com/file/d/1O2A--OzQc5J1DdNZqxS_i-hiLiERGotq/preview,1O2A--OzQc5J1DdNZqxS_i-hiLiERGotq
71500,Czesci_zamienne_71500.pdf,DO ROZPOZNANIA,,,71xxx,https://drive.google.com/file/d/1sNav0wPmLS78pFC2ZFNqGmgqSmFgiPn_/preview,1sNav0wPmLS78pFC2ZFNqGmgqSmFgiPn_
72928,Czesci_zamienne_72928.pdf,DO ROZPOZNANIA,,,72xxx,https://drive.google.com/file/d/1etGMUo-snHA2-lPNUsnXcdbcvp_2oHx0/preview,1etGMUo-snHA2-lPNUsnXcdbcvp_2oHx0
72930,Czesci_zamienne_72930.pdf,DO ROZPOZNANIA,,,72xxx,https://drive.google.com/file/d/11ZL0EDRcOIgF1V5qpozXiVHvb2D4d4kT/preview,11ZL0EDRcOIgF1V5qpozXiVHvb2D4d4kT
73056,Czesci_zamienne_73056.pdf,DO ROZPOZNANIA,,,73xxx,https://drive.google.com/file/d/1xj3l2AaEtD7nOwO0dSlLxn2_bAs_eo7Q/preview,1xj3l2AaEtD7nOwO0dSlLxn2_bAs_eo7Q
73200,Czesci_zamienne_73200.pdf,DO ROZPOZNANIA,,,73xxx,https://drive.google.com/file/d/1ijx7LHkIJpJzo9gHU6AI1XdAwAPRjOOe/preview,1ijx7LHkIJpJzo9gHU6AI1XdAwAPRjOOe
73201,Czesci_zamienne_73201.pdf,DO ROZPOZNANIA,,,73xxx,https://drive.google.com/file/d/1Cx6ta-4YuAvjMnxc5tzXayzGteuK5N9m/preview,1Cx6ta-4YuAvjMnxc5tzXayzGteuK5N9m
73202,Czesci_zamienne_73202.pdf,DO ROZPOZNANIA,,,73xxx,https://drive.google.com/file/d/1CFi1FRfOCYA3x-ROsInf-d9vL47nge8I/preview,1CFi1FRfOCYA3x-ROsInf-d9vL47nge8I
73203,Czesci_zamienne_73203.pdf,DO ROZPOZNANIA,,,73xxx,https://drive.google.com/file/d/1ON5Svay2Im1N5Sxv5WzP85kti8vtd8Zm/preview,1ON5Svay2Im1N5Sxv5WzP85kti8vtd8Zm
73400,Czesci_zamienne_73400.pdf,DO ROZPOZNANIA,,,73xxx,https://drive.google.com/file/d/1sccR21AhMdj7inafmlYxELtgJadVIAxi/preview,1sccR21AhMdj7inafmlYxELtgJadVIAxi
73403,Czesci_zamienne_73403.pdf,DO ROZPOZNANIA,,,73xxx,https://drive.google.com/file/d/1eSdK1WQN-ptwRGO-_eUEQsDTo3aF3euk/preview,1eSdK1WQN-ptwRGO-_eUEQsDTo3aF3euk
73410,Czesci_zamienne_73410.pdf,DO ROZPOZNANIA,,,73xxx,https://drive.google.com/file/d/1hOBE2GdZ33LWxb_IttabsGNWqCns6OIf/preview,1hOBE2GdZ33LWxb_IttabsGNWqCns6OIf
73420,Czesci_zamienne_73420.pdf,DO ROZPOZNANIA,,,73xxx,https://drive.google.com/file/d/1TFoxwXQmqin82NfXfztTUdX33TuIIusg/preview,1TFoxwXQmqin82NfXfztTUdX33TuIIusg
73470,Czesci_zamienne_73470.pdf,DO ROZPOZNANIA,,,73xxx,https://drive.google.com/file/d/1f55q7HLIiAq1SquYekfdvY5h7PUnKJ4k/preview,1f55q7HLIiAq1SquYekfdvY5h7PUnKJ4k
73473,Czesci_zamienne_73473.pdf,DO ROZPOZNANIA,,,73xxx,https://drive.google.com/file/d/1gdc59j4HOfF2GiurbLxzeOQWlaTG5PjH/preview,1gdc59j4HOfF2GiurbLxzeOQWlaTG5PjH
75662,Czesci_zamienne_75662.pdf,DO ROZPOZNANIA,,,75xxx,https://drive.google.com/file/d/1xbzS13WgdPQQ382NIxVKciOeKoLPZDpL/preview,1xbzS13WgdPQQ382NIxVKciOeKoLPZDpL
75663,Czesci_zamienne_75663.pdf,DO ROZPOZNANIA,,,75xxx,https://drive.google.com/file/d/1Vs3egicm34qyI6aTOyXTiQteDD3f4eTj/preview,1Vs3egicm34qyI6aTOyXTiQteDD3f4eTj
75664,Czesci_zamienne_75664.pdf,DO ROZPOZNANIA,,,75xxx,https://drive.google.com/file/d/1WRnfeVYvdT3Ay-lzbOTkHDx8TCefyFCH/preview,1WRnfeVYvdT3Ay-lzbOTkHDx8TCefyFCH
75665,Czesci_zamienne_75665.pdf,DO ROZPOZNANIA,,,75xxx,https://drive.google.com/file/d/1uYxQIVxJFzeG-ZqK6qTl_iPsJWsjwOzp/preview,1uYxQIVxJFzeG-ZqK6qTl_iPsJWsjwOzp
75670,Czesci_zamienne_75670.pdf,DO ROZPOZNANIA,,,75xxx,https://drive.google.com/file/d/10b1DAA8RQ7OCm3a36ozXBPLALcDKJTJD/preview,10b1DAA8RQ7OCm3a36ozXBPLALcDKJTJD
75671,Czesci_zamienne_75671.pdf,DO ROZPOZNANIA,,,75xxx,https://drive.google.com/file/d/1eICZCIDLrPCM2IgfbnZ6fQySAv5_lWZU/preview,1eICZCIDLrPCM2IgfbnZ6fQySAv5_lWZU
75672,Czesci_zamienne_75672.pdf,DO ROZPOZNANIA,,,75xxx,https://drive.google.com/file/d/1wRcGUEP00VZxHb472q2k9ntkUNOAN6Sx/preview,1wRcGUEP00VZxHb472q2k9ntkUNOAN6Sx
75673,Czesci_zamienne_75673.pdf,DO ROZPOZNANIA,,,75xxx,https://drive.google.com/file/d/1H3Eha9O7CA2fDXMvYNYNgQZSIcosCMaH/preview,1H3Eha9O7CA2fDXMvYNYNgQZSIcosCMaH
75674,Czesci_zamienne_75674.pdf,DO ROZPOZNANIA,,,75xxx,https://drive.google.com/file/d/1FOvabGctbkX0dP3-2CdkA4zINFfYfuy2/preview,1FOvabGctbkX0dP3-2CdkA4zINFfYfuy2
75685,Czesci_zamienne_75685.pdf,DO ROZPOZNANIA,,,75xxx,https://drive.google.com/file/d/1QfDXIFrDIXepCPLsiKVBbymrQBWpc_LP/preview,1QfDXIFrDIXepCPLsiKVBbymrQBWpc_LP
75686,Czesci_zamienne_75686.pdf,DO ROZPOZNANIA,,,75xxx,https://drive.google.com/file/d/1XamBtsgxYtjm5t5Cx0AJRUr7abvoWoHY/preview,1XamBtsgxYtjm5t5Cx0AJRUr7abvoWoHY
75687,Czesci_zamienne_75687.pdf,DO ROZPOZNANIA,,,75xxx,https://drive.google.com/file/d/10OMBbfAOma7h9P-UWbQreCf0N2JbFtBt/preview,10OMBbfAOma7h9P-UWbQreCf0N2JbFtBt
75688,Czesci_zamienne_75688.pdf,DO ROZPOZNANIA,,,75xxx,https://drive.google.com/file/d/1csjAhMRm3xQsfESi8bopwwizy5ky5QXS/preview,1csjAhMRm3xQsfESi8bopwwizy5ky5QXS
75689,Czesci_zamienne_75689.pdf,DO ROZPOZNANIA,,,75xxx,https://drive.google.com/file/d/1O7K5qMCOH3J7Gau2KaZN9sEbhFK4sERj/preview,1O7K5qMCOH3J7Gau2KaZN9sEbhFK4sERj
75705-75706-75707-75708-75709-75710-75711-75712,Czesci_zamienne_75705_75706_75707_75708_75709_75710_75711_75712.pdf,DO ROZPOZNANIA,,,75xxx,https://drive.google.com/file/d/1cX9xHSMf8DCGNcuuAllMrYKct95kpSVL/preview,1cX9xHSMf8DCGNcuuAllMrYKct95kpSVL
75716,Czesci_zamienne_75716.pdf,DO ROZPOZNANIA,,,75xxx,https://drive.google.com/file/d/12ZfCnlOFsSR3K9__DWmsuLGMHszxBEAW/preview,12ZfCnlOFsSR3K9__DWmsuLGMHszxBEAW
75719,Czesci_zamienne_75719.pdf,DO ROZPOZNANIA,,,75xxx,https://drive.google.com/file/d/1L9FkzWPSBvzxiAUSTZHC9Eapk26a2miN/preview,1L9FkzWPSBvzxiAUSTZHC9Eapk26a2miN
75740,Czesci_zamienne_75740.pdf,DO ROZPOZNANIA,,,75xxx,https://drive.google.com/file/d/19AJAphYV9BivM2RUauku2GS5mX5GPDTt/preview,19AJAphYV9BivM2RUauku2GS5mX5GPDTt
75742,Czesci_zamienne_75742.pdf,DO ROZPOZNANIA,,,75xxx,https://drive.google.com/file/d/1SWK2BnSeQ8APCVmk73oIPphY1CZc1V6R/preview,1SWK2BnSeQ8APCVmk73oIPphY1CZc1V6R
75743,Czesci_zamienne_75743.pdf,DO ROZPOZNANIA,,,75xxx,https://drive.google.com/file/d/1pNH5Vxv2qklNhMaIeXI4gpu1i8yJqJ3n/preview,1pNH5Vxv2qklNhMaIeXI4gpu1i8yJqJ3n
75745,Czesci_zamienne_75745.pdf,DO ROZPOZNANIA,,,75xxx,https://drive.google.com/file/d/1PCqSj9PR2uGZF7098KAlaR2OeHlN0aR9/preview,1PCqSj9PR2uGZF7098KAlaR2OeHlN0aR9
75747,Czesci_zamienne_75747.pdf,DO ROZPOZNANIA,,,75xxx,https://drive.google.com/file/d/1TteOO7b_10w22N0E_6-3cAKnvdoXmCNO/preview,1TteOO7b_10w22N0E_6-3cAKnvdoXmCNO
75748,Czesci_zamienne_75748.pdf,DO ROZPOZNANIA,,,75xxx,https://drive.google.com/file/d/1NSag2JaycT4tP0bzVrHJmzlgwRtu6s42/preview,1NSag2JaycT4tP0bzVrHJmzlgwRtu6s42
75749,Czesci_zamienne_75749.pdf,DO ROZPOZNANIA,,,75xxx,https://drive.google.com/file/d/1c_Tsqg-_kdId9rskUBfCoQ6KZ1z5Zvm4/preview,1c_Tsqg-_kdId9rskUBfCoQ6KZ1z5Zvm4
75760,Czesci_zamienne_75760.pdf,DO ROZPOZNANIA,,,75xxx,https://drive.google.com/file/d/1COJxn5Uwlee9Qayn-IOVv2Ds-SIgKWXs/preview,1COJxn5Uwlee9Qayn-IOVv2Ds-SIgKWXs
75762,Czesci_zamienne_75762.pdf,DO ROZPOZNANIA,,,75xxx,https://drive.google.com/file/d/1IuKH3mWRIIZbWJMwnKelNLyOO7K0syD0/preview,1IuKH3mWRIIZbWJMwnKelNLyOO7K0syD0
75763,Czesci_zamienne_75763.pdf,DO ROZPOZNANIA,,,75xxx,https://drive.google.com/file/d/10CB35QwoybNeaXN8iDurLd2-_YQrVpr-/preview,10CB35QwoybNeaXN8iDurLd2-_YQrVpr-
75764,Czesci_zamienne_75764.pdf,DO ROZPOZNANIA,,,75xxx,https://drive.google.com/file/d/1VxQAgl-Mj9LxB-sVesFX8ync3fiaHy8F/preview,1VxQAgl-Mj9LxB-sVesFX8ync3fiaHy8F
75765,Czesci_zamienne_75765.pdf,DO ROZPOZNANIA,,,75xxx,https://drive.google.com/file/d/18dGQA4XoOI6epOO2oVFMMQE8VFLKcx3U/preview,18dGQA4XoOI6epOO2oVFMMQE8VFLKcx3U
75767,Czesci_zamienne_75767.pdf,DO ROZPOZNANIA,,,75xxx,https://drive.google.com/file/d/1eCJ8tE_Pgxv-dgrS8RnCNXXa4LMDQH69/preview,1eCJ8tE_Pgxv-dgrS8RnCNXXa4LMDQH69
75768,Czesci_zamienne_75768.pdf,DO ROZPOZNANIA,,,75xxx,https://drive.google.com/file/d/1-tRE3E__lYY63j8jepUi8oJp1toIpgdY/preview,1-tRE3E__lYY63j8jepUi8oJp1toIpgdY
75770,Czesci_zamienne_75770.pdf,DO ROZPOZNANIA,,,75xxx,https://drive.google.com/file/d/1-bfT2cMt5mB5SAopXutiEdyod6RfwOp5/preview,1-bfT2cMt5mB5SAopXutiEdyod6RfwOp5
75772,Czesci_zamienne_75772.pdf,DO ROZPOZNANIA,,,75xxx,https://drive.google.com/file/d/1LidYPtupSaaSRozPBsGA3zCxkhj9caVp/preview,1LidYPtupSaaSRozPBsGA3zCxkhj9caVp
75773,Czesci_zamienne_75773.pdf,DO ROZPOZNANIA,,,75xxx,https://drive.google.com/file/d/1ibGWGSFK8CoZ4DFj4VX3kgQmgIsV1UV7/preview,1ibGWGSFK8CoZ4DFj4VX3kgQmgIsV1UV7
75774,Czesci_zamienne_75774.pdf,DO ROZPOZNANIA,,,75xxx,https://drive.google.com/file/d/1aokKE9cAlrGM2K6xIjd32bAb1lzqQkuu/preview,1aokKE9cAlrGM2K6xIjd32bAb1lzqQkuu
75775,Czesci_zamienne_75775-75779.pdf,DO ROZPOZNANIA,,,75xxx,https://drive.google.com/file/d/1ppviAx10hZvaHzKwXYejW3EwQ3L-bAUP/preview,1ppviAx10hZvaHzKwXYejW3EwQ3L-bAUP
75775-75776-75777-75778-75779,Czesci_zamienne_75775_75776_75777_75778_75779.pdf,DO ROZPOZNANIA,,,75xxx,https://drive.google.com/file/d/1aAFxBmhrc-awSq3JuXmuT2x1NGFiC_MM/preview,1aAFxBmhrc-awSq3JuXmuT2x1NGFiC_MM
75804,Czesci_zamienne_75804.pdf,DO ROZPOZNANIA,,,75xxx,https://drive.google.com/file/d/1d4BjT_Pl46xLQVQyyzTNzEP7nCeHma0j/preview,1d4BjT_Pl46xLQVQyyzTNzEP7nCeHma0j
75805,Czesci_zamienne_75805.pdf,DO ROZPOZNANIA,,,75xxx,https://drive.google.com/file/d/1H85n3n99OFjdWSYSl-DL5Z6Sv_zpoSXN/preview,1H85n3n99OFjdWSYSl-DL5Z6Sv_zpoSXN
75807,Czesci_zamienne_75807.pdf,DO ROZPOZNANIA,,,75xxx,https://drive.google.com/file/d/1hCUdqFVU7YHr6cBmJwDuhkA3Jjfe6lNt/preview,1hCUdqFVU7YHr6cBmJwDuhkA3Jjfe6lNt
75808,Czesci_zamienne_75808.pdf,DO ROZPOZNANIA,,,75xxx,https://drive.google.com/file/d/1dP1O7v-4Lgkavd5Awuz6xjVbzT7RKtSN/preview,1dP1O7v-4Lgkavd5Awuz6xjVbzT7RKtSN
75809,Czesci_zamienne_75809.pdf,DO ROZPOZNANIA,,,75xxx,https://drive.google.com/file/d/14c4AXslJoON_jTsRjJ0m_B5PigN0KhdA/preview,14c4AXslJoON_jTsRjJ0m_B5PigN0KhdA
75811,Czesci_zamienne_75811.pdf,DO ROZPOZNANIA,,,75xxx,https://drive.google.com/file/d/1l04DTDBs9Oy8NgK17ouhWsc8imky_OoJ/preview,1l04DTDBs9Oy8NgK17ouhWsc8imky_OoJ
75812,Czesci_zamienne_75812.pdf,DO ROZPOZNANIA,,,75xxx,https://drive.google.com/file/d/1_nV_pyPxAZiKYD8JUTYU8GzdL9qbEK-Z/preview,1_nV_pyPxAZiKYD8JUTYU8GzdL9qbEK-Z
75813,Czesci_zamienne_75813.pdf,DO ROZPOZNANIA,,,75xxx,https://drive.google.com/file/d/1Ks9Gfvi8YKwGz14f3ldTbhSxhG86F-Be/preview,1Ks9Gfvi8YKwGz14f3ldTbhSxhG86F-Be
75814,Czesci_zamienne_75814.pdf,DO ROZPOZNANIA,,,75xxx,https://drive.google.com/file/d/1uiBlqI06lctCmOfZxRDMf2rKqoddKnTK/preview,1uiBlqI06lctCmOfZxRDMf2rKqoddKnTK
75815,Czesci_zamienne_75815.pdf,DO ROZPOZNANIA,,,75xxx,https://drive.google.com/file/d/1QWOItK6-tSyKpi3OhSwlX8k9j3o4IpLV/preview,1QWOItK6-tSyKpi3OhSwlX8k9j3o4IpLV
75816,Czesci_zamienne_75816.pdf,DO ROZPOZNANIA,,,75xxx,https://drive.google.com/file/d/1YYn2nLT_xmY84zQGscZUZmEPi92I9NWG/preview,1YYn2nLT_xmY84zQGscZUZmEPi92I9NWG
75817,Czesci_zamienne_75817.pdf,DO ROZPOZNANIA,,,75xxx,https://drive.google.com/file/d/1YxI4hnYD1i8IE96ubCwVvrIBRPwjTbpr/preview,1YxI4hnYD1i8IE96ubCwVvrIBRPwjTbpr
75818,Czesci_zamienne_75818.pdf,DO ROZPOZNANIA,,,75xxx,https://drive.google.com/file/d/1izV2ghkvoBoxZ2mRbLuXyQXCKBx13-ot/preview,1izV2ghkvoBoxZ2mRbLuXyQXCKBx13-ot
75827,Czesci_zamienne_75827.pdf,DO ROZPOZNANIA,,,75xxx,https://drive.google.com/file/d/1vJv9U7m1xYJloCN0jiS-qaXRI1MAxiLZ/preview,1vJv9U7m1xYJloCN0jiS-qaXRI1MAxiLZ
75828,Czesci_zamienne_75828.pdf,DO ROZPOZNANIA,,,75xxx,https://drive.google.com/file/d/17fYcu__baVBp8tGHsMVpc43PyAX6orYB/preview,17fYcu__baVBp8tGHsMVpc43PyAX6orYB
75829,Czesci_zamienne_75829.pdf,DO ROZPOZNANIA,,,75xxx,https://drive.google.com/file/d/1zmgizZIORzkAnyF5OQt-A8Qy4q_ssegu/preview,1zmgizZIORzkAnyF5OQt-A8Qy4q_ssegu
75830,Czesci_zamienne_75830.pdf,DO ROZPOZNANIA,,,75xxx,https://drive.google.com/file/d/1newCoMdBZmrQUlpGw5eZEnKxLDv3Aeh4/preview,1newCoMdBZmrQUlpGw5eZEnKxLDv3Aeh4
75831,Czesci_zamienne_75831.pdf,DO ROZPOZNANIA,,,75xxx,https://drive.google.com/file/d/1yTSq37PYkwkJxHlhNiSJRYI6GsiGWxV9/preview,1yTSq37PYkwkJxHlhNiSJRYI6GsiGWxV9
75832,Czesci_zamienne_75832.pdf,DO ROZPOZNANIA,,,75xxx,https://drive.google.com/file/d/1EhYjclxsVdOBFQfUAuf4QreVbt79lbpR/preview,1EhYjclxsVdOBFQfUAuf4QreVbt79lbpR
75833,Czesci_zamienne_75833.pdf,DO ROZPOZNANIA,,,75xxx,https://drive.google.com/file/d/1GXJ4X72PTKnpwl7QPo6G05CoVsfpjUSn/preview,1GXJ4X72PTKnpwl7QPo6G05CoVsfpjUSn
75835,Czesci_zamienne_75835.pdf,DO ROZPOZNANIA,,,75xxx,https://drive.google.com/file/d/1zOK_-D63OHrWQYU1TYt-Y2fF8SuRQDXs/preview,1zOK_-D63OHrWQYU1TYt-Y2fF8SuRQDXs
75836,Czesci_zamienne_75836.pdf,DO ROZPOZNANIA,,,75xxx,https://drive.google.com/file/d/1k-roMI2_L5u5_-RvRzehQWyC7NY-COK-/preview,1k-roMI2_L5u5_-RvRzehQWyC7NY-COK-
75837,Czesci_zamienne_75837.pdf,DO ROZPOZNANIA,,,75xxx,https://drive.google.com/file/d/1yPUxNabt1H7E661BzB8CbXwPSM4HXXVI/preview,1yPUxNabt1H7E661BzB8CbXwPSM4HXXVI
75838,Czesci_zamienne_75838.pdf,DO ROZPOZNANIA,,,75xxx,https://drive.google.com/file/d/1ZUKNdvyd79bsJVn3FjKH-vyyjv3JHIke/preview,1ZUKNdvyd79bsJVn3FjKH-vyyjv3JHIke
75880,Czesci_zamienne_75880.pdf,DO ROZPOZNANIA,,,75xxx,https://drive.google.com/file/d/1aaO0uL4l7lvhUqxVOmOzlUGjek9UAUkq/preview,1aaO0uL4l7lvhUqxVOmOzlUGjek9UAUkq
75881,Czesci_zamienne_75881.pdf,DO ROZPOZNANIA,,,75xxx,https://drive.google.com/file/d/1joI4tDAG0mjj41fxiy3tzqpSa8oEyjbo/preview,1joI4tDAG0mjj41fxiy3tzqpSa8oEyjbo
75882,Czesci_zamienne_75882.pdf,DO ROZPOZNANIA,,,75xxx,https://drive.google.com/file/d/1QP3mA1uoZfC2uVFJ6FpAzZduRtGlHsIi/preview,1QP3mA1uoZfC2uVFJ6FpAzZduRtGlHsIi
75883,Czesci_zamienne_75883.pdf,DO ROZPOZNANIA,,,75xxx,https://drive.google.com/file/d/1KA5DSlZr-TD32yOGzan8lHwSffKX550-/preview,1KA5DSlZr-TD32yOGzan8lHwSffKX550-
75884,Czesci_zamienne_75884.pdf,DO ROZPOZNANIA,,,75xxx,https://drive.google.com/file/d/1C81oi0Ye_V1DPPSgPhRBNmKyxcNmxaZ-/preview,1C81oi0Ye_V1DPPSgPhRBNmKyxcNmxaZ-
75885,Czesci_zamienne_75885.pdf,DO ROZPOZNANIA,,,75xxx,https://drive.google.com/file/d/1EsSfMxgr4aqdMsUYriIbPP-unZM-LU5Y/preview,1EsSfMxgr4aqdMsUYriIbPP-unZM-LU5Y
75886,Czesci_zamienne_75886.pdf,DO ROZPOZNANIA,,,75xxx,https://drive.google.com/file/d/19QiOv-HM9VAx9HgJ-qLKWa56KsBWkV_-/preview,19QiOv-HM9VAx9HgJ-qLKWa56KsBWkV_-
75887,Czesci_zamienne_75887.pdf,DO ROZPOZNANIA,,,75xxx,https://drive.google.com/file/d/10d7gCUFSAx0HaQWB6ZK7y0Vbh8Nt_cvk/preview,10d7gCUFSAx0HaQWB6ZK7y0Vbh8Nt_cvk
75888,Czesci_zamienne_75888.pdf,DO ROZPOZNANIA,,,75xxx,https://drive.google.com/file/d/1HNCC3K1i1iWiN8Q2LXN51NAY-hOQbwhO/preview,1HNCC3K1i1iWiN8Q2LXN51NAY-hOQbwhO
75889,Czesci_zamienne_75889.pdf,DO ROZPOZNANIA,,,75xxx,https://drive.google.com/file/d/1JXa-Yiiffya6qMLLLKCYl9cSwH67znDu/preview,1JXa-Yiiffya6qMLLLKCYl9cSwH67znDu
75921,Czesci_zamienne_75921.pdf,DO ROZPOZNANIA,,,75xxx,https://drive.google.com/file/d/16dzGVHPOkHmwZs2Dm8oQkt1nSURCdjCz/preview,16dzGVHPOkHmwZs2Dm8oQkt1nSURCdjCz
75923,Czesci_zamienne_75923.pdf,DO ROZPOZNANIA,,,75xxx,https://drive.google.com/file/d/1XGxRAgfcL_B70rFUP-Y9yd184t6rG5JD/preview,1XGxRAgfcL_B70rFUP-Y9yd184t6rG5JD
75924,Czesci_zamienne_75924.pdf,DO ROZPOZNANIA,,,75xxx,https://drive.google.com/file/d/1TBfmIbFszSwcSdPA09W1F2nwjAV0UDLA/preview,1TBfmIbFszSwcSdPA09W1F2nwjAV0UDLA
75930,Czesci_zamienne_75930.pdf,DO ROZPOZNANIA,,,75xxx,https://drive.google.com/file/d/1AP4npSkRky_JVwx1wBwfDv_0eCiGhTyJ/preview,1AP4npSkRky_JVwx1wBwfDv_0eCiGhTyJ
75931,Czesci_zamienne_75931.pdf,DO ROZPOZNANIA,,,75xxx,https://drive.google.com/file/d/1jkVQDeydyzWadcK9kmDajwXleQJilGYR/preview,1jkVQDeydyzWadcK9kmDajwXleQJilGYR
75932,Czesci_zamienne_75932.pdf,DO ROZPOZNANIA,,,75xxx,https://drive.google.com/file/d/1-LSCNHPbULJveE20xVQs6jRJBDMoQ_PZ/preview,1-LSCNHPbULJveE20xVQs6jRJBDMoQ_PZ
75944,Czesci_zamienne_75944.pdf,DO ROZPOZNANIA,,,75xxx,https://drive.google.com/file/d/1MBhnW6YSFWfDs5kxVdNY8kBf8YuDjQVL/preview,1MBhnW6YSFWfDs5kxVdNY8kBf8YuDjQVL
75945,Czesci_zamienne_75945.pdf,DO ROZPOZNANIA,,,75xxx,https://drive.google.com/file/d/1I0HLKhpTaZPp6zMNn5pO_L5FpRJOQM5W/preview,1I0HLKhpTaZPp6zMNn5pO_L5FpRJOQM5W
75951,Czesci_zamienne_75951.pdf,DO ROZPOZNANIA,,,75xxx,https://drive.google.com/file/d/1FBRE7DNwVfXn0dV2ylpXizpo3DHuQGWi/preview,1FBRE7DNwVfXn0dV2ylpXizpo3DHuQGWi
75953,Czesci_zamienne_75953.pdf,DO ROZPOZNANIA,,,75xxx,https://drive.google.com/file/d/1TD1S3zhWjDbop0H8r7UzhkTczG4TBLE6/preview,1TD1S3zhWjDbop0H8r7UzhkTczG4TBLE6
75977,Czesci_zamienne_75977.pdf,DO ROZPOZNANIA,,,75xxx,https://drive.google.com/file/d/1sg5sE6kPcnMQBql3RSsj7zPG5RJqdxvo/preview,1sg5sE6kPcnMQBql3RSsj7zPG5RJqdxvo
75978,Czesci_zamienne_75978.pdf,DO ROZPOZNANIA,,,75xxx,https://drive.google.com/file/d/1Esr5ZwQLA-IV_iyq8CJ9y6LLSQZ9IHxa/preview,1Esr5ZwQLA-IV_iyq8CJ9y6LLSQZ9IHxa
75979,Czesci_zamienne_75979.pdf,DO ROZPOZNANIA,,,75xxx,https://drive.google.com/file/d/1hfWnQikbWvTZxxBy1OIf3sRadG6bMLD8/preview,1hfWnQikbWvTZxxBy1OIf3sRadG6bMLD8
75980,Czesci_zamienne_75980.pdf,DO ROZPOZNANIA,,,75xxx,https://drive.google.com/file/d/1F5L52RpXoxuhyIyZfB-SbWcXQZjPw251/preview,1F5L52RpXoxuhyIyZfB-SbWcXQZjPw251
75981,Czesci_zamienne_75981.pdf,DO ROZPOZNANIA,,,75xxx,https://drive.google.com/file/d/1u6oTw-alkWrEcsZqOj6o2YDmF95wrDcf/preview,1u6oTw-alkWrEcsZqOj6o2YDmF95wrDcf
75982,Czesci_zamienne_75982.pdf,DO ROZPOZNANIA,,,75xxx,https://drive.google.com/file/d/1pHg2aNnZX6tpfhRAHw4vTvHFmxRifYk2/preview,1pHg2aNnZX6tpfhRAHw4vTvHFmxRifYk2
75983,Czesci_zamienne_75983.pdf,DO ROZPOZNANIA,,,75xxx,https://drive.google.com/file/d/1PO9Hyf9MGK0hfUksgqHCo9sTCsiJcId2/preview,1PO9Hyf9MGK0hfUksgqHCo9sTCsiJcId2
75984,Czesci_zamienne_75984.pdf,DO ROZPOZNANIA,,,75xxx,https://drive.google.com/file/d/1ireSF2ZP9l0Qi3u_eiwBNPryUGic1ko7/preview,1ireSF2ZP9l0Qi3u_eiwBNPryUGic1ko7
77990,Czesci_zamienne_77990.pdf,DO ROZPOZNANIA,,,77xxx,https://drive.google.com/file/d/1aDT78tKCGU5YnJD2pOudadr_DPFTcJCX/preview,1aDT78tKCGU5YnJD2pOudadr_DPFTcJCX
78080,Czesci_zamienne_78080.pdf,DO ROZPOZNANIA,,,78xxx,https://drive.google.com/file/d/171FFpWqspB7zbrFcUlZPReGlUpW7nnbn/preview,171FFpWqspB7zbrFcUlZPReGlUpW7nnbn
78081,Czesci_zamienne_78081.pdf,DO ROZPOZNANIA,,,78xxx,https://drive.google.com/file/d/1MiuYB5fT9kkMW8Q1mqzFW6aEBzgLANpR/preview,1MiuYB5fT9kkMW8Q1mqzFW6aEBzgLANpR
78082,Czesci_zamienne_78082.pdf,DO ROZPOZNANIA,,,78xxx,https://drive.google.com/file/d/1uZeOqYSoYaIMZ_ymyhUNqkHwI5hNMLcS/preview,1uZeOqYSoYaIMZ_ymyhUNqkHwI5hNMLcS
78084,Czesci_zamienne_78084.pdf,DO ROZPOZNANIA,,,78xxx,https://drive.google.com/file/d/19rP3SoESSSEasRXC0RAMmBiCEmig7weP/preview,19rP3SoESSSEasRXC0RAMmBiCEmig7weP
78085,Czesci_zamienne_78085.pdf,DO ROZPOZNANIA,,,78xxx,https://drive.google.com/file/d/1R4qRR90DiCd-3rwCVWU1GvT5IFlKivKJ/preview,1R4qRR90DiCd-3rwCVWU1GvT5IFlKivKJ
78090,Czesci_zamienne_78090.pdf,DO ROZPOZNANIA,,,78xxx,https://drive.google.com/file/d/1skoRNbb63f8ejj-MTqL1_TDeZN0wQCat/preview,1skoRNbb63f8ejj-MTqL1_TDeZN0wQCat
78091,Czesci_zamienne_78091.pdf,DO ROZPOZNANIA,,,78xxx,https://drive.google.com/file/d/15s0pOzar-fzpsvTPGW3OwAyelBtMyuhS/preview,15s0pOzar-fzpsvTPGW3OwAyelBtMyuhS
78107,Czesci_zamienne_78107.pdf,DO ROZPOZNANIA,,,78xxx,https://drive.google.com/file/d/1cRmu1gT1NeGgD5OV3zoRVW85XUirlKhb/preview,1cRmu1gT1NeGgD5OV3zoRVW85XUirlKhb
78113,Czesci_zamienne_78113.pdf,DO ROZPOZNANIA,,,78xxx,https://drive.google.com/file/d/1ttxq25qpVfb-GBCaZo278M0D1ymtP7Sr/preview,1ttxq25qpVfb-GBCaZo278M0D1ymtP7Sr
78123,Czesci_zamienne_78123.pdf,DO ROZPOZNANIA,,,78xxx,https://drive.google.com/file/d/1aQvsSjLepLI2r_tSNX0TufyUdKzL6dfP/preview,1aQvsSjLepLI2r_tSNX0TufyUdKzL6dfP
78124,Czesci_zamienne_78124.pdf,DO ROZPOZNANIA,,,78xxx,https://drive.google.com/file/d/1h9JNpo5v9fag_YOcWrF-X0MGYSbERj7v/preview,1h9JNpo5v9fag_YOcWrF-X0MGYSbERj7v
78125,Czesci_zamienne_78125.pdf,DO ROZPOZNANIA,,,78xxx,https://drive.google.com/file/d/18jMl5pjafNGmVqHsQnDDpoUWPtYC9PPN/preview,18jMl5pjafNGmVqHsQnDDpoUWPtYC9PPN
78136,Czesci_zamienne_78136.pdf,DO ROZPOZNANIA,,,78xxx,https://drive.google.com/file/d/1MuBgaB8xVahpJF_Ec55H6BtIwbVsLQch/preview,1MuBgaB8xVahpJF_Ec55H6BtIwbVsLQch
78137,Czesci_zamienne_78137.pdf,DO ROZPOZNANIA,,,78xxx,https://drive.google.com/file/d/1gQ1Gz54kgMYq3GtaRpVmZMLZsU0aQKBx/preview,1gQ1Gz54kgMYq3GtaRpVmZMLZsU0aQKBx
78138,Czesci_zamienne_78138.pdf,DO ROZPOZNANIA,,,78xxx,https://drive.google.com/file/d/1GRDRQXiaLWT-N3ASgsEj77-2X1p5-e5v/preview,1GRDRQXiaLWT-N3ASgsEj77-2X1p5-e5v
78139,Czesci_zamienne_78139.pdf,DO ROZPOZNANIA,,,78xxx,https://drive.google.com/file/d/1PZ-64VSNZGZtCLMtUnqtN1PfM5GgseQU/preview,1PZ-64VSNZGZtCLMtUnqtN1PfM5GgseQU
78143,Czesci_zamienne_78143.pdf,DO ROZPOZNANIA,,,78xxx,https://drive.google.com/file/d/1BGyJvbgKZKKrXENcjBJykCVN9IpoiuCl/preview,1BGyJvbgKZKKrXENcjBJykCVN9IpoiuCl
78151,Czesci_zamienne_78151.pdf,DO ROZPOZNANIA,,,78xxx,https://drive.google.com/file/d/1Yv1z5sKdvsc5v0DTa_KLWurNPQadvc8i/preview,1Yv1z5sKdvsc5v0DTa_KLWurNPQadvc8i
78158,Czesci_zamienne_78158.pdf,DO ROZPOZNANIA,,,78xxx,https://drive.google.com/file/d/1blkMam1sTtRpiw1fDILaIYNvQtKX7CW-/preview,1blkMam1sTtRpiw1fDILaIYNvQtKX7CW-
78180,Czesci_zamienne_78180.pdf,DO ROZPOZNANIA,,,78xxx,https://drive.google.com/file/d/11xqt3MjD0vHJqz4TwpwVQWvyGHLX9s3K/preview,11xqt3MjD0vHJqz4TwpwVQWvyGHLX9s3K
78181,Czesci_zamienne_78181.pdf,DO ROZPOZNANIA,,,78xxx,https://drive.google.com/file/d/1KVUM1H-GzKrgrWR_Kca0u6HF2hGD1rBz/preview,1KVUM1H-GzKrgrWR_Kca0u6HF2hGD1rBz
78184,Czesci_zamienne_78184.pdf,DO ROZPOZNANIA,,,78xxx,https://drive.google.com/file/d/1SYWYTbaSSwnrd0VKuojH-9OFs8fsheKw/preview,1SYWYTbaSSwnrd0VKuojH-9OFs8fsheKw
78185,Czesci_zamienne_78185.pdf,DO ROZPOZNANIA,,,78xxx,https://drive.google.com/file/d/1_pHV8KCxsW0opJyH9LLea4MoxdfHoohn/preview,1_pHV8KCxsW0opJyH9LLea4MoxdfHoohn
78186,Czesci_zamienne_78186.pdf,DO ROZPOZNANIA,,,78xxx,https://drive.google.com/file/d/1EuRH9ZVHMEKhsTSc15n9IXmH2X2xq4KV/preview,1EuRH9ZVHMEKhsTSc15n9IXmH2X2xq4KV
78187,Czesci_zamienne_78187.pdf,DO ROZPOZNANIA,,,78xxx,https://drive.google.com/file/d/1rinwg36OopXb6FyQFNPGzfBurUqBI0o5/preview,1rinwg36OopXb6FyQFNPGzfBurUqBI0o5
78190,Czesci_zamienne_78190.pdf,DO ROZPOZNANIA,,,78xxx,https://drive.google.com/file/d/1y_lAjQ72op1mlosEWC1xw4BsrxZHgfi_/preview,1y_lAjQ72op1mlosEWC1xw4BsrxZHgfi_
78203,Czesci_zamienne_78203.pdf,DO ROZPOZNANIA,,,78xxx,https://drive.google.com/file/d/1R8gfaNYt8xvmxJ_pKCAHAlBtEuBSgyTy/preview,1R8gfaNYt8xvmxJ_pKCAHAlBtEuBSgyTy
78204,Czesci_zamienne_78204.pdf,DO ROZPOZNANIA,,,78xxx,https://drive.google.com/file/d/1JW85iD8Tt32Htbg26ST2a26cTt5gxZXe/preview,1JW85iD8Tt32Htbg26ST2a26cTt5gxZXe
78210,Czesci_zamienne_78210.pdf,DO ROZPOZNANIA,,,78xxx,https://drive.google.com/file/d/1JK5ITrJXHzB2oXjgYvIuPJbhLgQd8bK0/preview,1JK5ITrJXHzB2oXjgYvIuPJbhLgQd8bK0
78211,Czesci_zamienne_78211.pdf,DO ROZPOZNANIA,,,78xxx,https://drive.google.com/file/d/1I4yTI8YTxo5QMCX0R4oX6NtTlK1qe23y/preview,1I4yTI8YTxo5QMCX0R4oX6NtTlK1qe23y
78641,Czesci_zamienne_78641.pdf,DO ROZPOZNANIA,,,78xxx,https://drive.google.com/file/d/1zEn3MUHE7l1QYhGC9IAEGcoXnptmtm3u/preview,1zEn3MUHE7l1QYhGC9IAEGcoXnptmtm3u
78854,Czesci_zamienne_78854.pdf,DO ROZPOZNANIA,,,78xxx,https://drive.google.com/file/d/1VMxFl9-OhSHjecghUHTpu-Ozi1NuaBhR/preview,1VMxFl9-OhSHjecghUHTpu-Ozi1NuaBhR
78855,Czesci_zamienne_78855.pdf,DO ROZPOZNANIA,,,78xxx,https://drive.google.com/file/d/1LWjgQuR7qFomvTBPzQqkRd6-8KnYyhek/preview,1LWjgQuR7qFomvTBPzQqkRd6-8KnYyhek
78910,Czesci_zamienne_78910.pdf,DO ROZPOZNANIA,,,78xxx,https://drive.google.com/file/d/1sEBk4Zl2xdmhDebgBcI9CBdpjS66-_Dj/preview,1sEBk4Zl2xdmhDebgBcI9CBdpjS66-_Dj
78911,Czesci_zamienne_78911.pdf,DO ROZPOZNANIA,,,78xxx,https://drive.google.com/file/d/1mBZWY0PNlmOl8PypSUQLhsGPufLN0BCo/preview,1mBZWY0PNlmOl8PypSUQLhsGPufLN0BCo
78970,Czesci_zamienne_78970.pdf,DO ROZPOZNANIA,,,78xxx,https://drive.google.com/file/d/16jW75hRrDuiDETcOCE_ZHjonWJmssZnp/preview,16jW75hRrDuiDETcOCE_ZHjonWJmssZnp
78972,Czesci_zamienne_78972.pdf,DO ROZPOZNANIA,,,78xxx,https://drive.google.com/file/d/1DmAmFTtW3X-7gc7NwFo9C29wdfV7wwj4/preview,1DmAmFTtW3X-7gc7NwFo9C29wdfV7wwj4
78974,Czesci_zamienne_78974.pdf,DO ROZPOZNANIA,,,78xxx,https://drive.google.com/file/d/1Se_MNpqSXfsNlTKixcv5nEWHcEfo6q5g/preview,1Se_MNpqSXfsNlTKixcv5nEWHcEfo6q5g
78981,Czesci_zamienne_78981.pdf,DO ROZPOZNANIA,,,78xxx,https://drive.google.com/file/d/13QMXHlwuKu8hVAXaGfQiwYE82cPIadD0/preview,13QMXHlwuKu8hVAXaGfQiwYE82cPIadD0
78982,Czesci_zamienne_78982.pdf,DO ROZPOZNANIA,,,78xxx,https://drive.google.com/file/d/1HBsN199dwL6LKnaN7UrgwLD-mx9dBbi1/preview,1HBsN199dwL6LKnaN7UrgwLD-mx9dBbi1
78983,Czesci_zamienne_78983.pdf,DO ROZPOZNANIA,,,78xxx,https://drive.google.com/file/d/1jCX4JPk1HR-fbjayH-GlQ21ho828_pqL/preview,1jCX4JPk1HR-fbjayH-GlQ21ho828_pqL
78992,Czesci_zamienne_78992.pdf,DO ROZPOZNANIA,,,78xxx,https://drive.google.com/file/d/1ey2rGdiRWPxPu5Z_cHG6qvkEKCTkKnHr/preview,1ey2rGdiRWPxPu5Z_cHG6qvkEKCTkKnHr
78995,Czesci_zamienne_78995.pdf,DO ROZPOZNANIA,,,78xxx,https://drive.google.com/file/d/17_JncLWGXF31vgqAS9GWk6qYe494JTQB/preview,17_JncLWGXF31vgqAS9GWk6qYe494JTQB
78997,Czesci_zamienne_78997.pdf,DO ROZPOZNANIA,,,78xxx,https://drive.google.com/file/d/1xqCXpeDRWBBacCwH2iAcqjfkuGSWvOh0/preview,1xqCXpeDRWBBacCwH2iAcqjfkuGSWvOh0
79002,Czesci_zamienne_79002.pdf,DO ROZPOZNANIA,STHOR/LUND/FLO/VOREL?,Zakres 79xxx miesza kilka marek w dotychczasowych seedach.,79xxx,https://drive.google.com/file/d/1hLK_kIPPGNWFmXr-kjg643kHujpWWtG6/preview,1hLK_kIPPGNWFmXr-kjg643kHujpWWtG6
79007,Czesci_zamienne_79007.pdf,DO ROZPOZNANIA,STHOR/LUND/FLO/VOREL?,Zakres 79xxx miesza kilka marek w dotychczasowych seedach.,79xxx,https://drive.google.com/file/d/1O_cQ1s6V1vgc4Wnoa6Issv2qV8jDRk-A/preview,1O_cQ1s6V1vgc4Wnoa6Issv2qV8jDRk-A
79012,Czesci_zamienne_79012.pdf,DO ROZPOZNANIA,STHOR/LUND/FLO/VOREL?,Zakres 79xxx miesza kilka marek w dotychczasowych seedach.,79xxx,https://drive.google.com/file/d/1BEf0wDZh0W9yuT2pF5SIi-yRFuJRm9_S/preview,1BEf0wDZh0W9yuT2pF5SIi-yRFuJRm9_S
79013,Czesci_zamienne_79013.pdf,DO ROZPOZNANIA,STHOR/LUND/FLO/VOREL?,Zakres 79xxx miesza kilka marek w dotychczasowych seedach.,79xxx,https://drive.google.com/file/d/1Lnr-gLwYfm0hLq0lNZrVM8sRGUZPBclX/preview,1Lnr-gLwYfm0hLq0lNZrVM8sRGUZPBclX
79015,Czesci_zamienne_79015.pdf,DO ROZPOZNANIA,STHOR/LUND/FLO/VOREL?,Zakres 79xxx miesza kilka marek w dotychczasowych seedach.,79xxx,https://drive.google.com/file/d/17e4Y_eV5jH-oaVMNOwgbyr0Tk1PvRk-R/preview,17e4Y_eV5jH-oaVMNOwgbyr0Tk1PvRk-R
79018,Czesci_zamienne_79018.pdf,DO ROZPOZNANIA,STHOR/LUND/FLO/VOREL?,Zakres 79xxx miesza kilka marek w dotychczasowych seedach.,79xxx,https://drive.google.com/file/d/1WohxUKSw9HgG1YxtDJcRKJX5-ZNDxwvs/preview,1WohxUKSw9HgG1YxtDJcRKJX5-ZNDxwvs
79023,Czesci_zamienne_79023.pdf,DO ROZPOZNANIA,STHOR/LUND/FLO/VOREL?,Zakres 79xxx miesza kilka marek w dotychczasowych seedach.,79xxx,https://drive.google.com/file/d/1jWYjESOGSdFOxF493UszKL2vfa4aA1W3/preview,1jWYjESOGSdFOxF493UszKL2vfa4aA1W3
79026,Czesci_zamienne_79026.pdf,DO ROZPOZNANIA,STHOR/LUND/FLO/VOREL?,Zakres 79xxx miesza kilka marek w dotychczasowych seedach.,79xxx,https://drive.google.com/file/d/1J3c9VyF09P6zoSQkk3dWOX-ZaDS0V0lc/preview,1J3c9VyF09P6zoSQkk3dWOX-ZaDS0V0lc
79031,Czesci_zamienne_79031.pdf,DO ROZPOZNANIA,STHOR/LUND/FLO/VOREL?,Zakres 79xxx miesza kilka marek w dotychczasowych seedach.,79xxx,https://drive.google.com/file/d/1z1tqwPbSky6FRL7FriIylGqB2r06Gm7x/preview,1z1tqwPbSky6FRL7FriIylGqB2r06Gm7x
79032,Czesci_zamienne_79032.pdf,DO ROZPOZNANIA,STHOR/LUND/FLO/VOREL?,Zakres 79xxx miesza kilka marek w dotychczasowych seedach.,79xxx,https://drive.google.com/file/d/1Zpa-mI6K6lTfZKNzG3KxT3RV-9zcQQnZ/preview,1Zpa-mI6K6lTfZKNzG3KxT3RV-9zcQQnZ
79033,Czesci_zamienne_79033.pdf,DO ROZPOZNANIA,STHOR/LUND/FLO/VOREL?,Zakres 79xxx miesza kilka marek w dotychczasowych seedach.,79xxx,https://drive.google.com/file/d/1-5qMz6jbDMuSMYGtQ3gL0b0mY2V6P8sg/preview,1-5qMz6jbDMuSMYGtQ3gL0b0mY2V6P8sg
79034,Czesci_zamienne_79034.pdf,DO ROZPOZNANIA,STHOR/LUND/FLO/VOREL?,Zakres 79xxx miesza kilka marek w dotychczasowych seedach.,79xxx,https://drive.google.com/file/d/1IRUuvBdlQkAhkCxd_RXh_juJxYSr59Wx/preview,1IRUuvBdlQkAhkCxd_RXh_juJxYSr59Wx
79036,Czesci_zamienne_79036.pdf,DO ROZPOZNANIA,STHOR/LUND/FLO/VOREL?,Zakres 79xxx miesza kilka marek w dotychczasowych seedach.,79xxx,https://drive.google.com/file/d/17WB9GG2QYkOcDdE4x0hvu8xRSNXtFDUh/preview,17WB9GG2QYkOcDdE4x0hvu8xRSNXtFDUh
79046,Czesci_zamienne_79046.pdf,DO ROZPOZNANIA,STHOR/LUND/FLO/VOREL?,Zakres 79xxx miesza kilka marek w dotychczasowych seedach.,79xxx,https://drive.google.com/file/d/1-oCLlTzbVWNBhW6J_qMgVWkPzsECEcC2/preview,1-oCLlTzbVWNBhW6J_qMgVWkPzsECEcC2
79047,Czesci_zamienne_79047.pdf,DO ROZPOZNANIA,STHOR/LUND/FLO/VOREL?,Zakres 79xxx miesza kilka marek w dotychczasowych seedach.,79xxx,https://drive.google.com/file/d/1Yf3OHbJYabwO0GsEArlBId01NjmwvTgx/preview,1Yf3OHbJYabwO0GsEArlBId01NjmwvTgx
79048,Czesci_zamienne_79048.pdf,DO ROZPOZNANIA,STHOR/LUND/FLO/VOREL?,Zakres 79xxx miesza kilka marek w dotychczasowych seedach.,79xxx,https://drive.google.com/file/d/1Vfut3pUjIMKYwktEldXG0wCJst3mYLVN/preview,1Vfut3pUjIMKYwktEldXG0wCJst3mYLVN
79049,Czesci_zamienne_79049.pdf,DO ROZPOZNANIA,STHOR/LUND/FLO/VOREL?,Zakres 79xxx miesza kilka marek w dotychczasowych seedach.,79xxx,https://drive.google.com/file/d/1PHT9YgeXoHtUP62jXe1dw-medNR2hJMX/preview,1PHT9YgeXoHtUP62jXe1dw-medNR2hJMX
79053,Czesci_zamienne_79053.pdf,DO ROZPOZNANIA,STHOR/LUND/FLO/VOREL?,Zakres 79xxx miesza kilka marek w dotychczasowych seedach.,79xxx,https://drive.google.com/file/d/1Fbm26KFkhe_YCPasJkSws4TLT_gvqFnX/preview,1Fbm26KFkhe_YCPasJkSws4TLT_gvqFnX
79054,Czesci_zamienne_79054.pdf,DO ROZPOZNANIA,STHOR/LUND/FLO/VOREL?,Zakres 79xxx miesza kilka marek w dotychczasowych seedach.,79xxx,https://drive.google.com/file/d/1-mp_iGtBEPNf-v0ikEe_rHuP4SsNV_nx/preview,1-mp_iGtBEPNf-v0ikEe_rHuP4SsNV_nx
79056,Czesci_zamienne_79056.pdf,DO ROZPOZNANIA,STHOR/LUND/FLO/VOREL?,Zakres 79xxx miesza kilka marek w dotychczasowych seedach.,79xxx,https://drive.google.com/file/d/1vfcj1TCZWHe66kQT2JkuFSPhVstr0Srx/preview,1vfcj1TCZWHe66kQT2JkuFSPhVstr0Srx
79071,Czesci_zamienne_79071.pdf,DO ROZPOZNANIA,STHOR/LUND/FLO/VOREL?,Zakres 79xxx miesza kilka marek w dotychczasowych seedach.,79xxx,https://drive.google.com/file/d/1EC7OPAYblDi974BllvM4joGS2Q9VMCqx/preview,1EC7OPAYblDi974BllvM4joGS2Q9VMCqx
79076,Czesci_zamienne_79076.pdf,DO ROZPOZNANIA,STHOR/LUND/FLO/VOREL?,Zakres 79xxx miesza kilka marek w dotychczasowych seedach.,79xxx,https://drive.google.com/file/d/1X_on74CigPZjWBawtM6NVtcMxQqKr1hp/preview,1X_on74CigPZjWBawtM6NVtcMxQqKr1hp
79090,Czesci_zamienne_79090.pdf,DO ROZPOZNANIA,STHOR/LUND/FLO/VOREL?,Zakres 79xxx miesza kilka marek w dotychczasowych seedach.,79xxx,https://drive.google.com/file/d/12ciSmc-3pa7ZPVehaWtr9XiTL19BS4QO/preview,12ciSmc-3pa7ZPVehaWtr9XiTL19BS4QO
79093,Czesci_zamienne_79093.pdf,DO ROZPOZNANIA,STHOR/LUND/FLO/VOREL?,Zakres 79xxx miesza kilka marek w dotychczasowych seedach.,79xxx,https://drive.google.com/file/d/1ZKNMRILAGEJrIA2_y9VdIsVH6zBdnKUb/preview,1ZKNMRILAGEJrIA2_y9VdIsVH6zBdnKUb
79094,Czesci_zamienne_79094.pdf,DO ROZPOZNANIA,STHOR/LUND/FLO/VOREL?,Zakres 79xxx miesza kilka marek w dotychczasowych seedach.,79xxx,https://drive.google.com/file/d/1JbjMbj7KnTlFYRUpiHPhL6ti0H5kbWFB/preview,1JbjMbj7KnTlFYRUpiHPhL6ti0H5kbWFB
79099,Czesci_zamienne_79099.pdf,DO ROZPOZNANIA,STHOR/LUND/FLO/VOREL?,Zakres 79xxx miesza kilka marek w dotychczasowych seedach.,79xxx,https://drive.google.com/file/d/1ztHR7br6KPbQVe_eQ_ilROc8hMe4xDim/preview,1ztHR7br6KPbQVe_eQ_ilROc8hMe4xDim
79100,Czesci_zamienne_79100.pdf,DO ROZPOZNANIA,STHOR/LUND/FLO/VOREL?,Zakres 79xxx miesza kilka marek w dotychczasowych seedach.,79xxx,https://drive.google.com/file/d/1R-rW9RPyG40aLX_ZikpY8JjA47lfiXVa/preview,1R-rW9RPyG40aLX_ZikpY8JjA47lfiXVa
79101,Czesci_zamienne_79101.pdf,DO ROZPOZNANIA,STHOR/LUND/FLO/VOREL?,Zakres 79xxx miesza kilka marek w dotychczasowych seedach.,79xxx,https://drive.google.com/file/d/1Y7zLf-uVcdZbNrWYY7DghL9993CIVF2j/preview,1Y7zLf-uVcdZbNrWYY7DghL9993CIVF2j
79104,Czesci_zamienne_79104.pdf,DO ROZPOZNANIA,STHOR/LUND/FLO/VOREL?,Zakres 79xxx miesza kilka marek w dotychczasowych seedach.,79xxx,https://drive.google.com/file/d/1c7jkwhjsooWNjVnf5BC6Msn779GaN22R/preview,1c7jkwhjsooWNjVnf5BC6Msn779GaN22R
79105,Czesci_zamienne_79105.pdf,DO ROZPOZNANIA,STHOR/LUND/FLO/VOREL?,Zakres 79xxx miesza kilka marek w dotychczasowych seedach.,79xxx,https://drive.google.com/file/d/1Fsuc18Ei1Ir4diYsyqh_WuvGNr8_hoyB/preview,1Fsuc18Ei1Ir4diYsyqh_WuvGNr8_hoyB
79109,Czesci_zamienne_79109.pdf,DO ROZPOZNANIA,STHOR/LUND/FLO/VOREL?,Zakres 79xxx miesza kilka marek w dotychczasowych seedach.,79xxx,https://drive.google.com/file/d/1F0p8x7nGsGJbOMGSCfTCfIVSHFsgjBVE/preview,1F0p8x7nGsGJbOMGSCfTCfIVSHFsgjBVE
79113,Czesci_zamienne_79113.pdf,DO ROZPOZNANIA,STHOR/LUND/FLO/VOREL?,Zakres 79xxx miesza kilka marek w dotychczasowych seedach.,79xxx,https://drive.google.com/file/d/1yxrpIjlnLuEir3bfQTFBUeNq7JIQp1Fb/preview,1yxrpIjlnLuEir3bfQTFBUeNq7JIQp1Fb
79114,Czesci_zamienne_79114.pdf,DO ROZPOZNANIA,STHOR/LUND/FLO/VOREL?,Zakres 79xxx miesza kilka marek w dotychczasowych seedach.,79xxx,https://drive.google.com/file/d/1R3QprKm7N-l52dDOZykK6eI-yzm9UgNn/preview,1R3QprKm7N-l52dDOZykK6eI-yzm9UgNn
79116,Czesci_zamienne_79116.pdf,DO ROZPOZNANIA,STHOR/LUND/FLO/VOREL?,Zakres 79xxx miesza kilka marek w dotychczasowych seedach.,79xxx,https://drive.google.com/file/d/1a0PYb-2AuKE_D_j4UyTdsQOer0i2u2Is/preview,1a0PYb-2AuKE_D_j4UyTdsQOer0i2u2Is
79118,Czesci_zamienne_79118.pdf,DO ROZPOZNANIA,STHOR/LUND/FLO/VOREL?,Zakres 79xxx miesza kilka marek w dotychczasowych seedach.,79xxx,https://drive.google.com/file/d/1_FQCzr5S3KvYUxl7tvec9kRdYbp0iP9d/preview,1_FQCzr5S3KvYUxl7tvec9kRdYbp0iP9d
79120,Czesci_zamienne_79120.pdf,DO ROZPOZNANIA,STHOR/LUND/FLO/VOREL?,Zakres 79xxx miesza kilka marek w dotychczasowych seedach.,79xxx,https://drive.google.com/file/d/1IRmwXZvSQNlRYcBUKr64iRpLUwI6NtGg/preview,1IRmwXZvSQNlRYcBUKr64iRpLUwI6NtGg
79123,Czesci_zamienne_79123.pdf,DO ROZPOZNANIA,STHOR/LUND/FLO/VOREL?,Zakres 79xxx miesza kilka marek w dotychczasowych seedach.,79xxx,https://drive.google.com/file/d/1dXWTFM2mvnUB0GJjnOxwkU9qTUB24xgO/preview,1dXWTFM2mvnUB0GJjnOxwkU9qTUB24xgO
79124,Czesci_zamienne_79124.pdf,DO ROZPOZNANIA,STHOR/LUND/FLO/VOREL?,Zakres 79xxx miesza kilka marek w dotychczasowych seedach.,79xxx,https://drive.google.com/file/d/1dLcMEM1b_Bj8oPw4bowgWXzUHitVSnAH/preview,1dLcMEM1b_Bj8oPw4bowgWXzUHitVSnAH
79125,Czesci_zamienne_79125.pdf,DO ROZPOZNANIA,STHOR/LUND/FLO/VOREL?,Zakres 79xxx miesza kilka marek w dotychczasowych seedach.,79xxx,https://drive.google.com/file/d/1YHEf0zGrU6oYoHJI6Uzrx1wSBqSc4unA/preview,1YHEf0zGrU6oYoHJI6Uzrx1wSBqSc4unA
79129,Czesci_zamienne_79129.pdf,DO ROZPOZNANIA,STHOR/LUND/FLO/VOREL?,Zakres 79xxx miesza kilka marek w dotychczasowych seedach.,79xxx,https://drive.google.com/file/d/1j4QxNIYDcX7mMcD_WmNYaa5J3DE3zgkU/preview,1j4QxNIYDcX7mMcD_WmNYaa5J3DE3zgkU
79135,Czesci_zamienne_79135.pdf,DO ROZPOZNANIA,STHOR/LUND/FLO/VOREL?,Zakres 79xxx miesza kilka marek w dotychczasowych seedach.,79xxx,https://drive.google.com/file/d/1S33LPCTbEURd-Mk8OW4CYY-0aRiypA-E/preview,1S33LPCTbEURd-Mk8OW4CYY-0aRiypA-E
79141,Czesci_zamienne_79141.pdf,DO ROZPOZNANIA,STHOR/LUND/FLO/VOREL?,Zakres 79xxx miesza kilka marek w dotychczasowych seedach.,79xxx,https://drive.google.com/file/d/1qXLZsA82lFHcsLyZYJuse2fgVU_PkSTI/preview,1qXLZsA82lFHcsLyZYJuse2fgVU_PkSTI
79143,Czesci_zamienne_79143.pdf,DO ROZPOZNANIA,STHOR/LUND/FLO/VOREL?,Zakres 79xxx miesza kilka marek w dotychczasowych seedach.,79xxx,https://drive.google.com/file/d/1-hpI-ASLvKuzK3vSzcOplpejYPQnu0gC/preview,1-hpI-ASLvKuzK3vSzcOplpejYPQnu0gC
79150,Czesci_zamienne_79150.pdf,DO ROZPOZNANIA,STHOR/LUND/FLO/VOREL?,Zakres 79xxx miesza kilka marek w dotychczasowych seedach.,79xxx,https://drive.google.com/file/d/1mXI_fsrobIP9Z1ZUuN4qVrPGNF1x1u_-/preview,1mXI_fsrobIP9Z1ZUuN4qVrPGNF1x1u_-
79237,Czesci_zamienne_79237.pdf,DO ROZPOZNANIA,STHOR/LUND/FLO/VOREL?,Zakres 79xxx miesza kilka marek w dotychczasowych seedach.,79xxx,https://drive.google.com/file/d/16D5kV9jImW0kl_I9HEaicwfv6pqfWSKc/preview,16D5kV9jImW0kl_I9HEaicwfv6pqfWSKc
79238,Czesci_zamienne_79238.pdf,DO ROZPOZNANIA,STHOR/LUND/FLO/VOREL?,Zakres 79xxx miesza kilka marek w dotychczasowych seedach.,79xxx,https://drive.google.com/file/d/1Qi-AbEB1QmeWIkjxpQmryFgbX14rsyXu/preview,1Qi-AbEB1QmeWIkjxpQmryFgbX14rsyXu
79239,Czesci_zamienne_79239.pdf,DO ROZPOZNANIA,STHOR/LUND/FLO/VOREL?,Zakres 79xxx miesza kilka marek w dotychczasowych seedach.,79xxx,https://drive.google.com/file/d/15okrjhE4unDsv4avUbA6DEu5l7c-P6WX/preview,15okrjhE4unDsv4avUbA6DEu5l7c-P6WX
79240,Czesci_zamienne_79240.pdf,DO ROZPOZNANIA,STHOR/LUND/FLO/VOREL?,Zakres 79xxx miesza kilka marek w dotychczasowych seedach.,79xxx,https://drive.google.com/file/d/19ZlvqlfapiAo97bRCcduoD7db_nU7FSc/preview,19ZlvqlfapiAo97bRCcduoD7db_nU7FSc
79248,Czesci_zamienne_79248.pdf,DO ROZPOZNANIA,STHOR/LUND/FLO/VOREL?,Zakres 79xxx miesza kilka marek w dotychczasowych seedach.,79xxx,https://drive.google.com/file/d/1pdp2-_UklAiIEExQluNwX9wos-v8edRT/preview,1pdp2-_UklAiIEExQluNwX9wos-v8edRT
79249,Czesci_zamienne_79249.pdf,DO ROZPOZNANIA,STHOR/LUND/FLO/VOREL?,Zakres 79xxx miesza kilka marek w dotychczasowych seedach.,79xxx,https://drive.google.com/file/d/1tlWTKEhqLq_K2V4CiNefm9aOvUx0J48B/preview,1tlWTKEhqLq_K2V4CiNefm9aOvUx0J48B
79252,Czesci_zamienne_79252.pdf,DO ROZPOZNANIA,STHOR/LUND/FLO/VOREL?,Zakres 79xxx miesza kilka marek w dotychczasowych seedach.,79xxx,https://drive.google.com/file/d/1UOPjm_W0l9UldHBLDqr654zir8s2q7rM/preview,1UOPjm_W0l9UldHBLDqr654zir8s2q7rM
79253,Czesci_zamienne_79253.pdf,DO ROZPOZNANIA,STHOR/LUND/FLO/VOREL?,Zakres 79xxx miesza kilka marek w dotychczasowych seedach.,79xxx,https://drive.google.com/file/d/1rDwndG7ZNkue2vlpZbMrn0FuTh_tFtBX/preview,1rDwndG7ZNkue2vlpZbMrn0FuTh_tFtBX
79254,Czesci_zamienne_79254.pdf,DO ROZPOZNANIA,STHOR/LUND/FLO/VOREL?,Zakres 79xxx miesza kilka marek w dotychczasowych seedach.,79xxx,https://drive.google.com/file/d/1giLuN7cH1zWQMhct_-GkTBHIag3--sdQ/preview,1giLuN7cH1zWQMhct_-GkTBHIag3--sdQ
79257,Czesci_zamienne_79257.pdf,DO ROZPOZNANIA,STHOR/LUND/FLO/VOREL?,Zakres 79xxx miesza kilka marek w dotychczasowych seedach.,79xxx,https://drive.google.com/file/d/1EuRI6vckteTC--6wJ2c6VQlS1jleDBm8/preview,1EuRI6vckteTC--6wJ2c6VQlS1jleDBm8
79275,Czesci_zamienne_79275.pdf,DO ROZPOZNANIA,STHOR/LUND/FLO/VOREL?,Zakres 79xxx miesza kilka marek w dotychczasowych seedach.,79xxx,https://drive.google.com/file/d/1ZoEF57Z9MDvindGmkoZ6DaPKa4xudaWI/preview,1ZoEF57Z9MDvindGmkoZ6DaPKa4xudaWI
79307,Czesci_zamienne_79307.pdf,DO ROZPOZNANIA,STHOR/LUND/FLO/VOREL?,Zakres 79xxx miesza kilka marek w dotychczasowych seedach.,79xxx,https://drive.google.com/file/d/1HRvXCe7mIn0puH53p65TUQqn7PKGR78N/preview,1HRvXCe7mIn0puH53p65TUQqn7PKGR78N
79309,Czesci_zamienne_79309.pdf,DO ROZPOZNANIA,STHOR/LUND/FLO/VOREL?,Zakres 79xxx miesza kilka marek w dotychczasowych seedach.,79xxx,https://drive.google.com/file/d/1VL2_7rmkBKZwiztXPZGFrenAx8es48Yo/preview,1VL2_7rmkBKZwiztXPZGFrenAx8es48Yo
79314,Czesci_zamienne_79314.pdf,DO ROZPOZNANIA,STHOR/LUND/FLO/VOREL?,Zakres 79xxx miesza kilka marek w dotychczasowych seedach.,79xxx,https://drive.google.com/file/d/1UCtisEy87QTtDBeYroSqv9xrcIydaXSG/preview,1UCtisEy87QTtDBeYroSqv9xrcIydaXSG
79318,Czesci_zamienne_79318.pdf,DO ROZPOZNANIA,STHOR/LUND/FLO/VOREL?,Zakres 79xxx miesza kilka marek w dotychczasowych seedach.,79xxx,https://drive.google.com/file/d/1LUyAJKY9RgjpXEdJJqm6rkjMMdcS_XD2/preview,1LUyAJKY9RgjpXEdJJqm6rkjMMdcS_XD2
79319,Czesci_zamienne_79319.pdf,DO ROZPOZNANIA,STHOR/LUND/FLO/VOREL?,Zakres 79xxx miesza kilka marek w dotychczasowych seedach.,79xxx,https://drive.google.com/file/d/19vuAEzV4iQEjxybhwffE2ClYkUUWsKrU/preview,19vuAEzV4iQEjxybhwffE2ClYkUUWsKrU
79320,Czesci_zamienne_79320.pdf,DO ROZPOZNANIA,STHOR/LUND/FLO/VOREL?,Zakres 79xxx miesza kilka marek w dotychczasowych seedach.,79xxx,https://drive.google.com/file/d/1jWP8sFLq4nHONuf93hnA0ZCsmZf8hYFC/preview,1jWP8sFLq4nHONuf93hnA0ZCsmZf8hYFC
79322,Czesci_zamienne_79322.pdf,DO ROZPOZNANIA,STHOR/LUND/FLO/VOREL?,Zakres 79xxx miesza kilka marek w dotychczasowych seedach.,79xxx,https://drive.google.com/file/d/1GT2V3xFZVgJtUnMBRXtcWwPoYbqWH_Wm/preview,1GT2V3xFZVgJtUnMBRXtcWwPoYbqWH_Wm
79324,Czesci_zamienne_79324.pdf,DO ROZPOZNANIA,STHOR/LUND/FLO/VOREL?,Zakres 79xxx miesza kilka marek w dotychczasowych seedach.,79xxx,https://drive.google.com/file/d/1IsRnrFO1R2THlL1LQK77Ypo31MbVjjs4/preview,1IsRnrFO1R2THlL1LQK77Ypo31MbVjjs4
79325,Czesci_zamienne_79325.pdf,DO ROZPOZNANIA,STHOR/LUND/FLO/VOREL?,Zakres 79xxx miesza kilka marek w dotychczasowych seedach.,79xxx,https://drive.google.com/file/d/1GWWfU8FaTSuzxZwuLG32seT5tROWTmck/preview,1GWWfU8FaTSuzxZwuLG32seT5tROWTmck
79326,Czesci_zamienne_79326.pdf,DO ROZPOZNANIA,STHOR/LUND/FLO/VOREL?,Zakres 79xxx miesza kilka marek w dotychczasowych seedach.,79xxx,https://drive.google.com/file/d/1oyZ4lcC_7v3E1UYFEuhP0zPfk3tyQM5e/preview,1oyZ4lcC_7v3E1UYFEuhP0zPfk3tyQM5e
79327,Czesci_zamienne_79327.pdf,DO ROZPOZNANIA,STHOR/LUND/FLO/VOREL?,Zakres 79xxx miesza kilka marek w dotychczasowych seedach.,79xxx,https://drive.google.com/file/d/1YaTOxhCF3vDnDaTOGwsdB_sU7Txpn_Zj/preview,1YaTOxhCF3vDnDaTOGwsdB_sU7Txpn_Zj
79328,Czesci_zamienne_79328.pdf,DO ROZPOZNANIA,STHOR/LUND/FLO/VOREL?,Zakres 79xxx miesza kilka marek w dotychczasowych seedach.,79xxx,https://drive.google.com/file/d/16EiP2d9Q2sOf7-Dicuz_2rcc4SzKDYZL/preview,16EiP2d9Q2sOf7-Dicuz_2rcc4SzKDYZL
79329,Czesci_zamienne_79329.pdf,DO ROZPOZNANIA,STHOR/LUND/FLO/VOREL?,Zakres 79xxx miesza kilka marek w dotychczasowych seedach.,79xxx,https://drive.google.com/file/d/1qdUDX0EOtPIXr1b2AeFgYnfqorq-ln8G/preview,1qdUDX0EOtPIXr1b2AeFgYnfqorq-ln8G
79332,Czesci_zamienne_79332.pdf,DO ROZPOZNANIA,STHOR/LUND/FLO/VOREL?,Zakres 79xxx miesza kilka marek w dotychczasowych seedach.,79xxx,https://drive.google.com/file/d/1vgmfcKzACFbcs1VVBPjtEdTo2aR2pBhb/preview,1vgmfcKzACFbcs1VVBPjtEdTo2aR2pBhb
79334,Czesci_zamienne_79334.pdf,DO ROZPOZNANIA,STHOR/LUND/FLO/VOREL?,Zakres 79xxx miesza kilka marek w dotychczasowych seedach.,79xxx,https://drive.google.com/file/d/1JGHK9WQjD2LCt3KXuCtwY2GutzX1NfXD/preview,1JGHK9WQjD2LCt3KXuCtwY2GutzX1NfXD
79350,Czesci_zamienne_79350.pdf,DO ROZPOZNANIA,STHOR/LUND/FLO/VOREL?,Zakres 79xxx miesza kilka marek w dotychczasowych seedach.,79xxx,https://drive.google.com/file/d/1TEeecaBvzMZdhcn5TXr4bi_AGJ2Xj0Bg/preview,1TEeecaBvzMZdhcn5TXr4bi_AGJ2Xj0Bg
79352,Czesci_zamienne_79352.pdf,DO ROZPOZNANIA,STHOR/LUND/FLO/VOREL?,Zakres 79xxx miesza kilka marek w dotychczasowych seedach.,79xxx,https://drive.google.com/file/d/1ld_yETXV-b5ycKSO6Y2bQf5-eSnRRpGC/preview,1ld_yETXV-b5ycKSO6Y2bQf5-eSnRRpGC
79353,Czesci_zamienne_79353.pdf,DO ROZPOZNANIA,STHOR/LUND/FLO/VOREL?,Zakres 79xxx miesza kilka marek w dotychczasowych seedach.,79xxx,https://drive.google.com/file/d/1CaDkhthstYF77Q9AZUbDAwFsDDKqTe4R/preview,1CaDkhthstYF77Q9AZUbDAwFsDDKqTe4R
79355,Czesci_zamienne_79355.pdf,DO ROZPOZNANIA,STHOR/LUND/FLO/VOREL?,Zakres 79xxx miesza kilka marek w dotychczasowych seedach.,79xxx,https://drive.google.com/file/d/1fIF9WHrNgLi-khmNi6x6g1v-eEsBqjpJ/preview,1fIF9WHrNgLi-khmNi6x6g1v-eEsBqjpJ
79358,Czesci_zamienne_79358.pdf,DO ROZPOZNANIA,STHOR/LUND/FLO/VOREL?,Zakres 79xxx miesza kilka marek w dotychczasowych seedach.,79xxx,https://drive.google.com/file/d/1G8UPDUL1FPZRlyn7w7n6MiYBvJAgYZPl/preview,1G8UPDUL1FPZRlyn7w7n6MiYBvJAgYZPl
79363,Czesci_zamienne_79363.pdf,DO ROZPOZNANIA,STHOR/LUND/FLO/VOREL?,Zakres 79xxx miesza kilka marek w dotychczasowych seedach.,79xxx,https://drive.google.com/file/d/1I1jRucw1ArY1Hf3XABAig_8fBDNV04hW/preview,1I1jRucw1ArY1Hf3XABAig_8fBDNV04hW
79364,Czesci_zamienne_79364.pdf,DO ROZPOZNANIA,STHOR/LUND/FLO/VOREL?,Zakres 79xxx miesza kilka marek w dotychczasowych seedach.,79xxx,https://drive.google.com/file/d/1rnZdVpUvx5F0v2VrAp3Q67YUE5T9IuGl/preview,1rnZdVpUvx5F0v2VrAp3Q67YUE5T9IuGl
79376,Czesci_zamienne_79376.pdf,DO ROZPOZNANIA,STHOR/LUND/FLO/VOREL?,Zakres 79xxx miesza kilka marek w dotychczasowych seedach.,79xxx,https://drive.google.com/file/d/13ow-9JWomY4LzCxXu6feqxCDg8Ymd9lJ/preview,13ow-9JWomY4LzCxXu6feqxCDg8Ymd9lJ
79379,Czesci_zamienne_79379.pdf,DO ROZPOZNANIA,STHOR/LUND/FLO/VOREL?,Zakres 79xxx miesza kilka marek w dotychczasowych seedach.,79xxx,https://drive.google.com/file/d/1L7hIuvjR4TjaAYHBwXc3XkYR0R1iWgNu/preview,1L7hIuvjR4TjaAYHBwXc3XkYR0R1iWgNu
79382,Czesci_zamienne_79382.pdf,DO ROZPOZNANIA,STHOR/LUND/FLO/VOREL?,Zakres 79xxx miesza kilka marek w dotychczasowych seedach.,79xxx,https://drive.google.com/file/d/1W19cNIBj_lhpFtxU6HQkiKFxzpCR_loD/preview,1W19cNIBj_lhpFtxU6HQkiKFxzpCR_loD
79383,Czesci_zamienne_79383.pdf,DO ROZPOZNANIA,STHOR/LUND/FLO/VOREL?,Zakres 79xxx miesza kilka marek w dotychczasowych seedach.,79xxx,https://drive.google.com/file/d/17IcUHyl1__cifb_edar0k8FQiSw488PM/preview,17IcUHyl1__cifb_edar0k8FQiSw488PM
79385,Czesci_zamienne_79385.pdf,DO ROZPOZNANIA,STHOR/LUND/FLO/VOREL?,Zakres 79xxx miesza kilka marek w dotychczasowych seedach.,79xxx,https://drive.google.com/file/d/1DJkQ_K_y7pOFgbFyaNmWdNXflAPDS2pK/preview,1DJkQ_K_y7pOFgbFyaNmWdNXflAPDS2pK
79410,Czesci_zamienne_79410.pdf,DO ROZPOZNANIA,STHOR/LUND/FLO/VOREL?,Zakres 79xxx miesza kilka marek w dotychczasowych seedach.,79xxx,https://drive.google.com/file/d/1E9BxLTaqHMDjzqSItlyBAWx4aw1V0w6G/preview,1E9BxLTaqHMDjzqSItlyBAWx4aw1V0w6G
79413,Czesci_zamienne_79413.pdf,DO ROZPOZNANIA,STHOR/LUND/FLO/VOREL?,Zakres 79xxx miesza kilka marek w dotychczasowych seedach.,79xxx,https://drive.google.com/file/d/1xrAhK5QF5-YW4eeO9lONU6-Bz2jkrSTW/preview,1xrAhK5QF5-YW4eeO9lONU6-Bz2jkrSTW
79415,Czesci_zamienne_79415.pdf,DO ROZPOZNANIA,STHOR/LUND/FLO/VOREL?,Zakres 79xxx miesza kilka marek w dotychczasowych seedach.,79xxx,https://drive.google.com/file/d/1ULnYr6XzoC6rn3hsBlVH_kHTlJaHQcQV/preview,1ULnYr6XzoC6rn3hsBlVH_kHTlJaHQcQV
79416,Czesci_zamienne_79416.pdf,DO ROZPOZNANIA,STHOR/LUND/FLO/VOREL?,Zakres 79xxx miesza kilka marek w dotychczasowych seedach.,79xxx,https://drive.google.com/file/d/15Fu2WKccqb9BIdekxqzxd0IfhVftSoIn/preview,15Fu2WKccqb9BIdekxqzxd0IfhVftSoIn
79420,Czesci_zamienne_79420.pdf,DO ROZPOZNANIA,STHOR/LUND/FLO/VOREL?,Zakres 79xxx miesza kilka marek w dotychczasowych seedach.,79xxx,https://drive.google.com/file/d/1bQwbvkQve6FX_LGMtnSLASCXOnFdp8PE/preview,1bQwbvkQve6FX_LGMtnSLASCXOnFdp8PE
79442,Czesci_zamienne_79442.pdf,DO ROZPOZNANIA,STHOR/LUND/FLO/VOREL?,Zakres 79xxx miesza kilka marek w dotychczasowych seedach.,79xxx,https://drive.google.com/file/d/1Cp5EHgyph5M7lP2NUrrAPUYOSVLyGDc-/preview,1Cp5EHgyph5M7lP2NUrrAPUYOSVLyGDc-
79448,Czesci_zamienne_79448.pdf,DO ROZPOZNANIA,STHOR/LUND/FLO/VOREL?,Zakres 79xxx miesza kilka marek w dotychczasowych seedach.,79xxx,https://drive.google.com/file/d/1CxogqD5EF7cbK9U3UHP8CS2eK0C5doOH/preview,1CxogqD5EF7cbK9U3UHP8CS2eK0C5doOH
79456,Czesci_zamienne_79456.pdf,DO ROZPOZNANIA,STHOR/LUND/FLO/VOREL?,Zakres 79xxx miesza kilka marek w dotychczasowych seedach.,79xxx,https://drive.google.com/file/d/1VeXLlB-EcMdEkVppp-r_BQMZWFYZzjpe/preview,1VeXLlB-EcMdEkVppp-r_BQMZWFYZzjpe
79473,Czesci_zamienne_79473.pdf,DO ROZPOZNANIA,STHOR/LUND/FLO/VOREL?,Zakres 79xxx miesza kilka marek w dotychczasowych seedach.,79xxx,https://drive.google.com/file/d/1hl9krHukNLE3RVliQlT6yVHRhNFUul3c/preview,1hl9krHukNLE3RVliQlT6yVHRhNFUul3c
79474,Czesci_zamienne_79474.pdf,DO ROZPOZNANIA,STHOR/LUND/FLO/VOREL?,Zakres 79xxx miesza kilka marek w dotychczasowych seedach.,79xxx,https://drive.google.com/file/d/1Htw1eeObgKaQ6DxfRqnBy3A3303MBRE5/preview,1Htw1eeObgKaQ6DxfRqnBy3A3303MBRE5
79475,Czesci_zamienne_79475.pdf,DO ROZPOZNANIA,STHOR/LUND/FLO/VOREL?,Zakres 79xxx miesza kilka marek w dotychczasowych seedach.,79xxx,https://drive.google.com/file/d/1Zy1lTUqRWOsRcn-HjJhkC_riKOItfiFR/preview,1Zy1lTUqRWOsRcn-HjJhkC_riKOItfiFR
79476,Czesci_zamienne_79476.pdf,DO ROZPOZNANIA,STHOR/LUND/FLO/VOREL?,Zakres 79xxx miesza kilka marek w dotychczasowych seedach.,79xxx,https://drive.google.com/file/d/1Qfj3gccwq4ZQSc3GUQhl2xiZDM6sinab/preview,1Qfj3gccwq4ZQSc3GUQhl2xiZDM6sinab
79477,Czesci_zamienne_79477.pdf,DO ROZPOZNANIA,STHOR/LUND/FLO/VOREL?,Zakres 79xxx miesza kilka marek w dotychczasowych seedach.,79xxx,https://drive.google.com/file/d/1n9MqSPSgDhm7yueR4VVHYYhiXnoJe7Fh/preview,1n9MqSPSgDhm7yueR4VVHYYhiXnoJe7Fh
79478,Czesci_zamienne_79478.pdf,DO ROZPOZNANIA,STHOR/LUND/FLO/VOREL?,Zakres 79xxx miesza kilka marek w dotychczasowych seedach.,79xxx,https://drive.google.com/file/d/1yKiRRS4Fsb3GkRb3hC920FR1Or8qEDKh/preview,1yKiRRS4Fsb3GkRb3hC920FR1Or8qEDKh
79479,Czesci_zamienne_79479.pdf,DO ROZPOZNANIA,STHOR/LUND/FLO/VOREL?,Zakres 79xxx miesza kilka marek w dotychczasowych seedach.,79xxx,https://drive.google.com/file/d/14ftwGyWPhL6e4w_C1mESAMU3W4U2qiYH/preview,14ftwGyWPhL6e4w_C1mESAMU3W4U2qiYH
79481,Czesci_zamienne_79481.pdf,DO ROZPOZNANIA,STHOR/LUND/FLO/VOREL?,Zakres 79xxx miesza kilka marek w dotychczasowych seedach.,79xxx,https://drive.google.com/file/d/1DTrlNG7y0ycvw3mAwXk65eFJFTOKTq7J/preview,1DTrlNG7y0ycvw3mAwXk65eFJFTOKTq7J
79482,Czesci_zamienne_79482.pdf,DO ROZPOZNANIA,STHOR/LUND/FLO/VOREL?,Zakres 79xxx miesza kilka marek w dotychczasowych seedach.,79xxx,https://drive.google.com/file/d/1_ucLohX-tvAcoOnbK4KlWhipxvfx4cKg/preview,1_ucLohX-tvAcoOnbK4KlWhipxvfx4cKg
79484,Czesci_zamienne_79484.pdf,DO ROZPOZNANIA,STHOR/LUND/FLO/VOREL?,Zakres 79xxx miesza kilka marek w dotychczasowych seedach.,79xxx,https://drive.google.com/file/d/1k1Z3KpTng7K8qnMWEqVSh62KNCOnEmZa/preview,1k1Z3KpTng7K8qnMWEqVSh62KNCOnEmZa
79487,Czesci_zamienne_79487.pdf,DO ROZPOZNANIA,STHOR/LUND/FLO/VOREL?,Zakres 79xxx miesza kilka marek w dotychczasowych seedach.,79xxx,https://drive.google.com/file/d/1ewlH798OFiFFFyebLpU1hfvC8ZH57VzF/preview,1ewlH798OFiFFFyebLpU1hfvC8ZH57VzF
79493,Czesci_zamienne_79493.pdf,DO ROZPOZNANIA,STHOR/LUND/FLO/VOREL?,Zakres 79xxx miesza kilka marek w dotychczasowych seedach.,79xxx,https://drive.google.com/file/d/1fWpbgqkMtWXdvlknZMES0MyAjmvyp7Ss/preview,1fWpbgqkMtWXdvlknZMES0MyAjmvyp7Ss
79500,Czesci_zamienne_79500.pdf,DO ROZPOZNANIA,STHOR/LUND/FLO/VOREL?,Zakres 79xxx miesza kilka marek w dotychczasowych seedach.,79xxx,https://drive.google.com/file/d/1nubcwICBkz07C_Wz-38vvANbJwuWL10o/preview,1nubcwICBkz07C_Wz-38vvANbJwuWL10o
79725,Czesci_zamienne_79725.pdf,DO ROZPOZNANIA,STHOR/LUND/FLO/VOREL?,Zakres 79xxx miesza kilka marek w dotychczasowych seedach.,79xxx,https://drive.google.com/file/d/1wKITWq4Ha7rW5y47fObocPxkClfUsR8z/preview,1wKITWq4Ha7rW5y47fObocPxkClfUsR8z
79734,Czesci_zamienne_79734.pdf,DO ROZPOZNANIA,STHOR/LUND/FLO/VOREL?,Zakres 79xxx miesza kilka marek w dotychczasowych seedach.,79xxx,https://drive.google.com/file/d/1nqV36xlOegW408l_G2ibUmMd48mbWB2x/preview,1nqV36xlOegW408l_G2ibUmMd48mbWB2x
79771,Czesci_zamienne_79771.pdf,DO ROZPOZNANIA,STHOR/LUND/FLO/VOREL?,Zakres 79xxx miesza kilka marek w dotychczasowych seedach.,79xxx,https://drive.google.com/file/d/1v6HHKusS2bVzyVoyLkWSDQ9Ww5nUkh5F/preview,1v6HHKusS2bVzyVoyLkWSDQ9Ww5nUkh5F
79772,Czesci_zamienne_79772.pdf,DO ROZPOZNANIA,STHOR/LUND/FLO/VOREL?,Zakres 79xxx miesza kilka marek w dotychczasowych seedach.,79xxx,https://drive.google.com/file/d/1WT1VTL1x6T2bgnO-MI6jzGtdyvUoOfbU/preview,1WT1VTL1x6T2bgnO-MI6jzGtdyvUoOfbU
79773,Czesci_zamienne_79773.pdf,DO ROZPOZNANIA,STHOR/LUND/FLO/VOREL?,Zakres 79xxx miesza kilka marek w dotychczasowych seedach.,79xxx,https://drive.google.com/file/d/1smd8rPu_--juSynsaGy4U19aGvpnpfo5/preview,1smd8rPu_--juSynsaGy4U19aGvpnpfo5
79774,Czesci_zamienne_79774.pdf,DO ROZPOZNANIA,STHOR/LUND/FLO/VOREL?,Zakres 79xxx miesza kilka marek w dotychczasowych seedach.,79xxx,https://drive.google.com/file/d/1_eh_Gvk100ooD00oM2xJWUGkz2xpiBv5/preview,1_eh_Gvk100ooD00oM2xJWUGkz2xpiBv5
79775,Czesci_zamienne_79775.pdf,DO ROZPOZNANIA,STHOR/LUND/FLO/VOREL?,Zakres 79xxx miesza kilka marek w dotychczasowych seedach.,79xxx,https://drive.google.com/file/d/1ncrX6XI_f5ZTjfhQNjL0dxfGOD11OcGR/preview,1ncrX6XI_f5ZTjfhQNjL0dxfGOD11OcGR
79781,Czesci_zamienne_79781.pdf,DO ROZPOZNANIA,STHOR/LUND/FLO/VOREL?,Zakres 79xxx miesza kilka marek w dotychczasowych seedach.,79xxx,https://drive.google.com/file/d/1xGN5aXMLmBS9Oez5MaaDz4Cdbrxp7aGH/preview,1xGN5aXMLmBS9Oez5MaaDz4Cdbrxp7aGH
79782,Czesci_zamienne_79782.pdf,DO ROZPOZNANIA,STHOR/LUND/FLO/VOREL?,Zakres 79xxx miesza kilka marek w dotychczasowych seedach.,79xxx,https://drive.google.com/file/d/1B8exKPRSxus5LOozeySkp6hboiuiJVPR/preview,1B8exKPRSxus5LOozeySkp6hboiuiJVPR
79783,Czesci_zamienne_79783.pdf,DO ROZPOZNANIA,STHOR/LUND/FLO/VOREL?,Zakres 79xxx miesza kilka marek w dotychczasowych seedach.,79xxx,https://drive.google.com/file/d/156Om4VOz34PgcJbAl80bYQI2ZNex_N-5/preview,156Om4VOz34PgcJbAl80bYQI2ZNex_N-5
79790,Czesci_zamienne_79790.pdf,DO ROZPOZNANIA,STHOR/LUND/FLO/VOREL?,Zakres 79xxx miesza kilka marek w dotychczasowych seedach.,79xxx,https://drive.google.com/file/d/1-cJTp-3gLckuqYXUiF2nB5EN7_IV83bD/preview,1-cJTp-3gLckuqYXUiF2nB5EN7_IV83bD
79791,Czesci_zamienne_79791.pdf,DO ROZPOZNANIA,STHOR/LUND/FLO/VOREL?,Zakres 79xxx miesza kilka marek w dotychczasowych seedach.,79xxx,https://drive.google.com/file/d/1RDgSUx5QQp2iBZfM59QA83JSC3G3rX57/preview,1RDgSUx5QQp2iBZfM59QA83JSC3G3rX57
79792,Czesci_zamienne_79792.pdf,DO ROZPOZNANIA,STHOR/LUND/FLO/VOREL?,Zakres 79xxx miesza kilka marek w dotychczasowych seedach.,79xxx,https://drive.google.com/file/d/1hiYpSzaum14I5nN7Qx8PrjCFkIOtxLMA/preview,1hiYpSzaum14I5nN7Qx8PrjCFkIOtxLMA
79810,Czesci_zamienne_79810.pdf,DO ROZPOZNANIA,STHOR/LUND/FLO/VOREL?,Zakres 79xxx miesza kilka marek w dotychczasowych seedach.,79xxx,https://drive.google.com/file/d/1IGeuDJdRWyavHIa1DVgHL6b0Hp0N2sJj/preview,1IGeuDJdRWyavHIa1DVgHL6b0Hp0N2sJj
79811,Czesci_zamienne_79811.pdf,DO ROZPOZNANIA,STHOR/LUND/FLO/VOREL?,Zakres 79xxx miesza kilka marek w dotychczasowych seedach.,79xxx,https://drive.google.com/file/d/1SJDMOySuYdxbDbLqIsb3KFE5W3-Onh9u/preview,1SJDMOySuYdxbDbLqIsb3KFE5W3-Onh9u
79812,Czesci_zamienne_79812.pdf,DO ROZPOZNANIA,STHOR/LUND/FLO/VOREL?,Zakres 79xxx miesza kilka marek w dotychczasowych seedach.,79xxx,https://drive.google.com/file/d/1GnycDL-VaZz2jCzgpL-4QG66IcJOWjkB/preview,1GnycDL-VaZz2jCzgpL-4QG66IcJOWjkB
79880,Czesci_zamienne_79880.pdf,DO ROZPOZNANIA,STHOR/LUND/FLO/VOREL?,Zakres 79xxx miesza kilka marek w dotychczasowych seedach.,79xxx,https://drive.google.com/file/d/1tqVhbfpEXaDUlnHX7z-vswlXqFX7RSqY/preview,1tqVhbfpEXaDUlnHX7z-vswlXqFX7RSqY
79909,Czesci_zamienne_79909.pdf,DO ROZPOZNANIA,STHOR/LUND/FLO/VOREL?,Zakres 79xxx miesza kilka marek w dotychczasowych seedach.,79xxx,https://drive.google.com/file/d/19RR2Yg0-sIG9Ddz87ijj7MkXi0D_gBVj/preview,19RR2Yg0-sIG9Ddz87ijj7MkXi0D_gBVj
79926,Czesci_zamienne_79926.pdf,DO ROZPOZNANIA,STHOR/LUND/FLO/VOREL?,Zakres 79xxx miesza kilka marek w dotychczasowych seedach.,79xxx,https://drive.google.com/file/d/1Z0CtjRwIv7_PWZZUCA-QhM3JWiD91J6Q/preview,1Z0CtjRwIv7_PWZZUCA-QhM3JWiD91J6Q
79927,Czesci_zamienne_79927.pdf,DO ROZPOZNANIA,STHOR/LUND/FLO/VOREL?,Zakres 79xxx miesza kilka marek w dotychczasowych seedach.,79xxx,https://drive.google.com/file/d/12dl-f_wTgEsqLh3WEaxVrz4e05NPm7bk/preview,12dl-f_wTgEsqLh3WEaxVrz4e05NPm7bk
79928,Czesci_zamienne_79928.pdf,DO ROZPOZNANIA,STHOR/LUND/FLO/VOREL?,Zakres 79xxx miesza kilka marek w dotychczasowych seedach.,79xxx,https://drive.google.com/file/d/18R2EuJiu1myH467CO7hoPWik9aTXlPZb/preview,18R2EuJiu1myH467CO7hoPWik9aTXlPZb
79929,Czesci_zamienne_79929.pdf,DO ROZPOZNANIA,STHOR/LUND/FLO/VOREL?,Zakres 79xxx miesza kilka marek w dotychczasowych seedach.,79xxx,https://drive.google.com/file/d/1sMse9-Hat1pXyJLsCI78i6WatfxHZW2y/preview,1sMse9-Hat1pXyJLsCI78i6WatfxHZW2y
79930,Czesci_zamienne_79930.pdf,DO ROZPOZNANIA,STHOR/LUND/FLO/VOREL?,Zakres 79xxx miesza kilka marek w dotychczasowych seedach.,79xxx,https://drive.google.com/file/d/1bbdbBVwnVmB0uxvCftHiWYrpFRwkzo_t/preview,1bbdbBVwnVmB0uxvCftHiWYrpFRwkzo_t
79931,Czesci_zamienne_79931.pdf,DO ROZPOZNANIA,STHOR/LUND/FLO/VOREL?,Zakres 79xxx miesza kilka marek w dotychczasowych seedach.,79xxx,https://drive.google.com/file/d/1KWHeijyDAMVRWAliXZ2srYn5-pRLVufz/preview,1KWHeijyDAMVRWAliXZ2srYn5-pRLVufz
79932,Czesci_zamienne_79932.pdf,DO ROZPOZNANIA,STHOR/LUND/FLO/VOREL?,Zakres 79xxx miesza kilka marek w dotychczasowych seedach.,79xxx,https://drive.google.com/file/d/1o3MHIi2kYB80jeU1wifA0zsdVt-2oFoz/preview,1o3MHIi2kYB80jeU1wifA0zsdVt-2oFoz
79933,Czesci_zamienne_79933.pdf,DO ROZPOZNANIA,STHOR/LUND/FLO/VOREL?,Zakres 79xxx miesza kilka marek w dotychczasowych seedach.,79xxx,https://drive.google.com/file/d/1gd9Nz54nKpiQYpjyilawfaqsIDPyG2Oo/preview,1gd9Nz54nKpiQYpjyilawfaqsIDPyG2Oo
79943,Czesci_zamienne_79943.pdf,DO ROZPOZNANIA,STHOR/LUND/FLO/VOREL?,Zakres 79xxx miesza kilka marek w dotychczasowych seedach.,79xxx,https://drive.google.com/file/d/1_kM_xNTFmQWoJiuDh8kBIVUQtceZBmEy/preview,1_kM_xNTFmQWoJiuDh8kBIVUQtceZBmEy
79944,Czesci_zamienne_79944.pdf,DO ROZPOZNANIA,STHOR/LUND/FLO/VOREL?,Zakres 79xxx miesza kilka marek w dotychczasowych seedach.,79xxx,https://drive.google.com/file/d/1kBFEIljyiJlOkw-TJFXR84H3Ah79VCb5/preview,1kBFEIljyiJlOkw-TJFXR84H3Ah79VCb5
80012,Czesci_zamienne_80012.pdf,DO ROZPOZNANIA,,,80xxx,https://drive.google.com/file/d/1RtbNKhjVYmI-0Uso4DctNrE7kYv8B_6j/preview,1RtbNKhjVYmI-0Uso4DctNrE7kYv8B_6j
80022,Czesci_zamienne_80022.pdf,DO ROZPOZNANIA,,,80xxx,https://drive.google.com/file/d/1NL0ZhypuI3CUYEwQ3nQl_EspbzZrXZYg/preview,1NL0ZhypuI3CUYEwQ3nQl_EspbzZrXZYg
80032,Czesci_zamienne_80032.pdf,DO ROZPOZNANIA,,,80xxx,https://drive.google.com/file/d/1hTH0QdGeWrAK3iRa7jBvZzHq3gAwZGJR/preview,1hTH0QdGeWrAK3iRa7jBvZzHq3gAwZGJR
80042,Czesci_zamienne_80042.pdf,DO ROZPOZNANIA,,,80xxx,https://drive.google.com/file/d/1RPaMXt4JnFsUHRqAqe8qxgNDpi305tfF/preview,1RPaMXt4JnFsUHRqAqe8qxgNDpi305tfF
80052,Czesci_zamienne_80052.pdf,DO ROZPOZNANIA,,,80xxx,https://drive.google.com/file/d/1OwAs6tnvieFF6ytDAYl9b82r23RhlbMl/preview,1OwAs6tnvieFF6ytDAYl9b82r23RhlbMl
80062,Czesci_zamienne_80062.pdf,DO ROZPOZNANIA,,,80xxx,https://drive.google.com/file/d/1ngoh6c_TNP9PYSntpTRufBBOIZddqdi4/preview,1ngoh6c_TNP9PYSntpTRufBBOIZddqdi4
80072,Czesci_zamienne_80072.pdf,DO ROZPOZNANIA,,,80xxx,https://drive.google.com/file/d/1HCQH_n7zdw0rmp6NW7ipwNcv1Fsdjd3n/preview,1HCQH_n7zdw0rmp6NW7ipwNcv1Fsdjd3n
80082,Czesci_zamienne_80082.pdf,DO ROZPOZNANIA,,,80xxx,https://drive.google.com/file/d/18Rpu2Lt-VK2YrDs5m98jMmkBIAgqhMmN/preview,18Rpu2Lt-VK2YrDs5m98jMmkBIAgqhMmN
80111,Czesci_zamienne_80111.pdf,DO ROZPOZNANIA,,,80xxx,https://drive.google.com/file/d/14F0go5i4zJdwmIC43xzfGlVeLwGwKfU5/preview,14F0go5i4zJdwmIC43xzfGlVeLwGwKfU5
80220,Czesci_zamienne_80220.pdf,DO ROZPOZNANIA,,,80xxx,https://drive.google.com/file/d/1s_ijsK1TE0gk22jFWiwM4PbGhEBUsWZ-/preview,1s_ijsK1TE0gk22jFWiwM4PbGhEBUsWZ-
80330,Czesci_zamienne_80330.pdf,DO ROZPOZNANIA,,,80xxx,https://drive.google.com/file/d/1AYOMm5SlFuRG58nmvYsTbbUtcUZXCoaS/preview,1AYOMm5SlFuRG58nmvYsTbbUtcUZXCoaS
80340,Czesci_zamienne_80340.pdf,DO ROZPOZNANIA,,,80xxx,https://drive.google.com/file/d/1OkG0Rw0fb-LYn4uMjX4KuUlIDnSrzbJd/preview,1OkG0Rw0fb-LYn4uMjX4KuUlIDnSrzbJd
80350,Czesci_zamienne_80350.pdf,DO ROZPOZNANIA,,,80xxx,https://drive.google.com/file/d/1FRUBYIQ-4PPQ8RKusszoSrt1nOTND5I2/preview,1FRUBYIQ-4PPQ8RKusszoSrt1nOTND5I2
80412,Czesci_zamienne_80412.pdf,DO ROZPOZNANIA,,,80xxx,https://drive.google.com/file/d/1YFFEvIFDvbdyBGQs-jT3Vc5kCgTJofWq/preview,1YFFEvIFDvbdyBGQs-jT3Vc5kCgTJofWq
80450,Czesci_zamienne_80450.pdf,DO ROZPOZNANIA,,,80xxx,https://drive.google.com/file/d/19CInMFUNUxfd2UIICr0jgrvxW89tiGeY/preview,19CInMFUNUxfd2UIICr0jgrvxW89tiGeY
80902,Czesci_zamienne_80902.pdf,DO ROZPOZNANIA,,,80xxx,https://drive.google.com/file/d/1RHfPOPZnGalzqo2VHgGLjZviV8ekhJyq/preview,1RHfPOPZnGalzqo2VHgGLjZviV8ekhJyq
80970,Czesci_zamienne_80970.pdf,DO ROZPOZNANIA,,,80xxx,https://drive.google.com/file/d/1zeNz-U4QxNr56jVF_emsTF5f3dASnHtZ/preview,1zeNz-U4QxNr56jVF_emsTF5f3dASnHtZ
81070,Czesci_zamienne_81070.pdf,DO ROZPOZNANIA,,,81xxx,https://drive.google.com/file/d/1MjKZR_dH_vh--FcAhZ88RhnWegCo3ndR/preview,1MjKZR_dH_vh--FcAhZ88RhnWegCo3ndR
81101,Czesci_zamienne_81101.pdf,DO ROZPOZNANIA,,,81xxx,https://drive.google.com/file/d/1WVKdX7vVhkAZCVQmBuZTUxok744T9SzZ/preview,1WVKdX7vVhkAZCVQmBuZTUxok744T9SzZ
81110,Czesci_zamienne_81110.pdf,DO ROZPOZNANIA,,,81xxx,https://drive.google.com/file/d/18qdLxx3FgPmtcSzF_w5QZ7-g4WhEiQTA/preview,18qdLxx3FgPmtcSzF_w5QZ7-g4WhEiQTA
81617,Czesci_zamienne_81617.pdf,DO ROZPOZNANIA,,,81xxx,https://drive.google.com/file/d/1MEZUEU2CFiEwbUEkbJiOridfTQTUFZTt/preview,1MEZUEU2CFiEwbUEkbJiOridfTQTUFZTt
81618,Czesci_zamienne_81618.pdf,DO ROZPOZNANIA,,,81xxx,https://drive.google.com/file/d/1qYYmz2xhBHVQ-DHJ41AlkbZpSrplSf7y/preview,1qYYmz2xhBHVQ-DHJ41AlkbZpSrplSf7y
82541,Czesci_zamienne_82541.pdf,DO ROZPOZNANIA,YATO?,"Zakres 82/828 często występuje z YT, ale tu brak jednoznacznego prefiksu.",82xxx,https://drive.google.com/file/d/1zfWx0MJ3xCsAuZQQc3I_QwkigdGidDOY/preview,1zfWx0MJ3xCsAuZQQc3I_QwkigdGidDOY
82542,Czesci_zamienne_82542.pdf,DO ROZPOZNANIA,YATO?,"Zakres 82/828 często występuje z YT, ale tu brak jednoznacznego prefiksu.",82xxx,https://drive.google.com/file/d/1Y8O7FxXgloQ_1KWT4eyBKX34YlB_CxL6/preview,1Y8O7FxXgloQ_1KWT4eyBKX34YlB_CxL6
82543,Czesci_zamienne_82543.pdf,DO ROZPOZNANIA,YATO?,"Zakres 82/828 często występuje z YT, ale tu brak jednoznacznego prefiksu.",82xxx,https://drive.google.com/file/d/1kzbRsvmMJfxv9qw4T0plqbl5YcKFyW-v/preview,1kzbRsvmMJfxv9qw4T0plqbl5YcKFyW-v
82544,Czesci_zamienne_82544.pdf,DO ROZPOZNANIA,YATO?,"Zakres 82/828 często występuje z YT, ale tu brak jednoznacznego prefiksu.",82xxx,https://drive.google.com/file/d/1pboO_FgVimfUro1pNIDXi42wMEBI24up/preview,1pboO_FgVimfUro1pNIDXi42wMEBI24up
82550,Czesci_zamienne_82550.pdf,DO ROZPOZNANIA,YATO?,"Zakres 82/828 często występuje z YT, ale tu brak jednoznacznego prefiksu.",82xxx,https://drive.google.com/file/d/1xsh5WileFORPsM4QWVT5rX5uLCAVCACP/preview,1xsh5WileFORPsM4QWVT5rX5uLCAVCACP
82942,Czesci_zamienne_82942.pdf,DO ROZPOZNANIA,YATO?,"Zakres 82/828 często występuje z YT, ale tu brak jednoznacznego prefiksu.",82xxx,https://drive.google.com/file/d/1MU9WFhZb43-Pqw6WcA9F_wxG_kbzc2al/preview,1MU9WFhZb43-Pqw6WcA9F_wxG_kbzc2al
89610,Czesci_zamienne_89610.pdf,DO ROZPOZNANIA,,,89xxx,https://drive.google.com/file/d/1XniPEjzzU1azP3O9x2UbKnw3NL5YT4GJ/preview,1XniPEjzzU1azP3O9x2UbKnw3NL5YT4GJ
89611,Czesci_zamienne_89611.pdf,DO ROZPOZNANIA,,,89xxx,https://drive.google.com/file/d/1TNhVKzYFHwTWdiYpWqmBI1un73Kru6FM/preview,1TNhVKzYFHwTWdiYpWqmBI1un73Kru6FM
99657,Czesci_zamienne_99657.pdf,DO ROZPOZNANIA,,,99xxx,https://drive.google.com/file/d/1NVuclcuKEmkA33zyrZ9dtb0dr-Bq1v0-/preview,1NVuclcuKEmkA33zyrZ9dtb0dr-Bq1v0-
99658,Czesci_zamienne_99658.pdf,DO ROZPOZNANIA,,,99xxx,https://drive.google.com/file/d/1Ky2jc2BxCFPZYMojzyZMIZfOgK-nOLzA/preview,1Ky2jc2BxCFPZYMojzyZMIZfOgK-nOLzA
