fileId,model,brand,fileName,currentTitle,needsTitle,needsParts,drawingId,viewerUrl,openUrl
160OFy9Bo1-hscX8yz_zLNyPCJreLfqi_,79106,LUND,Czesci_zamienne_79106.pdf,79106 — rysunek części LUND (PDF Drive),False,True,9b6f6e6a5e4e237f,https://drive.google.com/file/d/160OFy9Bo1-hscX8yz_zLNyPCJreLfqi_/preview,https://drive.google.com/file/d/160OFy9Bo1-hscX8yz_zLNyPCJreLfqi_/view
13h5yw0iIUuS1mWwRce2L0_iXrKnWtvL8,79098,LUND,Czesci_zamienne_79098.pdf,79098 — rysunek części LUND (PDF Drive),False,True,4c899d0fa918a397,https://drive.google.com/file/d/13h5yw0iIUuS1mWwRce2L0_iXrKnWtvL8/preview,https://drive.google.com/file/d/13h5yw0iIUuS1mWwRce2L0_iXrKnWtvL8/view
1K5ErBbwCA0d7TZ9pDKu3fhRC_SSIIIeG,79096,LUND,Czesci_zamienne_79096.pdf,79096 — rysunek części LUND (PDF Drive),False,True,2e8b38326660225c,https://drive.google.com/file/d/1K5ErBbwCA0d7TZ9pDKu3fhRC_SSIIIeG/preview,https://drive.google.com/file/d/1K5ErBbwCA0d7TZ9pDKu3fhRC_SSIIIeG/view
1tqE-_TBiUPGOPfgb0tANJE8ZW75npZqK,79024,LUND,Czesci_zamienne_79024.pdf,79024 — rysunek części LUND (PDF Drive),False,True,4d16f8234839175c,https://drive.google.com/file/d/1tqE-_TBiUPGOPfgb0tANJE8ZW75npZqK/preview,https://drive.google.com/file/d/1tqE-_TBiUPGOPfgb0tANJE8ZW75npZqK/view
1QFjDcOKcVO1RuFhU-5jb8vQLpIe8d0Ob,79004,LUND,Czesci_zamienne_79004.pdf,79004 — rysunek części LUND (PDF Drive),False,True,c922d1e18d0f5ccc,https://drive.google.com/file/d/1QFjDcOKcVO1RuFhU-5jb8vQLpIe8d0Ob/preview,https://drive.google.com/file/d/1QFjDcOKcVO1RuFhU-5jb8vQLpIe8d0Ob/view
1D636X69gLB38HaCUMzGMqQfYxohWIBQt,73060,LUND,Czesci_zamienne_73060.pdf,73060 — rysunek części LUND (PDF Drive),False,True,de325d867d027ad2,https://drive.google.com/file/d/1D636X69gLB38HaCUMzGMqQfYxohWIBQt/preview,https://drive.google.com/file/d/1D636X69gLB38HaCUMzGMqQfYxohWIBQt/view
136cRXR5QK5k7Uan2vatjIqPSvdyESAd_,79354,STHOR,Czesci_zamienne_79354.pdf,79354 — rysunek części STHOR (PDF Drive),False,True,b73069310d955f7c,https://drive.google.com/file/d/136cRXR5QK5k7Uan2vatjIqPSvdyESAd_/preview,https://drive.google.com/file/d/136cRXR5QK5k7Uan2vatjIqPSvdyESAd_/view
1DAJGp-Aulimf-yuUbR0e7WbAp-NaCaTS,79151,STHOR,Czesci_zamienne_79151.pdf,79151 — rysunek części STHOR (PDF Drive),False,True,97af5268fc6c514e,https://drive.google.com/file/d/1DAJGp-Aulimf-yuUbR0e7WbAp-NaCaTS/preview,https://drive.google.com/file/d/1DAJGp-Aulimf-yuUbR0e7WbAp-NaCaTS/view
1V16kpJUdUHdMtpy6dov0ewvlm2bP8Vkp,79140,STHOR,Czesci_zamienne_79140.pdf,79140 — rysunek części STHOR (PDF Drive),False,True,c14f16f0ee7dd12d,https://drive.google.com/file/d/1V16kpJUdUHdMtpy6dov0ewvlm2bP8Vkp/preview,https://drive.google.com/file/d/1V16kpJUdUHdMtpy6dov0ewvlm2bP8Vkp/view
1Ln8feT8aVnt33zxx4Z4mICsRZncIFcbP,79119,STHOR,Czesci_zamienne_79119.pdf,79119 — rysunek części STHOR (PDF Drive),False,True,31525d85c5e69e89,https://drive.google.com/file/d/1Ln8feT8aVnt33zxx4Z4mICsRZncIFcbP/preview,https://drive.google.com/file/d/1Ln8feT8aVnt33zxx4Z4mICsRZncIFcbP/view
1lxucq8Ws37ldD107Ge8DVn2dOfat2D_4,79108,STHOR,Czesci_zamienne_79108.pdf,79108 — rysunek części STHOR (PDF Drive),False,True,d898cd04df43fef8,https://drive.google.com/file/d/1lxucq8Ws37ldD107Ge8DVn2dOfat2D_4/preview,https://drive.google.com/file/d/1lxucq8Ws37ldD107Ge8DVn2dOfat2D_4/view
1H0FiaXuSgiw4FIkBp5sbkhWJiu7RmMOK,79030,STHOR,Czesci_zamienne_79030.pdf,79030 — rysunek części STHOR (PDF Drive),False,True,b41a9b033255191b,https://drive.google.com/file/d/1H0FiaXuSgiw4FIkBp5sbkhWJiu7RmMOK/preview,https://drive.google.com/file/d/1H0FiaXuSgiw4FIkBp5sbkhWJiu7RmMOK/view
1xGORqr7JyddiBNWaZigBRYbMZPROm0HU,79005,STHOR,Czesci_zamienne_79005.pdf,79005 — rysunek części STHOR (PDF Drive),False,True,9ff622905c0e0bf0,https://drive.google.com/file/d/1xGORqr7JyddiBNWaZigBRYbMZPROm0HU/preview,https://drive.google.com/file/d/1xGORqr7JyddiBNWaZigBRYbMZPROm0HU/view
1sL5QnhyU06Zz6LvaVbOUaN5cLJpQZxeh,79095,STHOR,Czesci_zamienne_79095.pdf,79095 — rysunek części STHOR (PDF Drive),False,True,c481453521a743e6,https://drive.google.com/file/d/1sL5QnhyU06Zz6LvaVbOUaN5cLJpQZxeh/preview,https://drive.google.com/file/d/1sL5QnhyU06Zz6LvaVbOUaN5cLJpQZxeh/view
1DhOG_4gCUYlp-nRedfJTSnpNRrHqhzkp,79467,FLO,Czesci_zamienne_79467.pdf,79467 — rysunek części FLO (PDF Drive),False,True,caa34e59e7c54ed8,https://drive.google.com/file/d/1DhOG_4gCUYlp-nRedfJTSnpNRrHqhzkp/preview,https://drive.google.com/file/d/1DhOG_4gCUYlp-nRedfJTSnpNRrHqhzkp/view
12qH9x3tYNs3DIFmNCtaAEEy0ZWOsFS1-,79444,FLO,Czesci_zamienne_79444.pdf,79444 — rysunek części FLO (PDF Drive),False,True,6b227d3893723f76,https://drive.google.com/file/d/12qH9x3tYNs3DIFmNCtaAEEy0ZWOsFS1-/preview,https://drive.google.com/file/d/12qH9x3tYNs3DIFmNCtaAEEy0ZWOsFS1-/view
1NPH3NzaWCBqb-tvl-iVxboUvbgtUM4VU,09903,VOREL,Czesci_zamienne_09903.pdf,09903,True,True,drive-1NPH3NzaWCBqb-tvl-iVxboUvbgtUM4VU-09903,https://drive.google.com/file/d/1NPH3NzaWCBqb-tvl-iVxboUvbgtUM4VU/preview,https://drive.google.com/file/d/1NPH3NzaWCBqb-tvl-iVxboUvbgtUM4VU/view?usp=drivesdk
1T_QyAsRP7bnmqgemHscfZSE_yEGQgzag,53575,VOREL,Czesci_zamienne_53575.pdf,"53575 — GRZECHOTKA POWLEKANA WYGIĘTA 1/4""",False,True,drive-1T_QyAsRP7bnmqgemHscfZSE_yEGQgzag-53575,https://drive.google.com/file/d/1T_QyAsRP7bnmqgemHscfZSE_yEGQgzag/preview,https://drive.google.com/file/d/1T_QyAsRP7bnmqgemHscfZSE_yEGQgzag/view?usp=drivesdk
1J10V-Rk0eUhTxQBcQUf1SC-bxLzttNNR,53576,VOREL,Czesci_zamienne_53576.pdf,53576,True,True,drive-1J10V-Rk0eUhTxQBcQUf1SC-bxLzttNNR-53576,https://drive.google.com/file/d/1J10V-Rk0eUhTxQBcQUf1SC-bxLzttNNR/preview,https://drive.google.com/file/d/1J10V-Rk0eUhTxQBcQUf1SC-bxLzttNNR/view?usp=drivesdk
14PsZpejlD1RixKkVJUERbuE_vBGfZIsY,53577,VOREL,Czesci_zamienne_53577.pdf,53577,True,True,drive-14PsZpejlD1RixKkVJUERbuE_vBGfZIsY-53577,https://drive.google.com/file/d/14PsZpejlD1RixKkVJUERbuE_vBGfZIsY/preview,https://drive.google.com/file/d/14PsZpejlD1RixKkVJUERbuE_vBGfZIsY/view?usp=drivesdk
1JUKLN0OQQxbjKOA0PQ2Up0E57cbYQCnn,55820,VOREL,Czesci_zamienne_55820.pdf,55820,True,True,drive-1JUKLN0OQQxbjKOA0PQ2Up0E57cbYQCnn-55820,https://drive.google.com/file/d/1JUKLN0OQQxbjKOA0PQ2Up0E57cbYQCnn/preview,https://drive.google.com/file/d/1JUKLN0OQQxbjKOA0PQ2Up0E57cbYQCnn/view?usp=drivesdk
1Rj8GZ-VLD95gVaa4j696ECsp_2K_3qrg,57090,VOREL,Czesci_zamienne_57090.pdf,57090,True,True,drive-1Rj8GZ-VLD95gVaa4j696ECsp_2K_3qrg-57090,https://drive.google.com/file/d/1Rj8GZ-VLD95gVaa4j696ECsp_2K_3qrg/preview,https://drive.google.com/file/d/1Rj8GZ-VLD95gVaa4j696ECsp_2K_3qrg/view?usp=drivesdk
1SdZQbdqrPFxdfYLCSQB74EpOhvFxK_gr,57091,VOREL,Czesci_zamienne_57091.pdf,57091,True,True,drive-1SdZQbdqrPFxdfYLCSQB74EpOhvFxK_gr-57091,https://drive.google.com/file/d/1SdZQbdqrPFxdfYLCSQB74EpOhvFxK_gr/preview,https://drive.google.com/file/d/1SdZQbdqrPFxdfYLCSQB74EpOhvFxK_gr/view?usp=drivesdk
1rnAxKhMG0lMOmFKR_TcdqogQbei4I2_-,57092,VOREL,Czesci_zamienne_57092.pdf,57092,True,True,drive-1rnAxKhMG0lMOmFKR_TcdqogQbei4I2_--57092,https://drive.google.com/file/d/1rnAxKhMG0lMOmFKR_TcdqogQbei4I2_-/preview,https://drive.google.com/file/d/1rnAxKhMG0lMOmFKR_TcdqogQbei4I2_-/view?usp=drivesdk
1COR6mCvljmLN7oB5XDiNHLAhiVwBJ04t,57097,VOREL,Czesci_zamienne_57097.pdf,57097,True,True,drive-1COR6mCvljmLN7oB5XDiNHLAhiVwBJ04t-57097,https://drive.google.com/file/d/1COR6mCvljmLN7oB5XDiNHLAhiVwBJ04t/preview,https://drive.google.com/file/d/1COR6mCvljmLN7oB5XDiNHLAhiVwBJ04t/view?usp=drivesdk
1MQp9dvFcsCCCTUeNKjX_42-BUgkxhdET,58539,VOREL,Czesci_zamienne_58539.pdf,58539,True,True,drive-1MQp9dvFcsCCCTUeNKjX_42-BUgkxhdET-58539,https://drive.google.com/file/d/1MQp9dvFcsCCCTUeNKjX_42-BUgkxhdET/preview,https://drive.google.com/file/d/1MQp9dvFcsCCCTUeNKjX_42-BUgkxhdET/view?usp=drivesdk
1SDOTmNQKcZQ2JFNJbyTCZcFWZQPqdU7-,58540,VOREL,Czesci_zamienne_58540.pdf,58540,True,True,drive-1SDOTmNQKcZQ2JFNJbyTCZcFWZQPqdU7--58540,https://drive.google.com/file/d/1SDOTmNQKcZQ2JFNJbyTCZcFWZQPqdU7-/preview,https://drive.google.com/file/d/1SDOTmNQKcZQ2JFNJbyTCZcFWZQPqdU7-/view?usp=drivesdk
1qUNF-uKfo4-BcqNuLf0sAgPxig6sA5ll,58550,VOREL,Czesci_zamienne_58550.pdf,58550,True,True,drive-1qUNF-uKfo4-BcqNuLf0sAgPxig6sA5ll-58550,https://drive.google.com/file/d/1qUNF-uKfo4-BcqNuLf0sAgPxig6sA5ll/preview,https://drive.google.com/file/d/1qUNF-uKfo4-BcqNuLf0sAgPxig6sA5ll/view?usp=drivesdk
1PGm9nPRRjXyipT-KN2_F3WQrwQDUxvLB,58643,VOREL,Czesci_zamienne_58643.pdf,58643,True,True,drive-1PGm9nPRRjXyipT-KN2_F3WQrwQDUxvLB-58643,https://drive.google.com/file/d/1PGm9nPRRjXyipT-KN2_F3WQrwQDUxvLB/preview,https://drive.google.com/file/d/1PGm9nPRRjXyipT-KN2_F3WQrwQDUxvLB/view?usp=drivesdk
1dwqu1515cLCuUrCIL0TPdtKwjB9LX-It,58661,VOREL,Czesci_zamienne_58661.pdf,58661,True,True,drive-1dwqu1515cLCuUrCIL0TPdtKwjB9LX-It-58661,https://drive.google.com/file/d/1dwqu1515cLCuUrCIL0TPdtKwjB9LX-It/preview,https://drive.google.com/file/d/1dwqu1515cLCuUrCIL0TPdtKwjB9LX-It/view?usp=drivesdk
1M3nXDc65ZuZr-5CAhJU8fmenwtpuF-NY,58687,VOREL,Czesci_zamienne_58687.pdf,58687,True,True,drive-1M3nXDc65ZuZr-5CAhJU8fmenwtpuF-NY-58687,https://drive.google.com/file/d/1M3nXDc65ZuZr-5CAhJU8fmenwtpuF-NY/preview,https://drive.google.com/file/d/1M3nXDc65ZuZr-5CAhJU8fmenwtpuF-NY/view?usp=drivesdk
1KAmL4SD6Ig8B-MtkWiX2eJ3w8ox-1WCG,58689,VOREL,Czesci_zamienne_58689.pdf,58689,True,True,drive-1KAmL4SD6Ig8B-MtkWiX2eJ3w8ox-1WCG-58689,https://drive.google.com/file/d/1KAmL4SD6Ig8B-MtkWiX2eJ3w8ox-1WCG/preview,https://drive.google.com/file/d/1KAmL4SD6Ig8B-MtkWiX2eJ3w8ox-1WCG/view?usp=drivesdk
17tYf5Tdd0Q5Awd0pQyqTwTs6fKzfRrqI,58690,VOREL,Czesci_zamienne_58690.pdf,58690,True,True,drive-17tYf5Tdd0Q5Awd0pQyqTwTs6fKzfRrqI-58690,https://drive.google.com/file/d/17tYf5Tdd0Q5Awd0pQyqTwTs6fKzfRrqI/preview,https://drive.google.com/file/d/17tYf5Tdd0Q5Awd0pQyqTwTs6fKzfRrqI/view?usp=drivesdk
1I-6Te_me8dQc1UbV2iL89vtzsIoCQZjT,58691,VOREL,Czesci_zamienne_58691.pdf,58691,True,True,drive-1I-6Te_me8dQc1UbV2iL89vtzsIoCQZjT-58691,https://drive.google.com/file/d/1I-6Te_me8dQc1UbV2iL89vtzsIoCQZjT/preview,https://drive.google.com/file/d/1I-6Te_me8dQc1UbV2iL89vtzsIoCQZjT/view?usp=drivesdk
10Jj2yy8sH8rRUwSpbS6gkYr36wbPgnp3,58700,VOREL,Czesci_zamienne_58700.pdf,58700,True,True,drive-10Jj2yy8sH8rRUwSpbS6gkYr36wbPgnp3-58700,https://drive.google.com/file/d/10Jj2yy8sH8rRUwSpbS6gkYr36wbPgnp3/preview,https://drive.google.com/file/d/10Jj2yy8sH8rRUwSpbS6gkYr36wbPgnp3/view?usp=drivesdk
1xgcDNcn79EJMvpvY5X6bL6IltMM3mqbA,66841,LUND,Czesci_zamienne_66841.pdf,66841,True,True,drive-1xgcDNcn79EJMvpvY5X6bL6IltMM3mqbA-66841,https://drive.google.com/file/d/1xgcDNcn79EJMvpvY5X6bL6IltMM3mqbA/preview,https://drive.google.com/file/d/1xgcDNcn79EJMvpvY5X6bL6IltMM3mqbA/view?usp=drivesdk
1iq1gaWAa_96oN-42tAYWEa96d5tfwehh,66842,LUND,Czesci_zamienne_66842.pdf,66842,True,True,drive-1iq1gaWAa_96oN-42tAYWEa96d5tfwehh-66842,https://drive.google.com/file/d/1iq1gaWAa_96oN-42tAYWEa96d5tfwehh/preview,https://drive.google.com/file/d/1iq1gaWAa_96oN-42tAYWEa96d5tfwehh/view?usp=drivesdk
1pv4v9x5dqIic2uNdH5j3U8NHUYQw9KW9,66930,LUND,Czesci_zamienne_66930.pdf,66930,True,True,drive-1pv4v9x5dqIic2uNdH5j3U8NHUYQw9KW9-66930,https://drive.google.com/file/d/1pv4v9x5dqIic2uNdH5j3U8NHUYQw9KW9/preview,https://drive.google.com/file/d/1pv4v9x5dqIic2uNdH5j3U8NHUYQw9KW9/view?usp=drivesdk
1L0AX6fm3QmjQ6V9twk4pUKPJ7myX3mkR,66932,LUND,Czesci_zamienne_66932.pdf,66932,True,True,drive-1L0AX6fm3QmjQ6V9twk4pUKPJ7myX3mkR-66932,https://drive.google.com/file/d/1L0AX6fm3QmjQ6V9twk4pUKPJ7myX3mkR/preview,https://drive.google.com/file/d/1L0AX6fm3QmjQ6V9twk4pUKPJ7myX3mkR/view?usp=drivesdk
1fqCeZsLhMXTZUVciY_38lXzyVy9mWARr,66934,LUND,Czesci_zamienne_66934.pdf,66934,True,True,drive-1fqCeZsLhMXTZUVciY_38lXzyVy9mWARr-66934,https://drive.google.com/file/d/1fqCeZsLhMXTZUVciY_38lXzyVy9mWARr/preview,https://drive.google.com/file/d/1fqCeZsLhMXTZUVciY_38lXzyVy9mWARr/view?usp=drivesdk
1uhaX527zQXfyaObltYMsMsvLOuSGs840,66936,LUND,Czesci_zamienne_66936.pdf,66936,True,True,drive-1uhaX527zQXfyaObltYMsMsvLOuSGs840-66936,https://drive.google.com/file/d/1uhaX527zQXfyaObltYMsMsvLOuSGs840/preview,https://drive.google.com/file/d/1uhaX527zQXfyaObltYMsMsvLOuSGs840/view?usp=drivesdk
19JjxFxnDLYuIk1NbGuJbQAW3PPCdsQYm,66940,LUND,Czesci_zamienne_66940.pdf,66940,True,True,drive-19JjxFxnDLYuIk1NbGuJbQAW3PPCdsQYm-66940,https://drive.google.com/file/d/19JjxFxnDLYuIk1NbGuJbQAW3PPCdsQYm/preview,https://drive.google.com/file/d/19JjxFxnDLYuIk1NbGuJbQAW3PPCdsQYm/view?usp=drivesdk
15vWhtzFDm3ySW1shw3PLRCxBHXBYB4PK,66950,LUND,Czesci_zamienne_66950.pdf,66950,True,True,drive-15vWhtzFDm3ySW1shw3PLRCxBHXBYB4PK-66950,https://drive.google.com/file/d/15vWhtzFDm3ySW1shw3PLRCxBHXBYB4PK/preview,https://drive.google.com/file/d/15vWhtzFDm3ySW1shw3PLRCxBHXBYB4PK/view?usp=drivesdk
19vXAwB4N_7ZCyoXn5Ds3bqDr4ZD8KZzq,67026,LUND,Czesci_zamienne_67026.pdf,67026,True,True,drive-19vXAwB4N_7ZCyoXn5Ds3bqDr4ZD8KZzq-67026,https://drive.google.com/file/d/19vXAwB4N_7ZCyoXn5Ds3bqDr4ZD8KZzq/preview,https://drive.google.com/file/d/19vXAwB4N_7ZCyoXn5Ds3bqDr4ZD8KZzq/view?usp=drivesdk
1bNeDN9j0wxqLaPp82XaSTJEDj6rqQzs3,67032,LUND,Czesci_zamienne_67032.pdf,67032,True,True,drive-1bNeDN9j0wxqLaPp82XaSTJEDj6rqQzs3-67032,https://drive.google.com/file/d/1bNeDN9j0wxqLaPp82XaSTJEDj6rqQzs3/preview,https://drive.google.com/file/d/1bNeDN9j0wxqLaPp82XaSTJEDj6rqQzs3/view?usp=drivesdk
1jdo0kJQvoONEiBl8F0uURd4cRrE6Rp9a,67033,LUND,Czesci_zamienne_67033.pdf,67033,True,True,drive-1jdo0kJQvoONEiBl8F0uURd4cRrE6Rp9a-67033,https://drive.google.com/file/d/1jdo0kJQvoONEiBl8F0uURd4cRrE6Rp9a/preview,https://drive.google.com/file/d/1jdo0kJQvoONEiBl8F0uURd4cRrE6Rp9a/view?usp=drivesdk
1Tie2PNeQSfDNL44ymrVTpHSTX9ibE9Bn,67034,LUND,Czesci_zamienne_67034.pdf,67034,True,True,drive-1Tie2PNeQSfDNL44ymrVTpHSTX9ibE9Bn-67034,https://drive.google.com/file/d/1Tie2PNeQSfDNL44ymrVTpHSTX9ibE9Bn/preview,https://drive.google.com/file/d/1Tie2PNeQSfDNL44ymrVTpHSTX9ibE9Bn/view?usp=drivesdk
14WCUhH1H_KPdEA7loRkMULL5ky81RfjS,67090,LUND,Czesci_zamienne_67090.pdf,67090,True,True,drive-14WCUhH1H_KPdEA7loRkMULL5ky81RfjS-67090,https://drive.google.com/file/d/14WCUhH1H_KPdEA7loRkMULL5ky81RfjS/preview,https://drive.google.com/file/d/14WCUhH1H_KPdEA7loRkMULL5ky81RfjS/view?usp=drivesdk
1TEVNQLD2nBlq59C8ifhx4CCY6dAm9KHV,67091,LUND,Czesci_zamienne_67091.pdf,67091,True,True,drive-1TEVNQLD2nBlq59C8ifhx4CCY6dAm9KHV-67091,https://drive.google.com/file/d/1TEVNQLD2nBlq59C8ifhx4CCY6dAm9KHV/preview,https://drive.google.com/file/d/1TEVNQLD2nBlq59C8ifhx4CCY6dAm9KHV/view?usp=drivesdk
17yqyOAsQzQibGCNYcZ6cJ6VAWBPaBTGb,67092,LUND,Czesci_zamienne_67092.pdf,67092,True,True,drive-17yqyOAsQzQibGCNYcZ6cJ6VAWBPaBTGb-67092,https://drive.google.com/file/d/17yqyOAsQzQibGCNYcZ6cJ6VAWBPaBTGb/preview,https://drive.google.com/file/d/17yqyOAsQzQibGCNYcZ6cJ6VAWBPaBTGb/view?usp=drivesdk
1Bls_G_AkABNpeTVRY_thcuuQS8m_tPQo,67110,LUND,Czesci_zamienne_67110.pdf,67110,True,True,drive-1Bls_G_AkABNpeTVRY_thcuuQS8m_tPQo-67110,https://drive.google.com/file/d/1Bls_G_AkABNpeTVRY_thcuuQS8m_tPQo/preview,https://drive.google.com/file/d/1Bls_G_AkABNpeTVRY_thcuuQS8m_tPQo/view?usp=drivesdk
1ktJ7KmlxDQS5XQQA7VunY2_Oro5clMdQ,67111,LUND,Czesci_zamienne_67111.pdf,67111,True,True,drive-1ktJ7KmlxDQS5XQQA7VunY2_Oro5clMdQ-67111,https://drive.google.com/file/d/1ktJ7KmlxDQS5XQQA7VunY2_Oro5clMdQ/preview,https://drive.google.com/file/d/1ktJ7KmlxDQS5XQQA7VunY2_Oro5clMdQ/view?usp=drivesdk
1opQ0Jboga9vrY3dfCMoy7KRI83l3Y82O,67112,LUND,Czesci_zamienne_67112.pdf,67112,True,True,drive-1opQ0Jboga9vrY3dfCMoy7KRI83l3Y82O-67112,https://drive.google.com/file/d/1opQ0Jboga9vrY3dfCMoy7KRI83l3Y82O/preview,https://drive.google.com/file/d/1opQ0Jboga9vrY3dfCMoy7KRI83l3Y82O/view?usp=drivesdk
1dVIGzYk4NPHLfogE4yIMQNAYo839Fxm7,67113,LUND,Czesci_zamienne_67113.pdf,67113,True,True,drive-1dVIGzYk4NPHLfogE4yIMQNAYo839Fxm7-67113,https://drive.google.com/file/d/1dVIGzYk4NPHLfogE4yIMQNAYo839Fxm7/preview,https://drive.google.com/file/d/1dVIGzYk4NPHLfogE4yIMQNAYo839Fxm7/view?usp=drivesdk
1kziacb43TsXzvpQWXUwY8wE0HP2JSFK5,67120,LUND,Czesci_zamienne_67120.pdf,67120,True,True,drive-1kziacb43TsXzvpQWXUwY8wE0HP2JSFK5-67120,https://drive.google.com/file/d/1kziacb43TsXzvpQWXUwY8wE0HP2JSFK5/preview,https://drive.google.com/file/d/1kziacb43TsXzvpQWXUwY8wE0HP2JSFK5/view?usp=drivesdk
1wobCpeyb2fEkwk0TVYbKWMlTKWrNhroZ,67121,LUND,Czesci_zamienne_67121.pdf,67121,True,True,drive-1wobCpeyb2fEkwk0TVYbKWMlTKWrNhroZ-67121,https://drive.google.com/file/d/1wobCpeyb2fEkwk0TVYbKWMlTKWrNhroZ/preview,https://drive.google.com/file/d/1wobCpeyb2fEkwk0TVYbKWMlTKWrNhroZ/view?usp=drivesdk
1I9MZzQQnxW70O6pUcNDMjqYgdxz-BsTB,67125,LUND,Czesci_zamienne_67125.pdf,67125,True,True,drive-1I9MZzQQnxW70O6pUcNDMjqYgdxz-BsTB-67125,https://drive.google.com/file/d/1I9MZzQQnxW70O6pUcNDMjqYgdxz-BsTB/preview,https://drive.google.com/file/d/1I9MZzQQnxW70O6pUcNDMjqYgdxz-BsTB/view?usp=drivesdk
1Tjg50-gsmQzJas0WRUTRIhyDJEHJFSdc,67180,LUND,Czesci_zamienne_67180.pdf,67180,True,True,drive-1Tjg50-gsmQzJas0WRUTRIhyDJEHJFSdc-67180,https://drive.google.com/file/d/1Tjg50-gsmQzJas0WRUTRIhyDJEHJFSdc/preview,https://drive.google.com/file/d/1Tjg50-gsmQzJas0WRUTRIhyDJEHJFSdc/view?usp=drivesdk
1qvlK8vbXl1IEiaZ9juThIyEklwp6SZ93,67200,LUND,Czesci_zamienne_67200.pdf,67200,True,True,drive-1qvlK8vbXl1IEiaZ9juThIyEklwp6SZ93-67200,https://drive.google.com/file/d/1qvlK8vbXl1IEiaZ9juThIyEklwp6SZ93/preview,https://drive.google.com/file/d/1qvlK8vbXl1IEiaZ9juThIyEklwp6SZ93/view?usp=drivesdk
10ZpYB3RRu0DnHXRTA6IxUTJoWDzy1ek3,67201,LUND,Czesci_zamienne_67201.pdf,67201,True,True,drive-10ZpYB3RRu0DnHXRTA6IxUTJoWDzy1ek3-67201,https://drive.google.com/file/d/10ZpYB3RRu0DnHXRTA6IxUTJoWDzy1ek3/preview,https://drive.google.com/file/d/10ZpYB3RRu0DnHXRTA6IxUTJoWDzy1ek3/view?usp=drivesdk
1mrPc40HKLqOT_u0gsDC66IZMqnRrcllI,67220,LUND,Czesci_zamienne_67220.pdf,67220,True,True,drive-1mrPc40HKLqOT_u0gsDC66IZMqnRrcllI-67220,https://drive.google.com/file/d/1mrPc40HKLqOT_u0gsDC66IZMqnRrcllI/preview,https://drive.google.com/file/d/1mrPc40HKLqOT_u0gsDC66IZMqnRrcllI/view?usp=drivesdk
1lOIm0ASXmk37_ILBcABDvhJh0dlGEVcY,67221,LUND,Czesci_zamienne_67221.pdf,67221,True,True,drive-1lOIm0ASXmk37_ILBcABDvhJh0dlGEVcY-67221,https://drive.google.com/file/d/1lOIm0ASXmk37_ILBcABDvhJh0dlGEVcY/preview,https://drive.google.com/file/d/1lOIm0ASXmk37_ILBcABDvhJh0dlGEVcY/view?usp=drivesdk
1LdOkwP3oc-d4DWlDmSUdAu09ApyQIqT4,67230,LUND,Czesci_zamienne_67230.pdf,67230,True,True,drive-1LdOkwP3oc-d4DWlDmSUdAu09ApyQIqT4-67230,https://drive.google.com/file/d/1LdOkwP3oc-d4DWlDmSUdAu09ApyQIqT4/preview,https://drive.google.com/file/d/1LdOkwP3oc-d4DWlDmSUdAu09ApyQIqT4/view?usp=drivesdk
1Z3nO2n4ruU2hwWFOerRibzEneLvvP8N2,67231,LUND,Czesci_zamienne_67231.pdf,67231,True,True,drive-1Z3nO2n4ruU2hwWFOerRibzEneLvvP8N2-67231,https://drive.google.com/file/d/1Z3nO2n4ruU2hwWFOerRibzEneLvvP8N2/preview,https://drive.google.com/file/d/1Z3nO2n4ruU2hwWFOerRibzEneLvvP8N2/view?usp=drivesdk
1__fgv7vSlq97m5YZV2Lp_nHMxJYLl7Er,67292,LUND,Czesci_zamienne_67292.pdf,67292,True,True,drive-1__fgv7vSlq97m5YZV2Lp_nHMxJYLl7Er-67292,https://drive.google.com/file/d/1__fgv7vSlq97m5YZV2Lp_nHMxJYLl7Er/preview,https://drive.google.com/file/d/1__fgv7vSlq97m5YZV2Lp_nHMxJYLl7Er/view?usp=drivesdk
10twZS_cA4zlwgCNqYDFYROtsP98VTR8k,67293,LUND,Czesci_zamienne_67293.pdf,67293,True,True,drive-10twZS_cA4zlwgCNqYDFYROtsP98VTR8k-67293,https://drive.google.com/file/d/10twZS_cA4zlwgCNqYDFYROtsP98VTR8k/preview,https://drive.google.com/file/d/10twZS_cA4zlwgCNqYDFYROtsP98VTR8k/view?usp=drivesdk
1x1USizZGfpydDrV6T4tULLQKhxMbN22h,67420,LUND,Czesci_zamienne_67420.pdf,67420,True,True,drive-1x1USizZGfpydDrV6T4tULLQKhxMbN22h-67420,https://drive.google.com/file/d/1x1USizZGfpydDrV6T4tULLQKhxMbN22h/preview,https://drive.google.com/file/d/1x1USizZGfpydDrV6T4tULLQKhxMbN22h/view?usp=drivesdk
1TrckZn5ZFmka8PjN5t4XVOjgtkUKKf-C,67422,LUND,Czesci_zamienne_67422.pdf,67422,True,True,drive-1TrckZn5ZFmka8PjN5t4XVOjgtkUKKf-C-67422,https://drive.google.com/file/d/1TrckZn5ZFmka8PjN5t4XVOjgtkUKKf-C/preview,https://drive.google.com/file/d/1TrckZn5ZFmka8PjN5t4XVOjgtkUKKf-C/view?usp=drivesdk
1RikedlfhILHopXQikmR3DZSC2137TBbU,67423,LUND,Czesci_zamienne_67423.pdf,67423,True,True,drive-1RikedlfhILHopXQikmR3DZSC2137TBbU-67423,https://drive.google.com/file/d/1RikedlfhILHopXQikmR3DZSC2137TBbU/preview,https://drive.google.com/file/d/1RikedlfhILHopXQikmR3DZSC2137TBbU/view?usp=drivesdk
16qAkCkxwMp0OhjmfwwTLel-XTtLlTmf5,67424,LUND,Czesci_zamienne_67424.pdf,67424,True,True,drive-16qAkCkxwMp0OhjmfwwTLel-XTtLlTmf5-67424,https://drive.google.com/file/d/16qAkCkxwMp0OhjmfwwTLel-XTtLlTmf5/preview,https://drive.google.com/file/d/16qAkCkxwMp0OhjmfwwTLel-XTtLlTmf5/view?usp=drivesdk
1ElhfEiWY8sjbRg48glvt7gBddg4zsPHT,67450,LUND,Czesci_zamienne_67450.pdf,67450,True,True,drive-1ElhfEiWY8sjbRg48glvt7gBddg4zsPHT-67450,https://drive.google.com/file/d/1ElhfEiWY8sjbRg48glvt7gBddg4zsPHT/preview,https://drive.google.com/file/d/1ElhfEiWY8sjbRg48glvt7gBddg4zsPHT/view?usp=drivesdk
1CHuaVDlHEtICS35co8zE86qOuqyJUgY5,67451,LUND,Czesci_zamienne_67451.pdf,67451,True,True,drive-1CHuaVDlHEtICS35co8zE86qOuqyJUgY5-67451,https://drive.google.com/file/d/1CHuaVDlHEtICS35co8zE86qOuqyJUgY5/preview,https://drive.google.com/file/d/1CHuaVDlHEtICS35co8zE86qOuqyJUgY5/view?usp=drivesdk
1NaxUTvQNijcsNu4g7E0ZcJ-vdGM-wJXb,67453,LUND,Czesci_zamienne_67453.pdf,67453,True,True,drive-1NaxUTvQNijcsNu4g7E0ZcJ-vdGM-wJXb-67453,https://drive.google.com/file/d/1NaxUTvQNijcsNu4g7E0ZcJ-vdGM-wJXb/preview,https://drive.google.com/file/d/1NaxUTvQNijcsNu4g7E0ZcJ-vdGM-wJXb/view?usp=drivesdk
1CPd1eDTK4dXDYoxm8n5qJ4RGQ9eLOJOy,67455,LUND,Czesci_zamienne_67455.pdf,67455,True,True,drive-1CPd1eDTK4dXDYoxm8n5qJ4RGQ9eLOJOy-67455,https://drive.google.com/file/d/1CPd1eDTK4dXDYoxm8n5qJ4RGQ9eLOJOy/preview,https://drive.google.com/file/d/1CPd1eDTK4dXDYoxm8n5qJ4RGQ9eLOJOy/view?usp=drivesdk
1EOGM6eFaoES5wZCPGtw2PX5wjfsDRFU0,67456,LUND,Czesci_zamienne_67456.pdf,67456,True,True,drive-1EOGM6eFaoES5wZCPGtw2PX5wjfsDRFU0-67456,https://drive.google.com/file/d/1EOGM6eFaoES5wZCPGtw2PX5wjfsDRFU0/preview,https://drive.google.com/file/d/1EOGM6eFaoES5wZCPGtw2PX5wjfsDRFU0/view?usp=drivesdk
11JTaudD5kYRSzWGIe1ra7PNFQytk4sqQ,67457,LUND,Czesci_zamienne_67457.pdf,67457,True,True,drive-11JTaudD5kYRSzWGIe1ra7PNFQytk4sqQ-67457,https://drive.google.com/file/d/11JTaudD5kYRSzWGIe1ra7PNFQytk4sqQ/preview,https://drive.google.com/file/d/11JTaudD5kYRSzWGIe1ra7PNFQytk4sqQ/view?usp=drivesdk
1x_rK2tqIAk0iooFu3Qc6zv8jrVOrUdEq,67458,LUND,Czesci_zamienne_67458.pdf,67458,True,True,drive-1x_rK2tqIAk0iooFu3Qc6zv8jrVOrUdEq-67458,https://drive.google.com/file/d/1x_rK2tqIAk0iooFu3Qc6zv8jrVOrUdEq/preview,https://drive.google.com/file/d/1x_rK2tqIAk0iooFu3Qc6zv8jrVOrUdEq/view?usp=drivesdk
1nKtVeFvITUUr88b9l-CmfOaZ8sDP-SVQ,67460,LUND,Czesci_zamienne_67460.pdf,67460,True,True,drive-1nKtVeFvITUUr88b9l-CmfOaZ8sDP-SVQ-67460,https://drive.google.com/file/d/1nKtVeFvITUUr88b9l-CmfOaZ8sDP-SVQ/preview,https://drive.google.com/file/d/1nKtVeFvITUUr88b9l-CmfOaZ8sDP-SVQ/view?usp=drivesdk
1Xh6OKt4zkh58bqTn_fgpaQYH3aQ7hcbT,67470,LUND,Czesci_zamienne_67470.pdf,67470,True,True,drive-1Xh6OKt4zkh58bqTn_fgpaQYH3aQ7hcbT-67470,https://drive.google.com/file/d/1Xh6OKt4zkh58bqTn_fgpaQYH3aQ7hcbT/preview,https://drive.google.com/file/d/1Xh6OKt4zkh58bqTn_fgpaQYH3aQ7hcbT/view?usp=drivesdk
1sKjbivYPklV1hKypUoYb214lDF6Zkizm,67480,LUND,Czesci_zamienne_67480.pdf,67480,True,True,drive-1sKjbivYPklV1hKypUoYb214lDF6Zkizm-67480,https://drive.google.com/file/d/1sKjbivYPklV1hKypUoYb214lDF6Zkizm/preview,https://drive.google.com/file/d/1sKjbivYPklV1hKypUoYb214lDF6Zkizm/view?usp=drivesdk
1XeY6KEeeRqkkU8ZbhSbx0oGUFQJuivX1,67500,LUND,Czesci_zamienne_67500.pdf,67500,True,True,drive-1XeY6KEeeRqkkU8ZbhSbx0oGUFQJuivX1-67500,https://drive.google.com/file/d/1XeY6KEeeRqkkU8ZbhSbx0oGUFQJuivX1/preview,https://drive.google.com/file/d/1XeY6KEeeRqkkU8ZbhSbx0oGUFQJuivX1/view?usp=drivesdk
1a7ssh8dRqixUDcJbZbk7gcXMCceJUeMN,67501,LUND,Czesci_zamienne_67501.pdf,67501,True,True,drive-1a7ssh8dRqixUDcJbZbk7gcXMCceJUeMN-67501,https://drive.google.com/file/d/1a7ssh8dRqixUDcJbZbk7gcXMCceJUeMN/preview,https://drive.google.com/file/d/1a7ssh8dRqixUDcJbZbk7gcXMCceJUeMN/view?usp=drivesdk
1fk-rJYvgA4LFS75ixN1wD7f7XiSLIKqB,67520,LUND,Czesci_zamienne_67520.pdf,67520,True,True,drive-1fk-rJYvgA4LFS75ixN1wD7f7XiSLIKqB-67520,https://drive.google.com/file/d/1fk-rJYvgA4LFS75ixN1wD7f7XiSLIKqB/preview,https://drive.google.com/file/d/1fk-rJYvgA4LFS75ixN1wD7f7XiSLIKqB/view?usp=drivesdk
1gPLCrOFgGHCzUUKUdf_xzrhWBbpodc-Y,67521,LUND,Czesci_zamienne_67521.pdf,67521,True,True,drive-1gPLCrOFgGHCzUUKUdf_xzrhWBbpodc-Y-67521,https://drive.google.com/file/d/1gPLCrOFgGHCzUUKUdf_xzrhWBbpodc-Y/preview,https://drive.google.com/file/d/1gPLCrOFgGHCzUUKUdf_xzrhWBbpodc-Y/view?usp=drivesdk
1tvRNsXaT_ncjTMWHtGDSPQptnKrortk8,67522,LUND,Czesci_zamienne_67522.pdf,67522,True,True,drive-1tvRNsXaT_ncjTMWHtGDSPQptnKrortk8-67522,https://drive.google.com/file/d/1tvRNsXaT_ncjTMWHtGDSPQptnKrortk8/preview,https://drive.google.com/file/d/1tvRNsXaT_ncjTMWHtGDSPQptnKrortk8/view?usp=drivesdk
1iOzqHKHKYX1j4GwzPOVoA4DE9SdkojIi,67523,LUND,Czesci_zamienne_67523.pdf,67523,True,True,drive-1iOzqHKHKYX1j4GwzPOVoA4DE9SdkojIi-67523,https://drive.google.com/file/d/1iOzqHKHKYX1j4GwzPOVoA4DE9SdkojIi/preview,https://drive.google.com/file/d/1iOzqHKHKYX1j4GwzPOVoA4DE9SdkojIi/view?usp=drivesdk
1CMZxpn8PPcXEDtd309crEJHPXxEPjcJ8,67525,LUND,Czesci_zamienne_67525.pdf,67525,True,True,drive-1CMZxpn8PPcXEDtd309crEJHPXxEPjcJ8-67525,https://drive.google.com/file/d/1CMZxpn8PPcXEDtd309crEJHPXxEPjcJ8/preview,https://drive.google.com/file/d/1CMZxpn8PPcXEDtd309crEJHPXxEPjcJ8/view?usp=drivesdk
1ROEus6Hj2_a6k5ovf885hbRxddvTEOS5,67526,LUND,Czesci_zamienne_67526.pdf,67526,True,True,drive-1ROEus6Hj2_a6k5ovf885hbRxddvTEOS5-67526,https://drive.google.com/file/d/1ROEus6Hj2_a6k5ovf885hbRxddvTEOS5/preview,https://drive.google.com/file/d/1ROEus6Hj2_a6k5ovf885hbRxddvTEOS5/view?usp=drivesdk
1Gae7jSYcLo-OX8ljgXP2wa-J6GjdUMGX,67527,LUND,Czesci_zamienne_67527.pdf,67527,True,True,drive-1Gae7jSYcLo-OX8ljgXP2wa-J6GjdUMGX-67527,https://drive.google.com/file/d/1Gae7jSYcLo-OX8ljgXP2wa-J6GjdUMGX/preview,https://drive.google.com/file/d/1Gae7jSYcLo-OX8ljgXP2wa-J6GjdUMGX/view?usp=drivesdk
1SkPrQlhKATw2npL3K7-G8iZ-r0bBMgla,67528,LUND,Czesci_zamienne_67528.pdf,67528,True,True,drive-1SkPrQlhKATw2npL3K7-G8iZ-r0bBMgla-67528,https://drive.google.com/file/d/1SkPrQlhKATw2npL3K7-G8iZ-r0bBMgla/preview,https://drive.google.com/file/d/1SkPrQlhKATw2npL3K7-G8iZ-r0bBMgla/view?usp=drivesdk
107P3K9LVKmlcZ75PERol20MGUp7lCVLZ,67530,LUND,Czesci_zamienne_67530.pdf,67530,True,True,drive-107P3K9LVKmlcZ75PERol20MGUp7lCVLZ-67530,https://drive.google.com/file/d/107P3K9LVKmlcZ75PERol20MGUp7lCVLZ/preview,https://drive.google.com/file/d/107P3K9LVKmlcZ75PERol20MGUp7lCVLZ/view?usp=drivesdk
1-QaRqH4AxnJDNtQ6TFTroC2VOoqQ-WkK,67570,LUND,Czesci_zamienne_67570.pdf,67570,True,True,drive-1-QaRqH4AxnJDNtQ6TFTroC2VOoqQ-WkK-67570,https://drive.google.com/file/d/1-QaRqH4AxnJDNtQ6TFTroC2VOoqQ-WkK/preview,https://drive.google.com/file/d/1-QaRqH4AxnJDNtQ6TFTroC2VOoqQ-WkK/view?usp=drivesdk
1l82F8lB56jUvSqNKTIauSaP8ujv0BJUC,67571,LUND,Czesci_zamienne_67571.pdf,67571,True,True,drive-1l82F8lB56jUvSqNKTIauSaP8ujv0BJUC-67571,https://drive.google.com/file/d/1l82F8lB56jUvSqNKTIauSaP8ujv0BJUC/preview,https://drive.google.com/file/d/1l82F8lB56jUvSqNKTIauSaP8ujv0BJUC/view?usp=drivesdk
18X_T8GOtbQmYtScy-C2PiP-Q6Y5u5uVu,67572,LUND,Czesci_zamienne_67572.pdf,67572,True,True,drive-18X_T8GOtbQmYtScy-C2PiP-Q6Y5u5uVu-67572,https://drive.google.com/file/d/18X_T8GOtbQmYtScy-C2PiP-Q6Y5u5uVu/preview,https://drive.google.com/file/d/18X_T8GOtbQmYtScy-C2PiP-Q6Y5u5uVu/view?usp=drivesdk
1-Blni_kcMGteygyEv4mpkN1ug5Lwseex,67573,LUND,Czesci_zamienne_67573.pdf,67573,True,True,drive-1-Blni_kcMGteygyEv4mpkN1ug5Lwseex-67573,https://drive.google.com/file/d/1-Blni_kcMGteygyEv4mpkN1ug5Lwseex/preview,https://drive.google.com/file/d/1-Blni_kcMGteygyEv4mpkN1ug5Lwseex/view?usp=drivesdk
1cUE2ofqAodMCxGymyBtHVqrdiQkrao_w,67574,LUND,Czesci_zamienne_67574.pdf,67574,True,True,drive-1cUE2ofqAodMCxGymyBtHVqrdiQkrao_w-67574,https://drive.google.com/file/d/1cUE2ofqAodMCxGymyBtHVqrdiQkrao_w/preview,https://drive.google.com/file/d/1cUE2ofqAodMCxGymyBtHVqrdiQkrao_w/view?usp=drivesdk
14biI7mjXpj5X-RCs-K2cqWvXHE2Ym3_q,67575,LUND,Czesci_zamienne_67575.pdf,67575,True,True,drive-14biI7mjXpj5X-RCs-K2cqWvXHE2Ym3_q-67575,https://drive.google.com/file/d/14biI7mjXpj5X-RCs-K2cqWvXHE2Ym3_q/preview,https://drive.google.com/file/d/14biI7mjXpj5X-RCs-K2cqWvXHE2Ym3_q/view?usp=drivesdk
1_cbMX79Ul9snUhrtKcN1_UIJ3MxfZ0SL,67576,LUND,Czesci_zamienne_67576.pdf,67576,True,True,drive-1_cbMX79Ul9snUhrtKcN1_UIJ3MxfZ0SL-67576,https://drive.google.com/file/d/1_cbMX79Ul9snUhrtKcN1_UIJ3MxfZ0SL/preview,https://drive.google.com/file/d/1_cbMX79Ul9snUhrtKcN1_UIJ3MxfZ0SL/view?usp=drivesdk
1GprnCPZLWEa3HmWxuX6lrgJXYoM-mU9c,67580,LUND,Czesci_zamienne_67580.pdf,67580,True,True,drive-1GprnCPZLWEa3HmWxuX6lrgJXYoM-mU9c-67580,https://drive.google.com/file/d/1GprnCPZLWEa3HmWxuX6lrgJXYoM-mU9c/preview,https://drive.google.com/file/d/1GprnCPZLWEa3HmWxuX6lrgJXYoM-mU9c/view?usp=drivesdk
1C_xKzmIIq8lTFdUXUFxjXrWPyw4RHzHA,67581,LUND,Czesci_zamienne_67581.pdf,67581,True,True,drive-1C_xKzmIIq8lTFdUXUFxjXrWPyw4RHzHA-67581,https://drive.google.com/file/d/1C_xKzmIIq8lTFdUXUFxjXrWPyw4RHzHA/preview,https://drive.google.com/file/d/1C_xKzmIIq8lTFdUXUFxjXrWPyw4RHzHA/view?usp=drivesdk
1h7WPC-3QbkgkGAmSsn80w4vO6as1aW0K,67582,LUND,Czesci_zamienne_67582.pdf,67582,True,True,drive-1h7WPC-3QbkgkGAmSsn80w4vO6as1aW0K-67582,https://drive.google.com/file/d/1h7WPC-3QbkgkGAmSsn80w4vO6as1aW0K/preview,https://drive.google.com/file/d/1h7WPC-3QbkgkGAmSsn80w4vO6as1aW0K/view?usp=drivesdk
1d0QzzEkiqO2nsTiMTqr85RfPEDkP2LLv,67584,LUND,Czesci_zamienne_67584.pdf,67584,True,True,drive-1d0QzzEkiqO2nsTiMTqr85RfPEDkP2LLv-67584,https://drive.google.com/file/d/1d0QzzEkiqO2nsTiMTqr85RfPEDkP2LLv/preview,https://drive.google.com/file/d/1d0QzzEkiqO2nsTiMTqr85RfPEDkP2LLv/view?usp=drivesdk
1IeanvOoRHlphyBbVaOX2Jtd5B8lyoBP7,67590,LUND,Czesci_zamienne_67590.pdf,67590,True,True,drive-1IeanvOoRHlphyBbVaOX2Jtd5B8lyoBP7-67590,https://drive.google.com/file/d/1IeanvOoRHlphyBbVaOX2Jtd5B8lyoBP7/preview,https://drive.google.com/file/d/1IeanvOoRHlphyBbVaOX2Jtd5B8lyoBP7/view?usp=drivesdk
1RXblbtt8ahyF6ZVYn7JTEZ1VoTF_btAN,67640,LUND,Czesci_zamienne_67640.pdf,67640,True,True,drive-1RXblbtt8ahyF6ZVYn7JTEZ1VoTF_btAN-67640,https://drive.google.com/file/d/1RXblbtt8ahyF6ZVYn7JTEZ1VoTF_btAN/preview,https://drive.google.com/file/d/1RXblbtt8ahyF6ZVYn7JTEZ1VoTF_btAN/view?usp=drivesdk
1yPb-OwPkGilHdRUxdl_7wwSxfLxSN7_G,67641,LUND,Czesci_zamienne_67641.pdf,67641,True,True,drive-1yPb-OwPkGilHdRUxdl_7wwSxfLxSN7_G-67641,https://drive.google.com/file/d/1yPb-OwPkGilHdRUxdl_7wwSxfLxSN7_G/preview,https://drive.google.com/file/d/1yPb-OwPkGilHdRUxdl_7wwSxfLxSN7_G/view?usp=drivesdk
1g7U1GGIgDcGZIk5YqkDG0C-hmA7fieZM,67642,LUND,Czesci_zamienne_67642.pdf,67642,True,True,drive-1g7U1GGIgDcGZIk5YqkDG0C-hmA7fieZM-67642,https://drive.google.com/file/d/1g7U1GGIgDcGZIk5YqkDG0C-hmA7fieZM/preview,https://drive.google.com/file/d/1g7U1GGIgDcGZIk5YqkDG0C-hmA7fieZM/view?usp=drivesdk
1G_u-KB-YupyhTBlQoTCFxbcy2TZL_c03,67660,LUND,Czesci_zamienne_67660.pdf,67660,True,True,drive-1G_u-KB-YupyhTBlQoTCFxbcy2TZL_c03-67660,https://drive.google.com/file/d/1G_u-KB-YupyhTBlQoTCFxbcy2TZL_c03/preview,https://drive.google.com/file/d/1G_u-KB-YupyhTBlQoTCFxbcy2TZL_c03/view?usp=drivesdk
1rVzZ4RQHBMYJatrapH8H7Of4EBhBIbvQ,67661,LUND,Czesci_zamienne_67661.pdf,67661,True,True,drive-1rVzZ4RQHBMYJatrapH8H7Of4EBhBIbvQ-67661,https://drive.google.com/file/d/1rVzZ4RQHBMYJatrapH8H7Of4EBhBIbvQ/preview,https://drive.google.com/file/d/1rVzZ4RQHBMYJatrapH8H7Of4EBhBIbvQ/view?usp=drivesdk
1QGyt6A63TeXmyNR2wIR2CB2hgSmk-xjZ,67700,LUND,Czesci_zamienne_67700.pdf,67700,True,True,drive-1QGyt6A63TeXmyNR2wIR2CB2hgSmk-xjZ-67700,https://drive.google.com/file/d/1QGyt6A63TeXmyNR2wIR2CB2hgSmk-xjZ/preview,https://drive.google.com/file/d/1QGyt6A63TeXmyNR2wIR2CB2hgSmk-xjZ/view?usp=drivesdk
1OXhnpqIltAhR2kfCbHnr-JkZNyDuVa3x,67701,LUND,Czesci_zamienne_67701.pdf,67701,True,True,drive-1OXhnpqIltAhR2kfCbHnr-JkZNyDuVa3x-67701,https://drive.google.com/file/d/1OXhnpqIltAhR2kfCbHnr-JkZNyDuVa3x/preview,https://drive.google.com/file/d/1OXhnpqIltAhR2kfCbHnr-JkZNyDuVa3x/view?usp=drivesdk
1qpOPtPLIhIdfL8gdlF8PSX9MmkjtxYrB,67702,LUND,Czesci_zamienne_67702.pdf,67702,True,True,drive-1qpOPtPLIhIdfL8gdlF8PSX9MmkjtxYrB-67702,https://drive.google.com/file/d/1qpOPtPLIhIdfL8gdlF8PSX9MmkjtxYrB/preview,https://drive.google.com/file/d/1qpOPtPLIhIdfL8gdlF8PSX9MmkjtxYrB/view?usp=drivesdk
1Y_SaB0POb8U8CWkgWQxRXXB7kFhElCl8,67703,LUND,Czesci_zamienne_67703.pdf,67703,True,True,drive-1Y_SaB0POb8U8CWkgWQxRXXB7kFhElCl8-67703,https://drive.google.com/file/d/1Y_SaB0POb8U8CWkgWQxRXXB7kFhElCl8/preview,https://drive.google.com/file/d/1Y_SaB0POb8U8CWkgWQxRXXB7kFhElCl8/view?usp=drivesdk
1TgH1oC-10kLZq17sN6QpY9v-FNKSb6pb,67704,LUND,Czesci_zamienne_67704.pdf,67704,True,True,drive-1TgH1oC-10kLZq17sN6QpY9v-FNKSb6pb-67704,https://drive.google.com/file/d/1TgH1oC-10kLZq17sN6QpY9v-FNKSb6pb/preview,https://drive.google.com/file/d/1TgH1oC-10kLZq17sN6QpY9v-FNKSb6pb/view?usp=drivesdk
1WrQKRXpYyy4JH_cR1DTqtccqoIH-vshf,67705,LUND,Czesci_zamienne_67705.pdf,67705,True,True,drive-1WrQKRXpYyy4JH_cR1DTqtccqoIH-vshf-67705,https://drive.google.com/file/d/1WrQKRXpYyy4JH_cR1DTqtccqoIH-vshf/preview,https://drive.google.com/file/d/1WrQKRXpYyy4JH_cR1DTqtccqoIH-vshf/view?usp=drivesdk
1hVFm4T9jkqQGbrndO88VWbHcK5YgZ0wx,67707,LUND,Czesci_zamienne_67707.pdf,67707,True,True,drive-1hVFm4T9jkqQGbrndO88VWbHcK5YgZ0wx-67707,https://drive.google.com/file/d/1hVFm4T9jkqQGbrndO88VWbHcK5YgZ0wx/preview,https://drive.google.com/file/d/1hVFm4T9jkqQGbrndO88VWbHcK5YgZ0wx/view?usp=drivesdk
1cWx25MmFZvM2Q-mRYBhrn_V038ZNyKfG,67780,LUND,Czesci_zamienne_67780.pdf,67780,True,True,drive-1cWx25MmFZvM2Q-mRYBhrn_V038ZNyKfG-67780,https://drive.google.com/file/d/1cWx25MmFZvM2Q-mRYBhrn_V038ZNyKfG/preview,https://drive.google.com/file/d/1cWx25MmFZvM2Q-mRYBhrn_V038ZNyKfG/view?usp=drivesdk
1U4smZAYmvEsF87BSmGhAVX8Qs599Jp8l,67781,LUND,Czesci_zamienne_67781.pdf,67781,True,True,drive-1U4smZAYmvEsF87BSmGhAVX8Qs599Jp8l-67781,https://drive.google.com/file/d/1U4smZAYmvEsF87BSmGhAVX8Qs599Jp8l/preview,https://drive.google.com/file/d/1U4smZAYmvEsF87BSmGhAVX8Qs599Jp8l/view?usp=drivesdk
1El2Hh1APuHL_h0BBCM7eDPYDu57ObECg,67790,LUND,Czesci_zamienne_67790.pdf,67790,True,True,drive-1El2Hh1APuHL_h0BBCM7eDPYDu57ObECg-67790,https://drive.google.com/file/d/1El2Hh1APuHL_h0BBCM7eDPYDu57ObECg/preview,https://drive.google.com/file/d/1El2Hh1APuHL_h0BBCM7eDPYDu57ObECg/view?usp=drivesdk
1_Zc_etVgTOm9-8RzR533ZOybznEC9SHf,67805,LUND,Czesci_zamienne_67805.pdf,67805,True,True,drive-1_Zc_etVgTOm9-8RzR533ZOybznEC9SHf-67805,https://drive.google.com/file/d/1_Zc_etVgTOm9-8RzR533ZOybznEC9SHf/preview,https://drive.google.com/file/d/1_Zc_etVgTOm9-8RzR533ZOybznEC9SHf/view?usp=drivesdk
1eJtxaZqbmaKByYjKLSVvmj1C5qn7tOvH,67810,LUND,Czesci_zamienne_67810.pdf,67810,True,True,drive-1eJtxaZqbmaKByYjKLSVvmj1C5qn7tOvH-67810,https://drive.google.com/file/d/1eJtxaZqbmaKByYjKLSVvmj1C5qn7tOvH/preview,https://drive.google.com/file/d/1eJtxaZqbmaKByYjKLSVvmj1C5qn7tOvH/view?usp=drivesdk
1RcmNXamJNWXmcIMm4K4IlQawvGK9i-3b,67811,LUND,Czesci_zamienne_67811.pdf,67811,True,True,drive-1RcmNXamJNWXmcIMm4K4IlQawvGK9i-3b-67811,https://drive.google.com/file/d/1RcmNXamJNWXmcIMm4K4IlQawvGK9i-3b/preview,https://drive.google.com/file/d/1RcmNXamJNWXmcIMm4K4IlQawvGK9i-3b/view?usp=drivesdk
1-eJrYS3weW4cQTAo_XssLj4ZK2swqJ9x,67812,LUND,Czesci_zamienne_67812.pdf,67812,True,True,drive-1-eJrYS3weW4cQTAo_XssLj4ZK2swqJ9x-67812,https://drive.google.com/file/d/1-eJrYS3weW4cQTAo_XssLj4ZK2swqJ9x/preview,https://drive.google.com/file/d/1-eJrYS3weW4cQTAo_XssLj4ZK2swqJ9x/view?usp=drivesdk
1t0ClnsXIhuf3SOsRaiu6K9BIDZT1bCxK,67813,LUND,Czesci_zamienne_67813.pdf,67813,True,True,drive-1t0ClnsXIhuf3SOsRaiu6K9BIDZT1bCxK-67813,https://drive.google.com/file/d/1t0ClnsXIhuf3SOsRaiu6K9BIDZT1bCxK/preview,https://drive.google.com/file/d/1t0ClnsXIhuf3SOsRaiu6K9BIDZT1bCxK/view?usp=drivesdk
1Th5eCNZt5tEz-J2_d2gfBLtcOO-it6qB,67814,LUND,Czesci_zamienne_67814.pdf,67814,True,True,drive-1Th5eCNZt5tEz-J2_d2gfBLtcOO-it6qB-67814,https://drive.google.com/file/d/1Th5eCNZt5tEz-J2_d2gfBLtcOO-it6qB/preview,https://drive.google.com/file/d/1Th5eCNZt5tEz-J2_d2gfBLtcOO-it6qB/view?usp=drivesdk
1hXPJARXsGxlMhLH6xWMc6-pa6Xy1kYYA,67815,LUND,Czesci_zamienne_67815.pdf,67815,True,True,drive-1hXPJARXsGxlMhLH6xWMc6-pa6Xy1kYYA-67815,https://drive.google.com/file/d/1hXPJARXsGxlMhLH6xWMc6-pa6Xy1kYYA/preview,https://drive.google.com/file/d/1hXPJARXsGxlMhLH6xWMc6-pa6Xy1kYYA/view?usp=drivesdk
1kQxCLXsD-M2Ta2oZQ4hX4fAC5wWLyhTR,67840,LUND,Czesci_zamienne_67840.pdf,67840,True,True,drive-1kQxCLXsD-M2Ta2oZQ4hX4fAC5wWLyhTR-67840,https://drive.google.com/file/d/1kQxCLXsD-M2Ta2oZQ4hX4fAC5wWLyhTR/preview,https://drive.google.com/file/d/1kQxCLXsD-M2Ta2oZQ4hX4fAC5wWLyhTR/view?usp=drivesdk
1zUj-OKPkTiMgqY8CrQK-khGS0bYHynGJ,67841,LUND,Czesci_zamienne_67841.pdf,67841,True,True,drive-1zUj-OKPkTiMgqY8CrQK-khGS0bYHynGJ-67841,https://drive.google.com/file/d/1zUj-OKPkTiMgqY8CrQK-khGS0bYHynGJ/preview,https://drive.google.com/file/d/1zUj-OKPkTiMgqY8CrQK-khGS0bYHynGJ/view?usp=drivesdk
1eP8B5MRroF-qg5gVo8-ek7tPUNzU9zMT,67850,LUND,Czesci_zamienne_67850.pdf,67850,True,True,drive-1eP8B5MRroF-qg5gVo8-ek7tPUNzU9zMT-67850,https://drive.google.com/file/d/1eP8B5MRroF-qg5gVo8-ek7tPUNzU9zMT/preview,https://drive.google.com/file/d/1eP8B5MRroF-qg5gVo8-ek7tPUNzU9zMT/view?usp=drivesdk
1GmgwTOd1vfguL_mz-NE9Hiq_x3y1qN55,67851,LUND,Czesci_zamienne_67851.pdf,67851,True,True,drive-1GmgwTOd1vfguL_mz-NE9Hiq_x3y1qN55-67851,https://drive.google.com/file/d/1GmgwTOd1vfguL_mz-NE9Hiq_x3y1qN55/preview,https://drive.google.com/file/d/1GmgwTOd1vfguL_mz-NE9Hiq_x3y1qN55/view?usp=drivesdk
1-732PiK1edGxZdnQ8MxHuLsfN9RMdfpV,67853,LUND,Czesci_zamienne_67853.pdf,67853,True,True,drive-1-732PiK1edGxZdnQ8MxHuLsfN9RMdfpV-67853,https://drive.google.com/file/d/1-732PiK1edGxZdnQ8MxHuLsfN9RMdfpV/preview,https://drive.google.com/file/d/1-732PiK1edGxZdnQ8MxHuLsfN9RMdfpV/view?usp=drivesdk
1OsVM1KpYd09brEs1bwLh6JEhwW6nmDlf,67860,LUND,Czesci_zamienne_67860.pdf,67860,True,True,drive-1OsVM1KpYd09brEs1bwLh6JEhwW6nmDlf-67860,https://drive.google.com/file/d/1OsVM1KpYd09brEs1bwLh6JEhwW6nmDlf/preview,https://drive.google.com/file/d/1OsVM1KpYd09brEs1bwLh6JEhwW6nmDlf/view?usp=drivesdk
1bTgonCVhAGeR7aFTM7K9l2g2Lvl0EuHj,67880,LUND,Czesci_zamienne_67880.pdf,67880,True,True,drive-1bTgonCVhAGeR7aFTM7K9l2g2Lvl0EuHj-67880,https://drive.google.com/file/d/1bTgonCVhAGeR7aFTM7K9l2g2Lvl0EuHj/preview,https://drive.google.com/file/d/1bTgonCVhAGeR7aFTM7K9l2g2Lvl0EuHj/view?usp=drivesdk
1ucBOgPIGdvSyCaXOaCKvOASaKu3iA3Z2,67882,LUND,Czesci_zamienne_67882.pdf,67882,True,True,drive-1ucBOgPIGdvSyCaXOaCKvOASaKu3iA3Z2-67882,https://drive.google.com/file/d/1ucBOgPIGdvSyCaXOaCKvOASaKu3iA3Z2/preview,https://drive.google.com/file/d/1ucBOgPIGdvSyCaXOaCKvOASaKu3iA3Z2/view?usp=drivesdk
1zwG-w5Oh5cdzBtvAqIbRW1L9eYNwu5NM,67900,LUND,Czesci_zamienne_67900.pdf,67900,True,True,drive-1zwG-w5Oh5cdzBtvAqIbRW1L9eYNwu5NM-67900,https://drive.google.com/file/d/1zwG-w5Oh5cdzBtvAqIbRW1L9eYNwu5NM/preview,https://drive.google.com/file/d/1zwG-w5Oh5cdzBtvAqIbRW1L9eYNwu5NM/view?usp=drivesdk
1KHvKSFSHikqMVMOoPiTHAZItdFzTs7b3,67901,LUND,Czesci_zamienne_67901.pdf,67901,True,True,drive-1KHvKSFSHikqMVMOoPiTHAZItdFzTs7b3-67901,https://drive.google.com/file/d/1KHvKSFSHikqMVMOoPiTHAZItdFzTs7b3/preview,https://drive.google.com/file/d/1KHvKSFSHikqMVMOoPiTHAZItdFzTs7b3/view?usp=drivesdk
18rSuJxPC5qR7hVG3H-OJgis22oPmUgk0,67950,LUND,Czesci_zamienne_67950.pdf,67950,True,True,drive-18rSuJxPC5qR7hVG3H-OJgis22oPmUgk0-67950,https://drive.google.com/file/d/18rSuJxPC5qR7hVG3H-OJgis22oPmUgk0/preview,https://drive.google.com/file/d/18rSuJxPC5qR7hVG3H-OJgis22oPmUgk0/view?usp=drivesdk
16BGYYk5hawSvTdjdz6nmJHLaZRLk6f0I,67961,LUND,Czesci_zamienne_67961.pdf,67961,True,True,drive-16BGYYk5hawSvTdjdz6nmJHLaZRLk6f0I-67961,https://drive.google.com/file/d/16BGYYk5hawSvTdjdz6nmJHLaZRLk6f0I/preview,https://drive.google.com/file/d/16BGYYk5hawSvTdjdz6nmJHLaZRLk6f0I/view?usp=drivesdk
1JDPpy_iF2aG0ouv9-PndgBhsxKCBPOCP,68010,LUND,Czesci_zamienne_68010.pdf,68010,True,True,drive-1JDPpy_iF2aG0ouv9-PndgBhsxKCBPOCP-68010,https://drive.google.com/file/d/1JDPpy_iF2aG0ouv9-PndgBhsxKCBPOCP/preview,https://drive.google.com/file/d/1JDPpy_iF2aG0ouv9-PndgBhsxKCBPOCP/view?usp=drivesdk
1itdDfxB5IWfakC3PYREIbu9qFHUb-FkP,68011,LUND,Czesci_zamienne_68011.pdf,68011,True,True,drive-1itdDfxB5IWfakC3PYREIbu9qFHUb-FkP-68011,https://drive.google.com/file/d/1itdDfxB5IWfakC3PYREIbu9qFHUb-FkP/preview,https://drive.google.com/file/d/1itdDfxB5IWfakC3PYREIbu9qFHUb-FkP/view?usp=drivesdk
1YR_2QZ_jCrcIcorsJht0vsD0_8EaBPST,68015,LUND,Czesci_zamienne_68015.pdf,68015,True,True,drive-1YR_2QZ_jCrcIcorsJht0vsD0_8EaBPST-68015,https://drive.google.com/file/d/1YR_2QZ_jCrcIcorsJht0vsD0_8EaBPST/preview,https://drive.google.com/file/d/1YR_2QZ_jCrcIcorsJht0vsD0_8EaBPST/view?usp=drivesdk
12k8eLHOTNBl9Wns7_NwCGjoO7A3E7WwA,68016,LUND,Czesci_zamienne_68016.pdf,68016,True,True,drive-12k8eLHOTNBl9Wns7_NwCGjoO7A3E7WwA-68016,https://drive.google.com/file/d/12k8eLHOTNBl9Wns7_NwCGjoO7A3E7WwA/preview,https://drive.google.com/file/d/12k8eLHOTNBl9Wns7_NwCGjoO7A3E7WwA/view?usp=drivesdk
1kugooUP6ehz1o9GpYLoKgkmRvn8V4FVd,68032,LUND,Czesci_zamienne_68032.pdf,68032,True,True,drive-1kugooUP6ehz1o9GpYLoKgkmRvn8V4FVd-68032,https://drive.google.com/file/d/1kugooUP6ehz1o9GpYLoKgkmRvn8V4FVd/preview,https://drive.google.com/file/d/1kugooUP6ehz1o9GpYLoKgkmRvn8V4FVd/view?usp=drivesdk
1LzkT_BH5UACrieFWMQk3pGmUqli_2vj7,68033,LUND,Czesci_zamienne_68033.pdf,68033,True,True,drive-1LzkT_BH5UACrieFWMQk3pGmUqli_2vj7-68033,https://drive.google.com/file/d/1LzkT_BH5UACrieFWMQk3pGmUqli_2vj7/preview,https://drive.google.com/file/d/1LzkT_BH5UACrieFWMQk3pGmUqli_2vj7/view?usp=drivesdk
18EKd33cYttcAIOUUml726YKIZy7a70te,68050,LUND,Czesci_zamienne_68050.pdf,68050,True,True,drive-18EKd33cYttcAIOUUml726YKIZy7a70te-68050,https://drive.google.com/file/d/18EKd33cYttcAIOUUml726YKIZy7a70te/preview,https://drive.google.com/file/d/18EKd33cYttcAIOUUml726YKIZy7a70te/view?usp=drivesdk
1y54halHwT4dgxSQaplumo4qtyKxqHSuO,68051,LUND,Czesci_zamienne_68051.pdf,68051,True,True,drive-1y54halHwT4dgxSQaplumo4qtyKxqHSuO-68051,https://drive.google.com/file/d/1y54halHwT4dgxSQaplumo4qtyKxqHSuO/preview,https://drive.google.com/file/d/1y54halHwT4dgxSQaplumo4qtyKxqHSuO/view?usp=drivesdk
15fHilGd0EQceROaKxzwRkhMs3hIkvIOC,68052,LUND,Czesci_zamienne_68052.pdf,68052,True,True,drive-15fHilGd0EQceROaKxzwRkhMs3hIkvIOC-68052,https://drive.google.com/file/d/15fHilGd0EQceROaKxzwRkhMs3hIkvIOC/preview,https://drive.google.com/file/d/15fHilGd0EQceROaKxzwRkhMs3hIkvIOC/view?usp=drivesdk
1JiV9xzhwVEfGeP9GYf7A1bwO7fTTlJQb,68053,LUND,Czesci_zamienne_68053.pdf,68053,True,True,drive-1JiV9xzhwVEfGeP9GYf7A1bwO7fTTlJQb-68053,https://drive.google.com/file/d/1JiV9xzhwVEfGeP9GYf7A1bwO7fTTlJQb/preview,https://drive.google.com/file/d/1JiV9xzhwVEfGeP9GYf7A1bwO7fTTlJQb/view?usp=drivesdk
1s_XhcReiJ-APMR_W09yCjIA1lwnCbn1j,68090,LUND,Czesci_zamienne_68090.pdf,68090,True,True,drive-1s_XhcReiJ-APMR_W09yCjIA1lwnCbn1j-68090,https://drive.google.com/file/d/1s_XhcReiJ-APMR_W09yCjIA1lwnCbn1j/preview,https://drive.google.com/file/d/1s_XhcReiJ-APMR_W09yCjIA1lwnCbn1j/view?usp=drivesdk
1sTwLTkPO09tS1AycZYOQMwmNJbwSfgJz,68100,LUND,Czesci_zamienne_68100.pdf,68100,True,True,drive-1sTwLTkPO09tS1AycZYOQMwmNJbwSfgJz-68100,https://drive.google.com/file/d/1sTwLTkPO09tS1AycZYOQMwmNJbwSfgJz/preview,https://drive.google.com/file/d/1sTwLTkPO09tS1AycZYOQMwmNJbwSfgJz/view?usp=drivesdk
1KZIrptc1tEyM0LsvOCwZ4n_hQzwuT8Y8,68115,LUND,Czesci_zamienne_68115.pdf,68115,True,True,drive-1KZIrptc1tEyM0LsvOCwZ4n_hQzwuT8Y8-68115,https://drive.google.com/file/d/1KZIrptc1tEyM0LsvOCwZ4n_hQzwuT8Y8/preview,https://drive.google.com/file/d/1KZIrptc1tEyM0LsvOCwZ4n_hQzwuT8Y8/view?usp=drivesdk
1qIhSw2K1Ib1bmgxlo9FunzdoJ9e09QwG,68116,LUND,Czesci_zamienne_68116.pdf,68116,True,True,drive-1qIhSw2K1Ib1bmgxlo9FunzdoJ9e09QwG-68116,https://drive.google.com/file/d/1qIhSw2K1Ib1bmgxlo9FunzdoJ9e09QwG/preview,https://drive.google.com/file/d/1qIhSw2K1Ib1bmgxlo9FunzdoJ9e09QwG/view?usp=drivesdk
1Yf56CkUZvtrCzPsHCbrRuacQAETB2tnh,68172,LUND,Czesci_zamienne_68172.pdf,68172,True,True,drive-1Yf56CkUZvtrCzPsHCbrRuacQAETB2tnh-68172,https://drive.google.com/file/d/1Yf56CkUZvtrCzPsHCbrRuacQAETB2tnh/preview,https://drive.google.com/file/d/1Yf56CkUZvtrCzPsHCbrRuacQAETB2tnh/view?usp=drivesdk
18FXcfiSVEMMOTuMJRkp7AytieByvghzY,68173,LUND,Czesci_zamienne_68173.pdf,68173,True,True,drive-18FXcfiSVEMMOTuMJRkp7AytieByvghzY-68173,https://drive.google.com/file/d/18FXcfiSVEMMOTuMJRkp7AytieByvghzY/preview,https://drive.google.com/file/d/18FXcfiSVEMMOTuMJRkp7AytieByvghzY/view?usp=drivesdk
15U7tmRitQJAaSxC6UD3B3oS451A4UPoU,68174,LUND,Czesci_zamienne_68174.pdf,68174,True,True,drive-15U7tmRitQJAaSxC6UD3B3oS451A4UPoU-68174,https://drive.google.com/file/d/15U7tmRitQJAaSxC6UD3B3oS451A4UPoU/preview,https://drive.google.com/file/d/15U7tmRitQJAaSxC6UD3B3oS451A4UPoU/view?usp=drivesdk
1LXYEedTVlUe0opdPRquobrQnrf71zDSR,68193,LUND,Czesci_zamienne_68193.pdf,68193,True,True,drive-1LXYEedTVlUe0opdPRquobrQnrf71zDSR-68193,https://drive.google.com/file/d/1LXYEedTVlUe0opdPRquobrQnrf71zDSR/preview,https://drive.google.com/file/d/1LXYEedTVlUe0opdPRquobrQnrf71zDSR/view?usp=drivesdk
1b9cwP4-ANPCThZQd0viYbq-McT5u4ULg,68194,LUND,Czesci_zamienne_68194.pdf,68194,True,True,drive-1b9cwP4-ANPCThZQd0viYbq-McT5u4ULg-68194,https://drive.google.com/file/d/1b9cwP4-ANPCThZQd0viYbq-McT5u4ULg/preview,https://drive.google.com/file/d/1b9cwP4-ANPCThZQd0viYbq-McT5u4ULg/view?usp=drivesdk
1vysCeoKCGQUs-R2QuJPWTNHChxLlAPJV,68195,LUND,Czesci_zamienne_68195.pdf,68195,True,True,drive-1vysCeoKCGQUs-R2QuJPWTNHChxLlAPJV-68195,https://drive.google.com/file/d/1vysCeoKCGQUs-R2QuJPWTNHChxLlAPJV/preview,https://drive.google.com/file/d/1vysCeoKCGQUs-R2QuJPWTNHChxLlAPJV/view?usp=drivesdk
1G43WXea30oPt-Lhr-PMVnYTkSCi30xac,68206,LUND,Czesci_zamienne_68206 68207 68208 68209.pdf,68206 68207 68208 68209,False,True,drive-1G43WXea30oPt-Lhr-PMVnYTkSCi30xac-68206,https://drive.google.com/file/d/1G43WXea30oPt-Lhr-PMVnYTkSCi30xac/preview,https://drive.google.com/file/d/1G43WXea30oPt-Lhr-PMVnYTkSCi30xac/view?usp=drivesdk
1LQPeWi-rAOHHft-3u1IW7L-PySzBYhh8,68216,LUND,Czesci_zamienne_68216.pdf,68216,True,True,drive-1LQPeWi-rAOHHft-3u1IW7L-PySzBYhh8-68216,https://drive.google.com/file/d/1LQPeWi-rAOHHft-3u1IW7L-PySzBYhh8/preview,https://drive.google.com/file/d/1LQPeWi-rAOHHft-3u1IW7L-PySzBYhh8/view?usp=drivesdk
1h-k0mTYeD1zi5STGS6y9QWCr4Xx2YxbV,68217,LUND,Czesci_zamienne_68217.pdf,68217,True,True,drive-1h-k0mTYeD1zi5STGS6y9QWCr4Xx2YxbV-68217,https://drive.google.com/file/d/1h-k0mTYeD1zi5STGS6y9QWCr4Xx2YxbV/preview,https://drive.google.com/file/d/1h-k0mTYeD1zi5STGS6y9QWCr4Xx2YxbV/view?usp=drivesdk
1BMD-iNrhKVZNoxnyc2ONE8fuZiCBagci,68218,LUND,Czesci_zamienne_68218.pdf,68218,True,True,drive-1BMD-iNrhKVZNoxnyc2ONE8fuZiCBagci-68218,https://drive.google.com/file/d/1BMD-iNrhKVZNoxnyc2ONE8fuZiCBagci/preview,https://drive.google.com/file/d/1BMD-iNrhKVZNoxnyc2ONE8fuZiCBagci/view?usp=drivesdk
1GlJn6x3b90bP0hjsqy_ej0qy__ttbAeo,68219,LUND,Czesci_zamienne_68219_68223.pdf,68219 68223,True,True,drive-1GlJn6x3b90bP0hjsqy_ej0qy__ttbAeo-68219,https://drive.google.com/file/d/1GlJn6x3b90bP0hjsqy_ej0qy__ttbAeo/preview,https://drive.google.com/file/d/1GlJn6x3b90bP0hjsqy_ej0qy__ttbAeo/view?usp=drivesdk
1psrarZ08GxHpV32BduIFhdbnBLdunxlt,68250,LUND,Czesci_zamienne_68250.pdf,68250,True,True,drive-1psrarZ08GxHpV32BduIFhdbnBLdunxlt-68250,https://drive.google.com/file/d/1psrarZ08GxHpV32BduIFhdbnBLdunxlt/preview,https://drive.google.com/file/d/1psrarZ08GxHpV32BduIFhdbnBLdunxlt/view?usp=drivesdk
1x9wsvjAW_-5rbu8z2UzOa2TSdpJu1bEb,68251,LUND,Czesci_zamienne_68251.pdf,68251,True,True,drive-1x9wsvjAW_-5rbu8z2UzOa2TSdpJu1bEb-68251,https://drive.google.com/file/d/1x9wsvjAW_-5rbu8z2UzOa2TSdpJu1bEb/preview,https://drive.google.com/file/d/1x9wsvjAW_-5rbu8z2UzOa2TSdpJu1bEb/view?usp=drivesdk
1R9gpvxDc-8mT_HYutC4wa3XEkD6sF8Q-,68260,LUND,Czesci_zamienne_68260.pdf,68260,True,True,drive-1R9gpvxDc-8mT_HYutC4wa3XEkD6sF8Q--68260,https://drive.google.com/file/d/1R9gpvxDc-8mT_HYutC4wa3XEkD6sF8Q-/preview,https://drive.google.com/file/d/1R9gpvxDc-8mT_HYutC4wa3XEkD6sF8Q-/view?usp=drivesdk
16gz5TAMMYACrZL5eq3aaqAiKyr60ajsP,68270,LUND,Czesci_zamienne_68270.pdf,68270,True,True,drive-16gz5TAMMYACrZL5eq3aaqAiKyr60ajsP-68270,https://drive.google.com/file/d/16gz5TAMMYACrZL5eq3aaqAiKyr60ajsP/preview,https://drive.google.com/file/d/16gz5TAMMYACrZL5eq3aaqAiKyr60ajsP/view?usp=drivesdk
1tCHh5iVgTNXeO-0ubNu-cY6RrUtvPAF4,68271,LUND,Czesci_zamienne_68271.pdf,68271,True,True,drive-1tCHh5iVgTNXeO-0ubNu-cY6RrUtvPAF4-68271,https://drive.google.com/file/d/1tCHh5iVgTNXeO-0ubNu-cY6RrUtvPAF4/preview,https://drive.google.com/file/d/1tCHh5iVgTNXeO-0ubNu-cY6RrUtvPAF4/view?usp=drivesdk
1tZvd7BpIVC8fd7LPG7EnwnWS84W6CrDc,68272,LUND,Czesci_zamienne_68272.pdf,68272,True,True,drive-1tZvd7BpIVC8fd7LPG7EnwnWS84W6CrDc-68272,https://drive.google.com/file/d/1tZvd7BpIVC8fd7LPG7EnwnWS84W6CrDc/preview,https://drive.google.com/file/d/1tZvd7BpIVC8fd7LPG7EnwnWS84W6CrDc/view?usp=drivesdk
14oV0c9ueIlXhrid34Sj7U9-gzGivB3_4,68273,LUND,Czesci_zamienne_68273.pdf,68273,True,True,drive-14oV0c9ueIlXhrid34Sj7U9-gzGivB3_4-68273,https://drive.google.com/file/d/14oV0c9ueIlXhrid34Sj7U9-gzGivB3_4/preview,https://drive.google.com/file/d/14oV0c9ueIlXhrid34Sj7U9-gzGivB3_4/view?usp=drivesdk
1nF1PE5pvOYwJWj1p_o9Hq5jcPhHUeoPV,68280,LUND,Czesci_zamienne_68280.pdf,68280,True,True,drive-1nF1PE5pvOYwJWj1p_o9Hq5jcPhHUeoPV-68280,https://drive.google.com/file/d/1nF1PE5pvOYwJWj1p_o9Hq5jcPhHUeoPV/preview,https://drive.google.com/file/d/1nF1PE5pvOYwJWj1p_o9Hq5jcPhHUeoPV/view?usp=drivesdk
1pTOBooQlKQUqV9ojSW11yvN6W-Cy34mP,68281,LUND,Czesci_zamienne_68281.pdf,68281,True,True,drive-1pTOBooQlKQUqV9ojSW11yvN6W-Cy34mP-68281,https://drive.google.com/file/d/1pTOBooQlKQUqV9ojSW11yvN6W-Cy34mP/preview,https://drive.google.com/file/d/1pTOBooQlKQUqV9ojSW11yvN6W-Cy34mP/view?usp=drivesdk
1pQSW-RzgX52fzy2qCp-uk-Tmc7KIx5C7,68477,LUND,Czesci_zamienne_68477.pdf,68477,True,True,drive-1pQSW-RzgX52fzy2qCp-uk-Tmc7KIx5C7-68477,https://drive.google.com/file/d/1pQSW-RzgX52fzy2qCp-uk-Tmc7KIx5C7/preview,https://drive.google.com/file/d/1pQSW-RzgX52fzy2qCp-uk-Tmc7KIx5C7/view?usp=drivesdk
1TSLsMvrwnRG1lGQTnTOOTFYwCRRrbbkZ,68480,LUND,Czesci_zamienne_68480.pdf,68480,True,True,drive-1TSLsMvrwnRG1lGQTnTOOTFYwCRRrbbkZ-68480,https://drive.google.com/file/d/1TSLsMvrwnRG1lGQTnTOOTFYwCRRrbbkZ/preview,https://drive.google.com/file/d/1TSLsMvrwnRG1lGQTnTOOTFYwCRRrbbkZ/view?usp=drivesdk
1hkM9Bs9bcjmyK6cOLHG-YPDQjIxzFMIb,68481,LUND,Czesci_zamienne_68481.pdf,68481,True,True,drive-1hkM9Bs9bcjmyK6cOLHG-YPDQjIxzFMIb-68481,https://drive.google.com/file/d/1hkM9Bs9bcjmyK6cOLHG-YPDQjIxzFMIb/preview,https://drive.google.com/file/d/1hkM9Bs9bcjmyK6cOLHG-YPDQjIxzFMIb/view?usp=drivesdk
1BmY-I3XWXWaFuSrBFp7nu-_YhUaWRDz8,68501,LUND,Czesci_zamienne_68501.pdf,68501,True,True,drive-1BmY-I3XWXWaFuSrBFp7nu-_YhUaWRDz8-68501,https://drive.google.com/file/d/1BmY-I3XWXWaFuSrBFp7nu-_YhUaWRDz8/preview,https://drive.google.com/file/d/1BmY-I3XWXWaFuSrBFp7nu-_YhUaWRDz8/view?usp=drivesdk
1rZxyvUdDPyQVaRK-SCsHRt0Ff1jeFjgX,68502,LUND,Czesci_zamienne_68502.pdf,68502,True,True,drive-1rZxyvUdDPyQVaRK-SCsHRt0Ff1jeFjgX-68502,https://drive.google.com/file/d/1rZxyvUdDPyQVaRK-SCsHRt0Ff1jeFjgX/preview,https://drive.google.com/file/d/1rZxyvUdDPyQVaRK-SCsHRt0Ff1jeFjgX/view?usp=drivesdk
1FB4xXT8ZsD0iTtIMRniyyI606j_DB4iY,68510,LUND,Czesci_zamienne_68510.pdf,68510,True,True,drive-1FB4xXT8ZsD0iTtIMRniyyI606j_DB4iY-68510,https://drive.google.com/file/d/1FB4xXT8ZsD0iTtIMRniyyI606j_DB4iY/preview,https://drive.google.com/file/d/1FB4xXT8ZsD0iTtIMRniyyI606j_DB4iY/view?usp=drivesdk
1ZHv-KtM0-VBaUIC4wYjAQOvoEFWuCFOe,68650,LUND,Czesci_zamienne_68650.pdf,68650,True,True,drive-1ZHv-KtM0-VBaUIC4wYjAQOvoEFWuCFOe-68650,https://drive.google.com/file/d/1ZHv-KtM0-VBaUIC4wYjAQOvoEFWuCFOe/preview,https://drive.google.com/file/d/1ZHv-KtM0-VBaUIC4wYjAQOvoEFWuCFOe/view?usp=drivesdk
1yXg67R3HTcEXS4NGEO6HUH8xB-4AukI5,68651,LUND,Czesci_zamienne_68651.pdf,68651,True,True,drive-1yXg67R3HTcEXS4NGEO6HUH8xB-4AukI5-68651,https://drive.google.com/file/d/1yXg67R3HTcEXS4NGEO6HUH8xB-4AukI5/preview,https://drive.google.com/file/d/1yXg67R3HTcEXS4NGEO6HUH8xB-4AukI5/view?usp=drivesdk
1AfnCxtGNSfioIbpVApiCi39qCPiaTw8X,68652,LUND,Czesci_zamienne_68652.pdf,68652,True,True,drive-1AfnCxtGNSfioIbpVApiCi39qCPiaTw8X-68652,https://drive.google.com/file/d/1AfnCxtGNSfioIbpVApiCi39qCPiaTw8X/preview,https://drive.google.com/file/d/1AfnCxtGNSfioIbpVApiCi39qCPiaTw8X/view?usp=drivesdk
1KCLT3gdez_mM0NC9Eeh9ch6Qr_F7cauO,68791,LUND,Czesci_zamienne_68791.pdf,68791,True,True,drive-1KCLT3gdez_mM0NC9Eeh9ch6Qr_F7cauO-68791,https://drive.google.com/file/d/1KCLT3gdez_mM0NC9Eeh9ch6Qr_F7cauO/preview,https://drive.google.com/file/d/1KCLT3gdez_mM0NC9Eeh9ch6Qr_F7cauO/view?usp=drivesdk
1hvRa9rnEqrxP1X62VSd9qf241GYuimvC,68792,LUND,Czesci_zamienne_68792.pdf,68792,True,True,drive-1hvRa9rnEqrxP1X62VSd9qf241GYuimvC-68792,https://drive.google.com/file/d/1hvRa9rnEqrxP1X62VSd9qf241GYuimvC/preview,https://drive.google.com/file/d/1hvRa9rnEqrxP1X62VSd9qf241GYuimvC/view?usp=drivesdk
1aNaojBY37kRICtQ6WkOeKjtlI9Dm0aDO,68793,LUND,Czesci_zamienne_68793.pdf,68793,True,True,drive-1aNaojBY37kRICtQ6WkOeKjtlI9Dm0aDO-68793,https://drive.google.com/file/d/1aNaojBY37kRICtQ6WkOeKjtlI9Dm0aDO/preview,https://drive.google.com/file/d/1aNaojBY37kRICtQ6WkOeKjtlI9Dm0aDO/view?usp=drivesdk
1O2A--OzQc5J1DdNZqxS_i-hiLiERGotq,70280,LUND,Czesci_zamienne_70280.pdf,70280,True,True,drive-1O2A--OzQc5J1DdNZqxS_i-hiLiERGotq-70280,https://drive.google.com/file/d/1O2A--OzQc5J1DdNZqxS_i-hiLiERGotq/preview,https://drive.google.com/file/d/1O2A--OzQc5J1DdNZqxS_i-hiLiERGotq/view?usp=drivesdk
1sNav0wPmLS78pFC2ZFNqGmgqSmFgiPn_,71500,LUND,Czesci_zamienne_71500.pdf,71500,True,True,drive-1sNav0wPmLS78pFC2ZFNqGmgqSmFgiPn_-71500,https://drive.google.com/file/d/1sNav0wPmLS78pFC2ZFNqGmgqSmFgiPn_/preview,https://drive.google.com/file/d/1sNav0wPmLS78pFC2ZFNqGmgqSmFgiPn_/view?usp=drivesdk
1etGMUo-snHA2-lPNUsnXcdbcvp_2oHx0,72928,LUND,Czesci_zamienne_72928.pdf,72928,True,True,drive-1etGMUo-snHA2-lPNUsnXcdbcvp_2oHx0-72928,https://drive.google.com/file/d/1etGMUo-snHA2-lPNUsnXcdbcvp_2oHx0/preview,https://drive.google.com/file/d/1etGMUo-snHA2-lPNUsnXcdbcvp_2oHx0/view?usp=drivesdk
11ZL0EDRcOIgF1V5qpozXiVHvb2D4d4kT,72930,LUND,Czesci_zamienne_72930.pdf,72930,True,True,drive-11ZL0EDRcOIgF1V5qpozXiVHvb2D4d4kT-72930,https://drive.google.com/file/d/11ZL0EDRcOIgF1V5qpozXiVHvb2D4d4kT/preview,https://drive.google.com/file/d/11ZL0EDRcOIgF1V5qpozXiVHvb2D4d4kT/view?usp=drivesdk
1xj3l2AaEtD7nOwO0dSlLxn2_bAs_eo7Q,73056,LUND,Czesci_zamienne_73056.pdf,73056,True,True,drive-1xj3l2AaEtD7nOwO0dSlLxn2_bAs_eo7Q-73056,https://drive.google.com/file/d/1xj3l2AaEtD7nOwO0dSlLxn2_bAs_eo7Q/preview,https://drive.google.com/file/d/1xj3l2AaEtD7nOwO0dSlLxn2_bAs_eo7Q/view?usp=drivesdk
1ijx7LHkIJpJzo9gHU6AI1XdAwAPRjOOe,73200,LUND,Czesci_zamienne_73200.pdf,73200,True,True,drive-1ijx7LHkIJpJzo9gHU6AI1XdAwAPRjOOe-73200,https://drive.google.com/file/d/1ijx7LHkIJpJzo9gHU6AI1XdAwAPRjOOe/preview,https://drive.google.com/file/d/1ijx7LHkIJpJzo9gHU6AI1XdAwAPRjOOe/view?usp=drivesdk
1Cx6ta-4YuAvjMnxc5tzXayzGteuK5N9m,73201,LUND,Czesci_zamienne_73201.pdf,73201,True,True,drive-1Cx6ta-4YuAvjMnxc5tzXayzGteuK5N9m-73201,https://drive.google.com/file/d/1Cx6ta-4YuAvjMnxc5tzXayzGteuK5N9m/preview,https://drive.google.com/file/d/1Cx6ta-4YuAvjMnxc5tzXayzGteuK5N9m/view?usp=drivesdk
1CFi1FRfOCYA3x-ROsInf-d9vL47nge8I,73202,LUND,Czesci_zamienne_73202.pdf,73202,True,True,drive-1CFi1FRfOCYA3x-ROsInf-d9vL47nge8I-73202,https://drive.google.com/file/d/1CFi1FRfOCYA3x-ROsInf-d9vL47nge8I/preview,https://drive.google.com/file/d/1CFi1FRfOCYA3x-ROsInf-d9vL47nge8I/view?usp=drivesdk
1ON5Svay2Im1N5Sxv5WzP85kti8vtd8Zm,73203,LUND,Czesci_zamienne_73203.pdf,73203,True,True,drive-1ON5Svay2Im1N5Sxv5WzP85kti8vtd8Zm-73203,https://drive.google.com/file/d/1ON5Svay2Im1N5Sxv5WzP85kti8vtd8Zm/preview,https://drive.google.com/file/d/1ON5Svay2Im1N5Sxv5WzP85kti8vtd8Zm/view?usp=drivesdk
1sccR21AhMdj7inafmlYxELtgJadVIAxi,73400,LUND,Czesci_zamienne_73400.pdf,73400,True,True,drive-1sccR21AhMdj7inafmlYxELtgJadVIAxi-73400,https://drive.google.com/file/d/1sccR21AhMdj7inafmlYxELtgJadVIAxi/preview,https://drive.google.com/file/d/1sccR21AhMdj7inafmlYxELtgJadVIAxi/view?usp=drivesdk
1eSdK1WQN-ptwRGO-_eUEQsDTo3aF3euk,73403,LUND,Czesci_zamienne_73403.pdf,73403,True,True,drive-1eSdK1WQN-ptwRGO-_eUEQsDTo3aF3euk-73403,https://drive.google.com/file/d/1eSdK1WQN-ptwRGO-_eUEQsDTo3aF3euk/preview,https://drive.google.com/file/d/1eSdK1WQN-ptwRGO-_eUEQsDTo3aF3euk/view?usp=drivesdk
1hOBE2GdZ33LWxb_IttabsGNWqCns6OIf,73410,LUND,Czesci_zamienne_73410.pdf,73410,True,True,drive-1hOBE2GdZ33LWxb_IttabsGNWqCns6OIf-73410,https://drive.google.com/file/d/1hOBE2GdZ33LWxb_IttabsGNWqCns6OIf/preview,https://drive.google.com/file/d/1hOBE2GdZ33LWxb_IttabsGNWqCns6OIf/view?usp=drivesdk
1TFoxwXQmqin82NfXfztTUdX33TuIIusg,73420,LUND,Czesci_zamienne_73420.pdf,73420,True,True,drive-1TFoxwXQmqin82NfXfztTUdX33TuIIusg-73420,https://drive.google.com/file/d/1TFoxwXQmqin82NfXfztTUdX33TuIIusg/preview,https://drive.google.com/file/d/1TFoxwXQmqin82NfXfztTUdX33TuIIusg/view?usp=drivesdk
1f55q7HLIiAq1SquYekfdvY5h7PUnKJ4k,73470,LUND,Czesci_zamienne_73470.pdf,73470,True,True,drive-1f55q7HLIiAq1SquYekfdvY5h7PUnKJ4k-73470,https://drive.google.com/file/d/1f55q7HLIiAq1SquYekfdvY5h7PUnKJ4k/preview,https://drive.google.com/file/d/1f55q7HLIiAq1SquYekfdvY5h7PUnKJ4k/view?usp=drivesdk
1gdc59j4HOfF2GiurbLxzeOQWlaTG5PjH,73473,LUND,Czesci_zamienne_73473.pdf,73473,True,True,drive-1gdc59j4HOfF2GiurbLxzeOQWlaTG5PjH-73473,https://drive.google.com/file/d/1gdc59j4HOfF2GiurbLxzeOQWlaTG5PjH/preview,https://drive.google.com/file/d/1gdc59j4HOfF2GiurbLxzeOQWlaTG5PjH/view?usp=drivesdk
1xbzS13WgdPQQ382NIxVKciOeKoLPZDpL,75662,FALA,Czesci_zamienne_75662.pdf,75662,True,True,drive-1xbzS13WgdPQQ382NIxVKciOeKoLPZDpL-75662,https://drive.google.com/file/d/1xbzS13WgdPQQ382NIxVKciOeKoLPZDpL/preview,https://drive.google.com/file/d/1xbzS13WgdPQQ382NIxVKciOeKoLPZDpL/view?usp=drivesdk
1Vs3egicm34qyI6aTOyXTiQteDD3f4eTj,75663,FALA,Czesci_zamienne_75663.pdf,75663,True,True,drive-1Vs3egicm34qyI6aTOyXTiQteDD3f4eTj-75663,https://drive.google.com/file/d/1Vs3egicm34qyI6aTOyXTiQteDD3f4eTj/preview,https://drive.google.com/file/d/1Vs3egicm34qyI6aTOyXTiQteDD3f4eTj/view?usp=drivesdk
1WRnfeVYvdT3Ay-lzbOTkHDx8TCefyFCH,75664,FALA,Czesci_zamienne_75664.pdf,75664,True,True,drive-1WRnfeVYvdT3Ay-lzbOTkHDx8TCefyFCH-75664,https://drive.google.com/file/d/1WRnfeVYvdT3Ay-lzbOTkHDx8TCefyFCH/preview,https://drive.google.com/file/d/1WRnfeVYvdT3Ay-lzbOTkHDx8TCefyFCH/view?usp=drivesdk
1uYxQIVxJFzeG-ZqK6qTl_iPsJWsjwOzp,75665,FALA,Czesci_zamienne_75665.pdf,75665,True,True,drive-1uYxQIVxJFzeG-ZqK6qTl_iPsJWsjwOzp-75665,https://drive.google.com/file/d/1uYxQIVxJFzeG-ZqK6qTl_iPsJWsjwOzp/preview,https://drive.google.com/file/d/1uYxQIVxJFzeG-ZqK6qTl_iPsJWsjwOzp/view?usp=drivesdk
10b1DAA8RQ7OCm3a36ozXBPLALcDKJTJD,75670,FALA,Czesci_zamienne_75670.pdf,75670,True,True,drive-10b1DAA8RQ7OCm3a36ozXBPLALcDKJTJD-75670,https://drive.google.com/file/d/10b1DAA8RQ7OCm3a36ozXBPLALcDKJTJD/preview,https://drive.google.com/file/d/10b1DAA8RQ7OCm3a36ozXBPLALcDKJTJD/view?usp=drivesdk
1eICZCIDLrPCM2IgfbnZ6fQySAv5_lWZU,75671,FALA,Czesci_zamienne_75671.pdf,75671,True,True,drive-1eICZCIDLrPCM2IgfbnZ6fQySAv5_lWZU-75671,https://drive.google.com/file/d/1eICZCIDLrPCM2IgfbnZ6fQySAv5_lWZU/preview,https://drive.google.com/file/d/1eICZCIDLrPCM2IgfbnZ6fQySAv5_lWZU/view?usp=drivesdk
1wRcGUEP00VZxHb472q2k9ntkUNOAN6Sx,75672,FALA,Czesci_zamienne_75672.pdf,75672,True,True,drive-1wRcGUEP00VZxHb472q2k9ntkUNOAN6Sx-75672,https://drive.google.com/file/d/1wRcGUEP00VZxHb472q2k9ntkUNOAN6Sx/preview,https://drive.google.com/file/d/1wRcGUEP00VZxHb472q2k9ntkUNOAN6Sx/view?usp=drivesdk
1H3Eha9O7CA2fDXMvYNYNgQZSIcosCMaH,75673,FALA,Czesci_zamienne_75673.pdf,75673,True,True,drive-1H3Eha9O7CA2fDXMvYNYNgQZSIcosCMaH-75673,https://drive.google.com/file/d/1H3Eha9O7CA2fDXMvYNYNgQZSIcosCMaH/preview,https://drive.google.com/file/d/1H3Eha9O7CA2fDXMvYNYNgQZSIcosCMaH/view?usp=drivesdk
1FOvabGctbkX0dP3-2CdkA4zINFfYfuy2,75674,FALA,Czesci_zamienne_75674.pdf,75674,True,True,drive-1FOvabGctbkX0dP3-2CdkA4zINFfYfuy2-75674,https://drive.google.com/file/d/1FOvabGctbkX0dP3-2CdkA4zINFfYfuy2/preview,https://drive.google.com/file/d/1FOvabGctbkX0dP3-2CdkA4zINFfYfuy2/view?usp=drivesdk
1QfDXIFrDIXepCPLsiKVBbymrQBWpc_LP,75685,FALA,Czesci_zamienne_75685.pdf,75685,True,True,drive-1QfDXIFrDIXepCPLsiKVBbymrQBWpc_LP-75685,https://drive.google.com/file/d/1QfDXIFrDIXepCPLsiKVBbymrQBWpc_LP/preview,https://drive.google.com/file/d/1QfDXIFrDIXepCPLsiKVBbymrQBWpc_LP/view?usp=drivesdk
1XamBtsgxYtjm5t5Cx0AJRUr7abvoWoHY,75686,FALA,Czesci_zamienne_75686.pdf,75686,True,True,drive-1XamBtsgxYtjm5t5Cx0AJRUr7abvoWoHY-75686,https://drive.google.com/file/d/1XamBtsgxYtjm5t5Cx0AJRUr7abvoWoHY/preview,https://drive.google.com/file/d/1XamBtsgxYtjm5t5Cx0AJRUr7abvoWoHY/view?usp=drivesdk
10OMBbfAOma7h9P-UWbQreCf0N2JbFtBt,75687,FALA,Czesci_zamienne_75687.pdf,75687,True,True,drive-10OMBbfAOma7h9P-UWbQreCf0N2JbFtBt-75687,https://drive.google.com/file/d/10OMBbfAOma7h9P-UWbQreCf0N2JbFtBt/preview,https://drive.google.com/file/d/10OMBbfAOma7h9P-UWbQreCf0N2JbFtBt/view?usp=drivesdk
1csjAhMRm3xQsfESi8bopwwizy5ky5QXS,75688,FALA,Czesci_zamienne_75688.pdf,75688,True,True,drive-1csjAhMRm3xQsfESi8bopwwizy5ky5QXS-75688,https://drive.google.com/file/d/1csjAhMRm3xQsfESi8bopwwizy5ky5QXS/preview,https://drive.google.com/file/d/1csjAhMRm3xQsfESi8bopwwizy5ky5QXS/view?usp=drivesdk
1O7K5qMCOH3J7Gau2KaZN9sEbhFK4sERj,75689,FALA,Czesci_zamienne_75689.pdf,75689,True,True,drive-1O7K5qMCOH3J7Gau2KaZN9sEbhFK4sERj-75689,https://drive.google.com/file/d/1O7K5qMCOH3J7Gau2KaZN9sEbhFK4sERj/preview,https://drive.google.com/file/d/1O7K5qMCOH3J7Gau2KaZN9sEbhFK4sERj/view?usp=drivesdk
1cX9xHSMf8DCGNcuuAllMrYKct95kpSVL,75705,FALA,Czesci_zamienne_75705_75706_75707_75708_75709_75710_75711_75712.pdf,75705 75706 75707 75708 75709 75710 75711 75712,False,True,drive-1cX9xHSMf8DCGNcuuAllMrYKct95kpSVL-75705,https://drive.google.com/file/d/1cX9xHSMf8DCGNcuuAllMrYKct95kpSVL/preview,https://drive.google.com/file/d/1cX9xHSMf8DCGNcuuAllMrYKct95kpSVL/view?usp=drivesdk
12ZfCnlOFsSR3K9__DWmsuLGMHszxBEAW,75716,FALA,Czesci_zamienne_75716.pdf,75716,True,True,drive-12ZfCnlOFsSR3K9__DWmsuLGMHszxBEAW-75716,https://drive.google.com/file/d/12ZfCnlOFsSR3K9__DWmsuLGMHszxBEAW/preview,https://drive.google.com/file/d/12ZfCnlOFsSR3K9__DWmsuLGMHszxBEAW/view?usp=drivesdk
1L9FkzWPSBvzxiAUSTZHC9Eapk26a2miN,75719,FALA,Czesci_zamienne_75719.pdf,75719,True,True,drive-1L9FkzWPSBvzxiAUSTZHC9Eapk26a2miN-75719,https://drive.google.com/file/d/1L9FkzWPSBvzxiAUSTZHC9Eapk26a2miN/preview,https://drive.google.com/file/d/1L9FkzWPSBvzxiAUSTZHC9Eapk26a2miN/view?usp=drivesdk
19AJAphYV9BivM2RUauku2GS5mX5GPDTt,75740,FALA,Czesci_zamienne_75740.pdf,75740,True,True,drive-19AJAphYV9BivM2RUauku2GS5mX5GPDTt-75740,https://drive.google.com/file/d/19AJAphYV9BivM2RUauku2GS5mX5GPDTt/preview,https://drive.google.com/file/d/19AJAphYV9BivM2RUauku2GS5mX5GPDTt/view?usp=drivesdk
1SWK2BnSeQ8APCVmk73oIPphY1CZc1V6R,75742,FALA,Czesci_zamienne_75742.pdf,75742,True,True,drive-1SWK2BnSeQ8APCVmk73oIPphY1CZc1V6R-75742,https://drive.google.com/file/d/1SWK2BnSeQ8APCVmk73oIPphY1CZc1V6R/preview,https://drive.google.com/file/d/1SWK2BnSeQ8APCVmk73oIPphY1CZc1V6R/view?usp=drivesdk
1pNH5Vxv2qklNhMaIeXI4gpu1i8yJqJ3n,75743,FALA,Czesci_zamienne_75743.pdf,75743,True,True,drive-1pNH5Vxv2qklNhMaIeXI4gpu1i8yJqJ3n-75743,https://drive.google.com/file/d/1pNH5Vxv2qklNhMaIeXI4gpu1i8yJqJ3n/preview,https://drive.google.com/file/d/1pNH5Vxv2qklNhMaIeXI4gpu1i8yJqJ3n/view?usp=drivesdk
1PCqSj9PR2uGZF7098KAlaR2OeHlN0aR9,75745,FALA,Czesci_zamienne_75745.pdf,75745,True,True,drive-1PCqSj9PR2uGZF7098KAlaR2OeHlN0aR9-75745,https://drive.google.com/file/d/1PCqSj9PR2uGZF7098KAlaR2OeHlN0aR9/preview,https://drive.google.com/file/d/1PCqSj9PR2uGZF7098KAlaR2OeHlN0aR9/view?usp=drivesdk
1TteOO7b_10w22N0E_6-3cAKnvdoXmCNO,75747,FALA,Czesci_zamienne_75747.pdf,75747,True,True,drive-1TteOO7b_10w22N0E_6-3cAKnvdoXmCNO-75747,https://drive.google.com/file/d/1TteOO7b_10w22N0E_6-3cAKnvdoXmCNO/preview,https://drive.google.com/file/d/1TteOO7b_10w22N0E_6-3cAKnvdoXmCNO/view?usp=drivesdk
1NSag2JaycT4tP0bzVrHJmzlgwRtu6s42,75748,FALA,Czesci_zamienne_75748.pdf,75748,True,True,drive-1NSag2JaycT4tP0bzVrHJmzlgwRtu6s42-75748,https://drive.google.com/file/d/1NSag2JaycT4tP0bzVrHJmzlgwRtu6s42/preview,https://drive.google.com/file/d/1NSag2JaycT4tP0bzVrHJmzlgwRtu6s42/view?usp=drivesdk
1c_Tsqg-_kdId9rskUBfCoQ6KZ1z5Zvm4,75749,FALA,Czesci_zamienne_75749.pdf,75749,True,True,drive-1c_Tsqg-_kdId9rskUBfCoQ6KZ1z5Zvm4-75749,https://drive.google.com/file/d/1c_Tsqg-_kdId9rskUBfCoQ6KZ1z5Zvm4/preview,https://drive.google.com/file/d/1c_Tsqg-_kdId9rskUBfCoQ6KZ1z5Zvm4/view?usp=drivesdk
1COJxn5Uwlee9Qayn-IOVv2Ds-SIgKWXs,75760,FALA,Czesci_zamienne_75760.pdf,75760,True,True,drive-1COJxn5Uwlee9Qayn-IOVv2Ds-SIgKWXs-75760,https://drive.google.com/file/d/1COJxn5Uwlee9Qayn-IOVv2Ds-SIgKWXs/preview,https://drive.google.com/file/d/1COJxn5Uwlee9Qayn-IOVv2Ds-SIgKWXs/view?usp=drivesdk
1IuKH3mWRIIZbWJMwnKelNLyOO7K0syD0,75762,FALA,Czesci_zamienne_75762.pdf,75762,True,True,drive-1IuKH3mWRIIZbWJMwnKelNLyOO7K0syD0-75762,https://drive.google.com/file/d/1IuKH3mWRIIZbWJMwnKelNLyOO7K0syD0/preview,https://drive.google.com/file/d/1IuKH3mWRIIZbWJMwnKelNLyOO7K0syD0/view?usp=drivesdk
10CB35QwoybNeaXN8iDurLd2-_YQrVpr-,75763,FALA,Czesci_zamienne_75763.pdf,75763,True,True,drive-10CB35QwoybNeaXN8iDurLd2-_YQrVpr--75763,https://drive.google.com/file/d/10CB35QwoybNeaXN8iDurLd2-_YQrVpr-/preview,https://drive.google.com/file/d/10CB35QwoybNeaXN8iDurLd2-_YQrVpr-/view?usp=drivesdk
1VxQAgl-Mj9LxB-sVesFX8ync3fiaHy8F,75764,FALA,Czesci_zamienne_75764.pdf,75764,True,True,drive-1VxQAgl-Mj9LxB-sVesFX8ync3fiaHy8F-75764,https://drive.google.com/file/d/1VxQAgl-Mj9LxB-sVesFX8ync3fiaHy8F/preview,https://drive.google.com/file/d/1VxQAgl-Mj9LxB-sVesFX8ync3fiaHy8F/view?usp=drivesdk
18dGQA4XoOI6epOO2oVFMMQE8VFLKcx3U,75765,FALA,Czesci_zamienne_75765.pdf,75765,True,True,drive-18dGQA4XoOI6epOO2oVFMMQE8VFLKcx3U-75765,https://drive.google.com/file/d/18dGQA4XoOI6epOO2oVFMMQE8VFLKcx3U/preview,https://drive.google.com/file/d/18dGQA4XoOI6epOO2oVFMMQE8VFLKcx3U/view?usp=drivesdk
1eCJ8tE_Pgxv-dgrS8RnCNXXa4LMDQH69,75767,FALA,Czesci_zamienne_75767.pdf,75767,True,True,drive-1eCJ8tE_Pgxv-dgrS8RnCNXXa4LMDQH69-75767,https://drive.google.com/file/d/1eCJ8tE_Pgxv-dgrS8RnCNXXa4LMDQH69/preview,https://drive.google.com/file/d/1eCJ8tE_Pgxv-dgrS8RnCNXXa4LMDQH69/view?usp=drivesdk
1-tRE3E__lYY63j8jepUi8oJp1toIpgdY,75768,FALA,Czesci_zamienne_75768.pdf,75768,True,True,drive-1-tRE3E__lYY63j8jepUi8oJp1toIpgdY-75768,https://drive.google.com/file/d/1-tRE3E__lYY63j8jepUi8oJp1toIpgdY/preview,https://drive.google.com/file/d/1-tRE3E__lYY63j8jepUi8oJp1toIpgdY/view?usp=drivesdk
1-bfT2cMt5mB5SAopXutiEdyod6RfwOp5,75770,FALA,Czesci_zamienne_75770.pdf,75770,True,True,drive-1-bfT2cMt5mB5SAopXutiEdyod6RfwOp5-75770,https://drive.google.com/file/d/1-bfT2cMt5mB5SAopXutiEdyod6RfwOp5/preview,https://drive.google.com/file/d/1-bfT2cMt5mB5SAopXutiEdyod6RfwOp5/view?usp=drivesdk
1LidYPtupSaaSRozPBsGA3zCxkhj9caVp,75772,FALA,Czesci_zamienne_75772.pdf,75772,True,True,drive-1LidYPtupSaaSRozPBsGA3zCxkhj9caVp-75772,https://drive.google.com/file/d/1LidYPtupSaaSRozPBsGA3zCxkhj9caVp/preview,https://drive.google.com/file/d/1LidYPtupSaaSRozPBsGA3zCxkhj9caVp/view?usp=drivesdk
1ibGWGSFK8CoZ4DFj4VX3kgQmgIsV1UV7,75773,FALA,Czesci_zamienne_75773.pdf,75773,True,True,drive-1ibGWGSFK8CoZ4DFj4VX3kgQmgIsV1UV7-75773,https://drive.google.com/file/d/1ibGWGSFK8CoZ4DFj4VX3kgQmgIsV1UV7/preview,https://drive.google.com/file/d/1ibGWGSFK8CoZ4DFj4VX3kgQmgIsV1UV7/view?usp=drivesdk
1aokKE9cAlrGM2K6xIjd32bAb1lzqQkuu,75774,FALA,Czesci_zamienne_75774.pdf,75774,True,True,drive-1aokKE9cAlrGM2K6xIjd32bAb1lzqQkuu-75774,https://drive.google.com/file/d/1aokKE9cAlrGM2K6xIjd32bAb1lzqQkuu/preview,https://drive.google.com/file/d/1aokKE9cAlrGM2K6xIjd32bAb1lzqQkuu/view?usp=drivesdk
1ppviAx10hZvaHzKwXYejW3EwQ3L-bAUP,75775,FALA,Czesci_zamienne_75775-75779.pdf,75775-75779,True,True,drive-1ppviAx10hZvaHzKwXYejW3EwQ3L-bAUP-75775,https://drive.google.com/file/d/1ppviAx10hZvaHzKwXYejW3EwQ3L-bAUP/preview,https://drive.google.com/file/d/1ppviAx10hZvaHzKwXYejW3EwQ3L-bAUP/view?usp=drivesdk
1aAFxBmhrc-awSq3JuXmuT2x1NGFiC_MM,75775,FALA,Czesci_zamienne_75775_75776_75777_75778_75779.pdf,75775 75776 75777 75778 75779,False,True,drive-1aAFxBmhrc-awSq3JuXmuT2x1NGFiC_MM-75775,https://drive.google.com/file/d/1aAFxBmhrc-awSq3JuXmuT2x1NGFiC_MM/preview,https://drive.google.com/file/d/1aAFxBmhrc-awSq3JuXmuT2x1NGFiC_MM/view?usp=drivesdk
1d4BjT_Pl46xLQVQyyzTNzEP7nCeHma0j,75804,FALA,Czesci_zamienne_75804.pdf,75804,True,True,drive-1d4BjT_Pl46xLQVQyyzTNzEP7nCeHma0j-75804,https://drive.google.com/file/d/1d4BjT_Pl46xLQVQyyzTNzEP7nCeHma0j/preview,https://drive.google.com/file/d/1d4BjT_Pl46xLQVQyyzTNzEP7nCeHma0j/view?usp=drivesdk
1H85n3n99OFjdWSYSl-DL5Z6Sv_zpoSXN,75805,FALA,Czesci_zamienne_75805.pdf,75805,True,True,drive-1H85n3n99OFjdWSYSl-DL5Z6Sv_zpoSXN-75805,https://drive.google.com/file/d/1H85n3n99OFjdWSYSl-DL5Z6Sv_zpoSXN/preview,https://drive.google.com/file/d/1H85n3n99OFjdWSYSl-DL5Z6Sv_zpoSXN/view?usp=drivesdk
1hCUdqFVU7YHr6cBmJwDuhkA3Jjfe6lNt,75807,FALA,Czesci_zamienne_75807.pdf,75807,True,True,drive-1hCUdqFVU7YHr6cBmJwDuhkA3Jjfe6lNt-75807,https://drive.google.com/file/d/1hCUdqFVU7YHr6cBmJwDuhkA3Jjfe6lNt/preview,https://drive.google.com/file/d/1hCUdqFVU7YHr6cBmJwDuhkA3Jjfe6lNt/view?usp=drivesdk
1dP1O7v-4Lgkavd5Awuz6xjVbzT7RKtSN,75808,FALA,Czesci_zamienne_75808.pdf,75808,True,True,drive-1dP1O7v-4Lgkavd5Awuz6xjVbzT7RKtSN-75808,https://drive.google.com/file/d/1dP1O7v-4Lgkavd5Awuz6xjVbzT7RKtSN/preview,https://drive.google.com/file/d/1dP1O7v-4Lgkavd5Awuz6xjVbzT7RKtSN/view?usp=drivesdk
14c4AXslJoON_jTsRjJ0m_B5PigN0KhdA,75809,FALA,Czesci_zamienne_75809.pdf,75809,True,True,drive-14c4AXslJoON_jTsRjJ0m_B5PigN0KhdA-75809,https://drive.google.com/file/d/14c4AXslJoON_jTsRjJ0m_B5PigN0KhdA/preview,https://drive.google.com/file/d/14c4AXslJoON_jTsRjJ0m_B5PigN0KhdA/view?usp=drivesdk
1l04DTDBs9Oy8NgK17ouhWsc8imky_OoJ,75811,FALA,Czesci_zamienne_75811.pdf,75811,True,True,drive-1l04DTDBs9Oy8NgK17ouhWsc8imky_OoJ-75811,https://drive.google.com/file/d/1l04DTDBs9Oy8NgK17ouhWsc8imky_OoJ/preview,https://drive.google.com/file/d/1l04DTDBs9Oy8NgK17ouhWsc8imky_OoJ/view?usp=drivesdk
1_nV_pyPxAZiKYD8JUTYU8GzdL9qbEK-Z,75812,FALA,Czesci_zamienne_75812.pdf,75812,True,True,drive-1_nV_pyPxAZiKYD8JUTYU8GzdL9qbEK-Z-75812,https://drive.google.com/file/d/1_nV_pyPxAZiKYD8JUTYU8GzdL9qbEK-Z/preview,https://drive.google.com/file/d/1_nV_pyPxAZiKYD8JUTYU8GzdL9qbEK-Z/view?usp=drivesdk
1Ks9Gfvi8YKwGz14f3ldTbhSxhG86F-Be,75813,FALA,Czesci_zamienne_75813.pdf,75813,True,True,drive-1Ks9Gfvi8YKwGz14f3ldTbhSxhG86F-Be-75813,https://drive.google.com/file/d/1Ks9Gfvi8YKwGz14f3ldTbhSxhG86F-Be/preview,https://drive.google.com/file/d/1Ks9Gfvi8YKwGz14f3ldTbhSxhG86F-Be/view?usp=drivesdk
1uiBlqI06lctCmOfZxRDMf2rKqoddKnTK,75814,FALA,Czesci_zamienne_75814.pdf,75814,True,True,drive-1uiBlqI06lctCmOfZxRDMf2rKqoddKnTK-75814,https://drive.google.com/file/d/1uiBlqI06lctCmOfZxRDMf2rKqoddKnTK/preview,https://drive.google.com/file/d/1uiBlqI06lctCmOfZxRDMf2rKqoddKnTK/view?usp=drivesdk
1QWOItK6-tSyKpi3OhSwlX8k9j3o4IpLV,75815,FALA,Czesci_zamienne_75815.pdf,75815,True,True,drive-1QWOItK6-tSyKpi3OhSwlX8k9j3o4IpLV-75815,https://drive.google.com/file/d/1QWOItK6-tSyKpi3OhSwlX8k9j3o4IpLV/preview,https://drive.google.com/file/d/1QWOItK6-tSyKpi3OhSwlX8k9j3o4IpLV/view?usp=drivesdk
1YYn2nLT_xmY84zQGscZUZmEPi92I9NWG,75816,FALA,Czesci_zamienne_75816.pdf,75816,True,True,drive-1YYn2nLT_xmY84zQGscZUZmEPi92I9NWG-75816,https://drive.google.com/file/d/1YYn2nLT_xmY84zQGscZUZmEPi92I9NWG/preview,https://drive.google.com/file/d/1YYn2nLT_xmY84zQGscZUZmEPi92I9NWG/view?usp=drivesdk
1YxI4hnYD1i8IE96ubCwVvrIBRPwjTbpr,75817,FALA,Czesci_zamienne_75817.pdf,75817,True,True,drive-1YxI4hnYD1i8IE96ubCwVvrIBRPwjTbpr-75817,https://drive.google.com/file/d/1YxI4hnYD1i8IE96ubCwVvrIBRPwjTbpr/preview,https://drive.google.com/file/d/1YxI4hnYD1i8IE96ubCwVvrIBRPwjTbpr/view?usp=drivesdk
1izV2ghkvoBoxZ2mRbLuXyQXCKBx13-ot,75818,FALA,Czesci_zamienne_75818.pdf,75818,True,True,drive-1izV2ghkvoBoxZ2mRbLuXyQXCKBx13-ot-75818,https://drive.google.com/file/d/1izV2ghkvoBoxZ2mRbLuXyQXCKBx13-ot/preview,https://drive.google.com/file/d/1izV2ghkvoBoxZ2mRbLuXyQXCKBx13-ot/view?usp=drivesdk
1vJv9U7m1xYJloCN0jiS-qaXRI1MAxiLZ,75827,FALA,Czesci_zamienne_75827.pdf,75827,True,True,drive-1vJv9U7m1xYJloCN0jiS-qaXRI1MAxiLZ-75827,https://drive.google.com/file/d/1vJv9U7m1xYJloCN0jiS-qaXRI1MAxiLZ/preview,https://drive.google.com/file/d/1vJv9U7m1xYJloCN0jiS-qaXRI1MAxiLZ/view?usp=drivesdk
17fYcu__baVBp8tGHsMVpc43PyAX6orYB,75828,FALA,Czesci_zamienne_75828.pdf,75828,True,True,drive-17fYcu__baVBp8tGHsMVpc43PyAX6orYB-75828,https://drive.google.com/file/d/17fYcu__baVBp8tGHsMVpc43PyAX6orYB/preview,https://drive.google.com/file/d/17fYcu__baVBp8tGHsMVpc43PyAX6orYB/view?usp=drivesdk
1zmgizZIORzkAnyF5OQt-A8Qy4q_ssegu,75829,FALA,Czesci_zamienne_75829.pdf,75829,True,True,drive-1zmgizZIORzkAnyF5OQt-A8Qy4q_ssegu-75829,https://drive.google.com/file/d/1zmgizZIORzkAnyF5OQt-A8Qy4q_ssegu/preview,https://drive.google.com/file/d/1zmgizZIORzkAnyF5OQt-A8Qy4q_ssegu/view?usp=drivesdk
1newCoMdBZmrQUlpGw5eZEnKxLDv3Aeh4,75830,FALA,Czesci_zamienne_75830.pdf,75830,True,True,drive-1newCoMdBZmrQUlpGw5eZEnKxLDv3Aeh4-75830,https://drive.google.com/file/d/1newCoMdBZmrQUlpGw5eZEnKxLDv3Aeh4/preview,https://drive.google.com/file/d/1newCoMdBZmrQUlpGw5eZEnKxLDv3Aeh4/view?usp=drivesdk
1yTSq37PYkwkJxHlhNiSJRYI6GsiGWxV9,75831,FALA,Czesci_zamienne_75831.pdf,75831,True,True,drive-1yTSq37PYkwkJxHlhNiSJRYI6GsiGWxV9-75831,https://drive.google.com/file/d/1yTSq37PYkwkJxHlhNiSJRYI6GsiGWxV9/preview,https://drive.google.com/file/d/1yTSq37PYkwkJxHlhNiSJRYI6GsiGWxV9/view?usp=drivesdk
1EhYjclxsVdOBFQfUAuf4QreVbt79lbpR,75832,FALA,Czesci_zamienne_75832.pdf,75832,True,True,drive-1EhYjclxsVdOBFQfUAuf4QreVbt79lbpR-75832,https://drive.google.com/file/d/1EhYjclxsVdOBFQfUAuf4QreVbt79lbpR/preview,https://drive.google.com/file/d/1EhYjclxsVdOBFQfUAuf4QreVbt79lbpR/view?usp=drivesdk
1GXJ4X72PTKnpwl7QPo6G05CoVsfpjUSn,75833,FALA,Czesci_zamienne_75833.pdf,75833,True,True,drive-1GXJ4X72PTKnpwl7QPo6G05CoVsfpjUSn-75833,https://drive.google.com/file/d/1GXJ4X72PTKnpwl7QPo6G05CoVsfpjUSn/preview,https://drive.google.com/file/d/1GXJ4X72PTKnpwl7QPo6G05CoVsfpjUSn/view?usp=drivesdk
1zOK_-D63OHrWQYU1TYt-Y2fF8SuRQDXs,75835,FALA,Czesci_zamienne_75835.pdf,75835,True,True,drive-1zOK_-D63OHrWQYU1TYt-Y2fF8SuRQDXs-75835,https://drive.google.com/file/d/1zOK_-D63OHrWQYU1TYt-Y2fF8SuRQDXs/preview,https://drive.google.com/file/d/1zOK_-D63OHrWQYU1TYt-Y2fF8SuRQDXs/view?usp=drivesdk
1k-roMI2_L5u5_-RvRzehQWyC7NY-COK-,75836,FALA,Czesci_zamienne_75836.pdf,75836,True,True,drive-1k-roMI2_L5u5_-RvRzehQWyC7NY-COK--75836,https://drive.google.com/file/d/1k-roMI2_L5u5_-RvRzehQWyC7NY-COK-/preview,https://drive.google.com/file/d/1k-roMI2_L5u5_-RvRzehQWyC7NY-COK-/view?usp=drivesdk
1yPUxNabt1H7E661BzB8CbXwPSM4HXXVI,75837,FALA,Czesci_zamienne_75837.pdf,75837,True,True,drive-1yPUxNabt1H7E661BzB8CbXwPSM4HXXVI-75837,https://drive.google.com/file/d/1yPUxNabt1H7E661BzB8CbXwPSM4HXXVI/preview,https://drive.google.com/file/d/1yPUxNabt1H7E661BzB8CbXwPSM4HXXVI/view?usp=drivesdk
1ZUKNdvyd79bsJVn3FjKH-vyyjv3JHIke,75838,FALA,Czesci_zamienne_75838.pdf,75838,True,True,drive-1ZUKNdvyd79bsJVn3FjKH-vyyjv3JHIke-75838,https://drive.google.com/file/d/1ZUKNdvyd79bsJVn3FjKH-vyyjv3JHIke/preview,https://drive.google.com/file/d/1ZUKNdvyd79bsJVn3FjKH-vyyjv3JHIke/view?usp=drivesdk
1aaO0uL4l7lvhUqxVOmOzlUGjek9UAUkq,75880,FALA,Czesci_zamienne_75880.pdf,75880,True,True,drive-1aaO0uL4l7lvhUqxVOmOzlUGjek9UAUkq-75880,https://drive.google.com/file/d/1aaO0uL4l7lvhUqxVOmOzlUGjek9UAUkq/preview,https://drive.google.com/file/d/1aaO0uL4l7lvhUqxVOmOzlUGjek9UAUkq/view?usp=drivesdk
1joI4tDAG0mjj41fxiy3tzqpSa8oEyjbo,75881,FALA,Czesci_zamienne_75881.pdf,75881,True,True,drive-1joI4tDAG0mjj41fxiy3tzqpSa8oEyjbo-75881,https://drive.google.com/file/d/1joI4tDAG0mjj41fxiy3tzqpSa8oEyjbo/preview,https://drive.google.com/file/d/1joI4tDAG0mjj41fxiy3tzqpSa8oEyjbo/view?usp=drivesdk
1QP3mA1uoZfC2uVFJ6FpAzZduRtGlHsIi,75882,FALA,Czesci_zamienne_75882.pdf,75882,True,True,drive-1QP3mA1uoZfC2uVFJ6FpAzZduRtGlHsIi-75882,https://drive.google.com/file/d/1QP3mA1uoZfC2uVFJ6FpAzZduRtGlHsIi/preview,https://drive.google.com/file/d/1QP3mA1uoZfC2uVFJ6FpAzZduRtGlHsIi/view?usp=drivesdk
1KA5DSlZr-TD32yOGzan8lHwSffKX550-,75883,FALA,Czesci_zamienne_75883.pdf,75883,True,True,drive-1KA5DSlZr-TD32yOGzan8lHwSffKX550--75883,https://drive.google.com/file/d/1KA5DSlZr-TD32yOGzan8lHwSffKX550-/preview,https://drive.google.com/file/d/1KA5DSlZr-TD32yOGzan8lHwSffKX550-/view?usp=drivesdk
1C81oi0Ye_V1DPPSgPhRBNmKyxcNmxaZ-,75884,FALA,Czesci_zamienne_75884.pdf,75884,True,True,drive-1C81oi0Ye_V1DPPSgPhRBNmKyxcNmxaZ--75884,https://drive.google.com/file/d/1C81oi0Ye_V1DPPSgPhRBNmKyxcNmxaZ-/preview,https://drive.google.com/file/d/1C81oi0Ye_V1DPPSgPhRBNmKyxcNmxaZ-/view?usp=drivesdk
1EsSfMxgr4aqdMsUYriIbPP-unZM-LU5Y,75885,FALA,Czesci_zamienne_75885.pdf,75885,True,True,drive-1EsSfMxgr4aqdMsUYriIbPP-unZM-LU5Y-75885,https://drive.google.com/file/d/1EsSfMxgr4aqdMsUYriIbPP-unZM-LU5Y/preview,https://drive.google.com/file/d/1EsSfMxgr4aqdMsUYriIbPP-unZM-LU5Y/view?usp=drivesdk
19QiOv-HM9VAx9HgJ-qLKWa56KsBWkV_-,75886,FALA,Czesci_zamienne_75886.pdf,75886,True,True,drive-19QiOv-HM9VAx9HgJ-qLKWa56KsBWkV_--75886,https://drive.google.com/file/d/19QiOv-HM9VAx9HgJ-qLKWa56KsBWkV_-/preview,https://drive.google.com/file/d/19QiOv-HM9VAx9HgJ-qLKWa56KsBWkV_-/view?usp=drivesdk
10d7gCUFSAx0HaQWB6ZK7y0Vbh8Nt_cvk,75887,FALA,Czesci_zamienne_75887.pdf,75887,True,True,drive-10d7gCUFSAx0HaQWB6ZK7y0Vbh8Nt_cvk-75887,https://drive.google.com/file/d/10d7gCUFSAx0HaQWB6ZK7y0Vbh8Nt_cvk/preview,https://drive.google.com/file/d/10d7gCUFSAx0HaQWB6ZK7y0Vbh8Nt_cvk/view?usp=drivesdk
1HNCC3K1i1iWiN8Q2LXN51NAY-hOQbwhO,75888,FALA,Czesci_zamienne_75888.pdf,75888,True,True,drive-1HNCC3K1i1iWiN8Q2LXN51NAY-hOQbwhO-75888,https://drive.google.com/file/d/1HNCC3K1i1iWiN8Q2LXN51NAY-hOQbwhO/preview,https://drive.google.com/file/d/1HNCC3K1i1iWiN8Q2LXN51NAY-hOQbwhO/view?usp=drivesdk
1JXa-Yiiffya6qMLLLKCYl9cSwH67znDu,75889,FALA,Czesci_zamienne_75889.pdf,75889,True,True,drive-1JXa-Yiiffya6qMLLLKCYl9cSwH67znDu-75889,https://drive.google.com/file/d/1JXa-Yiiffya6qMLLLKCYl9cSwH67znDu/preview,https://drive.google.com/file/d/1JXa-Yiiffya6qMLLLKCYl9cSwH67znDu/view?usp=drivesdk
16dzGVHPOkHmwZs2Dm8oQkt1nSURCdjCz,75921,FALA,Czesci_zamienne_75921.pdf,75921,True,True,drive-16dzGVHPOkHmwZs2Dm8oQkt1nSURCdjCz-75921,https://drive.google.com/file/d/16dzGVHPOkHmwZs2Dm8oQkt1nSURCdjCz/preview,https://drive.google.com/file/d/16dzGVHPOkHmwZs2Dm8oQkt1nSURCdjCz/view?usp=drivesdk
1XGxRAgfcL_B70rFUP-Y9yd184t6rG5JD,75923,FALA,Czesci_zamienne_75923.pdf,75923,True,True,drive-1XGxRAgfcL_B70rFUP-Y9yd184t6rG5JD-75923,https://drive.google.com/file/d/1XGxRAgfcL_B70rFUP-Y9yd184t6rG5JD/preview,https://drive.google.com/file/d/1XGxRAgfcL_B70rFUP-Y9yd184t6rG5JD/view?usp=drivesdk
1TBfmIbFszSwcSdPA09W1F2nwjAV0UDLA,75924,FALA,Czesci_zamienne_75924.pdf,75924,True,True,drive-1TBfmIbFszSwcSdPA09W1F2nwjAV0UDLA-75924,https://drive.google.com/file/d/1TBfmIbFszSwcSdPA09W1F2nwjAV0UDLA/preview,https://drive.google.com/file/d/1TBfmIbFszSwcSdPA09W1F2nwjAV0UDLA/view?usp=drivesdk
1AP4npSkRky_JVwx1wBwfDv_0eCiGhTyJ,75930,FALA,Czesci_zamienne_75930.pdf,75930,True,True,drive-1AP4npSkRky_JVwx1wBwfDv_0eCiGhTyJ-75930,https://drive.google.com/file/d/1AP4npSkRky_JVwx1wBwfDv_0eCiGhTyJ/preview,https://drive.google.com/file/d/1AP4npSkRky_JVwx1wBwfDv_0eCiGhTyJ/view?usp=drivesdk
1jkVQDeydyzWadcK9kmDajwXleQJilGYR,75931,FALA,Czesci_zamienne_75931.pdf,75931,True,True,drive-1jkVQDeydyzWadcK9kmDajwXleQJilGYR-75931,https://drive.google.com/file/d/1jkVQDeydyzWadcK9kmDajwXleQJilGYR/preview,https://drive.google.com/file/d/1jkVQDeydyzWadcK9kmDajwXleQJilGYR/view?usp=drivesdk
1-LSCNHPbULJveE20xVQs6jRJBDMoQ_PZ,75932,FALA,Czesci_zamienne_75932.pdf,75932,True,True,drive-1-LSCNHPbULJveE20xVQs6jRJBDMoQ_PZ-75932,https://drive.google.com/file/d/1-LSCNHPbULJveE20xVQs6jRJBDMoQ_PZ/preview,https://drive.google.com/file/d/1-LSCNHPbULJveE20xVQs6jRJBDMoQ_PZ/view?usp=drivesdk
1MBhnW6YSFWfDs5kxVdNY8kBf8YuDjQVL,75944,FALA,Czesci_zamienne_75944.pdf,75944,True,True,drive-1MBhnW6YSFWfDs5kxVdNY8kBf8YuDjQVL-75944,https://drive.google.com/file/d/1MBhnW6YSFWfDs5kxVdNY8kBf8YuDjQVL/preview,https://drive.google.com/file/d/1MBhnW6YSFWfDs5kxVdNY8kBf8YuDjQVL/view?usp=drivesdk
1I0HLKhpTaZPp6zMNn5pO_L5FpRJOQM5W,75945,FALA,Czesci_zamienne_75945.pdf,75945,True,True,drive-1I0HLKhpTaZPp6zMNn5pO_L5FpRJOQM5W-75945,https://drive.google.com/file/d/1I0HLKhpTaZPp6zMNn5pO_L5FpRJOQM5W/preview,https://drive.google.com/file/d/1I0HLKhpTaZPp6zMNn5pO_L5FpRJOQM5W/view?usp=drivesdk
1FBRE7DNwVfXn0dV2ylpXizpo3DHuQGWi,75951,FALA,Czesci_zamienne_75951.pdf,75951,True,True,drive-1FBRE7DNwVfXn0dV2ylpXizpo3DHuQGWi-75951,https://drive.google.com/file/d/1FBRE7DNwVfXn0dV2ylpXizpo3DHuQGWi/preview,https://drive.google.com/file/d/1FBRE7DNwVfXn0dV2ylpXizpo3DHuQGWi/view?usp=drivesdk
1TD1S3zhWjDbop0H8r7UzhkTczG4TBLE6,75953,FALA,Czesci_zamienne_75953.pdf,75953,True,True,drive-1TD1S3zhWjDbop0H8r7UzhkTczG4TBLE6-75953,https://drive.google.com/file/d/1TD1S3zhWjDbop0H8r7UzhkTczG4TBLE6/preview,https://drive.google.com/file/d/1TD1S3zhWjDbop0H8r7UzhkTczG4TBLE6/view?usp=drivesdk
1sg5sE6kPcnMQBql3RSsj7zPG5RJqdxvo,75977,FALA,Czesci_zamienne_75977.pdf,75977,True,True,drive-1sg5sE6kPcnMQBql3RSsj7zPG5RJqdxvo-75977,https://drive.google.com/file/d/1sg5sE6kPcnMQBql3RSsj7zPG5RJqdxvo/preview,https://drive.google.com/file/d/1sg5sE6kPcnMQBql3RSsj7zPG5RJqdxvo/view?usp=drivesdk
1Esr5ZwQLA-IV_iyq8CJ9y6LLSQZ9IHxa,75978,FALA,Czesci_zamienne_75978.pdf,75978,True,True,drive-1Esr5ZwQLA-IV_iyq8CJ9y6LLSQZ9IHxa-75978,https://drive.google.com/file/d/1Esr5ZwQLA-IV_iyq8CJ9y6LLSQZ9IHxa/preview,https://drive.google.com/file/d/1Esr5ZwQLA-IV_iyq8CJ9y6LLSQZ9IHxa/view?usp=drivesdk
1hfWnQikbWvTZxxBy1OIf3sRadG6bMLD8,75979,FALA,Czesci_zamienne_75979.pdf,75979,True,True,drive-1hfWnQikbWvTZxxBy1OIf3sRadG6bMLD8-75979,https://drive.google.com/file/d/1hfWnQikbWvTZxxBy1OIf3sRadG6bMLD8/preview,https://drive.google.com/file/d/1hfWnQikbWvTZxxBy1OIf3sRadG6bMLD8/view?usp=drivesdk
1F5L52RpXoxuhyIyZfB-SbWcXQZjPw251,75980,FALA,Czesci_zamienne_75980.pdf,75980,True,True,drive-1F5L52RpXoxuhyIyZfB-SbWcXQZjPw251-75980,https://drive.google.com/file/d/1F5L52RpXoxuhyIyZfB-SbWcXQZjPw251/preview,https://drive.google.com/file/d/1F5L52RpXoxuhyIyZfB-SbWcXQZjPw251/view?usp=drivesdk
1u6oTw-alkWrEcsZqOj6o2YDmF95wrDcf,75981,FALA,Czesci_zamienne_75981.pdf,75981,True,True,drive-1u6oTw-alkWrEcsZqOj6o2YDmF95wrDcf-75981,https://drive.google.com/file/d/1u6oTw-alkWrEcsZqOj6o2YDmF95wrDcf/preview,https://drive.google.com/file/d/1u6oTw-alkWrEcsZqOj6o2YDmF95wrDcf/view?usp=drivesdk
1pHg2aNnZX6tpfhRAHw4vTvHFmxRifYk2,75982,FALA,Czesci_zamienne_75982.pdf,75982,True,True,drive-1pHg2aNnZX6tpfhRAHw4vTvHFmxRifYk2-75982,https://drive.google.com/file/d/1pHg2aNnZX6tpfhRAHw4vTvHFmxRifYk2/preview,https://drive.google.com/file/d/1pHg2aNnZX6tpfhRAHw4vTvHFmxRifYk2/view?usp=drivesdk
1PO9Hyf9MGK0hfUksgqHCo9sTCsiJcId2,75983,FALA,Czesci_zamienne_75983.pdf,75983,True,True,drive-1PO9Hyf9MGK0hfUksgqHCo9sTCsiJcId2-75983,https://drive.google.com/file/d/1PO9Hyf9MGK0hfUksgqHCo9sTCsiJcId2/preview,https://drive.google.com/file/d/1PO9Hyf9MGK0hfUksgqHCo9sTCsiJcId2/view?usp=drivesdk
1ireSF2ZP9l0Qi3u_eiwBNPryUGic1ko7,75984,FALA,Czesci_zamienne_75984.pdf,75984,True,True,drive-1ireSF2ZP9l0Qi3u_eiwBNPryUGic1ko7-75984,https://drive.google.com/file/d/1ireSF2ZP9l0Qi3u_eiwBNPryUGic1ko7/preview,https://drive.google.com/file/d/1ireSF2ZP9l0Qi3u_eiwBNPryUGic1ko7/view?usp=drivesdk
1aDT78tKCGU5YnJD2pOudadr_DPFTcJCX,77990,STHOR,Czesci_zamienne_77990.pdf,77990,True,True,drive-1aDT78tKCGU5YnJD2pOudadr_DPFTcJCX-77990,https://drive.google.com/file/d/1aDT78tKCGU5YnJD2pOudadr_DPFTcJCX/preview,https://drive.google.com/file/d/1aDT78tKCGU5YnJD2pOudadr_DPFTcJCX/view?usp=drivesdk
171FFpWqspB7zbrFcUlZPReGlUpW7nnbn,78080,STHOR,Czesci_zamienne_78080.pdf,78080,True,True,drive-171FFpWqspB7zbrFcUlZPReGlUpW7nnbn-78080,https://drive.google.com/file/d/171FFpWqspB7zbrFcUlZPReGlUpW7nnbn/preview,https://drive.google.com/file/d/171FFpWqspB7zbrFcUlZPReGlUpW7nnbn/view?usp=drivesdk
1MiuYB5fT9kkMW8Q1mqzFW6aEBzgLANpR,78081,STHOR,Czesci_zamienne_78081.pdf,78081,True,True,drive-1MiuYB5fT9kkMW8Q1mqzFW6aEBzgLANpR-78081,https://drive.google.com/file/d/1MiuYB5fT9kkMW8Q1mqzFW6aEBzgLANpR/preview,https://drive.google.com/file/d/1MiuYB5fT9kkMW8Q1mqzFW6aEBzgLANpR/view?usp=drivesdk
1uZeOqYSoYaIMZ_ymyhUNqkHwI5hNMLcS,78082,STHOR,Czesci_zamienne_78082.pdf,78082,True,True,drive-1uZeOqYSoYaIMZ_ymyhUNqkHwI5hNMLcS-78082,https://drive.google.com/file/d/1uZeOqYSoYaIMZ_ymyhUNqkHwI5hNMLcS/preview,https://drive.google.com/file/d/1uZeOqYSoYaIMZ_ymyhUNqkHwI5hNMLcS/view?usp=drivesdk
19rP3SoESSSEasRXC0RAMmBiCEmig7weP,78084,STHOR,Czesci_zamienne_78084.pdf,78084,True,True,drive-19rP3SoESSSEasRXC0RAMmBiCEmig7weP-78084,https://drive.google.com/file/d/19rP3SoESSSEasRXC0RAMmBiCEmig7weP/preview,https://drive.google.com/file/d/19rP3SoESSSEasRXC0RAMmBiCEmig7weP/view?usp=drivesdk
1R4qRR90DiCd-3rwCVWU1GvT5IFlKivKJ,78085,STHOR,Czesci_zamienne_78085.pdf,78085,True,True,drive-1R4qRR90DiCd-3rwCVWU1GvT5IFlKivKJ-78085,https://drive.google.com/file/d/1R4qRR90DiCd-3rwCVWU1GvT5IFlKivKJ/preview,https://drive.google.com/file/d/1R4qRR90DiCd-3rwCVWU1GvT5IFlKivKJ/view?usp=drivesdk
1skoRNbb63f8ejj-MTqL1_TDeZN0wQCat,78090,STHOR,Czesci_zamienne_78090.pdf,78090,True,True,drive-1skoRNbb63f8ejj-MTqL1_TDeZN0wQCat-78090,https://drive.google.com/file/d/1skoRNbb63f8ejj-MTqL1_TDeZN0wQCat/preview,https://drive.google.com/file/d/1skoRNbb63f8ejj-MTqL1_TDeZN0wQCat/view?usp=drivesdk
15s0pOzar-fzpsvTPGW3OwAyelBtMyuhS,78091,STHOR,Czesci_zamienne_78091.pdf,78091,True,True,drive-15s0pOzar-fzpsvTPGW3OwAyelBtMyuhS-78091,https://drive.google.com/file/d/15s0pOzar-fzpsvTPGW3OwAyelBtMyuhS/preview,https://drive.google.com/file/d/15s0pOzar-fzpsvTPGW3OwAyelBtMyuhS/view?usp=drivesdk
1cRmu1gT1NeGgD5OV3zoRVW85XUirlKhb,78107,STHOR,Czesci_zamienne_78107.pdf,78107,True,True,drive-1cRmu1gT1NeGgD5OV3zoRVW85XUirlKhb-78107,https://drive.google.com/file/d/1cRmu1gT1NeGgD5OV3zoRVW85XUirlKhb/preview,https://drive.google.com/file/d/1cRmu1gT1NeGgD5OV3zoRVW85XUirlKhb/view?usp=drivesdk
1ttxq25qpVfb-GBCaZo278M0D1ymtP7Sr,78113,STHOR,Czesci_zamienne_78113.pdf,78113,True,True,drive-1ttxq25qpVfb-GBCaZo278M0D1ymtP7Sr-78113,https://drive.google.com/file/d/1ttxq25qpVfb-GBCaZo278M0D1ymtP7Sr/preview,https://drive.google.com/file/d/1ttxq25qpVfb-GBCaZo278M0D1ymtP7Sr/view?usp=drivesdk
1aQvsSjLepLI2r_tSNX0TufyUdKzL6dfP,78123,STHOR,Czesci_zamienne_78123.pdf,78123,True,True,drive-1aQvsSjLepLI2r_tSNX0TufyUdKzL6dfP-78123,https://drive.google.com/file/d/1aQvsSjLepLI2r_tSNX0TufyUdKzL6dfP/preview,https://drive.google.com/file/d/1aQvsSjLepLI2r_tSNX0TufyUdKzL6dfP/view?usp=drivesdk
1h9JNpo5v9fag_YOcWrF-X0MGYSbERj7v,78124,STHOR,Czesci_zamienne_78124.pdf,78124,True,True,drive-1h9JNpo5v9fag_YOcWrF-X0MGYSbERj7v-78124,https://drive.google.com/file/d/1h9JNpo5v9fag_YOcWrF-X0MGYSbERj7v/preview,https://drive.google.com/file/d/1h9JNpo5v9fag_YOcWrF-X0MGYSbERj7v/view?usp=drivesdk
18jMl5pjafNGmVqHsQnDDpoUWPtYC9PPN,78125,STHOR,Czesci_zamienne_78125.pdf,78125,True,True,drive-18jMl5pjafNGmVqHsQnDDpoUWPtYC9PPN-78125,https://drive.google.com/file/d/18jMl5pjafNGmVqHsQnDDpoUWPtYC9PPN/preview,https://drive.google.com/file/d/18jMl5pjafNGmVqHsQnDDpoUWPtYC9PPN/view?usp=drivesdk
1MuBgaB8xVahpJF_Ec55H6BtIwbVsLQch,78136,STHOR,Czesci_zamienne_78136.pdf,78136,True,True,drive-1MuBgaB8xVahpJF_Ec55H6BtIwbVsLQch-78136,https://drive.google.com/file/d/1MuBgaB8xVahpJF_Ec55H6BtIwbVsLQch/preview,https://drive.google.com/file/d/1MuBgaB8xVahpJF_Ec55H6BtIwbVsLQch/view?usp=drivesdk
1gQ1Gz54kgMYq3GtaRpVmZMLZsU0aQKBx,78137,STHOR,Czesci_zamienne_78137.pdf,78137,True,True,drive-1gQ1Gz54kgMYq3GtaRpVmZMLZsU0aQKBx-78137,https://drive.google.com/file/d/1gQ1Gz54kgMYq3GtaRpVmZMLZsU0aQKBx/preview,https://drive.google.com/file/d/1gQ1Gz54kgMYq3GtaRpVmZMLZsU0aQKBx/view?usp=drivesdk
1GRDRQXiaLWT-N3ASgsEj77-2X1p5-e5v,78138,STHOR,Czesci_zamienne_78138.pdf,78138,True,True,drive-1GRDRQXiaLWT-N3ASgsEj77-2X1p5-e5v-78138,https://drive.google.com/file/d/1GRDRQXiaLWT-N3ASgsEj77-2X1p5-e5v/preview,https://drive.google.com/file/d/1GRDRQXiaLWT-N3ASgsEj77-2X1p5-e5v/view?usp=drivesdk
1PZ-64VSNZGZtCLMtUnqtN1PfM5GgseQU,78139,STHOR,Czesci_zamienne_78139.pdf,78139,True,True,drive-1PZ-64VSNZGZtCLMtUnqtN1PfM5GgseQU-78139,https://drive.google.com/file/d/1PZ-64VSNZGZtCLMtUnqtN1PfM5GgseQU/preview,https://drive.google.com/file/d/1PZ-64VSNZGZtCLMtUnqtN1PfM5GgseQU/view?usp=drivesdk
1BGyJvbgKZKKrXENcjBJykCVN9IpoiuCl,78143,STHOR,Czesci_zamienne_78143.pdf,78143,True,True,drive-1BGyJvbgKZKKrXENcjBJykCVN9IpoiuCl-78143,https://drive.google.com/file/d/1BGyJvbgKZKKrXENcjBJykCVN9IpoiuCl/preview,https://drive.google.com/file/d/1BGyJvbgKZKKrXENcjBJykCVN9IpoiuCl/view?usp=drivesdk
1Yv1z5sKdvsc5v0DTa_KLWurNPQadvc8i,78151,STHOR,Czesci_zamienne_78151.pdf,78151,True,True,drive-1Yv1z5sKdvsc5v0DTa_KLWurNPQadvc8i-78151,https://drive.google.com/file/d/1Yv1z5sKdvsc5v0DTa_KLWurNPQadvc8i/preview,https://drive.google.com/file/d/1Yv1z5sKdvsc5v0DTa_KLWurNPQadvc8i/view?usp=drivesdk
1blkMam1sTtRpiw1fDILaIYNvQtKX7CW-,78158,STHOR,Czesci_zamienne_78158.pdf,78158,True,True,drive-1blkMam1sTtRpiw1fDILaIYNvQtKX7CW--78158,https://drive.google.com/file/d/1blkMam1sTtRpiw1fDILaIYNvQtKX7CW-/preview,https://drive.google.com/file/d/1blkMam1sTtRpiw1fDILaIYNvQtKX7CW-/view?usp=drivesdk
11xqt3MjD0vHJqz4TwpwVQWvyGHLX9s3K,78180,STHOR,Czesci_zamienne_78180.pdf,78180,True,True,drive-11xqt3MjD0vHJqz4TwpwVQWvyGHLX9s3K-78180,https://drive.google.com/file/d/11xqt3MjD0vHJqz4TwpwVQWvyGHLX9s3K/preview,https://drive.google.com/file/d/11xqt3MjD0vHJqz4TwpwVQWvyGHLX9s3K/view?usp=drivesdk
1KVUM1H-GzKrgrWR_Kca0u6HF2hGD1rBz,78181,STHOR,Czesci_zamienne_78181.pdf,78181,True,True,drive-1KVUM1H-GzKrgrWR_Kca0u6HF2hGD1rBz-78181,https://drive.google.com/file/d/1KVUM1H-GzKrgrWR_Kca0u6HF2hGD1rBz/preview,https://drive.google.com/file/d/1KVUM1H-GzKrgrWR_Kca0u6HF2hGD1rBz/view?usp=drivesdk
1SYWYTbaSSwnrd0VKuojH-9OFs8fsheKw,78184,STHOR,Czesci_zamienne_78184.pdf,78184,True,True,drive-1SYWYTbaSSwnrd0VKuojH-9OFs8fsheKw-78184,https://drive.google.com/file/d/1SYWYTbaSSwnrd0VKuojH-9OFs8fsheKw/preview,https://drive.google.com/file/d/1SYWYTbaSSwnrd0VKuojH-9OFs8fsheKw/view?usp=drivesdk
1_pHV8KCxsW0opJyH9LLea4MoxdfHoohn,78185,STHOR,Czesci_zamienne_78185.pdf,78185,True,True,drive-1_pHV8KCxsW0opJyH9LLea4MoxdfHoohn-78185,https://drive.google.com/file/d/1_pHV8KCxsW0opJyH9LLea4MoxdfHoohn/preview,https://drive.google.com/file/d/1_pHV8KCxsW0opJyH9LLea4MoxdfHoohn/view?usp=drivesdk
1EuRH9ZVHMEKhsTSc15n9IXmH2X2xq4KV,78186,STHOR,Czesci_zamienne_78186.pdf,78186,True,True,drive-1EuRH9ZVHMEKhsTSc15n9IXmH2X2xq4KV-78186,https://drive.google.com/file/d/1EuRH9ZVHMEKhsTSc15n9IXmH2X2xq4KV/preview,https://drive.google.com/file/d/1EuRH9ZVHMEKhsTSc15n9IXmH2X2xq4KV/view?usp=drivesdk
1rinwg36OopXb6FyQFNPGzfBurUqBI0o5,78187,STHOR,Czesci_zamienne_78187.pdf,78187,True,True,drive-1rinwg36OopXb6FyQFNPGzfBurUqBI0o5-78187,https://drive.google.com/file/d/1rinwg36OopXb6FyQFNPGzfBurUqBI0o5/preview,https://drive.google.com/file/d/1rinwg36OopXb6FyQFNPGzfBurUqBI0o5/view?usp=drivesdk
1y_lAjQ72op1mlosEWC1xw4BsrxZHgfi_,78190,STHOR,Czesci_zamienne_78190.pdf,78190,True,True,drive-1y_lAjQ72op1mlosEWC1xw4BsrxZHgfi_-78190,https://drive.google.com/file/d/1y_lAjQ72op1mlosEWC1xw4BsrxZHgfi_/preview,https://drive.google.com/file/d/1y_lAjQ72op1mlosEWC1xw4BsrxZHgfi_/view?usp=drivesdk
1R8gfaNYt8xvmxJ_pKCAHAlBtEuBSgyTy,78203,STHOR,Czesci_zamienne_78203.pdf,78203,True,True,drive-1R8gfaNYt8xvmxJ_pKCAHAlBtEuBSgyTy-78203,https://drive.google.com/file/d/1R8gfaNYt8xvmxJ_pKCAHAlBtEuBSgyTy/preview,https://drive.google.com/file/d/1R8gfaNYt8xvmxJ_pKCAHAlBtEuBSgyTy/view?usp=drivesdk
1JW85iD8Tt32Htbg26ST2a26cTt5gxZXe,78204,STHOR,Czesci_zamienne_78204.pdf,78204,True,True,drive-1JW85iD8Tt32Htbg26ST2a26cTt5gxZXe-78204,https://drive.google.com/file/d/1JW85iD8Tt32Htbg26ST2a26cTt5gxZXe/preview,https://drive.google.com/file/d/1JW85iD8Tt32Htbg26ST2a26cTt5gxZXe/view?usp=drivesdk
1JK5ITrJXHzB2oXjgYvIuPJbhLgQd8bK0,78210,STHOR,Czesci_zamienne_78210.pdf,78210,True,True,drive-1JK5ITrJXHzB2oXjgYvIuPJbhLgQd8bK0-78210,https://drive.google.com/file/d/1JK5ITrJXHzB2oXjgYvIuPJbhLgQd8bK0/preview,https://drive.google.com/file/d/1JK5ITrJXHzB2oXjgYvIuPJbhLgQd8bK0/view?usp=drivesdk
1I4yTI8YTxo5QMCX0R4oX6NtTlK1qe23y,78211,STHOR,Czesci_zamienne_78211.pdf,78211,True,True,drive-1I4yTI8YTxo5QMCX0R4oX6NtTlK1qe23y-78211,https://drive.google.com/file/d/1I4yTI8YTxo5QMCX0R4oX6NtTlK1qe23y/preview,https://drive.google.com/file/d/1I4yTI8YTxo5QMCX0R4oX6NtTlK1qe23y/view?usp=drivesdk
1zEn3MUHE7l1QYhGC9IAEGcoXnptmtm3u,78641,STHOR,Czesci_zamienne_78641.pdf,78641,True,True,drive-1zEn3MUHE7l1QYhGC9IAEGcoXnptmtm3u-78641,https://drive.google.com/file/d/1zEn3MUHE7l1QYhGC9IAEGcoXnptmtm3u/preview,https://drive.google.com/file/d/1zEn3MUHE7l1QYhGC9IAEGcoXnptmtm3u/view?usp=drivesdk
1VMxFl9-OhSHjecghUHTpu-Ozi1NuaBhR,78854,STHOR,Czesci_zamienne_78854.pdf,78854,True,True,drive-1VMxFl9-OhSHjecghUHTpu-Ozi1NuaBhR-78854,https://drive.google.com/file/d/1VMxFl9-OhSHjecghUHTpu-Ozi1NuaBhR/preview,https://drive.google.com/file/d/1VMxFl9-OhSHjecghUHTpu-Ozi1NuaBhR/view?usp=drivesdk
1LWjgQuR7qFomvTBPzQqkRd6-8KnYyhek,78855,STHOR,Czesci_zamienne_78855.pdf,78855,True,True,drive-1LWjgQuR7qFomvTBPzQqkRd6-8KnYyhek-78855,https://drive.google.com/file/d/1LWjgQuR7qFomvTBPzQqkRd6-8KnYyhek/preview,https://drive.google.com/file/d/1LWjgQuR7qFomvTBPzQqkRd6-8KnYyhek/view?usp=drivesdk
1sEBk4Zl2xdmhDebgBcI9CBdpjS66-_Dj,78910,STHOR,Czesci_zamienne_78910.pdf,78910,True,True,drive-1sEBk4Zl2xdmhDebgBcI9CBdpjS66-_Dj-78910,https://drive.google.com/file/d/1sEBk4Zl2xdmhDebgBcI9CBdpjS66-_Dj/preview,https://drive.google.com/file/d/1sEBk4Zl2xdmhDebgBcI9CBdpjS66-_Dj/view?usp=drivesdk
1mBZWY0PNlmOl8PypSUQLhsGPufLN0BCo,78911,STHOR,Czesci_zamienne_78911.pdf,78911,True,True,drive-1mBZWY0PNlmOl8PypSUQLhsGPufLN0BCo-78911,https://drive.google.com/file/d/1mBZWY0PNlmOl8PypSUQLhsGPufLN0BCo/preview,https://drive.google.com/file/d/1mBZWY0PNlmOl8PypSUQLhsGPufLN0BCo/view?usp=drivesdk
16jW75hRrDuiDETcOCE_ZHjonWJmssZnp,78970,STHOR,Czesci_zamienne_78970.pdf,78970,True,True,drive-16jW75hRrDuiDETcOCE_ZHjonWJmssZnp-78970,https://drive.google.com/file/d/16jW75hRrDuiDETcOCE_ZHjonWJmssZnp/preview,https://drive.google.com/file/d/16jW75hRrDuiDETcOCE_ZHjonWJmssZnp/view?usp=drivesdk
1DmAmFTtW3X-7gc7NwFo9C29wdfV7wwj4,78972,STHOR,Czesci_zamienne_78972.pdf,78972,True,True,drive-1DmAmFTtW3X-7gc7NwFo9C29wdfV7wwj4-78972,https://drive.google.com/file/d/1DmAmFTtW3X-7gc7NwFo9C29wdfV7wwj4/preview,https://drive.google.com/file/d/1DmAmFTtW3X-7gc7NwFo9C29wdfV7wwj4/view?usp=drivesdk
1Se_MNpqSXfsNlTKixcv5nEWHcEfo6q5g,78974,STHOR,Czesci_zamienne_78974.pdf,78974,True,True,drive-1Se_MNpqSXfsNlTKixcv5nEWHcEfo6q5g-78974,https://drive.google.com/file/d/1Se_MNpqSXfsNlTKixcv5nEWHcEfo6q5g/preview,https://drive.google.com/file/d/1Se_MNpqSXfsNlTKixcv5nEWHcEfo6q5g/view?usp=drivesdk
13QMXHlwuKu8hVAXaGfQiwYE82cPIadD0,78981,STHOR,Czesci_zamienne_78981.pdf,78981,True,True,drive-13QMXHlwuKu8hVAXaGfQiwYE82cPIadD0-78981,https://drive.google.com/file/d/13QMXHlwuKu8hVAXaGfQiwYE82cPIadD0/preview,https://drive.google.com/file/d/13QMXHlwuKu8hVAXaGfQiwYE82cPIadD0/view?usp=drivesdk
1HBsN199dwL6LKnaN7UrgwLD-mx9dBbi1,78982,STHOR,Czesci_zamienne_78982.pdf,78982,True,True,drive-1HBsN199dwL6LKnaN7UrgwLD-mx9dBbi1-78982,https://drive.google.com/file/d/1HBsN199dwL6LKnaN7UrgwLD-mx9dBbi1/preview,https://drive.google.com/file/d/1HBsN199dwL6LKnaN7UrgwLD-mx9dBbi1/view?usp=drivesdk
1jCX4JPk1HR-fbjayH-GlQ21ho828_pqL,78983,STHOR,Czesci_zamienne_78983.pdf,78983,True,True,drive-1jCX4JPk1HR-fbjayH-GlQ21ho828_pqL-78983,https://drive.google.com/file/d/1jCX4JPk1HR-fbjayH-GlQ21ho828_pqL/preview,https://drive.google.com/file/d/1jCX4JPk1HR-fbjayH-GlQ21ho828_pqL/view?usp=drivesdk
1ey2rGdiRWPxPu5Z_cHG6qvkEKCTkKnHr,78992,STHOR,Czesci_zamienne_78992.pdf,78992,True,True,drive-1ey2rGdiRWPxPu5Z_cHG6qvkEKCTkKnHr-78992,https://drive.google.com/file/d/1ey2rGdiRWPxPu5Z_cHG6qvkEKCTkKnHr/preview,https://drive.google.com/file/d/1ey2rGdiRWPxPu5Z_cHG6qvkEKCTkKnHr/view?usp=drivesdk
17_JncLWGXF31vgqAS9GWk6qYe494JTQB,78995,STHOR,Czesci_zamienne_78995.pdf,78995,True,True,drive-17_JncLWGXF31vgqAS9GWk6qYe494JTQB-78995,https://drive.google.com/file/d/17_JncLWGXF31vgqAS9GWk6qYe494JTQB/preview,https://drive.google.com/file/d/17_JncLWGXF31vgqAS9GWk6qYe494JTQB/view?usp=drivesdk
1xqCXpeDRWBBacCwH2iAcqjfkuGSWvOh0,78997,STHOR,Czesci_zamienne_78997.pdf,78997,True,True,drive-1xqCXpeDRWBBacCwH2iAcqjfkuGSWvOh0-78997,https://drive.google.com/file/d/1xqCXpeDRWBBacCwH2iAcqjfkuGSWvOh0/preview,https://drive.google.com/file/d/1xqCXpeDRWBBacCwH2iAcqjfkuGSWvOh0/view?usp=drivesdk
1hLK_kIPPGNWFmXr-kjg643kHujpWWtG6,79002,STHOR,Czesci_zamienne_79002.pdf,79002,True,True,drive-1hLK_kIPPGNWFmXr-kjg643kHujpWWtG6-79002,https://drive.google.com/file/d/1hLK_kIPPGNWFmXr-kjg643kHujpWWtG6/preview,https://drive.google.com/file/d/1hLK_kIPPGNWFmXr-kjg643kHujpWWtG6/view?usp=drivesdk
1O_cQ1s6V1vgc4Wnoa6Issv2qV8jDRk-A,79007,STHOR,Czesci_zamienne_79007.pdf,79007,True,True,drive-1O_cQ1s6V1vgc4Wnoa6Issv2qV8jDRk-A-79007,https://drive.google.com/file/d/1O_cQ1s6V1vgc4Wnoa6Issv2qV8jDRk-A/preview,https://drive.google.com/file/d/1O_cQ1s6V1vgc4Wnoa6Issv2qV8jDRk-A/view?usp=drivesdk
1BEf0wDZh0W9yuT2pF5SIi-yRFuJRm9_S,79012,STHOR,Czesci_zamienne_79012.pdf,79012,True,True,drive-1BEf0wDZh0W9yuT2pF5SIi-yRFuJRm9_S-79012,https://drive.google.com/file/d/1BEf0wDZh0W9yuT2pF5SIi-yRFuJRm9_S/preview,https://drive.google.com/file/d/1BEf0wDZh0W9yuT2pF5SIi-yRFuJRm9_S/view?usp=drivesdk
1Lnr-gLwYfm0hLq0lNZrVM8sRGUZPBclX,79013,STHOR,Czesci_zamienne_79013.pdf,79013,True,True,drive-1Lnr-gLwYfm0hLq0lNZrVM8sRGUZPBclX-79013,https://drive.google.com/file/d/1Lnr-gLwYfm0hLq0lNZrVM8sRGUZPBclX/preview,https://drive.google.com/file/d/1Lnr-gLwYfm0hLq0lNZrVM8sRGUZPBclX/view?usp=drivesdk
17e4Y_eV5jH-oaVMNOwgbyr0Tk1PvRk-R,79015,STHOR,Czesci_zamienne_79015.pdf,79015,True,True,drive-17e4Y_eV5jH-oaVMNOwgbyr0Tk1PvRk-R-79015,https://drive.google.com/file/d/17e4Y_eV5jH-oaVMNOwgbyr0Tk1PvRk-R/preview,https://drive.google.com/file/d/17e4Y_eV5jH-oaVMNOwgbyr0Tk1PvRk-R/view?usp=drivesdk
1WohxUKSw9HgG1YxtDJcRKJX5-ZNDxwvs,79018,STHOR,Czesci_zamienne_79018.pdf,79018,True,True,drive-1WohxUKSw9HgG1YxtDJcRKJX5-ZNDxwvs-79018,https://drive.google.com/file/d/1WohxUKSw9HgG1YxtDJcRKJX5-ZNDxwvs/preview,https://drive.google.com/file/d/1WohxUKSw9HgG1YxtDJcRKJX5-ZNDxwvs/view?usp=drivesdk
1jWYjESOGSdFOxF493UszKL2vfa4aA1W3,79023,STHOR,Czesci_zamienne_79023.pdf,79023,True,True,drive-1jWYjESOGSdFOxF493UszKL2vfa4aA1W3-79023,https://drive.google.com/file/d/1jWYjESOGSdFOxF493UszKL2vfa4aA1W3/preview,https://drive.google.com/file/d/1jWYjESOGSdFOxF493UszKL2vfa4aA1W3/view?usp=drivesdk
1J3c9VyF09P6zoSQkk3dWOX-ZaDS0V0lc,79026,STHOR,Czesci_zamienne_79026.pdf,79026,True,True,drive-1J3c9VyF09P6zoSQkk3dWOX-ZaDS0V0lc-79026,https://drive.google.com/file/d/1J3c9VyF09P6zoSQkk3dWOX-ZaDS0V0lc/preview,https://drive.google.com/file/d/1J3c9VyF09P6zoSQkk3dWOX-ZaDS0V0lc/view?usp=drivesdk
1z1tqwPbSky6FRL7FriIylGqB2r06Gm7x,79031,STHOR,Czesci_zamienne_79031.pdf,79031,True,True,drive-1z1tqwPbSky6FRL7FriIylGqB2r06Gm7x-79031,https://drive.google.com/file/d/1z1tqwPbSky6FRL7FriIylGqB2r06Gm7x/preview,https://drive.google.com/file/d/1z1tqwPbSky6FRL7FriIylGqB2r06Gm7x/view?usp=drivesdk
1Zpa-mI6K6lTfZKNzG3KxT3RV-9zcQQnZ,79032,STHOR,Czesci_zamienne_79032.pdf,79032,True,True,drive-1Zpa-mI6K6lTfZKNzG3KxT3RV-9zcQQnZ-79032,https://drive.google.com/file/d/1Zpa-mI6K6lTfZKNzG3KxT3RV-9zcQQnZ/preview,https://drive.google.com/file/d/1Zpa-mI6K6lTfZKNzG3KxT3RV-9zcQQnZ/view?usp=drivesdk
1-5qMz6jbDMuSMYGtQ3gL0b0mY2V6P8sg,79033,STHOR,Czesci_zamienne_79033.pdf,79033,True,True,drive-1-5qMz6jbDMuSMYGtQ3gL0b0mY2V6P8sg-79033,https://drive.google.com/file/d/1-5qMz6jbDMuSMYGtQ3gL0b0mY2V6P8sg/preview,https://drive.google.com/file/d/1-5qMz6jbDMuSMYGtQ3gL0b0mY2V6P8sg/view?usp=drivesdk
1IRUuvBdlQkAhkCxd_RXh_juJxYSr59Wx,79034,STHOR,Czesci_zamienne_79034.pdf,79034,True,True,drive-1IRUuvBdlQkAhkCxd_RXh_juJxYSr59Wx-79034,https://drive.google.com/file/d/1IRUuvBdlQkAhkCxd_RXh_juJxYSr59Wx/preview,https://drive.google.com/file/d/1IRUuvBdlQkAhkCxd_RXh_juJxYSr59Wx/view?usp=drivesdk
17WB9GG2QYkOcDdE4x0hvu8xRSNXtFDUh,79036,STHOR,Czesci_zamienne_79036.pdf,79036,True,True,drive-17WB9GG2QYkOcDdE4x0hvu8xRSNXtFDUh-79036,https://drive.google.com/file/d/17WB9GG2QYkOcDdE4x0hvu8xRSNXtFDUh/preview,https://drive.google.com/file/d/17WB9GG2QYkOcDdE4x0hvu8xRSNXtFDUh/view?usp=drivesdk
1-oCLlTzbVWNBhW6J_qMgVWkPzsECEcC2,79046,STHOR,Czesci_zamienne_79046.pdf,79046,True,True,drive-1-oCLlTzbVWNBhW6J_qMgVWkPzsECEcC2-79046,https://drive.google.com/file/d/1-oCLlTzbVWNBhW6J_qMgVWkPzsECEcC2/preview,https://drive.google.com/file/d/1-oCLlTzbVWNBhW6J_qMgVWkPzsECEcC2/view?usp=drivesdk
1Yf3OHbJYabwO0GsEArlBId01NjmwvTgx,79047,STHOR,Czesci_zamienne_79047.pdf,79047,True,True,drive-1Yf3OHbJYabwO0GsEArlBId01NjmwvTgx-79047,https://drive.google.com/file/d/1Yf3OHbJYabwO0GsEArlBId01NjmwvTgx/preview,https://drive.google.com/file/d/1Yf3OHbJYabwO0GsEArlBId01NjmwvTgx/view?usp=drivesdk
1Vfut3pUjIMKYwktEldXG0wCJst3mYLVN,79048,STHOR,Czesci_zamienne_79048.pdf,79048,True,True,drive-1Vfut3pUjIMKYwktEldXG0wCJst3mYLVN-79048,https://drive.google.com/file/d/1Vfut3pUjIMKYwktEldXG0wCJst3mYLVN/preview,https://drive.google.com/file/d/1Vfut3pUjIMKYwktEldXG0wCJst3mYLVN/view?usp=drivesdk
1PHT9YgeXoHtUP62jXe1dw-medNR2hJMX,79049,STHOR,Czesci_zamienne_79049.pdf,79049,True,True,drive-1PHT9YgeXoHtUP62jXe1dw-medNR2hJMX-79049,https://drive.google.com/file/d/1PHT9YgeXoHtUP62jXe1dw-medNR2hJMX/preview,https://drive.google.com/file/d/1PHT9YgeXoHtUP62jXe1dw-medNR2hJMX/view?usp=drivesdk
1Fbm26KFkhe_YCPasJkSws4TLT_gvqFnX,79053,STHOR,Czesci_zamienne_79053.pdf,79053,True,True,drive-1Fbm26KFkhe_YCPasJkSws4TLT_gvqFnX-79053,https://drive.google.com/file/d/1Fbm26KFkhe_YCPasJkSws4TLT_gvqFnX/preview,https://drive.google.com/file/d/1Fbm26KFkhe_YCPasJkSws4TLT_gvqFnX/view?usp=drivesdk
1-mp_iGtBEPNf-v0ikEe_rHuP4SsNV_nx,79054,STHOR,Czesci_zamienne_79054.pdf,79054,True,True,drive-1-mp_iGtBEPNf-v0ikEe_rHuP4SsNV_nx-79054,https://drive.google.com/file/d/1-mp_iGtBEPNf-v0ikEe_rHuP4SsNV_nx/preview,https://drive.google.com/file/d/1-mp_iGtBEPNf-v0ikEe_rHuP4SsNV_nx/view?usp=drivesdk
1vfcj1TCZWHe66kQT2JkuFSPhVstr0Srx,79056,STHOR,Czesci_zamienne_79056.pdf,79056,True,True,drive-1vfcj1TCZWHe66kQT2JkuFSPhVstr0Srx-79056,https://drive.google.com/file/d/1vfcj1TCZWHe66kQT2JkuFSPhVstr0Srx/preview,https://drive.google.com/file/d/1vfcj1TCZWHe66kQT2JkuFSPhVstr0Srx/view?usp=drivesdk
1EC7OPAYblDi974BllvM4joGS2Q9VMCqx,79071,STHOR,Czesci_zamienne_79071.pdf,79071,True,True,drive-1EC7OPAYblDi974BllvM4joGS2Q9VMCqx-79071,https://drive.google.com/file/d/1EC7OPAYblDi974BllvM4joGS2Q9VMCqx/preview,https://drive.google.com/file/d/1EC7OPAYblDi974BllvM4joGS2Q9VMCqx/view?usp=drivesdk
1X_on74CigPZjWBawtM6NVtcMxQqKr1hp,79076,STHOR,Czesci_zamienne_79076.pdf,79076,True,True,drive-1X_on74CigPZjWBawtM6NVtcMxQqKr1hp-79076,https://drive.google.com/file/d/1X_on74CigPZjWBawtM6NVtcMxQqKr1hp/preview,https://drive.google.com/file/d/1X_on74CigPZjWBawtM6NVtcMxQqKr1hp/view?usp=drivesdk
12ciSmc-3pa7ZPVehaWtr9XiTL19BS4QO,79090,STHOR,Czesci_zamienne_79090.pdf,79090,True,True,drive-12ciSmc-3pa7ZPVehaWtr9XiTL19BS4QO-79090,https://drive.google.com/file/d/12ciSmc-3pa7ZPVehaWtr9XiTL19BS4QO/preview,https://drive.google.com/file/d/12ciSmc-3pa7ZPVehaWtr9XiTL19BS4QO/view?usp=drivesdk
1ZKNMRILAGEJrIA2_y9VdIsVH6zBdnKUb,79093,STHOR,Czesci_zamienne_79093.pdf,79093,True,True,drive-1ZKNMRILAGEJrIA2_y9VdIsVH6zBdnKUb-79093,https://drive.google.com/file/d/1ZKNMRILAGEJrIA2_y9VdIsVH6zBdnKUb/preview,https://drive.google.com/file/d/1ZKNMRILAGEJrIA2_y9VdIsVH6zBdnKUb/view?usp=drivesdk
1JbjMbj7KnTlFYRUpiHPhL6ti0H5kbWFB,79094,STHOR,Czesci_zamienne_79094.pdf,79094,True,True,drive-1JbjMbj7KnTlFYRUpiHPhL6ti0H5kbWFB-79094,https://drive.google.com/file/d/1JbjMbj7KnTlFYRUpiHPhL6ti0H5kbWFB/preview,https://drive.google.com/file/d/1JbjMbj7KnTlFYRUpiHPhL6ti0H5kbWFB/view?usp=drivesdk
1ztHR7br6KPbQVe_eQ_ilROc8hMe4xDim,79099,STHOR,Czesci_zamienne_79099.pdf,79099,True,True,drive-1ztHR7br6KPbQVe_eQ_ilROc8hMe4xDim-79099,https://drive.google.com/file/d/1ztHR7br6KPbQVe_eQ_ilROc8hMe4xDim/preview,https://drive.google.com/file/d/1ztHR7br6KPbQVe_eQ_ilROc8hMe4xDim/view?usp=drivesdk
1R-rW9RPyG40aLX_ZikpY8JjA47lfiXVa,79100,STHOR,Czesci_zamienne_79100.pdf,79100,True,True,drive-1R-rW9RPyG40aLX_ZikpY8JjA47lfiXVa-79100,https://drive.google.com/file/d/1R-rW9RPyG40aLX_ZikpY8JjA47lfiXVa/preview,https://drive.google.com/file/d/1R-rW9RPyG40aLX_ZikpY8JjA47lfiXVa/view?usp=drivesdk
1Y7zLf-uVcdZbNrWYY7DghL9993CIVF2j,79101,STHOR,Czesci_zamienne_79101.pdf,79101,True,True,drive-1Y7zLf-uVcdZbNrWYY7DghL9993CIVF2j-79101,https://drive.google.com/file/d/1Y7zLf-uVcdZbNrWYY7DghL9993CIVF2j/preview,https://drive.google.com/file/d/1Y7zLf-uVcdZbNrWYY7DghL9993CIVF2j/view?usp=drivesdk
1c7jkwhjsooWNjVnf5BC6Msn779GaN22R,79104,STHOR,Czesci_zamienne_79104.pdf,79104,True,True,drive-1c7jkwhjsooWNjVnf5BC6Msn779GaN22R-79104,https://drive.google.com/file/d/1c7jkwhjsooWNjVnf5BC6Msn779GaN22R/preview,https://drive.google.com/file/d/1c7jkwhjsooWNjVnf5BC6Msn779GaN22R/view?usp=drivesdk
1Fsuc18Ei1Ir4diYsyqh_WuvGNr8_hoyB,79105,STHOR,Czesci_zamienne_79105.pdf,79105,True,True,drive-1Fsuc18Ei1Ir4diYsyqh_WuvGNr8_hoyB-79105,https://drive.google.com/file/d/1Fsuc18Ei1Ir4diYsyqh_WuvGNr8_hoyB/preview,https://drive.google.com/file/d/1Fsuc18Ei1Ir4diYsyqh_WuvGNr8_hoyB/view?usp=drivesdk
1F0p8x7nGsGJbOMGSCfTCfIVSHFsgjBVE,79109,STHOR,Czesci_zamienne_79109.pdf,79109,True,True,drive-1F0p8x7nGsGJbOMGSCfTCfIVSHFsgjBVE-79109,https://drive.google.com/file/d/1F0p8x7nGsGJbOMGSCfTCfIVSHFsgjBVE/preview,https://drive.google.com/file/d/1F0p8x7nGsGJbOMGSCfTCfIVSHFsgjBVE/view?usp=drivesdk
1yxrpIjlnLuEir3bfQTFBUeNq7JIQp1Fb,79113,STHOR,Czesci_zamienne_79113.pdf,79113,True,True,drive-1yxrpIjlnLuEir3bfQTFBUeNq7JIQp1Fb-79113,https://drive.google.com/file/d/1yxrpIjlnLuEir3bfQTFBUeNq7JIQp1Fb/preview,https://drive.google.com/file/d/1yxrpIjlnLuEir3bfQTFBUeNq7JIQp1Fb/view?usp=drivesdk
1R3QprKm7N-l52dDOZykK6eI-yzm9UgNn,79114,STHOR,Czesci_zamienne_79114.pdf,79114,True,True,drive-1R3QprKm7N-l52dDOZykK6eI-yzm9UgNn-79114,https://drive.google.com/file/d/1R3QprKm7N-l52dDOZykK6eI-yzm9UgNn/preview,https://drive.google.com/file/d/1R3QprKm7N-l52dDOZykK6eI-yzm9UgNn/view?usp=drivesdk
1a0PYb-2AuKE_D_j4UyTdsQOer0i2u2Is,79116,STHOR,Czesci_zamienne_79116.pdf,79116,True,True,drive-1a0PYb-2AuKE_D_j4UyTdsQOer0i2u2Is-79116,https://drive.google.com/file/d/1a0PYb-2AuKE_D_j4UyTdsQOer0i2u2Is/preview,https://drive.google.com/file/d/1a0PYb-2AuKE_D_j4UyTdsQOer0i2u2Is/view?usp=drivesdk
1_FQCzr5S3KvYUxl7tvec9kRdYbp0iP9d,79118,STHOR,Czesci_zamienne_79118.pdf,79118,True,True,drive-1_FQCzr5S3KvYUxl7tvec9kRdYbp0iP9d-79118,https://drive.google.com/file/d/1_FQCzr5S3KvYUxl7tvec9kRdYbp0iP9d/preview,https://drive.google.com/file/d/1_FQCzr5S3KvYUxl7tvec9kRdYbp0iP9d/view?usp=drivesdk
1IRmwXZvSQNlRYcBUKr64iRpLUwI6NtGg,79120,STHOR,Czesci_zamienne_79120.pdf,79120,True,True,drive-1IRmwXZvSQNlRYcBUKr64iRpLUwI6NtGg-79120,https://drive.google.com/file/d/1IRmwXZvSQNlRYcBUKr64iRpLUwI6NtGg/preview,https://drive.google.com/file/d/1IRmwXZvSQNlRYcBUKr64iRpLUwI6NtGg/view?usp=drivesdk
1dXWTFM2mvnUB0GJjnOxwkU9qTUB24xgO,79123,STHOR,Czesci_zamienne_79123.pdf,79123,True,True,drive-1dXWTFM2mvnUB0GJjnOxwkU9qTUB24xgO-79123,https://drive.google.com/file/d/1dXWTFM2mvnUB0GJjnOxwkU9qTUB24xgO/preview,https://drive.google.com/file/d/1dXWTFM2mvnUB0GJjnOxwkU9qTUB24xgO/view?usp=drivesdk
1dLcMEM1b_Bj8oPw4bowgWXzUHitVSnAH,79124,STHOR,Czesci_zamienne_79124.pdf,79124,True,True,drive-1dLcMEM1b_Bj8oPw4bowgWXzUHitVSnAH-79124,https://drive.google.com/file/d/1dLcMEM1b_Bj8oPw4bowgWXzUHitVSnAH/preview,https://drive.google.com/file/d/1dLcMEM1b_Bj8oPw4bowgWXzUHitVSnAH/view?usp=drivesdk
1YHEf0zGrU6oYoHJI6Uzrx1wSBqSc4unA,79125,STHOR,Czesci_zamienne_79125.pdf,79125,True,True,drive-1YHEf0zGrU6oYoHJI6Uzrx1wSBqSc4unA-79125,https://drive.google.com/file/d/1YHEf0zGrU6oYoHJI6Uzrx1wSBqSc4unA/preview,https://drive.google.com/file/d/1YHEf0zGrU6oYoHJI6Uzrx1wSBqSc4unA/view?usp=drivesdk
1j4QxNIYDcX7mMcD_WmNYaa5J3DE3zgkU,79129,STHOR,Czesci_zamienne_79129.pdf,79129,True,True,drive-1j4QxNIYDcX7mMcD_WmNYaa5J3DE3zgkU-79129,https://drive.google.com/file/d/1j4QxNIYDcX7mMcD_WmNYaa5J3DE3zgkU/preview,https://drive.google.com/file/d/1j4QxNIYDcX7mMcD_WmNYaa5J3DE3zgkU/view?usp=drivesdk
1S33LPCTbEURd-Mk8OW4CYY-0aRiypA-E,79135,STHOR,Czesci_zamienne_79135.pdf,79135,True,True,drive-1S33LPCTbEURd-Mk8OW4CYY-0aRiypA-E-79135,https://drive.google.com/file/d/1S33LPCTbEURd-Mk8OW4CYY-0aRiypA-E/preview,https://drive.google.com/file/d/1S33LPCTbEURd-Mk8OW4CYY-0aRiypA-E/view?usp=drivesdk
1qXLZsA82lFHcsLyZYJuse2fgVU_PkSTI,79141,STHOR,Czesci_zamienne_79141.pdf,79141,True,True,drive-1qXLZsA82lFHcsLyZYJuse2fgVU_PkSTI-79141,https://drive.google.com/file/d/1qXLZsA82lFHcsLyZYJuse2fgVU_PkSTI/preview,https://drive.google.com/file/d/1qXLZsA82lFHcsLyZYJuse2fgVU_PkSTI/view?usp=drivesdk
1-hpI-ASLvKuzK3vSzcOplpejYPQnu0gC,79143,STHOR,Czesci_zamienne_79143.pdf,79143,True,True,drive-1-hpI-ASLvKuzK3vSzcOplpejYPQnu0gC-79143,https://drive.google.com/file/d/1-hpI-ASLvKuzK3vSzcOplpejYPQnu0gC/preview,https://drive.google.com/file/d/1-hpI-ASLvKuzK3vSzcOplpejYPQnu0gC/view?usp=drivesdk
1mXI_fsrobIP9Z1ZUuN4qVrPGNF1x1u_-,79150,STHOR,Czesci_zamienne_79150.pdf,79150,True,True,drive-1mXI_fsrobIP9Z1ZUuN4qVrPGNF1x1u_--79150,https://drive.google.com/file/d/1mXI_fsrobIP9Z1ZUuN4qVrPGNF1x1u_-/preview,https://drive.google.com/file/d/1mXI_fsrobIP9Z1ZUuN4qVrPGNF1x1u_-/view?usp=drivesdk
16D5kV9jImW0kl_I9HEaicwfv6pqfWSKc,79237,STHOR,Czesci_zamienne_79237.pdf,79237,True,True,drive-16D5kV9jImW0kl_I9HEaicwfv6pqfWSKc-79237,https://drive.google.com/file/d/16D5kV9jImW0kl_I9HEaicwfv6pqfWSKc/preview,https://drive.google.com/file/d/16D5kV9jImW0kl_I9HEaicwfv6pqfWSKc/view?usp=drivesdk
1Qi-AbEB1QmeWIkjxpQmryFgbX14rsyXu,79238,STHOR,Czesci_zamienne_79238.pdf,79238,True,True,drive-1Qi-AbEB1QmeWIkjxpQmryFgbX14rsyXu-79238,https://drive.google.com/file/d/1Qi-AbEB1QmeWIkjxpQmryFgbX14rsyXu/preview,https://drive.google.com/file/d/1Qi-AbEB1QmeWIkjxpQmryFgbX14rsyXu/view?usp=drivesdk
15okrjhE4unDsv4avUbA6DEu5l7c-P6WX,79239,STHOR,Czesci_zamienne_79239.pdf,79239,True,True,drive-15okrjhE4unDsv4avUbA6DEu5l7c-P6WX-79239,https://drive.google.com/file/d/15okrjhE4unDsv4avUbA6DEu5l7c-P6WX/preview,https://drive.google.com/file/d/15okrjhE4unDsv4avUbA6DEu5l7c-P6WX/view?usp=drivesdk
19ZlvqlfapiAo97bRCcduoD7db_nU7FSc,79240,STHOR,Czesci_zamienne_79240.pdf,79240,True,True,drive-19ZlvqlfapiAo97bRCcduoD7db_nU7FSc-79240,https://drive.google.com/file/d/19ZlvqlfapiAo97bRCcduoD7db_nU7FSc/preview,https://drive.google.com/file/d/19ZlvqlfapiAo97bRCcduoD7db_nU7FSc/view?usp=drivesdk
1pdp2-_UklAiIEExQluNwX9wos-v8edRT,79248,STHOR,Czesci_zamienne_79248.pdf,79248,True,True,drive-1pdp2-_UklAiIEExQluNwX9wos-v8edRT-79248,https://drive.google.com/file/d/1pdp2-_UklAiIEExQluNwX9wos-v8edRT/preview,https://drive.google.com/file/d/1pdp2-_UklAiIEExQluNwX9wos-v8edRT/view?usp=drivesdk
1tlWTKEhqLq_K2V4CiNefm9aOvUx0J48B,79249,STHOR,Czesci_zamienne_79249.pdf,79249,True,True,drive-1tlWTKEhqLq_K2V4CiNefm9aOvUx0J48B-79249,https://drive.google.com/file/d/1tlWTKEhqLq_K2V4CiNefm9aOvUx0J48B/preview,https://drive.google.com/file/d/1tlWTKEhqLq_K2V4CiNefm9aOvUx0J48B/view?usp=drivesdk
1UOPjm_W0l9UldHBLDqr654zir8s2q7rM,79252,STHOR,Czesci_zamienne_79252.pdf,79252,True,True,drive-1UOPjm_W0l9UldHBLDqr654zir8s2q7rM-79252,https://drive.google.com/file/d/1UOPjm_W0l9UldHBLDqr654zir8s2q7rM/preview,https://drive.google.com/file/d/1UOPjm_W0l9UldHBLDqr654zir8s2q7rM/view?usp=drivesdk
1rDwndG7ZNkue2vlpZbMrn0FuTh_tFtBX,79253,STHOR,Czesci_zamienne_79253.pdf,79253,True,True,drive-1rDwndG7ZNkue2vlpZbMrn0FuTh_tFtBX-79253,https://drive.google.com/file/d/1rDwndG7ZNkue2vlpZbMrn0FuTh_tFtBX/preview,https://drive.google.com/file/d/1rDwndG7ZNkue2vlpZbMrn0FuTh_tFtBX/view?usp=drivesdk
1giLuN7cH1zWQMhct_-GkTBHIag3--sdQ,79254,STHOR,Czesci_zamienne_79254.pdf,79254,True,True,drive-1giLuN7cH1zWQMhct_-GkTBHIag3--sdQ-79254,https://drive.google.com/file/d/1giLuN7cH1zWQMhct_-GkTBHIag3--sdQ/preview,https://drive.google.com/file/d/1giLuN7cH1zWQMhct_-GkTBHIag3--sdQ/view?usp=drivesdk
1EuRI6vckteTC--6wJ2c6VQlS1jleDBm8,79257,STHOR,Czesci_zamienne_79257.pdf,79257,True,True,drive-1EuRI6vckteTC--6wJ2c6VQlS1jleDBm8-79257,https://drive.google.com/file/d/1EuRI6vckteTC--6wJ2c6VQlS1jleDBm8/preview,https://drive.google.com/file/d/1EuRI6vckteTC--6wJ2c6VQlS1jleDBm8/view?usp=drivesdk
1ZoEF57Z9MDvindGmkoZ6DaPKa4xudaWI,79275,STHOR,Czesci_zamienne_79275.pdf,79275,True,True,drive-1ZoEF57Z9MDvindGmkoZ6DaPKa4xudaWI-79275,https://drive.google.com/file/d/1ZoEF57Z9MDvindGmkoZ6DaPKa4xudaWI/preview,https://drive.google.com/file/d/1ZoEF57Z9MDvindGmkoZ6DaPKa4xudaWI/view?usp=drivesdk
1HRvXCe7mIn0puH53p65TUQqn7PKGR78N,79307,STHOR,Czesci_zamienne_79307.pdf,79307,True,True,drive-1HRvXCe7mIn0puH53p65TUQqn7PKGR78N-79307,https://drive.google.com/file/d/1HRvXCe7mIn0puH53p65TUQqn7PKGR78N/preview,https://drive.google.com/file/d/1HRvXCe7mIn0puH53p65TUQqn7PKGR78N/view?usp=drivesdk
1VL2_7rmkBKZwiztXPZGFrenAx8es48Yo,79309,STHOR,Czesci_zamienne_79309.pdf,79309,True,True,drive-1VL2_7rmkBKZwiztXPZGFrenAx8es48Yo-79309,https://drive.google.com/file/d/1VL2_7rmkBKZwiztXPZGFrenAx8es48Yo/preview,https://drive.google.com/file/d/1VL2_7rmkBKZwiztXPZGFrenAx8es48Yo/view?usp=drivesdk
1UCtisEy87QTtDBeYroSqv9xrcIydaXSG,79314,STHOR,Czesci_zamienne_79314.pdf,79314,True,True,drive-1UCtisEy87QTtDBeYroSqv9xrcIydaXSG-79314,https://drive.google.com/file/d/1UCtisEy87QTtDBeYroSqv9xrcIydaXSG/preview,https://drive.google.com/file/d/1UCtisEy87QTtDBeYroSqv9xrcIydaXSG/view?usp=drivesdk
1LUyAJKY9RgjpXEdJJqm6rkjMMdcS_XD2,79318,STHOR,Czesci_zamienne_79318.pdf,79318,True,True,drive-1LUyAJKY9RgjpXEdJJqm6rkjMMdcS_XD2-79318,https://drive.google.com/file/d/1LUyAJKY9RgjpXEdJJqm6rkjMMdcS_XD2/preview,https://drive.google.com/file/d/1LUyAJKY9RgjpXEdJJqm6rkjMMdcS_XD2/view?usp=drivesdk
19vuAEzV4iQEjxybhwffE2ClYkUUWsKrU,79319,STHOR,Czesci_zamienne_79319.pdf,79319,True,True,drive-19vuAEzV4iQEjxybhwffE2ClYkUUWsKrU-79319,https://drive.google.com/file/d/19vuAEzV4iQEjxybhwffE2ClYkUUWsKrU/preview,https://drive.google.com/file/d/19vuAEzV4iQEjxybhwffE2ClYkUUWsKrU/view?usp=drivesdk
1jWP8sFLq4nHONuf93hnA0ZCsmZf8hYFC,79320,STHOR,Czesci_zamienne_79320.pdf,79320,True,True,drive-1jWP8sFLq4nHONuf93hnA0ZCsmZf8hYFC-79320,https://drive.google.com/file/d/1jWP8sFLq4nHONuf93hnA0ZCsmZf8hYFC/preview,https://drive.google.com/file/d/1jWP8sFLq4nHONuf93hnA0ZCsmZf8hYFC/view?usp=drivesdk
1GT2V3xFZVgJtUnMBRXtcWwPoYbqWH_Wm,79322,STHOR,Czesci_zamienne_79322.pdf,79322,True,True,drive-1GT2V3xFZVgJtUnMBRXtcWwPoYbqWH_Wm-79322,https://drive.google.com/file/d/1GT2V3xFZVgJtUnMBRXtcWwPoYbqWH_Wm/preview,https://drive.google.com/file/d/1GT2V3xFZVgJtUnMBRXtcWwPoYbqWH_Wm/view?usp=drivesdk
1IsRnrFO1R2THlL1LQK77Ypo31MbVjjs4,79324,STHOR,Czesci_zamienne_79324.pdf,79324,True,True,drive-1IsRnrFO1R2THlL1LQK77Ypo31MbVjjs4-79324,https://drive.google.com/file/d/1IsRnrFO1R2THlL1LQK77Ypo31MbVjjs4/preview,https://drive.google.com/file/d/1IsRnrFO1R2THlL1LQK77Ypo31MbVjjs4/view?usp=drivesdk
1GWWfU8FaTSuzxZwuLG32seT5tROWTmck,79325,STHOR,Czesci_zamienne_79325.pdf,79325,True,True,drive-1GWWfU8FaTSuzxZwuLG32seT5tROWTmck-79325,https://drive.google.com/file/d/1GWWfU8FaTSuzxZwuLG32seT5tROWTmck/preview,https://drive.google.com/file/d/1GWWfU8FaTSuzxZwuLG32seT5tROWTmck/view?usp=drivesdk
1oyZ4lcC_7v3E1UYFEuhP0zPfk3tyQM5e,79326,STHOR,Czesci_zamienne_79326.pdf,79326,True,True,drive-1oyZ4lcC_7v3E1UYFEuhP0zPfk3tyQM5e-79326,https://drive.google.com/file/d/1oyZ4lcC_7v3E1UYFEuhP0zPfk3tyQM5e/preview,https://drive.google.com/file/d/1oyZ4lcC_7v3E1UYFEuhP0zPfk3tyQM5e/view?usp=drivesdk
1YaTOxhCF3vDnDaTOGwsdB_sU7Txpn_Zj,79327,STHOR,Czesci_zamienne_79327.pdf,79327,True,True,drive-1YaTOxhCF3vDnDaTOGwsdB_sU7Txpn_Zj-79327,https://drive.google.com/file/d/1YaTOxhCF3vDnDaTOGwsdB_sU7Txpn_Zj/preview,https://drive.google.com/file/d/1YaTOxhCF3vDnDaTOGwsdB_sU7Txpn_Zj/view?usp=drivesdk
16EiP2d9Q2sOf7-Dicuz_2rcc4SzKDYZL,79328,STHOR,Czesci_zamienne_79328.pdf,79328,True,True,drive-16EiP2d9Q2sOf7-Dicuz_2rcc4SzKDYZL-79328,https://drive.google.com/file/d/16EiP2d9Q2sOf7-Dicuz_2rcc4SzKDYZL/preview,https://drive.google.com/file/d/16EiP2d9Q2sOf7-Dicuz_2rcc4SzKDYZL/view?usp=drivesdk
1qdUDX0EOtPIXr1b2AeFgYnfqorq-ln8G,79329,STHOR,Czesci_zamienne_79329.pdf,79329,True,True,drive-1qdUDX0EOtPIXr1b2AeFgYnfqorq-ln8G-79329,https://drive.google.com/file/d/1qdUDX0EOtPIXr1b2AeFgYnfqorq-ln8G/preview,https://drive.google.com/file/d/1qdUDX0EOtPIXr1b2AeFgYnfqorq-ln8G/view?usp=drivesdk
1vgmfcKzACFbcs1VVBPjtEdTo2aR2pBhb,79332,STHOR,Czesci_zamienne_79332.pdf,79332,True,True,drive-1vgmfcKzACFbcs1VVBPjtEdTo2aR2pBhb-79332,https://drive.google.com/file/d/1vgmfcKzACFbcs1VVBPjtEdTo2aR2pBhb/preview,https://drive.google.com/file/d/1vgmfcKzACFbcs1VVBPjtEdTo2aR2pBhb/view?usp=drivesdk
1JGHK9WQjD2LCt3KXuCtwY2GutzX1NfXD,79334,STHOR,Czesci_zamienne_79334.pdf,79334,True,True,drive-1JGHK9WQjD2LCt3KXuCtwY2GutzX1NfXD-79334,https://drive.google.com/file/d/1JGHK9WQjD2LCt3KXuCtwY2GutzX1NfXD/preview,https://drive.google.com/file/d/1JGHK9WQjD2LCt3KXuCtwY2GutzX1NfXD/view?usp=drivesdk
1TEeecaBvzMZdhcn5TXr4bi_AGJ2Xj0Bg,79350,STHOR,Czesci_zamienne_79350.pdf,79350,True,True,drive-1TEeecaBvzMZdhcn5TXr4bi_AGJ2Xj0Bg-79350,https://drive.google.com/file/d/1TEeecaBvzMZdhcn5TXr4bi_AGJ2Xj0Bg/preview,https://drive.google.com/file/d/1TEeecaBvzMZdhcn5TXr4bi_AGJ2Xj0Bg/view?usp=drivesdk
1ld_yETXV-b5ycKSO6Y2bQf5-eSnRRpGC,79352,STHOR,Czesci_zamienne_79352.pdf,79352,True,True,drive-1ld_yETXV-b5ycKSO6Y2bQf5-eSnRRpGC-79352,https://drive.google.com/file/d/1ld_yETXV-b5ycKSO6Y2bQf5-eSnRRpGC/preview,https://drive.google.com/file/d/1ld_yETXV-b5ycKSO6Y2bQf5-eSnRRpGC/view?usp=drivesdk
1CaDkhthstYF77Q9AZUbDAwFsDDKqTe4R,79353,STHOR,Czesci_zamienne_79353.pdf,79353,True,True,drive-1CaDkhthstYF77Q9AZUbDAwFsDDKqTe4R-79353,https://drive.google.com/file/d/1CaDkhthstYF77Q9AZUbDAwFsDDKqTe4R/preview,https://drive.google.com/file/d/1CaDkhthstYF77Q9AZUbDAwFsDDKqTe4R/view?usp=drivesdk
1fIF9WHrNgLi-khmNi6x6g1v-eEsBqjpJ,79355,STHOR,Czesci_zamienne_79355.pdf,79355,True,True,drive-1fIF9WHrNgLi-khmNi6x6g1v-eEsBqjpJ-79355,https://drive.google.com/file/d/1fIF9WHrNgLi-khmNi6x6g1v-eEsBqjpJ/preview,https://drive.google.com/file/d/1fIF9WHrNgLi-khmNi6x6g1v-eEsBqjpJ/view?usp=drivesdk
1G8UPDUL1FPZRlyn7w7n6MiYBvJAgYZPl,79358,STHOR,Czesci_zamienne_79358.pdf,79358,True,True,drive-1G8UPDUL1FPZRlyn7w7n6MiYBvJAgYZPl-79358,https://drive.google.com/file/d/1G8UPDUL1FPZRlyn7w7n6MiYBvJAgYZPl/preview,https://drive.google.com/file/d/1G8UPDUL1FPZRlyn7w7n6MiYBvJAgYZPl/view?usp=drivesdk
1I1jRucw1ArY1Hf3XABAig_8fBDNV04hW,79363,STHOR,Czesci_zamienne_79363.pdf,79363,True,True,drive-1I1jRucw1ArY1Hf3XABAig_8fBDNV04hW-79363,https://drive.google.com/file/d/1I1jRucw1ArY1Hf3XABAig_8fBDNV04hW/preview,https://drive.google.com/file/d/1I1jRucw1ArY1Hf3XABAig_8fBDNV04hW/view?usp=drivesdk
1rnZdVpUvx5F0v2VrAp3Q67YUE5T9IuGl,79364,STHOR,Czesci_zamienne_79364.pdf,79364,True,True,drive-1rnZdVpUvx5F0v2VrAp3Q67YUE5T9IuGl-79364,https://drive.google.com/file/d/1rnZdVpUvx5F0v2VrAp3Q67YUE5T9IuGl/preview,https://drive.google.com/file/d/1rnZdVpUvx5F0v2VrAp3Q67YUE5T9IuGl/view?usp=drivesdk
13ow-9JWomY4LzCxXu6feqxCDg8Ymd9lJ,79376,STHOR,Czesci_zamienne_79376.pdf,79376,True,True,drive-13ow-9JWomY4LzCxXu6feqxCDg8Ymd9lJ-79376,https://drive.google.com/file/d/13ow-9JWomY4LzCxXu6feqxCDg8Ymd9lJ/preview,https://drive.google.com/file/d/13ow-9JWomY4LzCxXu6feqxCDg8Ymd9lJ/view?usp=drivesdk
1L7hIuvjR4TjaAYHBwXc3XkYR0R1iWgNu,79379,STHOR,Czesci_zamienne_79379.pdf,79379,True,True,drive-1L7hIuvjR4TjaAYHBwXc3XkYR0R1iWgNu-79379,https://drive.google.com/file/d/1L7hIuvjR4TjaAYHBwXc3XkYR0R1iWgNu/preview,https://drive.google.com/file/d/1L7hIuvjR4TjaAYHBwXc3XkYR0R1iWgNu/view?usp=drivesdk
1W19cNIBj_lhpFtxU6HQkiKFxzpCR_loD,79382,STHOR,Czesci_zamienne_79382.pdf,79382,True,True,drive-1W19cNIBj_lhpFtxU6HQkiKFxzpCR_loD-79382,https://drive.google.com/file/d/1W19cNIBj_lhpFtxU6HQkiKFxzpCR_loD/preview,https://drive.google.com/file/d/1W19cNIBj_lhpFtxU6HQkiKFxzpCR_loD/view?usp=drivesdk
17IcUHyl1__cifb_edar0k8FQiSw488PM,79383,STHOR,Czesci_zamienne_79383.pdf,79383,True,True,drive-17IcUHyl1__cifb_edar0k8FQiSw488PM-79383,https://drive.google.com/file/d/17IcUHyl1__cifb_edar0k8FQiSw488PM/preview,https://drive.google.com/file/d/17IcUHyl1__cifb_edar0k8FQiSw488PM/view?usp=drivesdk
1DJkQ_K_y7pOFgbFyaNmWdNXflAPDS2pK,79385,STHOR,Czesci_zamienne_79385.pdf,79385,True,True,drive-1DJkQ_K_y7pOFgbFyaNmWdNXflAPDS2pK-79385,https://drive.google.com/file/d/1DJkQ_K_y7pOFgbFyaNmWdNXflAPDS2pK/preview,https://drive.google.com/file/d/1DJkQ_K_y7pOFgbFyaNmWdNXflAPDS2pK/view?usp=drivesdk
1E9BxLTaqHMDjzqSItlyBAWx4aw1V0w6G,79410,FLO,Czesci_zamienne_79410.pdf,79410,True,True,drive-1E9BxLTaqHMDjzqSItlyBAWx4aw1V0w6G-79410,https://drive.google.com/file/d/1E9BxLTaqHMDjzqSItlyBAWx4aw1V0w6G/preview,https://drive.google.com/file/d/1E9BxLTaqHMDjzqSItlyBAWx4aw1V0w6G/view?usp=drivesdk
1xrAhK5QF5-YW4eeO9lONU6-Bz2jkrSTW,79413,FLO,Czesci_zamienne_79413.pdf,79413,True,True,drive-1xrAhK5QF5-YW4eeO9lONU6-Bz2jkrSTW-79413,https://drive.google.com/file/d/1xrAhK5QF5-YW4eeO9lONU6-Bz2jkrSTW/preview,https://drive.google.com/file/d/1xrAhK5QF5-YW4eeO9lONU6-Bz2jkrSTW/view?usp=drivesdk
1ULnYr6XzoC6rn3hsBlVH_kHTlJaHQcQV,79415,FLO,Czesci_zamienne_79415.pdf,79415,True,True,drive-1ULnYr6XzoC6rn3hsBlVH_kHTlJaHQcQV-79415,https://drive.google.com/file/d/1ULnYr6XzoC6rn3hsBlVH_kHTlJaHQcQV/preview,https://drive.google.com/file/d/1ULnYr6XzoC6rn3hsBlVH_kHTlJaHQcQV/view?usp=drivesdk
15Fu2WKccqb9BIdekxqzxd0IfhVftSoIn,79416,FLO,Czesci_zamienne_79416.pdf,79416,True,True,drive-15Fu2WKccqb9BIdekxqzxd0IfhVftSoIn-79416,https://drive.google.com/file/d/15Fu2WKccqb9BIdekxqzxd0IfhVftSoIn/preview,https://drive.google.com/file/d/15Fu2WKccqb9BIdekxqzxd0IfhVftSoIn/view?usp=drivesdk
1bQwbvkQve6FX_LGMtnSLASCXOnFdp8PE,79420,FLO,Czesci_zamienne_79420.pdf,79420,True,True,drive-1bQwbvkQve6FX_LGMtnSLASCXOnFdp8PE-79420,https://drive.google.com/file/d/1bQwbvkQve6FX_LGMtnSLASCXOnFdp8PE/preview,https://drive.google.com/file/d/1bQwbvkQve6FX_LGMtnSLASCXOnFdp8PE/view?usp=drivesdk
1Cp5EHgyph5M7lP2NUrrAPUYOSVLyGDc-,79442,FLO,Czesci_zamienne_79442.pdf,79442,True,True,drive-1Cp5EHgyph5M7lP2NUrrAPUYOSVLyGDc--79442,https://drive.google.com/file/d/1Cp5EHgyph5M7lP2NUrrAPUYOSVLyGDc-/preview,https://drive.google.com/file/d/1Cp5EHgyph5M7lP2NUrrAPUYOSVLyGDc-/view?usp=drivesdk
1CxogqD5EF7cbK9U3UHP8CS2eK0C5doOH,79448,FLO,Czesci_zamienne_79448.pdf,79448,True,True,drive-1CxogqD5EF7cbK9U3UHP8CS2eK0C5doOH-79448,https://drive.google.com/file/d/1CxogqD5EF7cbK9U3UHP8CS2eK0C5doOH/preview,https://drive.google.com/file/d/1CxogqD5EF7cbK9U3UHP8CS2eK0C5doOH/view?usp=drivesdk
1VeXLlB-EcMdEkVppp-r_BQMZWFYZzjpe,79456,FLO,Czesci_zamienne_79456.pdf,79456,True,True,drive-1VeXLlB-EcMdEkVppp-r_BQMZWFYZzjpe-79456,https://drive.google.com/file/d/1VeXLlB-EcMdEkVppp-r_BQMZWFYZzjpe/preview,https://drive.google.com/file/d/1VeXLlB-EcMdEkVppp-r_BQMZWFYZzjpe/view?usp=drivesdk
1hl9krHukNLE3RVliQlT6yVHRhNFUul3c,79473,FLO,Czesci_zamienne_79473.pdf,79473,True,True,drive-1hl9krHukNLE3RVliQlT6yVHRhNFUul3c-79473,https://drive.google.com/file/d/1hl9krHukNLE3RVliQlT6yVHRhNFUul3c/preview,https://drive.google.com/file/d/1hl9krHukNLE3RVliQlT6yVHRhNFUul3c/view?usp=drivesdk
1Htw1eeObgKaQ6DxfRqnBy3A3303MBRE5,79474,FLO,Czesci_zamienne_79474.pdf,79474,True,True,drive-1Htw1eeObgKaQ6DxfRqnBy3A3303MBRE5-79474,https://drive.google.com/file/d/1Htw1eeObgKaQ6DxfRqnBy3A3303MBRE5/preview,https://drive.google.com/file/d/1Htw1eeObgKaQ6DxfRqnBy3A3303MBRE5/view?usp=drivesdk
1Zy1lTUqRWOsRcn-HjJhkC_riKOItfiFR,79475,FLO,Czesci_zamienne_79475.pdf,79475,True,True,drive-1Zy1lTUqRWOsRcn-HjJhkC_riKOItfiFR-79475,https://drive.google.com/file/d/1Zy1lTUqRWOsRcn-HjJhkC_riKOItfiFR/preview,https://drive.google.com/file/d/1Zy1lTUqRWOsRcn-HjJhkC_riKOItfiFR/view?usp=drivesdk
1Qfj3gccwq4ZQSc3GUQhl2xiZDM6sinab,79476,FLO,Czesci_zamienne_79476.pdf,79476,True,True,drive-1Qfj3gccwq4ZQSc3GUQhl2xiZDM6sinab-79476,https://drive.google.com/file/d/1Qfj3gccwq4ZQSc3GUQhl2xiZDM6sinab/preview,https://drive.google.com/file/d/1Qfj3gccwq4ZQSc3GUQhl2xiZDM6sinab/view?usp=drivesdk
1n9MqSPSgDhm7yueR4VVHYYhiXnoJe7Fh,79477,FLO,Czesci_zamienne_79477.pdf,79477,True,True,drive-1n9MqSPSgDhm7yueR4VVHYYhiXnoJe7Fh-79477,https://drive.google.com/file/d/1n9MqSPSgDhm7yueR4VVHYYhiXnoJe7Fh/preview,https://drive.google.com/file/d/1n9MqSPSgDhm7yueR4VVHYYhiXnoJe7Fh/view?usp=drivesdk
1yKiRRS4Fsb3GkRb3hC920FR1Or8qEDKh,79478,FLO,Czesci_zamienne_79478.pdf,79478,True,True,drive-1yKiRRS4Fsb3GkRb3hC920FR1Or8qEDKh-79478,https://drive.google.com/file/d/1yKiRRS4Fsb3GkRb3hC920FR1Or8qEDKh/preview,https://drive.google.com/file/d/1yKiRRS4Fsb3GkRb3hC920FR1Or8qEDKh/view?usp=drivesdk
14ftwGyWPhL6e4w_C1mESAMU3W4U2qiYH,79479,FLO,Czesci_zamienne_79479.pdf,79479,True,True,drive-14ftwGyWPhL6e4w_C1mESAMU3W4U2qiYH-79479,https://drive.google.com/file/d/14ftwGyWPhL6e4w_C1mESAMU3W4U2qiYH/preview,https://drive.google.com/file/d/14ftwGyWPhL6e4w_C1mESAMU3W4U2qiYH/view?usp=drivesdk
1DTrlNG7y0ycvw3mAwXk65eFJFTOKTq7J,79481,FLO,Czesci_zamienne_79481.pdf,79481,True,True,drive-1DTrlNG7y0ycvw3mAwXk65eFJFTOKTq7J-79481,https://drive.google.com/file/d/1DTrlNG7y0ycvw3mAwXk65eFJFTOKTq7J/preview,https://drive.google.com/file/d/1DTrlNG7y0ycvw3mAwXk65eFJFTOKTq7J/view?usp=drivesdk
1_ucLohX-tvAcoOnbK4KlWhipxvfx4cKg,79482,FLO,Czesci_zamienne_79482.pdf,79482,True,True,drive-1_ucLohX-tvAcoOnbK4KlWhipxvfx4cKg-79482,https://drive.google.com/file/d/1_ucLohX-tvAcoOnbK4KlWhipxvfx4cKg/preview,https://drive.google.com/file/d/1_ucLohX-tvAcoOnbK4KlWhipxvfx4cKg/view?usp=drivesdk
1k1Z3KpTng7K8qnMWEqVSh62KNCOnEmZa,79484,FLO,Czesci_zamienne_79484.pdf,79484,True,True,drive-1k1Z3KpTng7K8qnMWEqVSh62KNCOnEmZa-79484,https://drive.google.com/file/d/1k1Z3KpTng7K8qnMWEqVSh62KNCOnEmZa/preview,https://drive.google.com/file/d/1k1Z3KpTng7K8qnMWEqVSh62KNCOnEmZa/view?usp=drivesdk
1ewlH798OFiFFFyebLpU1hfvC8ZH57VzF,79487,FLO,Czesci_zamienne_79487.pdf,79487,True,True,drive-1ewlH798OFiFFFyebLpU1hfvC8ZH57VzF-79487,https://drive.google.com/file/d/1ewlH798OFiFFFyebLpU1hfvC8ZH57VzF/preview,https://drive.google.com/file/d/1ewlH798OFiFFFyebLpU1hfvC8ZH57VzF/view?usp=drivesdk
1fWpbgqkMtWXdvlknZMES0MyAjmvyp7Ss,79493,FLO,Czesci_zamienne_79493.pdf,79493,True,True,drive-1fWpbgqkMtWXdvlknZMES0MyAjmvyp7Ss-79493,https://drive.google.com/file/d/1fWpbgqkMtWXdvlknZMES0MyAjmvyp7Ss/preview,https://drive.google.com/file/d/1fWpbgqkMtWXdvlknZMES0MyAjmvyp7Ss/view?usp=drivesdk
1nubcwICBkz07C_Wz-38vvANbJwuWL10o,79500,STHOR,Czesci_zamienne_79500.pdf,79500,True,True,drive-1nubcwICBkz07C_Wz-38vvANbJwuWL10o-79500,https://drive.google.com/file/d/1nubcwICBkz07C_Wz-38vvANbJwuWL10o/preview,https://drive.google.com/file/d/1nubcwICBkz07C_Wz-38vvANbJwuWL10o/view?usp=drivesdk
1wKITWq4Ha7rW5y47fObocPxkClfUsR8z,79725,STHOR,Czesci_zamienne_79725.pdf,79725,True,True,drive-1wKITWq4Ha7rW5y47fObocPxkClfUsR8z-79725,https://drive.google.com/file/d/1wKITWq4Ha7rW5y47fObocPxkClfUsR8z/preview,https://drive.google.com/file/d/1wKITWq4Ha7rW5y47fObocPxkClfUsR8z/view?usp=drivesdk
1nqV36xlOegW408l_G2ibUmMd48mbWB2x,79734,STHOR,Czesci_zamienne_79734.pdf,79734,True,True,drive-1nqV36xlOegW408l_G2ibUmMd48mbWB2x-79734,https://drive.google.com/file/d/1nqV36xlOegW408l_G2ibUmMd48mbWB2x/preview,https://drive.google.com/file/d/1nqV36xlOegW408l_G2ibUmMd48mbWB2x/view?usp=drivesdk
1v6HHKusS2bVzyVoyLkWSDQ9Ww5nUkh5F,79771,STHOR,Czesci_zamienne_79771.pdf,79771,True,True,drive-1v6HHKusS2bVzyVoyLkWSDQ9Ww5nUkh5F-79771,https://drive.google.com/file/d/1v6HHKusS2bVzyVoyLkWSDQ9Ww5nUkh5F/preview,https://drive.google.com/file/d/1v6HHKusS2bVzyVoyLkWSDQ9Ww5nUkh5F/view?usp=drivesdk
1WT1VTL1x6T2bgnO-MI6jzGtdyvUoOfbU,79772,STHOR,Czesci_zamienne_79772.pdf,79772,True,True,drive-1WT1VTL1x6T2bgnO-MI6jzGtdyvUoOfbU-79772,https://drive.google.com/file/d/1WT1VTL1x6T2bgnO-MI6jzGtdyvUoOfbU/preview,https://drive.google.com/file/d/1WT1VTL1x6T2bgnO-MI6jzGtdyvUoOfbU/view?usp=drivesdk
1smd8rPu_--juSynsaGy4U19aGvpnpfo5,79773,STHOR,Czesci_zamienne_79773.pdf,79773,True,True,drive-1smd8rPu_--juSynsaGy4U19aGvpnpfo5-79773,https://drive.google.com/file/d/1smd8rPu_--juSynsaGy4U19aGvpnpfo5/preview,https://drive.google.com/file/d/1smd8rPu_--juSynsaGy4U19aGvpnpfo5/view?usp=drivesdk
1_eh_Gvk100ooD00oM2xJWUGkz2xpiBv5,79774,STHOR,Czesci_zamienne_79774.pdf,79774,True,True,drive-1_eh_Gvk100ooD00oM2xJWUGkz2xpiBv5-79774,https://drive.google.com/file/d/1_eh_Gvk100ooD00oM2xJWUGkz2xpiBv5/preview,https://drive.google.com/file/d/1_eh_Gvk100ooD00oM2xJWUGkz2xpiBv5/view?usp=drivesdk
1ncrX6XI_f5ZTjfhQNjL0dxfGOD11OcGR,79775,STHOR,Czesci_zamienne_79775.pdf,79775,True,True,drive-1ncrX6XI_f5ZTjfhQNjL0dxfGOD11OcGR-79775,https://drive.google.com/file/d/1ncrX6XI_f5ZTjfhQNjL0dxfGOD11OcGR/preview,https://drive.google.com/file/d/1ncrX6XI_f5ZTjfhQNjL0dxfGOD11OcGR/view?usp=drivesdk
1xGN5aXMLmBS9Oez5MaaDz4Cdbrxp7aGH,79781,STHOR,Czesci_zamienne_79781.pdf,79781,True,True,drive-1xGN5aXMLmBS9Oez5MaaDz4Cdbrxp7aGH-79781,https://drive.google.com/file/d/1xGN5aXMLmBS9Oez5MaaDz4Cdbrxp7aGH/preview,https://drive.google.com/file/d/1xGN5aXMLmBS9Oez5MaaDz4Cdbrxp7aGH/view?usp=drivesdk
1B8exKPRSxus5LOozeySkp6hboiuiJVPR,79782,STHOR,Czesci_zamienne_79782.pdf,79782,True,True,drive-1B8exKPRSxus5LOozeySkp6hboiuiJVPR-79782,https://drive.google.com/file/d/1B8exKPRSxus5LOozeySkp6hboiuiJVPR/preview,https://drive.google.com/file/d/1B8exKPRSxus5LOozeySkp6hboiuiJVPR/view?usp=drivesdk
156Om4VOz34PgcJbAl80bYQI2ZNex_N-5,79783,STHOR,Czesci_zamienne_79783.pdf,79783,True,True,drive-156Om4VOz34PgcJbAl80bYQI2ZNex_N-5-79783,https://drive.google.com/file/d/156Om4VOz34PgcJbAl80bYQI2ZNex_N-5/preview,https://drive.google.com/file/d/156Om4VOz34PgcJbAl80bYQI2ZNex_N-5/view?usp=drivesdk
1-cJTp-3gLckuqYXUiF2nB5EN7_IV83bD,79790,STHOR,Czesci_zamienne_79790.pdf,79790,True,True,drive-1-cJTp-3gLckuqYXUiF2nB5EN7_IV83bD-79790,https://drive.google.com/file/d/1-cJTp-3gLckuqYXUiF2nB5EN7_IV83bD/preview,https://drive.google.com/file/d/1-cJTp-3gLckuqYXUiF2nB5EN7_IV83bD/view?usp=drivesdk
1RDgSUx5QQp2iBZfM59QA83JSC3G3rX57,79791,STHOR,Czesci_zamienne_79791.pdf,79791,True,True,drive-1RDgSUx5QQp2iBZfM59QA83JSC3G3rX57-79791,https://drive.google.com/file/d/1RDgSUx5QQp2iBZfM59QA83JSC3G3rX57/preview,https://drive.google.com/file/d/1RDgSUx5QQp2iBZfM59QA83JSC3G3rX57/view?usp=drivesdk
1hiYpSzaum14I5nN7Qx8PrjCFkIOtxLMA,79792,STHOR,Czesci_zamienne_79792.pdf,79792,True,True,drive-1hiYpSzaum14I5nN7Qx8PrjCFkIOtxLMA-79792,https://drive.google.com/file/d/1hiYpSzaum14I5nN7Qx8PrjCFkIOtxLMA/preview,https://drive.google.com/file/d/1hiYpSzaum14I5nN7Qx8PrjCFkIOtxLMA/view?usp=drivesdk
1IGeuDJdRWyavHIa1DVgHL6b0Hp0N2sJj,79810,STHOR,Czesci_zamienne_79810.pdf,79810,True,True,drive-1IGeuDJdRWyavHIa1DVgHL6b0Hp0N2sJj-79810,https://drive.google.com/file/d/1IGeuDJdRWyavHIa1DVgHL6b0Hp0N2sJj/preview,https://drive.google.com/file/d/1IGeuDJdRWyavHIa1DVgHL6b0Hp0N2sJj/view?usp=drivesdk
1SJDMOySuYdxbDbLqIsb3KFE5W3-Onh9u,79811,STHOR,Czesci_zamienne_79811.pdf,79811,True,True,drive-1SJDMOySuYdxbDbLqIsb3KFE5W3-Onh9u-79811,https://drive.google.com/file/d/1SJDMOySuYdxbDbLqIsb3KFE5W3-Onh9u/preview,https://drive.google.com/file/d/1SJDMOySuYdxbDbLqIsb3KFE5W3-Onh9u/view?usp=drivesdk
1GnycDL-VaZz2jCzgpL-4QG66IcJOWjkB,79812,STHOR,Czesci_zamienne_79812.pdf,79812,True,True,drive-1GnycDL-VaZz2jCzgpL-4QG66IcJOWjkB-79812,https://drive.google.com/file/d/1GnycDL-VaZz2jCzgpL-4QG66IcJOWjkB/preview,https://drive.google.com/file/d/1GnycDL-VaZz2jCzgpL-4QG66IcJOWjkB/view?usp=drivesdk
1tqVhbfpEXaDUlnHX7z-vswlXqFX7RSqY,79880,STHOR,Czesci_zamienne_79880.pdf,79880,True,True,drive-1tqVhbfpEXaDUlnHX7z-vswlXqFX7RSqY-79880,https://drive.google.com/file/d/1tqVhbfpEXaDUlnHX7z-vswlXqFX7RSqY/preview,https://drive.google.com/file/d/1tqVhbfpEXaDUlnHX7z-vswlXqFX7RSqY/view?usp=drivesdk
19RR2Yg0-sIG9Ddz87ijj7MkXi0D_gBVj,79909,STHOR,Czesci_zamienne_79909.pdf,79909,True,True,drive-19RR2Yg0-sIG9Ddz87ijj7MkXi0D_gBVj-79909,https://drive.google.com/file/d/19RR2Yg0-sIG9Ddz87ijj7MkXi0D_gBVj/preview,https://drive.google.com/file/d/19RR2Yg0-sIG9Ddz87ijj7MkXi0D_gBVj/view?usp=drivesdk
1Z0CtjRwIv7_PWZZUCA-QhM3JWiD91J6Q,79926,STHOR,Czesci_zamienne_79926.pdf,79926,True,True,drive-1Z0CtjRwIv7_PWZZUCA-QhM3JWiD91J6Q-79926,https://drive.google.com/file/d/1Z0CtjRwIv7_PWZZUCA-QhM3JWiD91J6Q/preview,https://drive.google.com/file/d/1Z0CtjRwIv7_PWZZUCA-QhM3JWiD91J6Q/view?usp=drivesdk
12dl-f_wTgEsqLh3WEaxVrz4e05NPm7bk,79927,STHOR,Czesci_zamienne_79927.pdf,79927,True,True,drive-12dl-f_wTgEsqLh3WEaxVrz4e05NPm7bk-79927,https://drive.google.com/file/d/12dl-f_wTgEsqLh3WEaxVrz4e05NPm7bk/preview,https://drive.google.com/file/d/12dl-f_wTgEsqLh3WEaxVrz4e05NPm7bk/view?usp=drivesdk
18R2EuJiu1myH467CO7hoPWik9aTXlPZb,79928,STHOR,Czesci_zamienne_79928.pdf,79928,True,True,drive-18R2EuJiu1myH467CO7hoPWik9aTXlPZb-79928,https://drive.google.com/file/d/18R2EuJiu1myH467CO7hoPWik9aTXlPZb/preview,https://drive.google.com/file/d/18R2EuJiu1myH467CO7hoPWik9aTXlPZb/view?usp=drivesdk
1sMse9-Hat1pXyJLsCI78i6WatfxHZW2y,79929,STHOR,Czesci_zamienne_79929.pdf,79929,True,True,drive-1sMse9-Hat1pXyJLsCI78i6WatfxHZW2y-79929,https://drive.google.com/file/d/1sMse9-Hat1pXyJLsCI78i6WatfxHZW2y/preview,https://drive.google.com/file/d/1sMse9-Hat1pXyJLsCI78i6WatfxHZW2y/view?usp=drivesdk
1bbdbBVwnVmB0uxvCftHiWYrpFRwkzo_t,79930,STHOR,Czesci_zamienne_79930.pdf,79930,True,True,drive-1bbdbBVwnVmB0uxvCftHiWYrpFRwkzo_t-79930,https://drive.google.com/file/d/1bbdbBVwnVmB0uxvCftHiWYrpFRwkzo_t/preview,https://drive.google.com/file/d/1bbdbBVwnVmB0uxvCftHiWYrpFRwkzo_t/view?usp=drivesdk
1KWHeijyDAMVRWAliXZ2srYn5-pRLVufz,79931,STHOR,Czesci_zamienne_79931.pdf,79931,True,True,drive-1KWHeijyDAMVRWAliXZ2srYn5-pRLVufz-79931,https://drive.google.com/file/d/1KWHeijyDAMVRWAliXZ2srYn5-pRLVufz/preview,https://drive.google.com/file/d/1KWHeijyDAMVRWAliXZ2srYn5-pRLVufz/view?usp=drivesdk
1o3MHIi2kYB80jeU1wifA0zsdVt-2oFoz,79932,STHOR,Czesci_zamienne_79932.pdf,79932,True,True,drive-1o3MHIi2kYB80jeU1wifA0zsdVt-2oFoz-79932,https://drive.google.com/file/d/1o3MHIi2kYB80jeU1wifA0zsdVt-2oFoz/preview,https://drive.google.com/file/d/1o3MHIi2kYB80jeU1wifA0zsdVt-2oFoz/view?usp=drivesdk
1gd9Nz54nKpiQYpjyilawfaqsIDPyG2Oo,79933,STHOR,Czesci_zamienne_79933.pdf,79933,True,True,drive-1gd9Nz54nKpiQYpjyilawfaqsIDPyG2Oo-79933,https://drive.google.com/file/d/1gd9Nz54nKpiQYpjyilawfaqsIDPyG2Oo/preview,https://drive.google.com/file/d/1gd9Nz54nKpiQYpjyilawfaqsIDPyG2Oo/view?usp=drivesdk
1_kM_xNTFmQWoJiuDh8kBIVUQtceZBmEy,79943,STHOR,Czesci_zamienne_79943.pdf,79943,True,True,drive-1_kM_xNTFmQWoJiuDh8kBIVUQtceZBmEy-79943,https://drive.google.com/file/d/1_kM_xNTFmQWoJiuDh8kBIVUQtceZBmEy/preview,https://drive.google.com/file/d/1_kM_xNTFmQWoJiuDh8kBIVUQtceZBmEy/view?usp=drivesdk
1kBFEIljyiJlOkw-TJFXR84H3Ah79VCb5,79944,STHOR,Czesci_zamienne_79944.pdf,79944,True,True,drive-1kBFEIljyiJlOkw-TJFXR84H3Ah79VCb5-79944,https://drive.google.com/file/d/1kBFEIljyiJlOkw-TJFXR84H3Ah79VCb5/preview,https://drive.google.com/file/d/1kBFEIljyiJlOkw-TJFXR84H3Ah79VCb5/view?usp=drivesdk
1RtbNKhjVYmI-0Uso4DctNrE7kYv8B_6j,80012,STHOR,Czesci_zamienne_80012.pdf,80012,True,True,drive-1RtbNKhjVYmI-0Uso4DctNrE7kYv8B_6j-80012,https://drive.google.com/file/d/1RtbNKhjVYmI-0Uso4DctNrE7kYv8B_6j/preview,https://drive.google.com/file/d/1RtbNKhjVYmI-0Uso4DctNrE7kYv8B_6j/view?usp=drivesdk
1NL0ZhypuI3CUYEwQ3nQl_EspbzZrXZYg,80022,STHOR,Czesci_zamienne_80022.pdf,80022,True,True,drive-1NL0ZhypuI3CUYEwQ3nQl_EspbzZrXZYg-80022,https://drive.google.com/file/d/1NL0ZhypuI3CUYEwQ3nQl_EspbzZrXZYg/preview,https://drive.google.com/file/d/1NL0ZhypuI3CUYEwQ3nQl_EspbzZrXZYg/view?usp=drivesdk
1hTH0QdGeWrAK3iRa7jBvZzHq3gAwZGJR,80032,STHOR,Czesci_zamienne_80032.pdf,80032,True,True,drive-1hTH0QdGeWrAK3iRa7jBvZzHq3gAwZGJR-80032,https://drive.google.com/file/d/1hTH0QdGeWrAK3iRa7jBvZzHq3gAwZGJR/preview,https://drive.google.com/file/d/1hTH0QdGeWrAK3iRa7jBvZzHq3gAwZGJR/view?usp=drivesdk
1RPaMXt4JnFsUHRqAqe8qxgNDpi305tfF,80042,STHOR,Czesci_zamienne_80042.pdf,80042,True,True,drive-1RPaMXt4JnFsUHRqAqe8qxgNDpi305tfF-80042,https://drive.google.com/file/d/1RPaMXt4JnFsUHRqAqe8qxgNDpi305tfF/preview,https://drive.google.com/file/d/1RPaMXt4JnFsUHRqAqe8qxgNDpi305tfF/view?usp=drivesdk
1OwAs6tnvieFF6ytDAYl9b82r23RhlbMl,80052,STHOR,Czesci_zamienne_80052.pdf,80052,True,True,drive-1OwAs6tnvieFF6ytDAYl9b82r23RhlbMl-80052,https://drive.google.com/file/d/1OwAs6tnvieFF6ytDAYl9b82r23RhlbMl/preview,https://drive.google.com/file/d/1OwAs6tnvieFF6ytDAYl9b82r23RhlbMl/view?usp=drivesdk
1ngoh6c_TNP9PYSntpTRufBBOIZddqdi4,80062,STHOR,Czesci_zamienne_80062.pdf,80062,True,True,drive-1ngoh6c_TNP9PYSntpTRufBBOIZddqdi4-80062,https://drive.google.com/file/d/1ngoh6c_TNP9PYSntpTRufBBOIZddqdi4/preview,https://drive.google.com/file/d/1ngoh6c_TNP9PYSntpTRufBBOIZddqdi4/view?usp=drivesdk
1HCQH_n7zdw0rmp6NW7ipwNcv1Fsdjd3n,80072,STHOR,Czesci_zamienne_80072.pdf,80072,True,True,drive-1HCQH_n7zdw0rmp6NW7ipwNcv1Fsdjd3n-80072,https://drive.google.com/file/d/1HCQH_n7zdw0rmp6NW7ipwNcv1Fsdjd3n/preview,https://drive.google.com/file/d/1HCQH_n7zdw0rmp6NW7ipwNcv1Fsdjd3n/view?usp=drivesdk
18Rpu2Lt-VK2YrDs5m98jMmkBIAgqhMmN,80082,STHOR,Czesci_zamienne_80082.pdf,80082,True,True,drive-18Rpu2Lt-VK2YrDs5m98jMmkBIAgqhMmN-80082,https://drive.google.com/file/d/18Rpu2Lt-VK2YrDs5m98jMmkBIAgqhMmN/preview,https://drive.google.com/file/d/18Rpu2Lt-VK2YrDs5m98jMmkBIAgqhMmN/view?usp=drivesdk
14F0go5i4zJdwmIC43xzfGlVeLwGwKfU5,80111,STHOR,Czesci_zamienne_80111.pdf,80111,True,True,drive-14F0go5i4zJdwmIC43xzfGlVeLwGwKfU5-80111,https://drive.google.com/file/d/14F0go5i4zJdwmIC43xzfGlVeLwGwKfU5/preview,https://drive.google.com/file/d/14F0go5i4zJdwmIC43xzfGlVeLwGwKfU5/view?usp=drivesdk
1s_ijsK1TE0gk22jFWiwM4PbGhEBUsWZ-,80220,STHOR,Czesci_zamienne_80220.pdf,80220,True,True,drive-1s_ijsK1TE0gk22jFWiwM4PbGhEBUsWZ--80220,https://drive.google.com/file/d/1s_ijsK1TE0gk22jFWiwM4PbGhEBUsWZ-/preview,https://drive.google.com/file/d/1s_ijsK1TE0gk22jFWiwM4PbGhEBUsWZ-/view?usp=drivesdk
1AYOMm5SlFuRG58nmvYsTbbUtcUZXCoaS,80330,STHOR,Czesci_zamienne_80330.pdf,80330,True,True,drive-1AYOMm5SlFuRG58nmvYsTbbUtcUZXCoaS-80330,https://drive.google.com/file/d/1AYOMm5SlFuRG58nmvYsTbbUtcUZXCoaS/preview,https://drive.google.com/file/d/1AYOMm5SlFuRG58nmvYsTbbUtcUZXCoaS/view?usp=drivesdk
1OkG0Rw0fb-LYn4uMjX4KuUlIDnSrzbJd,80340,STHOR,Czesci_zamienne_80340.pdf,80340,True,True,drive-1OkG0Rw0fb-LYn4uMjX4KuUlIDnSrzbJd-80340,https://drive.google.com/file/d/1OkG0Rw0fb-LYn4uMjX4KuUlIDnSrzbJd/preview,https://drive.google.com/file/d/1OkG0Rw0fb-LYn4uMjX4KuUlIDnSrzbJd/view?usp=drivesdk
1FRUBYIQ-4PPQ8RKusszoSrt1nOTND5I2,80350,STHOR,Czesci_zamienne_80350.pdf,80350,True,True,drive-1FRUBYIQ-4PPQ8RKusszoSrt1nOTND5I2-80350,https://drive.google.com/file/d/1FRUBYIQ-4PPQ8RKusszoSrt1nOTND5I2/preview,https://drive.google.com/file/d/1FRUBYIQ-4PPQ8RKusszoSrt1nOTND5I2/view?usp=drivesdk
1YFFEvIFDvbdyBGQs-jT3Vc5kCgTJofWq,80412,STHOR,Czesci_zamienne_80412.pdf,80412,True,True,drive-1YFFEvIFDvbdyBGQs-jT3Vc5kCgTJofWq-80412,https://drive.google.com/file/d/1YFFEvIFDvbdyBGQs-jT3Vc5kCgTJofWq/preview,https://drive.google.com/file/d/1YFFEvIFDvbdyBGQs-jT3Vc5kCgTJofWq/view?usp=drivesdk
19CInMFUNUxfd2UIICr0jgrvxW89tiGeY,80450,STHOR,Czesci_zamienne_80450.pdf,80450,True,True,drive-19CInMFUNUxfd2UIICr0jgrvxW89tiGeY-80450,https://drive.google.com/file/d/19CInMFUNUxfd2UIICr0jgrvxW89tiGeY/preview,https://drive.google.com/file/d/19CInMFUNUxfd2UIICr0jgrvxW89tiGeY/view?usp=drivesdk
1RHfPOPZnGalzqo2VHgGLjZviV8ekhJyq,80902,STHOR,Czesci_zamienne_80902.pdf,80902,True,True,drive-1RHfPOPZnGalzqo2VHgGLjZviV8ekhJyq-80902,https://drive.google.com/file/d/1RHfPOPZnGalzqo2VHgGLjZviV8ekhJyq/preview,https://drive.google.com/file/d/1RHfPOPZnGalzqo2VHgGLjZviV8ekhJyq/view?usp=drivesdk
1zeNz-U4QxNr56jVF_emsTF5f3dASnHtZ,80970,STHOR,Czesci_zamienne_80970.pdf,80970,True,True,drive-1zeNz-U4QxNr56jVF_emsTF5f3dASnHtZ-80970,https://drive.google.com/file/d/1zeNz-U4QxNr56jVF_emsTF5f3dASnHtZ/preview,https://drive.google.com/file/d/1zeNz-U4QxNr56jVF_emsTF5f3dASnHtZ/view?usp=drivesdk
1MjKZR_dH_vh--FcAhZ88RhnWegCo3ndR,81070,YATO,Czesci_zamienne_81070.pdf,81070,True,True,drive-1MjKZR_dH_vh--FcAhZ88RhnWegCo3ndR-81070,https://drive.google.com/file/d/1MjKZR_dH_vh--FcAhZ88RhnWegCo3ndR/preview,https://drive.google.com/file/d/1MjKZR_dH_vh--FcAhZ88RhnWegCo3ndR/view?usp=drivesdk
1WVKdX7vVhkAZCVQmBuZTUxok744T9SzZ,81101,YATO,Czesci_zamienne_81101.pdf,81101,True,True,drive-1WVKdX7vVhkAZCVQmBuZTUxok744T9SzZ-81101,https://drive.google.com/file/d/1WVKdX7vVhkAZCVQmBuZTUxok744T9SzZ/preview,https://drive.google.com/file/d/1WVKdX7vVhkAZCVQmBuZTUxok744T9SzZ/view?usp=drivesdk
18qdLxx3FgPmtcSzF_w5QZ7-g4WhEiQTA,81110,YATO,Czesci_zamienne_81110.pdf,81110,True,True,drive-18qdLxx3FgPmtcSzF_w5QZ7-g4WhEiQTA-81110,https://drive.google.com/file/d/18qdLxx3FgPmtcSzF_w5QZ7-g4WhEiQTA/preview,https://drive.google.com/file/d/18qdLxx3FgPmtcSzF_w5QZ7-g4WhEiQTA/view?usp=drivesdk
1MEZUEU2CFiEwbUEkbJiOridfTQTUFZTt,81617,YATO,Czesci_zamienne_81617.pdf,81617,True,True,drive-1MEZUEU2CFiEwbUEkbJiOridfTQTUFZTt-81617,https://drive.google.com/file/d/1MEZUEU2CFiEwbUEkbJiOridfTQTUFZTt/preview,https://drive.google.com/file/d/1MEZUEU2CFiEwbUEkbJiOridfTQTUFZTt/view?usp=drivesdk
1qYYmz2xhBHVQ-DHJ41AlkbZpSrplSf7y,81618,YATO,Czesci_zamienne_81618.pdf,81618,True,True,drive-1qYYmz2xhBHVQ-DHJ41AlkbZpSrplSf7y-81618,https://drive.google.com/file/d/1qYYmz2xhBHVQ-DHJ41AlkbZpSrplSf7y/preview,https://drive.google.com/file/d/1qYYmz2xhBHVQ-DHJ41AlkbZpSrplSf7y/view?usp=drivesdk
1zfWx0MJ3xCsAuZQQc3I_QwkigdGidDOY,82541,YATO,Czesci_zamienne_82541.pdf,82541,True,True,drive-1zfWx0MJ3xCsAuZQQc3I_QwkigdGidDOY-82541,https://drive.google.com/file/d/1zfWx0MJ3xCsAuZQQc3I_QwkigdGidDOY/preview,https://drive.google.com/file/d/1zfWx0MJ3xCsAuZQQc3I_QwkigdGidDOY/view?usp=drivesdk
1Y8O7FxXgloQ_1KWT4eyBKX34YlB_CxL6,82542,YATO,Czesci_zamienne_82542.pdf,82542,True,True,drive-1Y8O7FxXgloQ_1KWT4eyBKX34YlB_CxL6-82542,https://drive.google.com/file/d/1Y8O7FxXgloQ_1KWT4eyBKX34YlB_CxL6/preview,https://drive.google.com/file/d/1Y8O7FxXgloQ_1KWT4eyBKX34YlB_CxL6/view?usp=drivesdk
1kzbRsvmMJfxv9qw4T0plqbl5YcKFyW-v,82543,YATO,Czesci_zamienne_82543.pdf,82543,True,True,drive-1kzbRsvmMJfxv9qw4T0plqbl5YcKFyW-v-82543,https://drive.google.com/file/d/1kzbRsvmMJfxv9qw4T0plqbl5YcKFyW-v/preview,https://drive.google.com/file/d/1kzbRsvmMJfxv9qw4T0plqbl5YcKFyW-v/view?usp=drivesdk
1pboO_FgVimfUro1pNIDXi42wMEBI24up,82544,YATO,Czesci_zamienne_82544.pdf,82544,True,True,drive-1pboO_FgVimfUro1pNIDXi42wMEBI24up-82544,https://drive.google.com/file/d/1pboO_FgVimfUro1pNIDXi42wMEBI24up/preview,https://drive.google.com/file/d/1pboO_FgVimfUro1pNIDXi42wMEBI24up/view?usp=drivesdk
1xsh5WileFORPsM4QWVT5rX5uLCAVCACP,82550,YATO,Czesci_zamienne_82550.pdf,82550,True,True,drive-1xsh5WileFORPsM4QWVT5rX5uLCAVCACP-82550,https://drive.google.com/file/d/1xsh5WileFORPsM4QWVT5rX5uLCAVCACP/preview,https://drive.google.com/file/d/1xsh5WileFORPsM4QWVT5rX5uLCAVCACP/view?usp=drivesdk
1lQT4KXflNdmr1dKTGZTyLcnZx2XQSqHR,YT-828075,YATO,Czesci_zamienne_YT-828075_YT-828076.pdf,YT-828075 YT-828076,False,True,drive-1lQT4KXflNdmr1dKTGZTyLcnZx2XQSqHR-YT-828075,https://drive.google.com/file/d/1lQT4KXflNdmr1dKTGZTyLcnZx2XQSqHR/preview,https://drive.google.com/file/d/1lQT4KXflNdmr1dKTGZTyLcnZx2XQSqHR/view?usp=drivesdk
1lQT4KXflNdmr1dKTGZTyLcnZx2XQSqHR,YT-828076,YATO,Czesci_zamienne_YT-828075_YT-828076.pdf,YT-828076 — YT-828075 YT-828076,False,True,drive-1lQT4KXflNdmr1dKTGZTyLcnZx2XQSqHR-YT-828076,https://drive.google.com/file/d/1lQT4KXflNdmr1dKTGZTyLcnZx2XQSqHR/preview,https://drive.google.com/file/d/1lQT4KXflNdmr1dKTGZTyLcnZx2XQSqHR/view?usp=drivesdk
1xSEkF_PE4oqfw0TYhocqR4-rbYJNTtM4,YT-828118,YATO,Czesci_zamienne_YT-828118_YT-8281185.pdf,YT-828118 YT-8281185,False,True,drive-1xSEkF_PE4oqfw0TYhocqR4-rbYJNTtM4-YT-828118,https://drive.google.com/file/d/1xSEkF_PE4oqfw0TYhocqR4-rbYJNTtM4/preview,https://drive.google.com/file/d/1xSEkF_PE4oqfw0TYhocqR4-rbYJNTtM4/view?usp=drivesdk
1xSEkF_PE4oqfw0TYhocqR4-rbYJNTtM4,YT-8281185,YATO,Czesci_zamienne_YT-828118_YT-8281185.pdf,YT-8281185 — YT-828118 YT-8281185,False,True,drive-1xSEkF_PE4oqfw0TYhocqR4-rbYJNTtM4-YT-8281185,https://drive.google.com/file/d/1xSEkF_PE4oqfw0TYhocqR4-rbYJNTtM4/preview,https://drive.google.com/file/d/1xSEkF_PE4oqfw0TYhocqR4-rbYJNTtM4/view?usp=drivesdk
1ku3ToL7VhNsUZ9hbrNjw1u_lltY9KaeK,YT-828135,YATO,Czesci_zamienne_YT-828135_YT-828136.pdf,YT-828135 YT-828136,False,True,drive-1ku3ToL7VhNsUZ9hbrNjw1u_lltY9KaeK-YT-828135,https://drive.google.com/file/d/1ku3ToL7VhNsUZ9hbrNjw1u_lltY9KaeK/preview,https://drive.google.com/file/d/1ku3ToL7VhNsUZ9hbrNjw1u_lltY9KaeK/view?usp=drivesdk
1ku3ToL7VhNsUZ9hbrNjw1u_lltY9KaeK,YT-828136,YATO,Czesci_zamienne_YT-828135_YT-828136.pdf,YT-828136 — YT-828135 YT-828136,False,True,drive-1ku3ToL7VhNsUZ9hbrNjw1u_lltY9KaeK-YT-828136,https://drive.google.com/file/d/1ku3ToL7VhNsUZ9hbrNjw1u_lltY9KaeK/preview,https://drive.google.com/file/d/1ku3ToL7VhNsUZ9hbrNjw1u_lltY9KaeK/view?usp=drivesdk
1jIkQAdT2TDeC6ztGL9fvMVoSW8DBNND1,YT-828137,YATO,Czesci_zamienne_YT-828137_YT-828138.pdf,YT-828137 YT-828138,False,True,drive-1jIkQAdT2TDeC6ztGL9fvMVoSW8DBNND1-YT-828137,https://drive.google.com/file/d/1jIkQAdT2TDeC6ztGL9fvMVoSW8DBNND1/preview,https://drive.google.com/file/d/1jIkQAdT2TDeC6ztGL9fvMVoSW8DBNND1/view?usp=drivesdk
1jIkQAdT2TDeC6ztGL9fvMVoSW8DBNND1,YT-828138,YATO,Czesci_zamienne_YT-828137_YT-828138.pdf,YT-828138 — YT-828137 YT-828138,False,True,drive-1jIkQAdT2TDeC6ztGL9fvMVoSW8DBNND1-YT-828138,https://drive.google.com/file/d/1jIkQAdT2TDeC6ztGL9fvMVoSW8DBNND1/preview,https://drive.google.com/file/d/1jIkQAdT2TDeC6ztGL9fvMVoSW8DBNND1/view?usp=drivesdk
1fM1-tMFS3ChHRNfl19v1PEdhrxi7cNSF,YT-82824,YATO,Czesci_zamienne_YT-82824_YT-828296.pdf,YT-82824 YT-828296,False,True,drive-1fM1-tMFS3ChHRNfl19v1PEdhrxi7cNSF-YT-82824,https://drive.google.com/file/d/1fM1-tMFS3ChHRNfl19v1PEdhrxi7cNSF/preview,https://drive.google.com/file/d/1fM1-tMFS3ChHRNfl19v1PEdhrxi7cNSF/view?usp=drivesdk
1fM1-tMFS3ChHRNfl19v1PEdhrxi7cNSF,YT-828296,YATO,Czesci_zamienne_YT-82824_YT-828296.pdf,YT-828296 — YT-82824 YT-828296,False,True,drive-1fM1-tMFS3ChHRNfl19v1PEdhrxi7cNSF-YT-828296,https://drive.google.com/file/d/1fM1-tMFS3ChHRNfl19v1PEdhrxi7cNSF/preview,https://drive.google.com/file/d/1fM1-tMFS3ChHRNfl19v1PEdhrxi7cNSF/view?usp=drivesdk
1O2g4QgSNxl4zB_9DQbmjCtnNwMIX2wqP,YT-828293,YATO,Czesci_zamienne_YT-828293_YT-828294_YT-828295_YT-828296.pdf,YT-828293 YT-828294 YT-828295 YT-828296,False,True,drive-1O2g4QgSNxl4zB_9DQbmjCtnNwMIX2wqP-YT-828293,https://drive.google.com/file/d/1O2g4QgSNxl4zB_9DQbmjCtnNwMIX2wqP/preview,https://drive.google.com/file/d/1O2g4QgSNxl4zB_9DQbmjCtnNwMIX2wqP/view?usp=drivesdk
1O2g4QgSNxl4zB_9DQbmjCtnNwMIX2wqP,YT-828294,YATO,Czesci_zamienne_YT-828293_YT-828294_YT-828295_YT-828296.pdf,YT-828294 — YT-828293 YT-828294 YT-828295 YT-828296,False,True,drive-1O2g4QgSNxl4zB_9DQbmjCtnNwMIX2wqP-YT-828294,https://drive.google.com/file/d/1O2g4QgSNxl4zB_9DQbmjCtnNwMIX2wqP/preview,https://drive.google.com/file/d/1O2g4QgSNxl4zB_9DQbmjCtnNwMIX2wqP/view?usp=drivesdk
1O2g4QgSNxl4zB_9DQbmjCtnNwMIX2wqP,YT-828295,YATO,Czesci_zamienne_YT-828293_YT-828294_YT-828295_YT-828296.pdf,YT-828295 — YT-828293 YT-828294 YT-828295 YT-828296,False,True,drive-1O2g4QgSNxl4zB_9DQbmjCtnNwMIX2wqP-YT-828295,https://drive.google.com/file/d/1O2g4QgSNxl4zB_9DQbmjCtnNwMIX2wqP/preview,https://drive.google.com/file/d/1O2g4QgSNxl4zB_9DQbmjCtnNwMIX2wqP/view?usp=drivesdk
1O2g4QgSNxl4zB_9DQbmjCtnNwMIX2wqP,YT-828296,YATO,Czesci_zamienne_YT-828293_YT-828294_YT-828295_YT-828296.pdf,YT-828296 — YT-828293 YT-828294 YT-828295 YT-828296,False,True,drive-1O2g4QgSNxl4zB_9DQbmjCtnNwMIX2wqP-YT-828296,https://drive.google.com/file/d/1O2g4QgSNxl4zB_9DQbmjCtnNwMIX2wqP/preview,https://drive.google.com/file/d/1O2g4QgSNxl4zB_9DQbmjCtnNwMIX2wqP/view?usp=drivesdk
1MU9WFhZb43-Pqw6WcA9F_wxG_kbzc2al,82942,YATO,Czesci_zamienne_82942.pdf,82942,True,True,drive-1MU9WFhZb43-Pqw6WcA9F_wxG_kbzc2al-82942,https://drive.google.com/file/d/1MU9WFhZb43-Pqw6WcA9F_wxG_kbzc2al/preview,https://drive.google.com/file/d/1MU9WFhZb43-Pqw6WcA9F_wxG_kbzc2al/view?usp=drivesdk
1XniPEjzzU1azP3O9x2UbKnw3NL5YT4GJ,89610,FLO,Czesci_zamienne_89610.pdf,89610,True,True,drive-1XniPEjzzU1azP3O9x2UbKnw3NL5YT4GJ-89610,https://drive.google.com/file/d/1XniPEjzzU1azP3O9x2UbKnw3NL5YT4GJ/preview,https://drive.google.com/file/d/1XniPEjzzU1azP3O9x2UbKnw3NL5YT4GJ/view?usp=drivesdk
1TNhVKzYFHwTWdiYpWqmBI1un73Kru6FM,89611,FLO,Czesci_zamienne_89611.pdf,89611,True,True,drive-1TNhVKzYFHwTWdiYpWqmBI1un73Kru6FM-89611,https://drive.google.com/file/d/1TNhVKzYFHwTWdiYpWqmBI1un73Kru6FM/preview,https://drive.google.com/file/d/1TNhVKzYFHwTWdiYpWqmBI1un73Kru6FM/view?usp=drivesdk
1NVuclcuKEmkA33zyrZ9dtb0dr-Bq1v0-,99657,YATO,Czesci_zamienne_99657.pdf,99657,True,True,drive-1NVuclcuKEmkA33zyrZ9dtb0dr-Bq1v0--99657,https://drive.google.com/file/d/1NVuclcuKEmkA33zyrZ9dtb0dr-Bq1v0-/preview,https://drive.google.com/file/d/1NVuclcuKEmkA33zyrZ9dtb0dr-Bq1v0-/view?usp=drivesdk
1Ky2jc2BxCFPZYMojzyZMIZfOgK-nOLzA,99658,YATO,Czesci_zamienne_99658.pdf,99658,True,True,drive-1Ky2jc2BxCFPZYMojzyZMIZfOgK-nOLzA-99658,https://drive.google.com/file/d/1Ky2jc2BxCFPZYMojzyZMIZfOgK-nOLzA/preview,https://drive.google.com/file/d/1Ky2jc2BxCFPZYMojzyZMIZfOgK-nOLzA/view?usp=drivesdk
1z5Wu-WgmgNUT63WIfRONFX4OLAG5EI3u,YT-05855,YATO,Czesci_zamienne_YT-05855.pdf,YT-05855,True,True,drive-1z5Wu-WgmgNUT63WIfRONFX4OLAG5EI3u-YT-05855,https://drive.google.com/file/d/1z5Wu-WgmgNUT63WIfRONFX4OLAG5EI3u/preview,https://drive.google.com/file/d/1z5Wu-WgmgNUT63WIfRONFX4OLAG5EI3u/view?usp=drivesdk
1wgFrbX4F4o_yr3V-zM3i3n0dGsi5mqU0,YT-05856,YATO,Czesci_zamienne_YT-05856.pdf,YT-05856,True,True,drive-1wgFrbX4F4o_yr3V-zM3i3n0dGsi5mqU0-YT-05856,https://drive.google.com/file/d/1wgFrbX4F4o_yr3V-zM3i3n0dGsi5mqU0/preview,https://drive.google.com/file/d/1wgFrbX4F4o_yr3V-zM3i3n0dGsi5mqU0/view?usp=drivesdk
1GVQ_GVkVO4GOJ5TV5QP__S1NBhsnmlMM,YT-06845,YATO,Czesci_zamienne_YT-06845.pdf,YT-06845,True,True,drive-1GVQ_GVkVO4GOJ5TV5QP__S1NBhsnmlMM-YT-06845,https://drive.google.com/file/d/1GVQ_GVkVO4GOJ5TV5QP__S1NBhsnmlMM/preview,https://drive.google.com/file/d/1GVQ_GVkVO4GOJ5TV5QP__S1NBhsnmlMM/view?usp=drivesdk
11fFzd7aGwaPLUl1NJ3yNsSwK97lhnfMv,YT-07020,YATO,Czesci_zamienne_YT-07020 YT-07021.pdf,YT-07020 YT-07021,False,True,drive-11fFzd7aGwaPLUl1NJ3yNsSwK97lhnfMv-YT-07020,https://drive.google.com/file/d/11fFzd7aGwaPLUl1NJ3yNsSwK97lhnfMv/preview,https://drive.google.com/file/d/11fFzd7aGwaPLUl1NJ3yNsSwK97lhnfMv/view?usp=drivesdk
11fFzd7aGwaPLUl1NJ3yNsSwK97lhnfMv,YT-07021,YATO,Czesci_zamienne_YT-07020 YT-07021.pdf,YT-07021 — YT-07020 YT-07021,False,True,drive-11fFzd7aGwaPLUl1NJ3yNsSwK97lhnfMv-YT-07021,https://drive.google.com/file/d/11fFzd7aGwaPLUl1NJ3yNsSwK97lhnfMv/preview,https://drive.google.com/file/d/11fFzd7aGwaPLUl1NJ3yNsSwK97lhnfMv/view?usp=drivesdk
1qW7yyJBZY0kt9A8zN2mup0bptNshcUnC,YT-07057,YATO,Czesci_zamienne_YT-07057.pdf,YT-07057,True,True,drive-1qW7yyJBZY0kt9A8zN2mup0bptNshcUnC-YT-07057,https://drive.google.com/file/d/1qW7yyJBZY0kt9A8zN2mup0bptNshcUnC/preview,https://drive.google.com/file/d/1qW7yyJBZY0kt9A8zN2mup0bptNshcUnC/view?usp=drivesdk
1pB9oYDWxg1vzglBeT1mmAzQ8s_-69arh,YT-07067,YATO,Czesci_zamienne_YT-07067.pdf,YT-07067,True,True,drive-1pB9oYDWxg1vzglBeT1mmAzQ8s_-69arh-YT-07067,https://drive.google.com/file/d/1pB9oYDWxg1vzglBeT1mmAzQ8s_-69arh/preview,https://drive.google.com/file/d/1pB9oYDWxg1vzglBeT1mmAzQ8s_-69arh/view?usp=drivesdk
1hT4Mph_hCgu_bJcRGjB-HIasIPlNPlaK,YT-07068,YATO,Czesci_zamienne_YT-07068.pdf,YT-07068,True,True,drive-1hT4Mph_hCgu_bJcRGjB-HIasIPlNPlaK-YT-07068,https://drive.google.com/file/d/1hT4Mph_hCgu_bJcRGjB-HIasIPlNPlaK/preview,https://drive.google.com/file/d/1hT4Mph_hCgu_bJcRGjB-HIasIPlNPlaK/view?usp=drivesdk
10obSeu9r60nnPFQHZ053-5V8c5j-yZRe,YT-07069,YATO,Czesci_zamienne_YT-07069.pdf,YT-07069,True,True,drive-10obSeu9r60nnPFQHZ053-5V8c5j-yZRe-YT-07069,https://drive.google.com/file/d/10obSeu9r60nnPFQHZ053-5V8c5j-yZRe/preview,https://drive.google.com/file/d/10obSeu9r60nnPFQHZ053-5V8c5j-yZRe/view?usp=drivesdk
1U_4HaTKdLuzuq4DwPAZhijwUUR_XNZhV,YT-07190,YATO,Czesci_zamienne_YT-07190.pdf,YT-07190,True,True,drive-1U_4HaTKdLuzuq4DwPAZhijwUUR_XNZhV-YT-07190,https://drive.google.com/file/d/1U_4HaTKdLuzuq4DwPAZhijwUUR_XNZhV/preview,https://drive.google.com/file/d/1U_4HaTKdLuzuq4DwPAZhijwUUR_XNZhV/view?usp=drivesdk
1QUP2KVd2-E_PJVDUvmrenMGLiW7PBRIq,YT-07195,YATO,Czesci_zamienne_YT-07195.pdf,YT-07195,True,True,drive-1QUP2KVd2-E_PJVDUvmrenMGLiW7PBRIq-YT-07195,https://drive.google.com/file/d/1QUP2KVd2-E_PJVDUvmrenMGLiW7PBRIq/preview,https://drive.google.com/file/d/1QUP2KVd2-E_PJVDUvmrenMGLiW7PBRIq/view?usp=drivesdk
1wrm09coOHV3QjcFej3Sny_CcaGOUWkht,YT-0750,YATO,Czesci_zamienne_YT-0750.pdf,YT-0750,True,True,drive-1wrm09coOHV3QjcFej3Sny_CcaGOUWkht-YT-0750,https://drive.google.com/file/d/1wrm09coOHV3QjcFej3Sny_CcaGOUWkht/preview,https://drive.google.com/file/d/1wrm09coOHV3QjcFej3Sny_CcaGOUWkht/view?usp=drivesdk
1YZMTeDKGVhIjqOMY1OID5xAC7W4cApdk,YT-0751,YATO,Czesci_zamienne_YT-0751.pdf,YT-0751,True,True,drive-1YZMTeDKGVhIjqOMY1OID5xAC7W4cApdk-YT-0751,https://drive.google.com/file/d/1YZMTeDKGVhIjqOMY1OID5xAC7W4cApdk/preview,https://drive.google.com/file/d/1YZMTeDKGVhIjqOMY1OID5xAC7W4cApdk/view?usp=drivesdk
10vIReAW2k4Ekjlnn0nzimIKiqkoEZbZz,YT-0752,YATO,Czesci_zamienne_YT-0752.pdf,YT-0752,True,True,drive-10vIReAW2k4Ekjlnn0nzimIKiqkoEZbZz-YT-0752,https://drive.google.com/file/d/10vIReAW2k4Ekjlnn0nzimIKiqkoEZbZz/preview,https://drive.google.com/file/d/10vIReAW2k4Ekjlnn0nzimIKiqkoEZbZz/view?usp=drivesdk
1TGrxLUfouCz19-nRZXrrnCSfm3bS8HvF,YT-0756,YATO,Czesci_zamienne_YT-0756.pdf,YT-0756,True,True,drive-1TGrxLUfouCz19-nRZXrrnCSfm3bS8HvF-YT-0756,https://drive.google.com/file/d/1TGrxLUfouCz19-nRZXrrnCSfm3bS8HvF/preview,https://drive.google.com/file/d/1TGrxLUfouCz19-nRZXrrnCSfm3bS8HvF/view?usp=drivesdk
10u9CsjiZwbB6tvj9OoYcJbukEAOo6OZY,YT-0762,YATO,Czesci_zamienne_YT-0762.pdf,YT-0762,True,True,drive-10u9CsjiZwbB6tvj9OoYcJbukEAOo6OZY-YT-0762,https://drive.google.com/file/d/10u9CsjiZwbB6tvj9OoYcJbukEAOo6OZY/preview,https://drive.google.com/file/d/10u9CsjiZwbB6tvj9OoYcJbukEAOo6OZY/view?usp=drivesdk
1xDeAehvmsHPhaxaiWLmYLYGHfbkYRE9L,YT-0767,YATO,Czesci_zamienne_YT-0767.pdf,YT-0767,True,True,drive-1xDeAehvmsHPhaxaiWLmYLYGHfbkYRE9L-YT-0767,https://drive.google.com/file/d/1xDeAehvmsHPhaxaiWLmYLYGHfbkYRE9L/preview,https://drive.google.com/file/d/1xDeAehvmsHPhaxaiWLmYLYGHfbkYRE9L/view?usp=drivesdk
1Zi4Umvnqil2iMib4JcacsmZqv6su3UPU,YT-0780,YATO,Czesci_zamienne_YT-0780.pdf,YT-0780,True,True,drive-1Zi4Umvnqil2iMib4JcacsmZqv6su3UPU-YT-0780,https://drive.google.com/file/d/1Zi4Umvnqil2iMib4JcacsmZqv6su3UPU/preview,https://drive.google.com/file/d/1Zi4Umvnqil2iMib4JcacsmZqv6su3UPU/view?usp=drivesdk
1qpe1zBSs-2AhVlsYr0Cw7wKTBpDeJR5d,YT-0781,YATO,Czesci_zamienne_YT-0781.pdf,YT-0781,True,True,drive-1qpe1zBSs-2AhVlsYr0Cw7wKTBpDeJR5d-YT-0781,https://drive.google.com/file/d/1qpe1zBSs-2AhVlsYr0Cw7wKTBpDeJR5d/preview,https://drive.google.com/file/d/1qpe1zBSs-2AhVlsYr0Cw7wKTBpDeJR5d/view?usp=drivesdk
1n_qN5vzA8EgNoNdF76aXWaaOHEiqefoz,YT-08502,YATO,Czesci_zamienne_YT-08502.pdf,YT-08502,True,True,drive-1n_qN5vzA8EgNoNdF76aXWaaOHEiqefoz-YT-08502,https://drive.google.com/file/d/1n_qN5vzA8EgNoNdF76aXWaaOHEiqefoz/preview,https://drive.google.com/file/d/1n_qN5vzA8EgNoNdF76aXWaaOHEiqefoz/view?usp=drivesdk
10xXXBCJ-I_yrzPWMTXl2Y7o1_G6GdxbX,YT-08505,YATO,Czesci_zamienne_YT-08505.pdf,YT-08505,True,True,drive-10xXXBCJ-I_yrzPWMTXl2Y7o1_G6GdxbX-YT-08505,https://drive.google.com/file/d/10xXXBCJ-I_yrzPWMTXl2Y7o1_G6GdxbX/preview,https://drive.google.com/file/d/10xXXBCJ-I_yrzPWMTXl2Y7o1_G6GdxbX/view?usp=drivesdk
1HEgtJrL9cx27zSc4vg6tcCn0_NPMvNAq,YT-08518,YATO,Czesci_zamienne_YT-08518.pdf,YT-08518,True,True,drive-1HEgtJrL9cx27zSc4vg6tcCn0_NPMvNAq-YT-08518,https://drive.google.com/file/d/1HEgtJrL9cx27zSc4vg6tcCn0_NPMvNAq/preview,https://drive.google.com/file/d/1HEgtJrL9cx27zSc4vg6tcCn0_NPMvNAq/view?usp=drivesdk
1MGU3bV_ywL95uFO2ICknX4B52EFNmwEB,YT-09201,YATO,Czesci_zamienne_YT-09201.pdf,YT-09201,True,True,drive-1MGU3bV_ywL95uFO2ICknX4B52EFNmwEB-YT-09201,https://drive.google.com/file/d/1MGU3bV_ywL95uFO2ICknX4B52EFNmwEB/preview,https://drive.google.com/file/d/1MGU3bV_ywL95uFO2ICknX4B52EFNmwEB/view?usp=drivesdk
1gkYzL86GBVHUDjnxPI8bEns5mhfAhJus,YT-09202,YATO,Czesci_zamienne_YT-09202.pdf,YT-09202,True,True,drive-1gkYzL86GBVHUDjnxPI8bEns5mhfAhJus-YT-09202,https://drive.google.com/file/d/1gkYzL86GBVHUDjnxPI8bEns5mhfAhJus/preview,https://drive.google.com/file/d/1gkYzL86GBVHUDjnxPI8bEns5mhfAhJus/view?usp=drivesdk
1AI7bjtU9bNNXZZCVsR8DwBVLthD4fMEA,YT-09203,YATO,Czesci_zamienne_YT-09203.pdf,YT-09203,True,True,drive-1AI7bjtU9bNNXZZCVsR8DwBVLthD4fMEA-YT-09203,https://drive.google.com/file/d/1AI7bjtU9bNNXZZCVsR8DwBVLthD4fMEA/preview,https://drive.google.com/file/d/1AI7bjtU9bNNXZZCVsR8DwBVLthD4fMEA/view?usp=drivesdk
1gltMdN-GhdoXBnn5ra69x96CsUv2vGvt,YT-09204,YATO,Czesci_zamienne_YT-09204.pdf,YT-09204,True,True,drive-1gltMdN-GhdoXBnn5ra69x96CsUv2vGvt-YT-09204,https://drive.google.com/file/d/1gltMdN-GhdoXBnn5ra69x96CsUv2vGvt/preview,https://drive.google.com/file/d/1gltMdN-GhdoXBnn5ra69x96CsUv2vGvt/view?usp=drivesdk
17CQJSs5T6Wfzx9YME_xvi-f2OH0xtX_N,YT-09205,YATO,Czesci_zamienne_YT-09205.pdf,YT-09205,True,True,drive-17CQJSs5T6Wfzx9YME_xvi-f2OH0xtX_N-YT-09205,https://drive.google.com/file/d/17CQJSs5T6Wfzx9YME_xvi-f2OH0xtX_N/preview,https://drive.google.com/file/d/17CQJSs5T6Wfzx9YME_xvi-f2OH0xtX_N/view?usp=drivesdk
1v2ffnBFngy_BvCBx_8lWdyETXNgidRUB,YT-09206,YATO,Czesci_zamienne_YT-09206.pdf,YT-09206,True,True,drive-1v2ffnBFngy_BvCBx_8lWdyETXNgidRUB-YT-09206,https://drive.google.com/file/d/1v2ffnBFngy_BvCBx_8lWdyETXNgidRUB/preview,https://drive.google.com/file/d/1v2ffnBFngy_BvCBx_8lWdyETXNgidRUB/view?usp=drivesdk
1c5nWqSPIRaoEWNDjOhJugLDJcCRZa2or,YT-09211,YATO,Czesci_zamienne_YT-09211.pdf,YT-09211,True,True,drive-1c5nWqSPIRaoEWNDjOhJugLDJcCRZa2or-YT-09211,https://drive.google.com/file/d/1c5nWqSPIRaoEWNDjOhJugLDJcCRZa2or/preview,https://drive.google.com/file/d/1c5nWqSPIRaoEWNDjOhJugLDJcCRZa2or/view?usp=drivesdk
1e79b1_o6KJUnsn6NNxFj7dac7fw9TZpq,YT-09212,YATO,Czesci_zamienne_YT-09212.pdf,YT-09212,True,True,drive-1e79b1_o6KJUnsn6NNxFj7dac7fw9TZpq-YT-09212,https://drive.google.com/file/d/1e79b1_o6KJUnsn6NNxFj7dac7fw9TZpq/preview,https://drive.google.com/file/d/1e79b1_o6KJUnsn6NNxFj7dac7fw9TZpq/view?usp=drivesdk
1KkCxNUTq9OlyloGtHUj0JD19u8qWWhAz,YT-09213,YATO,Czesci_zamienne_YT-09213.pdf,YT-09213,True,True,drive-1KkCxNUTq9OlyloGtHUj0JD19u8qWWhAz-YT-09213,https://drive.google.com/file/d/1KkCxNUTq9OlyloGtHUj0JD19u8qWWhAz/preview,https://drive.google.com/file/d/1KkCxNUTq9OlyloGtHUj0JD19u8qWWhAz/view?usp=drivesdk
1gyhIB-G5CH1lYVNI49PfS5sZ3aII5nR4,YT-09220,YATO,Czesci_zamienne_YT-09220.pdf,YT-09220,True,True,drive-1gyhIB-G5CH1lYVNI49PfS5sZ3aII5nR4-YT-09220,https://drive.google.com/file/d/1gyhIB-G5CH1lYVNI49PfS5sZ3aII5nR4/preview,https://drive.google.com/file/d/1gyhIB-G5CH1lYVNI49PfS5sZ3aII5nR4/view?usp=drivesdk
1icdOWNxWKLgacWpLow-F9j-yFRfyogU5,YT-09221,YATO,Czesci_zamienne_YT-09221.pdf,YT-09221,True,True,drive-1icdOWNxWKLgacWpLow-F9j-yFRfyogU5-YT-09221,https://drive.google.com/file/d/1icdOWNxWKLgacWpLow-F9j-yFRfyogU5/preview,https://drive.google.com/file/d/1icdOWNxWKLgacWpLow-F9j-yFRfyogU5/view?usp=drivesdk
172uH49-xyQuEmmfiILGE5xdpFPzCNVly,YT-09222,YATO,Czesci_zamienne_YT-09222.pdf,YT-09222,True,True,drive-172uH49-xyQuEmmfiILGE5xdpFPzCNVly-YT-09222,https://drive.google.com/file/d/172uH49-xyQuEmmfiILGE5xdpFPzCNVly/preview,https://drive.google.com/file/d/172uH49-xyQuEmmfiILGE5xdpFPzCNVly/view?usp=drivesdk
1Of6L0vaQjQkjlcAyPUj2FJjI_SvTrpZs,YT-09223,YATO,Czesci_zamienne_YT-09223.pdf,YT-09223,True,True,drive-1Of6L0vaQjQkjlcAyPUj2FJjI_SvTrpZs-YT-09223,https://drive.google.com/file/d/1Of6L0vaQjQkjlcAyPUj2FJjI_SvTrpZs/preview,https://drive.google.com/file/d/1Of6L0vaQjQkjlcAyPUj2FJjI_SvTrpZs/view?usp=drivesdk
13y7WoiB6RYV1z88gh0quLTVi17wCdVZj,YT-09224,YATO,Czesci_zamienne_YT-09224.pdf,YT-09224,True,True,drive-13y7WoiB6RYV1z88gh0quLTVi17wCdVZj-YT-09224,https://drive.google.com/file/d/13y7WoiB6RYV1z88gh0quLTVi17wCdVZj/preview,https://drive.google.com/file/d/13y7WoiB6RYV1z88gh0quLTVi17wCdVZj/view?usp=drivesdk
1J-_hHZ124mW3NR0QQQGhebNtkA16a9uT,YT-09240,YATO,Czesci_zamienne_YT-09240.pdf,YT-09240,True,True,drive-1J-_hHZ124mW3NR0QQQGhebNtkA16a9uT-YT-09240,https://drive.google.com/file/d/1J-_hHZ124mW3NR0QQQGhebNtkA16a9uT/preview,https://drive.google.com/file/d/1J-_hHZ124mW3NR0QQQGhebNtkA16a9uT/view?usp=drivesdk
1fNw1L-bbge5VocGtvjoyVb-yiUmMPFLe,YT-09510,YATO,Czesci_zamienne_YT-09510.pdf,YT-09510,True,True,drive-1fNw1L-bbge5VocGtvjoyVb-yiUmMPFLe-YT-09510,https://drive.google.com/file/d/1fNw1L-bbge5VocGtvjoyVb-yiUmMPFLe/preview,https://drive.google.com/file/d/1fNw1L-bbge5VocGtvjoyVb-yiUmMPFLe/view?usp=drivesdk
13-6UP2eqHhWxfjD53JCffAxChCDSDW12,YT-09511,YATO,Czesci_zamienne_YT-09511.pdf,YT-09511,True,True,drive-13-6UP2eqHhWxfjD53JCffAxChCDSDW12-YT-09511,https://drive.google.com/file/d/13-6UP2eqHhWxfjD53JCffAxChCDSDW12/preview,https://drive.google.com/file/d/13-6UP2eqHhWxfjD53JCffAxChCDSDW12/view?usp=drivesdk
1VMH9ZrhE064vAXKDh1sXb98YDxwyOQsM,YT-09513,YATO,Czesci_zamienne_YT-09513.pdf,YT-09513,True,True,drive-1VMH9ZrhE064vAXKDh1sXb98YDxwyOQsM-YT-09513,https://drive.google.com/file/d/1VMH9ZrhE064vAXKDh1sXb98YDxwyOQsM/preview,https://drive.google.com/file/d/1VMH9ZrhE064vAXKDh1sXb98YDxwyOQsM/view?usp=drivesdk
1z73sq3ClBTY1J0BzdfckoOG02ADH3I7u,YT-09515,YATO,Czesci_zamienne_YT-09515.pdf,YT-09515,True,True,drive-1z73sq3ClBTY1J0BzdfckoOG02ADH3I7u-YT-09515,https://drive.google.com/file/d/1z73sq3ClBTY1J0BzdfckoOG02ADH3I7u/preview,https://drive.google.com/file/d/1z73sq3ClBTY1J0BzdfckoOG02ADH3I7u/view?usp=drivesdk
1REwdGE44bkeu9_Gepsh7QBIDNVxr26-a,YT-09516,YATO,Czesci_zamienne_YT-09516.pdf,YT-09516,True,True,drive-1REwdGE44bkeu9_Gepsh7QBIDNVxr26-a-YT-09516,https://drive.google.com/file/d/1REwdGE44bkeu9_Gepsh7QBIDNVxr26-a/preview,https://drive.google.com/file/d/1REwdGE44bkeu9_Gepsh7QBIDNVxr26-a/view?usp=drivesdk
1Kn6bjh0GQRZpzRcMqpbfxrF9zN4y2VJp,YT-09525,YATO,Czesci_zamienne_YT-09525.pdf,YT-09525,True,True,drive-1Kn6bjh0GQRZpzRcMqpbfxrF9zN4y2VJp-YT-09525,https://drive.google.com/file/d/1Kn6bjh0GQRZpzRcMqpbfxrF9zN4y2VJp/preview,https://drive.google.com/file/d/1Kn6bjh0GQRZpzRcMqpbfxrF9zN4y2VJp/view?usp=drivesdk
1MvVI476pxlMGOvwcXNrLYSYYO1U-ScV3,YT-09528,YATO,Czesci_zamienne_YT-09528.pdf,YT-09528,True,True,drive-1MvVI476pxlMGOvwcXNrLYSYYO1U-ScV3-YT-09528,https://drive.google.com/file/d/1MvVI476pxlMGOvwcXNrLYSYYO1U-ScV3/preview,https://drive.google.com/file/d/1MvVI476pxlMGOvwcXNrLYSYYO1U-ScV3/view?usp=drivesdk
10L-yz8uV7ba9axxaD1S6BmZduOmBUwot,YT-0953,YATO,Czesci_zamienne_YT-0953.pdf,YT-0953,True,True,drive-10L-yz8uV7ba9axxaD1S6BmZduOmBUwot-YT-0953,https://drive.google.com/file/d/10L-yz8uV7ba9axxaD1S6BmZduOmBUwot/preview,https://drive.google.com/file/d/10L-yz8uV7ba9axxaD1S6BmZduOmBUwot/view?usp=drivesdk
1bLHAxl_DEDMmAwdZKiHbRrlSnhttbqg9,YT-09540,YATO,Czesci_zamienne_YT-09540.pdf,YT-09540,True,True,drive-1bLHAxl_DEDMmAwdZKiHbRrlSnhttbqg9-YT-09540,https://drive.google.com/file/d/1bLHAxl_DEDMmAwdZKiHbRrlSnhttbqg9/preview,https://drive.google.com/file/d/1bLHAxl_DEDMmAwdZKiHbRrlSnhttbqg9/view?usp=drivesdk
1b377gFU9UfUS636ghgqBj8prav5TvE78,YT-09544,YATO,Czesci_zamienne_YT-09544.pdf,YT-09544,True,True,drive-1b377gFU9UfUS636ghgqBj8prav5TvE78-YT-09544,https://drive.google.com/file/d/1b377gFU9UfUS636ghgqBj8prav5TvE78/preview,https://drive.google.com/file/d/1b377gFU9UfUS636ghgqBj8prav5TvE78/view?usp=drivesdk
1hsdnE_xO1NR14s_gopir9d938Fubdt3_,YT-09545,YATO,Czesci_zamienne_YT-09545.pdf,YT-09545,True,True,drive-1hsdnE_xO1NR14s_gopir9d938Fubdt3_-YT-09545,https://drive.google.com/file/d/1hsdnE_xO1NR14s_gopir9d938Fubdt3_/preview,https://drive.google.com/file/d/1hsdnE_xO1NR14s_gopir9d938Fubdt3_/view?usp=drivesdk
1dJkZTW0MylZGHwfS4e3ijRHjEQkk1rKQ,YT-09546,YATO,Czesci_zamienne_YT-09546.pdf,YT-09546,True,True,drive-1dJkZTW0MylZGHwfS4e3ijRHjEQkk1rKQ-YT-09546,https://drive.google.com/file/d/1dJkZTW0MylZGHwfS4e3ijRHjEQkk1rKQ/preview,https://drive.google.com/file/d/1dJkZTW0MylZGHwfS4e3ijRHjEQkk1rKQ/view?usp=drivesdk
1tC75yL2jebMIft2oQQkOoGvkmQ1Ns4R6,YT-09547,YATO,Czesci_zamienne_YT-09547.pdf,YT-09547,True,True,drive-1tC75yL2jebMIft2oQQkOoGvkmQ1Ns4R6-YT-09547,https://drive.google.com/file/d/1tC75yL2jebMIft2oQQkOoGvkmQ1Ns4R6/preview,https://drive.google.com/file/d/1tC75yL2jebMIft2oQQkOoGvkmQ1Ns4R6/view?usp=drivesdk
1d7ViGIMmLgfr7AojAAw38wuBdiu1TPqJ,YT-09564,YATO,Czesci_zamienne_YT-09564.pdf,YT-09564,True,True,drive-1d7ViGIMmLgfr7AojAAw38wuBdiu1TPqJ-YT-09564,https://drive.google.com/file/d/1d7ViGIMmLgfr7AojAAw38wuBdiu1TPqJ/preview,https://drive.google.com/file/d/1d7ViGIMmLgfr7AojAAw38wuBdiu1TPqJ/view?usp=drivesdk
18PURT67ke4DnDfuAjssQuEgIVwEOAaJQ,YT-09571,YATO,Czesci_zamienne_YT-09571.pdf,YT-09571,True,True,drive-18PURT67ke4DnDfuAjssQuEgIVwEOAaJQ-YT-09571,https://drive.google.com/file/d/18PURT67ke4DnDfuAjssQuEgIVwEOAaJQ/preview,https://drive.google.com/file/d/18PURT67ke4DnDfuAjssQuEgIVwEOAaJQ/view?usp=drivesdk
1p1BWEAprGKxKp5bkduCCu0rijM0r8t10,YT-09575,YATO,Czesci_zamienne_YT-09575.pdf,YT-09575,True,True,drive-1p1BWEAprGKxKp5bkduCCu0rijM0r8t10-YT-09575,https://drive.google.com/file/d/1p1BWEAprGKxKp5bkduCCu0rijM0r8t10/preview,https://drive.google.com/file/d/1p1BWEAprGKxKp5bkduCCu0rijM0r8t10/view?usp=drivesdk
12TLap8q8pdsOCbsKiSMNnKqDjPtHi9GB,YT-0959,YATO,Czesci_zamienne_YT-0959.pdf,YT-0959,True,True,drive-12TLap8q8pdsOCbsKiSMNnKqDjPtHi9GB-YT-0959,https://drive.google.com/file/d/12TLap8q8pdsOCbsKiSMNnKqDjPtHi9GB/preview,https://drive.google.com/file/d/12TLap8q8pdsOCbsKiSMNnKqDjPtHi9GB/view?usp=drivesdk
1ngwQMuvuEfNWkN2bwCRQNTyC1abKBh4I,YT-0960,YATO,Czesci_zamienne_YT-0960.pdf,YT-0960,True,True,drive-1ngwQMuvuEfNWkN2bwCRQNTyC1abKBh4I-YT-0960,https://drive.google.com/file/d/1ngwQMuvuEfNWkN2bwCRQNTyC1abKBh4I/preview,https://drive.google.com/file/d/1ngwQMuvuEfNWkN2bwCRQNTyC1abKBh4I/view?usp=drivesdk
1DvhTX62oNWQEpcl7AVLoiD1ObLAjjfDg,YT-09615,YATO,Czesci_zamienne_YT-09615.pdf,YT-09615,True,True,drive-1DvhTX62oNWQEpcl7AVLoiD1ObLAjjfDg-YT-09615,https://drive.google.com/file/d/1DvhTX62oNWQEpcl7AVLoiD1ObLAjjfDg/preview,https://drive.google.com/file/d/1DvhTX62oNWQEpcl7AVLoiD1ObLAjjfDg/view?usp=drivesdk
137fby1ZMXUGXWlfRZz4W2ZMYOdib73Vs,YT-09620,YATO,Czesci_zamienne_YT-09620.pdf,YT-09620,True,True,drive-137fby1ZMXUGXWlfRZz4W2ZMYOdib73Vs-YT-09620,https://drive.google.com/file/d/137fby1ZMXUGXWlfRZz4W2ZMYOdib73Vs/preview,https://drive.google.com/file/d/137fby1ZMXUGXWlfRZz4W2ZMYOdib73Vs/view?usp=drivesdk
1KyE1fJYFezAuyc9FCIrRKNETNYUf2-D-,YT-09633,YATO,Czesci_zamienne_YT-09633.pdf,YT-09633,True,True,drive-1KyE1fJYFezAuyc9FCIrRKNETNYUf2-D--YT-09633,https://drive.google.com/file/d/1KyE1fJYFezAuyc9FCIrRKNETNYUf2-D-/preview,https://drive.google.com/file/d/1KyE1fJYFezAuyc9FCIrRKNETNYUf2-D-/view?usp=drivesdk
1BIDqzPTJyMGRfmx4uoj1rmqZz33CfWj3,YT-09676,YATO,Czesci_zamienne_YT-09676.pdf,YT-09676,True,True,drive-1BIDqzPTJyMGRfmx4uoj1rmqZz33CfWj3-YT-09676,https://drive.google.com/file/d/1BIDqzPTJyMGRfmx4uoj1rmqZz33CfWj3/preview,https://drive.google.com/file/d/1BIDqzPTJyMGRfmx4uoj1rmqZz33CfWj3/view?usp=drivesdk
1Xf-QBmyIDCzK7lsa3gr7McNOWVivUwuC,YT-09715,YATO,Czesci_zamienne_YT-09715.pdf,YT-09715,True,True,drive-1Xf-QBmyIDCzK7lsa3gr7McNOWVivUwuC-YT-09715,https://drive.google.com/file/d/1Xf-QBmyIDCzK7lsa3gr7McNOWVivUwuC/preview,https://drive.google.com/file/d/1Xf-QBmyIDCzK7lsa3gr7McNOWVivUwuC/view?usp=drivesdk
1prqx9ZluarZqsZVa_epplLqgcAGmuut8,YT-09730,YATO,Czesci_zamienne_YT-09730.pdf,YT-09730,True,True,drive-1prqx9ZluarZqsZVa_epplLqgcAGmuut8-YT-09730,https://drive.google.com/file/d/1prqx9ZluarZqsZVa_epplLqgcAGmuut8/preview,https://drive.google.com/file/d/1prqx9ZluarZqsZVa_epplLqgcAGmuut8/view?usp=drivesdk
1MUFp_ZiAnwQYmJr1_RklHxVvsLtTcqQw,YT-09738,YATO,Czesci_zamienne_YT-09738.pdf,YT-09738,True,True,drive-1MUFp_ZiAnwQYmJr1_RklHxVvsLtTcqQw-YT-09738,https://drive.google.com/file/d/1MUFp_ZiAnwQYmJr1_RklHxVvsLtTcqQw/preview,https://drive.google.com/file/d/1MUFp_ZiAnwQYmJr1_RklHxVvsLtTcqQw/view?usp=drivesdk
1byYx8u2bj32cVZuPefujPH-oPGgmwbKN,YT-09739,YATO,Czesci_zamienne_YT-09739.pdf,YT-09739,True,True,drive-1byYx8u2bj32cVZuPefujPH-oPGgmwbKN-YT-09739,https://drive.google.com/file/d/1byYx8u2bj32cVZuPefujPH-oPGgmwbKN/preview,https://drive.google.com/file/d/1byYx8u2bj32cVZuPefujPH-oPGgmwbKN/view?usp=drivesdk
1I34T9CLtNWFxPwLdHKw3BYsxOvb9Q4dc,YT-0980,YATO,Czesci_zamienne_YT-0980.pdf,YT-0980,True,True,drive-1I34T9CLtNWFxPwLdHKw3BYsxOvb9Q4dc-YT-0980,https://drive.google.com/file/d/1I34T9CLtNWFxPwLdHKw3BYsxOvb9Q4dc/preview,https://drive.google.com/file/d/1I34T9CLtNWFxPwLdHKw3BYsxOvb9Q4dc/view?usp=drivesdk
1QfDmKxbE6Oaa4nZ2YOemci3tCFMmpfOt,YT-09910,YATO,Czesci_zamienne_YT-09910.pdf,YT-09910,True,True,drive-1QfDmKxbE6Oaa4nZ2YOemci3tCFMmpfOt-YT-09910,https://drive.google.com/file/d/1QfDmKxbE6Oaa4nZ2YOemci3tCFMmpfOt/preview,https://drive.google.com/file/d/1QfDmKxbE6Oaa4nZ2YOemci3tCFMmpfOt/view?usp=drivesdk
1bqbTwLcNoK2kFXu1bF5DyfBgDq61SOit,YT-09912,YATO,Czesci_zamienne_YT-09912.pdf,YT-09912,True,True,drive-1bqbTwLcNoK2kFXu1bF5DyfBgDq61SOit-YT-09912,https://drive.google.com/file/d/1bqbTwLcNoK2kFXu1bF5DyfBgDq61SOit/preview,https://drive.google.com/file/d/1bqbTwLcNoK2kFXu1bF5DyfBgDq61SOit/view?usp=drivesdk
1eYnFHRd_ZQaUVHK_8Mg2Sx4B2lOi-qZa,YT-09913,YATO,Czesci_zamienne_YT-09913.pdf,YT-09913,True,True,drive-1eYnFHRd_ZQaUVHK_8Mg2Sx4B2lOi-qZa-YT-09913,https://drive.google.com/file/d/1eYnFHRd_ZQaUVHK_8Mg2Sx4B2lOi-qZa/preview,https://drive.google.com/file/d/1eYnFHRd_ZQaUVHK_8Mg2Sx4B2lOi-qZa/view?usp=drivesdk
1tZV8U5cQeZ8GRLVtd7ylkbxlOZYqOtS8,YT-09955,YATO,Czesci_zamienne_YT-09955.pdf,YT-09955,True,True,drive-1tZV8U5cQeZ8GRLVtd7ylkbxlOZYqOtS8-YT-09955,https://drive.google.com/file/d/1tZV8U5cQeZ8GRLVtd7ylkbxlOZYqOtS8/preview,https://drive.google.com/file/d/1tZV8U5cQeZ8GRLVtd7ylkbxlOZYqOtS8/view?usp=drivesdk
1R7HDIywvKGJzUJEcI_T4Of6CWgKkdPNn,YT-16000,YATO,Czesci_zamienne_YT-16000.pdf,YT-16000,True,True,drive-1R7HDIywvKGJzUJEcI_T4Of6CWgKkdPNn-YT-16000,https://drive.google.com/file/d/1R7HDIywvKGJzUJEcI_T4Of6CWgKkdPNn/preview,https://drive.google.com/file/d/1R7HDIywvKGJzUJEcI_T4Of6CWgKkdPNn/view?usp=drivesdk
1m-TH57FZyvO8BhbUxF9MsVXnUggK9O1N,YT-17001,YATO,Czesci_zamienne_YT-17001.pdf,YT-17001,True,True,drive-1m-TH57FZyvO8BhbUxF9MsVXnUggK9O1N-YT-17001,https://drive.google.com/file/d/1m-TH57FZyvO8BhbUxF9MsVXnUggK9O1N/preview,https://drive.google.com/file/d/1m-TH57FZyvO8BhbUxF9MsVXnUggK9O1N/view?usp=drivesdk
1bbrc9BpHXVDP8A5z_uP7JeXYCzafB6Ac,YT-17002,YATO,Czesci_zamienne_YT-17002.pdf,YT-17002,True,True,drive-1bbrc9BpHXVDP8A5z_uP7JeXYCzafB6Ac-YT-17002,https://drive.google.com/file/d/1bbrc9BpHXVDP8A5z_uP7JeXYCzafB6Ac/preview,https://drive.google.com/file/d/1bbrc9BpHXVDP8A5z_uP7JeXYCzafB6Ac/view?usp=drivesdk
1FmB5bP45W4fHA1Msf-cLufiNr_t9gHRo,YT-17004,YATO,Czesci_zamienne_YT-17004.pdf,YT-17004,True,True,drive-1FmB5bP45W4fHA1Msf-cLufiNr_t9gHRo-YT-17004,https://drive.google.com/file/d/1FmB5bP45W4fHA1Msf-cLufiNr_t9gHRo/preview,https://drive.google.com/file/d/1FmB5bP45W4fHA1Msf-cLufiNr_t9gHRo/view?usp=drivesdk
1WVaPhJQYwN6PqpWFiRcOjcvzqWUyErLJ,YT-17005,YATO,Czesci_zamienne_YT-17005.pdf,YT-17005,True,True,drive-1WVaPhJQYwN6PqpWFiRcOjcvzqWUyErLJ-YT-17005,https://drive.google.com/file/d/1WVaPhJQYwN6PqpWFiRcOjcvzqWUyErLJ/preview,https://drive.google.com/file/d/1WVaPhJQYwN6PqpWFiRcOjcvzqWUyErLJ/view?usp=drivesdk
1N2kFc1uaAvV8DPNyBQyV0U0qVMv9lnzu,YT-17006,YATO,Czesci_zamienne_YT-17006.pdf,YT-17006,True,True,drive-1N2kFc1uaAvV8DPNyBQyV0U0qVMv9lnzu-YT-17006,https://drive.google.com/file/d/1N2kFc1uaAvV8DPNyBQyV0U0qVMv9lnzu/preview,https://drive.google.com/file/d/1N2kFc1uaAvV8DPNyBQyV0U0qVMv9lnzu/view?usp=drivesdk
1qoHnR169Nyr-vtowcC4olCSf_c9TyMyp,YT-17007,YATO,Czesci_zamienne_YT-17007.pdf,YT-17007,True,True,drive-1qoHnR169Nyr-vtowcC4olCSf_c9TyMyp-YT-17007,https://drive.google.com/file/d/1qoHnR169Nyr-vtowcC4olCSf_c9TyMyp/preview,https://drive.google.com/file/d/1qoHnR169Nyr-vtowcC4olCSf_c9TyMyp/view?usp=drivesdk
1Xgn6djqAZm25kPdgwxylmDuJQi0NFloE,YT-17008,YATO,Czesci_zamienne_YT-17008.pdf,YT-17008,True,True,drive-1Xgn6djqAZm25kPdgwxylmDuJQi0NFloE-YT-17008,https://drive.google.com/file/d/1Xgn6djqAZm25kPdgwxylmDuJQi0NFloE/preview,https://drive.google.com/file/d/1Xgn6djqAZm25kPdgwxylmDuJQi0NFloE/view?usp=drivesdk
1e63QYnUz-VCcF7dUVeVwYiSQXlrAP7H8,YT-17009,YATO,Czesci_zamienne_YT-17009.pdf,YT-17009,True,True,drive-1e63QYnUz-VCcF7dUVeVwYiSQXlrAP7H8-YT-17009,https://drive.google.com/file/d/1e63QYnUz-VCcF7dUVeVwYiSQXlrAP7H8/preview,https://drive.google.com/file/d/1e63QYnUz-VCcF7dUVeVwYiSQXlrAP7H8/view?usp=drivesdk
1UPl9h9BmgT-skJVK49X6mFkPLlRhS66Q,YT-1711,YATO,Czesci_zamienne_YT-1711.pdf,YT-1711,True,True,drive-1UPl9h9BmgT-skJVK49X6mFkPLlRhS66Q-YT-1711,https://drive.google.com/file/d/1UPl9h9BmgT-skJVK49X6mFkPLlRhS66Q/preview,https://drive.google.com/file/d/1UPl9h9BmgT-skJVK49X6mFkPLlRhS66Q/view?usp=drivesdk
1fYcJMZYdYDvs0vapIMMpteDCf4Uy20GB,YT-1713,YATO,Czesci_zamienne_YT-1713.pdf,YT-1713,True,True,drive-1fYcJMZYdYDvs0vapIMMpteDCf4Uy20GB-YT-1713,https://drive.google.com/file/d/1fYcJMZYdYDvs0vapIMMpteDCf4Uy20GB/preview,https://drive.google.com/file/d/1fYcJMZYdYDvs0vapIMMpteDCf4Uy20GB/view?usp=drivesdk
1x0ToR8osp26O3PxQAZ9opEjrHQ1jU2yQ,YT-1720,YATO,Czesci_zamienne_YT-1720.pdf,YT-1720,True,True,drive-1x0ToR8osp26O3PxQAZ9opEjrHQ1jU2yQ-YT-1720,https://drive.google.com/file/d/1x0ToR8osp26O3PxQAZ9opEjrHQ1jU2yQ/preview,https://drive.google.com/file/d/1x0ToR8osp26O3PxQAZ9opEjrHQ1jU2yQ/view?usp=drivesdk
1fL8oRFqMOOeCIIkDPQIYe6a-oIJqBQMY,YT-17205,YATO,Czesci_zamienne_YT-17205.pdf,YT-17205,True,True,drive-1fL8oRFqMOOeCIIkDPQIYe6a-oIJqBQMY-YT-17205,https://drive.google.com/file/d/1fL8oRFqMOOeCIIkDPQIYe6a-oIJqBQMY/preview,https://drive.google.com/file/d/1fL8oRFqMOOeCIIkDPQIYe6a-oIJqBQMY/view?usp=drivesdk
14nsXsQN9ZGS3CFtt2ja0JNbq5oFNEYNE,YT-17207,YATO,Czesci_zamienne_YT-17207.pdf,YT-17207,True,True,drive-14nsXsQN9ZGS3CFtt2ja0JNbq5oFNEYNE-YT-17207,https://drive.google.com/file/d/14nsXsQN9ZGS3CFtt2ja0JNbq5oFNEYNE/preview,https://drive.google.com/file/d/14nsXsQN9ZGS3CFtt2ja0JNbq5oFNEYNE/view?usp=drivesdk
1xMGTp7CiOtONCnQFVixK9SlYq7G1wPPz,YT-1721,YATO,Czesci_zamienne_YT-1721.pdf,YT-1721,True,True,drive-1xMGTp7CiOtONCnQFVixK9SlYq7G1wPPz-YT-1721,https://drive.google.com/file/d/1xMGTp7CiOtONCnQFVixK9SlYq7G1wPPz/preview,https://drive.google.com/file/d/1xMGTp7CiOtONCnQFVixK9SlYq7G1wPPz/view?usp=drivesdk
1Sy4zPRVblbC98oI5ec_t5vo3gNRJ64TL,YT-17211,YATO,Czesci_zamienne_YT-17211.pdf,YT-17211,True,True,drive-1Sy4zPRVblbC98oI5ec_t5vo3gNRJ64TL-YT-17211,https://drive.google.com/file/d/1Sy4zPRVblbC98oI5ec_t5vo3gNRJ64TL/preview,https://drive.google.com/file/d/1Sy4zPRVblbC98oI5ec_t5vo3gNRJ64TL/view?usp=drivesdk
1DesPzhV-haBCFMUFGf2L_t1l1AmdR6ZK,YT-17213,YATO,Czesci_zamienne_YT-17213.pdf,YT-17213,True,True,drive-1DesPzhV-haBCFMUFGf2L_t1l1AmdR6ZK-YT-17213,https://drive.google.com/file/d/1DesPzhV-haBCFMUFGf2L_t1l1AmdR6ZK/preview,https://drive.google.com/file/d/1DesPzhV-haBCFMUFGf2L_t1l1AmdR6ZK/view?usp=drivesdk
1ArQkETbTF43fQ_FTyFHolG5sd5Ml5NhL,YT-17214,YATO,Czesci_zamienne_YT-17214.pdf,YT-17214,True,True,drive-1ArQkETbTF43fQ_FTyFHolG5sd5Ml5NhL-YT-17214,https://drive.google.com/file/d/1ArQkETbTF43fQ_FTyFHolG5sd5Ml5NhL/preview,https://drive.google.com/file/d/1ArQkETbTF43fQ_FTyFHolG5sd5Ml5NhL/view?usp=drivesdk
1pIJEbzIGzzxxYdaLT1KJ7gJkKyvxn_iH,YT-18900,YATO,Czesci_zamienne_YT-18900.pdf,YT-18900,True,True,drive-1pIJEbzIGzzxxYdaLT1KJ7gJkKyvxn_iH-YT-18900,https://drive.google.com/file/d/1pIJEbzIGzzxxYdaLT1KJ7gJkKyvxn_iH/preview,https://drive.google.com/file/d/1pIJEbzIGzzxxYdaLT1KJ7gJkKyvxn_iH/view?usp=drivesdk
1ZZc_II2VzDeOTTn5LK0zHtooBvXnimW7,YT-21758,YATO,Czesci_zamienne_YT-21758.pdf,YT-21758,True,True,drive-1ZZc_II2VzDeOTTn5LK0zHtooBvXnimW7-YT-21758,https://drive.google.com/file/d/1ZZc_II2VzDeOTTn5LK0zHtooBvXnimW7/preview,https://drive.google.com/file/d/1ZZc_II2VzDeOTTn5LK0zHtooBvXnimW7/view?usp=drivesdk
1C18O2MeBaJHGR7aYYQyEJVEDwQuqdXBq,YT-23241,YATO,Czesci_zamienne_YT-23241 YT-23242.pdf,YT-23241 YT-23242,False,True,drive-1C18O2MeBaJHGR7aYYQyEJVEDwQuqdXBq-YT-23241,https://drive.google.com/file/d/1C18O2MeBaJHGR7aYYQyEJVEDwQuqdXBq/preview,https://drive.google.com/file/d/1C18O2MeBaJHGR7aYYQyEJVEDwQuqdXBq/view?usp=drivesdk
1C18O2MeBaJHGR7aYYQyEJVEDwQuqdXBq,YT-23242,YATO,Czesci_zamienne_YT-23241 YT-23242.pdf,YT-23242 — YT-23241 YT-23242,False,True,drive-1C18O2MeBaJHGR7aYYQyEJVEDwQuqdXBq-YT-23242,https://drive.google.com/file/d/1C18O2MeBaJHGR7aYYQyEJVEDwQuqdXBq/preview,https://drive.google.com/file/d/1C18O2MeBaJHGR7aYYQyEJVEDwQuqdXBq/view?usp=drivesdk
15popLYYQFMAGlYKBSRZi9CWhQ9TWCsnn,YT-23300,YATO,Czesci_zamienne_YT-23300.pdf,YT-23300,True,True,drive-15popLYYQFMAGlYKBSRZi9CWhQ9TWCsnn-YT-23300,https://drive.google.com/file/d/15popLYYQFMAGlYKBSRZi9CWhQ9TWCsnn/preview,https://drive.google.com/file/d/15popLYYQFMAGlYKBSRZi9CWhQ9TWCsnn/view?usp=drivesdk
1C6TVyzycnHxq3FH9iQOcOK2wcfUT870P,YT-23305,YATO,Czesci_zamienne_YT-23305.pdf,YT-23305,True,True,drive-1C6TVyzycnHxq3FH9iQOcOK2wcfUT870P-YT-23305,https://drive.google.com/file/d/1C6TVyzycnHxq3FH9iQOcOK2wcfUT870P/preview,https://drive.google.com/file/d/1C6TVyzycnHxq3FH9iQOcOK2wcfUT870P/view?usp=drivesdk
1jDY04VEnrpsVnh3ir3AEuhhqBBMI2FKG,YT-23306,YATO,Czesci_zamienne_YT-23306.pdf,YT-23306,True,True,drive-1jDY04VEnrpsVnh3ir3AEuhhqBBMI2FKG-YT-23306,https://drive.google.com/file/d/1jDY04VEnrpsVnh3ir3AEuhhqBBMI2FKG/preview,https://drive.google.com/file/d/1jDY04VEnrpsVnh3ir3AEuhhqBBMI2FKG/view?usp=drivesdk
1gaKSXd6dDT8DBnGzzkxtIDF_bHqbMBIZ,YT-23310,YATO,Czesci_zamienne_YT-23310.pdf,YT-23310,True,True,drive-1gaKSXd6dDT8DBnGzzkxtIDF_bHqbMBIZ-YT-23310,https://drive.google.com/file/d/1gaKSXd6dDT8DBnGzzkxtIDF_bHqbMBIZ/preview,https://drive.google.com/file/d/1gaKSXd6dDT8DBnGzzkxtIDF_bHqbMBIZ/view?usp=drivesdk
1xG7t39Ka-bLQMNOfG-GkFjVp9Ry48Kh3,YT-23311,YATO,Czesci_zamienne_YT-23311.pdf,YT-23311,True,True,drive-1xG7t39Ka-bLQMNOfG-GkFjVp9Ry48Kh3-YT-23311,https://drive.google.com/file/d/1xG7t39Ka-bLQMNOfG-GkFjVp9Ry48Kh3/preview,https://drive.google.com/file/d/1xG7t39Ka-bLQMNOfG-GkFjVp9Ry48Kh3/view?usp=drivesdk
1IQt_lr1YgVGcgg7ZBt4H8JXXVLedcnmn,YT-23320,YATO,Czesci_zamienne_YT-23320.pdf,YT-23320,True,True,drive-1IQt_lr1YgVGcgg7ZBt4H8JXXVLedcnmn-YT-23320,https://drive.google.com/file/d/1IQt_lr1YgVGcgg7ZBt4H8JXXVLedcnmn/preview,https://drive.google.com/file/d/1IQt_lr1YgVGcgg7ZBt4H8JXXVLedcnmn/view?usp=drivesdk
1ekHfKXwaUu1x0p1EcjnvEjhds-4KQb8g,YT-23321,YATO,Czesci_zamienne_YT-23321.pdf,YT-23321,True,True,drive-1ekHfKXwaUu1x0p1EcjnvEjhds-4KQb8g-YT-23321,https://drive.google.com/file/d/1ekHfKXwaUu1x0p1EcjnvEjhds-4KQb8g/preview,https://drive.google.com/file/d/1ekHfKXwaUu1x0p1EcjnvEjhds-4KQb8g/view?usp=drivesdk
1Tln3_ayQ-_NiW6p37PssYRup0L6pvzgn,YT-2346,YATO,Czesci_zamienne_YT-2346.pdf,YT-2346,True,True,drive-1Tln3_ayQ-_NiW6p37PssYRup0L6pvzgn-YT-2346,https://drive.google.com/file/d/1Tln3_ayQ-_NiW6p37PssYRup0L6pvzgn/preview,https://drive.google.com/file/d/1Tln3_ayQ-_NiW6p37PssYRup0L6pvzgn/view?usp=drivesdk
1WH2Nt8wnmc6iHTVsmFUIeVSVnwlWbxyT,YT-23701,YATO,Czesci_zamienne_YT-23701.pdf,YT-23701,True,True,drive-1WH2Nt8wnmc6iHTVsmFUIeVSVnwlWbxyT-YT-23701,https://drive.google.com/file/d/1WH2Nt8wnmc6iHTVsmFUIeVSVnwlWbxyT/preview,https://drive.google.com/file/d/1WH2Nt8wnmc6iHTVsmFUIeVSVnwlWbxyT/view?usp=drivesdk
1lBv6CFZTYZPg3pBtcrHEFJe6CPunVXqt,YT-25021,YATO,Czesci_zamienne_YT-25021.pdf,YT-25021,True,True,drive-1lBv6CFZTYZPg3pBtcrHEFJe6CPunVXqt-YT-25021,https://drive.google.com/file/d/1lBv6CFZTYZPg3pBtcrHEFJe6CPunVXqt/preview,https://drive.google.com/file/d/1lBv6CFZTYZPg3pBtcrHEFJe6CPunVXqt/view?usp=drivesdk
1T1JoziPFdGjy3VbC8JuPJtuzC8UF5JuF,YT-30436,YATO,Czesci_zamienne_YT-30436.pdf,YT-30436,True,True,drive-1T1JoziPFdGjy3VbC8JuPJtuzC8UF5JuF-YT-30436,https://drive.google.com/file/d/1T1JoziPFdGjy3VbC8JuPJtuzC8UF5JuF/preview,https://drive.google.com/file/d/1T1JoziPFdGjy3VbC8JuPJtuzC8UF5JuF/view?usp=drivesdk
1Vf1OZdsFSrj--RY-rNWiSEZpc5sIEKQ6,YT-30520,YATO,Czesci_zamienne_YT-30520.pdf,YT-30520,True,True,drive-1Vf1OZdsFSrj--RY-rNWiSEZpc5sIEKQ6-YT-30520,https://drive.google.com/file/d/1Vf1OZdsFSrj--RY-rNWiSEZpc5sIEKQ6/preview,https://drive.google.com/file/d/1Vf1OZdsFSrj--RY-rNWiSEZpc5sIEKQ6/view?usp=drivesdk
114nig8bIWE1WMe3yDZbJNFOjJW1ZEOdU,YT-30521,YATO,Czesci_zamienne_YT-30521.pdf,YT-30521,True,True,drive-114nig8bIWE1WMe3yDZbJNFOjJW1ZEOdU-YT-30521,https://drive.google.com/file/d/114nig8bIWE1WMe3yDZbJNFOjJW1ZEOdU/preview,https://drive.google.com/file/d/114nig8bIWE1WMe3yDZbJNFOjJW1ZEOdU/view?usp=drivesdk
1ZnICSyifILrZ87Fl6TIEpGKXnLCR6ltD,YT-30522,YATO,Czesci_zamienne_YT-30522.pdf,YT-30522,True,True,drive-1ZnICSyifILrZ87Fl6TIEpGKXnLCR6ltD-YT-30522,https://drive.google.com/file/d/1ZnICSyifILrZ87Fl6TIEpGKXnLCR6ltD/preview,https://drive.google.com/file/d/1ZnICSyifILrZ87Fl6TIEpGKXnLCR6ltD/view?usp=drivesdk
1GV14G4vJfsyreem7opoRcf2SXyeiksFf,YT-3600,YATO,Czesci_zamienne_YT-3600.pdf,YT-3600,True,True,drive-1GV14G4vJfsyreem7opoRcf2SXyeiksFf-YT-3600,https://drive.google.com/file/d/1GV14G4vJfsyreem7opoRcf2SXyeiksFf/preview,https://drive.google.com/file/d/1GV14G4vJfsyreem7opoRcf2SXyeiksFf/view?usp=drivesdk
1_cmB1T9MaDZjFtOgNPdkRsUlmCgJCMtF,YT-36012,YATO,Czesci_zamienne_YT-36012.pdf,YT-36012,True,True,drive-1_cmB1T9MaDZjFtOgNPdkRsUlmCgJCMtF-YT-36012,https://drive.google.com/file/d/1_cmB1T9MaDZjFtOgNPdkRsUlmCgJCMtF/preview,https://drive.google.com/file/d/1_cmB1T9MaDZjFtOgNPdkRsUlmCgJCMtF/view?usp=drivesdk
1s-rZIajsct_vcMMABQpwFebhTuon8EGW,YT-36013,YATO,Czesci_zamienne_YT-36013.pdf,YT-36013,True,True,drive-1s-rZIajsct_vcMMABQpwFebhTuon8EGW-YT-36013,https://drive.google.com/file/d/1s-rZIajsct_vcMMABQpwFebhTuon8EGW/preview,https://drive.google.com/file/d/1s-rZIajsct_vcMMABQpwFebhTuon8EGW/view?usp=drivesdk
1RoA1vkcsuQhFtubjBp0yFPyeD-Re92DP,YT-3609,YATO,Czesci_zamienne_YT-3609.pdf,YT-3609,True,True,drive-1RoA1vkcsuQhFtubjBp0yFPyeD-Re92DP-YT-3609,https://drive.google.com/file/d/1RoA1vkcsuQhFtubjBp0yFPyeD-Re92DP/preview,https://drive.google.com/file/d/1RoA1vkcsuQhFtubjBp0yFPyeD-Re92DP/view?usp=drivesdk
1ijuSdTe_D9SdlDaeFjJfIMFkDr6Sl5U9,YT-36091,YATO,Czesci_zamienne_YT-36091.pdf,YT-36091,True,True,drive-1ijuSdTe_D9SdlDaeFjJfIMFkDr6Sl5U9-YT-36091,https://drive.google.com/file/d/1ijuSdTe_D9SdlDaeFjJfIMFkDr6Sl5U9/preview,https://drive.google.com/file/d/1ijuSdTe_D9SdlDaeFjJfIMFkDr6Sl5U9/view?usp=drivesdk
1GOb_6vVb8uVdhh02Lmvg8W2ALq6boL38,YT-36092,YATO,Czesci_zamienne_YT-36092.pdf,YT-36092,True,True,drive-1GOb_6vVb8uVdhh02Lmvg8W2ALq6boL38-YT-36092,https://drive.google.com/file/d/1GOb_6vVb8uVdhh02Lmvg8W2ALq6boL38/preview,https://drive.google.com/file/d/1GOb_6vVb8uVdhh02Lmvg8W2ALq6boL38/view?usp=drivesdk
1Bez3KOF45-I-g6zsKjukQzC4a0DJ96Il,YT-36095,YATO,Czesci_zamienne_YT-36095.pdf,YT-36095,True,True,drive-1Bez3KOF45-I-g6zsKjukQzC4a0DJ96Il-YT-36095,https://drive.google.com/file/d/1Bez3KOF45-I-g6zsKjukQzC4a0DJ96Il/preview,https://drive.google.com/file/d/1Bez3KOF45-I-g6zsKjukQzC4a0DJ96Il/view?usp=drivesdk
1JuoWkUM1XOqZY6FRLz1E9l4_Gnx_YUSM,YT-3610,YATO,Czesci_zamienne_YT-3610.pdf,YT-3610,True,True,drive-1JuoWkUM1XOqZY6FRLz1E9l4_Gnx_YUSM-YT-3610,https://drive.google.com/file/d/1JuoWkUM1XOqZY6FRLz1E9l4_Gnx_YUSM/preview,https://drive.google.com/file/d/1JuoWkUM1XOqZY6FRLz1E9l4_Gnx_YUSM/view?usp=drivesdk
1bOkYkQ_DQOuGgvO8gsz0xwbajg63ZzAO,YT-36112,YATO,Czesci_zamienne_YT-36112.pdf,YT-36112,True,True,drive-1bOkYkQ_DQOuGgvO8gsz0xwbajg63ZzAO-YT-36112,https://drive.google.com/file/d/1bOkYkQ_DQOuGgvO8gsz0xwbajg63ZzAO/preview,https://drive.google.com/file/d/1bOkYkQ_DQOuGgvO8gsz0xwbajg63ZzAO/view?usp=drivesdk
1MG7jmpRi6sVtUUW5njGJaiaMYaCqFvfM,YT-36119,YATO,Czesci_zamienne_YT-36119.pdf,YT-36119,True,True,drive-1MG7jmpRi6sVtUUW5njGJaiaMYaCqFvfM-YT-36119,https://drive.google.com/file/d/1MG7jmpRi6sVtUUW5njGJaiaMYaCqFvfM/preview,https://drive.google.com/file/d/1MG7jmpRi6sVtUUW5njGJaiaMYaCqFvfM/view?usp=drivesdk
1iH0gEqtppXaYDcqOMBferRNPksm5Bp42,YT-3612,YATO,Czesci_zamienne_YT-3612.pdf,YT-3612,True,True,drive-1iH0gEqtppXaYDcqOMBferRNPksm5Bp42-YT-3612,https://drive.google.com/file/d/1iH0gEqtppXaYDcqOMBferRNPksm5Bp42/preview,https://drive.google.com/file/d/1iH0gEqtppXaYDcqOMBferRNPksm5Bp42/view?usp=drivesdk
1XAiqRjZ0Tr8Zv6nwYsWcsDZ_iRB1XnVJ,YT-36125,YATO,Czesci_zamienne_YT-36125.pdf,YT-36125,True,True,drive-1XAiqRjZ0Tr8Zv6nwYsWcsDZ_iRB1XnVJ-YT-36125,https://drive.google.com/file/d/1XAiqRjZ0Tr8Zv6nwYsWcsDZ_iRB1XnVJ/preview,https://drive.google.com/file/d/1XAiqRjZ0Tr8Zv6nwYsWcsDZ_iRB1XnVJ/view?usp=drivesdk
1l0mWXckuCDxdUEj764kOBijVjO7zE4C_,YT-36127,YATO,Czesci_zamienne_YT-36127.pdf,YT-36127,True,True,drive-1l0mWXckuCDxdUEj764kOBijVjO7zE4C_-YT-36127,https://drive.google.com/file/d/1l0mWXckuCDxdUEj764kOBijVjO7zE4C_/preview,https://drive.google.com/file/d/1l0mWXckuCDxdUEj764kOBijVjO7zE4C_/view?usp=drivesdk
1Hmp7e-eHMe2jk30zSHINVCv6b1CPjxqM,YT-36150,YATO,Czesci_zamienne_YT-36150.pdf,YT-36150,True,True,drive-1Hmp7e-eHMe2jk30zSHINVCv6b1CPjxqM-YT-36150,https://drive.google.com/file/d/1Hmp7e-eHMe2jk30zSHINVCv6b1CPjxqM/preview,https://drive.google.com/file/d/1Hmp7e-eHMe2jk30zSHINVCv6b1CPjxqM/view?usp=drivesdk
1tEauMAIpxxlAbEK5fEeJ7Zh9wh2ZjsNm,YT-36171,YATO,Czesci_zamienne_YT-36171.pdf,YT-36171,True,True,drive-1tEauMAIpxxlAbEK5fEeJ7Zh9wh2ZjsNm-YT-36171,https://drive.google.com/file/d/1tEauMAIpxxlAbEK5fEeJ7Zh9wh2ZjsNm/preview,https://drive.google.com/file/d/1tEauMAIpxxlAbEK5fEeJ7Zh9wh2ZjsNm/view?usp=drivesdk
1lD08oIZvsxK0NlkjKTPKvNKw-WlBSIUa,YT-36177,YATO,Czesci_zamienne_YT-36177.pdf,YT-36177,True,True,drive-1lD08oIZvsxK0NlkjKTPKvNKw-WlBSIUa-YT-36177,https://drive.google.com/file/d/1lD08oIZvsxK0NlkjKTPKvNKw-WlBSIUa/preview,https://drive.google.com/file/d/1lD08oIZvsxK0NlkjKTPKvNKw-WlBSIUa/view?usp=drivesdk
1XipPQprDRhn8_2JJ6LUNHJxqaeMThkJ5,YT-3618,YATO,Czesci_zamienne_YT-3618.pdf,YT-3618,True,True,drive-1XipPQprDRhn8_2JJ6LUNHJxqaeMThkJ5-YT-3618,https://drive.google.com/file/d/1XipPQprDRhn8_2JJ6LUNHJxqaeMThkJ5/preview,https://drive.google.com/file/d/1XipPQprDRhn8_2JJ6LUNHJxqaeMThkJ5/view?usp=drivesdk
1qj2j2AO9cn_uO6R_dQnYlff_19bz-5e1,YT-3618,YATO,YT-3618.pdf,YT-3618,True,True,drive-1qj2j2AO9cn_uO6R_dQnYlff_19bz-5e1-YT-3618,https://drive.google.com/file/d/1qj2j2AO9cn_uO6R_dQnYlff_19bz-5e1/preview,https://drive.google.com/file/d/1qj2j2AO9cn_uO6R_dQnYlff_19bz-5e1/view?usp=drivesdk
1G_a9ufJQJ2JwzQUG0lOfhtU7L3TOHdNO,YT-372160,YATO,Czesci_zamienne_YT-372160.pdf,YT-372160,True,True,drive-1G_a9ufJQJ2JwzQUG0lOfhtU7L3TOHdNO-YT-372160,https://drive.google.com/file/d/1G_a9ufJQJ2JwzQUG0lOfhtU7L3TOHdNO/preview,https://drive.google.com/file/d/1G_a9ufJQJ2JwzQUG0lOfhtU7L3TOHdNO/view?usp=drivesdk
1DGZMfmSlIfrExUydW1CI_EGRe0YBaHIb,YT-372161,YATO,Czesci_zamienne_YT-372161.pdf,YT-372161,True,True,drive-1DGZMfmSlIfrExUydW1CI_EGRe0YBaHIb-YT-372161,https://drive.google.com/file/d/1DGZMfmSlIfrExUydW1CI_EGRe0YBaHIb/preview,https://drive.google.com/file/d/1DGZMfmSlIfrExUydW1CI_EGRe0YBaHIb/view?usp=drivesdk
1YDILx8Zz2f9OxfhZrtiKeLSkMyzlwCc7,YT-372163,YATO,Czesci_zamienne_YT-372163.pdf,YT-372163,True,True,drive-1YDILx8Zz2f9OxfhZrtiKeLSkMyzlwCc7-YT-372163,https://drive.google.com/file/d/1YDILx8Zz2f9OxfhZrtiKeLSkMyzlwCc7/preview,https://drive.google.com/file/d/1YDILx8Zz2f9OxfhZrtiKeLSkMyzlwCc7/view?usp=drivesdk
1iIWhr6vFbn855EtpSkLYzL0L4dJ7l6tr,YT-372164,YATO,Czesci_zamienne_YT-372164.pdf,YT-372164,True,True,drive-1iIWhr6vFbn855EtpSkLYzL0L4dJ7l6tr-YT-372164,https://drive.google.com/file/d/1iIWhr6vFbn855EtpSkLYzL0L4dJ7l6tr/preview,https://drive.google.com/file/d/1iIWhr6vFbn855EtpSkLYzL0L4dJ7l6tr/view?usp=drivesdk
1zsuUEzVYRX-yOWWq5qEY1qkyQ4PUf0kh,YT-372165,YATO,Czesci_zamienne_YT-372165.pdf,YT-372165,True,True,drive-1zsuUEzVYRX-yOWWq5qEY1qkyQ4PUf0kh-YT-372165,https://drive.google.com/file/d/1zsuUEzVYRX-yOWWq5qEY1qkyQ4PUf0kh/preview,https://drive.google.com/file/d/1zsuUEzVYRX-yOWWq5qEY1qkyQ4PUf0kh/view?usp=drivesdk
1FZZuDMWh1xsrrUVXD7aWt9YrHuPsskIN,YT-372166,YATO,Czesci_zamienne_YT-372166.pdf,YT-372166,True,True,drive-1FZZuDMWh1xsrrUVXD7aWt9YrHuPsskIN-YT-372166,https://drive.google.com/file/d/1FZZuDMWh1xsrrUVXD7aWt9YrHuPsskIN/preview,https://drive.google.com/file/d/1FZZuDMWh1xsrrUVXD7aWt9YrHuPsskIN/view?usp=drivesdk
1NGDzvNow8rwOfhW6jRkCoMfxJZs7oEc_,YT-372167,YATO,Czesci_zamienne_YT-372167.pdf,YT-372167,True,True,drive-1NGDzvNow8rwOfhW6jRkCoMfxJZs7oEc_-YT-372167,https://drive.google.com/file/d/1NGDzvNow8rwOfhW6jRkCoMfxJZs7oEc_/preview,https://drive.google.com/file/d/1NGDzvNow8rwOfhW6jRkCoMfxJZs7oEc_/view?usp=drivesdk
1wfh0aoXrdzFE7kDOh-bZAEmxp6xPzbP9,YT-372171,YATO,Czesci_zamienne_YT-372171.pdf,YT-372171,True,True,drive-1wfh0aoXrdzFE7kDOh-bZAEmxp6xPzbP9-YT-372171,https://drive.google.com/file/d/1wfh0aoXrdzFE7kDOh-bZAEmxp6xPzbP9/preview,https://drive.google.com/file/d/1wfh0aoXrdzFE7kDOh-bZAEmxp6xPzbP9/view?usp=drivesdk
1UugN57sTp6-H0hy6Y1QqEdaognR67VFI,YT-372180,YATO,Czesci_zamienne_YT-372180.pdf,YT-372180,True,True,drive-1UugN57sTp6-H0hy6Y1QqEdaognR67VFI-YT-372180,https://drive.google.com/file/d/1UugN57sTp6-H0hy6Y1QqEdaognR67VFI/preview,https://drive.google.com/file/d/1UugN57sTp6-H0hy6Y1QqEdaognR67VFI/view?usp=drivesdk
1ENPDqoPGgAaA_vPrDB4G1agLUBNpBycA,YT-55556,YATO,Czesci_zamienne_YT-55556.pdf,YT-55556,True,True,drive-1ENPDqoPGgAaA_vPrDB4G1agLUBNpBycA-YT-55556,https://drive.google.com/file/d/1ENPDqoPGgAaA_vPrDB4G1agLUBNpBycA/preview,https://drive.google.com/file/d/1ENPDqoPGgAaA_vPrDB4G1agLUBNpBycA/view?usp=drivesdk
1JqkVmj9yrEkGuwaiUYO6StoF7Prc1-P5,YT-55557,YATO,Czesci_zamienne_YT-55557 V2.pdf,YT-55557 V2,True,True,drive-1JqkVmj9yrEkGuwaiUYO6StoF7Prc1-P5-YT-55557,https://drive.google.com/file/d/1JqkVmj9yrEkGuwaiUYO6StoF7Prc1-P5/preview,https://drive.google.com/file/d/1JqkVmj9yrEkGuwaiUYO6StoF7Prc1-P5/view?usp=drivesdk
1ZR2Xvtpe-5Vk5T5e5NGgCC2Wagb83WAR,YT-55581,YATO,Czesci_zamienne_YT-55581.pdf,YT-55581,True,True,drive-1ZR2Xvtpe-5Vk5T5e5NGgCC2Wagb83WAR-YT-55581,https://drive.google.com/file/d/1ZR2Xvtpe-5Vk5T5e5NGgCC2Wagb83WAR/preview,https://drive.google.com/file/d/1ZR2Xvtpe-5Vk5T5e5NGgCC2Wagb83WAR/view?usp=drivesdk
111lTwQg0XQjSpLdmDCwuyg4FganO_qHi,YT-55584,YATO,Czesci_zamienne_YT-55584.pdf,YT-55584,True,True,drive-111lTwQg0XQjSpLdmDCwuyg4FganO_qHi-YT-55584,https://drive.google.com/file/d/111lTwQg0XQjSpLdmDCwuyg4FganO_qHi/preview,https://drive.google.com/file/d/111lTwQg0XQjSpLdmDCwuyg4FganO_qHi/view?usp=drivesdk
13shZgW09G4JJstYo9qvSDxjq_ZmIvBW6,YT-55585,YATO,Czesci_zamienne_YT-55585.pdf,YT-55585,True,True,drive-13shZgW09G4JJstYo9qvSDxjq_ZmIvBW6-YT-55585,https://drive.google.com/file/d/13shZgW09G4JJstYo9qvSDxjq_ZmIvBW6/preview,https://drive.google.com/file/d/13shZgW09G4JJstYo9qvSDxjq_ZmIvBW6/view?usp=drivesdk
1s97Rw-qddKIoADQCLSuksqBwfsTXSSFZ,YT-55600,YATO,Czesci_zamienne_YT-55600.pdf,YT-55600,True,True,drive-1s97Rw-qddKIoADQCLSuksqBwfsTXSSFZ-YT-55600,https://drive.google.com/file/d/1s97Rw-qddKIoADQCLSuksqBwfsTXSSFZ/preview,https://drive.google.com/file/d/1s97Rw-qddKIoADQCLSuksqBwfsTXSSFZ/view?usp=drivesdk
1O4DaxGRKJJlv9fL00K59P1X5PObzURiq,YT-55801,YATO,Czesci_zamienne_YT-55801.pdf,YT-55801,True,True,drive-1O4DaxGRKJJlv9fL00K59P1X5PObzURiq-YT-55801,https://drive.google.com/file/d/1O4DaxGRKJJlv9fL00K59P1X5PObzURiq/preview,https://drive.google.com/file/d/1O4DaxGRKJJlv9fL00K59P1X5PObzURiq/view?usp=drivesdk
1uLf7_4oewuPtYWll7khWBuEowDhi1hU4,YT-55803,YATO,Czesci_zamienne_YT-55803.pdf,YT-55803,True,True,drive-1uLf7_4oewuPtYWll7khWBuEowDhi1hU4-YT-55803,https://drive.google.com/file/d/1uLf7_4oewuPtYWll7khWBuEowDhi1hU4/preview,https://drive.google.com/file/d/1uLf7_4oewuPtYWll7khWBuEowDhi1hU4/view?usp=drivesdk
1mH0aOQBso3KC6Yrhv6diOgrok1u5S8sJ,YT-55808,YATO,Czesci_zamienne_YT-55808.pdf,YT-55808,True,True,drive-1mH0aOQBso3KC6Yrhv6diOgrok1u5S8sJ-YT-55808,https://drive.google.com/file/d/1mH0aOQBso3KC6Yrhv6diOgrok1u5S8sJ/preview,https://drive.google.com/file/d/1mH0aOQBso3KC6Yrhv6diOgrok1u5S8sJ/view?usp=drivesdk
1yXhwbPS4jbsiNWV_YbYsAFCTmXec84eC,YT-5901,YATO,Czesci_zamienne_YT-5901.pdf,YT-5901,True,True,drive-1yXhwbPS4jbsiNWV_YbYsAFCTmXec84eC-YT-5901,https://drive.google.com/file/d/1yXhwbPS4jbsiNWV_YbYsAFCTmXec84eC/preview,https://drive.google.com/file/d/1yXhwbPS4jbsiNWV_YbYsAFCTmXec84eC/view?usp=drivesdk
1X4pB2b3NnZ_P-lsrcs1wzTTagkgaOAUE,YT-5902,YATO,Czesci_zamienne_YT-5902.pdf,YT-5902,True,True,drive-1X4pB2b3NnZ_P-lsrcs1wzTTagkgaOAUE-YT-5902,https://drive.google.com/file/d/1X4pB2b3NnZ_P-lsrcs1wzTTagkgaOAUE/preview,https://drive.google.com/file/d/1X4pB2b3NnZ_P-lsrcs1wzTTagkgaOAUE/view?usp=drivesdk
106J5G28QvoVmI2279ZFsN-p7HmcZjzT4,YT-5904,YATO,Czesci_zamienne_YT-5904.pdf,YT-5904,True,True,drive-106J5G28QvoVmI2279ZFsN-p7HmcZjzT4-YT-5904,https://drive.google.com/file/d/106J5G28QvoVmI2279ZFsN-p7HmcZjzT4/preview,https://drive.google.com/file/d/106J5G28QvoVmI2279ZFsN-p7HmcZjzT4/view?usp=drivesdk
1zyrSpfG8vfiXQvQ8IViVw_S4Qmw1C6F7,YT-5905,YATO,Czesci_zamienne_YT-5905.pdf,YT-5905,True,True,drive-1zyrSpfG8vfiXQvQ8IViVw_S4Qmw1C6F7-YT-5905,https://drive.google.com/file/d/1zyrSpfG8vfiXQvQ8IViVw_S4Qmw1C6F7/preview,https://drive.google.com/file/d/1zyrSpfG8vfiXQvQ8IViVw_S4Qmw1C6F7/view?usp=drivesdk
1rKwJdEAwsMc7QYGkI5mh6k07r5TG5YVv,YT-72920,YATO,Czesci_zamienne_YT-72920.pdf,YT-72920,True,True,drive-1rKwJdEAwsMc7QYGkI5mh6k07r5TG5YVv-YT-72920,https://drive.google.com/file/d/1rKwJdEAwsMc7QYGkI5mh6k07r5TG5YVv/preview,https://drive.google.com/file/d/1rKwJdEAwsMc7QYGkI5mh6k07r5TG5YVv/view?usp=drivesdk
1-H3jJ850ScKgsil-kKF2sose5lMu_oGP,YT-7302,YATO,Czesci_zamienne_YT-7302.pdf,YT-7302,True,True,drive-1-H3jJ850ScKgsil-kKF2sose5lMu_oGP-YT-7302,https://drive.google.com/file/d/1-H3jJ850ScKgsil-kKF2sose5lMu_oGP/preview,https://drive.google.com/file/d/1-H3jJ850ScKgsil-kKF2sose5lMu_oGP/view?usp=drivesdk
1L-TcqkzAKsP-8FJ_vR7BolI8L7aoBUZm,YT-73030,YATO,Czesci_zamienne_YT-73030.pdf,YT-73030,True,True,drive-1L-TcqkzAKsP-8FJ_vR7BolI8L7aoBUZm-YT-73030,https://drive.google.com/file/d/1L-TcqkzAKsP-8FJ_vR7BolI8L7aoBUZm/preview,https://drive.google.com/file/d/1L-TcqkzAKsP-8FJ_vR7BolI8L7aoBUZm/view?usp=drivesdk
1KJQ7CxOvlHTGrmaE5DnSj8lb44EW4X2n,YT-73462,YATO,Czesci_zamienne_YT-73462.pdf,YT-73462,True,True,drive-1KJQ7CxOvlHTGrmaE5DnSj8lb44EW4X2n-YT-73462,https://drive.google.com/file/d/1KJQ7CxOvlHTGrmaE5DnSj8lb44EW4X2n/preview,https://drive.google.com/file/d/1KJQ7CxOvlHTGrmaE5DnSj8lb44EW4X2n/view?usp=drivesdk
1GkrNeuZwRHKAHrTrqbai9Rlw3J50mY3W,YT-79950,YATO,Czesci_zamienne_YT-79950.pdf,YT-79950,True,True,drive-1GkrNeuZwRHKAHrTrqbai9Rlw3J50mY3W-YT-79950,https://drive.google.com/file/d/1GkrNeuZwRHKAHrTrqbai9Rlw3J50mY3W/preview,https://drive.google.com/file/d/1GkrNeuZwRHKAHrTrqbai9Rlw3J50mY3W/view?usp=drivesdk
1Pbs4PEAu5pnm-UtrWwcn7Di0JmdvU6Y3,YT-79951,YATO,Czesci_zamienne_YT-79951.pdf,YT-79951,True,True,drive-1Pbs4PEAu5pnm-UtrWwcn7Di0JmdvU6Y3-YT-79951,https://drive.google.com/file/d/1Pbs4PEAu5pnm-UtrWwcn7Di0JmdvU6Y3/preview,https://drive.google.com/file/d/1Pbs4PEAu5pnm-UtrWwcn7Di0JmdvU6Y3/view?usp=drivesdk
1b_rq3w4GCqZnSbWrNJ8sK4GeA6CFc17d,YT-79955,YATO,Czesci_zamienne_YT-79955.pdf,YT-79955,True,True,drive-1b_rq3w4GCqZnSbWrNJ8sK4GeA6CFc17d-YT-79955,https://drive.google.com/file/d/1b_rq3w4GCqZnSbWrNJ8sK4GeA6CFc17d/preview,https://drive.google.com/file/d/1b_rq3w4GCqZnSbWrNJ8sK4GeA6CFc17d/view?usp=drivesdk
1qsxJUcbaQ9ds4_NWjQgkZGtiPFkrdtd_,YT-81355,YATO,Czesci_zamienne_YT-81355.pdf,YT-81355,True,True,drive-1qsxJUcbaQ9ds4_NWjQgkZGtiPFkrdtd_-YT-81355,https://drive.google.com/file/d/1qsxJUcbaQ9ds4_NWjQgkZGtiPFkrdtd_/preview,https://drive.google.com/file/d/1qsxJUcbaQ9ds4_NWjQgkZGtiPFkrdtd_/view?usp=drivesdk
1KGTjH26prZhTsGuD6_r5uJJnMot4kp9H,YT-81357,YATO,Czesci_zamienne_YT-81357.pdf,YT-81357,True,True,drive-1KGTjH26prZhTsGuD6_r5uJJnMot4kp9H-YT-81357,https://drive.google.com/file/d/1KGTjH26prZhTsGuD6_r5uJJnMot4kp9H/preview,https://drive.google.com/file/d/1KGTjH26prZhTsGuD6_r5uJJnMot4kp9H/view?usp=drivesdk
1UatneiLSnGLIcAzaqJrL80ifZj8eHTdy,YT-81358,YATO,Czesci_zamienne_YT-81358.pdf,YT-81358,True,True,drive-1UatneiLSnGLIcAzaqJrL80ifZj8eHTdy-YT-81358,https://drive.google.com/file/d/1UatneiLSnGLIcAzaqJrL80ifZj8eHTdy/preview,https://drive.google.com/file/d/1UatneiLSnGLIcAzaqJrL80ifZj8eHTdy/view?usp=drivesdk
1uuB3mJIYTDWn9Ns8ayoHn9RwR0JBTQzo,YT-81953,YATO,Czesci_zamienne_YT-81953.pdf,YT-81953,True,True,drive-1uuB3mJIYTDWn9Ns8ayoHn9RwR0JBTQzo-YT-81953,https://drive.google.com/file/d/1uuB3mJIYTDWn9Ns8ayoHn9RwR0JBTQzo/preview,https://drive.google.com/file/d/1uuB3mJIYTDWn9Ns8ayoHn9RwR0JBTQzo/view?usp=drivesdk
1dz783OseTKkVZG10MNhyi8QeOA_TmibI,YT-81956,YATO,Czesci_zamienne_YT-81956.pdf,YT-81956,True,True,drive-1dz783OseTKkVZG10MNhyi8QeOA_TmibI-YT-81956,https://drive.google.com/file/d/1dz783OseTKkVZG10MNhyi8QeOA_TmibI/preview,https://drive.google.com/file/d/1dz783OseTKkVZG10MNhyi8QeOA_TmibI/view?usp=drivesdk
1VVdPzdybrMj_1DCSZmTJDWd1PlxY3bn7,YT-81980,YATO,Czesci_zamienne_YT-81980.pdf,YT-81980,True,True,drive-1VVdPzdybrMj_1DCSZmTJDWd1PlxY3bn7-YT-81980,https://drive.google.com/file/d/1VVdPzdybrMj_1DCSZmTJDWd1PlxY3bn7/preview,https://drive.google.com/file/d/1VVdPzdybrMj_1DCSZmTJDWd1PlxY3bn7/view?usp=drivesdk
1ViHYB4ICy3Z6PX2OK2ucs9ExUZKk5yfr,YT-81983,YATO,Czesci_zamienne_YT-81983.pdf,YT-81983,True,True,drive-1ViHYB4ICy3Z6PX2OK2ucs9ExUZKk5yfr-YT-81983,https://drive.google.com/file/d/1ViHYB4ICy3Z6PX2OK2ucs9ExUZKk5yfr/preview,https://drive.google.com/file/d/1ViHYB4ICy3Z6PX2OK2ucs9ExUZKk5yfr/view?usp=drivesdk
1PCJr7oqnSn97E4khSM4PKTdzvbGKb8XE,YT-82001,YATO,Czesci_zamienne_YT-82001.pdf,YT-82001,True,True,drive-1PCJr7oqnSn97E4khSM4PKTdzvbGKb8XE-YT-82001,https://drive.google.com/file/d/1PCJr7oqnSn97E4khSM4PKTdzvbGKb8XE/preview,https://drive.google.com/file/d/1PCJr7oqnSn97E4khSM4PKTdzvbGKb8XE/view?usp=drivesdk
1bOhCY0UKKPZmmG2YHmkbwPijiZIsNO2-,YT-82002,YATO,Czesci_zamienne_YT-82002.pdf,YT-82002,True,True,drive-1bOhCY0UKKPZmmG2YHmkbwPijiZIsNO2--YT-82002,https://drive.google.com/file/d/1bOhCY0UKKPZmmG2YHmkbwPijiZIsNO2-/preview,https://drive.google.com/file/d/1bOhCY0UKKPZmmG2YHmkbwPijiZIsNO2-/view?usp=drivesdk
1m56493qyPTr8tJ7W5-wIw1a0hPtuRl-4,YT-82004,YATO,Czesci_zamienne_YT-82004.pdf,YT-82004,True,True,drive-1m56493qyPTr8tJ7W5-wIw1a0hPtuRl-4-YT-82004,https://drive.google.com/file/d/1m56493qyPTr8tJ7W5-wIw1a0hPtuRl-4/preview,https://drive.google.com/file/d/1m56493qyPTr8tJ7W5-wIw1a0hPtuRl-4/view?usp=drivesdk
1o-e3vT6YpronD6RKmLpEb3k6t3HDAsdg,YT-82005,YATO,Czesci_zamienne_YT-82005.pdf,YT-82005,True,True,drive-1o-e3vT6YpronD6RKmLpEb3k6t3HDAsdg-YT-82005,https://drive.google.com/file/d/1o-e3vT6YpronD6RKmLpEb3k6t3HDAsdg/preview,https://drive.google.com/file/d/1o-e3vT6YpronD6RKmLpEb3k6t3HDAsdg/view?usp=drivesdk
14Bj8jFU0b3rBl6RgSWqpZrHOMLe1AQ_u,YT-82007,YATO,Czesci_zamienne_YT-82007.pdf,YT-82007,True,True,drive-14Bj8jFU0b3rBl6RgSWqpZrHOMLe1AQ_u-YT-82007,https://drive.google.com/file/d/14Bj8jFU0b3rBl6RgSWqpZrHOMLe1AQ_u/preview,https://drive.google.com/file/d/14Bj8jFU0b3rBl6RgSWqpZrHOMLe1AQ_u/view?usp=drivesdk
1CcNmyyKYuvnOGhWxPCi6AdDLS7oaVKqs,YT-82015,YATO,Czesci_zamienne_YT-82015.pdf,YT-82015,True,True,drive-1CcNmyyKYuvnOGhWxPCi6AdDLS7oaVKqs-YT-82015,https://drive.google.com/file/d/1CcNmyyKYuvnOGhWxPCi6AdDLS7oaVKqs/preview,https://drive.google.com/file/d/1CcNmyyKYuvnOGhWxPCi6AdDLS7oaVKqs/view?usp=drivesdk
1jb68MhHArkQlHAKb_HLVggIjp45cvk_i,YT-82016,YATO,Czesci_zamienne_YT-82016.pdf,YT-82016,True,True,drive-1jb68MhHArkQlHAKb_HLVggIjp45cvk_i-YT-82016,https://drive.google.com/file/d/1jb68MhHArkQlHAKb_HLVggIjp45cvk_i/preview,https://drive.google.com/file/d/1jb68MhHArkQlHAKb_HLVggIjp45cvk_i/view?usp=drivesdk
10OdfxryxU6l5X9i470HBdL4zZd0i-nvo,YT-82020,YATO,Czesci_zamienne_YT-82020.pdf,YT-82020,True,True,drive-10OdfxryxU6l5X9i470HBdL4zZd0i-nvo-YT-82020,https://drive.google.com/file/d/10OdfxryxU6l5X9i470HBdL4zZd0i-nvo/preview,https://drive.google.com/file/d/10OdfxryxU6l5X9i470HBdL4zZd0i-nvo/view?usp=drivesdk
1l7Yz2-SNoUcfZ4XTEMvJ2Kbt0FWnOr9X,YT-82021,YATO,Czesci_zamienne_YT-82021.pdf,YT-82021,True,True,drive-1l7Yz2-SNoUcfZ4XTEMvJ2Kbt0FWnOr9X-YT-82021,https://drive.google.com/file/d/1l7Yz2-SNoUcfZ4XTEMvJ2Kbt0FWnOr9X/preview,https://drive.google.com/file/d/1l7Yz2-SNoUcfZ4XTEMvJ2Kbt0FWnOr9X/view?usp=drivesdk
1E23mz5vq_pPq9w3NNAlhUYeuQLM8fAdQ,YT-82025,YATO,Czesci_zamienne_YT-82025.pdf,YT-82025,True,True,drive-1E23mz5vq_pPq9w3NNAlhUYeuQLM8fAdQ-YT-82025,https://drive.google.com/file/d/1E23mz5vq_pPq9w3NNAlhUYeuQLM8fAdQ/preview,https://drive.google.com/file/d/1E23mz5vq_pPq9w3NNAlhUYeuQLM8fAdQ/view?usp=drivesdk
1Tk26NmtcMsp3Vovu6wl1EFn6j600w1o2,YT-82034,YATO,Czesci_zamienne_YT-82034.pdf,YT-82034,True,True,drive-1Tk26NmtcMsp3Vovu6wl1EFn6j600w1o2-YT-82034,https://drive.google.com/file/d/1Tk26NmtcMsp3Vovu6wl1EFn6j600w1o2/preview,https://drive.google.com/file/d/1Tk26NmtcMsp3Vovu6wl1EFn6j600w1o2/view?usp=drivesdk
1ol9g3KDpO5g3Y2zTOh4DsWSwZUVTa57i,YT-82035,YATO,Czesci_zamienne_YT-82035.pdf,YT-82035,True,True,drive-1ol9g3KDpO5g3Y2zTOh4DsWSwZUVTa57i-YT-82035,https://drive.google.com/file/d/1ol9g3KDpO5g3Y2zTOh4DsWSwZUVTa57i/preview,https://drive.google.com/file/d/1ol9g3KDpO5g3Y2zTOh4DsWSwZUVTa57i/view?usp=drivesdk
1SUQW2DjhaeQujneriMdtuw4NCl-Yi0az,YT-82036,YATO,Czesci_zamienne_YT-82036.pdf,YT-82036,True,True,drive-1SUQW2DjhaeQujneriMdtuw4NCl-Yi0az-YT-82036,https://drive.google.com/file/d/1SUQW2DjhaeQujneriMdtuw4NCl-Yi0az/preview,https://drive.google.com/file/d/1SUQW2DjhaeQujneriMdtuw4NCl-Yi0az/view?usp=drivesdk
1YnU5z8V9shykps1ZyFCY--AFX58sheLB,YT-82037,YATO,Czesci_zamienne_YT-82037.pdf,YT-82037,True,True,drive-1YnU5z8V9shykps1ZyFCY--AFX58sheLB-YT-82037,https://drive.google.com/file/d/1YnU5z8V9shykps1ZyFCY--AFX58sheLB/preview,https://drive.google.com/file/d/1YnU5z8V9shykps1ZyFCY--AFX58sheLB/view?usp=drivesdk
1V8oL-eOOmcB3YjjFu3_GoMiJvcLXDpVe,YT-82038,YATO,Czesci_zamienne_YT-82038.pdf,YT-82038,True,True,drive-1V8oL-eOOmcB3YjjFu3_GoMiJvcLXDpVe-YT-82038,https://drive.google.com/file/d/1V8oL-eOOmcB3YjjFu3_GoMiJvcLXDpVe/preview,https://drive.google.com/file/d/1V8oL-eOOmcB3YjjFu3_GoMiJvcLXDpVe/view?usp=drivesdk
1jgUBt_aO4peN81FadedYfmaY4yWMyhWV,YT-82040,YATO,Czesci_zamienne_YT-82040.pdf,YT-82040,True,True,drive-1jgUBt_aO4peN81FadedYfmaY4yWMyhWV-YT-82040,https://drive.google.com/file/d/1jgUBt_aO4peN81FadedYfmaY4yWMyhWV/preview,https://drive.google.com/file/d/1jgUBt_aO4peN81FadedYfmaY4yWMyhWV/view?usp=drivesdk
1_iLjHeLiobC9_HYD0izZ7x9x9wOBZAHT,YT-82044,YATO,Czesci_zamienne_YT-82044.pdf,YT-82044,True,True,drive-1_iLjHeLiobC9_HYD0izZ7x9x9wOBZAHT-YT-82044,https://drive.google.com/file/d/1_iLjHeLiobC9_HYD0izZ7x9x9wOBZAHT/preview,https://drive.google.com/file/d/1_iLjHeLiobC9_HYD0izZ7x9x9wOBZAHT/view?usp=drivesdk
1YXa9cigKBMcxCh-5WOg5QwwqdusuM6Og,YT-82045,YATO,Czesci_zamienne_YT-82045.pdf,YT-82045,True,True,drive-1YXa9cigKBMcxCh-5WOg5QwwqdusuM6Og-YT-82045,https://drive.google.com/file/d/1YXa9cigKBMcxCh-5WOg5QwwqdusuM6Og/preview,https://drive.google.com/file/d/1YXa9cigKBMcxCh-5WOg5QwwqdusuM6Og/view?usp=drivesdk
12goZEAKOok8Ma83iJYDLLE6DfMqLq7wg,YT-82048,YATO,Czesci_zamienne_YT-82048.pdf,YT-82048,True,True,drive-12goZEAKOok8Ma83iJYDLLE6DfMqLq7wg-YT-82048,https://drive.google.com/file/d/12goZEAKOok8Ma83iJYDLLE6DfMqLq7wg/preview,https://drive.google.com/file/d/12goZEAKOok8Ma83iJYDLLE6DfMqLq7wg/view?usp=drivesdk
11J4CNONmH8eOHDunJnZFWMxJKLHkGLgQ,YT-82050,YATO,Czesci_zamienne_YT-82050.pdf,YT-82050,True,True,drive-11J4CNONmH8eOHDunJnZFWMxJKLHkGLgQ-YT-82050,https://drive.google.com/file/d/11J4CNONmH8eOHDunJnZFWMxJKLHkGLgQ/preview,https://drive.google.com/file/d/11J4CNONmH8eOHDunJnZFWMxJKLHkGLgQ/view?usp=drivesdk
1csvhiHLQjFu7cqVzTdbjEAWKD_1z3U91,YT-820500,YATO,Czesci_zamienne_YT-820500.pdf,YT-820500,True,True,drive-1csvhiHLQjFu7cqVzTdbjEAWKD_1z3U91-YT-820500,https://drive.google.com/file/d/1csvhiHLQjFu7cqVzTdbjEAWKD_1z3U91/preview,https://drive.google.com/file/d/1csvhiHLQjFu7cqVzTdbjEAWKD_1z3U91/view?usp=drivesdk
1eWEvtmeOXQRpd_N9TGLOSwfleKM03oLb,YT-820501,YATO,Czesci_zamienne_YT-820501.pdf,YT-820501,True,True,drive-1eWEvtmeOXQRpd_N9TGLOSwfleKM03oLb-YT-820501,https://drive.google.com/file/d/1eWEvtmeOXQRpd_N9TGLOSwfleKM03oLb/preview,https://drive.google.com/file/d/1eWEvtmeOXQRpd_N9TGLOSwfleKM03oLb/view?usp=drivesdk
1IGIOghTq77PN0wMF56Z2Ah251Hm6uSmG,YT-820502,YATO,Czesci_zamienne_YT-820502.pdf,YT-820502,True,True,drive-1IGIOghTq77PN0wMF56Z2Ah251Hm6uSmG-YT-820502,https://drive.google.com/file/d/1IGIOghTq77PN0wMF56Z2Ah251Hm6uSmG/preview,https://drive.google.com/file/d/1IGIOghTq77PN0wMF56Z2Ah251Hm6uSmG/view?usp=drivesdk
1eKEkG8xLOTK4OT2fwnk_hbECnlj4Mgju,YT-820507,YATO,Czesci_zamienne_YT-820507.pdf,YT-820507,True,True,drive-1eKEkG8xLOTK4OT2fwnk_hbECnlj4Mgju-YT-820507,https://drive.google.com/file/d/1eKEkG8xLOTK4OT2fwnk_hbECnlj4Mgju/preview,https://drive.google.com/file/d/1eKEkG8xLOTK4OT2fwnk_hbECnlj4Mgju/view?usp=drivesdk
1eF6B1t43GIspMrTE5Ghlj4dE3vb6mi5J,YT-82051,YATO,Czesci_zamienne_YT-82051.pdf,YT-82051,True,True,drive-1eF6B1t43GIspMrTE5Ghlj4dE3vb6mi5J-YT-82051,https://drive.google.com/file/d/1eF6B1t43GIspMrTE5Ghlj4dE3vb6mi5J/preview,https://drive.google.com/file/d/1eF6B1t43GIspMrTE5Ghlj4dE3vb6mi5J/view?usp=drivesdk
1lxHpSK9Wk17BmeOeo-qLbxYGSCyEBv_z,YT-82060,YATO,Czesci_zamienne_YT-82060.pdf,YT-82060,True,True,drive-1lxHpSK9Wk17BmeOeo-qLbxYGSCyEBv_z-YT-82060,https://drive.google.com/file/d/1lxHpSK9Wk17BmeOeo-qLbxYGSCyEBv_z/preview,https://drive.google.com/file/d/1lxHpSK9Wk17BmeOeo-qLbxYGSCyEBv_z/view?usp=drivesdk
1ExFAqEh7PDGJEWoYYDOiKCOv-pEnIKjp,YT-82070,YATO,Czesci_zamienne_YT-82070.pdf,YT-82070,True,True,drive-1ExFAqEh7PDGJEWoYYDOiKCOv-pEnIKjp-YT-82070,https://drive.google.com/file/d/1ExFAqEh7PDGJEWoYYDOiKCOv-pEnIKjp/preview,https://drive.google.com/file/d/1ExFAqEh7PDGJEWoYYDOiKCOv-pEnIKjp/view?usp=drivesdk
1rmhwQdVzLfYSc717g1V6d3p2rJnB05mn,YT-82075,YATO,Czesci_zamienne_YT-82075 YT-82076.pdf,YT-82075 YT-82076,False,True,drive-1rmhwQdVzLfYSc717g1V6d3p2rJnB05mn-YT-82075,https://drive.google.com/file/d/1rmhwQdVzLfYSc717g1V6d3p2rJnB05mn/preview,https://drive.google.com/file/d/1rmhwQdVzLfYSc717g1V6d3p2rJnB05mn/view?usp=drivesdk
1rmhwQdVzLfYSc717g1V6d3p2rJnB05mn,YT-82076,YATO,Czesci_zamienne_YT-82075 YT-82076.pdf,YT-82076 — YT-82075 YT-82076,False,True,drive-1rmhwQdVzLfYSc717g1V6d3p2rJnB05mn-YT-82076,https://drive.google.com/file/d/1rmhwQdVzLfYSc717g1V6d3p2rJnB05mn/preview,https://drive.google.com/file/d/1rmhwQdVzLfYSc717g1V6d3p2rJnB05mn/view?usp=drivesdk
1rVoNfNolMrRLmwTrEmTSffzsF1QG2KFx,YT-82077,YATO,Czesci_zamienne_YT-82077.pdf,YT-82077,True,True,drive-1rVoNfNolMrRLmwTrEmTSffzsF1QG2KFx-YT-82077,https://drive.google.com/file/d/1rVoNfNolMrRLmwTrEmTSffzsF1QG2KFx/preview,https://drive.google.com/file/d/1rVoNfNolMrRLmwTrEmTSffzsF1QG2KFx/view?usp=drivesdk
12DCgBHzn4GfVRg6ewJJxtxvOudL7d0Si,YT-82080,YATO,Czesci_zamienne_YT-82080.pdf,YT-82080,True,True,drive-12DCgBHzn4GfVRg6ewJJxtxvOudL7d0Si-YT-82080,https://drive.google.com/file/d/12DCgBHzn4GfVRg6ewJJxtxvOudL7d0Si/preview,https://drive.google.com/file/d/12DCgBHzn4GfVRg6ewJJxtxvOudL7d0Si/view?usp=drivesdk
1GHGtk6NrbckQHPgBg3gfDyryh8jDzZFj,YT-820833,YATO,Czesci_zamienne_YT-820833.pdf,YT-820833,True,True,drive-1GHGtk6NrbckQHPgBg3gfDyryh8jDzZFj-YT-820833,https://drive.google.com/file/d/1GHGtk6NrbckQHPgBg3gfDyryh8jDzZFj/preview,https://drive.google.com/file/d/1GHGtk6NrbckQHPgBg3gfDyryh8jDzZFj/view?usp=drivesdk
17zSm1Dx_XuWo4-kuFQcbAEy2ECYV8cxd,YT-82089,YATO,Czesci_zamienne_YT-82089.pdf,YT-82089,True,True,drive-17zSm1Dx_XuWo4-kuFQcbAEy2ECYV8cxd-YT-82089,https://drive.google.com/file/d/17zSm1Dx_XuWo4-kuFQcbAEy2ECYV8cxd/preview,https://drive.google.com/file/d/17zSm1Dx_XuWo4-kuFQcbAEy2ECYV8cxd/view?usp=drivesdk
1Y7IK1MAkAbdCM6cmU_gFK-AzZWoSroEm,YT-82094,YATO,Czesci_zamienne_YT-82094.pdf,YT-82094,True,True,drive-1Y7IK1MAkAbdCM6cmU_gFK-AzZWoSroEm-YT-82094,https://drive.google.com/file/d/1Y7IK1MAkAbdCM6cmU_gFK-AzZWoSroEm/preview,https://drive.google.com/file/d/1Y7IK1MAkAbdCM6cmU_gFK-AzZWoSroEm/view?usp=drivesdk
1xQQMBzU9HdIr4NL5GncRekgjbKNolxyP,YT-82096,YATO,Czesci_zamienne_YT-82096.pdf,YT-82096,True,True,drive-1xQQMBzU9HdIr4NL5GncRekgjbKNolxyP-YT-82096,https://drive.google.com/file/d/1xQQMBzU9HdIr4NL5GncRekgjbKNolxyP/preview,https://drive.google.com/file/d/1xQQMBzU9HdIr4NL5GncRekgjbKNolxyP/view?usp=drivesdk
17oBDDnb5ZiYJuCWvWqiQaTA6e4zh-p34,YT-82097,YATO,Czesci_zamienne_YT-82097.pdf,YT-82097,True,True,drive-17oBDDnb5ZiYJuCWvWqiQaTA6e4zh-p34-YT-82097,https://drive.google.com/file/d/17oBDDnb5ZiYJuCWvWqiQaTA6e4zh-p34/preview,https://drive.google.com/file/d/17oBDDnb5ZiYJuCWvWqiQaTA6e4zh-p34/view?usp=drivesdk
1NgaKdKMrlAe-smQwqzqyI74bv0BZ-rx3,YT-82098,YATO,Czesci_zamienne_YT-82098.pdf,YT-82098,True,True,drive-1NgaKdKMrlAe-smQwqzqyI74bv0BZ-rx3-YT-82098,https://drive.google.com/file/d/1NgaKdKMrlAe-smQwqzqyI74bv0BZ-rx3/preview,https://drive.google.com/file/d/1NgaKdKMrlAe-smQwqzqyI74bv0BZ-rx3/view?usp=drivesdk
15JwkoU-FXeSTVMkK748mYQjQ-JqHbazq,YT-82099,YATO,Czesci_zamienne_YT-82099.pdf,YT-82099,True,True,drive-15JwkoU-FXeSTVMkK748mYQjQ-JqHbazq-YT-82099,https://drive.google.com/file/d/15JwkoU-FXeSTVMkK748mYQjQ-JqHbazq/preview,https://drive.google.com/file/d/15JwkoU-FXeSTVMkK748mYQjQ-JqHbazq/view?usp=drivesdk
1D6MLyTEx9i9MNYpXMejPL6bA0rSmoPo4,YT-82100,YATO,Czesci_zamienne_YT-82100.pdf,YT-82100,True,True,drive-1D6MLyTEx9i9MNYpXMejPL6bA0rSmoPo4-YT-82100,https://drive.google.com/file/d/1D6MLyTEx9i9MNYpXMejPL6bA0rSmoPo4/preview,https://drive.google.com/file/d/1D6MLyTEx9i9MNYpXMejPL6bA0rSmoPo4/view?usp=drivesdk
1b5cqlx3QHn7lLhDY8Y8aornTIzoE0_UZ,YT-82101,YATO,Czesci_zamienne_YT-82101.pdf,YT-82101,True,True,drive-1b5cqlx3QHn7lLhDY8Y8aornTIzoE0_UZ-YT-82101,https://drive.google.com/file/d/1b5cqlx3QHn7lLhDY8Y8aornTIzoE0_UZ/preview,https://drive.google.com/file/d/1b5cqlx3QHn7lLhDY8Y8aornTIzoE0_UZ/view?usp=drivesdk
1_YxjvFBp6Q1RIofvxI-KsKYg9ixUEEvb,YT-821020,YATO,Czesci_zamienne_YT-821020.pdf,YT-821020,True,True,drive-1_YxjvFBp6Q1RIofvxI-KsKYg9ixUEEvb-YT-821020,https://drive.google.com/file/d/1_YxjvFBp6Q1RIofvxI-KsKYg9ixUEEvb/preview,https://drive.google.com/file/d/1_YxjvFBp6Q1RIofvxI-KsKYg9ixUEEvb/view?usp=drivesdk
1E8_teihy3eBnyd0KOos0_dFHdGfN26Oj,YT-821021,YATO,Czesci_zamienne_YT-821021.pdf,YT-821021,True,True,drive-1E8_teihy3eBnyd0KOos0_dFHdGfN26Oj-YT-821021,https://drive.google.com/file/d/1E8_teihy3eBnyd0KOos0_dFHdGfN26Oj/preview,https://drive.google.com/file/d/1E8_teihy3eBnyd0KOos0_dFHdGfN26Oj/view?usp=drivesdk
1YHllUWTCzjOjACgdtYrNkUF9C-VlLOpu,YT-821023,YATO,Czesci_zamienne_YT-821023.pdf,YT-821023,True,True,drive-1YHllUWTCzjOjACgdtYrNkUF9C-VlLOpu-YT-821023,https://drive.google.com/file/d/1YHllUWTCzjOjACgdtYrNkUF9C-VlLOpu/preview,https://drive.google.com/file/d/1YHllUWTCzjOjACgdtYrNkUF9C-VlLOpu/view?usp=drivesdk
1qHqeV292-sx3ap6oqMlcWqdvIgN0W89-,YT-821024,YATO,Czesci_zamienne_YT-821024.pdf,YT-821024,True,True,drive-1qHqeV292-sx3ap6oqMlcWqdvIgN0W89--YT-821024,https://drive.google.com/file/d/1qHqeV292-sx3ap6oqMlcWqdvIgN0W89-/preview,https://drive.google.com/file/d/1qHqeV292-sx3ap6oqMlcWqdvIgN0W89-/view?usp=drivesdk
1egXj364vtM-f_QmAHMPvvTE76bBUsFT7,YT-82105,YATO,Czesci_zamienne_YT-82105.pdf,YT-82105,True,True,drive-1egXj364vtM-f_QmAHMPvvTE76bBUsFT7-YT-82105,https://drive.google.com/file/d/1egXj364vtM-f_QmAHMPvvTE76bBUsFT7/preview,https://drive.google.com/file/d/1egXj364vtM-f_QmAHMPvvTE76bBUsFT7/view?usp=drivesdk
1DvGGTqN-Oci-6Bre3_CK3YeeV6h6lBaJ,YT-82106,YATO,Czesci_zamienne_YT-82106.pdf,YT-82106,True,True,drive-1DvGGTqN-Oci-6Bre3_CK3YeeV6h6lBaJ-YT-82106,https://drive.google.com/file/d/1DvGGTqN-Oci-6Bre3_CK3YeeV6h6lBaJ/preview,https://drive.google.com/file/d/1DvGGTqN-Oci-6Bre3_CK3YeeV6h6lBaJ/view?usp=drivesdk
1NWOwdg_ijIMXY5Avf91lFYkpywsvWQcS,YT-82110,YATO,Czesci_zamienne_YT-82110.pdf,YT-82110,True,True,drive-1NWOwdg_ijIMXY5Avf91lFYkpywsvWQcS-YT-82110,https://drive.google.com/file/d/1NWOwdg_ijIMXY5Avf91lFYkpywsvWQcS/preview,https://drive.google.com/file/d/1NWOwdg_ijIMXY5Avf91lFYkpywsvWQcS/view?usp=drivesdk
1AxSKYzpaQyttpDRWuCPHw156XFlMG0EM,YT-82115,YATO,Czesci_zamienne_YT-82115.pdf,YT-82115,True,True,drive-1AxSKYzpaQyttpDRWuCPHw156XFlMG0EM-YT-82115,https://drive.google.com/file/d/1AxSKYzpaQyttpDRWuCPHw156XFlMG0EM/preview,https://drive.google.com/file/d/1AxSKYzpaQyttpDRWuCPHw156XFlMG0EM/view?usp=drivesdk
1_u8H1l4l9gMf0nxesFvY1NpVM3txc98n,YT-82116,YATO,Czesci_zamienne_YT-82116.pdf,YT-82116,True,True,drive-1_u8H1l4l9gMf0nxesFvY1NpVM3txc98n-YT-82116,https://drive.google.com/file/d/1_u8H1l4l9gMf0nxesFvY1NpVM3txc98n/preview,https://drive.google.com/file/d/1_u8H1l4l9gMf0nxesFvY1NpVM3txc98n/view?usp=drivesdk
1Wh0dYxKAqPFMK_vSAdknx3aFrbG0RN-T,YT-82117,YATO,Czesci_zamienne_YT-82117.pdf,YT-82117,True,True,drive-1Wh0dYxKAqPFMK_vSAdknx3aFrbG0RN-T-YT-82117,https://drive.google.com/file/d/1Wh0dYxKAqPFMK_vSAdknx3aFrbG0RN-T/preview,https://drive.google.com/file/d/1Wh0dYxKAqPFMK_vSAdknx3aFrbG0RN-T/view?usp=drivesdk
1aoTiPplUnN6QkIsAlfH3W6cjcjULdcCT,YT-82118,YATO,Czesci_zamienne_YT-82118.pdf,YT-82118,True,True,drive-1aoTiPplUnN6QkIsAlfH3W6cjcjULdcCT-YT-82118,https://drive.google.com/file/d/1aoTiPplUnN6QkIsAlfH3W6cjcjULdcCT/preview,https://drive.google.com/file/d/1aoTiPplUnN6QkIsAlfH3W6cjcjULdcCT/view?usp=drivesdk
1789SxFIBGAjgEL0lXmfUCKmxBgexds9J,YT-82119,YATO,Czesci_zamienne_YT-82119.pdf,YT-82119,True,True,drive-1789SxFIBGAjgEL0lXmfUCKmxBgexds9J-YT-82119,https://drive.google.com/file/d/1789SxFIBGAjgEL0lXmfUCKmxBgexds9J/preview,https://drive.google.com/file/d/1789SxFIBGAjgEL0lXmfUCKmxBgexds9J/view?usp=drivesdk
1W1HZkMSq20Y0CPdDj8tU4quEw9iMDhKY,YT-82120,YATO,Czesci_zamienne_YT-82120.pdf,YT-82120,True,True,drive-1W1HZkMSq20Y0CPdDj8tU4quEw9iMDhKY-YT-82120,https://drive.google.com/file/d/1W1HZkMSq20Y0CPdDj8tU4quEw9iMDhKY/preview,https://drive.google.com/file/d/1W1HZkMSq20Y0CPdDj8tU4quEw9iMDhKY/view?usp=drivesdk
1HobRRsWAXAXO2JSCXnhtedg9CwhRJriD,YT-821210,YATO,Czesci_zamienne_YT-821210.pdf,YT-821210,True,True,drive-1HobRRsWAXAXO2JSCXnhtedg9CwhRJriD-YT-821210,https://drive.google.com/file/d/1HobRRsWAXAXO2JSCXnhtedg9CwhRJriD/preview,https://drive.google.com/file/d/1HobRRsWAXAXO2JSCXnhtedg9CwhRJriD/view?usp=drivesdk
1LVtoCgch5qYVdj6TSaBhMiMw5xa-ARAl,YT-82122,YATO,Czesci_zamienne_YT-82122.pdf,YT-82122,True,True,drive-1LVtoCgch5qYVdj6TSaBhMiMw5xa-ARAl-YT-82122,https://drive.google.com/file/d/1LVtoCgch5qYVdj6TSaBhMiMw5xa-ARAl/preview,https://drive.google.com/file/d/1LVtoCgch5qYVdj6TSaBhMiMw5xa-ARAl/view?usp=drivesdk
1ahHAtk-Ss7KWoIDKt0YYrij8oaG8HVMK,YT-82123,YATO,Czesci_zamienne_YT-82123.pdf,YT-82123,True,True,drive-1ahHAtk-Ss7KWoIDKt0YYrij8oaG8HVMK-YT-82123,https://drive.google.com/file/d/1ahHAtk-Ss7KWoIDKt0YYrij8oaG8HVMK/preview,https://drive.google.com/file/d/1ahHAtk-Ss7KWoIDKt0YYrij8oaG8HVMK/view?usp=drivesdk
1gfybtzRiwtmLe_EzLxW6m6Fl3vuq9Xt8,YT-82125,YATO,Czesci_zamienne_YT-82125.pdf,YT-82125,True,True,drive-1gfybtzRiwtmLe_EzLxW6m6Fl3vuq9Xt8-YT-82125,https://drive.google.com/file/d/1gfybtzRiwtmLe_EzLxW6m6Fl3vuq9Xt8/preview,https://drive.google.com/file/d/1gfybtzRiwtmLe_EzLxW6m6Fl3vuq9Xt8/view?usp=drivesdk
1AwTlMDcIvNN1OrYwrXfNSYJLcf6RW5nF,YT-82126,YATO,Czesci_zamienne_YT-82126.pdf,YT-82126,True,True,drive-1AwTlMDcIvNN1OrYwrXfNSYJLcf6RW5nF-YT-82126,https://drive.google.com/file/d/1AwTlMDcIvNN1OrYwrXfNSYJLcf6RW5nF/preview,https://drive.google.com/file/d/1AwTlMDcIvNN1OrYwrXfNSYJLcf6RW5nF/view?usp=drivesdk
1n2H8MOnK5q8Tp1mQfxw44xCpnS2nW5Xr,YT-82127,YATO,Czesci_zamienne_YT-82127.pdf,YT-82127,True,True,drive-1n2H8MOnK5q8Tp1mQfxw44xCpnS2nW5Xr-YT-82127,https://drive.google.com/file/d/1n2H8MOnK5q8Tp1mQfxw44xCpnS2nW5Xr/preview,https://drive.google.com/file/d/1n2H8MOnK5q8Tp1mQfxw44xCpnS2nW5Xr/view?usp=drivesdk
1FYrdHmJHLHC-PmHPi3y_2YAxFPkKiR8f,YT-82129,YATO,Czesci_zamienne_YT-82129.pdf,YT-82129,True,True,drive-1FYrdHmJHLHC-PmHPi3y_2YAxFPkKiR8f-YT-82129,https://drive.google.com/file/d/1FYrdHmJHLHC-PmHPi3y_2YAxFPkKiR8f/preview,https://drive.google.com/file/d/1FYrdHmJHLHC-PmHPi3y_2YAxFPkKiR8f/view?usp=drivesdk
1AyHTr92mLgJHfWaBXLn_ZTMJrLXHNNC0,YT-82130,YATO,Czesci_zamienne_YT-82130.pdf,YT-82130,True,True,drive-1AyHTr92mLgJHfWaBXLn_ZTMJrLXHNNC0-YT-82130,https://drive.google.com/file/d/1AyHTr92mLgJHfWaBXLn_ZTMJrLXHNNC0/preview,https://drive.google.com/file/d/1AyHTr92mLgJHfWaBXLn_ZTMJrLXHNNC0/view?usp=drivesdk
1A8Bxv9Z7mwYaqXzl9N2YN1AmuGFZJQxD,YT-82131,YATO,Czesci_zamienne_YT-82131.pdf,YT-82131,True,True,drive-1A8Bxv9Z7mwYaqXzl9N2YN1AmuGFZJQxD-YT-82131,https://drive.google.com/file/d/1A8Bxv9Z7mwYaqXzl9N2YN1AmuGFZJQxD/preview,https://drive.google.com/file/d/1A8Bxv9Z7mwYaqXzl9N2YN1AmuGFZJQxD/view?usp=drivesdk
1E46FgMR8TDxKRQpHl_wE5Ct7WgL7A0kT,YT-82132,YATO,Czesci_zamienne_YT-82132.pdf,YT-82132,True,True,drive-1E46FgMR8TDxKRQpHl_wE5Ct7WgL7A0kT-YT-82132,https://drive.google.com/file/d/1E46FgMR8TDxKRQpHl_wE5Ct7WgL7A0kT/preview,https://drive.google.com/file/d/1E46FgMR8TDxKRQpHl_wE5Ct7WgL7A0kT/view?usp=drivesdk
12mwfJM4JbQ6J-eCCHo5597ytFedIWhmL,YT-82133,YATO,Czesci_zamienne_YT-82133.pdf,YT-82133,True,True,drive-12mwfJM4JbQ6J-eCCHo5597ytFedIWhmL-YT-82133,https://drive.google.com/file/d/12mwfJM4JbQ6J-eCCHo5597ytFedIWhmL/preview,https://drive.google.com/file/d/12mwfJM4JbQ6J-eCCHo5597ytFedIWhmL/view?usp=drivesdk
15UsmnZYzzRlqykLi5DmGkys5DPwaV8q4,YT-82134,YATO,Czesci_zamienne_YT-82134.pdf,YT-82134,True,True,drive-15UsmnZYzzRlqykLi5DmGkys5DPwaV8q4-YT-82134,https://drive.google.com/file/d/15UsmnZYzzRlqykLi5DmGkys5DPwaV8q4/preview,https://drive.google.com/file/d/15UsmnZYzzRlqykLi5DmGkys5DPwaV8q4/view?usp=drivesdk
1x7i5pEBGG10I2Cps21aE06fydJgoUmdb,YT-82135,YATO,Czesci_zamienne_YT-82135.pdf,YT-82135,True,True,drive-1x7i5pEBGG10I2Cps21aE06fydJgoUmdb-YT-82135,https://drive.google.com/file/d/1x7i5pEBGG10I2Cps21aE06fydJgoUmdb/preview,https://drive.google.com/file/d/1x7i5pEBGG10I2Cps21aE06fydJgoUmdb/view?usp=drivesdk
1faZ6TNCaOJLSCfEhXZ1SrUYaLVC-1S9Y,YT-82138,YATO,Czesci_zamienne_YT-82138.pdf,YT-82138,True,True,drive-1faZ6TNCaOJLSCfEhXZ1SrUYaLVC-1S9Y-YT-82138,https://drive.google.com/file/d/1faZ6TNCaOJLSCfEhXZ1SrUYaLVC-1S9Y/preview,https://drive.google.com/file/d/1faZ6TNCaOJLSCfEhXZ1SrUYaLVC-1S9Y/view?usp=drivesdk
1OXWVakb75yFWsaOpqsYyCJhvw0BKqCxf,YT-82141,YATO,Czesci_zamienne_YT-82141.pdf,YT-82141,True,True,drive-1OXWVakb75yFWsaOpqsYyCJhvw0BKqCxf-YT-82141,https://drive.google.com/file/d/1OXWVakb75yFWsaOpqsYyCJhvw0BKqCxf/preview,https://drive.google.com/file/d/1OXWVakb75yFWsaOpqsYyCJhvw0BKqCxf/view?usp=drivesdk
1L4PaDi_3tt6lVubsjrox4XKs13kvDHfy,YT-82144,YATO,Czesci_zamienne_YT-82144.pdf,YT-82144,True,True,drive-1L4PaDi_3tt6lVubsjrox4XKs13kvDHfy-YT-82144,https://drive.google.com/file/d/1L4PaDi_3tt6lVubsjrox4XKs13kvDHfy/preview,https://drive.google.com/file/d/1L4PaDi_3tt6lVubsjrox4XKs13kvDHfy/view?usp=drivesdk
1euW6EALE1loxE2odLTiEjqeKC469Pkeo,YT-82147,YATO,Czesci_zamienne_YT-82147.pdf,YT-82147,True,True,drive-1euW6EALE1loxE2odLTiEjqeKC469Pkeo-YT-82147,https://drive.google.com/file/d/1euW6EALE1loxE2odLTiEjqeKC469Pkeo/preview,https://drive.google.com/file/d/1euW6EALE1loxE2odLTiEjqeKC469Pkeo/view?usp=drivesdk
1TBAsMgukTJTfNOBgBwQt_NXPd-bOD_ND,YT-82148,YATO,Czesci_zamienne_YT-82148.pdf,YT-82148,True,True,drive-1TBAsMgukTJTfNOBgBwQt_NXPd-bOD_ND-YT-82148,https://drive.google.com/file/d/1TBAsMgukTJTfNOBgBwQt_NXPd-bOD_ND/preview,https://drive.google.com/file/d/1TBAsMgukTJTfNOBgBwQt_NXPd-bOD_ND/view?usp=drivesdk
18cV6ZD40RW5XEhTncWTs1odM7c6TJNoU,YT-82151,YATO,Czesci_zamienne_YT-82151.pdf,YT-82151,True,True,drive-18cV6ZD40RW5XEhTncWTs1odM7c6TJNoU-YT-82151,https://drive.google.com/file/d/18cV6ZD40RW5XEhTncWTs1odM7c6TJNoU/preview,https://drive.google.com/file/d/18cV6ZD40RW5XEhTncWTs1odM7c6TJNoU/view?usp=drivesdk
1-pyizv5DQKpOJ3-CwXIKAN4liRLrPYT4,YT-82152,YATO,Czesci_zamienne_YT-82152.pdf,YT-82152,True,True,drive-1-pyizv5DQKpOJ3-CwXIKAN4liRLrPYT4-YT-82152,https://drive.google.com/file/d/1-pyizv5DQKpOJ3-CwXIKAN4liRLrPYT4/preview,https://drive.google.com/file/d/1-pyizv5DQKpOJ3-CwXIKAN4liRLrPYT4/view?usp=drivesdk
1K-Pq9uvESGQoTEmV82ogBcb8VnrlFYxK,YT-821533,YATO,Czesci_zamienne_YT-821533.pdf,YT-821533,True,True,drive-1K-Pq9uvESGQoTEmV82ogBcb8VnrlFYxK-YT-821533,https://drive.google.com/file/d/1K-Pq9uvESGQoTEmV82ogBcb8VnrlFYxK/preview,https://drive.google.com/file/d/1K-Pq9uvESGQoTEmV82ogBcb8VnrlFYxK/view?usp=drivesdk
1xf2PGQwXtANmM6oTlPj6ayPvZKA63JZv,YT-82154,YATO,Czesci_zamienne_YT-82154.pdf,YT-82154,True,True,drive-1xf2PGQwXtANmM6oTlPj6ayPvZKA63JZv-YT-82154,https://drive.google.com/file/d/1xf2PGQwXtANmM6oTlPj6ayPvZKA63JZv/preview,https://drive.google.com/file/d/1xf2PGQwXtANmM6oTlPj6ayPvZKA63JZv/view?usp=drivesdk
1YxjomYGmjlBYcMcbBSqxQB-CobjWpbhz,YT-82155,YATO,Czesci_zamienne_YT-82155.pdf,YT-82155,True,True,drive-1YxjomYGmjlBYcMcbBSqxQB-CobjWpbhz-YT-82155,https://drive.google.com/file/d/1YxjomYGmjlBYcMcbBSqxQB-CobjWpbhz/preview,https://drive.google.com/file/d/1YxjomYGmjlBYcMcbBSqxQB-CobjWpbhz/view?usp=drivesdk
1lnYn8jwur6707XznBOTTrrrE2kyti5BI,YT-82157,YATO,Czesci_zamienne_YT-82157.pdf,YT-82157,True,True,drive-1lnYn8jwur6707XznBOTTrrrE2kyti5BI-YT-82157,https://drive.google.com/file/d/1lnYn8jwur6707XznBOTTrrrE2kyti5BI/preview,https://drive.google.com/file/d/1lnYn8jwur6707XznBOTTrrrE2kyti5BI/view?usp=drivesdk
1lf1jtQ6ZnRlhg0DIj35WMCrMpvNv25jS,YT-82158,YATO,Czesci_zamienne_YT-82158.pdf,YT-82158,True,True,drive-1lf1jtQ6ZnRlhg0DIj35WMCrMpvNv25jS-YT-82158,https://drive.google.com/file/d/1lf1jtQ6ZnRlhg0DIj35WMCrMpvNv25jS/preview,https://drive.google.com/file/d/1lf1jtQ6ZnRlhg0DIj35WMCrMpvNv25jS/view?usp=drivesdk
1VbNa2G9bgudbc7Llcznj5_yjEp0vu0gq,YT-821583,YATO,Czesci_zamienne_YT-821583.pdf,YT-821583,True,True,drive-1VbNa2G9bgudbc7Llcznj5_yjEp0vu0gq-YT-821583,https://drive.google.com/file/d/1VbNa2G9bgudbc7Llcznj5_yjEp0vu0gq/preview,https://drive.google.com/file/d/1VbNa2G9bgudbc7Llcznj5_yjEp0vu0gq/view?usp=drivesdk
1iB41eUS8mympnaHgzFbr9tpHShBqnx8k,YT-82159,YATO,Czesci_zamienne_YT-82159.pdf,YT-82159,True,True,drive-1iB41eUS8mympnaHgzFbr9tpHShBqnx8k-YT-82159,https://drive.google.com/file/d/1iB41eUS8mympnaHgzFbr9tpHShBqnx8k/preview,https://drive.google.com/file/d/1iB41eUS8mympnaHgzFbr9tpHShBqnx8k/view?usp=drivesdk
1mU4WgVG2Nf5j0pXE0Z3JI_2soIwh_b0E,YT-821591,YATO,Czesci_zamienne_YT-821591.pdf,YT-821591,True,True,drive-1mU4WgVG2Nf5j0pXE0Z3JI_2soIwh_b0E-YT-821591,https://drive.google.com/file/d/1mU4WgVG2Nf5j0pXE0Z3JI_2soIwh_b0E/preview,https://drive.google.com/file/d/1mU4WgVG2Nf5j0pXE0Z3JI_2soIwh_b0E/view?usp=drivesdk
1rPhbDBTZj4m3603agUXaS7vKTKeCEWUZ,YT-821597,YATO,Czesci_zamienne_YT-821597.pdf,YT-821597,True,True,drive-1rPhbDBTZj4m3603agUXaS7vKTKeCEWUZ-YT-821597,https://drive.google.com/file/d/1rPhbDBTZj4m3603agUXaS7vKTKeCEWUZ/preview,https://drive.google.com/file/d/1rPhbDBTZj4m3603agUXaS7vKTKeCEWUZ/view?usp=drivesdk
18ua3LbtH942-YbTt03KYMnotVzXw3EjX,YT-82161,YATO,Czesci_zamienne_YT-82161.pdf,YT-82161,True,True,drive-18ua3LbtH942-YbTt03KYMnotVzXw3EjX-YT-82161,https://drive.google.com/file/d/18ua3LbtH942-YbTt03KYMnotVzXw3EjX/preview,https://drive.google.com/file/d/18ua3LbtH942-YbTt03KYMnotVzXw3EjX/view?usp=drivesdk
1rSemWEOrWQHnfD2RQ7G4hxGx-k6bvtrq,YT-82163,YATO,Czesci_zamienne_YT-82163.pdf,YT-82163,True,True,drive-1rSemWEOrWQHnfD2RQ7G4hxGx-k6bvtrq-YT-82163,https://drive.google.com/file/d/1rSemWEOrWQHnfD2RQ7G4hxGx-k6bvtrq/preview,https://drive.google.com/file/d/1rSemWEOrWQHnfD2RQ7G4hxGx-k6bvtrq/view?usp=drivesdk
1ZY9SJ5lmA4aG4uKIZez7uapvTJmWdBc7,YT-82164,YATO,Czesci_zamienne_YT-82164.pdf,YT-82164,True,True,drive-1ZY9SJ5lmA4aG4uKIZez7uapvTJmWdBc7-YT-82164,https://drive.google.com/file/d/1ZY9SJ5lmA4aG4uKIZez7uapvTJmWdBc7/preview,https://drive.google.com/file/d/1ZY9SJ5lmA4aG4uKIZez7uapvTJmWdBc7/view?usp=drivesdk
18oMxyWRteMGMQ-TtClw4ezRxPFgxiyAz,YT-82165,YATO,Czesci_zamienne_YT-82165.pdf,YT-82165,True,True,drive-18oMxyWRteMGMQ-TtClw4ezRxPFgxiyAz-YT-82165,https://drive.google.com/file/d/18oMxyWRteMGMQ-TtClw4ezRxPFgxiyAz/preview,https://drive.google.com/file/d/18oMxyWRteMGMQ-TtClw4ezRxPFgxiyAz/view?usp=drivesdk
1BbJG31rX40pYyVo3pyoU6N5c51dLjLFA,YT-82168,YATO,Czesci_zamienne_YT-82168.pdf,YT-82168,True,True,drive-1BbJG31rX40pYyVo3pyoU6N5c51dLjLFA-YT-82168,https://drive.google.com/file/d/1BbJG31rX40pYyVo3pyoU6N5c51dLjLFA/preview,https://drive.google.com/file/d/1BbJG31rX40pYyVo3pyoU6N5c51dLjLFA/view?usp=drivesdk
1Bx3o-mbL0cbWunrFBM2FwRt5wIVrwc4o,YT-82171,YATO,Czesci_zamienne_YT-82171.pdf,YT-82171,True,True,drive-1Bx3o-mbL0cbWunrFBM2FwRt5wIVrwc4o-YT-82171,https://drive.google.com/file/d/1Bx3o-mbL0cbWunrFBM2FwRt5wIVrwc4o/preview,https://drive.google.com/file/d/1Bx3o-mbL0cbWunrFBM2FwRt5wIVrwc4o/view?usp=drivesdk
1CPFg1XL_0MClzgNIKwBZoicblUdcKph7,YT-821710,YATO,Czesci_zamienne_YT-821710.pdf,YT-821710,True,True,drive-1CPFg1XL_0MClzgNIKwBZoicblUdcKph7-YT-821710,https://drive.google.com/file/d/1CPFg1XL_0MClzgNIKwBZoicblUdcKph7/preview,https://drive.google.com/file/d/1CPFg1XL_0MClzgNIKwBZoicblUdcKph7/view?usp=drivesdk
1xfRkuuAnsxWiT_uxcA_0HYUrTeLprDkV,YT-82172,YATO,Czesci_zamienne_YT-82172.pdf,YT-82172,True,True,drive-1xfRkuuAnsxWiT_uxcA_0HYUrTeLprDkV-YT-82172,https://drive.google.com/file/d/1xfRkuuAnsxWiT_uxcA_0HYUrTeLprDkV/preview,https://drive.google.com/file/d/1xfRkuuAnsxWiT_uxcA_0HYUrTeLprDkV/view?usp=drivesdk
1Rp6rDPQaGGdkfiDXIIh8anMKM5nhAxg-,YT-821722,YATO,Czesci_zamienne_YT-821722.pdf,YT-821722,True,True,drive-1Rp6rDPQaGGdkfiDXIIh8anMKM5nhAxg--YT-821722,https://drive.google.com/file/d/1Rp6rDPQaGGdkfiDXIIh8anMKM5nhAxg-/preview,https://drive.google.com/file/d/1Rp6rDPQaGGdkfiDXIIh8anMKM5nhAxg-/view?usp=drivesdk
1A8dcOfeJdtM0djOGCh9Jpn02LImcPHVz,YT-82173,YATO,Czesci_zamienne_YT-82173.pdf,YT-82173,True,True,drive-1A8dcOfeJdtM0djOGCh9Jpn02LImcPHVz-YT-82173,https://drive.google.com/file/d/1A8dcOfeJdtM0djOGCh9Jpn02LImcPHVz/preview,https://drive.google.com/file/d/1A8dcOfeJdtM0djOGCh9Jpn02LImcPHVz/view?usp=drivesdk
1IWvpuBAnqV5w_h53G11Y6uZv6lUi0jWh,YT-82174,YATO,Czesci_zamienne_YT-82174.pdf,YT-82174,True,True,drive-1IWvpuBAnqV5w_h53G11Y6uZv6lUi0jWh-YT-82174,https://drive.google.com/file/d/1IWvpuBAnqV5w_h53G11Y6uZv6lUi0jWh/preview,https://drive.google.com/file/d/1IWvpuBAnqV5w_h53G11Y6uZv6lUi0jWh/view?usp=drivesdk
1Jsl1kcyY2MOGHFLjZ7Z0EmVjmIAj4s91,YT-82175,YATO,Czesci_zamienne_YT-82175.pdf,YT-82175,True,True,drive-1Jsl1kcyY2MOGHFLjZ7Z0EmVjmIAj4s91-YT-82175,https://drive.google.com/file/d/1Jsl1kcyY2MOGHFLjZ7Z0EmVjmIAj4s91/preview,https://drive.google.com/file/d/1Jsl1kcyY2MOGHFLjZ7Z0EmVjmIAj4s91/view?usp=drivesdk
1uSWON2ikIiWlfAC6tD9b09SmQU4YPsKf,YT-82176,YATO,Czesci_zamienne_YT-82176.pdf,YT-82176,True,True,drive-1uSWON2ikIiWlfAC6tD9b09SmQU4YPsKf-YT-82176,https://drive.google.com/file/d/1uSWON2ikIiWlfAC6tD9b09SmQU4YPsKf/preview,https://drive.google.com/file/d/1uSWON2ikIiWlfAC6tD9b09SmQU4YPsKf/view?usp=drivesdk
1dteAGGD3b6xQSIziSEPP9dr6ltQdRYi1,YT-82181,YATO,Czesci_zamienne_YT-82181.pdf,YT-82181,True,True,drive-1dteAGGD3b6xQSIziSEPP9dr6ltQdRYi1-YT-82181,https://drive.google.com/file/d/1dteAGGD3b6xQSIziSEPP9dr6ltQdRYi1/preview,https://drive.google.com/file/d/1dteAGGD3b6xQSIziSEPP9dr6ltQdRYi1/view?usp=drivesdk
15eoPlqxyGy8SB6J8t0qwK94wjcZR_ReU,YT-82185,YATO,Czesci_zamienne_YT-82185.pdf,YT-82185,True,True,drive-15eoPlqxyGy8SB6J8t0qwK94wjcZR_ReU-YT-82185,https://drive.google.com/file/d/15eoPlqxyGy8SB6J8t0qwK94wjcZR_ReU/preview,https://drive.google.com/file/d/15eoPlqxyGy8SB6J8t0qwK94wjcZR_ReU/view?usp=drivesdk
1mFaztOeqORQ0l_sPwA_h9avFpXY-Tc3J,YT-82190,YATO,Czesci_zamienne_YT-82190.pdf,YT-82190,True,True,drive-1mFaztOeqORQ0l_sPwA_h9avFpXY-Tc3J-YT-82190,https://drive.google.com/file/d/1mFaztOeqORQ0l_sPwA_h9avFpXY-Tc3J/preview,https://drive.google.com/file/d/1mFaztOeqORQ0l_sPwA_h9avFpXY-Tc3J/view?usp=drivesdk
1UzqURBNCTPDoqSNZsr5hmC5nT90LaNN6,YT-821901,YATO,Czesci_zamienne_YT-821901.pdf,YT-821901,True,True,drive-1UzqURBNCTPDoqSNZsr5hmC5nT90LaNN6-YT-821901,https://drive.google.com/file/d/1UzqURBNCTPDoqSNZsr5hmC5nT90LaNN6/preview,https://drive.google.com/file/d/1UzqURBNCTPDoqSNZsr5hmC5nT90LaNN6/view?usp=drivesdk
14DWjkp6tlTajzR3gLcjYShxaQ-rc8OeB,YT-821905,YATO,Czesci_zamienne_YT-821905.pdf,YT-821905,True,True,drive-14DWjkp6tlTajzR3gLcjYShxaQ-rc8OeB-YT-821905,https://drive.google.com/file/d/14DWjkp6tlTajzR3gLcjYShxaQ-rc8OeB/preview,https://drive.google.com/file/d/14DWjkp6tlTajzR3gLcjYShxaQ-rc8OeB/view?usp=drivesdk
1PEJCHN0Po1GG6HHs90DYxh55jTc0B8hT,YT-82191,YATO,Czesci_zamienne_YT-82191.pdf,YT-82191,True,True,drive-1PEJCHN0Po1GG6HHs90DYxh55jTc0B8hT-YT-82191,https://drive.google.com/file/d/1PEJCHN0Po1GG6HHs90DYxh55jTc0B8hT/preview,https://drive.google.com/file/d/1PEJCHN0Po1GG6HHs90DYxh55jTc0B8hT/view?usp=drivesdk
1iSBMnCjEN9sUfbF_s4e_R-kBfZpnHTHV,YT-821915,YATO,Czesci_zamienne_YT-821915.pdf,YT-821915,True,True,drive-1iSBMnCjEN9sUfbF_s4e_R-kBfZpnHTHV-YT-821915,https://drive.google.com/file/d/1iSBMnCjEN9sUfbF_s4e_R-kBfZpnHTHV/preview,https://drive.google.com/file/d/1iSBMnCjEN9sUfbF_s4e_R-kBfZpnHTHV/view?usp=drivesdk
1izMBTQI1gIdaE-1PcL0BdzWDmf70g2fL,YT-821916,YATO,Czesci_zamienne_YT-821916.pdf,YT-821916,True,True,drive-1izMBTQI1gIdaE-1PcL0BdzWDmf70g2fL-YT-821916,https://drive.google.com/file/d/1izMBTQI1gIdaE-1PcL0BdzWDmf70g2fL/preview,https://drive.google.com/file/d/1izMBTQI1gIdaE-1PcL0BdzWDmf70g2fL/view?usp=drivesdk
1IRlPUFSIa2JcRDG5izvkzil3sQHgpwJH,YT-82192,YATO,Czesci_zamienne_YT-82192.pdf,YT-82192,True,True,drive-1IRlPUFSIa2JcRDG5izvkzil3sQHgpwJH-YT-82192,https://drive.google.com/file/d/1IRlPUFSIa2JcRDG5izvkzil3sQHgpwJH/preview,https://drive.google.com/file/d/1IRlPUFSIa2JcRDG5izvkzil3sQHgpwJH/view?usp=drivesdk
1PYT6rLTHex2a5a9AuYm8hIt1sxw1LgA5,YT-82194,YATO,Czesci_zamienne_YT-82194.pdf,YT-82194,True,True,drive-1PYT6rLTHex2a5a9AuYm8hIt1sxw1LgA5-YT-82194,https://drive.google.com/file/d/1PYT6rLTHex2a5a9AuYm8hIt1sxw1LgA5/preview,https://drive.google.com/file/d/1PYT6rLTHex2a5a9AuYm8hIt1sxw1LgA5/view?usp=drivesdk
1Mc46IytAfjtaZBy7rCVsWyAWVo2BoQo_,YT-82196,YATO,Czesci_zamienne_YT-82196.pdf,YT-82196,True,True,drive-1Mc46IytAfjtaZBy7rCVsWyAWVo2BoQo_-YT-82196,https://drive.google.com/file/d/1Mc46IytAfjtaZBy7rCVsWyAWVo2BoQo_/preview,https://drive.google.com/file/d/1Mc46IytAfjtaZBy7rCVsWyAWVo2BoQo_/view?usp=drivesdk
1QK2NoLMCYRxi3fTwAFbQKZoz1OF-KVxV,YT-82198,YATO,Czesci_zamienne_YT-82198.pdf,YT-82198,True,True,drive-1QK2NoLMCYRxi3fTwAFbQKZoz1OF-KVxV-YT-82198,https://drive.google.com/file/d/1QK2NoLMCYRxi3fTwAFbQKZoz1OF-KVxV/preview,https://drive.google.com/file/d/1QK2NoLMCYRxi3fTwAFbQKZoz1OF-KVxV/view?usp=drivesdk
14dAvlPBREVjJQbPU9xSElyI4opBOrC67,YT-82205,YATO,Czesci_zamienne_YT-82205.pdf,YT-82205,True,True,drive-14dAvlPBREVjJQbPU9xSElyI4opBOrC67-YT-82205,https://drive.google.com/file/d/14dAvlPBREVjJQbPU9xSElyI4opBOrC67/preview,https://drive.google.com/file/d/14dAvlPBREVjJQbPU9xSElyI4opBOrC67/view?usp=drivesdk
1CGc6ieQ8dEtv0WU7Q20geQoCIlrueRU-,YT-82206,YATO,Czesci_zamienne_YT-82206.pdf,YT-82206,True,True,drive-1CGc6ieQ8dEtv0WU7Q20geQoCIlrueRU--YT-82206,https://drive.google.com/file/d/1CGc6ieQ8dEtv0WU7Q20geQoCIlrueRU-/preview,https://drive.google.com/file/d/1CGc6ieQ8dEtv0WU7Q20geQoCIlrueRU-/view?usp=drivesdk
1jV2oVbzBi3ViTQeB_9gemgkFJ-eXN0m4,YT-82207,YATO,Czesci_zamienne_YT-82207.pdf,YT-82207,True,True,drive-1jV2oVbzBi3ViTQeB_9gemgkFJ-eXN0m4-YT-82207,https://drive.google.com/file/d/1jV2oVbzBi3ViTQeB_9gemgkFJ-eXN0m4/preview,https://drive.google.com/file/d/1jV2oVbzBi3ViTQeB_9gemgkFJ-eXN0m4/view?usp=drivesdk
11iFHd0rH5c7iUaEC8fiMwh445kimUvSP,YT-82208,YATO,Czesci_zamienne_YT-82208.pdf,YT-82208,True,True,drive-11iFHd0rH5c7iUaEC8fiMwh445kimUvSP-YT-82208,https://drive.google.com/file/d/11iFHd0rH5c7iUaEC8fiMwh445kimUvSP/preview,https://drive.google.com/file/d/11iFHd0rH5c7iUaEC8fiMwh445kimUvSP/view?usp=drivesdk
1foSWYj7IJ8QIujQHsIRUhJe7WsiYk4va,YT-822100,YATO,Czesci_zamienne_YT-822100.pdf,YT-822100,True,True,drive-1foSWYj7IJ8QIujQHsIRUhJe7WsiYk4va-YT-822100,https://drive.google.com/file/d/1foSWYj7IJ8QIujQHsIRUhJe7WsiYk4va/preview,https://drive.google.com/file/d/1foSWYj7IJ8QIujQHsIRUhJe7WsiYk4va/view?usp=drivesdk
1QsTYV0I1Gm2kj23SzIfV5oulrBxZ_-cL,YT-822103,YATO,Czesci_zamienne_YT-822103.pdf,YT-822103,True,True,drive-1QsTYV0I1Gm2kj23SzIfV5oulrBxZ_-cL-YT-822103,https://drive.google.com/file/d/1QsTYV0I1Gm2kj23SzIfV5oulrBxZ_-cL/preview,https://drive.google.com/file/d/1QsTYV0I1Gm2kj23SzIfV5oulrBxZ_-cL/view?usp=drivesdk
18HFdz4L0GO26CSnZzpjfpQIskrADykJt,YT-822107,YATO,Czesci_zamienne_YT-822107.pdf,YT-822107,True,True,drive-18HFdz4L0GO26CSnZzpjfpQIskrADykJt-YT-822107,https://drive.google.com/file/d/18HFdz4L0GO26CSnZzpjfpQIskrADykJt/preview,https://drive.google.com/file/d/18HFdz4L0GO26CSnZzpjfpQIskrADykJt/view?usp=drivesdk
14w2xnlOTA9uNSu7_6_DkGsC5H5-3MrN6,YT-822110,YATO,Czesci_zamienne_YT-822110.pdf,YT-822110,True,True,drive-14w2xnlOTA9uNSu7_6_DkGsC5H5-3MrN6-YT-822110,https://drive.google.com/file/d/14w2xnlOTA9uNSu7_6_DkGsC5H5-3MrN6/preview,https://drive.google.com/file/d/14w2xnlOTA9uNSu7_6_DkGsC5H5-3MrN6/view?usp=drivesdk
10aiYuebdOKpZ63bEIyAoT5xEiBrMe0O1,YT-822112,YATO,Czesci_zamienne_YT-822112.pdf,YT-822112,True,True,drive-10aiYuebdOKpZ63bEIyAoT5xEiBrMe0O1-YT-822112,https://drive.google.com/file/d/10aiYuebdOKpZ63bEIyAoT5xEiBrMe0O1/preview,https://drive.google.com/file/d/10aiYuebdOKpZ63bEIyAoT5xEiBrMe0O1/view?usp=drivesdk
1TzjQdUUT4gEEGwuGb_Sdp6Pdj4KHAFyc,YT-82220,YATO,Czesci_zamienne_YT-82220.pdf,YT-82220,True,True,drive-1TzjQdUUT4gEEGwuGb_Sdp6Pdj4KHAFyc-YT-82220,https://drive.google.com/file/d/1TzjQdUUT4gEEGwuGb_Sdp6Pdj4KHAFyc/preview,https://drive.google.com/file/d/1TzjQdUUT4gEEGwuGb_Sdp6Pdj4KHAFyc/view?usp=drivesdk
1a8JpvKlC4JPpCEUJR0UReRDF4KHbcGiJ,YT-82221,YATO,Czesci_zamienne_YT-82221.pdf,YT-82221,True,True,drive-1a8JpvKlC4JPpCEUJR0UReRDF4KHbcGiJ-YT-82221,https://drive.google.com/file/d/1a8JpvKlC4JPpCEUJR0UReRDF4KHbcGiJ/preview,https://drive.google.com/file/d/1a8JpvKlC4JPpCEUJR0UReRDF4KHbcGiJ/view?usp=drivesdk
1bHltSxW72G2E1KZCobBVFabJriGug4mY,YT-82223,YATO,Czesci_zamienne_YT-82223.pdf,YT-82223,True,True,drive-1bHltSxW72G2E1KZCobBVFabJriGug4mY-YT-82223,https://drive.google.com/file/d/1bHltSxW72G2E1KZCobBVFabJriGug4mY/preview,https://drive.google.com/file/d/1bHltSxW72G2E1KZCobBVFabJriGug4mY/view?usp=drivesdk
1Er5YsisfP7aETo-G_DttDBEPZ9HcZXVH,YT-82230,YATO,Czesci_zamienne_YT-82230.pdf,YT-82230,True,True,drive-1Er5YsisfP7aETo-G_DttDBEPZ9HcZXVH-YT-82230,https://drive.google.com/file/d/1Er5YsisfP7aETo-G_DttDBEPZ9HcZXVH/preview,https://drive.google.com/file/d/1Er5YsisfP7aETo-G_DttDBEPZ9HcZXVH/view?usp=drivesdk
1FgSc8XugxGVdhfJ5EUg0LhNWKA_KUl40,YT-82234,YATO,Czesci_zamienne_YT-82234.pdf,YT-82234,True,True,drive-1FgSc8XugxGVdhfJ5EUg0LhNWKA_KUl40-YT-82234,https://drive.google.com/file/d/1FgSc8XugxGVdhfJ5EUg0LhNWKA_KUl40/preview,https://drive.google.com/file/d/1FgSc8XugxGVdhfJ5EUg0LhNWKA_KUl40/view?usp=drivesdk
1fmLPahNTD5O_fWrntIh9IRojQz6w2SqF,YT-82240,YATO,Czesci_zamienne_YT-82240.pdf,YT-82240,True,True,drive-1fmLPahNTD5O_fWrntIh9IRojQz6w2SqF-YT-82240,https://drive.google.com/file/d/1fmLPahNTD5O_fWrntIh9IRojQz6w2SqF/preview,https://drive.google.com/file/d/1fmLPahNTD5O_fWrntIh9IRojQz6w2SqF/view?usp=drivesdk
1FdGDeiOOJCaVtJadaue2UhR65gTzQcA_,YT-82242,YATO,Czesci_zamienne_YT-82242.pdf,YT-82242,True,True,drive-1FdGDeiOOJCaVtJadaue2UhR65gTzQcA_-YT-82242,https://drive.google.com/file/d/1FdGDeiOOJCaVtJadaue2UhR65gTzQcA_/preview,https://drive.google.com/file/d/1FdGDeiOOJCaVtJadaue2UhR65gTzQcA_/view?usp=drivesdk
13nLr238acBsPrqZg6UyaywaQYB0dvD_0,YT-82250,YATO,Czesci_zamienne_YT-82250.pdf,YT-82250,True,True,drive-13nLr238acBsPrqZg6UyaywaQYB0dvD_0-YT-82250,https://drive.google.com/file/d/13nLr238acBsPrqZg6UyaywaQYB0dvD_0/preview,https://drive.google.com/file/d/13nLr238acBsPrqZg6UyaywaQYB0dvD_0/view?usp=drivesdk
1gTDefX6_XcIjXxXQfAhkr5o5otNkfzCp,YT-82251,YATO,Czesci_zamienne_YT-82251.pdf,YT-82251,True,True,drive-1gTDefX6_XcIjXxXQfAhkr5o5otNkfzCp-YT-82251,https://drive.google.com/file/d/1gTDefX6_XcIjXxXQfAhkr5o5otNkfzCp/preview,https://drive.google.com/file/d/1gTDefX6_XcIjXxXQfAhkr5o5otNkfzCp/view?usp=drivesdk
1qjxHBo-1EqzOCkO_BhTkERSoDS3LQr6H,YT-82265,YATO,Czesci_zamienne_YT-82265.pdf,YT-82265,True,True,drive-1qjxHBo-1EqzOCkO_BhTkERSoDS3LQr6H-YT-82265,https://drive.google.com/file/d/1qjxHBo-1EqzOCkO_BhTkERSoDS3LQr6H/preview,https://drive.google.com/file/d/1qjxHBo-1EqzOCkO_BhTkERSoDS3LQr6H/view?usp=drivesdk
1MO35OQy261Kftsu_nB1vdm44P50QAFn7,YT-82267,YATO,Czesci_zamienne_YT-82267.pdf,YT-82267,True,True,drive-1MO35OQy261Kftsu_nB1vdm44P50QAFn7-YT-82267,https://drive.google.com/file/d/1MO35OQy261Kftsu_nB1vdm44P50QAFn7/preview,https://drive.google.com/file/d/1MO35OQy261Kftsu_nB1vdm44P50QAFn7/view?usp=drivesdk
1rNNl3LQGL9PJ5R3eNBIYH9jKZcAzT0-d,YT-82273,YATO,Czesci_zamienne_YT-82273.pdf,YT-82273,True,True,drive-1rNNl3LQGL9PJ5R3eNBIYH9jKZcAzT0-d-YT-82273,https://drive.google.com/file/d/1rNNl3LQGL9PJ5R3eNBIYH9jKZcAzT0-d/preview,https://drive.google.com/file/d/1rNNl3LQGL9PJ5R3eNBIYH9jKZcAzT0-d/view?usp=drivesdk
1B1h69IB7vV3HRtV0In-3JzJssalQEjPV,YT-82274,YATO,Czesci_zamienne_YT-82274.pdf,YT-82274,True,True,drive-1B1h69IB7vV3HRtV0In-3JzJssalQEjPV-YT-82274,https://drive.google.com/file/d/1B1h69IB7vV3HRtV0In-3JzJssalQEjPV/preview,https://drive.google.com/file/d/1B1h69IB7vV3HRtV0In-3JzJssalQEjPV/view?usp=drivesdk
1tJbQlMvcAiveGph9VZ4Gf7e_gWdoxsc7,YT-82280,YATO,Czesci_zamienne_YT-82280.pdf,YT-82280,True,True,drive-1tJbQlMvcAiveGph9VZ4Gf7e_gWdoxsc7-YT-82280,https://drive.google.com/file/d/1tJbQlMvcAiveGph9VZ4Gf7e_gWdoxsc7/preview,https://drive.google.com/file/d/1tJbQlMvcAiveGph9VZ4Gf7e_gWdoxsc7/view?usp=drivesdk
16ug598we60VAl1M3eL5f43PnRKi9XTWQ,YT-82281,YATO,Czesci_zamienne_YT-82281.pdf,YT-82281,True,True,drive-16ug598we60VAl1M3eL5f43PnRKi9XTWQ-YT-82281,https://drive.google.com/file/d/16ug598we60VAl1M3eL5f43PnRKi9XTWQ/preview,https://drive.google.com/file/d/16ug598we60VAl1M3eL5f43PnRKi9XTWQ/view?usp=drivesdk
1kYPdjcX6QCDb7YsCQJ1BndRJzo-tt3Ht,YT-82282,YATO,Czesci_zamienne_YT-82282.pdf,YT-82282,True,True,drive-1kYPdjcX6QCDb7YsCQJ1BndRJzo-tt3Ht-YT-82282,https://drive.google.com/file/d/1kYPdjcX6QCDb7YsCQJ1BndRJzo-tt3Ht/preview,https://drive.google.com/file/d/1kYPdjcX6QCDb7YsCQJ1BndRJzo-tt3Ht/view?usp=drivesdk
1zzqVqbdg6WHy5MHprR5lLkALwVtyZ-8b,YT-82284,YATO,Czesci_zamienne_YT-82284.pdf,YT-82284,True,True,drive-1zzqVqbdg6WHy5MHprR5lLkALwVtyZ-8b-YT-82284,https://drive.google.com/file/d/1zzqVqbdg6WHy5MHprR5lLkALwVtyZ-8b/preview,https://drive.google.com/file/d/1zzqVqbdg6WHy5MHprR5lLkALwVtyZ-8b/view?usp=drivesdk
1R8r0aqlFFPJP6Mg-QeH38CPk0S8eBmhd,YT-82288,YATO,Czesci_zamienne_YT-82288.pdf,YT-82288,True,True,drive-1R8r0aqlFFPJP6Mg-QeH38CPk0S8eBmhd-YT-82288,https://drive.google.com/file/d/1R8r0aqlFFPJP6Mg-QeH38CPk0S8eBmhd/preview,https://drive.google.com/file/d/1R8r0aqlFFPJP6Mg-QeH38CPk0S8eBmhd/view?usp=drivesdk
1bs48LB3MMXUQwBY4cu_PlIV-MIrEhOvf,YT-82291,YATO,Czesci_zamienne_YT-82291.pdf,YT-82291,True,True,drive-1bs48LB3MMXUQwBY4cu_PlIV-MIrEhOvf-YT-82291,https://drive.google.com/file/d/1bs48LB3MMXUQwBY4cu_PlIV-MIrEhOvf/preview,https://drive.google.com/file/d/1bs48LB3MMXUQwBY4cu_PlIV-MIrEhOvf/view?usp=drivesdk
1eDbemaH9-CxClUvAFILwB1n9b2T-2msM,YT-82292,YATO,Czesci_zamienne_YT-82292.pdf,YT-82292,True,True,drive-1eDbemaH9-CxClUvAFILwB1n9b2T-2msM-YT-82292,https://drive.google.com/file/d/1eDbemaH9-CxClUvAFILwB1n9b2T-2msM/preview,https://drive.google.com/file/d/1eDbemaH9-CxClUvAFILwB1n9b2T-2msM/view?usp=drivesdk
1K7cVRzNFLjbWnDsxrgiueaZsTr8lo9-j,YT-82293,YATO,Czesci_zamienne_YT-82293.pdf,YT-82293,True,True,drive-1K7cVRzNFLjbWnDsxrgiueaZsTr8lo9-j-YT-82293,https://drive.google.com/file/d/1K7cVRzNFLjbWnDsxrgiueaZsTr8lo9-j/preview,https://drive.google.com/file/d/1K7cVRzNFLjbWnDsxrgiueaZsTr8lo9-j/view?usp=drivesdk
1usdCmG9pv9Q_8x9YMXtw3oRDv17NOyVw,YT-82294,YATO,Czesci_zamienne_YT-82294.pdf,YT-82294,True,True,drive-1usdCmG9pv9Q_8x9YMXtw3oRDv17NOyVw-YT-82294,https://drive.google.com/file/d/1usdCmG9pv9Q_8x9YMXtw3oRDv17NOyVw/preview,https://drive.google.com/file/d/1usdCmG9pv9Q_8x9YMXtw3oRDv17NOyVw/view?usp=drivesdk
1vP1bSys5JcEOSIfYAixPwtBE1hnnlaTD,YT-82295,YATO,Czesci_zamienne_YT-82295.pdf,YT-82295,True,True,drive-1vP1bSys5JcEOSIfYAixPwtBE1hnnlaTD-YT-82295,https://drive.google.com/file/d/1vP1bSys5JcEOSIfYAixPwtBE1hnnlaTD/preview,https://drive.google.com/file/d/1vP1bSys5JcEOSIfYAixPwtBE1hnnlaTD/view?usp=drivesdk
10xf-uES1WWgDD23oxClSIwHsl5oIlsg_,YT-82296,YATO,Czesci_zamienne_YT-82296.pdf,YT-82296,True,True,drive-10xf-uES1WWgDD23oxClSIwHsl5oIlsg_-YT-82296,https://drive.google.com/file/d/10xf-uES1WWgDD23oxClSIwHsl5oIlsg_/preview,https://drive.google.com/file/d/10xf-uES1WWgDD23oxClSIwHsl5oIlsg_/view?usp=drivesdk
1UuVCLCwFHKzvt_iWqUvwz60YUTum_Xbl,YT-82297,YATO,Czesci_zamienne_YT-82297.pdf,YT-82297,True,True,drive-1UuVCLCwFHKzvt_iWqUvwz60YUTum_Xbl-YT-82297,https://drive.google.com/file/d/1UuVCLCwFHKzvt_iWqUvwz60YUTum_Xbl/preview,https://drive.google.com/file/d/1UuVCLCwFHKzvt_iWqUvwz60YUTum_Xbl/view?usp=drivesdk
1MUgyCKV4N8FcHJGguAw6oPAoWOZTRP6d,YT-82330,YATO,Czesci_zamienne_YT-82330.pdf,YT-82330,True,True,drive-1MUgyCKV4N8FcHJGguAw6oPAoWOZTRP6d-YT-82330,https://drive.google.com/file/d/1MUgyCKV4N8FcHJGguAw6oPAoWOZTRP6d/preview,https://drive.google.com/file/d/1MUgyCKV4N8FcHJGguAw6oPAoWOZTRP6d/view?usp=drivesdk
1egD6bqQhFE6nrnV3d1n9CbnIJUPDMMM0,YT-82340,YATO,Czesci_zamienne_YT-82340.pdf,YT-82340,True,True,drive-1egD6bqQhFE6nrnV3d1n9CbnIJUPDMMM0-YT-82340,https://drive.google.com/file/d/1egD6bqQhFE6nrnV3d1n9CbnIJUPDMMM0/preview,https://drive.google.com/file/d/1egD6bqQhFE6nrnV3d1n9CbnIJUPDMMM0/view?usp=drivesdk
1prZfVQUOyiew2UYbP2j_BpvUGRJm6f_f,YT-82341,YATO,Czesci_zamienne_YT-82341.pdf,YT-82341,True,True,drive-1prZfVQUOyiew2UYbP2j_BpvUGRJm6f_f-YT-82341,https://drive.google.com/file/d/1prZfVQUOyiew2UYbP2j_BpvUGRJm6f_f/preview,https://drive.google.com/file/d/1prZfVQUOyiew2UYbP2j_BpvUGRJm6f_f/view?usp=drivesdk
1mA9xWVnAUO99ULCX5SN6t95dNiObRRFU,YT-82342,YATO,Czesci_zamienne_YT-82342.pdf,YT-82342,True,True,drive-1mA9xWVnAUO99ULCX5SN6t95dNiObRRFU-YT-82342,https://drive.google.com/file/d/1mA9xWVnAUO99ULCX5SN6t95dNiObRRFU/preview,https://drive.google.com/file/d/1mA9xWVnAUO99ULCX5SN6t95dNiObRRFU/view?usp=drivesdk
1m5df0dqG4sHsRqRyfGm182EK_CPXGKlm,YT-82350,YATO,Czesci_zamienne_YT-82350.pdf,YT-82350,True,True,drive-1m5df0dqG4sHsRqRyfGm182EK_CPXGKlm-YT-82350,https://drive.google.com/file/d/1m5df0dqG4sHsRqRyfGm182EK_CPXGKlm/preview,https://drive.google.com/file/d/1m5df0dqG4sHsRqRyfGm182EK_CPXGKlm/view?usp=drivesdk
1tTopkvF7z7pgzeWoWUbKURNASSdqL4mW,YT-82356,YATO,Czesci_zamienne_YT-82356.pdf,YT-82356,True,True,drive-1tTopkvF7z7pgzeWoWUbKURNASSdqL4mW-YT-82356,https://drive.google.com/file/d/1tTopkvF7z7pgzeWoWUbKURNASSdqL4mW/preview,https://drive.google.com/file/d/1tTopkvF7z7pgzeWoWUbKURNASSdqL4mW/view?usp=drivesdk
1fQhWjrzzKHUFuCTthDD63vpcJMtf8QZ-,YT-82375,YATO,Czesci_zamienne_YT-82375.pdf,YT-82375,True,True,drive-1fQhWjrzzKHUFuCTthDD63vpcJMtf8QZ--YT-82375,https://drive.google.com/file/d/1fQhWjrzzKHUFuCTthDD63vpcJMtf8QZ-/preview,https://drive.google.com/file/d/1fQhWjrzzKHUFuCTthDD63vpcJMtf8QZ-/view?usp=drivesdk
1q9FP529_0-EJMp0MZCnCgHpyMOIGehPa,YT-82380,YATO,Czesci_zamienne_YT-82380.pdf,YT-82380,True,True,drive-1q9FP529_0-EJMp0MZCnCgHpyMOIGehPa-YT-82380,https://drive.google.com/file/d/1q9FP529_0-EJMp0MZCnCgHpyMOIGehPa/preview,https://drive.google.com/file/d/1q9FP529_0-EJMp0MZCnCgHpyMOIGehPa/view?usp=drivesdk
1bD3AF8uArnLmZ3KTY0JlJY83Zp6W0a9V,YT-82385,YATO,Czesci_zamienne_YT-82385.pdf,YT-82385,True,True,drive-1bD3AF8uArnLmZ3KTY0JlJY83Zp6W0a9V-YT-82385,https://drive.google.com/file/d/1bD3AF8uArnLmZ3KTY0JlJY83Zp6W0a9V/preview,https://drive.google.com/file/d/1bD3AF8uArnLmZ3KTY0JlJY83Zp6W0a9V/view?usp=drivesdk
14SXTxOvxXRGQSfCeRnqwIEBkKNgr4PzK,YT-82389,YATO,Czesci_zamienne_YT-82389.pdf,YT-82389,True,True,drive-14SXTxOvxXRGQSfCeRnqwIEBkKNgr4PzK-YT-82389,https://drive.google.com/file/d/14SXTxOvxXRGQSfCeRnqwIEBkKNgr4PzK/preview,https://drive.google.com/file/d/14SXTxOvxXRGQSfCeRnqwIEBkKNgr4PzK/view?usp=drivesdk
1_nQI5hw6JVdA0GyOKOQkGbg4C7s8558H,YT-82390,YATO,Czesci_zamienne_YT-82390.pdf,YT-82390,True,True,drive-1_nQI5hw6JVdA0GyOKOQkGbg4C7s8558H-YT-82390,https://drive.google.com/file/d/1_nQI5hw6JVdA0GyOKOQkGbg4C7s8558H/preview,https://drive.google.com/file/d/1_nQI5hw6JVdA0GyOKOQkGbg4C7s8558H/view?usp=drivesdk
1bnuAa1sWu6FoJGwJe7Ry0dG5QyfV9JXp,YT-82395,YATO,Czesci_zamienne_YT-82395.pdf,YT-82395,True,True,drive-1bnuAa1sWu6FoJGwJe7Ry0dG5QyfV9JXp-YT-82395,https://drive.google.com/file/d/1bnuAa1sWu6FoJGwJe7Ry0dG5QyfV9JXp/preview,https://drive.google.com/file/d/1bnuAa1sWu6FoJGwJe7Ry0dG5QyfV9JXp/view?usp=drivesdk
1PFkcq57wuMNvqQ9OW_yFHboX73ZvYteK,YT-82398,YATO,Czesci_zamienne_YT-82398 YT-82399.pdf,YT-82398 YT-82399,False,True,drive-1PFkcq57wuMNvqQ9OW_yFHboX73ZvYteK-YT-82398,https://drive.google.com/file/d/1PFkcq57wuMNvqQ9OW_yFHboX73ZvYteK/preview,https://drive.google.com/file/d/1PFkcq57wuMNvqQ9OW_yFHboX73ZvYteK/view?usp=drivesdk
1PFkcq57wuMNvqQ9OW_yFHboX73ZvYteK,YT-82399,YATO,Czesci_zamienne_YT-82398 YT-82399.pdf,YT-82399 — YT-82398 YT-82399,False,True,drive-1PFkcq57wuMNvqQ9OW_yFHboX73ZvYteK-YT-82399,https://drive.google.com/file/d/1PFkcq57wuMNvqQ9OW_yFHboX73ZvYteK/preview,https://drive.google.com/file/d/1PFkcq57wuMNvqQ9OW_yFHboX73ZvYteK/view?usp=drivesdk
14JmAqKukoe6L4Ru9gKI793_xXEsm_sNc,YT-824480,YATO,Czesci_zamienne_YT-824480.pdf,YT-824480,True,True,drive-14JmAqKukoe6L4Ru9gKI793_xXEsm_sNc-YT-824480,https://drive.google.com/file/d/14JmAqKukoe6L4Ru9gKI793_xXEsm_sNc/preview,https://drive.google.com/file/d/14JmAqKukoe6L4Ru9gKI793_xXEsm_sNc/view?usp=drivesdk
1bBWaXPoWFnES1wZ2GKAtuPAq2rWGZc8_,YT-824482,YATO,Czesci_zamienne_YT-824482.pdf,YT-824482,True,True,drive-1bBWaXPoWFnES1wZ2GKAtuPAq2rWGZc8_-YT-824482,https://drive.google.com/file/d/1bBWaXPoWFnES1wZ2GKAtuPAq2rWGZc8_/preview,https://drive.google.com/file/d/1bBWaXPoWFnES1wZ2GKAtuPAq2rWGZc8_/view?usp=drivesdk
1LR1Ta6cOlTwomNU6jTJQV6x3wmHaBF-A,YT-824485,YATO,Czesci_zamienne_YT-824485.pdf,YT-824485,True,True,drive-1LR1Ta6cOlTwomNU6jTJQV6x3wmHaBF-A-YT-824485,https://drive.google.com/file/d/1LR1Ta6cOlTwomNU6jTJQV6x3wmHaBF-A/preview,https://drive.google.com/file/d/1LR1Ta6cOlTwomNU6jTJQV6x3wmHaBF-A/view?usp=drivesdk
1JggNuuvhbPYTkjSgD29QycWEmzS4KyME,YT-8245,YATO,Czesci_zamienne_YT-8245.pdf,YT-8245,True,True,drive-1JggNuuvhbPYTkjSgD29QycWEmzS4KyME-YT-8245,https://drive.google.com/file/d/1JggNuuvhbPYTkjSgD29QycWEmzS4KyME/preview,https://drive.google.com/file/d/1JggNuuvhbPYTkjSgD29QycWEmzS4KyME/view?usp=drivesdk
1aGSIH1Lk-36MlLbstUDBCc_S6QrJwzlg,YT-82455,YATO,Czesci_zamienne_YT-82455.pdf,YT-82455,True,True,drive-1aGSIH1Lk-36MlLbstUDBCc_S6QrJwzlg-YT-82455,https://drive.google.com/file/d/1aGSIH1Lk-36MlLbstUDBCc_S6QrJwzlg/preview,https://drive.google.com/file/d/1aGSIH1Lk-36MlLbstUDBCc_S6QrJwzlg/view?usp=drivesdk
1BNQLMULvrm48ZIG-DySvHU50YbHDESZh,YT-82456,YATO,Czesci_zamienne_YT-82456.pdf,YT-82456,True,True,drive-1BNQLMULvrm48ZIG-DySvHU50YbHDESZh-YT-82456,https://drive.google.com/file/d/1BNQLMULvrm48ZIG-DySvHU50YbHDESZh/preview,https://drive.google.com/file/d/1BNQLMULvrm48ZIG-DySvHU50YbHDESZh/view?usp=drivesdk
1WyD6wsigJpzouq7uHBTPHHLMvplblZDm,YT-82457,YATO,Czesci_zamienne_YT-82457.pdf,YT-82457,True,True,drive-1WyD6wsigJpzouq7uHBTPHHLMvplblZDm-YT-82457,https://drive.google.com/file/d/1WyD6wsigJpzouq7uHBTPHHLMvplblZDm/preview,https://drive.google.com/file/d/1WyD6wsigJpzouq7uHBTPHHLMvplblZDm/view?usp=drivesdk
1NCt7kP7pG8FoBSAyaAK_DU2iZK1Sqcbu,YT-82458,YATO,Czesci_zamienne_YT-82458.pdf,YT-82458,True,True,drive-1NCt7kP7pG8FoBSAyaAK_DU2iZK1Sqcbu-YT-82458,https://drive.google.com/file/d/1NCt7kP7pG8FoBSAyaAK_DU2iZK1Sqcbu/preview,https://drive.google.com/file/d/1NCt7kP7pG8FoBSAyaAK_DU2iZK1Sqcbu/view?usp=drivesdk
11Ni0WjI_0RXmLjVw_H3Sh1P9IKzD-st7,YT-82459,YATO,Czesci_zamienne_YT-82459.pdf,YT-82459,True,True,drive-11Ni0WjI_0RXmLjVw_H3Sh1P9IKzD-st7-YT-82459,https://drive.google.com/file/d/11Ni0WjI_0RXmLjVw_H3Sh1P9IKzD-st7/preview,https://drive.google.com/file/d/11Ni0WjI_0RXmLjVw_H3Sh1P9IKzD-st7/view?usp=drivesdk
1R6rQemuDtR8tf-hX0vugvQF3hsSkwLXd,YT-82461,YATO,Czesci_zamienne_YT-82461.pdf,YT-82461,True,True,drive-1R6rQemuDtR8tf-hX0vugvQF3hsSkwLXd-YT-82461,https://drive.google.com/file/d/1R6rQemuDtR8tf-hX0vugvQF3hsSkwLXd/preview,https://drive.google.com/file/d/1R6rQemuDtR8tf-hX0vugvQF3hsSkwLXd/view?usp=drivesdk
1DQBo34kBmy3i18rErPsUA76TYv4zAp7f,YT-82462,YATO,Czesci_zamienne_YT-82462.pdf,YT-82462,True,True,drive-1DQBo34kBmy3i18rErPsUA76TYv4zAp7f-YT-82462,https://drive.google.com/file/d/1DQBo34kBmy3i18rErPsUA76TYv4zAp7f/preview,https://drive.google.com/file/d/1DQBo34kBmy3i18rErPsUA76TYv4zAp7f/view?usp=drivesdk
1UbeXOVGkIi-RC_LEZK3D8RbKnoQQxePj,YT-82550,YATO,Czesci_zamienne_YT-82550.pdf,YT-82550,True,True,drive-1UbeXOVGkIi-RC_LEZK3D8RbKnoQQxePj-YT-82550,https://drive.google.com/file/d/1UbeXOVGkIi-RC_LEZK3D8RbKnoQQxePj/preview,https://drive.google.com/file/d/1UbeXOVGkIi-RC_LEZK3D8RbKnoQQxePj/view?usp=drivesdk
1qq4HdFemgKQ5-wLQDT89K7G0MFZQh34R,YT-82553,YATO,Czesci_zamienne_YT-82553.pdf,YT-82553,True,True,drive-1qq4HdFemgKQ5-wLQDT89K7G0MFZQh34R-YT-82553,https://drive.google.com/file/d/1qq4HdFemgKQ5-wLQDT89K7G0MFZQh34R/preview,https://drive.google.com/file/d/1qq4HdFemgKQ5-wLQDT89K7G0MFZQh34R/view?usp=drivesdk
1asooiVMoym68aGslvcUTdpJhATGjp_zV,YT-82560,YATO,Czesci_zamienne_YT-82560.pdf,YT-82560,True,True,drive-1asooiVMoym68aGslvcUTdpJhATGjp_zV-YT-82560,https://drive.google.com/file/d/1asooiVMoym68aGslvcUTdpJhATGjp_zV/preview,https://drive.google.com/file/d/1asooiVMoym68aGslvcUTdpJhATGjp_zV/view?usp=drivesdk
1AxU-tKugeTH9Qxp0i6_EBdh6WiAgc-WN,YT-82600,YATO,Czesci_zamienne_YT-82600.pdf,YT-82600,True,True,drive-1AxU-tKugeTH9Qxp0i6_EBdh6WiAgc-WN-YT-82600,https://drive.google.com/file/d/1AxU-tKugeTH9Qxp0i6_EBdh6WiAgc-WN/preview,https://drive.google.com/file/d/1AxU-tKugeTH9Qxp0i6_EBdh6WiAgc-WN/view?usp=drivesdk
1kXe-P_AvJycmVryOOROXcuN9gUweezpN,YT-82601,YATO,Czesci_zamienne_YT-82601.pdf,YT-82601,True,True,drive-1kXe-P_AvJycmVryOOROXcuN9gUweezpN-YT-82601,https://drive.google.com/file/d/1kXe-P_AvJycmVryOOROXcuN9gUweezpN/preview,https://drive.google.com/file/d/1kXe-P_AvJycmVryOOROXcuN9gUweezpN/view?usp=drivesdk
1RWXr0H-i9kJ7LjoZ_TwlxH6Ssh0S_nXa,YT-82604,YATO,Czesci_zamienne_YT-82604.pdf,YT-82604,True,True,drive-1RWXr0H-i9kJ7LjoZ_TwlxH6Ssh0S_nXa-YT-82604,https://drive.google.com/file/d/1RWXr0H-i9kJ7LjoZ_TwlxH6Ssh0S_nXa/preview,https://drive.google.com/file/d/1RWXr0H-i9kJ7LjoZ_TwlxH6Ssh0S_nXa/view?usp=drivesdk
1Sh-1UrBnRVyFnhkNwy8VFXWtpBUtUPLa,YT-82605,YATO,Czesci_zamienne_YT-82605.pdf,YT-82605,True,True,drive-1Sh-1UrBnRVyFnhkNwy8VFXWtpBUtUPLa-YT-82605,https://drive.google.com/file/d/1Sh-1UrBnRVyFnhkNwy8VFXWtpBUtUPLa/preview,https://drive.google.com/file/d/1Sh-1UrBnRVyFnhkNwy8VFXWtpBUtUPLa/view?usp=drivesdk
1D2k5SkuJ4vIt3UEBOhiXezc9-1iggsvU,YT-82606,YATO,Czesci_zamienne_YT-82606.pdf,YT-82606,True,True,drive-1D2k5SkuJ4vIt3UEBOhiXezc9-1iggsvU-YT-82606,https://drive.google.com/file/d/1D2k5SkuJ4vIt3UEBOhiXezc9-1iggsvU/preview,https://drive.google.com/file/d/1D2k5SkuJ4vIt3UEBOhiXezc9-1iggsvU/view?usp=drivesdk
14JmXkN_lATvyBcYKA2RSPNnYRguD9cXx,YT-82607,YATO,Czesci_zamienne_YT-82607.pdf,YT-82607,True,True,drive-14JmXkN_lATvyBcYKA2RSPNnYRguD9cXx-YT-82607,https://drive.google.com/file/d/14JmXkN_lATvyBcYKA2RSPNnYRguD9cXx/preview,https://drive.google.com/file/d/14JmXkN_lATvyBcYKA2RSPNnYRguD9cXx/view?usp=drivesdk
1c15hjEeT7t-0W9G1lVQu0qQJ9JCcB-59,YT-82608,YATO,Czesci_zamienne_YT-82608.pdf,YT-82608,True,True,drive-1c15hjEeT7t-0W9G1lVQu0qQJ9JCcB-59-YT-82608,https://drive.google.com/file/d/1c15hjEeT7t-0W9G1lVQu0qQJ9JCcB-59/preview,https://drive.google.com/file/d/1c15hjEeT7t-0W9G1lVQu0qQJ9JCcB-59/view?usp=drivesdk
1mBGAD3A6IAzuBjIqTL9MSGRD5O4rfl_D,YT-82609,YATO,Czesci_zamienne_YT-82609.pdf,YT-82609,True,True,drive-1mBGAD3A6IAzuBjIqTL9MSGRD5O4rfl_D-YT-82609,https://drive.google.com/file/d/1mBGAD3A6IAzuBjIqTL9MSGRD5O4rfl_D/preview,https://drive.google.com/file/d/1mBGAD3A6IAzuBjIqTL9MSGRD5O4rfl_D/view?usp=drivesdk
1F9NIcQxPmDR6VyoJ41MicRYNk9oqqir8,YT-8271,YATO,Czesci_zamienne_YT-8271.pdf,YT-8271,True,True,drive-1F9NIcQxPmDR6VyoJ41MicRYNk9oqqir8-YT-8271,https://drive.google.com/file/d/1F9NIcQxPmDR6VyoJ41MicRYNk9oqqir8/preview,https://drive.google.com/file/d/1F9NIcQxPmDR6VyoJ41MicRYNk9oqqir8/view?usp=drivesdk
1G64ebSOfXulAQkhb4E6AynhGR5hyDeZm,YT-8272,YATO,Czesci_zamienne_YT-8272.pdf,YT-8272,True,True,drive-1G64ebSOfXulAQkhb4E6AynhGR5hyDeZm-YT-8272,https://drive.google.com/file/d/1G64ebSOfXulAQkhb4E6AynhGR5hyDeZm/preview,https://drive.google.com/file/d/1G64ebSOfXulAQkhb4E6AynhGR5hyDeZm/view?usp=drivesdk
1KMDxaAnDs7Lqn1Sdf1WFbHN2S-y8tABJ,YT-8273,YATO,Czesci_zamienne_YT-8273.pdf,YT-8273,True,True,drive-1KMDxaAnDs7Lqn1Sdf1WFbHN2S-y8tABJ-YT-8273,https://drive.google.com/file/d/1KMDxaAnDs7Lqn1Sdf1WFbHN2S-y8tABJ/preview,https://drive.google.com/file/d/1KMDxaAnDs7Lqn1Sdf1WFbHN2S-y8tABJ/view?usp=drivesdk
17s9QQkYVa44zuY8JIJfnimecRvLUNIK0,YT-827533,YATO,Czesci_zamienne_YT-827533.pdf,YT-827533,True,True,drive-17s9QQkYVa44zuY8JIJfnimecRvLUNIK0-YT-827533,https://drive.google.com/file/d/17s9QQkYVa44zuY8JIJfnimecRvLUNIK0/preview,https://drive.google.com/file/d/17s9QQkYVa44zuY8JIJfnimecRvLUNIK0/view?usp=drivesdk
1teSYk6iBJZEt5Z4iflDx619lZQyzGD42,YT-82760,YATO,Czesci_zamienne_YT-82760.pdf,YT-82760,True,True,drive-1teSYk6iBJZEt5Z4iflDx619lZQyzGD42-YT-82760,https://drive.google.com/file/d/1teSYk6iBJZEt5Z4iflDx619lZQyzGD42/preview,https://drive.google.com/file/d/1teSYk6iBJZEt5Z4iflDx619lZQyzGD42/view?usp=drivesdk
1WHbN_fv1lF1Qm1GEbG0ij3T26MSay-Lb,YT-82763,YATO,Czesci_zamienne_YT-82763.pdf,YT-82763,True,True,drive-1WHbN_fv1lF1Qm1GEbG0ij3T26MSay-Lb-YT-82763,https://drive.google.com/file/d/1WHbN_fv1lF1Qm1GEbG0ij3T26MSay-Lb/preview,https://drive.google.com/file/d/1WHbN_fv1lF1Qm1GEbG0ij3T26MSay-Lb/view?usp=drivesdk
16LbkIEgrwwn6ek_wADWxYrDid0pRpcbH,YT-82765,YATO,Czesci_zamienne_YT-82765.pdf,YT-82765,True,True,drive-16LbkIEgrwwn6ek_wADWxYrDid0pRpcbH-YT-82765,https://drive.google.com/file/d/16LbkIEgrwwn6ek_wADWxYrDid0pRpcbH/preview,https://drive.google.com/file/d/16LbkIEgrwwn6ek_wADWxYrDid0pRpcbH/view?usp=drivesdk
11J61dLNQUJVuBEkI8krPK-NPo93vRmIp,YT-82767,YATO,Czesci_zamienne_YT-82767.pdf,YT-82767,True,True,drive-11J61dLNQUJVuBEkI8krPK-NPo93vRmIp-YT-82767,https://drive.google.com/file/d/11J61dLNQUJVuBEkI8krPK-NPo93vRmIp/preview,https://drive.google.com/file/d/11J61dLNQUJVuBEkI8krPK-NPo93vRmIp/view?usp=drivesdk
1onRGSADiwM4o7s8HE5DsuaUSG7bhTVab,YT-82770,YATO,Czesci_zamienne_YT-82770.pdf,YT-82770,True,True,drive-1onRGSADiwM4o7s8HE5DsuaUSG7bhTVab-YT-82770,https://drive.google.com/file/d/1onRGSADiwM4o7s8HE5DsuaUSG7bhTVab/preview,https://drive.google.com/file/d/1onRGSADiwM4o7s8HE5DsuaUSG7bhTVab/view?usp=drivesdk
1P67XFuci8Sqt5SoH5MKt80r0rj7dM1wB,YT-82772,YATO,Czesci_zamienne_YT-82772.pdf,YT-82772,True,True,drive-1P67XFuci8Sqt5SoH5MKt80r0rj7dM1wB-YT-82772,https://drive.google.com/file/d/1P67XFuci8Sqt5SoH5MKt80r0rj7dM1wB/preview,https://drive.google.com/file/d/1P67XFuci8Sqt5SoH5MKt80r0rj7dM1wB/view?usp=drivesdk
1iBWqA1oSPCEFYIKJemHNRWzZIRobMqAm,YT-827721,YATO,Czesci_zamienne_YT-827721.pdf,YT-827721,True,True,drive-1iBWqA1oSPCEFYIKJemHNRWzZIRobMqAm-YT-827721,https://drive.google.com/file/d/1iBWqA1oSPCEFYIKJemHNRWzZIRobMqAm/preview,https://drive.google.com/file/d/1iBWqA1oSPCEFYIKJemHNRWzZIRobMqAm/view?usp=drivesdk
10COoep5_WXbz2P3pMv1CzIct09aiypwc,YT-827722,YATO,Czesci_zamienne_YT-827722.pdf,YT-827722,True,True,drive-10COoep5_WXbz2P3pMv1CzIct09aiypwc-YT-827722,https://drive.google.com/file/d/10COoep5_WXbz2P3pMv1CzIct09aiypwc/preview,https://drive.google.com/file/d/10COoep5_WXbz2P3pMv1CzIct09aiypwc/view?usp=drivesdk
1lvts_fclxKHgsgNYYeweDdE8tccpaSWK,YT-827723,YATO,Czesci_zamienne_YT-827723.pdf,YT-827723,True,True,drive-1lvts_fclxKHgsgNYYeweDdE8tccpaSWK-YT-827723,https://drive.google.com/file/d/1lvts_fclxKHgsgNYYeweDdE8tccpaSWK/preview,https://drive.google.com/file/d/1lvts_fclxKHgsgNYYeweDdE8tccpaSWK/view?usp=drivesdk
11dYjd_1vL2TXQ4iiD3n9vb5vFhrumsn3,YT-827788,YATO,Czesci_zamienne_YT-827788.pdf,YT-827788,True,True,drive-11dYjd_1vL2TXQ4iiD3n9vb5vFhrumsn3-YT-827788,https://drive.google.com/file/d/11dYjd_1vL2TXQ4iiD3n9vb5vFhrumsn3/preview,https://drive.google.com/file/d/11dYjd_1vL2TXQ4iiD3n9vb5vFhrumsn3/view?usp=drivesdk
1VO5rC8-hqBsCNOs_mNZs91YRrhMcRuN0,YT-827790,YATO,Czesci_zamienne_YT-827790.pdf,YT-827790,True,True,drive-1VO5rC8-hqBsCNOs_mNZs91YRrhMcRuN0-YT-827790,https://drive.google.com/file/d/1VO5rC8-hqBsCNOs_mNZs91YRrhMcRuN0/preview,https://drive.google.com/file/d/1VO5rC8-hqBsCNOs_mNZs91YRrhMcRuN0/view?usp=drivesdk
1GHHmBftW1jSgxZF6OVydFL3R0yS5YpRg,YT-8277905,YATO,Czesci_zamienne_YT-8277905.pdf,YT-8277905,True,True,drive-1GHHmBftW1jSgxZF6OVydFL3R0yS5YpRg-YT-8277905,https://drive.google.com/file/d/1GHHmBftW1jSgxZF6OVydFL3R0yS5YpRg/preview,https://drive.google.com/file/d/1GHHmBftW1jSgxZF6OVydFL3R0yS5YpRg/view?usp=drivesdk
1hQHw-XdMFvYDG3LrHFYYD9kk1jEFI7iK,YT-827791,YATO,Czesci_zamienne_YT-827791.pdf,YT-827791,True,True,drive-1hQHw-XdMFvYDG3LrHFYYD9kk1jEFI7iK-YT-827791,https://drive.google.com/file/d/1hQHw-XdMFvYDG3LrHFYYD9kk1jEFI7iK/preview,https://drive.google.com/file/d/1hQHw-XdMFvYDG3LrHFYYD9kk1jEFI7iK/view?usp=drivesdk
1sfYXPkWRa0bmXGfgydtgANIH2y6iippL,YT-8277915,YATO,Czesci_zamienne_YT-8277915.pdf,YT-8277915,True,True,drive-1sfYXPkWRa0bmXGfgydtgANIH2y6iippL-YT-8277915,https://drive.google.com/file/d/1sfYXPkWRa0bmXGfgydtgANIH2y6iippL/preview,https://drive.google.com/file/d/1sfYXPkWRa0bmXGfgydtgANIH2y6iippL/view?usp=drivesdk
1Gnoo9ohcE7nflrAEtDcjBL2WJ32w_wtE,YT-827792,YATO,Czesci_zamienne_YT-827792.pdf,YT-827792,True,True,drive-1Gnoo9ohcE7nflrAEtDcjBL2WJ32w_wtE-YT-827792,https://drive.google.com/file/d/1Gnoo9ohcE7nflrAEtDcjBL2WJ32w_wtE/preview,https://drive.google.com/file/d/1Gnoo9ohcE7nflrAEtDcjBL2WJ32w_wtE/view?usp=drivesdk
16a5g-3G0xzpY6c0yJ7RbweT7zImQT7BF,YT-827793,YATO,Czesci_zamienne_YT-827793.pdf,YT-827793,True,True,drive-16a5g-3G0xzpY6c0yJ7RbweT7zImQT7BF-YT-827793,https://drive.google.com/file/d/16a5g-3G0xzpY6c0yJ7RbweT7zImQT7BF/preview,https://drive.google.com/file/d/16a5g-3G0xzpY6c0yJ7RbweT7zImQT7BF/view?usp=drivesdk
1AEoY9ge5DH5Fdc5AeUbxiVpUqia8bRRN,YT-8277935,YATO,Czesci_zamienne_YT-8277935.pdf,YT-8277935,True,True,drive-1AEoY9ge5DH5Fdc5AeUbxiVpUqia8bRRN-YT-8277935,https://drive.google.com/file/d/1AEoY9ge5DH5Fdc5AeUbxiVpUqia8bRRN/preview,https://drive.google.com/file/d/1AEoY9ge5DH5Fdc5AeUbxiVpUqia8bRRN/view?usp=drivesdk
1AaQYj9fdlaeCbvPU6HtTgxUVoK9_XCeW,YT-82780,YATO,Czesci_zamienne_YT-82780.pdf,YT-82780,True,True,drive-1AaQYj9fdlaeCbvPU6HtTgxUVoK9_XCeW-YT-82780,https://drive.google.com/file/d/1AaQYj9fdlaeCbvPU6HtTgxUVoK9_XCeW/preview,https://drive.google.com/file/d/1AaQYj9fdlaeCbvPU6HtTgxUVoK9_XCeW/view?usp=drivesdk
1rsLi9Ldxf-3khp6frg4lOkIkprUJINF-,YT-82781,YATO,Czesci_zamienne_YT-82781.pdf,YT-82781,True,True,drive-1rsLi9Ldxf-3khp6frg4lOkIkprUJINF--YT-82781,https://drive.google.com/file/d/1rsLi9Ldxf-3khp6frg4lOkIkprUJINF-/preview,https://drive.google.com/file/d/1rsLi9Ldxf-3khp6frg4lOkIkprUJINF-/view?usp=drivesdk
1SqgCGrlbXwi07yVE8TsSlE5o46cWzxw1,YT-82782,YATO,Czesci_zamienne_YT-82782.pdf,YT-82782,True,True,drive-1SqgCGrlbXwi07yVE8TsSlE5o46cWzxw1-YT-82782,https://drive.google.com/file/d/1SqgCGrlbXwi07yVE8TsSlE5o46cWzxw1/preview,https://drive.google.com/file/d/1SqgCGrlbXwi07yVE8TsSlE5o46cWzxw1/view?usp=drivesdk
1pRNfaSDxu2739QBywpRQwtenHUbSuzRj,YT-827820,YATO,Czesci_zamienne_YT-827820.pdf,YT-827820,True,True,drive-1pRNfaSDxu2739QBywpRQwtenHUbSuzRj-YT-827820,https://drive.google.com/file/d/1pRNfaSDxu2739QBywpRQwtenHUbSuzRj/preview,https://drive.google.com/file/d/1pRNfaSDxu2739QBywpRQwtenHUbSuzRj/view?usp=drivesdk
1IqCR6lVdiA2FpR01AR74Q0UQaOZv5O8i,YT-827821,YATO,Czesci_zamienne_YT-827821.pdf,YT-827821,True,True,drive-1IqCR6lVdiA2FpR01AR74Q0UQaOZv5O8i-YT-827821,https://drive.google.com/file/d/1IqCR6lVdiA2FpR01AR74Q0UQaOZv5O8i/preview,https://drive.google.com/file/d/1IqCR6lVdiA2FpR01AR74Q0UQaOZv5O8i/view?usp=drivesdk
1UPFiHlVWBCLRCSeHg5r9eirKJuvedMby,YT-827822,YATO,Czesci_zamienne_YT-827822.pdf,YT-827822,True,True,drive-1UPFiHlVWBCLRCSeHg5r9eirKJuvedMby-YT-827822,https://drive.google.com/file/d/1UPFiHlVWBCLRCSeHg5r9eirKJuvedMby/preview,https://drive.google.com/file/d/1UPFiHlVWBCLRCSeHg5r9eirKJuvedMby/view?usp=drivesdk
1n2J4tmggUnIG_SEf5x8NmwHGRd5xmwLo,YT-82783,YATO,Czesci_zamienne_YT-82783.pdf,YT-82783,True,True,drive-1n2J4tmggUnIG_SEf5x8NmwHGRd5xmwLo-YT-82783,https://drive.google.com/file/d/1n2J4tmggUnIG_SEf5x8NmwHGRd5xmwLo/preview,https://drive.google.com/file/d/1n2J4tmggUnIG_SEf5x8NmwHGRd5xmwLo/view?usp=drivesdk
1LB5vHo87yb7o-_V2gX3rdBli9hsvayj7,YT-82784,YATO,Czesci_zamienne_YT-82784.pdf,YT-82784,True,True,drive-1LB5vHo87yb7o-_V2gX3rdBli9hsvayj7-YT-82784,https://drive.google.com/file/d/1LB5vHo87yb7o-_V2gX3rdBli9hsvayj7/preview,https://drive.google.com/file/d/1LB5vHo87yb7o-_V2gX3rdBli9hsvayj7/view?usp=drivesdk
1Ir3f1gtIwz8fSlNLdgszBbrBTaMgXQ5F,YT-82786,YATO,Czesci_zamienne_YT-82786.pdf,YT-82786,True,True,drive-1Ir3f1gtIwz8fSlNLdgszBbrBTaMgXQ5F-YT-82786,https://drive.google.com/file/d/1Ir3f1gtIwz8fSlNLdgszBbrBTaMgXQ5F/preview,https://drive.google.com/file/d/1Ir3f1gtIwz8fSlNLdgszBbrBTaMgXQ5F/view?usp=drivesdk
1_0f6frmS95PonEMk2oqW-fjIiTBBYIqN,YT-82787,YATO,Czesci_zamienne_YT-82787.pdf,YT-82787,True,True,drive-1_0f6frmS95PonEMk2oqW-fjIiTBBYIqN-YT-82787,https://drive.google.com/file/d/1_0f6frmS95PonEMk2oqW-fjIiTBBYIqN/preview,https://drive.google.com/file/d/1_0f6frmS95PonEMk2oqW-fjIiTBBYIqN/view?usp=drivesdk
1Z6sp_eLycD0eRBqMLLj3vmYjAsJENKgP,YT-82788,YATO,Czesci_zamienne_YT-82788.pdf,YT-82788,True,True,drive-1Z6sp_eLycD0eRBqMLLj3vmYjAsJENKgP-YT-82788,https://drive.google.com/file/d/1Z6sp_eLycD0eRBqMLLj3vmYjAsJENKgP/preview,https://drive.google.com/file/d/1Z6sp_eLycD0eRBqMLLj3vmYjAsJENKgP/view?usp=drivesdk
1j8DZXvwMqWXzc8ZqI0PIN1bu1o93wz3q,YT-82789,YATO,Czesci_zamienne_YT-82789.pdf,YT-82789,True,True,drive-1j8DZXvwMqWXzc8ZqI0PIN1bu1o93wz3q-YT-82789,https://drive.google.com/file/d/1j8DZXvwMqWXzc8ZqI0PIN1bu1o93wz3q/preview,https://drive.google.com/file/d/1j8DZXvwMqWXzc8ZqI0PIN1bu1o93wz3q/view?usp=drivesdk
1Ot8Phcy_9uwSGH97qBKFtXkmQGjy8VR8,YT-82794,YATO,Czesci_zamienne_YT-82794.pdf,YT-82794,True,True,drive-1Ot8Phcy_9uwSGH97qBKFtXkmQGjy8VR8-YT-82794,https://drive.google.com/file/d/1Ot8Phcy_9uwSGH97qBKFtXkmQGjy8VR8/preview,https://drive.google.com/file/d/1Ot8Phcy_9uwSGH97qBKFtXkmQGjy8VR8/view?usp=drivesdk
15IQzi4SkxT9lrSUQP0T29rjpj8Wb-xzi,YT-82795,YATO,Czesci_zamienne_YT-82795.pdf,YT-82795,True,True,drive-15IQzi4SkxT9lrSUQP0T29rjpj8Wb-xzi-YT-82795,https://drive.google.com/file/d/15IQzi4SkxT9lrSUQP0T29rjpj8Wb-xzi/preview,https://drive.google.com/file/d/15IQzi4SkxT9lrSUQP0T29rjpj8Wb-xzi/view?usp=drivesdk
1IG-5DIJiW39IAClm8peVvJxNR0aQSSZV,YT-82796,YATO,Czesci_zamienne_YT-82796.pdf,YT-82796,True,True,drive-1IG-5DIJiW39IAClm8peVvJxNR0aQSSZV-YT-82796,https://drive.google.com/file/d/1IG-5DIJiW39IAClm8peVvJxNR0aQSSZV/preview,https://drive.google.com/file/d/1IG-5DIJiW39IAClm8peVvJxNR0aQSSZV/view?usp=drivesdk
1Xy1vTjsBVufsznP13kb38YZsQ95JjZLg,YT-82797,YATO,Czesci_zamienne_YT-82797.pdf,YT-82797,True,True,drive-1Xy1vTjsBVufsznP13kb38YZsQ95JjZLg-YT-82797,https://drive.google.com/file/d/1Xy1vTjsBVufsznP13kb38YZsQ95JjZLg/preview,https://drive.google.com/file/d/1Xy1vTjsBVufsznP13kb38YZsQ95JjZLg/view?usp=drivesdk
1rzqrbA8GJuGsFXYfFxfXsIttAwC1J9uW,YT-82798,YATO,Czesci_zamienne_YT-82798.pdf,YT-82798,True,True,drive-1rzqrbA8GJuGsFXYfFxfXsIttAwC1J9uW-YT-82798,https://drive.google.com/file/d/1rzqrbA8GJuGsFXYfFxfXsIttAwC1J9uW/preview,https://drive.google.com/file/d/1rzqrbA8GJuGsFXYfFxfXsIttAwC1J9uW/view?usp=drivesdk
1E2ChE5LaeAOQePYm684AqwsXfOjCqIVk,YT-82799,YATO,Czesci_zamienne_YT-82799.pdf,YT-82799,True,True,drive-1E2ChE5LaeAOQePYm684AqwsXfOjCqIVk-YT-82799,https://drive.google.com/file/d/1E2ChE5LaeAOQePYm684AqwsXfOjCqIVk/preview,https://drive.google.com/file/d/1E2ChE5LaeAOQePYm684AqwsXfOjCqIVk/view?usp=drivesdk
1R4RvX6N4VdKH0ZfBfumINxaxzgg8a-QI,YT-82800,YATO,Czesci_zamienne_YT-82800.pdf,YT-82800,True,True,drive-1R4RvX6N4VdKH0ZfBfumINxaxzgg8a-QI-YT-82800,https://drive.google.com/file/d/1R4RvX6N4VdKH0ZfBfumINxaxzgg8a-QI/preview,https://drive.google.com/file/d/1R4RvX6N4VdKH0ZfBfumINxaxzgg8a-QI/view?usp=drivesdk
1i9RIkQmuQgjYrj0S-Swyw3keoRkGfsA2,YT-82801,YATO,Czesci_zamienne_YT-82801.pdf,YT-82801,True,True,drive-1i9RIkQmuQgjYrj0S-Swyw3keoRkGfsA2-YT-82801,https://drive.google.com/file/d/1i9RIkQmuQgjYrj0S-Swyw3keoRkGfsA2/preview,https://drive.google.com/file/d/1i9RIkQmuQgjYrj0S-Swyw3keoRkGfsA2/view?usp=drivesdk
13WAUxuTodc_65LTLO7T1Jy3mgypowF1P,YT-82802,YATO,Czesci_zamienne_YT-82802.pdf,YT-82802,True,True,drive-13WAUxuTodc_65LTLO7T1Jy3mgypowF1P-YT-82802,https://drive.google.com/file/d/13WAUxuTodc_65LTLO7T1Jy3mgypowF1P/preview,https://drive.google.com/file/d/13WAUxuTodc_65LTLO7T1Jy3mgypowF1P/view?usp=drivesdk
1WZAS0U_vNB0iO2LwV-ChitC0xjGaW2_i,YT-828030,YATO,Czesci_zamienne_YT-828030.pdf,YT-828030,True,True,drive-1WZAS0U_vNB0iO2LwV-ChitC0xjGaW2_i-YT-828030,https://drive.google.com/file/d/1WZAS0U_vNB0iO2LwV-ChitC0xjGaW2_i/preview,https://drive.google.com/file/d/1WZAS0U_vNB0iO2LwV-ChitC0xjGaW2_i/view?usp=drivesdk
1DGHZcfwFCBOGXIgkmRB-yjjXIBY01IBK,YT-828031,YATO,Czesci_zamienne_YT-828031.pdf,YT-828031,True,True,drive-1DGHZcfwFCBOGXIgkmRB-yjjXIBY01IBK-YT-828031,https://drive.google.com/file/d/1DGHZcfwFCBOGXIgkmRB-yjjXIBY01IBK/preview,https://drive.google.com/file/d/1DGHZcfwFCBOGXIgkmRB-yjjXIBY01IBK/view?usp=drivesdk
1OyXH_PUO1ciGNPkI0LaMYLMTmqtEXhOa,YT-828033,YATO,Czesci_zamienne_YT-828033.pdf,YT-828033,True,True,drive-1OyXH_PUO1ciGNPkI0LaMYLMTmqtEXhOa-YT-828033,https://drive.google.com/file/d/1OyXH_PUO1ciGNPkI0LaMYLMTmqtEXhOa/preview,https://drive.google.com/file/d/1OyXH_PUO1ciGNPkI0LaMYLMTmqtEXhOa/view?usp=drivesdk
1wsnom2o91CAcUSKvDuoTLvnKgiwKVTzW,YT-828035,YATO,Czesci_zamienne_YT-828035.pdf,YT-828035,True,True,drive-1wsnom2o91CAcUSKvDuoTLvnKgiwKVTzW-YT-828035,https://drive.google.com/file/d/1wsnom2o91CAcUSKvDuoTLvnKgiwKVTzW/preview,https://drive.google.com/file/d/1wsnom2o91CAcUSKvDuoTLvnKgiwKVTzW/view?usp=drivesdk
1JKHWJNQJ10ZU4SLqDI_OGowmbzN-OOWA,YT-82804,YATO,Czesci_zamienne_YT-82804.pdf,YT-82804,True,True,drive-1JKHWJNQJ10ZU4SLqDI_OGowmbzN-OOWA-YT-82804,https://drive.google.com/file/d/1JKHWJNQJ10ZU4SLqDI_OGowmbzN-OOWA/preview,https://drive.google.com/file/d/1JKHWJNQJ10ZU4SLqDI_OGowmbzN-OOWA/view?usp=drivesdk
1Rhlz3wRNyUJQLVJYd4zxJdsRSG5xEOJk,YT-82805,YATO,Czesci_zamienne_YT-82805.pdf,YT-82805,True,True,drive-1Rhlz3wRNyUJQLVJYd4zxJdsRSG5xEOJk-YT-82805,https://drive.google.com/file/d/1Rhlz3wRNyUJQLVJYd4zxJdsRSG5xEOJk/preview,https://drive.google.com/file/d/1Rhlz3wRNyUJQLVJYd4zxJdsRSG5xEOJk/view?usp=drivesdk
1Axwhy_phQDTg_koleDdMPFugFhZEXjr6,YT-82806,YATO,Czesci_zamienne_YT-82806.pdf,YT-82806,True,True,drive-1Axwhy_phQDTg_koleDdMPFugFhZEXjr6-YT-82806,https://drive.google.com/file/d/1Axwhy_phQDTg_koleDdMPFugFhZEXjr6/preview,https://drive.google.com/file/d/1Axwhy_phQDTg_koleDdMPFugFhZEXjr6/view?usp=drivesdk
1TA63i3xRyfDxGmHky9vXAj_C1rco8Prv,YT-828063,YATO,Czesci_zamienne_YT-828063.pdf,YT-828063,True,True,drive-1TA63i3xRyfDxGmHky9vXAj_C1rco8Prv-YT-828063,https://drive.google.com/file/d/1TA63i3xRyfDxGmHky9vXAj_C1rco8Prv/preview,https://drive.google.com/file/d/1TA63i3xRyfDxGmHky9vXAj_C1rco8Prv/view?usp=drivesdk
124R0n8t8kNndd1zoTi2XMTwD3uL_20w4,YT-828064,YATO,Czesci_zamienne_YT-828064.pdf,YT-828064,True,True,drive-124R0n8t8kNndd1zoTi2XMTwD3uL_20w4-YT-828064,https://drive.google.com/file/d/124R0n8t8kNndd1zoTi2XMTwD3uL_20w4/preview,https://drive.google.com/file/d/124R0n8t8kNndd1zoTi2XMTwD3uL_20w4/view?usp=drivesdk
1XwDmwN1p08iQbcEwr8lj5rWzsFeGR3lw,YT-828065,YATO,Czesci_zamienne_YT-828065.pdf,YT-828065,True,True,drive-1XwDmwN1p08iQbcEwr8lj5rWzsFeGR3lw-YT-828065,https://drive.google.com/file/d/1XwDmwN1p08iQbcEwr8lj5rWzsFeGR3lw/preview,https://drive.google.com/file/d/1XwDmwN1p08iQbcEwr8lj5rWzsFeGR3lw/view?usp=drivesdk
1JDZkybXOz07x6e_ABtGNAcCFJ6vp1S3V,YT-828066,YATO,Czesci_zamienne_YT-828066.pdf,YT-828066,True,True,drive-1JDZkybXOz07x6e_ABtGNAcCFJ6vp1S3V-YT-828066,https://drive.google.com/file/d/1JDZkybXOz07x6e_ABtGNAcCFJ6vp1S3V/preview,https://drive.google.com/file/d/1JDZkybXOz07x6e_ABtGNAcCFJ6vp1S3V/view?usp=drivesdk
1qeTiT8BT8jdaWAZzpaW8H5U-dMI3srTw,YT-828067,YATO,Czesci_zamienne_YT-828067.pdf,YT-828067,True,True,drive-1qeTiT8BT8jdaWAZzpaW8H5U-dMI3srTw-YT-828067,https://drive.google.com/file/d/1qeTiT8BT8jdaWAZzpaW8H5U-dMI3srTw/preview,https://drive.google.com/file/d/1qeTiT8BT8jdaWAZzpaW8H5U-dMI3srTw/view?usp=drivesdk
1SUWfQ_fsupP1B69O9FmI0EtCv3a4Ym8l,YT-828068,YATO,Czesci_zamienne_YT-828068.pdf,YT-828068,True,True,drive-1SUWfQ_fsupP1B69O9FmI0EtCv3a4Ym8l-YT-828068,https://drive.google.com/file/d/1SUWfQ_fsupP1B69O9FmI0EtCv3a4Ym8l/preview,https://drive.google.com/file/d/1SUWfQ_fsupP1B69O9FmI0EtCv3a4Ym8l/view?usp=drivesdk
14jkq5b6ZNM7nePDpRO4GXVyKziYvEOYQ,YT-828071,YATO,Czesci_zamienne_YT-828071.pdf,YT-828071,True,True,drive-14jkq5b6ZNM7nePDpRO4GXVyKziYvEOYQ-YT-828071,https://drive.google.com/file/d/14jkq5b6ZNM7nePDpRO4GXVyKziYvEOYQ/preview,https://drive.google.com/file/d/14jkq5b6ZNM7nePDpRO4GXVyKziYvEOYQ/view?usp=drivesdk
1zL4_2l2ghOqBnVl_SGlVyolL1Eqn0xTv,YT-828072,YATO,Czesci_zamienne_YT-828072.pdf,YT-828072,True,True,drive-1zL4_2l2ghOqBnVl_SGlVyolL1Eqn0xTv-YT-828072,https://drive.google.com/file/d/1zL4_2l2ghOqBnVl_SGlVyolL1Eqn0xTv/preview,https://drive.google.com/file/d/1zL4_2l2ghOqBnVl_SGlVyolL1Eqn0xTv/view?usp=drivesdk
1kno3-xI3bUmld7GQptBracx9wy9I1SsY,YT-828073,YATO,Czesci_zamienne_YT-828073.pdf,YT-828073,True,True,drive-1kno3-xI3bUmld7GQptBracx9wy9I1SsY-YT-828073,https://drive.google.com/file/d/1kno3-xI3bUmld7GQptBracx9wy9I1SsY/preview,https://drive.google.com/file/d/1kno3-xI3bUmld7GQptBracx9wy9I1SsY/view?usp=drivesdk
1Kb9nQPOPJlJIFLwzBmagzAGxYFxGn0gb,YT-828074,YATO,Czesci_zamienne_YT-828074.pdf,YT-828074,True,True,drive-1Kb9nQPOPJlJIFLwzBmagzAGxYFxGn0gb-YT-828074,https://drive.google.com/file/d/1Kb9nQPOPJlJIFLwzBmagzAGxYFxGn0gb/preview,https://drive.google.com/file/d/1Kb9nQPOPJlJIFLwzBmagzAGxYFxGn0gb/view?usp=drivesdk
1cXIaXCuSpRqhOwnZj4jwhTaHo5g8HP6g,YT-82808,YATO,Czesci_zamienne_YT-82808.pdf,YT-82808,True,True,drive-1cXIaXCuSpRqhOwnZj4jwhTaHo5g8HP6g-YT-82808,https://drive.google.com/file/d/1cXIaXCuSpRqhOwnZj4jwhTaHo5g8HP6g/preview,https://drive.google.com/file/d/1cXIaXCuSpRqhOwnZj4jwhTaHo5g8HP6g/view?usp=drivesdk
1CNaKLiR0tT0HB-3E0uswxxnKfoEMW_sg,YT-82809,YATO,Czesci_zamienne_YT-82809.pdf,YT-82809,True,True,drive-1CNaKLiR0tT0HB-3E0uswxxnKfoEMW_sg-YT-82809,https://drive.google.com/file/d/1CNaKLiR0tT0HB-3E0uswxxnKfoEMW_sg/preview,https://drive.google.com/file/d/1CNaKLiR0tT0HB-3E0uswxxnKfoEMW_sg/view?usp=drivesdk
1QYMIXRxGfxB6zAtdeNaeVWqamf1cmmKG,YT-82810,YATO,Czesci_zamienne_YT-82810.pdf,YT-82810,True,True,drive-1QYMIXRxGfxB6zAtdeNaeVWqamf1cmmKG-YT-82810,https://drive.google.com/file/d/1QYMIXRxGfxB6zAtdeNaeVWqamf1cmmKG/preview,https://drive.google.com/file/d/1QYMIXRxGfxB6zAtdeNaeVWqamf1cmmKG/view?usp=drivesdk
1zr4zDwE_ixtrSTpANU_tVWOaUyK3UOV-,YT-82811,YATO,Czesci_zamienne_YT-82811.pdf,YT-82811,True,True,drive-1zr4zDwE_ixtrSTpANU_tVWOaUyK3UOV--YT-82811,https://drive.google.com/file/d/1zr4zDwE_ixtrSTpANU_tVWOaUyK3UOV-/preview,https://drive.google.com/file/d/1zr4zDwE_ixtrSTpANU_tVWOaUyK3UOV-/view?usp=drivesdk
1oU9x31rtEbs4RDgd_AIBpwFd_QJkgpdU,YT-82812,YATO,Czesci_zamienne_YT-82812.pdf,YT-82812,True,True,drive-1oU9x31rtEbs4RDgd_AIBpwFd_QJkgpdU-YT-82812,https://drive.google.com/file/d/1oU9x31rtEbs4RDgd_AIBpwFd_QJkgpdU/preview,https://drive.google.com/file/d/1oU9x31rtEbs4RDgd_AIBpwFd_QJkgpdU/view?usp=drivesdk
1jhRArf6VNtCS9zt9O13YihqQrAwyfz80,YT-82813,YATO,Czesci_zamienne_YT-82813.pdf,YT-82813,True,True,drive-1jhRArf6VNtCS9zt9O13YihqQrAwyfz80-YT-82813,https://drive.google.com/file/d/1jhRArf6VNtCS9zt9O13YihqQrAwyfz80/preview,https://drive.google.com/file/d/1jhRArf6VNtCS9zt9O13YihqQrAwyfz80/view?usp=drivesdk
1FibpsbYGBemnqS0iWycTaKaVxDszWOog,YT-828131,YATO,Czesci_zamienne_YT-828131.pdf,YT-828131,True,True,drive-1FibpsbYGBemnqS0iWycTaKaVxDszWOog-YT-828131,https://drive.google.com/file/d/1FibpsbYGBemnqS0iWycTaKaVxDszWOog/preview,https://drive.google.com/file/d/1FibpsbYGBemnqS0iWycTaKaVxDszWOog/view?usp=drivesdk
1fKpHrpxkKPqcgrygYSn7S389OKqnGE64,YT-828132,YATO,Czesci_zamienne_YT-828132.pdf,YT-828132,True,True,drive-1fKpHrpxkKPqcgrygYSn7S389OKqnGE64-YT-828132,https://drive.google.com/file/d/1fKpHrpxkKPqcgrygYSn7S389OKqnGE64/preview,https://drive.google.com/file/d/1fKpHrpxkKPqcgrygYSn7S389OKqnGE64/view?usp=drivesdk
1kBOU87O_on8RSsDkQZIPLR_sWHbd414p,YT-828133,YATO,Czesci_zamienne_YT-828133.pdf,YT-828133,True,True,drive-1kBOU87O_on8RSsDkQZIPLR_sWHbd414p-YT-828133,https://drive.google.com/file/d/1kBOU87O_on8RSsDkQZIPLR_sWHbd414p/preview,https://drive.google.com/file/d/1kBOU87O_on8RSsDkQZIPLR_sWHbd414p/view?usp=drivesdk
1lKa_nhpwX5MZs58eykEJNuSNiRabSg-h,YT-828134,YATO,Czesci_zamienne_YT-828134.pdf,YT-828134,True,True,drive-1lKa_nhpwX5MZs58eykEJNuSNiRabSg-h-YT-828134,https://drive.google.com/file/d/1lKa_nhpwX5MZs58eykEJNuSNiRabSg-h/preview,https://drive.google.com/file/d/1lKa_nhpwX5MZs58eykEJNuSNiRabSg-h/view?usp=drivesdk
1kEiG1Zr0hawFJPTaJ50QQQxsU-ldUpHp,YT-828137,YATO,Czesci_zamienne_YT-828137.pdf,YT-828137,True,True,drive-1kEiG1Zr0hawFJPTaJ50QQQxsU-ldUpHp-YT-828137,https://drive.google.com/file/d/1kEiG1Zr0hawFJPTaJ50QQQxsU-ldUpHp/preview,https://drive.google.com/file/d/1kEiG1Zr0hawFJPTaJ50QQQxsU-ldUpHp/view?usp=drivesdk
1ZO5Arl28ua3xle8wr_WZR5CQU1BEd_3Y,YT-828138,YATO,Czesci_zamienne_YT-828138.pdf,YT-828138,True,True,drive-1ZO5Arl28ua3xle8wr_WZR5CQU1BEd_3Y-YT-828138,https://drive.google.com/file/d/1ZO5Arl28ua3xle8wr_WZR5CQU1BEd_3Y/preview,https://drive.google.com/file/d/1ZO5Arl28ua3xle8wr_WZR5CQU1BEd_3Y/view?usp=drivesdk
1lqqdS-MHBKAMYwmz-fGR57o-vqCC-xps,YT-82814,YATO,Czesci_zamienne_YT-82814.pdf,YT-82814,True,True,drive-1lqqdS-MHBKAMYwmz-fGR57o-vqCC-xps-YT-82814,https://drive.google.com/file/d/1lqqdS-MHBKAMYwmz-fGR57o-vqCC-xps/preview,https://drive.google.com/file/d/1lqqdS-MHBKAMYwmz-fGR57o-vqCC-xps/view?usp=drivesdk
1yIRAt76pTIXZFx6u9Va9lUseIdZ_SuVD,YT-82815,YATO,Czesci_zamienne_YT-82815.pdf,YT-82815,True,True,drive-1yIRAt76pTIXZFx6u9Va9lUseIdZ_SuVD-YT-82815,https://drive.google.com/file/d/1yIRAt76pTIXZFx6u9Va9lUseIdZ_SuVD/preview,https://drive.google.com/file/d/1yIRAt76pTIXZFx6u9Va9lUseIdZ_SuVD/view?usp=drivesdk
1ydCkfzNtphjfzoQs9jsJtI5sNLiJ8ztW,YT-82816,YATO,Czesci_zamienne_YT-82816.pdf,YT-82816,True,True,drive-1ydCkfzNtphjfzoQs9jsJtI5sNLiJ8ztW-YT-82816,https://drive.google.com/file/d/1ydCkfzNtphjfzoQs9jsJtI5sNLiJ8ztW/preview,https://drive.google.com/file/d/1ydCkfzNtphjfzoQs9jsJtI5sNLiJ8ztW/view?usp=drivesdk
1rwVJmePXwvpFZ53oIy8dv-UMQcxFZxjE,YT-82817,YATO,Czesci_zamienne_YT-82817.pdf,YT-82817,True,True,drive-1rwVJmePXwvpFZ53oIy8dv-UMQcxFZxjE-YT-82817,https://drive.google.com/file/d/1rwVJmePXwvpFZ53oIy8dv-UMQcxFZxjE/preview,https://drive.google.com/file/d/1rwVJmePXwvpFZ53oIy8dv-UMQcxFZxjE/view?usp=drivesdk
1jb6xZUpNroF4sxXoshSmx7wwGcKMq7Im,YT-82818,YATO,Czesci_zamienne_YT-82818.pdf,YT-82818,True,True,drive-1jb6xZUpNroF4sxXoshSmx7wwGcKMq7Im-YT-82818,https://drive.google.com/file/d/1jb6xZUpNroF4sxXoshSmx7wwGcKMq7Im/preview,https://drive.google.com/file/d/1jb6xZUpNroF4sxXoshSmx7wwGcKMq7Im/view?usp=drivesdk
1iUMZpMc7NoAboTM3Tk0FiT54CM8eiS2T,YT-82819,YATO,Czesci_zamienne_YT-82819.pdf,YT-82819,True,True,drive-1iUMZpMc7NoAboTM3Tk0FiT54CM8eiS2T-YT-82819,https://drive.google.com/file/d/1iUMZpMc7NoAboTM3Tk0FiT54CM8eiS2T/preview,https://drive.google.com/file/d/1iUMZpMc7NoAboTM3Tk0FiT54CM8eiS2T/view?usp=drivesdk
1SFwR-AoUlLd11UvgV0MmFVjHkbOFmTeO,YT-82822,YATO,Czesci_zamienne_YT-82822.pdf,YT-82822,True,True,drive-1SFwR-AoUlLd11UvgV0MmFVjHkbOFmTeO-YT-82822,https://drive.google.com/file/d/1SFwR-AoUlLd11UvgV0MmFVjHkbOFmTeO/preview,https://drive.google.com/file/d/1SFwR-AoUlLd11UvgV0MmFVjHkbOFmTeO/view?usp=drivesdk
175buwiDpACINCOR6a7I4LzQSTe5QhIbn,YT-82823,YATO,Czesci_zamienne_YT-82823.pdf,YT-82823,True,True,drive-175buwiDpACINCOR6a7I4LzQSTe5QhIbn-YT-82823,https://drive.google.com/file/d/175buwiDpACINCOR6a7I4LzQSTe5QhIbn/preview,https://drive.google.com/file/d/175buwiDpACINCOR6a7I4LzQSTe5QhIbn/view?usp=drivesdk
1PFCKpqO8r03oBGVyCMRbkwjKqBCZKiG9,YT-82824,YATO,Czesci_zamienne_YT-82824.pdf,YT-82824,True,True,drive-1PFCKpqO8r03oBGVyCMRbkwjKqBCZKiG9-YT-82824,https://drive.google.com/file/d/1PFCKpqO8r03oBGVyCMRbkwjKqBCZKiG9/preview,https://drive.google.com/file/d/1PFCKpqO8r03oBGVyCMRbkwjKqBCZKiG9/view?usp=drivesdk
19liR7QGORGOvylL1Qholmjq42Uh3GvLU,YT-828247,YATO,Czesci_zamienne_YT-828247.pdf,YT-828247,True,True,drive-19liR7QGORGOvylL1Qholmjq42Uh3GvLU-YT-828247,https://drive.google.com/file/d/19liR7QGORGOvylL1Qholmjq42Uh3GvLU/preview,https://drive.google.com/file/d/19liR7QGORGOvylL1Qholmjq42Uh3GvLU/view?usp=drivesdk
13zYspH9uvTLdvaZsGCCq2vGQD9KWhpVg,YT-828254,YATO,Czesci_zamienne_YT-828254.pdf,YT-828254,True,True,drive-13zYspH9uvTLdvaZsGCCq2vGQD9KWhpVg-YT-828254,https://drive.google.com/file/d/13zYspH9uvTLdvaZsGCCq2vGQD9KWhpVg/preview,https://drive.google.com/file/d/13zYspH9uvTLdvaZsGCCq2vGQD9KWhpVg/view?usp=drivesdk
1hFYtGeQK1c0e51ENx_cfBSDzQWKIJEB5,YT-828255,YATO,Czesci_zamienne_YT-828255.pdf,YT-828255,True,True,drive-1hFYtGeQK1c0e51ENx_cfBSDzQWKIJEB5-YT-828255,https://drive.google.com/file/d/1hFYtGeQK1c0e51ENx_cfBSDzQWKIJEB5/preview,https://drive.google.com/file/d/1hFYtGeQK1c0e51ENx_cfBSDzQWKIJEB5/view?usp=drivesdk
1Coy1Qsp7X-G9NAs4govW_M1zCOQw_pGJ,YT-828256,YATO,Czesci_zamienne_YT-828256.pdf,YT-828256,True,True,drive-1Coy1Qsp7X-G9NAs4govW_M1zCOQw_pGJ-YT-828256,https://drive.google.com/file/d/1Coy1Qsp7X-G9NAs4govW_M1zCOQw_pGJ/preview,https://drive.google.com/file/d/1Coy1Qsp7X-G9NAs4govW_M1zCOQw_pGJ/view?usp=drivesdk
1nqc2kW4SR4S5WWZpmzWtYagCZ7t7yaCq,YT-82826,YATO,Czesci_zamienne_YT-82826.pdf,YT-82826,True,True,drive-1nqc2kW4SR4S5WWZpmzWtYagCZ7t7yaCq-YT-82826,https://drive.google.com/file/d/1nqc2kW4SR4S5WWZpmzWtYagCZ7t7yaCq/preview,https://drive.google.com/file/d/1nqc2kW4SR4S5WWZpmzWtYagCZ7t7yaCq/view?usp=drivesdk
1Zj0gNRDcmPMV96bpivHQGyt5s6hdDmNh,YT-82827,YATO,Czesci_zamienne_YT-82827.pdf,YT-82827,True,True,drive-1Zj0gNRDcmPMV96bpivHQGyt5s6hdDmNh-YT-82827,https://drive.google.com/file/d/1Zj0gNRDcmPMV96bpivHQGyt5s6hdDmNh/preview,https://drive.google.com/file/d/1Zj0gNRDcmPMV96bpivHQGyt5s6hdDmNh/view?usp=drivesdk
1y3HT6hO9AqiKoPZ4iTt2fN6k9ZMKO10L,YT-82828,YATO,Czesci_zamienne_YT-82828.pdf,YT-82828,True,True,drive-1y3HT6hO9AqiKoPZ4iTt2fN6k9ZMKO10L-YT-82828,https://drive.google.com/file/d/1y3HT6hO9AqiKoPZ4iTt2fN6k9ZMKO10L/preview,https://drive.google.com/file/d/1y3HT6hO9AqiKoPZ4iTt2fN6k9ZMKO10L/view?usp=drivesdk
1BBW6gYdjwnWIIrbhrVStJZLCtJlYyxQ2,YT-82829,YATO,Czesci_zamienne_YT-82829.pdf,YT-82829,True,True,drive-1BBW6gYdjwnWIIrbhrVStJZLCtJlYyxQ2-YT-82829,https://drive.google.com/file/d/1BBW6gYdjwnWIIrbhrVStJZLCtJlYyxQ2/preview,https://drive.google.com/file/d/1BBW6gYdjwnWIIrbhrVStJZLCtJlYyxQ2/view?usp=drivesdk
1TUMNdyjqqQpCE6OuupUI8gLa4DUMAAiK,YT-828293,YATO,Czesci_zamienne_YT-828293.pdf,YT-828293,True,True,drive-1TUMNdyjqqQpCE6OuupUI8gLa4DUMAAiK-YT-828293,https://drive.google.com/file/d/1TUMNdyjqqQpCE6OuupUI8gLa4DUMAAiK/preview,https://drive.google.com/file/d/1TUMNdyjqqQpCE6OuupUI8gLa4DUMAAiK/view?usp=drivesdk
11JLURzZhbymPk9kKw_D0LkX42mbTflUh,YT-828294,YATO,Czesci_zamienne_YT-828294.pdf,YT-828294,True,True,drive-11JLURzZhbymPk9kKw_D0LkX42mbTflUh-YT-828294,https://drive.google.com/file/d/11JLURzZhbymPk9kKw_D0LkX42mbTflUh/preview,https://drive.google.com/file/d/11JLURzZhbymPk9kKw_D0LkX42mbTflUh/view?usp=drivesdk
1KQ3Tg7rAtl3FGu2qZzft49_VdeY2oOyP,YT-828295,YATO,Czesci_zamienne_YT-828295.pdf,YT-828295,True,True,drive-1KQ3Tg7rAtl3FGu2qZzft49_VdeY2oOyP-YT-828295,https://drive.google.com/file/d/1KQ3Tg7rAtl3FGu2qZzft49_VdeY2oOyP/preview,https://drive.google.com/file/d/1KQ3Tg7rAtl3FGu2qZzft49_VdeY2oOyP/view?usp=drivesdk
1PStd9O7-7qFC_pW56v_yRO99Xahw5TLz,YT-828296,YATO,Czesci_zamienne_YT-828296.pdf,YT-828296,True,True,drive-1PStd9O7-7qFC_pW56v_yRO99Xahw5TLz-YT-828296,https://drive.google.com/file/d/1PStd9O7-7qFC_pW56v_yRO99Xahw5TLz/preview,https://drive.google.com/file/d/1PStd9O7-7qFC_pW56v_yRO99Xahw5TLz/view?usp=drivesdk
1Lbjy2TeG9tiYb5RGwayctfGfaC6og4sM,YT-82830,YATO,Czesci_zamienne_YT-82830.pdf,YT-82830,True,True,drive-1Lbjy2TeG9tiYb5RGwayctfGfaC6og4sM-YT-82830,https://drive.google.com/file/d/1Lbjy2TeG9tiYb5RGwayctfGfaC6og4sM/preview,https://drive.google.com/file/d/1Lbjy2TeG9tiYb5RGwayctfGfaC6og4sM/view?usp=drivesdk
1qQOJ6s4-OQmL-79XPcZp2MFeZe5wP4WL,YT-82831,YATO,Czesci_zamienne_YT-82831.pdf,YT-82831,True,True,drive-1qQOJ6s4-OQmL-79XPcZp2MFeZe5wP4WL-YT-82831,https://drive.google.com/file/d/1qQOJ6s4-OQmL-79XPcZp2MFeZe5wP4WL/preview,https://drive.google.com/file/d/1qQOJ6s4-OQmL-79XPcZp2MFeZe5wP4WL/view?usp=drivesdk
1nQMy8e7E8iw4y2NSvBvxwsLWKT5IlFbc,YT-82832,YATO,Czesci_zamienne_YT-82832.pdf,YT-82832,True,True,drive-1nQMy8e7E8iw4y2NSvBvxwsLWKT5IlFbc-YT-82832,https://drive.google.com/file/d/1nQMy8e7E8iw4y2NSvBvxwsLWKT5IlFbc/preview,https://drive.google.com/file/d/1nQMy8e7E8iw4y2NSvBvxwsLWKT5IlFbc/view?usp=drivesdk
1PeXIRfsOFyHJ93fEWIUHJPOYC96ziWqS,YT-82833,YATO,Czesci_zamienne_YT-82833.pdf,YT-82833,True,True,drive-1PeXIRfsOFyHJ93fEWIUHJPOYC96ziWqS-YT-82833,https://drive.google.com/file/d/1PeXIRfsOFyHJ93fEWIUHJPOYC96ziWqS/preview,https://drive.google.com/file/d/1PeXIRfsOFyHJ93fEWIUHJPOYC96ziWqS/view?usp=drivesdk
1kpOy1zu-QSrnfYJlIPLqV88qr3qmrafm,YT-828331,YATO,Czesci_zamienne_YT-828331.pdf,YT-828331,True,True,drive-1kpOy1zu-QSrnfYJlIPLqV88qr3qmrafm-YT-828331,https://drive.google.com/file/d/1kpOy1zu-QSrnfYJlIPLqV88qr3qmrafm/preview,https://drive.google.com/file/d/1kpOy1zu-QSrnfYJlIPLqV88qr3qmrafm/view?usp=drivesdk
1cnl-rukIl1VQmCS3tyl2hPBz2STUmj-Y,YT-828332,YATO,Czesci_zamienne_YT-828332.pdf,YT-828332,True,True,drive-1cnl-rukIl1VQmCS3tyl2hPBz2STUmj-Y-YT-828332,https://drive.google.com/file/d/1cnl-rukIl1VQmCS3tyl2hPBz2STUmj-Y/preview,https://drive.google.com/file/d/1cnl-rukIl1VQmCS3tyl2hPBz2STUmj-Y/view?usp=drivesdk
1HnHgMDh4c1x6vvxcJPfBUPKc_q9I1sCU,YT-828333,YATO,Czesci_zamienne_YT-828333.pdf,YT-828333,True,True,drive-1HnHgMDh4c1x6vvxcJPfBUPKc_q9I1sCU-YT-828333,https://drive.google.com/file/d/1HnHgMDh4c1x6vvxcJPfBUPKc_q9I1sCU/preview,https://drive.google.com/file/d/1HnHgMDh4c1x6vvxcJPfBUPKc_q9I1sCU/view?usp=drivesdk
1ClbqD6cJOfIeevGVeYqgz3-w6_gOz-uE,YT-828334,YATO,Czesci_zamienne_YT-828334.pdf,YT-828334,True,True,drive-1ClbqD6cJOfIeevGVeYqgz3-w6_gOz-uE-YT-828334,https://drive.google.com/file/d/1ClbqD6cJOfIeevGVeYqgz3-w6_gOz-uE/preview,https://drive.google.com/file/d/1ClbqD6cJOfIeevGVeYqgz3-w6_gOz-uE/view?usp=drivesdk
1KeYS8LCm5a70nNXroWuJlRMuKySf_12C,YT-82834,YATO,Czesci_zamienne_YT-82834.pdf,YT-82834,True,True,drive-1KeYS8LCm5a70nNXroWuJlRMuKySf_12C-YT-82834,https://drive.google.com/file/d/1KeYS8LCm5a70nNXroWuJlRMuKySf_12C/preview,https://drive.google.com/file/d/1KeYS8LCm5a70nNXroWuJlRMuKySf_12C/view?usp=drivesdk
1TRMYA5hYURNdN9Ew1Pyb4-mtCjoS36G-,YT-82835,YATO,Czesci_zamienne_YT-82835.pdf,YT-82835,True,True,drive-1TRMYA5hYURNdN9Ew1Pyb4-mtCjoS36G--YT-82835,https://drive.google.com/file/d/1TRMYA5hYURNdN9Ew1Pyb4-mtCjoS36G-/preview,https://drive.google.com/file/d/1TRMYA5hYURNdN9Ew1Pyb4-mtCjoS36G-/view?usp=drivesdk
1eFbDmHW2pq_TToLMswfaPfh4O7Pi47g0,YT-828353,YATO,Czesci_zamienne_YT-828353.pdf,YT-828353,True,True,drive-1eFbDmHW2pq_TToLMswfaPfh4O7Pi47g0-YT-828353,https://drive.google.com/file/d/1eFbDmHW2pq_TToLMswfaPfh4O7Pi47g0/preview,https://drive.google.com/file/d/1eFbDmHW2pq_TToLMswfaPfh4O7Pi47g0/view?usp=drivesdk
147QxRNiQ-_WihhyuCywVj01WLUXCukP5,YT-828355,YATO,Czesci_zamienne_YT-828355.pdf,YT-828355,True,True,drive-147QxRNiQ-_WihhyuCywVj01WLUXCukP5-YT-828355,https://drive.google.com/file/d/147QxRNiQ-_WihhyuCywVj01WLUXCukP5/preview,https://drive.google.com/file/d/147QxRNiQ-_WihhyuCywVj01WLUXCukP5/view?usp=drivesdk
1hp64RWzAtBdbEH8cfX1GoOdsoGR-Zb65,YT-828356,YATO,Czesci_zamienne_YT-828356.pdf,YT-828356,True,True,drive-1hp64RWzAtBdbEH8cfX1GoOdsoGR-Zb65-YT-828356,https://drive.google.com/file/d/1hp64RWzAtBdbEH8cfX1GoOdsoGR-Zb65/preview,https://drive.google.com/file/d/1hp64RWzAtBdbEH8cfX1GoOdsoGR-Zb65/view?usp=drivesdk
1xKhGmWYtiOy_gFlKpk8ePH8IzZzKyZ43,YT-828357,YATO,Czesci_zamienne_YT-828357.pdf,YT-828357,True,True,drive-1xKhGmWYtiOy_gFlKpk8ePH8IzZzKyZ43-YT-828357,https://drive.google.com/file/d/1xKhGmWYtiOy_gFlKpk8ePH8IzZzKyZ43/preview,https://drive.google.com/file/d/1xKhGmWYtiOy_gFlKpk8ePH8IzZzKyZ43/view?usp=drivesdk
1UoZuGcFIAQHS5DgFbdCf1GH0owkKl7Ac,YT-828358,YATO,Czesci_zamienne_YT-828358.pdf,YT-828358,True,True,drive-1UoZuGcFIAQHS5DgFbdCf1GH0owkKl7Ac-YT-828358,https://drive.google.com/file/d/1UoZuGcFIAQHS5DgFbdCf1GH0owkKl7Ac/preview,https://drive.google.com/file/d/1UoZuGcFIAQHS5DgFbdCf1GH0owkKl7Ac/view?usp=drivesdk
1XIiGK7N0wmO4vktLjgTPtt2WLycU3iT3,YT-828378,YATO,Czesci_zamienne_YT-828378.pdf,YT-828378,True,True,drive-1XIiGK7N0wmO4vktLjgTPtt2WLycU3iT3-YT-828378,https://drive.google.com/file/d/1XIiGK7N0wmO4vktLjgTPtt2WLycU3iT3/preview,https://drive.google.com/file/d/1XIiGK7N0wmO4vktLjgTPtt2WLycU3iT3/view?usp=drivesdk
1QpA2ln77q843-AWlTRnMlaohYfAh6YPR,YT-828380,YATO,Czesci_zamienne_YT-828380.pdf,YT-828380,True,True,drive-1QpA2ln77q843-AWlTRnMlaohYfAh6YPR-YT-828380,https://drive.google.com/file/d/1QpA2ln77q843-AWlTRnMlaohYfAh6YPR/preview,https://drive.google.com/file/d/1QpA2ln77q843-AWlTRnMlaohYfAh6YPR/view?usp=drivesdk
1HZ4E3FkoNfcMNeaDebhwanwLM7A9__1n,YT-828381,YATO,Czesci_zamienne_YT-828381.pdf,YT-828381,True,True,drive-1HZ4E3FkoNfcMNeaDebhwanwLM7A9__1n-YT-828381,https://drive.google.com/file/d/1HZ4E3FkoNfcMNeaDebhwanwLM7A9__1n/preview,https://drive.google.com/file/d/1HZ4E3FkoNfcMNeaDebhwanwLM7A9__1n/view?usp=drivesdk
1Qa_MBiXt2HFJLVWdbT4nA7BmmyemB13A,YT-828382,YATO,Czesci_zamienne_YT-828382.pdf,YT-828382,True,True,drive-1Qa_MBiXt2HFJLVWdbT4nA7BmmyemB13A-YT-828382,https://drive.google.com/file/d/1Qa_MBiXt2HFJLVWdbT4nA7BmmyemB13A/preview,https://drive.google.com/file/d/1Qa_MBiXt2HFJLVWdbT4nA7BmmyemB13A/view?usp=drivesdk
1J5yhsahsN5Hl9gLbWX4ncYM0PnTHCTmG,YT-828383,YATO,Czesci_zamienne_YT-828383.pdf,YT-828383,True,True,drive-1J5yhsahsN5Hl9gLbWX4ncYM0PnTHCTmG-YT-828383,https://drive.google.com/file/d/1J5yhsahsN5Hl9gLbWX4ncYM0PnTHCTmG/preview,https://drive.google.com/file/d/1J5yhsahsN5Hl9gLbWX4ncYM0PnTHCTmG/view?usp=drivesdk
1IaSSvtR-CL1GMQdcM3TdRKOmWhH13iFJ,YT-82853,YATO,Czesci_zamienne_YT-82853.pdf,YT-82853,True,True,drive-1IaSSvtR-CL1GMQdcM3TdRKOmWhH13iFJ-YT-82853,https://drive.google.com/file/d/1IaSSvtR-CL1GMQdcM3TdRKOmWhH13iFJ/preview,https://drive.google.com/file/d/1IaSSvtR-CL1GMQdcM3TdRKOmWhH13iFJ/view?usp=drivesdk
1k8fNQNL1_WNUEfIGqvsX33G7TqQ0napQ,YT-82854,YATO,Czesci_zamienne_YT-82854.pdf,YT-82854,True,True,drive-1k8fNQNL1_WNUEfIGqvsX33G7TqQ0napQ-YT-82854,https://drive.google.com/file/d/1k8fNQNL1_WNUEfIGqvsX33G7TqQ0napQ/preview,https://drive.google.com/file/d/1k8fNQNL1_WNUEfIGqvsX33G7TqQ0napQ/view?usp=drivesdk
1K-9aZ83FrCFkKjsFz1bEqEX4MiX3n52I,YT-82855,YATO,Czesci_zamienne_YT-82855.pdf,YT-82855,True,True,drive-1K-9aZ83FrCFkKjsFz1bEqEX4MiX3n52I-YT-82855,https://drive.google.com/file/d/1K-9aZ83FrCFkKjsFz1bEqEX4MiX3n52I/preview,https://drive.google.com/file/d/1K-9aZ83FrCFkKjsFz1bEqEX4MiX3n52I/view?usp=drivesdk
1Zol1QJp_xxiScg2RT2IbmoobZ-_Gx4y9,YT-82877,YATO,Czesci_zamienne_YT-82877.pdf,YT-82877,True,True,drive-1Zol1QJp_xxiScg2RT2IbmoobZ-_Gx4y9-YT-82877,https://drive.google.com/file/d/1Zol1QJp_xxiScg2RT2IbmoobZ-_Gx4y9/preview,https://drive.google.com/file/d/1Zol1QJp_xxiScg2RT2IbmoobZ-_Gx4y9/view?usp=drivesdk
1Vob69gUtFDErxcgnHxaS8LCjnXY7dxJ8,YT-82880,YATO,Czesci_zamienne_YT-82880.pdf,YT-82880,True,True,drive-1Vob69gUtFDErxcgnHxaS8LCjnXY7dxJ8-YT-82880,https://drive.google.com/file/d/1Vob69gUtFDErxcgnHxaS8LCjnXY7dxJ8/preview,https://drive.google.com/file/d/1Vob69gUtFDErxcgnHxaS8LCjnXY7dxJ8/view?usp=drivesdk
1I9SaernjPy0QXgOQTDCMvsMUYe9FUQVR,YT-82881,YATO,Czesci_zamienne_YT-82881.pdf,YT-82881,True,True,drive-1I9SaernjPy0QXgOQTDCMvsMUYe9FUQVR-YT-82881,https://drive.google.com/file/d/1I9SaernjPy0QXgOQTDCMvsMUYe9FUQVR/preview,https://drive.google.com/file/d/1I9SaernjPy0QXgOQTDCMvsMUYe9FUQVR/view?usp=drivesdk
1xvYDVuqNXdYfCK3oiDvRFDaec5OWtHZB,YT-82886,YATO,Czesci_zamienne_YT-82886.pdf,YT-82886,True,True,drive-1xvYDVuqNXdYfCK3oiDvRFDaec5OWtHZB-YT-82886,https://drive.google.com/file/d/1xvYDVuqNXdYfCK3oiDvRFDaec5OWtHZB/preview,https://drive.google.com/file/d/1xvYDVuqNXdYfCK3oiDvRFDaec5OWtHZB/view?usp=drivesdk
1RvUpys_HHGSfvSm4zbx2U7jfppLrlv3G,YT-82887,YATO,Czesci_zamienne_YT-82887.pdf,YT-82887,True,True,drive-1RvUpys_HHGSfvSm4zbx2U7jfppLrlv3G-YT-82887,https://drive.google.com/file/d/1RvUpys_HHGSfvSm4zbx2U7jfppLrlv3G/preview,https://drive.google.com/file/d/1RvUpys_HHGSfvSm4zbx2U7jfppLrlv3G/view?usp=drivesdk
1sriFcx-7jgp2ZkwU7xhY6z3GDSTKudpf,YT-82888,YATO,Czesci_zamienne_YT-82888.pdf,YT-82888,True,True,drive-1sriFcx-7jgp2ZkwU7xhY6z3GDSTKudpf-YT-82888,https://drive.google.com/file/d/1sriFcx-7jgp2ZkwU7xhY6z3GDSTKudpf/preview,https://drive.google.com/file/d/1sriFcx-7jgp2ZkwU7xhY6z3GDSTKudpf/view?usp=drivesdk
1O99z4W8D7r9_4J2qwRWCe0LCUtJ_Eol-,YT-82889,YATO,Czesci_zamienne_YT-82889.pdf,YT-82889,True,True,drive-1O99z4W8D7r9_4J2qwRWCe0LCUtJ_Eol--YT-82889,https://drive.google.com/file/d/1O99z4W8D7r9_4J2qwRWCe0LCUtJ_Eol-/preview,https://drive.google.com/file/d/1O99z4W8D7r9_4J2qwRWCe0LCUtJ_Eol-/view?usp=drivesdk
1JcYNar6IZjmCgkN2EuH8fJN3OxKoVEbZ,YT-82894,YATO,Czesci_zamienne_YT-82894.pdf,YT-82894,True,True,drive-1JcYNar6IZjmCgkN2EuH8fJN3OxKoVEbZ-YT-82894,https://drive.google.com/file/d/1JcYNar6IZjmCgkN2EuH8fJN3OxKoVEbZ/preview,https://drive.google.com/file/d/1JcYNar6IZjmCgkN2EuH8fJN3OxKoVEbZ/view?usp=drivesdk
1r08FLNoi0E1LvDKDOXDRdMBFHOCgLAK3,YT-82895,YATO,Czesci_zamienne_YT-82895.pdf,YT-82895,True,True,drive-1r08FLNoi0E1LvDKDOXDRdMBFHOCgLAK3-YT-82895,https://drive.google.com/file/d/1r08FLNoi0E1LvDKDOXDRdMBFHOCgLAK3/preview,https://drive.google.com/file/d/1r08FLNoi0E1LvDKDOXDRdMBFHOCgLAK3/view?usp=drivesdk
10Dzbh8F8jtMOC9LP0UFrdFi8K6z1iHaN,YT-82900,YATO,Czesci_zamienne_YT-82900.pdf,YT-82900,True,True,drive-10Dzbh8F8jtMOC9LP0UFrdFi8K6z1iHaN-YT-82900,https://drive.google.com/file/d/10Dzbh8F8jtMOC9LP0UFrdFi8K6z1iHaN/preview,https://drive.google.com/file/d/10Dzbh8F8jtMOC9LP0UFrdFi8K6z1iHaN/view?usp=drivesdk
1q11dVr7zr6s4V_JFuuCsmQj8z7dLBcGd,YT-82901,YATO,Czesci_zamienne_YT-82901.pdf,YT-82901,True,True,drive-1q11dVr7zr6s4V_JFuuCsmQj8z7dLBcGd-YT-82901,https://drive.google.com/file/d/1q11dVr7zr6s4V_JFuuCsmQj8z7dLBcGd/preview,https://drive.google.com/file/d/1q11dVr7zr6s4V_JFuuCsmQj8z7dLBcGd/view?usp=drivesdk
1K5tgXC-ogVju-enXG9xoZ3dr48utMYuN,YT-82902,YATO,Czesci_zamienne_YT-82902.pdf,YT-82902,True,True,drive-1K5tgXC-ogVju-enXG9xoZ3dr48utMYuN-YT-82902,https://drive.google.com/file/d/1K5tgXC-ogVju-enXG9xoZ3dr48utMYuN/preview,https://drive.google.com/file/d/1K5tgXC-ogVju-enXG9xoZ3dr48utMYuN/view?usp=drivesdk
1rt1soBZBKC2Glm-UHbIZcNNru_Z3A4Om,YT-82903,YATO,Czesci_zamienne_YT-82903.pdf,YT-82903,True,True,drive-1rt1soBZBKC2Glm-UHbIZcNNru_Z3A4Om-YT-82903,https://drive.google.com/file/d/1rt1soBZBKC2Glm-UHbIZcNNru_Z3A4Om/preview,https://drive.google.com/file/d/1rt1soBZBKC2Glm-UHbIZcNNru_Z3A4Om/view?usp=drivesdk
1QMHQ-LO-4Qign9-X8avXzdxlTWz1Yt8n,YT-82904,YATO,Czesci_zamienne_YT-82904.pdf,YT-82904,True,True,drive-1QMHQ-LO-4Qign9-X8avXzdxlTWz1Yt8n-YT-82904,https://drive.google.com/file/d/1QMHQ-LO-4Qign9-X8avXzdxlTWz1Yt8n/preview,https://drive.google.com/file/d/1QMHQ-LO-4Qign9-X8avXzdxlTWz1Yt8n/view?usp=drivesdk
1Ya20OEdUIP-IOdAW_PtjVwokKw7RGskq,YT-82920,YATO,Czesci_zamienne_YT-82920.pdf,YT-82920,True,True,drive-1Ya20OEdUIP-IOdAW_PtjVwokKw7RGskq-YT-82920,https://drive.google.com/file/d/1Ya20OEdUIP-IOdAW_PtjVwokKw7RGskq/preview,https://drive.google.com/file/d/1Ya20OEdUIP-IOdAW_PtjVwokKw7RGskq/view?usp=drivesdk
1GZS4IZeUBPR6u1yyLla8_GkPFujKjRpt,YT-82922,YATO,Czesci_zamienne_YT-82922.pdf,YT-82922,True,True,drive-1GZS4IZeUBPR6u1yyLla8_GkPFujKjRpt-YT-82922,https://drive.google.com/file/d/1GZS4IZeUBPR6u1yyLla8_GkPFujKjRpt/preview,https://drive.google.com/file/d/1GZS4IZeUBPR6u1yyLla8_GkPFujKjRpt/view?usp=drivesdk
1gG81qH6QEI6SBjV60nJRnJKxR4R3dG1M,YT-82927,YATO,Czesci_zamienne_YT-82927.pdf,YT-82927,True,True,drive-1gG81qH6QEI6SBjV60nJRnJKxR4R3dG1M-YT-82927,https://drive.google.com/file/d/1gG81qH6QEI6SBjV60nJRnJKxR4R3dG1M/preview,https://drive.google.com/file/d/1gG81qH6QEI6SBjV60nJRnJKxR4R3dG1M/view?usp=drivesdk
1H7x2GaUN-u1VDVs6duAxULJ1SnhO-QH_,YT-82929,YATO,Czesci_zamienne_YT-82929.pdf,YT-82929,True,True,drive-1H7x2GaUN-u1VDVs6duAxULJ1SnhO-QH_-YT-82929,https://drive.google.com/file/d/1H7x2GaUN-u1VDVs6duAxULJ1SnhO-QH_/preview,https://drive.google.com/file/d/1H7x2GaUN-u1VDVs6duAxULJ1SnhO-QH_/view?usp=drivesdk
1XQ7MNekBbkoiKhvleW-YHeEETGzf_Ifb,YT-82930,YATO,Czesci_zamienne_YT-82930.pdf,YT-82930,True,True,drive-1XQ7MNekBbkoiKhvleW-YHeEETGzf_Ifb-YT-82930,https://drive.google.com/file/d/1XQ7MNekBbkoiKhvleW-YHeEETGzf_Ifb/preview,https://drive.google.com/file/d/1XQ7MNekBbkoiKhvleW-YHeEETGzf_Ifb/view?usp=drivesdk
1VjiTAhKKeoj3LWSmDgfkZ4RC6AlZfqNN,YT-829385,YATO,Czesci_zamienne_YT-829385.pdf,YT-829385,True,True,drive-1VjiTAhKKeoj3LWSmDgfkZ4RC6AlZfqNN-YT-829385,https://drive.google.com/file/d/1VjiTAhKKeoj3LWSmDgfkZ4RC6AlZfqNN/preview,https://drive.google.com/file/d/1VjiTAhKKeoj3LWSmDgfkZ4RC6AlZfqNN/view?usp=drivesdk
1toxo1ZYJk8-dJ4xWQdRSengMMYPsXKFX,YT-82955,YATO,Czesci_zamienne_YT-82955.pdf,YT-82955,True,True,drive-1toxo1ZYJk8-dJ4xWQdRSengMMYPsXKFX-YT-82955,https://drive.google.com/file/d/1toxo1ZYJk8-dJ4xWQdRSengMMYPsXKFX/preview,https://drive.google.com/file/d/1toxo1ZYJk8-dJ4xWQdRSengMMYPsXKFX/view?usp=drivesdk
1fU3OdMaEuw6j-rM8227opKW5E1-q3wGC,YT-8300,YATO,Czesci_zamienne_YT-8300.pdf,YT-8300,True,True,drive-1fU3OdMaEuw6j-rM8227opKW5E1-q3wGC-YT-8300,https://drive.google.com/file/d/1fU3OdMaEuw6j-rM8227opKW5E1-q3wGC/preview,https://drive.google.com/file/d/1fU3OdMaEuw6j-rM8227opKW5E1-q3wGC/view?usp=drivesdk
1VP2XmGPn0AgXiLq699P5x438UdozRpTH,YT-83003,YATO,Czesci_zamienne_YT-83003.pdf,YT-83003,True,True,drive-1VP2XmGPn0AgXiLq699P5x438UdozRpTH-YT-83003,https://drive.google.com/file/d/1VP2XmGPn0AgXiLq699P5x438UdozRpTH/preview,https://drive.google.com/file/d/1VP2XmGPn0AgXiLq699P5x438UdozRpTH/view?usp=drivesdk
1-151SLGl-whSO3BTGi9A7rJG2ZDTVyB4,YT-8301,YATO,Czesci_zamienne_YT-8301.pdf,YT-8301,True,True,drive-1-151SLGl-whSO3BTGi9A7rJG2ZDTVyB4-YT-8301,https://drive.google.com/file/d/1-151SLGl-whSO3BTGi9A7rJG2ZDTVyB4/preview,https://drive.google.com/file/d/1-151SLGl-whSO3BTGi9A7rJG2ZDTVyB4/view?usp=drivesdk
1NhmEzGMMxwTWTneWIf02uNY37nQUB2qZ,YT-8302,YATO,Czesci_zamienne_YT-8302.pdf,YT-8302,True,True,drive-1NhmEzGMMxwTWTneWIf02uNY37nQUB2qZ-YT-8302,https://drive.google.com/file/d/1NhmEzGMMxwTWTneWIf02uNY37nQUB2qZ/preview,https://drive.google.com/file/d/1NhmEzGMMxwTWTneWIf02uNY37nQUB2qZ/view?usp=drivesdk
1IoypKpnnN_ktye2O8TtbqP3uCs3ZfTjy,YT-8303,YATO,Czesci_zamienne_YT-8303.pdf,YT-8303,True,True,drive-1IoypKpnnN_ktye2O8TtbqP3uCs3ZfTjy-YT-8303,https://drive.google.com/file/d/1IoypKpnnN_ktye2O8TtbqP3uCs3ZfTjy/preview,https://drive.google.com/file/d/1IoypKpnnN_ktye2O8TtbqP3uCs3ZfTjy/view?usp=drivesdk
1YqQmAWbJSKhlu8UV6gS-jPF4TLUwnFYS,YT-83060,YATO,Czesci_zamienne_YT-83060.pdf,YT-83060,True,True,drive-1YqQmAWbJSKhlu8UV6gS-jPF4TLUwnFYS-YT-83060,https://drive.google.com/file/d/1YqQmAWbJSKhlu8UV6gS-jPF4TLUwnFYS/preview,https://drive.google.com/file/d/1YqQmAWbJSKhlu8UV6gS-jPF4TLUwnFYS/view?usp=drivesdk
1x29BMiENAXaMDyPG_D3_Q-Q0F181R3Fn,YT-83061,YATO,Czesci_zamienne_YT-83061.pdf,YT-83061,True,True,drive-1x29BMiENAXaMDyPG_D3_Q-Q0F181R3Fn-YT-83061,https://drive.google.com/file/d/1x29BMiENAXaMDyPG_D3_Q-Q0F181R3Fn/preview,https://drive.google.com/file/d/1x29BMiENAXaMDyPG_D3_Q-Q0F181R3Fn/view?usp=drivesdk
14c_ExUpDe96oZeWEbMyKroc9LWRiyOd_,YT-83090,YATO,Czesci_zamienne_YT-83090.pdf,YT-83090,True,True,drive-14c_ExUpDe96oZeWEbMyKroc9LWRiyOd_-YT-83090,https://drive.google.com/file/d/14c_ExUpDe96oZeWEbMyKroc9LWRiyOd_/preview,https://drive.google.com/file/d/14c_ExUpDe96oZeWEbMyKroc9LWRiyOd_/view?usp=drivesdk
13nV_8mVlNvASC5c6CluN3ljrgYhCHIpC,YT-83091,YATO,Czesci_zamienne_YT-83091.pdf,YT-83091,True,True,drive-13nV_8mVlNvASC5c6CluN3ljrgYhCHIpC-YT-83091,https://drive.google.com/file/d/13nV_8mVlNvASC5c6CluN3ljrgYhCHIpC/preview,https://drive.google.com/file/d/13nV_8mVlNvASC5c6CluN3ljrgYhCHIpC/view?usp=drivesdk
13I_52fd_dktxhcJWNfrZsyqD1MM4mNli,YT-83092,YATO,Czesci_zamienne_YT-83092.pdf,YT-83092,True,True,drive-13I_52fd_dktxhcJWNfrZsyqD1MM4mNli-YT-83092,https://drive.google.com/file/d/13I_52fd_dktxhcJWNfrZsyqD1MM4mNli/preview,https://drive.google.com/file/d/13I_52fd_dktxhcJWNfrZsyqD1MM4mNli/view?usp=drivesdk
10XfcLB9e3OsJOKH9NHCyBIzSSRxbHeCq,YT-8311,YATO,Czesci_zamienne_YT-8311.pdf,YT-8311,True,True,drive-10XfcLB9e3OsJOKH9NHCyBIzSSRxbHeCq-YT-8311,https://drive.google.com/file/d/10XfcLB9e3OsJOKH9NHCyBIzSSRxbHeCq/preview,https://drive.google.com/file/d/10XfcLB9e3OsJOKH9NHCyBIzSSRxbHeCq/view?usp=drivesdk
1JKhZbmxO9YKRyTfI2hECVHhNLh_s_nch,YT-84641,YATO,Czesci_zamienne_YT-84641.pdf,YT-84641,True,True,drive-1JKhZbmxO9YKRyTfI2hECVHhNLh_s_nch-YT-84641,https://drive.google.com/file/d/1JKhZbmxO9YKRyTfI2hECVHhNLh_s_nch/preview,https://drive.google.com/file/d/1JKhZbmxO9YKRyTfI2hECVHhNLh_s_nch/view?usp=drivesdk
18sMxP7COPSOtG1SKgis_1M05wBN-_6p7,YT-84770,YATO,Czesci_zamienne_YT-84770.pdf,YT-84770,True,True,drive-18sMxP7COPSOtG1SKgis_1M05wBN-_6p7-YT-84770,https://drive.google.com/file/d/18sMxP7COPSOtG1SKgis_1M05wBN-_6p7/preview,https://drive.google.com/file/d/18sMxP7COPSOtG1SKgis_1M05wBN-_6p7/view?usp=drivesdk
1LZUBRVJF_aATWR-rCyHnYawz6xe0zotJ,YT-84790,YATO,Czesci_zamienne_YT-84790.pdf,YT-84790,True,True,drive-1LZUBRVJF_aATWR-rCyHnYawz6xe0zotJ-YT-84790,https://drive.google.com/file/d/1LZUBRVJF_aATWR-rCyHnYawz6xe0zotJ/preview,https://drive.google.com/file/d/1LZUBRVJF_aATWR-rCyHnYawz6xe0zotJ/view?usp=drivesdk
1rWd42FhIVO70nHvaP1K6fF5BjvUfD8-n,YT-84800,YATO,Czesci_zamienne_YT-84800.pdf,YT-84800,True,True,drive-1rWd42FhIVO70nHvaP1K6fF5BjvUfD8-n-YT-84800,https://drive.google.com/file/d/1rWd42FhIVO70nHvaP1K6fF5BjvUfD8-n/preview,https://drive.google.com/file/d/1rWd42FhIVO70nHvaP1K6fF5BjvUfD8-n/view?usp=drivesdk
1NSBfjcM8KKQta2yljmm7WsquIy68rJ8U,YT-84820,YATO,Czesci_zamienne_YT-84820.pdf,YT-84820,True,True,drive-1NSBfjcM8KKQta2yljmm7WsquIy68rJ8U-YT-84820,https://drive.google.com/file/d/1NSBfjcM8KKQta2yljmm7WsquIy68rJ8U/preview,https://drive.google.com/file/d/1NSBfjcM8KKQta2yljmm7WsquIy68rJ8U/view?usp=drivesdk
1qBh26sCCdkcE7b2OzEdq9NuqQxVB_CxF,YT-84840,YATO,Czesci_zamienne_YT-84840.pdf,YT-84840,True,True,drive-1qBh26sCCdkcE7b2OzEdq9NuqQxVB_CxF-YT-84840,https://drive.google.com/file/d/1qBh26sCCdkcE7b2OzEdq9NuqQxVB_CxF/preview,https://drive.google.com/file/d/1qBh26sCCdkcE7b2OzEdq9NuqQxVB_CxF/view?usp=drivesdk
1XN6UTR1KjGiOB6EXa6X21U-qs-IaqpFG,YT-84841,YATO,Czesci_zamienne_YT-84841.pdf,YT-84841,True,True,drive-1XN6UTR1KjGiOB6EXa6X21U-qs-IaqpFG-YT-84841,https://drive.google.com/file/d/1XN6UTR1KjGiOB6EXa6X21U-qs-IaqpFG/preview,https://drive.google.com/file/d/1XN6UTR1KjGiOB6EXa6X21U-qs-IaqpFG/view?usp=drivesdk
14EL6oY3YjiHZW069gigI9OCcwj8OVUV3,YT-84842,YATO,Czesci_zamienne_YT-84842.pdf,YT-84842,True,True,drive-14EL6oY3YjiHZW069gigI9OCcwj8OVUV3-YT-84842,https://drive.google.com/file/d/14EL6oY3YjiHZW069gigI9OCcwj8OVUV3/preview,https://drive.google.com/file/d/14EL6oY3YjiHZW069gigI9OCcwj8OVUV3/view?usp=drivesdk
1dNAtL2PnFEBGezzAyPYlgxrr7P_odxRU,YT-84860,YATO,Czesci_zamienne_YT-84860.pdf,YT-84860,True,True,drive-1dNAtL2PnFEBGezzAyPYlgxrr7P_odxRU-YT-84860,https://drive.google.com/file/d/1dNAtL2PnFEBGezzAyPYlgxrr7P_odxRU/preview,https://drive.google.com/file/d/1dNAtL2PnFEBGezzAyPYlgxrr7P_odxRU/view?usp=drivesdk
12hGwvwXmPCxHTnvWuMLfIJDcXsS56WId,YT-84868,YATO,Czesci_zamienne_YT-84868.pdf,YT-84868,True,True,drive-12hGwvwXmPCxHTnvWuMLfIJDcXsS56WId-YT-84868,https://drive.google.com/file/d/12hGwvwXmPCxHTnvWuMLfIJDcXsS56WId/preview,https://drive.google.com/file/d/12hGwvwXmPCxHTnvWuMLfIJDcXsS56WId/view?usp=drivesdk
138Io90UjYSgQloIojryrmur2B-O0QGO5,YT-84870,YATO,Czesci_zamienne_YT-84870.pdf,YT-84870,True,True,drive-138Io90UjYSgQloIojryrmur2B-O0QGO5-YT-84870,https://drive.google.com/file/d/138Io90UjYSgQloIojryrmur2B-O0QGO5/preview,https://drive.google.com/file/d/138Io90UjYSgQloIojryrmur2B-O0QGO5/view?usp=drivesdk
1i7Ha00tWlrjfsvTIH40FP-9TSbKWeKo8,YT-84871,YATO,Czesci_zamienne_YT-84871.pdf,YT-84871,True,True,drive-1i7Ha00tWlrjfsvTIH40FP-9TSbKWeKo8-YT-84871,https://drive.google.com/file/d/1i7Ha00tWlrjfsvTIH40FP-9TSbKWeKo8/preview,https://drive.google.com/file/d/1i7Ha00tWlrjfsvTIH40FP-9TSbKWeKo8/view?usp=drivesdk
1hVAUxFmT-zRuC4SlKWzwo2pXyQWcSOPk,YT-84872,YATO,Czesci_zamienne_YT-84872.pdf,YT-84872,True,True,drive-1hVAUxFmT-zRuC4SlKWzwo2pXyQWcSOPk-YT-84872,https://drive.google.com/file/d/1hVAUxFmT-zRuC4SlKWzwo2pXyQWcSOPk/preview,https://drive.google.com/file/d/1hVAUxFmT-zRuC4SlKWzwo2pXyQWcSOPk/view?usp=drivesdk
1FZwZh20jllg8h16oY0oPudlqI3yN_26R,YT-84877,YATO,Czesci_zamienne_YT-84877.pdf,YT-84877,True,True,drive-1FZwZh20jllg8h16oY0oPudlqI3yN_26R-YT-84877,https://drive.google.com/file/d/1FZwZh20jllg8h16oY0oPudlqI3yN_26R/preview,https://drive.google.com/file/d/1FZwZh20jllg8h16oY0oPudlqI3yN_26R/view?usp=drivesdk
1EFKAL9JPB7qzQ-e2LPiyjoqNxi9npFWU,YT-84893,YATO,Czesci_zamienne_YT-84893.pdf,YT-84893,True,True,drive-1EFKAL9JPB7qzQ-e2LPiyjoqNxi9npFWU-YT-84893,https://drive.google.com/file/d/1EFKAL9JPB7qzQ-e2LPiyjoqNxi9npFWU/preview,https://drive.google.com/file/d/1EFKAL9JPB7qzQ-e2LPiyjoqNxi9npFWU/view?usp=drivesdk
1Cz1Sp_6bpEpJknDfCjCIooiIlYfy79wd,YT-84901,YATO,Czesci_zamienne_YT-84901.pdf,YT-84901,True,True,drive-1Cz1Sp_6bpEpJknDfCjCIooiIlYfy79wd-YT-84901,https://drive.google.com/file/d/1Cz1Sp_6bpEpJknDfCjCIooiIlYfy79wd/preview,https://drive.google.com/file/d/1Cz1Sp_6bpEpJknDfCjCIooiIlYfy79wd/view?usp=drivesdk
1iaKz9fXlygKLB0WAjhKNjBcruwCxqavS,YT-84910,YATO,Czesci_zamienne_YT-84910.pdf,YT-84910,True,True,drive-1iaKz9fXlygKLB0WAjhKNjBcruwCxqavS-YT-84910,https://drive.google.com/file/d/1iaKz9fXlygKLB0WAjhKNjBcruwCxqavS/preview,https://drive.google.com/file/d/1iaKz9fXlygKLB0WAjhKNjBcruwCxqavS/view?usp=drivesdk
11jP3j0-aLzxETtpBcOB2ddmqR3MCqQda,YT-84990,YATO,Czesci_zamienne_YT-84990.pdf,YT-84990,True,True,drive-11jP3j0-aLzxETtpBcOB2ddmqR3MCqQda-YT-84990,https://drive.google.com/file/d/11jP3j0-aLzxETtpBcOB2ddmqR3MCqQda/preview,https://drive.google.com/file/d/11jP3j0-aLzxETtpBcOB2ddmqR3MCqQda/view?usp=drivesdk
1TD68n1PbaU0fLv077uSaH70xpVv89bR1,YT-85001,YATO,Czesci_zamienne_YT-85001.pdf,YT-85001,True,True,drive-1TD68n1PbaU0fLv077uSaH70xpVv89bR1-YT-85001,https://drive.google.com/file/d/1TD68n1PbaU0fLv077uSaH70xpVv89bR1/preview,https://drive.google.com/file/d/1TD68n1PbaU0fLv077uSaH70xpVv89bR1/view?usp=drivesdk
19hAA6gTOm16rUpLRnqsOXhyIxiBKoUYf,YT-85010,YATO,Czesci_zamienne_YT-85010.pdf,YT-85010,True,True,drive-19hAA6gTOm16rUpLRnqsOXhyIxiBKoUYf-YT-85010,https://drive.google.com/file/d/19hAA6gTOm16rUpLRnqsOXhyIxiBKoUYf/preview,https://drive.google.com/file/d/19hAA6gTOm16rUpLRnqsOXhyIxiBKoUYf/view?usp=drivesdk
1Y5hAH0yDTyvTfVpaeMnWWhkt2NH4Ynmd,YT-85013,YATO,Czesci_zamienne_YT-85013.pdf,YT-85013,True,True,drive-1Y5hAH0yDTyvTfVpaeMnWWhkt2NH4Ynmd-YT-85013,https://drive.google.com/file/d/1Y5hAH0yDTyvTfVpaeMnWWhkt2NH4Ynmd/preview,https://drive.google.com/file/d/1Y5hAH0yDTyvTfVpaeMnWWhkt2NH4Ynmd/view?usp=drivesdk
1hbYIKHjyJFCBEzGuhqbWH-lr4n0JUKrU,YT-85014,YATO,Czesci_zamienne_YT-85014.pdf,YT-85014,True,True,drive-1hbYIKHjyJFCBEzGuhqbWH-lr4n0JUKrU-YT-85014,https://drive.google.com/file/d/1hbYIKHjyJFCBEzGuhqbWH-lr4n0JUKrU/preview,https://drive.google.com/file/d/1hbYIKHjyJFCBEzGuhqbWH-lr4n0JUKrU/view?usp=drivesdk
1KL6mTbem-KTzvVUsA4AWzdQt0NBM4PO1,YT-85015,YATO,Czesci_zamienne_YT-85015.pdf,YT-85015,True,True,drive-1KL6mTbem-KTzvVUsA4AWzdQt0NBM4PO1-YT-85015,https://drive.google.com/file/d/1KL6mTbem-KTzvVUsA4AWzdQt0NBM4PO1/preview,https://drive.google.com/file/d/1KL6mTbem-KTzvVUsA4AWzdQt0NBM4PO1/view?usp=drivesdk
1DszsCN0SdirmTeo4ywRQhTi6JaS8Xp__,YT-85017,YATO,Czesci_zamienne_YT-85017.pdf,YT-85017,True,True,drive-1DszsCN0SdirmTeo4ywRQhTi6JaS8Xp__-YT-85017,https://drive.google.com/file/d/1DszsCN0SdirmTeo4ywRQhTi6JaS8Xp__/preview,https://drive.google.com/file/d/1DszsCN0SdirmTeo4ywRQhTi6JaS8Xp__/view?usp=drivesdk
1lKmoHhO8hYkXOJRakUGRsIuh2Z7SBcRm,YT-85018,YATO,Czesci_zamienne_YT-85018.pdf,YT-85018,True,True,drive-1lKmoHhO8hYkXOJRakUGRsIuh2Z7SBcRm-YT-85018,https://drive.google.com/file/d/1lKmoHhO8hYkXOJRakUGRsIuh2Z7SBcRm/preview,https://drive.google.com/file/d/1lKmoHhO8hYkXOJRakUGRsIuh2Z7SBcRm/view?usp=drivesdk
1Y9EVHlNC_WiHCE8vPkItkZVKn90bA9Aj,YT-85019,YATO,Czesci_zamienne_YT-85019.pdf,YT-85019,True,True,drive-1Y9EVHlNC_WiHCE8vPkItkZVKn90bA9Aj-YT-85019,https://drive.google.com/file/d/1Y9EVHlNC_WiHCE8vPkItkZVKn90bA9Aj/preview,https://drive.google.com/file/d/1Y9EVHlNC_WiHCE8vPkItkZVKn90bA9Aj/view?usp=drivesdk
1YLDlWsK-3B6rNqk3mHpjiJnnL-HeyQRU,YT-85020,YATO,Czesci_zamienne_YT-85020.pdf,YT-85020,True,True,drive-1YLDlWsK-3B6rNqk3mHpjiJnnL-HeyQRU-YT-85020,https://drive.google.com/file/d/1YLDlWsK-3B6rNqk3mHpjiJnnL-HeyQRU/preview,https://drive.google.com/file/d/1YLDlWsK-3B6rNqk3mHpjiJnnL-HeyQRU/view?usp=drivesdk
1AtT0mB-d-zyZ4Il60ukXKbG8Mvt1HjQz,YT-85170,YATO,Czesci_zamienne_YT-85170.pdf,YT-85170,True,True,drive-1AtT0mB-d-zyZ4Il60ukXKbG8Mvt1HjQz-YT-85170,https://drive.google.com/file/d/1AtT0mB-d-zyZ4Il60ukXKbG8Mvt1HjQz/preview,https://drive.google.com/file/d/1AtT0mB-d-zyZ4Il60ukXKbG8Mvt1HjQz/view?usp=drivesdk
1sIuYJY9vDCfhbtjXn4Su6UB2lLIHhyWM,YT-85171,YATO,Czesci_zamienne_YT-85171.pdf,YT-85171,True,True,drive-1sIuYJY9vDCfhbtjXn4Su6UB2lLIHhyWM-YT-85171,https://drive.google.com/file/d/1sIuYJY9vDCfhbtjXn4Su6UB2lLIHhyWM/preview,https://drive.google.com/file/d/1sIuYJY9vDCfhbtjXn4Su6UB2lLIHhyWM/view?usp=drivesdk
17ckUjN9D34Ut67bduxGGh7IlTzyCtBZ8,YT-85173,YATO,Czesci_zamienne_YT-85173.pdf,YT-85173,True,True,drive-17ckUjN9D34Ut67bduxGGh7IlTzyCtBZ8-YT-85173,https://drive.google.com/file/d/17ckUjN9D34Ut67bduxGGh7IlTzyCtBZ8/preview,https://drive.google.com/file/d/17ckUjN9D34Ut67bduxGGh7IlTzyCtBZ8/view?usp=drivesdk
1VotsYQqW1Y-4-4x4q2oprBZacABMYtzz,YT-85175,YATO,Czesci_zamienne_YT-85175.pdf,YT-85175,True,True,drive-1VotsYQqW1Y-4-4x4q2oprBZacABMYtzz-YT-85175,https://drive.google.com/file/d/1VotsYQqW1Y-4-4x4q2oprBZacABMYtzz/preview,https://drive.google.com/file/d/1VotsYQqW1Y-4-4x4q2oprBZacABMYtzz/view?usp=drivesdk
1B9m2ufz7d_0D9T0losMYjEQQT6Fh5dpb,YT-85176,YATO,Czesci_zamienne_YT-85176.pdf,YT-85176,True,True,drive-1B9m2ufz7d_0D9T0losMYjEQQT6Fh5dpb-YT-85176,https://drive.google.com/file/d/1B9m2ufz7d_0D9T0losMYjEQQT6Fh5dpb/preview,https://drive.google.com/file/d/1B9m2ufz7d_0D9T0losMYjEQQT6Fh5dpb/view?usp=drivesdk
1Cfxs0W_ag9wBnhdkNHzLOs51R6nYfc-H,YT-85177,YATO,Czesci_zamienne_YT-85177.pdf,YT-85177 — DMUCHAWA 18V,False,True,drive-1Cfxs0W_ag9wBnhdkNHzLOs51R6nYfc-H-YT-85177,https://drive.google.com/file/d/1Cfxs0W_ag9wBnhdkNHzLOs51R6nYfc-H/preview,https://drive.google.com/file/d/1Cfxs0W_ag9wBnhdkNHzLOs51R6nYfc-H/view?usp=drivesdk
1jKfMsbS6BGBdGxbQ4icyvVzJu8GxAA6a,YT-85179,YATO,Czesci_zamienne_YT-85179.pdf,YT-85179,True,True,drive-1jKfMsbS6BGBdGxbQ4icyvVzJu8GxAA6a-YT-85179,https://drive.google.com/file/d/1jKfMsbS6BGBdGxbQ4icyvVzJu8GxAA6a/preview,https://drive.google.com/file/d/1jKfMsbS6BGBdGxbQ4icyvVzJu8GxAA6a/view?usp=drivesdk
1WobBFazp-8GrtPVknTEhkylc9L_u9F3r,YT-85180,YATO,Czesci_zamienne_YT-85180.pdf,YT-85180,True,True,drive-1WobBFazp-8GrtPVknTEhkylc9L_u9F3r-YT-85180,https://drive.google.com/file/d/1WobBFazp-8GrtPVknTEhkylc9L_u9F3r/preview,https://drive.google.com/file/d/1WobBFazp-8GrtPVknTEhkylc9L_u9F3r/view?usp=drivesdk
1Nn2X5Tw2kyBDqqEVL0JSd4UU1GBo0Bs2,YT-85182,YATO,Czesci_zamienne_YT-85182.pdf,YT-85182,True,True,drive-1Nn2X5Tw2kyBDqqEVL0JSd4UU1GBo0Bs2-YT-85182,https://drive.google.com/file/d/1Nn2X5Tw2kyBDqqEVL0JSd4UU1GBo0Bs2/preview,https://drive.google.com/file/d/1Nn2X5Tw2kyBDqqEVL0JSd4UU1GBo0Bs2/view?usp=drivesdk
1TG2ly3KHknbu4IaxkrsCpuHs3Dlg9JKU,YT-85200,YATO,Czesci_zamienne_YT-85200.pdf,YT-85200,True,True,drive-1TG2ly3KHknbu4IaxkrsCpuHs3Dlg9JKU-YT-85200,https://drive.google.com/file/d/1TG2ly3KHknbu4IaxkrsCpuHs3Dlg9JKU/preview,https://drive.google.com/file/d/1TG2ly3KHknbu4IaxkrsCpuHs3Dlg9JKU/view?usp=drivesdk
1o3LtJUD3h3akSnz0wGOY6FGCNRbgpcIn,YT-85205,YATO,Czesci_zamienne_YT-85205.pdf,YT-85205,True,True,drive-1o3LtJUD3h3akSnz0wGOY6FGCNRbgpcIn-YT-85205,https://drive.google.com/file/d/1o3LtJUD3h3akSnz0wGOY6FGCNRbgpcIn/preview,https://drive.google.com/file/d/1o3LtJUD3h3akSnz0wGOY6FGCNRbgpcIn/view?usp=drivesdk
1Mco0OUhCeARE8WvGzBjoVA_M3n5lKmdY,YT-85208,YATO,Czesci_zamienne_YT-85208.pdf,YT-85208,True,True,drive-1Mco0OUhCeARE8WvGzBjoVA_M3n5lKmdY-YT-85208,https://drive.google.com/file/d/1Mco0OUhCeARE8WvGzBjoVA_M3n5lKmdY/preview,https://drive.google.com/file/d/1Mco0OUhCeARE8WvGzBjoVA_M3n5lKmdY/view?usp=drivesdk
1hM9Dl7OsB7e3JEmS1rGeVmnGJ6iOzat0,YT-852081,YATO,Czesci_zamienne_YT-852081.pdf,YT-852081,True,True,drive-1hM9Dl7OsB7e3JEmS1rGeVmnGJ6iOzat0-YT-852081,https://drive.google.com/file/d/1hM9Dl7OsB7e3JEmS1rGeVmnGJ6iOzat0/preview,https://drive.google.com/file/d/1hM9Dl7OsB7e3JEmS1rGeVmnGJ6iOzat0/view?usp=drivesdk
17cMKA2pF8XGDkZ5jPhivVaZTOA8e7yqK,YT-852082,YATO,Czesci_zamienne_YT-852082.pdf,YT-852082,True,True,drive-17cMKA2pF8XGDkZ5jPhivVaZTOA8e7yqK-YT-852082,https://drive.google.com/file/d/17cMKA2pF8XGDkZ5jPhivVaZTOA8e7yqK/preview,https://drive.google.com/file/d/17cMKA2pF8XGDkZ5jPhivVaZTOA8e7yqK/view?usp=drivesdk
1v0YiyGSL1ysWpoZxQziWm66jzdvRHRYS,YT-85220,YATO,Czesci_zamienne_YT-85220.pdf,YT-85220,True,True,drive-1v0YiyGSL1ysWpoZxQziWm66jzdvRHRYS-YT-85220,https://drive.google.com/file/d/1v0YiyGSL1ysWpoZxQziWm66jzdvRHRYS/preview,https://drive.google.com/file/d/1v0YiyGSL1ysWpoZxQziWm66jzdvRHRYS/view?usp=drivesdk
1RblrdVOmpGwkYRm17eu-ILQha4yHLG6i,YT-85221,YATO,Czesci_zamienne_YT-85221.pdf,YT-85221,True,True,drive-1RblrdVOmpGwkYRm17eu-ILQha4yHLG6i-YT-85221,https://drive.google.com/file/d/1RblrdVOmpGwkYRm17eu-ILQha4yHLG6i/preview,https://drive.google.com/file/d/1RblrdVOmpGwkYRm17eu-ILQha4yHLG6i/view?usp=drivesdk
12zi7j4UPWzCBCprnB860h2W1KHeknV7Q,YT-85222,YATO,Czesci_zamienne_YT-85222.pdf,YT-85222,True,True,drive-12zi7j4UPWzCBCprnB860h2W1KHeknV7Q-YT-85222,https://drive.google.com/file/d/12zi7j4UPWzCBCprnB860h2W1KHeknV7Q/preview,https://drive.google.com/file/d/12zi7j4UPWzCBCprnB860h2W1KHeknV7Q/view?usp=drivesdk
1IQU4p0zUxxPEenY-G3bZVbzJh_zGdCmC,YT-85223,YATO,Czesci_zamienne_YT-85223.pdf,YT-85223,True,True,drive-1IQU4p0zUxxPEenY-G3bZVbzJh_zGdCmC-YT-85223,https://drive.google.com/file/d/1IQU4p0zUxxPEenY-G3bZVbzJh_zGdCmC/preview,https://drive.google.com/file/d/1IQU4p0zUxxPEenY-G3bZVbzJh_zGdCmC/view?usp=drivesdk
1D-coiCoZ8EYrjmrcd7rnZ3XnR9CbsmPA,YT-85224,YATO,Czesci_zamienne_YT-85224.pdf,YT-85224,True,True,drive-1D-coiCoZ8EYrjmrcd7rnZ3XnR9CbsmPA-YT-85224,https://drive.google.com/file/d/1D-coiCoZ8EYrjmrcd7rnZ3XnR9CbsmPA/preview,https://drive.google.com/file/d/1D-coiCoZ8EYrjmrcd7rnZ3XnR9CbsmPA/view?usp=drivesdk
1VvNpUvkVBEmC85Nxlges4-1KIp_MBdmf,YT-85225,YATO,Czesci_zamienne_YT-85225.pdf,YT-85225,True,True,drive-1VvNpUvkVBEmC85Nxlges4-1KIp_MBdmf-YT-85225,https://drive.google.com/file/d/1VvNpUvkVBEmC85Nxlges4-1KIp_MBdmf/preview,https://drive.google.com/file/d/1VvNpUvkVBEmC85Nxlges4-1KIp_MBdmf/view?usp=drivesdk
1h5sJ5wOioK0T7mb7G0w32epX-rkfqdBD,YT-85230,YATO,Czesci_zamienne_YT-85230.pdf,YT-85230,True,True,drive-1h5sJ5wOioK0T7mb7G0w32epX-rkfqdBD-YT-85230,https://drive.google.com/file/d/1h5sJ5wOioK0T7mb7G0w32epX-rkfqdBD/preview,https://drive.google.com/file/d/1h5sJ5wOioK0T7mb7G0w32epX-rkfqdBD/view?usp=drivesdk
1AEeQVSIuHd4uYLnYUyGrATkYHARTxBAD,YT-85234,YATO,Czesci_zamienne_YT-85234.pdf,YT-85234,True,True,drive-1AEeQVSIuHd4uYLnYUyGrATkYHARTxBAD-YT-85234,https://drive.google.com/file/d/1AEeQVSIuHd4uYLnYUyGrATkYHARTxBAD/preview,https://drive.google.com/file/d/1AEeQVSIuHd4uYLnYUyGrATkYHARTxBAD/view?usp=drivesdk
157GQvBuatJURFLYJOIpPEq9S26TtX1up,YT-852370,YATO,Czesci_zamienne_YT-852370.pdf,YT-852370,True,True,drive-157GQvBuatJURFLYJOIpPEq9S26TtX1up-YT-852370,https://drive.google.com/file/d/157GQvBuatJURFLYJOIpPEq9S26TtX1up/preview,https://drive.google.com/file/d/157GQvBuatJURFLYJOIpPEq9S26TtX1up/view?usp=drivesdk
1auPSAuiSC_gKsK3MH4eCtbzxz3QUga0_,YT-85271,YATO,Czesci_zamienne_YT-85271.pdf,YT-85271,True,True,drive-1auPSAuiSC_gKsK3MH4eCtbzxz3QUga0_-YT-85271,https://drive.google.com/file/d/1auPSAuiSC_gKsK3MH4eCtbzxz3QUga0_/preview,https://drive.google.com/file/d/1auPSAuiSC_gKsK3MH4eCtbzxz3QUga0_/view?usp=drivesdk
1lIJ_3jW5ajMbWwHod1GOWuBSCiXVqtYt,YT-85283,YATO,Czesci_zamienne_YT-85283.pdf,YT-85283,True,True,drive-1lIJ_3jW5ajMbWwHod1GOWuBSCiXVqtYt-YT-85283,https://drive.google.com/file/d/1lIJ_3jW5ajMbWwHod1GOWuBSCiXVqtYt/preview,https://drive.google.com/file/d/1lIJ_3jW5ajMbWwHod1GOWuBSCiXVqtYt/view?usp=drivesdk
1_VYzEnlH1-uSoPgOFpoVa51D7yPVyjnB,YT-85286,YATO,Czesci_zamienne_YT-85286.pdf,YT-85286,True,True,drive-1_VYzEnlH1-uSoPgOFpoVa51D7yPVyjnB-YT-85286,https://drive.google.com/file/d/1_VYzEnlH1-uSoPgOFpoVa51D7yPVyjnB/preview,https://drive.google.com/file/d/1_VYzEnlH1-uSoPgOFpoVa51D7yPVyjnB/view?usp=drivesdk
1O5lqWf9sdR345lErUjE9BmYpvfkAMT4F,YT-85287,YATO,Czesci_zamienne_YT-85287.pdf,YT-85287,True,True,drive-1O5lqWf9sdR345lErUjE9BmYpvfkAMT4F-YT-85287,https://drive.google.com/file/d/1O5lqWf9sdR345lErUjE9BmYpvfkAMT4F/preview,https://drive.google.com/file/d/1O5lqWf9sdR345lErUjE9BmYpvfkAMT4F/view?usp=drivesdk
1NoUeXbXp72QaU7tX843dWUni5MVAUTIK,YT-85300,YATO,Czesci_zamienne_YT-85300.pdf,YT-85300,True,True,drive-1NoUeXbXp72QaU7tX843dWUni5MVAUTIK-YT-85300,https://drive.google.com/file/d/1NoUeXbXp72QaU7tX843dWUni5MVAUTIK/preview,https://drive.google.com/file/d/1NoUeXbXp72QaU7tX843dWUni5MVAUTIK/view?usp=drivesdk
1T-xIeNQyPlZArSJri9KLbHM2tvIU0uR0,YT-85301,YATO,Czesci_zamienne_YT-85301.pdf,YT-85301,True,True,drive-1T-xIeNQyPlZArSJri9KLbHM2tvIU0uR0-YT-85301,https://drive.google.com/file/d/1T-xIeNQyPlZArSJri9KLbHM2tvIU0uR0/preview,https://drive.google.com/file/d/1T-xIeNQyPlZArSJri9KLbHM2tvIU0uR0/view?usp=drivesdk
1nGQ829jI31V9u4p4umXp_mMIKJqhdmJJ,YT-85330,YATO,Czesci_zamienne_YT-85330.pdf,YT-85330,True,True,drive-1nGQ829jI31V9u4p4umXp_mMIKJqhdmJJ-YT-85330,https://drive.google.com/file/d/1nGQ829jI31V9u4p4umXp_mMIKJqhdmJJ/preview,https://drive.google.com/file/d/1nGQ829jI31V9u4p4umXp_mMIKJqhdmJJ/view?usp=drivesdk
18sHS7hKFcdRJPL-3I6S6QJYDyqKJGGB9,YT-85333,YATO,Czesci_zamienne_YT-85333.pdf,YT-85333,True,True,drive-18sHS7hKFcdRJPL-3I6S6QJYDyqKJGGB9-YT-85333,https://drive.google.com/file/d/18sHS7hKFcdRJPL-3I6S6QJYDyqKJGGB9/preview,https://drive.google.com/file/d/18sHS7hKFcdRJPL-3I6S6QJYDyqKJGGB9/view?usp=drivesdk
1_iS7D352bBcDiv6sswmSPjKPTrSJt8Wt,YT-85341,YATO,Czesci_zamienne_YT-85341.pdf,YT-85341,True,True,drive-1_iS7D352bBcDiv6sswmSPjKPTrSJt8Wt-YT-85341,https://drive.google.com/file/d/1_iS7D352bBcDiv6sswmSPjKPTrSJt8Wt/preview,https://drive.google.com/file/d/1_iS7D352bBcDiv6sswmSPjKPTrSJt8Wt/view?usp=drivesdk
13vB46TzZ9ykLXHhjFzoEsDxzZTkVvVsN,YT-85343,YATO,Czesci_zamienne_YT-85343.pdf,YT-85343,True,True,drive-13vB46TzZ9ykLXHhjFzoEsDxzZTkVvVsN-YT-85343,https://drive.google.com/file/d/13vB46TzZ9ykLXHhjFzoEsDxzZTkVvVsN/preview,https://drive.google.com/file/d/13vB46TzZ9ykLXHhjFzoEsDxzZTkVvVsN/view?usp=drivesdk
1hwSsol6w4NThzcaWJBgjSuC8K-J2jTse,YT-85349,YATO,Czesci_zamienne_YT-85349.pdf,YT-85349,True,True,drive-1hwSsol6w4NThzcaWJBgjSuC8K-J2jTse-YT-85349,https://drive.google.com/file/d/1hwSsol6w4NThzcaWJBgjSuC8K-J2jTse/preview,https://drive.google.com/file/d/1hwSsol6w4NThzcaWJBgjSuC8K-J2jTse/view?usp=drivesdk
1QO6DXJKM0muuyX-HD30_25sN423EXaGr,YT-85350,YATO,Czesci_zamienne_YT-85350.pdf,YT-85350,True,True,drive-1QO6DXJKM0muuyX-HD30_25sN423EXaGr-YT-85350,https://drive.google.com/file/d/1QO6DXJKM0muuyX-HD30_25sN423EXaGr/preview,https://drive.google.com/file/d/1QO6DXJKM0muuyX-HD30_25sN423EXaGr/view?usp=drivesdk
1Fpbw-0qYy1VK4a7xr9Afc4SioCJyQgce,YT-85363,YATO,Czesci_zamienne_YT-85363.pdf,YT-85363,True,True,drive-1Fpbw-0qYy1VK4a7xr9Afc4SioCJyQgce-YT-85363,https://drive.google.com/file/d/1Fpbw-0qYy1VK4a7xr9Afc4SioCJyQgce/preview,https://drive.google.com/file/d/1Fpbw-0qYy1VK4a7xr9Afc4SioCJyQgce/view?usp=drivesdk
1L55eyBX3WQEqRz9Fuy5JgIbe2kHRyKY6,YT-85364,YATO,Czesci_zamienne_YT-85364.pdf,YT-85364,True,True,drive-1L55eyBX3WQEqRz9Fuy5JgIbe2kHRyKY6-YT-85364,https://drive.google.com/file/d/1L55eyBX3WQEqRz9Fuy5JgIbe2kHRyKY6/preview,https://drive.google.com/file/d/1L55eyBX3WQEqRz9Fuy5JgIbe2kHRyKY6/view?usp=drivesdk
1jYP9XGaH8ey8i9Q29ikp6rdCAKpl2qQo,YT-85370,YATO,Czesci_zamienne_YT-85370.pdf,YT-85370,True,True,drive-1jYP9XGaH8ey8i9Q29ikp6rdCAKpl2qQo-YT-85370,https://drive.google.com/file/d/1jYP9XGaH8ey8i9Q29ikp6rdCAKpl2qQo/preview,https://drive.google.com/file/d/1jYP9XGaH8ey8i9Q29ikp6rdCAKpl2qQo/view?usp=drivesdk
1KiyAvrp0IpQ0X9dhYzuFDFr7ezvkU7Ap,YT-85371,YATO,Czesci_zamienne_YT-85371.pdf,YT-85371,True,True,drive-1KiyAvrp0IpQ0X9dhYzuFDFr7ezvkU7Ap-YT-85371,https://drive.google.com/file/d/1KiyAvrp0IpQ0X9dhYzuFDFr7ezvkU7Ap/preview,https://drive.google.com/file/d/1KiyAvrp0IpQ0X9dhYzuFDFr7ezvkU7Ap/view?usp=drivesdk
1ejdukK6egG5BwOQqNJ95JNH3sW8UV4w7,YT-85372,YATO,Czesci_zamienne_YT-85372.pdf,YT-85372,True,True,drive-1ejdukK6egG5BwOQqNJ95JNH3sW8UV4w7-YT-85372,https://drive.google.com/file/d/1ejdukK6egG5BwOQqNJ95JNH3sW8UV4w7/preview,https://drive.google.com/file/d/1ejdukK6egG5BwOQqNJ95JNH3sW8UV4w7/view?usp=drivesdk
1LMsLLd2IKAMvCtseOo8J03e3eGnbx-c2,YT-85401,YATO,Czesci_zamienne_YT-85401.pdf,YT-85401,True,True,drive-1LMsLLd2IKAMvCtseOo8J03e3eGnbx-c2-YT-85401,https://drive.google.com/file/d/1LMsLLd2IKAMvCtseOo8J03e3eGnbx-c2/preview,https://drive.google.com/file/d/1LMsLLd2IKAMvCtseOo8J03e3eGnbx-c2/view?usp=drivesdk
1JyGK9tm7IUdsilARaL33d8H98-eqvNrt,YT-85402,YATO,Czesci_zamienne_YT-85402.pdf,YT-85402,True,True,drive-1JyGK9tm7IUdsilARaL33d8H98-eqvNrt-YT-85402,https://drive.google.com/file/d/1JyGK9tm7IUdsilARaL33d8H98-eqvNrt/preview,https://drive.google.com/file/d/1JyGK9tm7IUdsilARaL33d8H98-eqvNrt/view?usp=drivesdk
1KaVW_wBg-NytHgqVswuu1Qb2egHq-7i3,YT-85403,YATO,Czesci_zamienne_YT-85403.pdf,YT-85403,True,True,drive-1KaVW_wBg-NytHgqVswuu1Qb2egHq-7i3-YT-85403,https://drive.google.com/file/d/1KaVW_wBg-NytHgqVswuu1Qb2egHq-7i3/preview,https://drive.google.com/file/d/1KaVW_wBg-NytHgqVswuu1Qb2egHq-7i3/view?usp=drivesdk
1ZAH4gzJ5PUaxA0FxVFCxUH_nXSXaDk56,YT-85421,YATO,Czesci_zamienne_YT-85421.pdf,YT-85421,True,True,drive-1ZAH4gzJ5PUaxA0FxVFCxUH_nXSXaDk56-YT-85421,https://drive.google.com/file/d/1ZAH4gzJ5PUaxA0FxVFCxUH_nXSXaDk56/preview,https://drive.google.com/file/d/1ZAH4gzJ5PUaxA0FxVFCxUH_nXSXaDk56/view?usp=drivesdk
1hgAz_RLG0FiMzR54SXeGAbrh5wtyVkrU,YT-85422,YATO,Czesci_zamienne_YT-85422.pdf,YT-85422,True,True,drive-1hgAz_RLG0FiMzR54SXeGAbrh5wtyVkrU-YT-85422,https://drive.google.com/file/d/1hgAz_RLG0FiMzR54SXeGAbrh5wtyVkrU/preview,https://drive.google.com/file/d/1hgAz_RLG0FiMzR54SXeGAbrh5wtyVkrU/view?usp=drivesdk
1SWyj4LnzNHp_djUvo2DWFH4wUpD9WKib,YT-85432,YATO,Czesci_zamienne_YT-85432.pdf,YT-85432,True,True,drive-1SWyj4LnzNHp_djUvo2DWFH4wUpD9WKib-YT-85432,https://drive.google.com/file/d/1SWyj4LnzNHp_djUvo2DWFH4wUpD9WKib/preview,https://drive.google.com/file/d/1SWyj4LnzNHp_djUvo2DWFH4wUpD9WKib/view?usp=drivesdk
185-R-KLouCmBhpSYEe1URl-ntVeAsEnH,YT-85434,YATO,Czesci_zamienne_YT-85434.pdf,YT-85434,True,True,drive-185-R-KLouCmBhpSYEe1URl-ntVeAsEnH-YT-85434,https://drive.google.com/file/d/185-R-KLouCmBhpSYEe1URl-ntVeAsEnH/preview,https://drive.google.com/file/d/185-R-KLouCmBhpSYEe1URl-ntVeAsEnH/view?usp=drivesdk
1ZE2hekusOzLQj0hWcVBqAGe1YsFzTBtF,YT-85437,YATO,Czesci_zamienne_YT-85437.pdf,YT-85437,True,True,drive-1ZE2hekusOzLQj0hWcVBqAGe1YsFzTBtF-YT-85437,https://drive.google.com/file/d/1ZE2hekusOzLQj0hWcVBqAGe1YsFzTBtF/preview,https://drive.google.com/file/d/1ZE2hekusOzLQj0hWcVBqAGe1YsFzTBtF/view?usp=drivesdk
1i1ItLf9iro3wn2Bnis5HsnM3zNNFgiYm,YT-85440,YATO,Czesci_zamienne_YT-85440.pdf,YT-85440,True,True,drive-1i1ItLf9iro3wn2Bnis5HsnM3zNNFgiYm-YT-85440,https://drive.google.com/file/d/1i1ItLf9iro3wn2Bnis5HsnM3zNNFgiYm/preview,https://drive.google.com/file/d/1i1ItLf9iro3wn2Bnis5HsnM3zNNFgiYm/view?usp=drivesdk
1yOKvrhCkamy_9abFW1MZxuela2XjhEd1,YT-85451,YATO,Czesci_zamienne_YT-85451.pdf,YT-85451,True,True,drive-1yOKvrhCkamy_9abFW1MZxuela2XjhEd1-YT-85451,https://drive.google.com/file/d/1yOKvrhCkamy_9abFW1MZxuela2XjhEd1/preview,https://drive.google.com/file/d/1yOKvrhCkamy_9abFW1MZxuela2XjhEd1/view?usp=drivesdk
1AqMdOYgknJZwNLcnuDMbAgtAJl1EVwcc,YT-85453,YATO,Czesci_zamienne_YT-85453.pdf,YT-85453,True,True,drive-1AqMdOYgknJZwNLcnuDMbAgtAJl1EVwcc-YT-85453,https://drive.google.com/file/d/1AqMdOYgknJZwNLcnuDMbAgtAJl1EVwcc/preview,https://drive.google.com/file/d/1AqMdOYgknJZwNLcnuDMbAgtAJl1EVwcc/view?usp=drivesdk
15xlcSQpRFlrrZkE3GnjX2f2qp4eZtZyn,YT-85460,YATO,Czesci_zamienne_YT-85460.pdf,YT-85460,True,True,drive-15xlcSQpRFlrrZkE3GnjX2f2qp4eZtZyn-YT-85460,https://drive.google.com/file/d/15xlcSQpRFlrrZkE3GnjX2f2qp4eZtZyn/preview,https://drive.google.com/file/d/15xlcSQpRFlrrZkE3GnjX2f2qp4eZtZyn/view?usp=drivesdk
1Bt2fdH3mjE-8LD9A6fSvPvH0FdzQGZGP,YT-85481,YATO,Czesci_zamienne_YT-85481.pdf,YT-85481,True,True,drive-1Bt2fdH3mjE-8LD9A6fSvPvH0FdzQGZGP-YT-85481,https://drive.google.com/file/d/1Bt2fdH3mjE-8LD9A6fSvPvH0FdzQGZGP/preview,https://drive.google.com/file/d/1Bt2fdH3mjE-8LD9A6fSvPvH0FdzQGZGP/view?usp=drivesdk
1nVNKe8VVhJrGH_Wv6E0gKXBlo1SN5klI,YT-85482,YATO,Czesci_zamienne_YT-85482.pdf,YT-85482,True,True,drive-1nVNKe8VVhJrGH_Wv6E0gKXBlo1SN5klI-YT-85482,https://drive.google.com/file/d/1nVNKe8VVhJrGH_Wv6E0gKXBlo1SN5klI/preview,https://drive.google.com/file/d/1nVNKe8VVhJrGH_Wv6E0gKXBlo1SN5klI/view?usp=drivesdk
12_ksqHOeTAnzuLBSatVdxI5X9y6iaJxZ,YT-85483,YATO,Czesci_zamienne_YT-85483.pdf,YT-85483,True,True,drive-12_ksqHOeTAnzuLBSatVdxI5X9y6iaJxZ-YT-85483,https://drive.google.com/file/d/12_ksqHOeTAnzuLBSatVdxI5X9y6iaJxZ/preview,https://drive.google.com/file/d/12_ksqHOeTAnzuLBSatVdxI5X9y6iaJxZ/view?usp=drivesdk
1hoWKr1JIOyc6j1S43w8E8aE9xchxH1iw,YT-85485,YATO,Czesci_zamienne_YT-85485.pdf,YT-85485,True,True,drive-1hoWKr1JIOyc6j1S43w8E8aE9xchxH1iw-YT-85485,https://drive.google.com/file/d/1hoWKr1JIOyc6j1S43w8E8aE9xchxH1iw/preview,https://drive.google.com/file/d/1hoWKr1JIOyc6j1S43w8E8aE9xchxH1iw/view?usp=drivesdk
1N2MBJ0v6N-5LTusoQDDbqKm7y8EsMmvC,YT-85486,YATO,Czesci_zamienne_YT-85486.pdf,YT-85486,True,True,drive-1N2MBJ0v6N-5LTusoQDDbqKm7y8EsMmvC-YT-85486,https://drive.google.com/file/d/1N2MBJ0v6N-5LTusoQDDbqKm7y8EsMmvC/preview,https://drive.google.com/file/d/1N2MBJ0v6N-5LTusoQDDbqKm7y8EsMmvC/view?usp=drivesdk
1CEDuqYrUss-S6hXo5e8VAgeRKxqsxIX-,YT-85520,YATO,Czesci_zamienne_YT-85520.pdf,YT-85520,True,True,drive-1CEDuqYrUss-S6hXo5e8VAgeRKxqsxIX--YT-85520,https://drive.google.com/file/d/1CEDuqYrUss-S6hXo5e8VAgeRKxqsxIX-/preview,https://drive.google.com/file/d/1CEDuqYrUss-S6hXo5e8VAgeRKxqsxIX-/view?usp=drivesdk
1SAAHrOSH0V8xwJMqKMB7E4mWYcbq6qmy,YT-85521,YATO,Czesci_zamienne_YT-85521.pdf,YT-85521,True,True,drive-1SAAHrOSH0V8xwJMqKMB7E4mWYcbq6qmy-YT-85521,https://drive.google.com/file/d/1SAAHrOSH0V8xwJMqKMB7E4mWYcbq6qmy/preview,https://drive.google.com/file/d/1SAAHrOSH0V8xwJMqKMB7E4mWYcbq6qmy/view?usp=drivesdk
1DMCuy4WXiN_oRgXChYqoW99j8QIvThVl,YT-85525,YATO,Czesci_zamienne_YT-85525.pdf,YT-85525,True,True,drive-1DMCuy4WXiN_oRgXChYqoW99j8QIvThVl-YT-85525,https://drive.google.com/file/d/1DMCuy4WXiN_oRgXChYqoW99j8QIvThVl/preview,https://drive.google.com/file/d/1DMCuy4WXiN_oRgXChYqoW99j8QIvThVl/view?usp=drivesdk
1NKclqcK-tReNqlO14TqXjdTS8xhraTwa,YT-85528,YATO,Czesci_zamienne_YT-85528.pdf,YT-85528,True,True,drive-1NKclqcK-tReNqlO14TqXjdTS8xhraTwa-YT-85528,https://drive.google.com/file/d/1NKclqcK-tReNqlO14TqXjdTS8xhraTwa/preview,https://drive.google.com/file/d/1NKclqcK-tReNqlO14TqXjdTS8xhraTwa/view?usp=drivesdk
1Bmv6AmUfPH7cTjZlUkrpuclIZSaHiYX0,YT-85532,YATO,Czesci_zamienne_YT-85532.pdf,YT-85532,True,True,drive-1Bmv6AmUfPH7cTjZlUkrpuclIZSaHiYX0-YT-85532,https://drive.google.com/file/d/1Bmv6AmUfPH7cTjZlUkrpuclIZSaHiYX0/preview,https://drive.google.com/file/d/1Bmv6AmUfPH7cTjZlUkrpuclIZSaHiYX0/view?usp=drivesdk
1r165TvVlSyU41INAV-sAYUHJxyHWRqUs,YT-85533,YATO,Czesci_zamienne_YT-85533.pdf,YT-85533,True,True,drive-1r165TvVlSyU41INAV-sAYUHJxyHWRqUs-YT-85533,https://drive.google.com/file/d/1r165TvVlSyU41INAV-sAYUHJxyHWRqUs/preview,https://drive.google.com/file/d/1r165TvVlSyU41INAV-sAYUHJxyHWRqUs/view?usp=drivesdk
1o07RpX0eHvfkGV_I4dbFtHDWZLGiCjff,YT-85537,YATO,Czesci_zamienne_YT-85537.pdf,YT-85537,True,True,drive-1o07RpX0eHvfkGV_I4dbFtHDWZLGiCjff-YT-85537,https://drive.google.com/file/d/1o07RpX0eHvfkGV_I4dbFtHDWZLGiCjff/preview,https://drive.google.com/file/d/1o07RpX0eHvfkGV_I4dbFtHDWZLGiCjff/view?usp=drivesdk
10wUTmN4tbpxyN06U7vuBqL7kCzUQb92K,YT-85545,YATO,Czesci_zamienne_YT-85545.pdf,YT-85545,True,True,drive-10wUTmN4tbpxyN06U7vuBqL7kCzUQb92K-YT-85545,https://drive.google.com/file/d/10wUTmN4tbpxyN06U7vuBqL7kCzUQb92K/preview,https://drive.google.com/file/d/10wUTmN4tbpxyN06U7vuBqL7kCzUQb92K/view?usp=drivesdk
10cacLBinMEc7ALSkUA7HH_gY013HwChc,YT-85550,YATO,Czesci_zamienne_YT-85550.pdf,YT-85550,True,True,drive-10cacLBinMEc7ALSkUA7HH_gY013HwChc-YT-85550,https://drive.google.com/file/d/10cacLBinMEc7ALSkUA7HH_gY013HwChc/preview,https://drive.google.com/file/d/10cacLBinMEc7ALSkUA7HH_gY013HwChc/view?usp=drivesdk
1RkLJUFsugljgP3EX05lIpNIVU6SYAVsI,YT-85551,YATO,Czesci_zamienne_YT-85551.pdf,YT-85551,True,True,drive-1RkLJUFsugljgP3EX05lIpNIVU6SYAVsI-YT-85551,https://drive.google.com/file/d/1RkLJUFsugljgP3EX05lIpNIVU6SYAVsI/preview,https://drive.google.com/file/d/1RkLJUFsugljgP3EX05lIpNIVU6SYAVsI/view?usp=drivesdk
1wrC9QvLPX886qx0GywzuN5kGA7Uw35BY,YT-85552,YATO,Czesci_zamienne_YT-85552.pdf,YT-85552,True,True,drive-1wrC9QvLPX886qx0GywzuN5kGA7Uw35BY-YT-85552,https://drive.google.com/file/d/1wrC9QvLPX886qx0GywzuN5kGA7Uw35BY/preview,https://drive.google.com/file/d/1wrC9QvLPX886qx0GywzuN5kGA7Uw35BY/view?usp=drivesdk
1qny_iAszUJy_JGzT9CgDlFvPM98Jz_lb,YT-85553,YATO,Czesci_zamienne_YT-85553.pdf,YT-85553,True,True,drive-1qny_iAszUJy_JGzT9CgDlFvPM98Jz_lb-YT-85553,https://drive.google.com/file/d/1qny_iAszUJy_JGzT9CgDlFvPM98Jz_lb/preview,https://drive.google.com/file/d/1qny_iAszUJy_JGzT9CgDlFvPM98Jz_lb/view?usp=drivesdk
1IApWa-qkNU6EZL1OBZkUseMPDRQtXGpq,YT-85554,YATO,Czesci_zamienne_YT-85554.pdf,YT-85554,True,True,drive-1IApWa-qkNU6EZL1OBZkUseMPDRQtXGpq-YT-85554,https://drive.google.com/file/d/1IApWa-qkNU6EZL1OBZkUseMPDRQtXGpq/preview,https://drive.google.com/file/d/1IApWa-qkNU6EZL1OBZkUseMPDRQtXGpq/view?usp=drivesdk
1xwk9uci_vUi53qJGMZLgVBjNABNU76MB,YT-85570,YATO,Czesci_zamienne_YT-85570.pdf,YT-85570,True,True,drive-1xwk9uci_vUi53qJGMZLgVBjNABNU76MB-YT-85570,https://drive.google.com/file/d/1xwk9uci_vUi53qJGMZLgVBjNABNU76MB/preview,https://drive.google.com/file/d/1xwk9uci_vUi53qJGMZLgVBjNABNU76MB/view?usp=drivesdk
10aZjshEV_iBft-ZfmMUveXZDVzjNGKRT,YT-85580,YATO,Czesci_zamienne_YT-85580.pdf,YT-85580,True,True,drive-10aZjshEV_iBft-ZfmMUveXZDVzjNGKRT-YT-85580,https://drive.google.com/file/d/10aZjshEV_iBft-ZfmMUveXZDVzjNGKRT/preview,https://drive.google.com/file/d/10aZjshEV_iBft-ZfmMUveXZDVzjNGKRT/view?usp=drivesdk
1UcbLuRbqS-Qfw_F480SS5CUUUWqn3yLP,YT-85590,YATO,Czesci_zamienne_YT-85590.pdf,YT-85590,True,True,drive-1UcbLuRbqS-Qfw_F480SS5CUUUWqn3yLP-YT-85590,https://drive.google.com/file/d/1UcbLuRbqS-Qfw_F480SS5CUUUWqn3yLP/preview,https://drive.google.com/file/d/1UcbLuRbqS-Qfw_F480SS5CUUUWqn3yLP/view?usp=drivesdk
1q7fxdkU5Blxh-Z8aZRGghQjN5_3E-g5G,YT-85591,YATO,Czesci_zamienne_YT-85591.pdf,YT-85591,True,True,drive-1q7fxdkU5Blxh-Z8aZRGghQjN5_3E-g5G-YT-85591,https://drive.google.com/file/d/1q7fxdkU5Blxh-Z8aZRGghQjN5_3E-g5G/preview,https://drive.google.com/file/d/1q7fxdkU5Blxh-Z8aZRGghQjN5_3E-g5G/view?usp=drivesdk
1HOI21wXVFvvOttINWkcKsoIHgLU35cBe,YT-85592,YATO,Czesci_zamienne_YT-85592.pdf,YT-85592,True,True,drive-1HOI21wXVFvvOttINWkcKsoIHgLU35cBe-YT-85592,https://drive.google.com/file/d/1HOI21wXVFvvOttINWkcKsoIHgLU35cBe/preview,https://drive.google.com/file/d/1HOI21wXVFvvOttINWkcKsoIHgLU35cBe/view?usp=drivesdk
1RPCpOYcuIz4uRvW3NaiSZ23wKKWei4fu,YT-85600,YATO,Czesci_zamienne_YT-85600.pdf,YT-85600,True,True,drive-1RPCpOYcuIz4uRvW3NaiSZ23wKKWei4fu-YT-85600,https://drive.google.com/file/d/1RPCpOYcuIz4uRvW3NaiSZ23wKKWei4fu/preview,https://drive.google.com/file/d/1RPCpOYcuIz4uRvW3NaiSZ23wKKWei4fu/view?usp=drivesdk
1MFcbQQgP4Rk8BxDmPHnpaUlr3zwXHMzX,YT-85680,YATO,Czesci_zamienne_YT-85680.pdf,YT-85680,True,True,drive-1MFcbQQgP4Rk8BxDmPHnpaUlr3zwXHMzX-YT-85680,https://drive.google.com/file/d/1MFcbQQgP4Rk8BxDmPHnpaUlr3zwXHMzX/preview,https://drive.google.com/file/d/1MFcbQQgP4Rk8BxDmPHnpaUlr3zwXHMzX/view?usp=drivesdk
1HkDbrmySMThHB3XI0o3FKfhU-C79wMXC,YT-85690,YATO,Czesci_zamienne_YT-85690.pdf,YT-85690,True,True,drive-1HkDbrmySMThHB3XI0o3FKfhU-C79wMXC-YT-85690,https://drive.google.com/file/d/1HkDbrmySMThHB3XI0o3FKfhU-C79wMXC/preview,https://drive.google.com/file/d/1HkDbrmySMThHB3XI0o3FKfhU-C79wMXC/view?usp=drivesdk
1asvFPuCoxzqkHWSkPlP1Ki9InGJA7in5,YT-85691,YATO,Czesci_zamienne_YT-85691.pdf,YT-85691,True,True,drive-1asvFPuCoxzqkHWSkPlP1Ki9InGJA7in5-YT-85691,https://drive.google.com/file/d/1asvFPuCoxzqkHWSkPlP1Ki9InGJA7in5/preview,https://drive.google.com/file/d/1asvFPuCoxzqkHWSkPlP1Ki9InGJA7in5/view?usp=drivesdk
1w4I8GPFU0swxcV11ozs4FTDggaBGSJJJ,YT-85695,YATO,Czesci_zamienne_YT-85695 YT-85696.pdf,YT-85695 YT-85696,False,True,drive-1w4I8GPFU0swxcV11ozs4FTDggaBGSJJJ-YT-85695,https://drive.google.com/file/d/1w4I8GPFU0swxcV11ozs4FTDggaBGSJJJ/preview,https://drive.google.com/file/d/1w4I8GPFU0swxcV11ozs4FTDggaBGSJJJ/view?usp=drivesdk
1w4I8GPFU0swxcV11ozs4FTDggaBGSJJJ,YT-85696,YATO,Czesci_zamienne_YT-85695 YT-85696.pdf,YT-85696 — YT-85695 YT-85696,False,True,drive-1w4I8GPFU0swxcV11ozs4FTDggaBGSJJJ-YT-85696,https://drive.google.com/file/d/1w4I8GPFU0swxcV11ozs4FTDggaBGSJJJ/preview,https://drive.google.com/file/d/1w4I8GPFU0swxcV11ozs4FTDggaBGSJJJ/view?usp=drivesdk
1dRYTf9YwuUK6pfbrPJKghYO461PThLsM,YT-85700,YATO,Czesci_zamienne_YT-85700.pdf,YT-85700,True,True,drive-1dRYTf9YwuUK6pfbrPJKghYO461PThLsM-YT-85700,https://drive.google.com/file/d/1dRYTf9YwuUK6pfbrPJKghYO461PThLsM/preview,https://drive.google.com/file/d/1dRYTf9YwuUK6pfbrPJKghYO461PThLsM/view?usp=drivesdk
1zN2vFOBftpvTNkV4hWnCRhaSsXHH9eG6,YT-85701,YATO,Czesci_zamienne_YT-85701.pdf,YT-85701,True,True,drive-1zN2vFOBftpvTNkV4hWnCRhaSsXHH9eG6-YT-85701,https://drive.google.com/file/d/1zN2vFOBftpvTNkV4hWnCRhaSsXHH9eG6/preview,https://drive.google.com/file/d/1zN2vFOBftpvTNkV4hWnCRhaSsXHH9eG6/view?usp=drivesdk
1wvo1bt4p382GLzKYWw9r_3hMwBUTIk5i,YT-85702,YATO,Czesci_zamienne_YT-85702.pdf,YT-85702,True,True,drive-1wvo1bt4p382GLzKYWw9r_3hMwBUTIk5i-YT-85702,https://drive.google.com/file/d/1wvo1bt4p382GLzKYWw9r_3hMwBUTIk5i/preview,https://drive.google.com/file/d/1wvo1bt4p382GLzKYWw9r_3hMwBUTIk5i/view?usp=drivesdk
1yW5T5Q15jzwW1HCztfKnRLs1JSTsw8Um,YT-85710,YATO,Czesci_zamienne_YT-85710.pdf,YT-85710,True,True,drive-1yW5T5Q15jzwW1HCztfKnRLs1JSTsw8Um-YT-85710,https://drive.google.com/file/d/1yW5T5Q15jzwW1HCztfKnRLs1JSTsw8Um/preview,https://drive.google.com/file/d/1yW5T5Q15jzwW1HCztfKnRLs1JSTsw8Um/view?usp=drivesdk
1gjuZbaYt1MNEjPm-Cy_IXg7AEh5wHMJe,YT-85712,YATO,Czesci_zamienne_YT-85712.pdf,YT-85712,True,True,drive-1gjuZbaYt1MNEjPm-Cy_IXg7AEh5wHMJe-YT-85712,https://drive.google.com/file/d/1gjuZbaYt1MNEjPm-Cy_IXg7AEh5wHMJe/preview,https://drive.google.com/file/d/1gjuZbaYt1MNEjPm-Cy_IXg7AEh5wHMJe/view?usp=drivesdk
1zs4MevReKjPKZ81rusd0q6mNIEmNBn3A,YT-85715,YATO,Czesci_zamienne_YT-85715.pdf,YT-85715,True,True,drive-1zs4MevReKjPKZ81rusd0q6mNIEmNBn3A-YT-85715,https://drive.google.com/file/d/1zs4MevReKjPKZ81rusd0q6mNIEmNBn3A/preview,https://drive.google.com/file/d/1zs4MevReKjPKZ81rusd0q6mNIEmNBn3A/view?usp=drivesdk
1CiiqOTcdEF_lDldabuPbq4DUsoMYzg2C,YT-85716,YATO,Czesci_zamienne_YT-85716.pdf,YT-85716,True,True,drive-1CiiqOTcdEF_lDldabuPbq4DUsoMYzg2C-YT-85716,https://drive.google.com/file/d/1CiiqOTcdEF_lDldabuPbq4DUsoMYzg2C/preview,https://drive.google.com/file/d/1CiiqOTcdEF_lDldabuPbq4DUsoMYzg2C/view?usp=drivesdk
14FeXfbB_1je4wCiPzCJcam6wEWNMdbHI,YT-85719,YATO,Czesci_zamienne_YT-85719.pdf,YT-85719,True,True,drive-14FeXfbB_1je4wCiPzCJcam6wEWNMdbHI-YT-85719,https://drive.google.com/file/d/14FeXfbB_1je4wCiPzCJcam6wEWNMdbHI/preview,https://drive.google.com/file/d/14FeXfbB_1je4wCiPzCJcam6wEWNMdbHI/view?usp=drivesdk
1WEbgA7eZw6vZgwyvLaaPoKlQF9zXGlm9,YT-85720,YATO,Czesci_zamienne_YT-85720.pdf,YT-85720,True,True,drive-1WEbgA7eZw6vZgwyvLaaPoKlQF9zXGlm9-YT-85720,https://drive.google.com/file/d/1WEbgA7eZw6vZgwyvLaaPoKlQF9zXGlm9/preview,https://drive.google.com/file/d/1WEbgA7eZw6vZgwyvLaaPoKlQF9zXGlm9/view?usp=drivesdk
1EUvPh5KIZMI2bej4Xn5oJBmFFzjF1dFX,YT-85800,YATO,Czesci_zamienne_YT-85800.pdf,YT-85800,True,True,drive-1EUvPh5KIZMI2bej4Xn5oJBmFFzjF1dFX-YT-85800,https://drive.google.com/file/d/1EUvPh5KIZMI2bej4Xn5oJBmFFzjF1dFX/preview,https://drive.google.com/file/d/1EUvPh5KIZMI2bej4Xn5oJBmFFzjF1dFX/view?usp=drivesdk
1HA6i6PLMBc1GA5KCCdMMvtjsxKiONdTx,YT-85803,YATO,Czesci_zamienne_YT-85803.pdf,YT-85803,True,True,drive-1HA6i6PLMBc1GA5KCCdMMvtjsxKiONdTx-YT-85803,https://drive.google.com/file/d/1HA6i6PLMBc1GA5KCCdMMvtjsxKiONdTx/preview,https://drive.google.com/file/d/1HA6i6PLMBc1GA5KCCdMMvtjsxKiONdTx/view?usp=drivesdk
1VevRAIcLAADa0B8JXQqKaDuGeJiG0-p0,YT-85830,YATO,Czesci_zamienne_YT-85830.pdf,YT-85830,True,True,drive-1VevRAIcLAADa0B8JXQqKaDuGeJiG0-p0-YT-85830,https://drive.google.com/file/d/1VevRAIcLAADa0B8JXQqKaDuGeJiG0-p0/preview,https://drive.google.com/file/d/1VevRAIcLAADa0B8JXQqKaDuGeJiG0-p0/view?usp=drivesdk
1NpYuNbhf9DVZtYomXPFOkh4gVgETMJmD,YT-85850,YATO,Czesci_zamienne_YT-85850.pdf,YT-85850,True,True,drive-1NpYuNbhf9DVZtYomXPFOkh4gVgETMJmD-YT-85850,https://drive.google.com/file/d/1NpYuNbhf9DVZtYomXPFOkh4gVgETMJmD/preview,https://drive.google.com/file/d/1NpYuNbhf9DVZtYomXPFOkh4gVgETMJmD/view?usp=drivesdk
1_LMAXYt1gBdoj1VoTBqpRGfKvOnZM8tS,YT-85851,YATO,Czesci_zamienne_YT-85851.pdf,YT-85851,True,True,drive-1_LMAXYt1gBdoj1VoTBqpRGfKvOnZM8tS-YT-85851,https://drive.google.com/file/d/1_LMAXYt1gBdoj1VoTBqpRGfKvOnZM8tS/preview,https://drive.google.com/file/d/1_LMAXYt1gBdoj1VoTBqpRGfKvOnZM8tS/view?usp=drivesdk
1PHH3vrBhepNTMB-JTqwwoScWHSiIX757,YT-85860,YATO,Czesci_zamienne_YT-85860.pdf,YT-85860,True,True,drive-1PHH3vrBhepNTMB-JTqwwoScWHSiIX757-YT-85860,https://drive.google.com/file/d/1PHH3vrBhepNTMB-JTqwwoScWHSiIX757/preview,https://drive.google.com/file/d/1PHH3vrBhepNTMB-JTqwwoScWHSiIX757/view?usp=drivesdk
1VHMD2HCXv8wgTChLJUrJJXeggEXoYxIu,YT-85861,YATO,Czesci_zamienne_YT-85861.pdf,YT-85861,True,True,drive-1VHMD2HCXv8wgTChLJUrJJXeggEXoYxIu-YT-85861,https://drive.google.com/file/d/1VHMD2HCXv8wgTChLJUrJJXeggEXoYxIu/preview,https://drive.google.com/file/d/1VHMD2HCXv8wgTChLJUrJJXeggEXoYxIu/view?usp=drivesdk
1h2SEOzAZ2rajeS9_5m2KzMXdRW5L9us-,YT-85862,YATO,Czesci_zamienne_YT-85862.pdf,YT-85862,True,True,drive-1h2SEOzAZ2rajeS9_5m2KzMXdRW5L9us--YT-85862,https://drive.google.com/file/d/1h2SEOzAZ2rajeS9_5m2KzMXdRW5L9us-/preview,https://drive.google.com/file/d/1h2SEOzAZ2rajeS9_5m2KzMXdRW5L9us-/view?usp=drivesdk
1fvnqakidbfIUMg3jSd882chcOopa-Y0O,YT-85863,YATO,Czesci_zamienne_YT-85863.pdf,YT-85863,True,True,drive-1fvnqakidbfIUMg3jSd882chcOopa-Y0O-YT-85863,https://drive.google.com/file/d/1fvnqakidbfIUMg3jSd882chcOopa-Y0O/preview,https://drive.google.com/file/d/1fvnqakidbfIUMg3jSd882chcOopa-Y0O/view?usp=drivesdk
1aR6sJUOD2aEuGzkkJxdHMib-RpwNufNj,YT-85864,YATO,Czesci_zamienne_YT-85864.pdf,YT-85864,True,True,drive-1aR6sJUOD2aEuGzkkJxdHMib-RpwNufNj-YT-85864,https://drive.google.com/file/d/1aR6sJUOD2aEuGzkkJxdHMib-RpwNufNj/preview,https://drive.google.com/file/d/1aR6sJUOD2aEuGzkkJxdHMib-RpwNufNj/view?usp=drivesdk
1lZxXMHPVLImrrxvDC8CK4XCFPn-2FXs8,YT-85910,YATO,Czesci_zamienne_YT-85910.pdf,YT-85910,True,True,drive-1lZxXMHPVLImrrxvDC8CK4XCFPn-2FXs8-YT-85910,https://drive.google.com/file/d/1lZxXMHPVLImrrxvDC8CK4XCFPn-2FXs8/preview,https://drive.google.com/file/d/1lZxXMHPVLImrrxvDC8CK4XCFPn-2FXs8/view?usp=drivesdk
1thaVav1pZ_gH54fISsvvhc-mBlNRwZ_p,YT-85915,YATO,Czesci_zamienne_YT-85915.pdf,YT-85915,True,True,drive-1thaVav1pZ_gH54fISsvvhc-mBlNRwZ_p-YT-85915,https://drive.google.com/file/d/1thaVav1pZ_gH54fISsvvhc-mBlNRwZ_p/preview,https://drive.google.com/file/d/1thaVav1pZ_gH54fISsvvhc-mBlNRwZ_p/view?usp=drivesdk
1t2WodvgigO1SlguBwEDpFehAs-wl9WbC,YT-85930,YATO,Czesci_zamienne_YT-85930.pdf,YT-85930,True,True,drive-1t2WodvgigO1SlguBwEDpFehAs-wl9WbC-YT-85930,https://drive.google.com/file/d/1t2WodvgigO1SlguBwEDpFehAs-wl9WbC/preview,https://drive.google.com/file/d/1t2WodvgigO1SlguBwEDpFehAs-wl9WbC/view?usp=drivesdk
1ZwnTu8BJ2Z9Tj4cJe1N2ruBiBlzcZe0A,YT-86097,YATO,Czesci_zamienne_YT-86097.pdf,YT-86097,True,True,drive-1ZwnTu8BJ2Z9Tj4cJe1N2ruBiBlzcZe0A-YT-86097,https://drive.google.com/file/d/1ZwnTu8BJ2Z9Tj4cJe1N2ruBiBlzcZe0A/preview,https://drive.google.com/file/d/1ZwnTu8BJ2Z9Tj4cJe1N2ruBiBlzcZe0A/view?usp=drivesdk
1Ihfe12tQscAAQgNdx_1LTC4OgXioDMQC,YT-86106,YATO,Czesci_zamienne_YT-86106.pdf,YT-86106,True,True,drive-1Ihfe12tQscAAQgNdx_1LTC4OgXioDMQC-YT-86106,https://drive.google.com/file/d/1Ihfe12tQscAAQgNdx_1LTC4OgXioDMQC/preview,https://drive.google.com/file/d/1Ihfe12tQscAAQgNdx_1LTC4OgXioDMQC/view?usp=drivesdk
1y9KTtox2bkp6A0l9w_BiRwjU2g8enCBp,YT-86115,YATO,Czesci_zamienne_YT-86115.pdf,YT-86115,True,True,drive-1y9KTtox2bkp6A0l9w_BiRwjU2g8enCBp-YT-86115,https://drive.google.com/file/d/1y9KTtox2bkp6A0l9w_BiRwjU2g8enCBp/preview,https://drive.google.com/file/d/1y9KTtox2bkp6A0l9w_BiRwjU2g8enCBp/view?usp=drivesdk
1b9PnJo933JEpwB7AoEv2WGUOQ7T8g1ht,YT-86120,YATO,Czesci_zamienne_YT-86120.pdf,YT-86120,True,True,drive-1b9PnJo933JEpwB7AoEv2WGUOQ7T8g1ht-YT-86120,https://drive.google.com/file/d/1b9PnJo933JEpwB7AoEv2WGUOQ7T8g1ht/preview,https://drive.google.com/file/d/1b9PnJo933JEpwB7AoEv2WGUOQ7T8g1ht/view?usp=drivesdk
1GCuImpXO9805f7Y2EgiWkX4L0IiCdJP1,YT-86125,YATO,Czesci_zamienne_YT-86125.pdf,YT-86125,True,True,drive-1GCuImpXO9805f7Y2EgiWkX4L0IiCdJP1-YT-86125,https://drive.google.com/file/d/1GCuImpXO9805f7Y2EgiWkX4L0IiCdJP1/preview,https://drive.google.com/file/d/1GCuImpXO9805f7Y2EgiWkX4L0IiCdJP1/view?usp=drivesdk
1s_gIN-uxK_R2uh1FKYtgvhXYIRlRawh2,YT-86139,YATO,Czesci_zamienne_YT-86139.pdf,YT-86139,True,True,drive-1s_gIN-uxK_R2uh1FKYtgvhXYIRlRawh2-YT-86139,https://drive.google.com/file/d/1s_gIN-uxK_R2uh1FKYtgvhXYIRlRawh2/preview,https://drive.google.com/file/d/1s_gIN-uxK_R2uh1FKYtgvhXYIRlRawh2/view?usp=drivesdk
1uFQRSy4p3cI8RvTLhT_I3-nCblc5NZDU,YT-86140,YATO,Czesci_zamienne_YT-86140.pdf,YT-86140,True,True,drive-1uFQRSy4p3cI8RvTLhT_I3-nCblc5NZDU-YT-86140,https://drive.google.com/file/d/1uFQRSy4p3cI8RvTLhT_I3-nCblc5NZDU/preview,https://drive.google.com/file/d/1uFQRSy4p3cI8RvTLhT_I3-nCblc5NZDU/view?usp=drivesdk
1H6zDaM13S_CSjh3bcRf0bMm30n3-613f,YT-86144,YATO,Czesci_zamienne_YT-86144.pdf,YT-86144,True,True,drive-1H6zDaM13S_CSjh3bcRf0bMm30n3-613f-YT-86144,https://drive.google.com/file/d/1H6zDaM13S_CSjh3bcRf0bMm30n3-613f/preview,https://drive.google.com/file/d/1H6zDaM13S_CSjh3bcRf0bMm30n3-613f/view?usp=drivesdk
1ElMmE9sOhGQ1vWyUImWl6QvOBe27hiue,YT-86150,YATO,Czesci_zamienne_YT-86150.pdf,YT-86150,True,True,drive-1ElMmE9sOhGQ1vWyUImWl6QvOBe27hiue-YT-86150,https://drive.google.com/file/d/1ElMmE9sOhGQ1vWyUImWl6QvOBe27hiue/preview,https://drive.google.com/file/d/1ElMmE9sOhGQ1vWyUImWl6QvOBe27hiue/view?usp=drivesdk
1GwfMnp0wUmC_nqexhxWhUI9_1S1xXYPE,YT-86155,YATO,Czesci_zamienne_YT-86155.pdf,YT-86155,True,True,drive-1GwfMnp0wUmC_nqexhxWhUI9_1S1xXYPE-YT-86155,https://drive.google.com/file/d/1GwfMnp0wUmC_nqexhxWhUI9_1S1xXYPE/preview,https://drive.google.com/file/d/1GwfMnp0wUmC_nqexhxWhUI9_1S1xXYPE/view?usp=drivesdk
1kkvSxe4wXJGxqw-S7bXLFO7iVRWKFqQb,YT-86158,YATO,Czesci_zamienne_YT-86158.pdf,YT-86158,True,True,drive-1kkvSxe4wXJGxqw-S7bXLFO7iVRWKFqQb-YT-86158,https://drive.google.com/file/d/1kkvSxe4wXJGxqw-S7bXLFO7iVRWKFqQb/preview,https://drive.google.com/file/d/1kkvSxe4wXJGxqw-S7bXLFO7iVRWKFqQb/view?usp=drivesdk
1jitYdLLopR0DFFH6J-gnRRQOXkYh1y02,YT-86160,YATO,Czesci_zamienne_YT-86160.pdf,YT-86160,True,True,drive-1jitYdLLopR0DFFH6J-gnRRQOXkYh1y02-YT-86160,https://drive.google.com/file/d/1jitYdLLopR0DFFH6J-gnRRQOXkYh1y02/preview,https://drive.google.com/file/d/1jitYdLLopR0DFFH6J-gnRRQOXkYh1y02/view?usp=drivesdk
1kJJagT_i4vrwnqtL8R_hJNdHbFVEQZ3e,YT-86161,YATO,Czesci_zamienne_YT-86161.pdf,YT-86161,True,True,drive-1kJJagT_i4vrwnqtL8R_hJNdHbFVEQZ3e-YT-86161,https://drive.google.com/file/d/1kJJagT_i4vrwnqtL8R_hJNdHbFVEQZ3e/preview,https://drive.google.com/file/d/1kJJagT_i4vrwnqtL8R_hJNdHbFVEQZ3e/view?usp=drivesdk
1JtFhPZZT48yAQ6KEANQJ6QQlZnIZ0i73,YT-86200,YATO,Czesci_zamienne_YT-86200.pdf,YT-86200,True,True,drive-1JtFhPZZT48yAQ6KEANQJ6QQlZnIZ0i73-YT-86200,https://drive.google.com/file/d/1JtFhPZZT48yAQ6KEANQJ6QQlZnIZ0i73/preview,https://drive.google.com/file/d/1JtFhPZZT48yAQ6KEANQJ6QQlZnIZ0i73/view?usp=drivesdk
19ggdpIMRQbTL6Xorblz_fNAfjVt5zK5y,YT-86211,YATO,Czesci_zamienne_YT-86211.pdf,YT-86211,True,True,drive-19ggdpIMRQbTL6Xorblz_fNAfjVt5zK5y-YT-86211,https://drive.google.com/file/d/19ggdpIMRQbTL6Xorblz_fNAfjVt5zK5y/preview,https://drive.google.com/file/d/19ggdpIMRQbTL6Xorblz_fNAfjVt5zK5y/view?usp=drivesdk
1_X8AjiydeW1dXCFjI-nbpBE7yl-lau6-,YT-86220,YATO,Czesci_zamienne_YT-86220.pdf,YT-86220,True,True,drive-1_X8AjiydeW1dXCFjI-nbpBE7yl-lau6--YT-86220,https://drive.google.com/file/d/1_X8AjiydeW1dXCFjI-nbpBE7yl-lau6-/preview,https://drive.google.com/file/d/1_X8AjiydeW1dXCFjI-nbpBE7yl-lau6-/view?usp=drivesdk
1C2ocXWkiaYVFXupTCgygRqDMpAvXgKXb,YT-86240,YATO,Czesci_zamienne_YT-86240.pdf,YT-86240,True,True,drive-1C2ocXWkiaYVFXupTCgygRqDMpAvXgKXb-YT-86240,https://drive.google.com/file/d/1C2ocXWkiaYVFXupTCgygRqDMpAvXgKXb/preview,https://drive.google.com/file/d/1C2ocXWkiaYVFXupTCgygRqDMpAvXgKXb/view?usp=drivesdk
1prtvSvm31QgVPE_HOmHuHkjjklZpMkQ3,YT-86300,YATO,Czesci_zamienne_YT-86300.pdf,YT-86300,True,True,drive-1prtvSvm31QgVPE_HOmHuHkjjklZpMkQ3-YT-86300,https://drive.google.com/file/d/1prtvSvm31QgVPE_HOmHuHkjjklZpMkQ3/preview,https://drive.google.com/file/d/1prtvSvm31QgVPE_HOmHuHkjjklZpMkQ3/view?usp=drivesdk
19LnVqb8ktGlY8PzH7VdKWqUfeggoju2B,YT-86305,YATO,Czesci_zamienne_YT-86305.pdf,YT-86305,True,True,drive-19LnVqb8ktGlY8PzH7VdKWqUfeggoju2B-YT-86305,https://drive.google.com/file/d/19LnVqb8ktGlY8PzH7VdKWqUfeggoju2B/preview,https://drive.google.com/file/d/19LnVqb8ktGlY8PzH7VdKWqUfeggoju2B/view?usp=drivesdk
1ZWA0xOegFgYND6yD16NN5wj-5KR4awVa,YT-86400,YATO,Czesci_zamienne_YT-86400.pdf,YT-86400,True,True,drive-1ZWA0xOegFgYND6yD16NN5wj-5KR4awVa-YT-86400,https://drive.google.com/file/d/1ZWA0xOegFgYND6yD16NN5wj-5KR4awVa/preview,https://drive.google.com/file/d/1ZWA0xOegFgYND6yD16NN5wj-5KR4awVa/view?usp=drivesdk
1VjCsYWYcOYu0HfCUCadnU2K32khErwqP,YT-99500,YATO,Czesci_zamienne_YT-99500.pdf,YT-99500,True,True,drive-1VjCsYWYcOYu0HfCUCadnU2K32khErwqP-YT-99500,https://drive.google.com/file/d/1VjCsYWYcOYu0HfCUCadnU2K32khErwqP/preview,https://drive.google.com/file/d/1VjCsYWYcOYu0HfCUCadnU2K32khErwqP/view?usp=drivesdk
1O3lm44Yuxva9KBlPcEvYpobiaLMy_bT_,YT-99501,YATO,Czesci_zamienne_YT-99501.pdf,YT-99501,True,True,drive-1O3lm44Yuxva9KBlPcEvYpobiaLMy_bT_-YT-99501,https://drive.google.com/file/d/1O3lm44Yuxva9KBlPcEvYpobiaLMy_bT_/preview,https://drive.google.com/file/d/1O3lm44Yuxva9KBlPcEvYpobiaLMy_bT_/view?usp=drivesdk
1X0bSvqhnmNQTzGF76_VxO3-Ia1r3DijT,YT-99520,YATO,Czesci_zamienne_YT-99520.pdf,YT-99520,True,True,drive-1X0bSvqhnmNQTzGF76_VxO3-Ia1r3DijT-YT-99520,https://drive.google.com/file/d/1X0bSvqhnmNQTzGF76_VxO3-Ia1r3DijT/preview,https://drive.google.com/file/d/1X0bSvqhnmNQTzGF76_VxO3-Ia1r3DijT/view?usp=drivesdk
1WSzWUGt8uZQtK_flTNIZrWIbR9WL2-UA,YT-99530,YATO,Czesci_zamienne_YT-99530.pdf,YT-99530,True,True,drive-1WSzWUGt8uZQtK_flTNIZrWIbR9WL2-UA-YT-99530,https://drive.google.com/file/d/1WSzWUGt8uZQtK_flTNIZrWIbR9WL2-UA/preview,https://drive.google.com/file/d/1WSzWUGt8uZQtK_flTNIZrWIbR9WL2-UA/view?usp=drivesdk
1nN53C1z4gsNi6egaJa18MXwzSucUCxRC,YT-99531,YATO,Czesci_zamienne_YT-99531.pdf,YT-99531,True,True,drive-1nN53C1z4gsNi6egaJa18MXwzSucUCxRC-YT-99531,https://drive.google.com/file/d/1nN53C1z4gsNi6egaJa18MXwzSucUCxRC/preview,https://drive.google.com/file/d/1nN53C1z4gsNi6egaJa18MXwzSucUCxRC/view?usp=drivesdk
1wWHRwBQAKfed16bHgTX_BetvCF9xQrp9,YT-99532,YATO,Czesci_zamienne_YT-99532.pdf,YT-99532,True,True,drive-1wWHRwBQAKfed16bHgTX_BetvCF9xQrp9-YT-99532,https://drive.google.com/file/d/1wWHRwBQAKfed16bHgTX_BetvCF9xQrp9/preview,https://drive.google.com/file/d/1wWHRwBQAKfed16bHgTX_BetvCF9xQrp9/view?usp=drivesdk
1bzSdk-vOa-CYO93O0_qHf_f22UJUHnAH,YT-99536,YATO,Czesci_zamienne_YT-99536.pdf,YT-99536,True,True,drive-1bzSdk-vOa-CYO93O0_qHf_f22UJUHnAH-YT-99536,https://drive.google.com/file/d/1bzSdk-vOa-CYO93O0_qHf_f22UJUHnAH/preview,https://drive.google.com/file/d/1bzSdk-vOa-CYO93O0_qHf_f22UJUHnAH/view?usp=drivesdk
1FAyuocRkGMy5twzuhtvVprCURnxUepIV,YT-99650,YATO,Czesci_zamienne_YT-99650.pdf,YT-99650,True,True,drive-1FAyuocRkGMy5twzuhtvVprCURnxUepIV-YT-99650,https://drive.google.com/file/d/1FAyuocRkGMy5twzuhtvVprCURnxUepIV/preview,https://drive.google.com/file/d/1FAyuocRkGMy5twzuhtvVprCURnxUepIV/view?usp=drivesdk
1eDu1Gyzoa1mppUgh6WzRFAyTyYhnTA3H,YT-99651,YATO,Czesci_zamienne_YT-99651.pdf,YT-99651,True,True,drive-1eDu1Gyzoa1mppUgh6WzRFAyTyYhnTA3H-YT-99651,https://drive.google.com/file/d/1eDu1Gyzoa1mppUgh6WzRFAyTyYhnTA3H/preview,https://drive.google.com/file/d/1eDu1Gyzoa1mppUgh6WzRFAyTyYhnTA3H/view?usp=drivesdk
1gzu6TuDb_zH5bpFEbizn3ZPhLjmg1_EA,YT-99690,YATO,Czesci_zamienne_YT-99690.pdf,YT-99690,True,True,drive-1gzu6TuDb_zH5bpFEbizn3ZPhLjmg1_EA-YT-99690,https://drive.google.com/file/d/1gzu6TuDb_zH5bpFEbizn3ZPhLjmg1_EA/preview,https://drive.google.com/file/d/1gzu6TuDb_zH5bpFEbizn3ZPhLjmg1_EA/view?usp=drivesdk
1axs06S8zuqSncPrsOVPcWpbjO1emn7Zl,YT-99693,YATO,Czesci_zamienne_YT-99693.pdf,YT-99693,True,True,drive-1axs06S8zuqSncPrsOVPcWpbjO1emn7Zl-YT-99693,https://drive.google.com/file/d/1axs06S8zuqSncPrsOVPcWpbjO1emn7Zl/preview,https://drive.google.com/file/d/1axs06S8zuqSncPrsOVPcWpbjO1emn7Zl/view?usp=drivesdk
18xuCFQTcrh5baZqtlkMfk9sN1tdWGtUA,YT-99695,YATO,Czesci_zamienne_YT-99695.pdf,YT-99695,True,True,drive-18xuCFQTcrh5baZqtlkMfk9sN1tdWGtUA-YT-99695,https://drive.google.com/file/d/18xuCFQTcrh5baZqtlkMfk9sN1tdWGtUA/preview,https://drive.google.com/file/d/18xuCFQTcrh5baZqtlkMfk9sN1tdWGtUA/view?usp=drivesdk
1r4PF_LFoLmQpxDyM4ZWgzGnIOzwaDqpJ,YT-99700,YATO,Czesci_zamienne_YT-99700.pdf,YT-99700,True,True,drive-1r4PF_LFoLmQpxDyM4ZWgzGnIOzwaDqpJ-YT-99700,https://drive.google.com/file/d/1r4PF_LFoLmQpxDyM4ZWgzGnIOzwaDqpJ/preview,https://drive.google.com/file/d/1r4PF_LFoLmQpxDyM4ZWgzGnIOzwaDqpJ/view?usp=drivesdk
1N0wQ-xP4gI3NFr7WQbftD6K7iuPxRXz3,YT-99705,YATO,Czesci_zamienne_YT-99705.pdf,YT-99705,True,True,drive-1N0wQ-xP4gI3NFr7WQbftD6K7iuPxRXz3-YT-99705,https://drive.google.com/file/d/1N0wQ-xP4gI3NFr7WQbftD6K7iuPxRXz3/preview,https://drive.google.com/file/d/1N0wQ-xP4gI3NFr7WQbftD6K7iuPxRXz3/view?usp=drivesdk
1AFcZuQpUju3nIPCCVoHf2xN-Fa245MA6,YT-99710,YATO,Czesci_zamienne_YT-99710.pdf,YT-99710,True,True,drive-1AFcZuQpUju3nIPCCVoHf2xN-Fa245MA6-YT-99710,https://drive.google.com/file/d/1AFcZuQpUju3nIPCCVoHf2xN-Fa245MA6/preview,https://drive.google.com/file/d/1AFcZuQpUju3nIPCCVoHf2xN-Fa245MA6/view?usp=drivesdk
1pbsIKOqCy_MOV8ABdb4K-PlSXE19mfea,YT-99720,YATO,Czesci_zamienne_YT-99720.pdf,YT-99720,True,True,drive-1pbsIKOqCy_MOV8ABdb4K-PlSXE19mfea-YT-99720,https://drive.google.com/file/d/1pbsIKOqCy_MOV8ABdb4K-PlSXE19mfea/preview,https://drive.google.com/file/d/1pbsIKOqCy_MOV8ABdb4K-PlSXE19mfea/view?usp=drivesdk
1fJ3xNKhf0i14p9Fm4uS469JiP9HONWqt,YT-99730,YATO,Czesci_zamienne_YT-99730.pdf,YT-99730,True,True,drive-1fJ3xNKhf0i14p9Fm4uS469JiP9HONWqt-YT-99730,https://drive.google.com/file/d/1fJ3xNKhf0i14p9Fm4uS469JiP9HONWqt/preview,https://drive.google.com/file/d/1fJ3xNKhf0i14p9Fm4uS469JiP9HONWqt/view?usp=drivesdk
1jV05HrUj4XmoREnY30wHNp9y2vqpsMqr,YT-99733,YATO,Czesci_zamienne_YT-99733.pdf,YT-99733,True,True,drive-1jV05HrUj4XmoREnY30wHNp9y2vqpsMqr-YT-99733,https://drive.google.com/file/d/1jV05HrUj4XmoREnY30wHNp9y2vqpsMqr/preview,https://drive.google.com/file/d/1jV05HrUj4XmoREnY30wHNp9y2vqpsMqr/view?usp=drivesdk
10Dqmf_Q9p97rnErZ9n7NIeqwlpruq83c,YT-99738,YATO,Czesci_zamienne_YT-99738.pdf,YT-99738,True,True,drive-10Dqmf_Q9p97rnErZ9n7NIeqwlpruq83c-YT-99738,https://drive.google.com/file/d/10Dqmf_Q9p97rnErZ9n7NIeqwlpruq83c/preview,https://drive.google.com/file/d/10Dqmf_Q9p97rnErZ9n7NIeqwlpruq83c/view?usp=drivesdk
1TOMr2HhpgGO6J45xvy7d-aW6SUPdb7-h,YT-99739,YATO,Czesci_zamienne_YT-99739.pdf,YT-99739,True,True,drive-1TOMr2HhpgGO6J45xvy7d-aW6SUPdb7-h-YT-99739,https://drive.google.com/file/d/1TOMr2HhpgGO6J45xvy7d-aW6SUPdb7-h/preview,https://drive.google.com/file/d/1TOMr2HhpgGO6J45xvy7d-aW6SUPdb7-h/view?usp=drivesdk
1_Sz7yMCBnVBWXhB4hP69Ew5cHU6lxY7g,YT-99740,YATO,Czesci_zamienne_YT-99740.pdf,YT-99740,True,True,drive-1_Sz7yMCBnVBWXhB4hP69Ew5cHU6lxY7g-YT-99740,https://drive.google.com/file/d/1_Sz7yMCBnVBWXhB4hP69Ew5cHU6lxY7g/preview,https://drive.google.com/file/d/1_Sz7yMCBnVBWXhB4hP69Ew5cHU6lxY7g/view?usp=drivesdk
1jmxa2WhFxt_5TdpVNRlUt_RD8mT7OnPo,YT-99743,YATO,Czesci_zamienne_YT-99743.pdf,YT-99743,True,True,drive-1jmxa2WhFxt_5TdpVNRlUt_RD8mT7OnPo-YT-99743,https://drive.google.com/file/d/1jmxa2WhFxt_5TdpVNRlUt_RD8mT7OnPo/preview,https://drive.google.com/file/d/1jmxa2WhFxt_5TdpVNRlUt_RD8mT7OnPo/view?usp=drivesdk
1oEwSBnBx8pVF9c6GbbOBQjQqx9GhOFnu,YT-99760,YATO,Czesci_zamienne_YT-99760.pdf,YT-99760,True,True,drive-1oEwSBnBx8pVF9c6GbbOBQjQqx9GhOFnu-YT-99760,https://drive.google.com/file/d/1oEwSBnBx8pVF9c6GbbOBQjQqx9GhOFnu/preview,https://drive.google.com/file/d/1oEwSBnBx8pVF9c6GbbOBQjQqx9GhOFnu/view?usp=drivesdk
1aRXtj6EzI6N_Smxe7tup6qOK4iNKpmu8,YT-99763,YATO,Czesci_zamienne_YT-99763.pdf,YT-99763,True,True,drive-1aRXtj6EzI6N_Smxe7tup6qOK4iNKpmu8-YT-99763,https://drive.google.com/file/d/1aRXtj6EzI6N_Smxe7tup6qOK4iNKpmu8/preview,https://drive.google.com/file/d/1aRXtj6EzI6N_Smxe7tup6qOK4iNKpmu8/view?usp=drivesdk
105oFJqRI0PIKlpxMzFO_ohc4Xp26qlW-,YG-03000,YATO GASTRO,Czesci_zamienne_YG-03000.pdf,YG-03000,True,True,drive-105oFJqRI0PIKlpxMzFO_ohc4Xp26qlW--YG-03000,https://drive.google.com/file/d/105oFJqRI0PIKlpxMzFO_ohc4Xp26qlW-/preview,https://drive.google.com/file/d/105oFJqRI0PIKlpxMzFO_ohc4Xp26qlW-/view?usp=drivesdk
18LeGgvNVJHTSshsvRUtnKCppw6rD9gfF,YG-03006,YATO GASTRO,Czesci_zamienne_YG-03006.pdf,YG-03006,True,True,drive-18LeGgvNVJHTSshsvRUtnKCppw6rD9gfF-YG-03006,https://drive.google.com/file/d/18LeGgvNVJHTSshsvRUtnKCppw6rD9gfF/preview,https://drive.google.com/file/d/18LeGgvNVJHTSshsvRUtnKCppw6rD9gfF/view?usp=drivesdk
1x-lpIKRsjmm6waU1FnseweaQIWPyN72b,YG-03012,YATO GASTRO,Czesci_zamienne_YG-03012.pdf,YG-03012,True,True,drive-1x-lpIKRsjmm6waU1FnseweaQIWPyN72b-YG-03012,https://drive.google.com/file/d/1x-lpIKRsjmm6waU1FnseweaQIWPyN72b/preview,https://drive.google.com/file/d/1x-lpIKRsjmm6waU1FnseweaQIWPyN72b/view?usp=drivesdk
1eatWRR1WFJvpOgnP94zckDHY1Mq6YruX,YG-03020,YATO GASTRO,Czesci_zamienne_YG-03020.pdf,YG-03020,True,True,drive-1eatWRR1WFJvpOgnP94zckDHY1Mq6YruX-YG-03020,https://drive.google.com/file/d/1eatWRR1WFJvpOgnP94zckDHY1Mq6YruX/preview,https://drive.google.com/file/d/1eatWRR1WFJvpOgnP94zckDHY1Mq6YruX/view?usp=drivesdk
1H-gTJMBC7lXDDkqixecPkOYYP5cOwpfu,YG-03021,YATO GASTRO,Czesci_zamienne_YG-03021.pdf,YG-03021,True,True,drive-1H-gTJMBC7lXDDkqixecPkOYYP5cOwpfu-YG-03021,https://drive.google.com/file/d/1H-gTJMBC7lXDDkqixecPkOYYP5cOwpfu/preview,https://drive.google.com/file/d/1H-gTJMBC7lXDDkqixecPkOYYP5cOwpfu/view?usp=drivesdk
1VEZ6VscdKxQHI1aSBuUuIaPLX8E6Lqx5,YG-03022,YATO GASTRO,Czesci_zamienne_YG-03022.pdf,YG-03022,True,True,drive-1VEZ6VscdKxQHI1aSBuUuIaPLX8E6Lqx5-YG-03022,https://drive.google.com/file/d/1VEZ6VscdKxQHI1aSBuUuIaPLX8E6Lqx5/preview,https://drive.google.com/file/d/1VEZ6VscdKxQHI1aSBuUuIaPLX8E6Lqx5/view?usp=drivesdk
1kbJM8q37BCPYMOzAwj8_bC-Atvz3Lig-,YG-03023,YATO GASTRO,Czesci_zamienne_YG-03023.pdf,YG-03023,True,True,drive-1kbJM8q37BCPYMOzAwj8_bC-Atvz3Lig--YG-03023,https://drive.google.com/file/d/1kbJM8q37BCPYMOzAwj8_bC-Atvz3Lig-/preview,https://drive.google.com/file/d/1kbJM8q37BCPYMOzAwj8_bC-Atvz3Lig-/view?usp=drivesdk
1TwPO-bpJv9UpTZGwsDidk2QInwreHQey,YG-03025,YATO GASTRO,Czesci_zamienne_YG-03025.pdf,YG-03025,True,True,drive-1TwPO-bpJv9UpTZGwsDidk2QInwreHQey-YG-03025,https://drive.google.com/file/d/1TwPO-bpJv9UpTZGwsDidk2QInwreHQey/preview,https://drive.google.com/file/d/1TwPO-bpJv9UpTZGwsDidk2QInwreHQey/view?usp=drivesdk
1d_gYqOxsd1Azkoqi1kRlvuuLbEfkzZtP,YG-03026,YATO GASTRO,Czesci_zamienne_YG-03026.pdf,YG-03026,True,True,drive-1d_gYqOxsd1Azkoqi1kRlvuuLbEfkzZtP-YG-03026,https://drive.google.com/file/d/1d_gYqOxsd1Azkoqi1kRlvuuLbEfkzZtP/preview,https://drive.google.com/file/d/1d_gYqOxsd1Azkoqi1kRlvuuLbEfkzZtP/view?usp=drivesdk
12HSkxCWQe77u3ARCrq5MdyiOsc97Bqa-,YG-03027,YATO GASTRO,Czesci_zamienne_YG-03027.pdf,YG-03027,True,True,drive-12HSkxCWQe77u3ARCrq5MdyiOsc97Bqa--YG-03027,https://drive.google.com/file/d/12HSkxCWQe77u3ARCrq5MdyiOsc97Bqa-/preview,https://drive.google.com/file/d/12HSkxCWQe77u3ARCrq5MdyiOsc97Bqa-/view?usp=drivesdk
1ky_LpDsn5P0tQG5iFXJNaPjqImkEzqC7,YG-03028,YATO GASTRO,Czesci_zamienne_YG-03028.pdf,YG-03028,True,True,drive-1ky_LpDsn5P0tQG5iFXJNaPjqImkEzqC7-YG-03028,https://drive.google.com/file/d/1ky_LpDsn5P0tQG5iFXJNaPjqImkEzqC7/preview,https://drive.google.com/file/d/1ky_LpDsn5P0tQG5iFXJNaPjqImkEzqC7/view?usp=drivesdk
1GSZJKQkrsN19VgLZmoBjv_wWGbnjdFdw,YG-03029,YATO GASTRO,Czesci_zamienne_YG-03029.pdf,YG-03029,True,True,drive-1GSZJKQkrsN19VgLZmoBjv_wWGbnjdFdw-YG-03029,https://drive.google.com/file/d/1GSZJKQkrsN19VgLZmoBjv_wWGbnjdFdw/preview,https://drive.google.com/file/d/1GSZJKQkrsN19VgLZmoBjv_wWGbnjdFdw/view?usp=drivesdk
1AOkqcXFtoU9KMZ8uRuYHp_kD4wMBqfyc,YG-03059,YATO GASTRO,Czesci_zamienne_YG-03059.pdf,YG-03059,True,True,drive-1AOkqcXFtoU9KMZ8uRuYHp_kD4wMBqfyc-YG-03059,https://drive.google.com/file/d/1AOkqcXFtoU9KMZ8uRuYHp_kD4wMBqfyc/preview,https://drive.google.com/file/d/1AOkqcXFtoU9KMZ8uRuYHp_kD4wMBqfyc/view?usp=drivesdk
1tfsvYbLxnrbz5gSzSInEYYgPNnssxCRM,YG-03060,YATO GASTRO,Czesci_zamienne_YG-03060.pdf,YG-03060,True,True,drive-1tfsvYbLxnrbz5gSzSInEYYgPNnssxCRM-YG-03060,https://drive.google.com/file/d/1tfsvYbLxnrbz5gSzSInEYYgPNnssxCRM/preview,https://drive.google.com/file/d/1tfsvYbLxnrbz5gSzSInEYYgPNnssxCRM/view?usp=drivesdk
1KQ7ZOOlgAkLGWp7O1Xn8Gc7zXHIcaXGj,YG-03062,YATO GASTRO,Czesci_zamienne_YG-03062.pdf,YG-03062,True,True,drive-1KQ7ZOOlgAkLGWp7O1Xn8Gc7zXHIcaXGj-YG-03062,https://drive.google.com/file/d/1KQ7ZOOlgAkLGWp7O1Xn8Gc7zXHIcaXGj/preview,https://drive.google.com/file/d/1KQ7ZOOlgAkLGWp7O1Xn8Gc7zXHIcaXGj/view?usp=drivesdk
1jss2V9QMPqBuiUI1waI_G4wb64fW97sC,YG-03065,YATO GASTRO,Czesci_zamienne_YG-03065.pdf,YG-03065,True,True,drive-1jss2V9QMPqBuiUI1waI_G4wb64fW97sC-YG-03065,https://drive.google.com/file/d/1jss2V9QMPqBuiUI1waI_G4wb64fW97sC/preview,https://drive.google.com/file/d/1jss2V9QMPqBuiUI1waI_G4wb64fW97sC/view?usp=drivesdk
1Pz53c5_1wzs7jivaZZuTIYLwfhUGLLvm,YG-03068,YATO GASTRO,Czesci_zamienne_YG-03068.pdf,YG-03068,True,True,drive-1Pz53c5_1wzs7jivaZZuTIYLwfhUGLLvm-YG-03068,https://drive.google.com/file/d/1Pz53c5_1wzs7jivaZZuTIYLwfhUGLLvm/preview,https://drive.google.com/file/d/1Pz53c5_1wzs7jivaZZuTIYLwfhUGLLvm/view?usp=drivesdk
1UYLgAtvSTGPeDYAulHk3Cl0Lo-xJ9HrV,YG-03087,YATO GASTRO,Czesci_zamienne_YG-03087.pdf,YG-03087,True,True,drive-1UYLgAtvSTGPeDYAulHk3Cl0Lo-xJ9HrV-YG-03087,https://drive.google.com/file/d/1UYLgAtvSTGPeDYAulHk3Cl0Lo-xJ9HrV/preview,https://drive.google.com/file/d/1UYLgAtvSTGPeDYAulHk3Cl0Lo-xJ9HrV/view?usp=drivesdk
1vu_XZA6z1gYf0dRyWVkbTZ0ue6qtPLqB,YG-03090,YATO GASTRO,Czesci_zamienne_YG-03090.pdf,YG-03090,True,True,drive-1vu_XZA6z1gYf0dRyWVkbTZ0ue6qtPLqB-YG-03090,https://drive.google.com/file/d/1vu_XZA6z1gYf0dRyWVkbTZ0ue6qtPLqB/preview,https://drive.google.com/file/d/1vu_XZA6z1gYf0dRyWVkbTZ0ue6qtPLqB/view?usp=drivesdk
1vRlMbx4EzZABAznWqY8U4IPJkNfbeDEx,YG-03100,YATO GASTRO,Czesci_zamienne_YG-03100.pdf,YG-03100,True,True,drive-1vRlMbx4EzZABAznWqY8U4IPJkNfbeDEx-YG-03100,https://drive.google.com/file/d/1vRlMbx4EzZABAznWqY8U4IPJkNfbeDEx/preview,https://drive.google.com/file/d/1vRlMbx4EzZABAznWqY8U4IPJkNfbeDEx/view?usp=drivesdk
1Mu0J7afZaCsMue-8L2FEWPGJ-aRJthzW,YG-03110,YATO GASTRO,Czesci_zamienne_YG-03110.pdf,YG-03110,True,True,drive-1Mu0J7afZaCsMue-8L2FEWPGJ-aRJthzW-YG-03110,https://drive.google.com/file/d/1Mu0J7afZaCsMue-8L2FEWPGJ-aRJthzW/preview,https://drive.google.com/file/d/1Mu0J7afZaCsMue-8L2FEWPGJ-aRJthzW/view?usp=drivesdk
1QsSdZWU-Efah03borBdNeFvYdm454TOZ,YG-03120,YATO GASTRO,Czesci_zamienne_YG-03120.pdf,YG-03120,True,True,drive-1QsSdZWU-Efah03borBdNeFvYdm454TOZ-YG-03120,https://drive.google.com/file/d/1QsSdZWU-Efah03borBdNeFvYdm454TOZ/preview,https://drive.google.com/file/d/1QsSdZWU-Efah03borBdNeFvYdm454TOZ/view?usp=drivesdk
1QrqnLXGcEVVyg92Z2pAJr6e6JB3nWNzJ,YG-03130,YATO GASTRO,Czesci_zamienne_YG-03130.pdf,YG-03130,True,True,drive-1QrqnLXGcEVVyg92Z2pAJr6e6JB3nWNzJ-YG-03130,https://drive.google.com/file/d/1QrqnLXGcEVVyg92Z2pAJr6e6JB3nWNzJ/preview,https://drive.google.com/file/d/1QrqnLXGcEVVyg92Z2pAJr6e6JB3nWNzJ/view?usp=drivesdk
1kl7ahBltHPoM_gDL-AOPnnIapcqQNRl4,YG-03200,YATO GASTRO,Czesci_zamienne_YG-03200.pdf,YG-03200,True,True,drive-1kl7ahBltHPoM_gDL-AOPnnIapcqQNRl4-YG-03200,https://drive.google.com/file/d/1kl7ahBltHPoM_gDL-AOPnnIapcqQNRl4/preview,https://drive.google.com/file/d/1kl7ahBltHPoM_gDL-AOPnnIapcqQNRl4/view?usp=drivesdk
1Qq3DZYL87u4e41fypbuBDVkrEM34JaSQ,YG-03211,YATO GASTRO,Czesci_zamienne_YG-03211.pdf,YG-03211,True,True,drive-1Qq3DZYL87u4e41fypbuBDVkrEM34JaSQ-YG-03211,https://drive.google.com/file/d/1Qq3DZYL87u4e41fypbuBDVkrEM34JaSQ/preview,https://drive.google.com/file/d/1Qq3DZYL87u4e41fypbuBDVkrEM34JaSQ/view?usp=drivesdk
1PU37ufjdQW4-tchiH4b_ddx9QBDzN7kp,YG-03215,YATO GASTRO,Czesci_zamienne_YG-03215.pdf,YG-03215,True,True,drive-1PU37ufjdQW4-tchiH4b_ddx9QBDzN7kp-YG-03215,https://drive.google.com/file/d/1PU37ufjdQW4-tchiH4b_ddx9QBDzN7kp/preview,https://drive.google.com/file/d/1PU37ufjdQW4-tchiH4b_ddx9QBDzN7kp/view?usp=drivesdk
1VKIipqmUgD1eUunW00UqB-sBi1-7mM7R,YG-03231,YATO GASTRO,Czesci_zamienne_YG-03231.pdf,YG-03231,True,True,drive-1VKIipqmUgD1eUunW00UqB-sBi1-7mM7R-YG-03231,https://drive.google.com/file/d/1VKIipqmUgD1eUunW00UqB-sBi1-7mM7R/preview,https://drive.google.com/file/d/1VKIipqmUgD1eUunW00UqB-sBi1-7mM7R/view?usp=drivesdk
1LrpploZ8CL4w9xq9yblv_4dkxTjbFmxT,YG-03232,YATO GASTRO,Czesci_zamienne_YG-03232.pdf,YG-03232,True,True,drive-1LrpploZ8CL4w9xq9yblv_4dkxTjbFmxT-YG-03232,https://drive.google.com/file/d/1LrpploZ8CL4w9xq9yblv_4dkxTjbFmxT/preview,https://drive.google.com/file/d/1LrpploZ8CL4w9xq9yblv_4dkxTjbFmxT/view?usp=drivesdk
1VxtJ5MNhs1uPSumCen1pfJjxcW2iNSCX,YG-03235,YATO GASTRO,Czesci_zamienne_YG-03235.pdf,YG-03235,True,True,drive-1VxtJ5MNhs1uPSumCen1pfJjxcW2iNSCX-YG-03235,https://drive.google.com/file/d/1VxtJ5MNhs1uPSumCen1pfJjxcW2iNSCX/preview,https://drive.google.com/file/d/1VxtJ5MNhs1uPSumCen1pfJjxcW2iNSCX/view?usp=drivesdk
1SjdnwltWtul5kf-5dj_Vdf1UsCJlRhvv,YG-03275,YATO GASTRO,Czesci_zamienne_YG-03275.pdf,YG-03275,True,True,drive-1SjdnwltWtul5kf-5dj_Vdf1UsCJlRhvv-YG-03275,https://drive.google.com/file/d/1SjdnwltWtul5kf-5dj_Vdf1UsCJlRhvv/preview,https://drive.google.com/file/d/1SjdnwltWtul5kf-5dj_Vdf1UsCJlRhvv/view?usp=drivesdk
1QQmb6SpfGBo1XZeWzuPRur_HPJUTCEVf,YG-03300,YATO GASTRO,Czesci_zamienne_YG-03300.pdf,YG-03300,True,True,drive-1QQmb6SpfGBo1XZeWzuPRur_HPJUTCEVf-YG-03300,https://drive.google.com/file/d/1QQmb6SpfGBo1XZeWzuPRur_HPJUTCEVf/preview,https://drive.google.com/file/d/1QQmb6SpfGBo1XZeWzuPRur_HPJUTCEVf/view?usp=drivesdk
1fCpfkm6XJ_lGM9R_azUuB0Chl69pV54B,YG-03350,YATO GASTRO,Czesci_zamienne_YG-03350.pdf,YG-03350,True,True,drive-1fCpfkm6XJ_lGM9R_azUuB0Chl69pV54B-YG-03350,https://drive.google.com/file/d/1fCpfkm6XJ_lGM9R_azUuB0Chl69pV54B/preview,https://drive.google.com/file/d/1fCpfkm6XJ_lGM9R_azUuB0Chl69pV54B/view?usp=drivesdk
1eALFD9rRUlGq4DEe5lO4Vo3veLIe38Um,YG-03360,YATO GASTRO,Czesci_zamienne_YG-03360.pdf,YG-03360,True,True,drive-1eALFD9rRUlGq4DEe5lO4Vo3veLIe38Um-YG-03360,https://drive.google.com/file/d/1eALFD9rRUlGq4DEe5lO4Vo3veLIe38Um/preview,https://drive.google.com/file/d/1eALFD9rRUlGq4DEe5lO4Vo3veLIe38Um/view?usp=drivesdk
17FxRPhIbK8L5-VqOzfc-tbpNeqXu5_1H,YG-03370,YATO GASTRO,Czesci_zamienne_YG-03370.pdf,YG-03370,True,True,drive-17FxRPhIbK8L5-VqOzfc-tbpNeqXu5_1H-YG-03370,https://drive.google.com/file/d/17FxRPhIbK8L5-VqOzfc-tbpNeqXu5_1H/preview,https://drive.google.com/file/d/17FxRPhIbK8L5-VqOzfc-tbpNeqXu5_1H/view?usp=drivesdk
1G4z36UKX1du0tkh9QG6BvYHURJuQpZGC,YG-03371,YATO GASTRO,Czesci_zamienne_YG-03371.pdf,YG-03371,True,True,drive-1G4z36UKX1du0tkh9QG6BvYHURJuQpZGC-YG-03371,https://drive.google.com/file/d/1G4z36UKX1du0tkh9QG6BvYHURJuQpZGC/preview,https://drive.google.com/file/d/1G4z36UKX1du0tkh9QG6BvYHURJuQpZGC/view?usp=drivesdk
19WN22FppCknLlDDhrdKkeQpxWj_fZMuo,YG-03372,YATO GASTRO,Czesci_zamienne_YG-03372.pdf,YG-03372,True,True,drive-19WN22FppCknLlDDhrdKkeQpxWj_fZMuo-YG-03372,https://drive.google.com/file/d/19WN22FppCknLlDDhrdKkeQpxWj_fZMuo/preview,https://drive.google.com/file/d/19WN22FppCknLlDDhrdKkeQpxWj_fZMuo/view?usp=drivesdk
1mzU4_d4HB-gSEZcOremmPZFAcrGbXsOv,YG-03373,YATO GASTRO,Czesci_zamienne_YG-03373.pdf,YG-03373,True,True,drive-1mzU4_d4HB-gSEZcOremmPZFAcrGbXsOv-YG-03373,https://drive.google.com/file/d/1mzU4_d4HB-gSEZcOremmPZFAcrGbXsOv/preview,https://drive.google.com/file/d/1mzU4_d4HB-gSEZcOremmPZFAcrGbXsOv/view?usp=drivesdk
1QSQ3qx3ohoAF7QtSbZBNp8pSSc7VeGyV,YG-03379,YATO GASTRO,Czesci_zamienne_YG-03379.pdf,YG-03379,True,True,drive-1QSQ3qx3ohoAF7QtSbZBNp8pSSc7VeGyV-YG-03379,https://drive.google.com/file/d/1QSQ3qx3ohoAF7QtSbZBNp8pSSc7VeGyV/preview,https://drive.google.com/file/d/1QSQ3qx3ohoAF7QtSbZBNp8pSSc7VeGyV/view?usp=drivesdk
12ms-vus_VhMTlYLQA_gHtL8U4cZRJYTt,YG-03380,YATO GASTRO,Czesci_zamienne_YG-03380.pdf,YG-03380,True,True,drive-12ms-vus_VhMTlYLQA_gHtL8U4cZRJYTt-YG-03380,https://drive.google.com/file/d/12ms-vus_VhMTlYLQA_gHtL8U4cZRJYTt/preview,https://drive.google.com/file/d/12ms-vus_VhMTlYLQA_gHtL8U4cZRJYTt/view?usp=drivesdk
1ALkzt4KLWV0fvNBUebHnU7QMBRdwrzP0,YG-03382,YATO GASTRO,Czesci_zamienne_YG-03382.pdf,YG-03382,True,True,drive-1ALkzt4KLWV0fvNBUebHnU7QMBRdwrzP0-YG-03382,https://drive.google.com/file/d/1ALkzt4KLWV0fvNBUebHnU7QMBRdwrzP0/preview,https://drive.google.com/file/d/1ALkzt4KLWV0fvNBUebHnU7QMBRdwrzP0/view?usp=drivesdk
1hTtru5uaE9orG8_jBwV8YeZxfDEaRfLN,YG-03392,YATO GASTRO,Czesci_zamienne_YG-03392.pdf,YG-03392,True,True,drive-1hTtru5uaE9orG8_jBwV8YeZxfDEaRfLN-YG-03392,https://drive.google.com/file/d/1hTtru5uaE9orG8_jBwV8YeZxfDEaRfLN/preview,https://drive.google.com/file/d/1hTtru5uaE9orG8_jBwV8YeZxfDEaRfLN/view?usp=drivesdk
1sdnkBXMp7K3t6BeoEGr870nUviAwf4ub,YG-03395,YATO GASTRO,Czesci_zamienne_YG-03395.pdf,YG-03395,True,True,drive-1sdnkBXMp7K3t6BeoEGr870nUviAwf4ub-YG-03395,https://drive.google.com/file/d/1sdnkBXMp7K3t6BeoEGr870nUviAwf4ub/preview,https://drive.google.com/file/d/1sdnkBXMp7K3t6BeoEGr870nUviAwf4ub/view?usp=drivesdk
1mGuBWk-YfmZaLbfsQSaHVjc6SXnMHJb0,YG-04250,YATO GASTRO,Czesci_zamienne_YG-04250.pdf,YG-04250,True,True,drive-1mGuBWk-YfmZaLbfsQSaHVjc6SXnMHJb0-YG-04250,https://drive.google.com/file/d/1mGuBWk-YfmZaLbfsQSaHVjc6SXnMHJb0/preview,https://drive.google.com/file/d/1mGuBWk-YfmZaLbfsQSaHVjc6SXnMHJb0/view?usp=drivesdk
1Oua7op2t1d-ujuEvUSlXYcqFmHXuAvXk,YG-04292,YATO GASTRO,Czesci_zamienne_YG-04292.pdf,YG-04292,True,True,drive-1Oua7op2t1d-ujuEvUSlXYcqFmHXuAvXk-YG-04292,https://drive.google.com/file/d/1Oua7op2t1d-ujuEvUSlXYcqFmHXuAvXk/preview,https://drive.google.com/file/d/1Oua7op2t1d-ujuEvUSlXYcqFmHXuAvXk/view?usp=drivesdk
1R_h_z0-ao1qp6LFI_lHnqx20RHtSIv2K,YG-04301,YATO GASTRO,Czesci_zamienne_YG-04301.pdf,YG-04301,True,True,drive-1R_h_z0-ao1qp6LFI_lHnqx20RHtSIv2K-YG-04301,https://drive.google.com/file/d/1R_h_z0-ao1qp6LFI_lHnqx20RHtSIv2K/preview,https://drive.google.com/file/d/1R_h_z0-ao1qp6LFI_lHnqx20RHtSIv2K/view?usp=drivesdk
1GPqGz4p7D8tEUCwoWPWUVGAgSvIo9dpP,YG-04310,YATO GASTRO,Czesci_zamienne_YG-04310.pdf,YG-04310,True,True,drive-1GPqGz4p7D8tEUCwoWPWUVGAgSvIo9dpP-YG-04310,https://drive.google.com/file/d/1GPqGz4p7D8tEUCwoWPWUVGAgSvIo9dpP/preview,https://drive.google.com/file/d/1GPqGz4p7D8tEUCwoWPWUVGAgSvIo9dpP/view?usp=drivesdk
1rFj0jYBCqjFV8JJewBrXwYqGPISclXRT,YG-04311,YATO GASTRO,Czesci_zamienne_YG-04311.pdf,YG-04311,True,True,drive-1rFj0jYBCqjFV8JJewBrXwYqGPISclXRT-YG-04311,https://drive.google.com/file/d/1rFj0jYBCqjFV8JJewBrXwYqGPISclXRT/preview,https://drive.google.com/file/d/1rFj0jYBCqjFV8JJewBrXwYqGPISclXRT/view?usp=drivesdk
1Yp-mxxvBZC6odbOFEBAUb_dr3j8DFdtk,YG-04315,YATO GASTRO,Czesci_zamienne_YG-04315.pdf,YG-04315,True,True,drive-1Yp-mxxvBZC6odbOFEBAUb_dr3j8DFdtk-YG-04315,https://drive.google.com/file/d/1Yp-mxxvBZC6odbOFEBAUb_dr3j8DFdtk/preview,https://drive.google.com/file/d/1Yp-mxxvBZC6odbOFEBAUb_dr3j8DFdtk/view?usp=drivesdk
1FE_B0NfVH1xSb78jKYc0cMoZMO4mWkqu,YG-04316,YATO GASTRO,Czesci_zamienne_YG-04316.pdf,YG-04316,True,True,drive-1FE_B0NfVH1xSb78jKYc0cMoZMO4mWkqu-YG-04316,https://drive.google.com/file/d/1FE_B0NfVH1xSb78jKYc0cMoZMO4mWkqu/preview,https://drive.google.com/file/d/1FE_B0NfVH1xSb78jKYc0cMoZMO4mWkqu/view?usp=drivesdk
1FYmrwGGwLFS41OyR6qSldZx1peub0Qwr,YG-04318,YATO GASTRO,Czesci_zamienne_YG-04318.pdf,YG-04318,True,True,drive-1FYmrwGGwLFS41OyR6qSldZx1peub0Qwr-YG-04318,https://drive.google.com/file/d/1FYmrwGGwLFS41OyR6qSldZx1peub0Qwr/preview,https://drive.google.com/file/d/1FYmrwGGwLFS41OyR6qSldZx1peub0Qwr/view?usp=drivesdk
1bzyFGLvJahfsc-ua2D2fD2tIStRhM1V7,YG-04319,YATO GASTRO,Czesci_zamienne_YG-04319.pdf,YG-04319,True,True,drive-1bzyFGLvJahfsc-ua2D2fD2tIStRhM1V7-YG-04319,https://drive.google.com/file/d/1bzyFGLvJahfsc-ua2D2fD2tIStRhM1V7/preview,https://drive.google.com/file/d/1bzyFGLvJahfsc-ua2D2fD2tIStRhM1V7/view?usp=drivesdk
1x_-PVJfnPQExxcWflGU_2dusWDFfJadk,YG-04321,YATO GASTRO,Czesci_zamienne_YG-04321.pdf,YG-04321,True,True,drive-1x_-PVJfnPQExxcWflGU_2dusWDFfJadk-YG-04321,https://drive.google.com/file/d/1x_-PVJfnPQExxcWflGU_2dusWDFfJadk/preview,https://drive.google.com/file/d/1x_-PVJfnPQExxcWflGU_2dusWDFfJadk/view?usp=drivesdk
1HdJy94YYJEfZ0jk6x0apS-JVv-hQCYX1,YG-04324,YATO GASTRO,Czesci_zamienne_YG-04324.pdf,YG-04324,True,True,drive-1HdJy94YYJEfZ0jk6x0apS-JVv-hQCYX1-YG-04324,https://drive.google.com/file/d/1HdJy94YYJEfZ0jk6x0apS-JVv-hQCYX1/preview,https://drive.google.com/file/d/1HdJy94YYJEfZ0jk6x0apS-JVv-hQCYX1/view?usp=drivesdk
1OXkc5EtpSM9lEGmQcDMqz9V0GzQkImM6,YG-04555,YATO GASTRO,Czesci_zamienne_YG-04555.pdf,YG-04555,True,True,drive-1OXkc5EtpSM9lEGmQcDMqz9V0GzQkImM6-YG-04555,https://drive.google.com/file/d/1OXkc5EtpSM9lEGmQcDMqz9V0GzQkImM6/preview,https://drive.google.com/file/d/1OXkc5EtpSM9lEGmQcDMqz9V0GzQkImM6/view?usp=drivesdk
1e2HtAwqqktn2mD3_0hcuf06k83MrFFld,YG-04556,YATO GASTRO,Czesci_zamienne_YG-04556.pdf,YG-04556,True,True,drive-1e2HtAwqqktn2mD3_0hcuf06k83MrFFld-YG-04556,https://drive.google.com/file/d/1e2HtAwqqktn2mD3_0hcuf06k83MrFFld/preview,https://drive.google.com/file/d/1e2HtAwqqktn2mD3_0hcuf06k83MrFFld/view?usp=drivesdk
1zyuuTPiIQVY9FUjR7BAubFidt4VfYuPZ,YG-04557,YATO GASTRO,Czesci_zamienne_YG-04557.pdf,YG-04557,True,True,drive-1zyuuTPiIQVY9FUjR7BAubFidt4VfYuPZ-YG-04557,https://drive.google.com/file/d/1zyuuTPiIQVY9FUjR7BAubFidt4VfYuPZ/preview,https://drive.google.com/file/d/1zyuuTPiIQVY9FUjR7BAubFidt4VfYuPZ/view?usp=drivesdk
1TNUWfeLbphSW3SQ0eu9dyB5vDj87iJfm,YG-04558,YATO GASTRO,Czesci_zamienne_YG-04558.pdf,YG-04558,True,True,drive-1TNUWfeLbphSW3SQ0eu9dyB5vDj87iJfm-YG-04558,https://drive.google.com/file/d/1TNUWfeLbphSW3SQ0eu9dyB5vDj87iJfm/preview,https://drive.google.com/file/d/1TNUWfeLbphSW3SQ0eu9dyB5vDj87iJfm/view?usp=drivesdk
13ddvepsyWYdBMINXp6H78MbYFPQar3w8,YG-04559,YATO GASTRO,Czesci_zamienne_YG-04559.pdf,YG-04559,True,True,drive-13ddvepsyWYdBMINXp6H78MbYFPQar3w8-YG-04559,https://drive.google.com/file/d/13ddvepsyWYdBMINXp6H78MbYFPQar3w8/preview,https://drive.google.com/file/d/13ddvepsyWYdBMINXp6H78MbYFPQar3w8/view?usp=drivesdk
1dIQD9BF_WRvZDZmxJgo5xx6uvHGFhKA3,YG-04560,YATO GASTRO,Czesci_zamienne_YG-04560.pdf,YG-04560,True,True,drive-1dIQD9BF_WRvZDZmxJgo5xx6uvHGFhKA3-YG-04560,https://drive.google.com/file/d/1dIQD9BF_WRvZDZmxJgo5xx6uvHGFhKA3/preview,https://drive.google.com/file/d/1dIQD9BF_WRvZDZmxJgo5xx6uvHGFhKA3/view?usp=drivesdk
1BJVzUZdb1cvCYQDK28Mx3sBqxGyWfLKu,YG-04563,YATO GASTRO,Czesci_zamienne_YG-04563.pdf,YG-04563,True,True,drive-1BJVzUZdb1cvCYQDK28Mx3sBqxGyWfLKu-YG-04563,https://drive.google.com/file/d/1BJVzUZdb1cvCYQDK28Mx3sBqxGyWfLKu/preview,https://drive.google.com/file/d/1BJVzUZdb1cvCYQDK28Mx3sBqxGyWfLKu/view?usp=drivesdk
1pPpXdRc_Sp0pyV8YM9al7CWYYwNcLvaj,YG-04584,YATO GASTRO,Czesci_zamienne_YG-04584.pdf,YG-04584,True,True,drive-1pPpXdRc_Sp0pyV8YM9al7CWYYwNcLvaj-YG-04584,https://drive.google.com/file/d/1pPpXdRc_Sp0pyV8YM9al7CWYYwNcLvaj/preview,https://drive.google.com/file/d/1pPpXdRc_Sp0pyV8YM9al7CWYYwNcLvaj/view?usp=drivesdk
1m0i4N3Obz7OjnkAWzKJvQ7m-BuLj2rjs,YG-04585,YATO GASTRO,Czesci_zamienne_YG-04585.pdf,YG-04585,True,True,drive-1m0i4N3Obz7OjnkAWzKJvQ7m-BuLj2rjs-YG-04585,https://drive.google.com/file/d/1m0i4N3Obz7OjnkAWzKJvQ7m-BuLj2rjs/preview,https://drive.google.com/file/d/1m0i4N3Obz7OjnkAWzKJvQ7m-BuLj2rjs/view?usp=drivesdk
1D5ThNSkyAOBlchopEqTIqFEJLWXL5W9Z,YG-04586,YATO GASTRO,Czesci_zamienne_YG-04586.pdf,YG-04586,True,True,drive-1D5ThNSkyAOBlchopEqTIqFEJLWXL5W9Z-YG-04586,https://drive.google.com/file/d/1D5ThNSkyAOBlchopEqTIqFEJLWXL5W9Z/preview,https://drive.google.com/file/d/1D5ThNSkyAOBlchopEqTIqFEJLWXL5W9Z/view?usp=drivesdk
1C-HNnE543GYv17v3vVMjVKLKvWUPDSfa,YG-04587,YATO GASTRO,Czesci_zamienne_YG-04587.pdf,YG-04587,True,True,drive-1C-HNnE543GYv17v3vVMjVKLKvWUPDSfa-YG-04587,https://drive.google.com/file/d/1C-HNnE543GYv17v3vVMjVKLKvWUPDSfa/preview,https://drive.google.com/file/d/1C-HNnE543GYv17v3vVMjVKLKvWUPDSfa/view?usp=drivesdk
1QsEY6tZRlMXrmqt-c8NXPuM6XA1hhvMm,YG-04588,YATO GASTRO,Czesci_zamienne_YG-04588.pdf,YG-04588,True,True,drive-1QsEY6tZRlMXrmqt-c8NXPuM6XA1hhvMm-YG-04588,https://drive.google.com/file/d/1QsEY6tZRlMXrmqt-c8NXPuM6XA1hhvMm/preview,https://drive.google.com/file/d/1QsEY6tZRlMXrmqt-c8NXPuM6XA1hhvMm/view?usp=drivesdk
1TFvgTf2j-p4wkVNmSgPkGxqbJlWcGlWt,YG-04608,YATO GASTRO,Czesci_zamienne_YG-04608.pdf,YG-04608,True,True,drive-1TFvgTf2j-p4wkVNmSgPkGxqbJlWcGlWt-YG-04608,https://drive.google.com/file/d/1TFvgTf2j-p4wkVNmSgPkGxqbJlWcGlWt/preview,https://drive.google.com/file/d/1TFvgTf2j-p4wkVNmSgPkGxqbJlWcGlWt/view?usp=drivesdk
1XYiYH3Q8hU_r7uq5NdVA7jRC5OZkONCM,YG-04609,YATO GASTRO,Czesci_zamienne_YG-04609.pdf,YG-04609,True,True,drive-1XYiYH3Q8hU_r7uq5NdVA7jRC5OZkONCM-YG-04609,https://drive.google.com/file/d/1XYiYH3Q8hU_r7uq5NdVA7jRC5OZkONCM/preview,https://drive.google.com/file/d/1XYiYH3Q8hU_r7uq5NdVA7jRC5OZkONCM/view?usp=drivesdk
1ERrcoxn2h3QSdf8Br46NQ8PJTF1vk2DG,YG-04610,YATO GASTRO,Czesci_zamienne_YG-04610.pdf,YG-04610,True,True,drive-1ERrcoxn2h3QSdf8Br46NQ8PJTF1vk2DG-YG-04610,https://drive.google.com/file/d/1ERrcoxn2h3QSdf8Br46NQ8PJTF1vk2DG/preview,https://drive.google.com/file/d/1ERrcoxn2h3QSdf8Br46NQ8PJTF1vk2DG/view?usp=drivesdk
19VufTx6fz6CkUownCfov5VINfU7nDM3m,YG-04615,YATO GASTRO,Czesci_zamienne_YG-04615.pdf,YG-04615,True,True,drive-19VufTx6fz6CkUownCfov5VINfU7nDM3m-YG-04615,https://drive.google.com/file/d/19VufTx6fz6CkUownCfov5VINfU7nDM3m/preview,https://drive.google.com/file/d/19VufTx6fz6CkUownCfov5VINfU7nDM3m/view?usp=drivesdk
1-4NOyef8qU5skmXBYnMvSVPp6ae82ZOs,YG-04616,YATO GASTRO,Czesci_zamienne_YG-04616.pdf,YG-04616,True,True,drive-1-4NOyef8qU5skmXBYnMvSVPp6ae82ZOs-YG-04616,https://drive.google.com/file/d/1-4NOyef8qU5skmXBYnMvSVPp6ae82ZOs/preview,https://drive.google.com/file/d/1-4NOyef8qU5skmXBYnMvSVPp6ae82ZOs/view?usp=drivesdk
1SJ2ScGm6JSkFfYTMrC4G1GeSCpAz1GfI,YG-04617,YATO GASTRO,Czesci_zamienne_YG-04617.pdf,YG-04617,True,True,drive-1SJ2ScGm6JSkFfYTMrC4G1GeSCpAz1GfI-YG-04617,https://drive.google.com/file/d/1SJ2ScGm6JSkFfYTMrC4G1GeSCpAz1GfI/preview,https://drive.google.com/file/d/1SJ2ScGm6JSkFfYTMrC4G1GeSCpAz1GfI/view?usp=drivesdk
13sPtzxbF0pLTSUJnlS5wA1tZxkyaZstS,YG-04620,YATO GASTRO,Czesci_zamienne_YG-04620.pdf,YG-04620,True,True,drive-13sPtzxbF0pLTSUJnlS5wA1tZxkyaZstS-YG-04620,https://drive.google.com/file/d/13sPtzxbF0pLTSUJnlS5wA1tZxkyaZstS/preview,https://drive.google.com/file/d/13sPtzxbF0pLTSUJnlS5wA1tZxkyaZstS/view?usp=drivesdk
1txitZs3b9CaB6qRd_nyv3Qo12XOxgdtM,YG-04621,YATO GASTRO,Czesci_zamienne_YG-04621.pdf,YG-04621,True,True,drive-1txitZs3b9CaB6qRd_nyv3Qo12XOxgdtM-YG-04621,https://drive.google.com/file/d/1txitZs3b9CaB6qRd_nyv3Qo12XOxgdtM/preview,https://drive.google.com/file/d/1txitZs3b9CaB6qRd_nyv3Qo12XOxgdtM/view?usp=drivesdk
1RkMGzljvms0ZWIUjpqKfdLPRKwJSxUxF,YG-04622,YATO GASTRO,Czesci_zamienne_YG-04622.pdf,YG-04622,True,True,drive-1RkMGzljvms0ZWIUjpqKfdLPRKwJSxUxF-YG-04622,https://drive.google.com/file/d/1RkMGzljvms0ZWIUjpqKfdLPRKwJSxUxF/preview,https://drive.google.com/file/d/1RkMGzljvms0ZWIUjpqKfdLPRKwJSxUxF/view?usp=drivesdk
1AFewjUpl88J8RC2XxX3-T4Qn_5vNsBml,YG-04623,YATO GASTRO,Czesci_zamienne_YG-04623.pdf,YG-04623,True,True,drive-1AFewjUpl88J8RC2XxX3-T4Qn_5vNsBml-YG-04623,https://drive.google.com/file/d/1AFewjUpl88J8RC2XxX3-T4Qn_5vNsBml/preview,https://drive.google.com/file/d/1AFewjUpl88J8RC2XxX3-T4Qn_5vNsBml/view?usp=drivesdk
1-w09m9y_KO0sAWWOAMwgCbz8EYEIhMAU,YG-04624,YATO GASTRO,Czesci_zamienne_YG-04624.pdf,YG-04624,True,True,drive-1-w09m9y_KO0sAWWOAMwgCbz8EYEIhMAU-YG-04624,https://drive.google.com/file/d/1-w09m9y_KO0sAWWOAMwgCbz8EYEIhMAU/preview,https://drive.google.com/file/d/1-w09m9y_KO0sAWWOAMwgCbz8EYEIhMAU/view?usp=drivesdk
1WZnEK2ttn6HtNbbGOdlQnFSWSP-uP4Cd,YG-04630,YATO GASTRO,Czesci_zamienne_YG-04630.pdf,YG-04630,True,True,drive-1WZnEK2ttn6HtNbbGOdlQnFSWSP-uP4Cd-YG-04630,https://drive.google.com/file/d/1WZnEK2ttn6HtNbbGOdlQnFSWSP-uP4Cd/preview,https://drive.google.com/file/d/1WZnEK2ttn6HtNbbGOdlQnFSWSP-uP4Cd/view?usp=drivesdk
1IPbqi-Ws7mDn3RHDgLCN3p28YATUazsB,YG-04632,YATO GASTRO,Czesci_zamienne_YG-04632.pdf,YG-04632,True,True,drive-1IPbqi-Ws7mDn3RHDgLCN3p28YATUazsB-YG-04632,https://drive.google.com/file/d/1IPbqi-Ws7mDn3RHDgLCN3p28YATUazsB/preview,https://drive.google.com/file/d/1IPbqi-Ws7mDn3RHDgLCN3p28YATUazsB/view?usp=drivesdk
1vxnW61ThgTdNzRMI4zdqMiF4M37AFGoS,YG-04634,YATO GASTRO,Czesci_zamienne_YG-04634.pdf,YG-04634,True,True,drive-1vxnW61ThgTdNzRMI4zdqMiF4M37AFGoS-YG-04634,https://drive.google.com/file/d/1vxnW61ThgTdNzRMI4zdqMiF4M37AFGoS/preview,https://drive.google.com/file/d/1vxnW61ThgTdNzRMI4zdqMiF4M37AFGoS/view?usp=drivesdk
18Fx_qXKIjh9JdM1VszU7fDbauTV4BR8X,YG-04636,YATO GASTRO,Czesci_zamienne_YG-04636.pdf,YG-04636,True,True,drive-18Fx_qXKIjh9JdM1VszU7fDbauTV4BR8X-YG-04636,https://drive.google.com/file/d/18Fx_qXKIjh9JdM1VszU7fDbauTV4BR8X/preview,https://drive.google.com/file/d/18Fx_qXKIjh9JdM1VszU7fDbauTV4BR8X/view?usp=drivesdk
1ycb_jAP6OLjYLvdOmEHaxJTWnBhdhbmq,YG-04638,YATO GASTRO,Czesci_zamienne_YG-04638.pdf,YG-04638,True,True,drive-1ycb_jAP6OLjYLvdOmEHaxJTWnBhdhbmq-YG-04638,https://drive.google.com/file/d/1ycb_jAP6OLjYLvdOmEHaxJTWnBhdhbmq/preview,https://drive.google.com/file/d/1ycb_jAP6OLjYLvdOmEHaxJTWnBhdhbmq/view?usp=drivesdk
1RRE7CjzU4zRNKlTuhwxo-mpdTbIuRl7x,YG-04640,YATO GASTRO,Czesci_zamienne_YG-04640.pdf,YG-04640,True,True,drive-1RRE7CjzU4zRNKlTuhwxo-mpdTbIuRl7x-YG-04640,https://drive.google.com/file/d/1RRE7CjzU4zRNKlTuhwxo-mpdTbIuRl7x/preview,https://drive.google.com/file/d/1RRE7CjzU4zRNKlTuhwxo-mpdTbIuRl7x/view?usp=drivesdk
1XneQPZfDZvNnG8GZXYEd2C_efELsS9qS,YG-04641,YATO GASTRO,Czesci_zamienne_YG-04641.pdf,YG-04641,True,True,drive-1XneQPZfDZvNnG8GZXYEd2C_efELsS9qS-YG-04641,https://drive.google.com/file/d/1XneQPZfDZvNnG8GZXYEd2C_efELsS9qS/preview,https://drive.google.com/file/d/1XneQPZfDZvNnG8GZXYEd2C_efELsS9qS/view?usp=drivesdk
1TaRFyPoKZXkeyypKrO99b7bhWmoZ1WiL,YG-04660,YATO GASTRO,Czesci_zamienne_YG-04660.pdf,YG-04660,True,True,drive-1TaRFyPoKZXkeyypKrO99b7bhWmoZ1WiL-YG-04660,https://drive.google.com/file/d/1TaRFyPoKZXkeyypKrO99b7bhWmoZ1WiL/preview,https://drive.google.com/file/d/1TaRFyPoKZXkeyypKrO99b7bhWmoZ1WiL/view?usp=drivesdk
1waf80g2TCFWBuVKXshmzANqJvmSZVLhb,YG-04680,YATO GASTRO,Czesci_zamienne_YG-04680.pdf,YG-04680,True,True,drive-1waf80g2TCFWBuVKXshmzANqJvmSZVLhb-YG-04680,https://drive.google.com/file/d/1waf80g2TCFWBuVKXshmzANqJvmSZVLhb/preview,https://drive.google.com/file/d/1waf80g2TCFWBuVKXshmzANqJvmSZVLhb/view?usp=drivesdk
1rrCqTPSqKFoDU1N4FT31e7wNOf7qQJGF,YG-04695,YATO GASTRO,Czesci_zamienne_YG-04695.pdf,YG-04695,True,True,drive-1rrCqTPSqKFoDU1N4FT31e7wNOf7qQJGF-YG-04695,https://drive.google.com/file/d/1rrCqTPSqKFoDU1N4FT31e7wNOf7qQJGF/preview,https://drive.google.com/file/d/1rrCqTPSqKFoDU1N4FT31e7wNOf7qQJGF/view?usp=drivesdk
1B0Y1OpmKLAoRxxjoQ41otBbTlJKqZpzW,YG-04696,YATO GASTRO,Czesci_zamienne_YG-04696.pdf,YG-04696,True,True,drive-1B0Y1OpmKLAoRxxjoQ41otBbTlJKqZpzW-YG-04696,https://drive.google.com/file/d/1B0Y1OpmKLAoRxxjoQ41otBbTlJKqZpzW/preview,https://drive.google.com/file/d/1B0Y1OpmKLAoRxxjoQ41otBbTlJKqZpzW/view?usp=drivesdk
1bz73oCx-o-ZhllTJBVeHTZtja7fGWw-2,YG-04700,YATO GASTRO,Czesci_zamienne_YG-04700.pdf,YG-04700,True,True,drive-1bz73oCx-o-ZhllTJBVeHTZtja7fGWw-2-YG-04700,https://drive.google.com/file/d/1bz73oCx-o-ZhllTJBVeHTZtja7fGWw-2/preview,https://drive.google.com/file/d/1bz73oCx-o-ZhllTJBVeHTZtja7fGWw-2/view?usp=drivesdk
1BK_uNEzrPnbQPSpUlvxlhUOebKs7VeVZ,YG-04701,YATO GASTRO,Czesci_zamienne_YG-04701.pdf,YG-04701,True,True,drive-1BK_uNEzrPnbQPSpUlvxlhUOebKs7VeVZ-YG-04701,https://drive.google.com/file/d/1BK_uNEzrPnbQPSpUlvxlhUOebKs7VeVZ/preview,https://drive.google.com/file/d/1BK_uNEzrPnbQPSpUlvxlhUOebKs7VeVZ/view?usp=drivesdk
18eh7TTHs4j6lCNkgLIxSV44WWJv37Ywz,YG-04705,YATO GASTRO,Czesci_zamienne_YG-04705.pdf,YG-04705,True,True,drive-18eh7TTHs4j6lCNkgLIxSV44WWJv37Ywz-YG-04705,https://drive.google.com/file/d/18eh7TTHs4j6lCNkgLIxSV44WWJv37Ywz/preview,https://drive.google.com/file/d/18eh7TTHs4j6lCNkgLIxSV44WWJv37Ywz/view?usp=drivesdk
1GWpi2AIGKS2op5N2fNQFETrgwWHFBV90,YG-05000,YATO GASTRO,Czesci_zamienne_YG-05000.pdf,YG-05000,True,True,drive-1GWpi2AIGKS2op5N2fNQFETrgwWHFBV90-YG-05000,https://drive.google.com/file/d/1GWpi2AIGKS2op5N2fNQFETrgwWHFBV90/preview,https://drive.google.com/file/d/1GWpi2AIGKS2op5N2fNQFETrgwWHFBV90/view?usp=drivesdk
1BUeGqirXSCd1ivzWU03dOIQZIZSHB5n7,YG-05001,YATO GASTRO,Czesci_zamienne_YG-05001.pdf,YG-05001,True,True,drive-1BUeGqirXSCd1ivzWU03dOIQZIZSHB5n7-YG-05001,https://drive.google.com/file/d/1BUeGqirXSCd1ivzWU03dOIQZIZSHB5n7/preview,https://drive.google.com/file/d/1BUeGqirXSCd1ivzWU03dOIQZIZSHB5n7/view?usp=drivesdk
1lnwJBUULSW55jCQkJ5ArP8FYVNEtk1nB,YG-05002,YATO GASTRO,Czesci_zamienne_YG-05002.pdf,YG-05002,True,True,drive-1lnwJBUULSW55jCQkJ5ArP8FYVNEtk1nB-YG-05002,https://drive.google.com/file/d/1lnwJBUULSW55jCQkJ5ArP8FYVNEtk1nB/preview,https://drive.google.com/file/d/1lnwJBUULSW55jCQkJ5ArP8FYVNEtk1nB/view?usp=drivesdk
1F6vIbeKUBSdmEn8I1kck_ZsTBKfBhPL2,YG-05005,YATO GASTRO,Czesci_zamienne_YG-05005.pdf,YG-05005,True,True,drive-1F6vIbeKUBSdmEn8I1kck_ZsTBKfBhPL2-YG-05005,https://drive.google.com/file/d/1F6vIbeKUBSdmEn8I1kck_ZsTBKfBhPL2/preview,https://drive.google.com/file/d/1F6vIbeKUBSdmEn8I1kck_ZsTBKfBhPL2/view?usp=drivesdk
1n4zVX_AnQz8B3iXoBicnuV0GwvRvp8qG,YG-05007,YATO GASTRO,Czesci_zamienne_YG-05007.pdf,YG-05007,True,True,drive-1n4zVX_AnQz8B3iXoBicnuV0GwvRvp8qG-YG-05007,https://drive.google.com/file/d/1n4zVX_AnQz8B3iXoBicnuV0GwvRvp8qG/preview,https://drive.google.com/file/d/1n4zVX_AnQz8B3iXoBicnuV0GwvRvp8qG/view?usp=drivesdk
1UfWtX7Rsy8bAQ95ud5zJAct-a19y2LDk,YG-05020,YATO GASTRO,Czesci_zamienne_YG-05020.pdf,YG-05020,True,True,drive-1UfWtX7Rsy8bAQ95ud5zJAct-a19y2LDk-YG-05020,https://drive.google.com/file/d/1UfWtX7Rsy8bAQ95ud5zJAct-a19y2LDk/preview,https://drive.google.com/file/d/1UfWtX7Rsy8bAQ95ud5zJAct-a19y2LDk/view?usp=drivesdk
1nJ9LsVQU7RR-8v_6xmiYCbNX6LoELJ8G,YG-05021,YATO GASTRO,Czesci_zamienne_YG-05021.pdf,YG-05021,True,True,drive-1nJ9LsVQU7RR-8v_6xmiYCbNX6LoELJ8G-YG-05021,https://drive.google.com/file/d/1nJ9LsVQU7RR-8v_6xmiYCbNX6LoELJ8G/preview,https://drive.google.com/file/d/1nJ9LsVQU7RR-8v_6xmiYCbNX6LoELJ8G/view?usp=drivesdk
1pZT4lb-nxwx-4jWNjTEBg6LAXHdoGoai,YG-05022,YATO GASTRO,Czesci_zamienne_YG-05022.pdf,YG-05022,True,True,drive-1pZT4lb-nxwx-4jWNjTEBg6LAXHdoGoai-YG-05022,https://drive.google.com/file/d/1pZT4lb-nxwx-4jWNjTEBg6LAXHdoGoai/preview,https://drive.google.com/file/d/1pZT4lb-nxwx-4jWNjTEBg6LAXHdoGoai/view?usp=drivesdk
1qDIbHYHMOWXMjT2b4v6yLx3pHu7hVByb,YG-05025,YATO GASTRO,Czesci_zamienne_YG-05025.pdf,YG-05025,True,True,drive-1qDIbHYHMOWXMjT2b4v6yLx3pHu7hVByb-YG-05025,https://drive.google.com/file/d/1qDIbHYHMOWXMjT2b4v6yLx3pHu7hVByb/preview,https://drive.google.com/file/d/1qDIbHYHMOWXMjT2b4v6yLx3pHu7hVByb/view?usp=drivesdk
1XglKPj5bQ2dBsehMjmeHHu5sG5UdJF9G,YG-05040,YATO GASTRO,Czesci_zamienne_YG-05040.pdf,YG-05040,True,True,drive-1XglKPj5bQ2dBsehMjmeHHu5sG5UdJF9G-YG-05040,https://drive.google.com/file/d/1XglKPj5bQ2dBsehMjmeHHu5sG5UdJF9G/preview,https://drive.google.com/file/d/1XglKPj5bQ2dBsehMjmeHHu5sG5UdJF9G/view?usp=drivesdk
1KjTMwHjnZTAkXHzmDob4U1i1a-m-qGN7,YG-05045,YATO GASTRO,Czesci_zamienne_YG-05045.pdf,YG-05045,True,True,drive-1KjTMwHjnZTAkXHzmDob4U1i1a-m-qGN7-YG-05045,https://drive.google.com/file/d/1KjTMwHjnZTAkXHzmDob4U1i1a-m-qGN7/preview,https://drive.google.com/file/d/1KjTMwHjnZTAkXHzmDob4U1i1a-m-qGN7/view?usp=drivesdk
1WjvVFgPkFYrXUpX-7qAvr8UOsKLLfcjl,YG-05050,YATO GASTRO,Czesci_zamienne_YG-05050.pdf,YG-05050,True,True,drive-1WjvVFgPkFYrXUpX-7qAvr8UOsKLLfcjl-YG-05050,https://drive.google.com/file/d/1WjvVFgPkFYrXUpX-7qAvr8UOsKLLfcjl/preview,https://drive.google.com/file/d/1WjvVFgPkFYrXUpX-7qAvr8UOsKLLfcjl/view?usp=drivesdk
1Yhl3Gq9LalzIb86UR4xSFrX7z4MX3JHH,YG-05051,YATO GASTRO,Czesci_zamienne_YG-05051.pdf,YG-05051,True,True,drive-1Yhl3Gq9LalzIb86UR4xSFrX7z4MX3JHH-YG-05051,https://drive.google.com/file/d/1Yhl3Gq9LalzIb86UR4xSFrX7z4MX3JHH/preview,https://drive.google.com/file/d/1Yhl3Gq9LalzIb86UR4xSFrX7z4MX3JHH/view?usp=drivesdk
1OZwJqmc59EiBNkYRNCXZxtem27uH5mMO,YG-05052,YATO GASTRO,Czesci_zamienne_YG-05052.pdf,YG-05052,True,True,drive-1OZwJqmc59EiBNkYRNCXZxtem27uH5mMO-YG-05052,https://drive.google.com/file/d/1OZwJqmc59EiBNkYRNCXZxtem27uH5mMO/preview,https://drive.google.com/file/d/1OZwJqmc59EiBNkYRNCXZxtem27uH5mMO/view?usp=drivesdk
1H8mP2hSTXkfB9nIu9vVgEtGqkT_cB5RN,YG-05053,YATO GASTRO,Czesci_zamienne_YG-05053.pdf,YG-05053,True,True,drive-1H8mP2hSTXkfB9nIu9vVgEtGqkT_cB5RN-YG-05053,https://drive.google.com/file/d/1H8mP2hSTXkfB9nIu9vVgEtGqkT_cB5RN/preview,https://drive.google.com/file/d/1H8mP2hSTXkfB9nIu9vVgEtGqkT_cB5RN/view?usp=drivesdk
1vGXZynxZtyTHBUn8GxtnLgjo6f2_a8ze,YG-05055,YATO GASTRO,Czesci_zamienne_YG-05055.pdf,YG-05055,True,True,drive-1vGXZynxZtyTHBUn8GxtnLgjo6f2_a8ze-YG-05055,https://drive.google.com/file/d/1vGXZynxZtyTHBUn8GxtnLgjo6f2_a8ze/preview,https://drive.google.com/file/d/1vGXZynxZtyTHBUn8GxtnLgjo6f2_a8ze/view?usp=drivesdk
1_rizT-XyKhR3pqF7cJUrjX5ik47LMZNf,YG-05056,YATO GASTRO,Czesci_zamienne_YG-05056.pdf,YG-05056,True,True,drive-1_rizT-XyKhR3pqF7cJUrjX5ik47LMZNf-YG-05056,https://drive.google.com/file/d/1_rizT-XyKhR3pqF7cJUrjX5ik47LMZNf/preview,https://drive.google.com/file/d/1_rizT-XyKhR3pqF7cJUrjX5ik47LMZNf/view?usp=drivesdk
14dfF4fKyyeGbdhTRKdiTLqjLNjN5G3SG,YG-05057,YATO GASTRO,Czesci_zamienne_YG-05057.pdf,YG-05057,True,True,drive-14dfF4fKyyeGbdhTRKdiTLqjLNjN5G3SG-YG-05057,https://drive.google.com/file/d/14dfF4fKyyeGbdhTRKdiTLqjLNjN5G3SG/preview,https://drive.google.com/file/d/14dfF4fKyyeGbdhTRKdiTLqjLNjN5G3SG/view?usp=drivesdk
1YLc1cuifRoOegpyJ-2Yv1-71YOC0vuag,YG-05060,YATO GASTRO,Czesci_zamienne_YG-05060.pdf,YG-05060,True,True,drive-1YLc1cuifRoOegpyJ-2Yv1-71YOC0vuag-YG-05060,https://drive.google.com/file/d/1YLc1cuifRoOegpyJ-2Yv1-71YOC0vuag/preview,https://drive.google.com/file/d/1YLc1cuifRoOegpyJ-2Yv1-71YOC0vuag/view?usp=drivesdk
11DRakz-8tl31r80ON40rrC5u0X0GQ3lG,YG-05064,YATO GASTRO,Czesci_zamienne_YG-05064.pdf,YG-05064,True,True,drive-11DRakz-8tl31r80ON40rrC5u0X0GQ3lG-YG-05064,https://drive.google.com/file/d/11DRakz-8tl31r80ON40rrC5u0X0GQ3lG/preview,https://drive.google.com/file/d/11DRakz-8tl31r80ON40rrC5u0X0GQ3lG/view?usp=drivesdk
1JDrLOMg8jqeAqu5_vLluFxvx_jKxMFBe,YG-05068,YATO GASTRO,Czesci_zamienne_YG-05068.pdf,YG-05068,True,True,drive-1JDrLOMg8jqeAqu5_vLluFxvx_jKxMFBe-YG-05068,https://drive.google.com/file/d/1JDrLOMg8jqeAqu5_vLluFxvx_jKxMFBe/preview,https://drive.google.com/file/d/1JDrLOMg8jqeAqu5_vLluFxvx_jKxMFBe/view?usp=drivesdk
1YbL2bCI5HPfzrWbTjl9_qP_sWTNnx2yd,YG-05090,YATO GASTRO,Czesci_zamienne_YG-05090.pdf,YG-05090,True,True,drive-1YbL2bCI5HPfzrWbTjl9_qP_sWTNnx2yd-YG-05090,https://drive.google.com/file/d/1YbL2bCI5HPfzrWbTjl9_qP_sWTNnx2yd/preview,https://drive.google.com/file/d/1YbL2bCI5HPfzrWbTjl9_qP_sWTNnx2yd/view?usp=drivesdk
1L5d3ukT4nimqqHUYemcf1u6YEYh2r03T,YG-05094,YATO GASTRO,Czesci_zamienne_YG-05094.pdf,YG-05094,True,True,drive-1L5d3ukT4nimqqHUYemcf1u6YEYh2r03T-YG-05094,https://drive.google.com/file/d/1L5d3ukT4nimqqHUYemcf1u6YEYh2r03T/preview,https://drive.google.com/file/d/1L5d3ukT4nimqqHUYemcf1u6YEYh2r03T/view?usp=drivesdk
172VQNIjFdewdFCnJJhAZ0BKGHpSh7rIK,YG-05098,YATO GASTRO,Czesci_zamienne_YG-05098.pdf,YG-05098,True,True,drive-172VQNIjFdewdFCnJJhAZ0BKGHpSh7rIK-YG-05098,https://drive.google.com/file/d/172VQNIjFdewdFCnJJhAZ0BKGHpSh7rIK/preview,https://drive.google.com/file/d/172VQNIjFdewdFCnJJhAZ0BKGHpSh7rIK/view?usp=drivesdk
1TB4idVXPgQFd1CpFCxQrXPh-xX9f-dY3,YG-05171,YATO GASTRO,Czesci_zamienne_YG-05171.pdf,YG-05171,True,True,drive-1TB4idVXPgQFd1CpFCxQrXPh-xX9f-dY3-YG-05171,https://drive.google.com/file/d/1TB4idVXPgQFd1CpFCxQrXPh-xX9f-dY3/preview,https://drive.google.com/file/d/1TB4idVXPgQFd1CpFCxQrXPh-xX9f-dY3/view?usp=drivesdk
1bFr1YuxwHwviJllQCMz32fMZyLH-Ub1I,YG-05174,YATO GASTRO,Czesci_zamienne_YG-05174.pdf,YG-05174,True,True,drive-1bFr1YuxwHwviJllQCMz32fMZyLH-Ub1I-YG-05174,https://drive.google.com/file/d/1bFr1YuxwHwviJllQCMz32fMZyLH-Ub1I/preview,https://drive.google.com/file/d/1bFr1YuxwHwviJllQCMz32fMZyLH-Ub1I/view?usp=drivesdk
1GTxCUZOQUD7T2iM-w6_d6nbz7fxlC7f3,YG-05177,YATO GASTRO,Czesci_zamienne_YG-05177.pdf,YG-05177,True,True,drive-1GTxCUZOQUD7T2iM-w6_d6nbz7fxlC7f3-YG-05177,https://drive.google.com/file/d/1GTxCUZOQUD7T2iM-w6_d6nbz7fxlC7f3/preview,https://drive.google.com/file/d/1GTxCUZOQUD7T2iM-w6_d6nbz7fxlC7f3/view?usp=drivesdk
1Md4AiyS0ipEXUBTur20rsRl8gqCWaFTc,YG-05179,YATO GASTRO,Czesci_zamienne_YG-05179.pdf,YG-05179,True,True,drive-1Md4AiyS0ipEXUBTur20rsRl8gqCWaFTc-YG-05179,https://drive.google.com/file/d/1Md4AiyS0ipEXUBTur20rsRl8gqCWaFTc/preview,https://drive.google.com/file/d/1Md4AiyS0ipEXUBTur20rsRl8gqCWaFTc/view?usp=drivesdk
1E5rZHQxpxpe2RoLxbUoJpZy8VmO-rit4,YG-05180,YATO GASTRO,Czesci_zamienne_YG-05180.pdf,YG-05180,True,True,drive-1E5rZHQxpxpe2RoLxbUoJpZy8VmO-rit4-YG-05180,https://drive.google.com/file/d/1E5rZHQxpxpe2RoLxbUoJpZy8VmO-rit4/preview,https://drive.google.com/file/d/1E5rZHQxpxpe2RoLxbUoJpZy8VmO-rit4/view?usp=drivesdk
14oH4E8U9ccKXScbWANRUlrPvbALYzqgj,YG-05200,YATO GASTRO,Czesci_zamienne_YG-05200.pdf,YG-05200,True,True,drive-14oH4E8U9ccKXScbWANRUlrPvbALYzqgj-YG-05200,https://drive.google.com/file/d/14oH4E8U9ccKXScbWANRUlrPvbALYzqgj/preview,https://drive.google.com/file/d/14oH4E8U9ccKXScbWANRUlrPvbALYzqgj/view?usp=drivesdk
1MnPcTPWSBMukXAaCqTcRAG89iILEcTnZ,YG-05201,YATO GASTRO,Czesci_zamienne_YG-05201.pdf,YG-05201,True,True,drive-1MnPcTPWSBMukXAaCqTcRAG89iILEcTnZ-YG-05201,https://drive.google.com/file/d/1MnPcTPWSBMukXAaCqTcRAG89iILEcTnZ/preview,https://drive.google.com/file/d/1MnPcTPWSBMukXAaCqTcRAG89iILEcTnZ/view?usp=drivesdk
1RoRkFjPmEytCV2l1OwXet9l6LsSehvoI,YG-05210,YATO GASTRO,Czesci_zamienne_YG-05210.pdf,YG-05210,True,True,drive-1RoRkFjPmEytCV2l1OwXet9l6LsSehvoI-YG-05210,https://drive.google.com/file/d/1RoRkFjPmEytCV2l1OwXet9l6LsSehvoI/preview,https://drive.google.com/file/d/1RoRkFjPmEytCV2l1OwXet9l6LsSehvoI/view?usp=drivesdk
1BWfQf7jfExB-dVhWzGK7nm5oIWGuZNXS,YG-05211,YATO GASTRO,Czesci_zamienne_YG-05211.pdf,YG-05211,True,True,drive-1BWfQf7jfExB-dVhWzGK7nm5oIWGuZNXS-YG-05211,https://drive.google.com/file/d/1BWfQf7jfExB-dVhWzGK7nm5oIWGuZNXS/preview,https://drive.google.com/file/d/1BWfQf7jfExB-dVhWzGK7nm5oIWGuZNXS/view?usp=drivesdk
13ajRZf2WNvJvv76J57Em4jOiYB6IIx6T,YG-05215,YATO GASTRO,Czesci_zamienne_YG-05215.pdf,YG-05215,True,True,drive-13ajRZf2WNvJvv76J57Em4jOiYB6IIx6T-YG-05215,https://drive.google.com/file/d/13ajRZf2WNvJvv76J57Em4jOiYB6IIx6T/preview,https://drive.google.com/file/d/13ajRZf2WNvJvv76J57Em4jOiYB6IIx6T/view?usp=drivesdk
1TXgzfCqD9Khjo4B0NaSUcWzmCqixOf0a,YG-05216,YATO GASTRO,Czesci_zamienne_YG-05216.pdf,YG-05216,True,True,drive-1TXgzfCqD9Khjo4B0NaSUcWzmCqixOf0a-YG-05216,https://drive.google.com/file/d/1TXgzfCqD9Khjo4B0NaSUcWzmCqixOf0a/preview,https://drive.google.com/file/d/1TXgzfCqD9Khjo4B0NaSUcWzmCqixOf0a/view?usp=drivesdk
193LAfI2tO3oguLoWvnhZBEegCPv4Ry9D,YG-05220,YATO GASTRO,Czesci_zamienne_YG-05220.pdf,YG-05220,True,True,drive-193LAfI2tO3oguLoWvnhZBEegCPv4Ry9D-YG-05220,https://drive.google.com/file/d/193LAfI2tO3oguLoWvnhZBEegCPv4Ry9D/preview,https://drive.google.com/file/d/193LAfI2tO3oguLoWvnhZBEegCPv4Ry9D/view?usp=drivesdk
13aBpkm_eqC7BctOgdzeGxXQBBy17Gtey,YG-05221,YATO GASTRO,Czesci_zamienne_YG-05221.pdf,YG-05221,True,True,drive-13aBpkm_eqC7BctOgdzeGxXQBBy17Gtey-YG-05221,https://drive.google.com/file/d/13aBpkm_eqC7BctOgdzeGxXQBBy17Gtey/preview,https://drive.google.com/file/d/13aBpkm_eqC7BctOgdzeGxXQBBy17Gtey/view?usp=drivesdk
1yOAfi5qDtFqHPWUuA2xpNp0Mj11qort1,YG-05225,YATO GASTRO,Czesci_zamienne_YG-05225.pdf,YG-05225,True,True,drive-1yOAfi5qDtFqHPWUuA2xpNp0Mj11qort1-YG-05225,https://drive.google.com/file/d/1yOAfi5qDtFqHPWUuA2xpNp0Mj11qort1/preview,https://drive.google.com/file/d/1yOAfi5qDtFqHPWUuA2xpNp0Mj11qort1/view?usp=drivesdk
1BQExBQvoxc4T-zNYJp-j825IlG1ImTNy,YG-05226,YATO GASTRO,Czesci_zamienne_YG-05226.pdf,YG-05226,True,True,drive-1BQExBQvoxc4T-zNYJp-j825IlG1ImTNy-YG-05226,https://drive.google.com/file/d/1BQExBQvoxc4T-zNYJp-j825IlG1ImTNy/preview,https://drive.google.com/file/d/1BQExBQvoxc4T-zNYJp-j825IlG1ImTNy/view?usp=drivesdk
1TkdGPFpdZRjbITGHIskZkCBCbOaMylLm,YG-05227,YATO GASTRO,Czesci_zamienne_YG-05227.pdf,YG-05227,True,True,drive-1TkdGPFpdZRjbITGHIskZkCBCbOaMylLm-YG-05227,https://drive.google.com/file/d/1TkdGPFpdZRjbITGHIskZkCBCbOaMylLm/preview,https://drive.google.com/file/d/1TkdGPFpdZRjbITGHIskZkCBCbOaMylLm/view?usp=drivesdk
1wbhEbllL-aomKGEzmQIP1vz6PsqBl3up,YG-05230,YATO GASTRO,Czesci_zamienne_YG-05230.pdf,YG-05230,True,True,drive-1wbhEbllL-aomKGEzmQIP1vz6PsqBl3up-YG-05230,https://drive.google.com/file/d/1wbhEbllL-aomKGEzmQIP1vz6PsqBl3up/preview,https://drive.google.com/file/d/1wbhEbllL-aomKGEzmQIP1vz6PsqBl3up/view?usp=drivesdk
1ooINGlkyzRhfCSLFX_01xe2EsVRcKQT7,YG-05231,YATO GASTRO,Czesci_zamienne_YG-05231.pdf,YG-05231,True,True,drive-1ooINGlkyzRhfCSLFX_01xe2EsVRcKQT7-YG-05231,https://drive.google.com/file/d/1ooINGlkyzRhfCSLFX_01xe2EsVRcKQT7/preview,https://drive.google.com/file/d/1ooINGlkyzRhfCSLFX_01xe2EsVRcKQT7/view?usp=drivesdk
1O90X_ugnIKL7ZVexiXastOYbaIdlaBcn,YG-05232,YATO GASTRO,Czesci_zamienne_YG-05232.pdf,YG-05232,True,True,drive-1O90X_ugnIKL7ZVexiXastOYbaIdlaBcn-YG-05232,https://drive.google.com/file/d/1O90X_ugnIKL7ZVexiXastOYbaIdlaBcn/preview,https://drive.google.com/file/d/1O90X_ugnIKL7ZVexiXastOYbaIdlaBcn/view?usp=drivesdk
1YcSvQC6NWqIGyX69bk0v7LDYr5hHxHy5,YG-05233,YATO GASTRO,Czesci_zamienne_YG-05233.pdf,YG-05233,True,True,drive-1YcSvQC6NWqIGyX69bk0v7LDYr5hHxHy5-YG-05233,https://drive.google.com/file/d/1YcSvQC6NWqIGyX69bk0v7LDYr5hHxHy5/preview,https://drive.google.com/file/d/1YcSvQC6NWqIGyX69bk0v7LDYr5hHxHy5/view?usp=drivesdk
1_SjtyNkv9OmMcNLKEXVceTQyNl5KU-oA,YG-05234,YATO GASTRO,Czesci_zamienne_YG-05234.pdf,YG-05234,True,True,drive-1_SjtyNkv9OmMcNLKEXVceTQyNl5KU-oA-YG-05234,https://drive.google.com/file/d/1_SjtyNkv9OmMcNLKEXVceTQyNl5KU-oA/preview,https://drive.google.com/file/d/1_SjtyNkv9OmMcNLKEXVceTQyNl5KU-oA/view?usp=drivesdk
1r7BXfWGEQjFpMMnyDK6d9V4o1fG0NYOT,YG-05235,YATO GASTRO,Czesci_zamienne_YG-05235.pdf,YG-05235,True,True,drive-1r7BXfWGEQjFpMMnyDK6d9V4o1fG0NYOT-YG-05235,https://drive.google.com/file/d/1r7BXfWGEQjFpMMnyDK6d9V4o1fG0NYOT/preview,https://drive.google.com/file/d/1r7BXfWGEQjFpMMnyDK6d9V4o1fG0NYOT/view?usp=drivesdk
1ZpEBtziT0DovNuwnk4ENmDHydfKURvpq,YG-05236,YATO GASTRO,Czesci_zamienne_YG-05236.pdf,YG-05236,True,True,drive-1ZpEBtziT0DovNuwnk4ENmDHydfKURvpq-YG-05236,https://drive.google.com/file/d/1ZpEBtziT0DovNuwnk4ENmDHydfKURvpq/preview,https://drive.google.com/file/d/1ZpEBtziT0DovNuwnk4ENmDHydfKURvpq/view?usp=drivesdk
10559ZjWFdOhhmhKvbAMEdRlforGWoRpY,YG-05250,YATO GASTRO,Czesci_zamienne_YG-05250.pdf,YG-05250,True,True,drive-10559ZjWFdOhhmhKvbAMEdRlforGWoRpY-YG-05250,https://drive.google.com/file/d/10559ZjWFdOhhmhKvbAMEdRlforGWoRpY/preview,https://drive.google.com/file/d/10559ZjWFdOhhmhKvbAMEdRlforGWoRpY/view?usp=drivesdk
1BroqoVF2ijSkYdmTSrXLFpEPPzHnK28A,YG-05251,YATO GASTRO,Czesci_zamienne_YG-05251.pdf,YG-05251,True,True,drive-1BroqoVF2ijSkYdmTSrXLFpEPPzHnK28A-YG-05251,https://drive.google.com/file/d/1BroqoVF2ijSkYdmTSrXLFpEPPzHnK28A/preview,https://drive.google.com/file/d/1BroqoVF2ijSkYdmTSrXLFpEPPzHnK28A/view?usp=drivesdk
1FT_ip-5PxXc6W11kr9SA_mEoqngzcvXz,YG-05252,YATO GASTRO,Czesci_zamienne_YG-05252.pdf,YG-05252,True,True,drive-1FT_ip-5PxXc6W11kr9SA_mEoqngzcvXz-YG-05252,https://drive.google.com/file/d/1FT_ip-5PxXc6W11kr9SA_mEoqngzcvXz/preview,https://drive.google.com/file/d/1FT_ip-5PxXc6W11kr9SA_mEoqngzcvXz/view?usp=drivesdk
1wmcT5DOJc-emyjzCOIW_Vi3PSiOKJUat,YG-05253,YATO GASTRO,Czesci_zamienne_YG-05253.pdf,YG-05253,True,True,drive-1wmcT5DOJc-emyjzCOIW_Vi3PSiOKJUat-YG-05253,https://drive.google.com/file/d/1wmcT5DOJc-emyjzCOIW_Vi3PSiOKJUat/preview,https://drive.google.com/file/d/1wmcT5DOJc-emyjzCOIW_Vi3PSiOKJUat/view?usp=drivesdk
19Br67KCBAAL8TdWVEk4b8sxshLgcYniI,YG-05254,YATO GASTRO,Czesci_zamienne_YG-05254.pdf,YG-05254,True,True,drive-19Br67KCBAAL8TdWVEk4b8sxshLgcYniI-YG-05254,https://drive.google.com/file/d/19Br67KCBAAL8TdWVEk4b8sxshLgcYniI/preview,https://drive.google.com/file/d/19Br67KCBAAL8TdWVEk4b8sxshLgcYniI/view?usp=drivesdk
1MnvU8sNAFRXrvQyWyU5AJNimpzKERAVN,YG-05255,YATO GASTRO,Czesci_zamienne_YG-05255.pdf,YG-05255,True,True,drive-1MnvU8sNAFRXrvQyWyU5AJNimpzKERAVN-YG-05255,https://drive.google.com/file/d/1MnvU8sNAFRXrvQyWyU5AJNimpzKERAVN/preview,https://drive.google.com/file/d/1MnvU8sNAFRXrvQyWyU5AJNimpzKERAVN/view?usp=drivesdk
18Rgstq9qlajQdageGS5wGulXxntBN5eW,YG-05256,YATO GASTRO,Czesci_zamienne_YG-05256.pdf,YG-05256,True,True,drive-18Rgstq9qlajQdageGS5wGulXxntBN5eW-YG-05256,https://drive.google.com/file/d/18Rgstq9qlajQdageGS5wGulXxntBN5eW/preview,https://drive.google.com/file/d/18Rgstq9qlajQdageGS5wGulXxntBN5eW/view?usp=drivesdk
18EHu2RGoJYtQzEx8-BRL8Tv599Z6F4v7,YG-05257,YATO GASTRO,Czesci_zamienne_YG-05257.pdf,YG-05257,True,True,drive-18EHu2RGoJYtQzEx8-BRL8Tv599Z6F4v7-YG-05257,https://drive.google.com/file/d/18EHu2RGoJYtQzEx8-BRL8Tv599Z6F4v7/preview,https://drive.google.com/file/d/18EHu2RGoJYtQzEx8-BRL8Tv599Z6F4v7/view?usp=drivesdk
1jauQCKnDPcsqBl9St4MubyllLWyPBGdd,YG-05258,YATO GASTRO,Czesci_zamienne_YG-05258.pdf,YG-05258,True,True,drive-1jauQCKnDPcsqBl9St4MubyllLWyPBGdd-YG-05258,https://drive.google.com/file/d/1jauQCKnDPcsqBl9St4MubyllLWyPBGdd/preview,https://drive.google.com/file/d/1jauQCKnDPcsqBl9St4MubyllLWyPBGdd/view?usp=drivesdk
1S5RR69nthRRW0mtelGNJwzahpmvC9ShW,YG-05259,YATO GASTRO,Czesci_zamienne_YG-05259.pdf,YG-05259,True,True,drive-1S5RR69nthRRW0mtelGNJwzahpmvC9ShW-YG-05259,https://drive.google.com/file/d/1S5RR69nthRRW0mtelGNJwzahpmvC9ShW/preview,https://drive.google.com/file/d/1S5RR69nthRRW0mtelGNJwzahpmvC9ShW/view?usp=drivesdk
1taETUPbi4yxmGvxdEtTFp-5aosagX86Y,YG-05260,YATO GASTRO,Czesci_zamienne_YG-05260.pdf,YG-05260,True,True,drive-1taETUPbi4yxmGvxdEtTFp-5aosagX86Y-YG-05260,https://drive.google.com/file/d/1taETUPbi4yxmGvxdEtTFp-5aosagX86Y/preview,https://drive.google.com/file/d/1taETUPbi4yxmGvxdEtTFp-5aosagX86Y/view?usp=drivesdk
1gzbd8KyWkMvXMjxHRZha9U3GJIBd_hlO,YG-05262,YATO GASTRO,Czesci_zamienne_YG-05262.pdf,YG-05262,True,True,drive-1gzbd8KyWkMvXMjxHRZha9U3GJIBd_hlO-YG-05262,https://drive.google.com/file/d/1gzbd8KyWkMvXMjxHRZha9U3GJIBd_hlO/preview,https://drive.google.com/file/d/1gzbd8KyWkMvXMjxHRZha9U3GJIBd_hlO/view?usp=drivesdk
1GiB_RP4Bt_XZaw_VWpM3pLp-As6zhzOp,YG-05270,YATO GASTRO,Czesci_zamienne_YG-05270.pdf,YG-05270,True,True,drive-1GiB_RP4Bt_XZaw_VWpM3pLp-As6zhzOp-YG-05270,https://drive.google.com/file/d/1GiB_RP4Bt_XZaw_VWpM3pLp-As6zhzOp/preview,https://drive.google.com/file/d/1GiB_RP4Bt_XZaw_VWpM3pLp-As6zhzOp/view?usp=drivesdk
1jWcttH6tya0QFlC5AMHOTdVgVdzufWNd,YG-05275,YATO GASTRO,Czesci_zamienne_YG-05275.pdf,YG-05275,True,True,drive-1jWcttH6tya0QFlC5AMHOTdVgVdzufWNd-YG-05275,https://drive.google.com/file/d/1jWcttH6tya0QFlC5AMHOTdVgVdzufWNd/preview,https://drive.google.com/file/d/1jWcttH6tya0QFlC5AMHOTdVgVdzufWNd/view?usp=drivesdk
1AXSFo1QyYdqe-4DTH8hNtFZwvhMYSH8Y,YG-05280,YATO GASTRO,Czesci_zamienne_YG-05280.pdf,YG-05280,True,True,drive-1AXSFo1QyYdqe-4DTH8hNtFZwvhMYSH8Y-YG-05280,https://drive.google.com/file/d/1AXSFo1QyYdqe-4DTH8hNtFZwvhMYSH8Y/preview,https://drive.google.com/file/d/1AXSFo1QyYdqe-4DTH8hNtFZwvhMYSH8Y/view?usp=drivesdk
1oq52mued2JWZONBtQ1vZJd9_vIlN2BA0,YG-05281,YATO GASTRO,Czesci_zamienne_YG-05281.pdf,YG-05281,True,True,drive-1oq52mued2JWZONBtQ1vZJd9_vIlN2BA0-YG-05281,https://drive.google.com/file/d/1oq52mued2JWZONBtQ1vZJd9_vIlN2BA0/preview,https://drive.google.com/file/d/1oq52mued2JWZONBtQ1vZJd9_vIlN2BA0/view?usp=drivesdk
1stoEIpn0RtPzk7EANHkaSf6fHZa0ihT9,YG-05290,YATO GASTRO,Czesci_zamienne_YG-05290.pdf,YG-05290,True,True,drive-1stoEIpn0RtPzk7EANHkaSf6fHZa0ihT9-YG-05290,https://drive.google.com/file/d/1stoEIpn0RtPzk7EANHkaSf6fHZa0ihT9/preview,https://drive.google.com/file/d/1stoEIpn0RtPzk7EANHkaSf6fHZa0ihT9/view?usp=drivesdk
1t7MBzyzz8jAU_GDanjt_6JdkSqVCekbv,YG-05300,YATO GASTRO,Czesci_zamienne_YG-05300.pdf,YG-05300,True,True,drive-1t7MBzyzz8jAU_GDanjt_6JdkSqVCekbv-YG-05300,https://drive.google.com/file/d/1t7MBzyzz8jAU_GDanjt_6JdkSqVCekbv/preview,https://drive.google.com/file/d/1t7MBzyzz8jAU_GDanjt_6JdkSqVCekbv/view?usp=drivesdk
1WEsyO9E5jk8CzFAqepzH1cmx1hh2lROA,YG-05305,YATO GASTRO,Czesci_zamienne_YG-05305.pdf,YG-05305,True,True,drive-1WEsyO9E5jk8CzFAqepzH1cmx1hh2lROA-YG-05305,https://drive.google.com/file/d/1WEsyO9E5jk8CzFAqepzH1cmx1hh2lROA/preview,https://drive.google.com/file/d/1WEsyO9E5jk8CzFAqepzH1cmx1hh2lROA/view?usp=drivesdk
1K65b-5MclzPb8MqJsdAAcvZUzNGM0jJ6,YG-05310,YATO GASTRO,Czesci_zamienne_YG-05310.pdf,YG-05310,True,True,drive-1K65b-5MclzPb8MqJsdAAcvZUzNGM0jJ6-YG-05310,https://drive.google.com/file/d/1K65b-5MclzPb8MqJsdAAcvZUzNGM0jJ6/preview,https://drive.google.com/file/d/1K65b-5MclzPb8MqJsdAAcvZUzNGM0jJ6/view?usp=drivesdk
17vBbpG78JjjJF7HbT7cggxRZBT_VHoeP,YG-05320,YATO GASTRO,Czesci_zamienne_YG-05320.pdf,YG-05320,True,True,drive-17vBbpG78JjjJF7HbT7cggxRZBT_VHoeP-YG-05320,https://drive.google.com/file/d/17vBbpG78JjjJF7HbT7cggxRZBT_VHoeP/preview,https://drive.google.com/file/d/17vBbpG78JjjJF7HbT7cggxRZBT_VHoeP/view?usp=drivesdk
1VHBKXpTwKBU0nq5bHtpB2OOrOIGLkwca,YG-05321,YATO GASTRO,Czesci_zamienne_YG-05321.pdf,YG-05321,True,True,drive-1VHBKXpTwKBU0nq5bHtpB2OOrOIGLkwca-YG-05321,https://drive.google.com/file/d/1VHBKXpTwKBU0nq5bHtpB2OOrOIGLkwca/preview,https://drive.google.com/file/d/1VHBKXpTwKBU0nq5bHtpB2OOrOIGLkwca/view?usp=drivesdk
1u8DhZDvK3ftMMeoypPzqPVScZ53LElO3,YG-05322,YATO GASTRO,Czesci_zamienne_YG-05322.pdf,YG-05322,True,True,drive-1u8DhZDvK3ftMMeoypPzqPVScZ53LElO3-YG-05322,https://drive.google.com/file/d/1u8DhZDvK3ftMMeoypPzqPVScZ53LElO3/preview,https://drive.google.com/file/d/1u8DhZDvK3ftMMeoypPzqPVScZ53LElO3/view?usp=drivesdk
1_ml9zu6dUTR7v-1Ur9zJAXglaIiubHGb,YG-05323,YATO GASTRO,Czesci_zamienne_YG-05323.pdf,YG-05323,True,True,drive-1_ml9zu6dUTR7v-1Ur9zJAXglaIiubHGb-YG-05323,https://drive.google.com/file/d/1_ml9zu6dUTR7v-1Ur9zJAXglaIiubHGb/preview,https://drive.google.com/file/d/1_ml9zu6dUTR7v-1Ur9zJAXglaIiubHGb/view?usp=drivesdk
1AvxoEicaWl6q08sWqlu6VAxOc1ozId4S,YG-05330,YATO GASTRO,Czesci_zamienne_YG-05330.pdf,YG-05330,True,True,drive-1AvxoEicaWl6q08sWqlu6VAxOc1ozId4S-YG-05330,https://drive.google.com/file/d/1AvxoEicaWl6q08sWqlu6VAxOc1ozId4S/preview,https://drive.google.com/file/d/1AvxoEicaWl6q08sWqlu6VAxOc1ozId4S/view?usp=drivesdk
1ibwucu0M62mmWwHTVBovSQfvXuCzp7KK,YG-05331,YATO GASTRO,Czesci_zamienne_YG-05331.pdf,YG-05331,True,True,drive-1ibwucu0M62mmWwHTVBovSQfvXuCzp7KK-YG-05331,https://drive.google.com/file/d/1ibwucu0M62mmWwHTVBovSQfvXuCzp7KK/preview,https://drive.google.com/file/d/1ibwucu0M62mmWwHTVBovSQfvXuCzp7KK/view?usp=drivesdk
1B9lWY_tlPnbzM5f1vXLlChQDwRPvVhpu,YG-05332,YATO GASTRO,Czesci_zamienne_YG-05332.pdf,YG-05332,True,True,drive-1B9lWY_tlPnbzM5f1vXLlChQDwRPvVhpu-YG-05332,https://drive.google.com/file/d/1B9lWY_tlPnbzM5f1vXLlChQDwRPvVhpu/preview,https://drive.google.com/file/d/1B9lWY_tlPnbzM5f1vXLlChQDwRPvVhpu/view?usp=drivesdk
1nXTjEmYkVF8cnwf-UWA_PAmUABN2z7OC,YG-05350,YATO GASTRO,Czesci_zamienne_YG-05350.pdf,YG-05350,True,True,drive-1nXTjEmYkVF8cnwf-UWA_PAmUABN2z7OC-YG-05350,https://drive.google.com/file/d/1nXTjEmYkVF8cnwf-UWA_PAmUABN2z7OC/preview,https://drive.google.com/file/d/1nXTjEmYkVF8cnwf-UWA_PAmUABN2z7OC/view?usp=drivesdk
1B9mNXP0Tuj-8BeWvE3VAykbOYmvWBk-B,YG-05355,YATO GASTRO,Czesci_zamienne_YG-05355.pdf,YG-05355,True,True,drive-1B9mNXP0Tuj-8BeWvE3VAykbOYmvWBk-B-YG-05355,https://drive.google.com/file/d/1B9mNXP0Tuj-8BeWvE3VAykbOYmvWBk-B/preview,https://drive.google.com/file/d/1B9mNXP0Tuj-8BeWvE3VAykbOYmvWBk-B/view?usp=drivesdk
17CbBtUQ-TjK37iGqmzSNfw6J0TmG3qns,YG-05356,YATO GASTRO,Czesci_zamienne_YG-05356.pdf,YG-05356,True,True,drive-17CbBtUQ-TjK37iGqmzSNfw6J0TmG3qns-YG-05356,https://drive.google.com/file/d/17CbBtUQ-TjK37iGqmzSNfw6J0TmG3qns/preview,https://drive.google.com/file/d/17CbBtUQ-TjK37iGqmzSNfw6J0TmG3qns/view?usp=drivesdk
1esme57WfzTf-vlDndmnXxmcToZcZZAG6,YG-05360,YATO GASTRO,Czesci_zamienne_YG-05360.pdf,YG-05360,True,True,drive-1esme57WfzTf-vlDndmnXxmcToZcZZAG6-YG-05360,https://drive.google.com/file/d/1esme57WfzTf-vlDndmnXxmcToZcZZAG6/preview,https://drive.google.com/file/d/1esme57WfzTf-vlDndmnXxmcToZcZZAG6/view?usp=drivesdk
13b_WpRBdYOfyfObhiRq3qeXNaoBoR6nh,YG-07001,YATO GASTRO,Czesci_zamienne_YG-07001.pdf,YG-07001,True,True,drive-13b_WpRBdYOfyfObhiRq3qeXNaoBoR6nh-YG-07001,https://drive.google.com/file/d/13b_WpRBdYOfyfObhiRq3qeXNaoBoR6nh/preview,https://drive.google.com/file/d/13b_WpRBdYOfyfObhiRq3qeXNaoBoR6nh/view?usp=drivesdk
14TTnJtWUDY2Hae7y2h__JduEWMI3gfhC,YG-09000,YATO GASTRO,Czesci_zamienne_YG-09000.pdf,YG-09000,True,True,drive-14TTnJtWUDY2Hae7y2h__JduEWMI3gfhC-YG-09000,https://drive.google.com/file/d/14TTnJtWUDY2Hae7y2h__JduEWMI3gfhC/preview,https://drive.google.com/file/d/14TTnJtWUDY2Hae7y2h__JduEWMI3gfhC/view?usp=drivesdk
1jjBnK-BHwqNGyNpOBV0F9A6sidYVqMYD,YG-09001,YATO GASTRO,Czesci_zamienne_YG-09001.pdf,YG-09001,True,True,drive-1jjBnK-BHwqNGyNpOBV0F9A6sidYVqMYD-YG-09001,https://drive.google.com/file/d/1jjBnK-BHwqNGyNpOBV0F9A6sidYVqMYD/preview,https://drive.google.com/file/d/1jjBnK-BHwqNGyNpOBV0F9A6sidYVqMYD/view?usp=drivesdk
1pPu1J--dQUWGiKSUfhMG2ZQsMjPt0qHd,YG-09002,YATO GASTRO,Czesci_zamienne_YG-09002.pdf,YG-09002,True,True,drive-1pPu1J--dQUWGiKSUfhMG2ZQsMjPt0qHd-YG-09002,https://drive.google.com/file/d/1pPu1J--dQUWGiKSUfhMG2ZQsMjPt0qHd/preview,https://drive.google.com/file/d/1pPu1J--dQUWGiKSUfhMG2ZQsMjPt0qHd/view?usp=drivesdk
1u0cE0T7InjmAlQ7E58kfqcBiMO6nxBmg,YG-09003,YATO GASTRO,Czesci_zamienne_YG-09003.pdf,YG-09003,True,True,drive-1u0cE0T7InjmAlQ7E58kfqcBiMO6nxBmg-YG-09003,https://drive.google.com/file/d/1u0cE0T7InjmAlQ7E58kfqcBiMO6nxBmg/preview,https://drive.google.com/file/d/1u0cE0T7InjmAlQ7E58kfqcBiMO6nxBmg/view?usp=drivesdk
10zr12EZ-X2qeGlmuk4QD2Ze89GZUh_n-,YG-09004,YATO GASTRO,Czesci_zamienne_YG-09004.pdf,YG-09004,True,True,drive-10zr12EZ-X2qeGlmuk4QD2Ze89GZUh_n--YG-09004,https://drive.google.com/file/d/10zr12EZ-X2qeGlmuk4QD2Ze89GZUh_n-/preview,https://drive.google.com/file/d/10zr12EZ-X2qeGlmuk4QD2Ze89GZUh_n-/view?usp=drivesdk
1BD5N-i7DhwHQ9BDZMAMvjxonp1x-Flhr,YG-09005,YATO GASTRO,Czesci_zamienne_YG-09005.pdf,YG-09005,True,True,drive-1BD5N-i7DhwHQ9BDZMAMvjxonp1x-Flhr-YG-09005,https://drive.google.com/file/d/1BD5N-i7DhwHQ9BDZMAMvjxonp1x-Flhr/preview,https://drive.google.com/file/d/1BD5N-i7DhwHQ9BDZMAMvjxonp1x-Flhr/view?usp=drivesdk
1xlj21duLR9S2VvKLRGYEgOrD2Js_vrks,YG-09006,YATO GASTRO,Czesci_zamienne_YG-09006.pdf,YG-09006,True,True,drive-1xlj21duLR9S2VvKLRGYEgOrD2Js_vrks-YG-09006,https://drive.google.com/file/d/1xlj21duLR9S2VvKLRGYEgOrD2Js_vrks/preview,https://drive.google.com/file/d/1xlj21duLR9S2VvKLRGYEgOrD2Js_vrks/view?usp=drivesdk
1v4RyaDcyl1mx0i7dZR2_GTaGmyLiI5Ox,YG-09010,YATO GASTRO,Czesci_zamienne_YG-09010.pdf,YG-09010,True,True,drive-1v4RyaDcyl1mx0i7dZR2_GTaGmyLiI5Ox-YG-09010,https://drive.google.com/file/d/1v4RyaDcyl1mx0i7dZR2_GTaGmyLiI5Ox/preview,https://drive.google.com/file/d/1v4RyaDcyl1mx0i7dZR2_GTaGmyLiI5Ox/view?usp=drivesdk
1np3E91pSOESLnQkJzUYxalqM3cd5aAMl,YG-09011,YATO GASTRO,Czesci_zamienne_YG-09011.pdf,YG-09011,True,True,drive-1np3E91pSOESLnQkJzUYxalqM3cd5aAMl-YG-09011,https://drive.google.com/file/d/1np3E91pSOESLnQkJzUYxalqM3cd5aAMl/preview,https://drive.google.com/file/d/1np3E91pSOESLnQkJzUYxalqM3cd5aAMl/view?usp=drivesdk
1ujI3ABGxnbsz5NW2ZuZ1NDNVCcV_4is1,YG-09012,YATO GASTRO,Czesci_zamienne_YG-09012.pdf,YG-09012,True,True,drive-1ujI3ABGxnbsz5NW2ZuZ1NDNVCcV_4is1-YG-09012,https://drive.google.com/file/d/1ujI3ABGxnbsz5NW2ZuZ1NDNVCcV_4is1/preview,https://drive.google.com/file/d/1ujI3ABGxnbsz5NW2ZuZ1NDNVCcV_4is1/view?usp=drivesdk
11kfEMTh6TE5aT0ga5G2fe5aDuRAPGIoW,YG-09013,YATO GASTRO,Czesci_zamienne_YG-09013.pdf,YG-09013,True,True,drive-11kfEMTh6TE5aT0ga5G2fe5aDuRAPGIoW-YG-09013,https://drive.google.com/file/d/11kfEMTh6TE5aT0ga5G2fe5aDuRAPGIoW/preview,https://drive.google.com/file/d/11kfEMTh6TE5aT0ga5G2fe5aDuRAPGIoW/view?usp=drivesdk
1ax-k3CSSk0iGo9TtMtmKUPOF_C2cQc3Q,YG-09014,YATO GASTRO,Czesci_zamienne_YG-09014.pdf,YG-09014,True,True,drive-1ax-k3CSSk0iGo9TtMtmKUPOF_C2cQc3Q-YG-09014,https://drive.google.com/file/d/1ax-k3CSSk0iGo9TtMtmKUPOF_C2cQc3Q/preview,https://drive.google.com/file/d/1ax-k3CSSk0iGo9TtMtmKUPOF_C2cQc3Q/view?usp=drivesdk
1HWydFEiO-NhNUFEQQmy0pF1FiQgkQHPE,YG-09020,YATO GASTRO,Czesci_zamienne_YG-09020.pdf,YG-09020,True,True,drive-1HWydFEiO-NhNUFEQQmy0pF1FiQgkQHPE-YG-09020,https://drive.google.com/file/d/1HWydFEiO-NhNUFEQQmy0pF1FiQgkQHPE/preview,https://drive.google.com/file/d/1HWydFEiO-NhNUFEQQmy0pF1FiQgkQHPE/view?usp=drivesdk
1WDXWfrzLdu1hg6EPHp4aes6-eDUkIL_3,YG-09021,YATO GASTRO,Czesci_zamienne_YG-09021.pdf,YG-09021,True,True,drive-1WDXWfrzLdu1hg6EPHp4aes6-eDUkIL_3-YG-09021,https://drive.google.com/file/d/1WDXWfrzLdu1hg6EPHp4aes6-eDUkIL_3/preview,https://drive.google.com/file/d/1WDXWfrzLdu1hg6EPHp4aes6-eDUkIL_3/view?usp=drivesdk
1YRZsaIy3VqOgye67YMtQoo2S6fFVVbuD,YG-09022,YATO GASTRO,Czesci_zamienne_YG-09022.pdf,YG-09022,True,True,drive-1YRZsaIy3VqOgye67YMtQoo2S6fFVVbuD-YG-09022,https://drive.google.com/file/d/1YRZsaIy3VqOgye67YMtQoo2S6fFVVbuD/preview,https://drive.google.com/file/d/1YRZsaIy3VqOgye67YMtQoo2S6fFVVbuD/view?usp=drivesdk
1eNviNQq-ugSD8x6sE2lbzT8MpGoPvgqo,YG-09023,YATO GASTRO,Czesci_zamienne_YG-09023.pdf,YG-09023,True,True,drive-1eNviNQq-ugSD8x6sE2lbzT8MpGoPvgqo-YG-09023,https://drive.google.com/file/d/1eNviNQq-ugSD8x6sE2lbzT8MpGoPvgqo/preview,https://drive.google.com/file/d/1eNviNQq-ugSD8x6sE2lbzT8MpGoPvgqo/view?usp=drivesdk
1dCpw6jkXf-r2Q2UfPJSI43SzMESeu4dI,YG-09024,YATO GASTRO,Czesci_zamienne_YG-09024.pdf,YG-09024,True,True,drive-1dCpw6jkXf-r2Q2UfPJSI43SzMESeu4dI-YG-09024,https://drive.google.com/file/d/1dCpw6jkXf-r2Q2UfPJSI43SzMESeu4dI/preview,https://drive.google.com/file/d/1dCpw6jkXf-r2Q2UfPJSI43SzMESeu4dI/view?usp=drivesdk
1ZxH84Qzrmo6Q6RRwrt4sm-GWR7IJSKJz,YG-09025,YATO GASTRO,Czesci_zamienne_YG-09025.pdf,YG-09025,True,True,drive-1ZxH84Qzrmo6Q6RRwrt4sm-GWR7IJSKJz-YG-09025,https://drive.google.com/file/d/1ZxH84Qzrmo6Q6RRwrt4sm-GWR7IJSKJz/preview,https://drive.google.com/file/d/1ZxH84Qzrmo6Q6RRwrt4sm-GWR7IJSKJz/view?usp=drivesdk
1-sc6lMLB1ofRM5yCp09hTN_YOvE6CxAt,YG-09030,YATO GASTRO,Czesci_zamienne_YG-09030.pdf,YG-09030,True,True,drive-1-sc6lMLB1ofRM5yCp09hTN_YOvE6CxAt-YG-09030,https://drive.google.com/file/d/1-sc6lMLB1ofRM5yCp09hTN_YOvE6CxAt/preview,https://drive.google.com/file/d/1-sc6lMLB1ofRM5yCp09hTN_YOvE6CxAt/view?usp=drivesdk
1OA5to2VskIvvGb3gFx1js6GhGDWsb8Mu,YG-09031,YATO GASTRO,Czesci_zamienne_YG-09031.pdf,YG-09031,True,True,drive-1OA5to2VskIvvGb3gFx1js6GhGDWsb8Mu-YG-09031,https://drive.google.com/file/d/1OA5to2VskIvvGb3gFx1js6GhGDWsb8Mu/preview,https://drive.google.com/file/d/1OA5to2VskIvvGb3gFx1js6GhGDWsb8Mu/view?usp=drivesdk
12jtjcXKjzmJDRw_MZMvO2yL2VZrQyfOS,YG-09032,YATO GASTRO,Czesci_zamienne_YG-09032.pdf,YG-09032,True,True,drive-12jtjcXKjzmJDRw_MZMvO2yL2VZrQyfOS-YG-09032,https://drive.google.com/file/d/12jtjcXKjzmJDRw_MZMvO2yL2VZrQyfOS/preview,https://drive.google.com/file/d/12jtjcXKjzmJDRw_MZMvO2yL2VZrQyfOS/view?usp=drivesdk
1GdeSBr-Jyfv5A4lOScxMeAldOVrv6ZO6,YG-09033,YATO GASTRO,Czesci_zamienne_YG-09033.pdf,YG-09033,True,True,drive-1GdeSBr-Jyfv5A4lOScxMeAldOVrv6ZO6-YG-09033,https://drive.google.com/file/d/1GdeSBr-Jyfv5A4lOScxMeAldOVrv6ZO6/preview,https://drive.google.com/file/d/1GdeSBr-Jyfv5A4lOScxMeAldOVrv6ZO6/view?usp=drivesdk
19iP1TxqNBJ3B9bEVWtm7KUkwz7KzVDsA,YG-09034,YATO GASTRO,Czesci_zamienne_YG-09034.pdf,YG-09034,True,True,drive-19iP1TxqNBJ3B9bEVWtm7KUkwz7KzVDsA-YG-09034,https://drive.google.com/file/d/19iP1TxqNBJ3B9bEVWtm7KUkwz7KzVDsA/preview,https://drive.google.com/file/d/19iP1TxqNBJ3B9bEVWtm7KUkwz7KzVDsA/view?usp=drivesdk
1v4XtY1lDtS-SAZP4Ft7NiNomqhjsu0GE,YG-09035,YATO GASTRO,Czesci_zamienne_YG-09035.pdf,YG-09035,True,True,drive-1v4XtY1lDtS-SAZP4Ft7NiNomqhjsu0GE-YG-09035,https://drive.google.com/file/d/1v4XtY1lDtS-SAZP4Ft7NiNomqhjsu0GE/preview,https://drive.google.com/file/d/1v4XtY1lDtS-SAZP4Ft7NiNomqhjsu0GE/view?usp=drivesdk
1-ZvJslIWKDKWEuZe7VZygkrUnrU69iAC,YG-09225,YATO GASTRO,Czesci_zamienne_YG-09225.pdf,YG-09225,True,True,drive-1-ZvJslIWKDKWEuZe7VZygkrUnrU69iAC-YG-09225,https://drive.google.com/file/d/1-ZvJslIWKDKWEuZe7VZygkrUnrU69iAC/preview,https://drive.google.com/file/d/1-ZvJslIWKDKWEuZe7VZygkrUnrU69iAC/view?usp=drivesdk
1OGWaSFzC6Xx59P1NeQq0TfeRQVqxUvYv,YG-09226,YATO GASTRO,Czesci_zamienne_YG-09226.pdf,YG-09226,True,True,drive-1OGWaSFzC6Xx59P1NeQq0TfeRQVqxUvYv-YG-09226,https://drive.google.com/file/d/1OGWaSFzC6Xx59P1NeQq0TfeRQVqxUvYv/preview,https://drive.google.com/file/d/1OGWaSFzC6Xx59P1NeQq0TfeRQVqxUvYv/view?usp=drivesdk
1dOFvQAvhlDYnTIAiQu1F6FmExhvmCQUJ,YG-09227,YATO GASTRO,Czesci_zamienne_YG-09227.pdf,YG-09227,True,True,drive-1dOFvQAvhlDYnTIAiQu1F6FmExhvmCQUJ-YG-09227,https://drive.google.com/file/d/1dOFvQAvhlDYnTIAiQu1F6FmExhvmCQUJ/preview,https://drive.google.com/file/d/1dOFvQAvhlDYnTIAiQu1F6FmExhvmCQUJ/view?usp=drivesdk
1kzrz3wkKcvk_Z3buSsM6Yudk3TKcW3iJ,YG-09230,YATO GASTRO,Czesci_zamienne_YG-09230.pdf,YG-09230,True,True,drive-1kzrz3wkKcvk_Z3buSsM6Yudk3TKcW3iJ-YG-09230,https://drive.google.com/file/d/1kzrz3wkKcvk_Z3buSsM6Yudk3TKcW3iJ/preview,https://drive.google.com/file/d/1kzrz3wkKcvk_Z3buSsM6Yudk3TKcW3iJ/view?usp=drivesdk
16kF1rn8WsVxN73CXdGplsZ4gXGqbNI2V,YG-09231,YATO GASTRO,Czesci_zamienne_YG-09231.pdf,YG-09231,True,True,drive-16kF1rn8WsVxN73CXdGplsZ4gXGqbNI2V-YG-09231,https://drive.google.com/file/d/16kF1rn8WsVxN73CXdGplsZ4gXGqbNI2V/preview,https://drive.google.com/file/d/16kF1rn8WsVxN73CXdGplsZ4gXGqbNI2V/view?usp=drivesdk
1Sjt1bfhZiU7nth24F0bRh4_XLEfTYg93,YG-09233,YATO GASTRO,Czesci_zamienne_YG-09233.pdf,YG-09233,True,True,drive-1Sjt1bfhZiU7nth24F0bRh4_XLEfTYg93-YG-09233,https://drive.google.com/file/d/1Sjt1bfhZiU7nth24F0bRh4_XLEfTYg93/preview,https://drive.google.com/file/d/1Sjt1bfhZiU7nth24F0bRh4_XLEfTYg93/view?usp=drivesdk
1YC3txMWvhA4rs_ugZ70NhXhMI0a5kMlF,YG-09249,YATO GASTRO,Czesci_zamienne_YG-09249.pdf,YG-09249,True,True,drive-1YC3txMWvhA4rs_ugZ70NhXhMI0a5kMlF-YG-09249,https://drive.google.com/file/d/1YC3txMWvhA4rs_ugZ70NhXhMI0a5kMlF/preview,https://drive.google.com/file/d/1YC3txMWvhA4rs_ugZ70NhXhMI0a5kMlF/view?usp=drivesdk
1ZrCsAtSG2HAhnNjQ-pgI8VM5903X5wBV,YG-09250,YATO GASTRO,Czesci_zamienne_YG-09250.pdf,YG-09250,True,True,drive-1ZrCsAtSG2HAhnNjQ-pgI8VM5903X5wBV-YG-09250,https://drive.google.com/file/d/1ZrCsAtSG2HAhnNjQ-pgI8VM5903X5wBV/preview,https://drive.google.com/file/d/1ZrCsAtSG2HAhnNjQ-pgI8VM5903X5wBV/view?usp=drivesdk
16XUEP2pF_iuVzNtyO0bk0p0HkCF2bfty,YG-09303,YATO GASTRO,Czesci_zamienne_YG-09303.pdf,YG-09303,True,True,drive-16XUEP2pF_iuVzNtyO0bk0p0HkCF2bfty-YG-09303,https://drive.google.com/file/d/16XUEP2pF_iuVzNtyO0bk0p0HkCF2bfty/preview,https://drive.google.com/file/d/16XUEP2pF_iuVzNtyO0bk0p0HkCF2bfty/view?usp=drivesdk
1heWGvRj1WFA3QrGIqMqkbKo9jBKwmJKM,YG-09304,YATO GASTRO,Czesci_zamienne_YG-09304.pdf,YG-09304,True,True,drive-1heWGvRj1WFA3QrGIqMqkbKo9jBKwmJKM-YG-09304,https://drive.google.com/file/d/1heWGvRj1WFA3QrGIqMqkbKo9jBKwmJKM/preview,https://drive.google.com/file/d/1heWGvRj1WFA3QrGIqMqkbKo9jBKwmJKM/view?usp=drivesdk
1Yq70VKat4XOnKhmjgf4EG65opA0emTb1,YG-09305,YATO GASTRO,Czesci_zamienne_YG-09305.pdf,YG-09305,True,True,drive-1Yq70VKat4XOnKhmjgf4EG65opA0emTb1-YG-09305,https://drive.google.com/file/d/1Yq70VKat4XOnKhmjgf4EG65opA0emTb1/preview,https://drive.google.com/file/d/1Yq70VKat4XOnKhmjgf4EG65opA0emTb1/view?usp=drivesdk
1hzJ7qWOdaRapgoZ-O4np1ZcM3EPjIT61,YG-09307,YATO GASTRO,Czesci_zamienne_YG-09307.pdf,YG-09307,True,True,drive-1hzJ7qWOdaRapgoZ-O4np1ZcM3EPjIT61-YG-09307,https://drive.google.com/file/d/1hzJ7qWOdaRapgoZ-O4np1ZcM3EPjIT61/preview,https://drive.google.com/file/d/1hzJ7qWOdaRapgoZ-O4np1ZcM3EPjIT61/view?usp=drivesdk
1zDVHHmBb3RTZM2JrjCFK_PMDaGym7y3A,YG-09310,YATO GASTRO,Czesci_zamienne_YG-09310.pdf,YG-09310,True,True,drive-1zDVHHmBb3RTZM2JrjCFK_PMDaGym7y3A-YG-09310,https://drive.google.com/file/d/1zDVHHmBb3RTZM2JrjCFK_PMDaGym7y3A/preview,https://drive.google.com/file/d/1zDVHHmBb3RTZM2JrjCFK_PMDaGym7y3A/view?usp=drivesdk
1k-uozJfiPMCQ462Ohs5rXpzaiLJsm-Dz,YG-09311,YATO GASTRO,Czesci_zamienne_YG-09311.pdf,YG-09311,True,True,drive-1k-uozJfiPMCQ462Ohs5rXpzaiLJsm-Dz-YG-09311,https://drive.google.com/file/d/1k-uozJfiPMCQ462Ohs5rXpzaiLJsm-Dz/preview,https://drive.google.com/file/d/1k-uozJfiPMCQ462Ohs5rXpzaiLJsm-Dz/view?usp=drivesdk
1nnBzs8Pa_KXzkIm3tByKda7t7o22bd6m,YG-09312,YATO GASTRO,Czesci_zamienne_YG-09312.pdf,YG-09312,True,True,drive-1nnBzs8Pa_KXzkIm3tByKda7t7o22bd6m-YG-09312,https://drive.google.com/file/d/1nnBzs8Pa_KXzkIm3tByKda7t7o22bd6m/preview,https://drive.google.com/file/d/1nnBzs8Pa_KXzkIm3tByKda7t7o22bd6m/view?usp=drivesdk
1ZvG-T4OdWj9mZKeLeQx41JDQmVfOHo2V,YG-09315,YATO GASTRO,Czesci_zamienne_YG-09315.pdf,YG-09315,True,True,drive-1ZvG-T4OdWj9mZKeLeQx41JDQmVfOHo2V-YG-09315,https://drive.google.com/file/d/1ZvG-T4OdWj9mZKeLeQx41JDQmVfOHo2V/preview,https://drive.google.com/file/d/1ZvG-T4OdWj9mZKeLeQx41JDQmVfOHo2V/view?usp=drivesdk
1NgLb6f9b7LmKUyRgX7SBu4gK4gJbiWLF,YG-09510,YATO GASTRO,Czesci_zamienne_YG-09510.pdf,YG-09510,True,True,drive-1NgLb6f9b7LmKUyRgX7SBu4gK4gJbiWLF-YG-09510,https://drive.google.com/file/d/1NgLb6f9b7LmKUyRgX7SBu4gK4gJbiWLF/preview,https://drive.google.com/file/d/1NgLb6f9b7LmKUyRgX7SBu4gK4gJbiWLF/view?usp=drivesdk
1ySn4i3dXg5Z9Uu3qnlrpsXwpt2RwTLvC,YG-09550,YATO GASTRO,Czesci_zamienne_YG-09550.pdf,YG-09550,True,True,drive-1ySn4i3dXg5Z9Uu3qnlrpsXwpt2RwTLvC-YG-09550,https://drive.google.com/file/d/1ySn4i3dXg5Z9Uu3qnlrpsXwpt2RwTLvC/preview,https://drive.google.com/file/d/1ySn4i3dXg5Z9Uu3qnlrpsXwpt2RwTLvC/view?usp=drivesdk
1vln1SFHWbjINklQ6V1Otskn3l7z8d7TP,YG-09551,YATO GASTRO,Czesci_zamienne_YG-09551.pdf,YG-09551,True,True,drive-1vln1SFHWbjINklQ6V1Otskn3l7z8d7TP-YG-09551,https://drive.google.com/file/d/1vln1SFHWbjINklQ6V1Otskn3l7z8d7TP/preview,https://drive.google.com/file/d/1vln1SFHWbjINklQ6V1Otskn3l7z8d7TP/view?usp=drivesdk
1F2oTq-ZZ5SQvvphy2CXMGWagATHhq9BH,YG-10010,YATO GASTRO,Czesci_zamienne_YG-10010.pdf,YG-10010,True,True,drive-1F2oTq-ZZ5SQvvphy2CXMGWagATHhq9BH-YG-10010,https://drive.google.com/file/d/1F2oTq-ZZ5SQvvphy2CXMGWagATHhq9BH/preview,https://drive.google.com/file/d/1F2oTq-ZZ5SQvvphy2CXMGWagATHhq9BH/view?usp=drivesdk
14PhaednSYiWaZoGTQteVzCawDeGoOAOf,YG-20001,YATO GASTRO,Czesci_zamienne_YG-20001.pdf,YG-20001,True,True,drive-14PhaednSYiWaZoGTQteVzCawDeGoOAOf-YG-20001,https://drive.google.com/file/d/14PhaednSYiWaZoGTQteVzCawDeGoOAOf/preview,https://drive.google.com/file/d/14PhaednSYiWaZoGTQteVzCawDeGoOAOf/view?usp=drivesdk
1m7G6GjcBY67IHZPqIxbiAqrauZOSIPpB,YG-20002,YATO GASTRO,Czesci_zamienne_YG-20002.pdf,YG-20002,True,True,drive-1m7G6GjcBY67IHZPqIxbiAqrauZOSIPpB-YG-20002,https://drive.google.com/file/d/1m7G6GjcBY67IHZPqIxbiAqrauZOSIPpB/preview,https://drive.google.com/file/d/1m7G6GjcBY67IHZPqIxbiAqrauZOSIPpB/view?usp=drivesdk
1Jv55j9GsZgJV7zojhtWS1zEkvcxw1TlH,YG-20011,YATO GASTRO,Czesci_zamienne_YG-20011.pdf,YG-20011,True,True,drive-1Jv55j9GsZgJV7zojhtWS1zEkvcxw1TlH-YG-20011,https://drive.google.com/file/d/1Jv55j9GsZgJV7zojhtWS1zEkvcxw1TlH/preview,https://drive.google.com/file/d/1Jv55j9GsZgJV7zojhtWS1zEkvcxw1TlH/view?usp=drivesdk
1GIGIVwluhU0Wc07yslDirz-bN6JVxqvz,YG-20012,YATO GASTRO,Czesci_zamienne_YG-20012.pdf,YG-20012,True,True,drive-1GIGIVwluhU0Wc07yslDirz-bN6JVxqvz-YG-20012,https://drive.google.com/file/d/1GIGIVwluhU0Wc07yslDirz-bN6JVxqvz/preview,https://drive.google.com/file/d/1GIGIVwluhU0Wc07yslDirz-bN6JVxqvz/view?usp=drivesdk
1asvvs4vC_kb2oPo5CysbOlZJp0PY7nVy,YG-20013,YATO GASTRO,Czesci_zamienne_YG-20013.pdf,YG-20013,True,True,drive-1asvvs4vC_kb2oPo5CysbOlZJp0PY7nVy-YG-20013,https://drive.google.com/file/d/1asvvs4vC_kb2oPo5CysbOlZJp0PY7nVy/preview,https://drive.google.com/file/d/1asvvs4vC_kb2oPo5CysbOlZJp0PY7nVy/view?usp=drivesdk
14-QFjmLNV7f7z2QnIPgn5Dtemm3dKC0s,YG-20015,YATO GASTRO,Czesci_zamienne_YG-20015.pdf,YG-20015,True,True,drive-14-QFjmLNV7f7z2QnIPgn5Dtemm3dKC0s-YG-20015,https://drive.google.com/file/d/14-QFjmLNV7f7z2QnIPgn5Dtemm3dKC0s/preview,https://drive.google.com/file/d/14-QFjmLNV7f7z2QnIPgn5Dtemm3dKC0s/view?usp=drivesdk
1Rwmnol43o00lBqfE2FD0wHw3qefp6MPB,YG-20016,YATO GASTRO,Czesci_zamienne_YG-20016.pdf,YG-20016,True,True,drive-1Rwmnol43o00lBqfE2FD0wHw3qefp6MPB-YG-20016,https://drive.google.com/file/d/1Rwmnol43o00lBqfE2FD0wHw3qefp6MPB/preview,https://drive.google.com/file/d/1Rwmnol43o00lBqfE2FD0wHw3qefp6MPB/view?usp=drivesdk
1gR5FzRzVQXpeyMpQSxcxK2bXonn3DM6N,YG-20102,YATO GASTRO,Czesci_zamienne_YG-20102.pdf,YG-20102,True,True,drive-1gR5FzRzVQXpeyMpQSxcxK2bXonn3DM6N-YG-20102,https://drive.google.com/file/d/1gR5FzRzVQXpeyMpQSxcxK2bXonn3DM6N/preview,https://drive.google.com/file/d/1gR5FzRzVQXpeyMpQSxcxK2bXonn3DM6N/view?usp=drivesdk
1Dv-ijWfh2PEOol1EkaLvFYbrVGo1Pnk5,YG-20106,YATO GASTRO,Czesci_zamienne_YG-20106.pdf,YG-20106,True,True,drive-1Dv-ijWfh2PEOol1EkaLvFYbrVGo1Pnk5-YG-20106,https://drive.google.com/file/d/1Dv-ijWfh2PEOol1EkaLvFYbrVGo1Pnk5/preview,https://drive.google.com/file/d/1Dv-ijWfh2PEOol1EkaLvFYbrVGo1Pnk5/view?usp=drivesdk
