zun;partIndex;name;material;spec;dimensionsCm;linkedModel;linkedModelBrand;linkedModelTitle;modelLinkStatus;linkedDrawingPreviewUrl;row
ZUN-000519;Z09900-12;O-RING;;ø17/ø21/ø2mm;ø2,1x0,2;09900;VOREL;Czesci_zamienne_09900.pdf;matched_manifest;https://drive.google.com/file/d/1RQeVZdnCkfLRPgRr0pRrtj-MluClXhK1/preview;23
ZUN-000492;Z09900-15;O-RING;;ø5/ø8/ø1,5mm;ø0,8x0,15;09900;VOREL;Czesci_zamienne_09900.pdf;matched_manifest;https://drive.google.com/file/d/1RQeVZdnCkfLRPgRr0pRrtj-MluClXhK1/preview;24
ZUN-000498;Z09900-16;O-RING;;ø7,2/ø10/ø1,4mm;ø1,0x0,14;09900;VOREL;Czesci_zamienne_09900.pdf;matched_manifest;https://drive.google.com/file/d/1RQeVZdnCkfLRPgRr0pRrtj-MluClXhK1/preview;25
ZUN-000519;Z09903-12;O-RING;;ø17/ø21/ø2mm;ø2,1x0,2;09903;VOREL;Czesci_zamienne_09903.pdf;matched_manifest;https://drive.google.com/file/d/1NPH3NzaWCBqb-tvl-iVxboUvbgtUM4VU/preview;27
ZUN-000492;Z09903-15;O-RING;;ø5/ø8/ø1,5mm;ø0,8x0,15;09903;VOREL;Czesci_zamienne_09903.pdf;matched_manifest;https://drive.google.com/file/d/1NPH3NzaWCBqb-tvl-iVxboUvbgtUM4VU/preview;28
ZUN-000498;Z09903-16;O-RING;;ø7,2/ø10/ø1,4mm;ø1,0x0,14;09903;VOREL;Czesci_zamienne_09903.pdf;matched_manifest;https://drive.google.com/file/d/1NPH3NzaWCBqb-tvl-iVxboUvbgtUM4VU/preview;29
ZUN-000255;Z57091010;KULKA STALOWA;;ø5mm;ø0,5;57091;VOREL;Czesci_zamienne_57091.pdf;matched_manifest;https://drive.google.com/file/d/1SdZQbdqrPFxdfYLCSQB74EpOhvFxK_gr/preview;117
ZUN-000263;Z57091011;KULKA STALOWA;;ø8mm;ø0,8;57091;VOREL;Czesci_zamienne_57091.pdf;matched_manifest;https://drive.google.com/file/d/1SdZQbdqrPFxdfYLCSQB74EpOhvFxK_gr/preview;118
ZUN-000181;Z57091020;TULEJA STALOWA z wewnętrznymi rowkami;;ø8/ø12/8mm z wewnętrznymi rowkami;ø1,2x0,8;57091;VOREL;Czesci_zamienne_57091.pdf;matched_manifest;https://drive.google.com/file/d/1SdZQbdqrPFxdfYLCSQB74EpOhvFxK_gr/preview;127
ZUN-000028;Z57091024;ŁOŻYSKO KULKOWE 6000 2Z;;6000 2Z;ø2,6x0,8;57091;VOREL;Czesci_zamienne_57091.pdf;matched_manifest;https://drive.google.com/file/d/1SdZQbdqrPFxdfYLCSQB74EpOhvFxK_gr/preview;130
ZUN-000005;Z57091030;ŁOŻYSKO KULKOWE 608 2Z;;608 2Z;ø2,2x0,7;57091;VOREL;Czesci_zamienne_57091.pdf;matched_manifest;https://drive.google.com/file/d/1SdZQbdqrPFxdfYLCSQB74EpOhvFxK_gr/preview;135
ZUN-000596;Z57091031;OSŁONA ŁOŻYSKA 608;tworzywo/met;ø19/ø21,8/ø25/8,5mm;ø2,5x0,8;57091;VOREL;Czesci_zamienne_57091.pdf;matched_manifest;https://drive.google.com/file/d/1SdZQbdqrPFxdfYLCSQB74EpOhvFxK_gr/preview;136
ZUN-000576;Z57091037;PRZEŁĄCZNIK krzyżowy bistabilny;;FA2-5/2D 8(8)A 250V 5E4;2,8x4,95x5,9;57091;VOREL;Czesci_zamienne_57091.pdf;matched_manifest;https://drive.google.com/file/d/1SdZQbdqrPFxdfYLCSQB74EpOhvFxK_gr/preview;138
ZUN-000279;Z57091042;KABEL ZASILAJĄCY Z WTYCZKĄ;;2x1,0mm/2m guma;3,5x6x30;57091;VOREL;Czesci_zamienne_57091.pdf;matched_manifest;https://drive.google.com/file/d/1SdZQbdqrPFxdfYLCSQB74EpOhvFxK_gr/preview;140
ZUN-000255;Z5709209;KULKA STALOWA;;ø5mm;ø0,5;57092;VOREL;Czesci_zamienne_57092.pdf;matched_manifest;https://drive.google.com/file/d/1rnAxKhMG0lMOmFKR_TcdqogQbei4I2_-/preview;145
ZUN-000260;Z5709211;KULKA STALOWA;;ø7,14mm;ø0,714;57092;VOREL;Czesci_zamienne_57092.pdf;matched_manifest;https://drive.google.com/file/d/1rnAxKhMG0lMOmFKR_TcdqogQbei4I2_-/preview;147
ZUN-000181;Z5709219;TULEJA STALOWA z wewnętrznymi rowkami;;ø8/ø12/8mm z wewnętrznymi rowkami;ø1,2x0,8;57092;VOREL;Czesci_zamienne_57092.pdf;matched_manifest;https://drive.google.com/file/d/1rnAxKhMG0lMOmFKR_TcdqogQbei4I2_-/preview;155
ZUN-000596;Z5709233;OSŁONA ŁOŻYSKA;tworzywo/met;ø19/ø21,8/ø25/8,5mm;ø2,5x0,8;57092;VOREL;Czesci_zamienne_57092.pdf;matched_manifest;https://drive.google.com/file/d/1rnAxKhMG0lMOmFKR_TcdqogQbei4I2_-/preview;163
ZUN-000005;Z5709234;ŁOŻYSKO KULKOWE 608 2Z;;608 2Z;ø2,2x0,7;57092;VOREL;Czesci_zamienne_57092.pdf;matched_manifest;https://drive.google.com/file/d/1rnAxKhMG0lMOmFKR_TcdqogQbei4I2_-/preview;164
ZUN-000030;Z5709236;ŁOŻYSKO KULKOWE 6001 2Z;;6001 2Z;ø2,8x0,8;57092;VOREL;Czesci_zamienne_57092.pdf;matched_manifest;https://drive.google.com/file/d/1rnAxKhMG0lMOmFKR_TcdqogQbei4I2_-/preview;166
ZUN-000576;Z5709239;PRZEŁĄCZNIK krzyżowy bistabilny;;FA2-5/2D 8(8)A 250V 5E4;2,8x4,95x5,9;57092;VOREL;Czesci_zamienne_57092.pdf;matched_manifest;https://drive.google.com/file/d/1rnAxKhMG0lMOmFKR_TcdqogQbei4I2_-/preview;167
ZUN-000283;Z5709242;KABEL ZASILAJĄCY Z WTYCZKĄ;;2x1,0mm/4m guma;3,5x9x30;57092;VOREL;Czesci_zamienne_57092.pdf;matched_manifest;https://drive.google.com/file/d/1rnAxKhMG0lMOmFKR_TcdqogQbei4I2_-/preview;168
ZUN-000257;Z5709713;KULKA STALOWA;;ø6mm;ø0,6;57097;VOREL;Czesci_zamienne_57097.pdf;matched_manifest;https://drive.google.com/file/d/1COR6mCvljmLN7oB5XDiNHLAhiVwBJ04t/preview;177
ZUN-000260;Z5709716;KULKA STALOWA;;ø7,14mm;ø0,714;57097;VOREL;Czesci_zamienne_57097.pdf;matched_manifest;https://drive.google.com/file/d/1COR6mCvljmLN7oB5XDiNHLAhiVwBJ04t/preview;179
ZUN-000184;Z5709719;TULEJA STALOWA;stal;ø8/ø12/10mm;ø1,2x1;57097;VOREL;Czesci_zamienne_57097.pdf;matched_manifest;https://drive.google.com/file/d/1COR6mCvljmLN7oB5XDiNHLAhiVwBJ04t/preview;182
ZUN-000042;Z5709723;ŁOŻYSKO KULKOWE 6202 2Z;;6202 2Z;ø3,5x1,1;57097;VOREL;Czesci_zamienne_57097.pdf;matched_manifest;https://drive.google.com/file/d/1COR6mCvljmLN7oB5XDiNHLAhiVwBJ04t/preview;186
ZUN-000674;Z5709725;TRZPIEŃ;;;ø0,3x1,4;57097;VOREL;Czesci_zamienne_57097.pdf;matched_manifest;https://drive.google.com/file/d/1COR6mCvljmLN7oB5XDiNHLAhiVwBJ04t/preview;188
ZUN-000630;Z5709727;PIERŚCIEŃ USTALAJĄCY;stal;a-25,6mm/b-30,3mm/c-1,2mm;0,1x2,8x3,1;57097;VOREL;Czesci_zamienne_57097.pdf;matched_manifest;https://drive.google.com/file/d/1COR6mCvljmLN7oB5XDiNHLAhiVwBJ04t/preview;190
ZUN-000030;Z5709728;ŁOŻYSKO KULKOWE 6001 2Z;;6001 2Z;ø2,8x0,8;57097;VOREL;Czesci_zamienne_57097.pdf;matched_manifest;https://drive.google.com/file/d/1COR6mCvljmLN7oB5XDiNHLAhiVwBJ04t/preview;191
ZUN-000005;Z5709730;ŁOŻYSKO KULKOWE 608 2Z;;608 2Z;ø2,2x0,7;57097;VOREL;Czesci_zamienne_57097.pdf;matched_manifest;https://drive.google.com/file/d/1COR6mCvljmLN7oB5XDiNHLAhiVwBJ04t/preview;193
ZUN-000598;Z5709731;OSŁONA ŁOŻYSKA 608;tworzywo;ø18/ø21,8/ø25/8mm;ø2,5x0,8;57097;VOREL;Czesci_zamienne_57097.pdf;matched_manifest;https://drive.google.com/file/d/1COR6mCvljmLN7oB5XDiNHLAhiVwBJ04t/preview;194
ZUN-000576;Z5709747;PRZEŁĄCZNIK krzyżowy bistabilny;;FA2-5/2D 8(8)A 250V 5E4;2,8x4,95x5,9;57097;VOREL;Czesci_zamienne_57097.pdf;matched_manifest;https://drive.google.com/file/d/1COR6mCvljmLN7oB5XDiNHLAhiVwBJ04t/preview;200
ZUN-000283;Z5709750;KABEL ZASILAJACY Z WTYCZKĄ;;2x1,0mm/4m guma;3,5x9x30;57097;VOREL;Czesci_zamienne_57097.pdf;matched_manifest;https://drive.google.com/file/d/1COR6mCvljmLN7oB5XDiNHLAhiVwBJ04t/preview;201
ZUN-000216;Z67032-09;WŁACZNIK;tworzywo/?;6(4)A 250V;1,5x2,1x2,5;67032;LUND;Czesci_zamienne_67032.pdf;matched_manifest;https://drive.google.com/file/d/1bNeDN9j0wxqLaPp82XaSTJEDj6rqQzs3/preview;613
ZUN-000216;Z67033-09;WŁACZNIK;tworzywo/?;6(4)A 250V;1,5x2,1x2,5;67033;LUND;Czesci_zamienne_67033.pdf;matched_manifest;https://drive.google.com/file/d/1jdo0kJQvoONEiBl8F0uURd4cRrE6Rp9a/preview;617
ZUN-000216;Z67034-09;WŁACZNIK;tworzywo/?;6(4)A 250V;1,5x2,1x2,5;67034;LUND;Czesci_zamienne_67034.pdf;matched_manifest;https://drive.google.com/file/d/1Tie2PNeQSfDNL44ymrVTpHSTX9ibE9Bn/preview;621
ZUN-000716;Z67090-29;PRZEDNIA USZCZELKA SILNIKA;tworzywo;;ø8,5x0,5;67090;LUND;Czesci_zamienne_67090.pdf;matched_manifest;https://drive.google.com/file/d/14WCUhH1H_KPdEA7loRkMULL5ky81RfjS/preview;635
ZUN-000717;Z67090-30;SILNIK;stal/miedź/tworzywo;HJN-D-70-1 220-240V~50/60/Hz 700W CLASS 120;ø10,7x10,5;67090;LUND;Czesci_zamienne_67090.pdf;matched_manifest;https://drive.google.com/file/d/14WCUhH1H_KPdEA7loRkMULL5ky81RfjS/preview;636
ZUN-000718;Z67090-31;TYLNA USZCZELKA SILNIKA;tworzywo;;2,3x3,8x6,6;67090;LUND;Czesci_zamienne_67090.pdf;matched_manifest;https://drive.google.com/file/d/14WCUhH1H_KPdEA7loRkMULL5ky81RfjS/preview;637
ZUN-000715;Z67090-33;KÓŁKO PRZEDNIE;;;ø7x2,7;67090;LUND;Czesci_zamienne_67090.pdf;matched_manifest;https://drive.google.com/file/d/14WCUhH1H_KPdEA7loRkMULL5ky81RfjS/preview;638
ZUN-000716;Z67091-15;PRZEDNIA USZCZELKA SILNIKA;tworzywo;;ø8,5x0,5;67091;LUND;Czesci_zamienne_67091.pdf;matched_manifest;https://drive.google.com/file/d/1TEVNQLD2nBlq59C8ifhx4CCY6dAm9KHV/preview;647
ZUN-000717;Z67091-16;SILNIK;stal/miedź/tworzywo;HJN-D-70-1 220-240V~50/60/Hz 700W CLASS 120;ø10,7x10,5;67091;LUND;Czesci_zamienne_67091.pdf;matched_manifest;https://drive.google.com/file/d/1TEVNQLD2nBlq59C8ifhx4CCY6dAm9KHV/preview;648
ZUN-000718;Z67091-17;TYLNA USZCZELKA SILNIKA;tworzywo;;2,3x3,8x6,6;67091;LUND;Czesci_zamienne_67091.pdf;matched_manifest;https://drive.google.com/file/d/1TEVNQLD2nBlq59C8ifhx4CCY6dAm9KHV/preview;649
ZUN-000715;Z67091-37;KÓŁKO PRZEDNIE;tworzywo;;ø7x2,7;67091;LUND;Czesci_zamienne_67091.pdf;matched_manifest;https://drive.google.com/file/d/1TEVNQLD2nBlq59C8ifhx4CCY6dAm9KHV/preview;654
ZUN-000716;Z67092-15;PRZEDNIA USZCZELKA SILNIKA;tworzywo;;ø8,5x0,5;67092;LUND;Czesci_zamienne_67092.pdf;matched_manifest;https://drive.google.com/file/d/17yqyOAsQzQibGCNYcZ6cJ6VAWBPaBTGb/preview;661
ZUN-000717;Z67092-16;SILNIK;stal/miedź/tworzywo;;ø10,7x10,5;67092;LUND;Czesci_zamienne_67092.pdf;matched_manifest;https://drive.google.com/file/d/17yqyOAsQzQibGCNYcZ6cJ6VAWBPaBTGb/preview;662
ZUN-000718;Z67092-17;TYLNA USZCZELKA SILNIKA;tworzywo;;2,3x3,8x6,6;67092;LUND;Czesci_zamienne_67092.pdf;matched_manifest;https://drive.google.com/file/d/17yqyOAsQzQibGCNYcZ6cJ6VAWBPaBTGb/preview;663
ZUN-000715;Z67092-37;KÓŁKO PRZEDNIE;tworzywo;;ø7x2,7;67092;LUND;Czesci_zamienne_67092.pdf;matched_manifest;https://drive.google.com/file/d/17yqyOAsQzQibGCNYcZ6cJ6VAWBPaBTGb/preview;668
ZUN-000541;Z67230-35;WŁĄCZNIK z przewodami;;KW4-3Z-3 5A 250V;0,65x1,55x1,97;67230;LUND;Czesci_zamienne_67230.pdf;matched_manifest;https://drive.google.com/file/d/1LdOkwP3oc-d4DWlDmSUdAu09ApyQIqT4/preview;833
ZUN-000738;Z67450-49;BEZPIECZNIK TERMICZNY 240°C;;RYE DKDZ TF 240°C 250V 10A;;67450;LUND;Czesci_zamienne_67450.pdf;matched_manifest;https://drive.google.com/file/d/1ElhfEiWY8sjbRg48glvt7gBddg4zsPHT/preview;862
ZUN-000725;Z67570-18;TULEJA;Aluminium;;ø1,4x1;67570;LUND;Czesci_zamienne_67570.pdf;matched_manifest;https://drive.google.com/file/d/1-QaRqH4AxnJDNtQ6TFTroC2VOoqQ-WkK/preview;988
ZUN-000725;Z67571-16;TULEJA;Aluminium;;ø1,4x1;67571;LUND;Czesci_zamienne_67571.pdf;matched_manifest;https://drive.google.com/file/d/1l82F8lB56jUvSqNKTIauSaP8ujv0BJUC/preview;1016
ZUN-000287;Z67571-31;KABEL ZASILAJĄCY Z WTYCZKĄ;;3x0,75mm/1m;3,5x6x20;67571;LUND;Czesci_zamienne_67571.pdf;matched_manifest;https://drive.google.com/file/d/1l82F8lB56jUvSqNKTIauSaP8ujv0BJUC/preview;1023
ZUN-000725;Z67572-11;TULEJA;;;ø1,4x1;67572;LUND;Czesci_zamienne_67572.pdf;matched_manifest;https://drive.google.com/file/d/18X_T8GOtbQmYtScy-C2PiP-Q6Y5u5uVu/preview;1033
ZUN-000725;Z67573-10;TULEJA;;;ø1,4x1;67573;LUND;Czesci_zamienne_67573.pdf;matched_manifest;https://drive.google.com/file/d/1-Blni_kcMGteygyEv4mpkN1ug5Lwseex/preview;1044
ZUN-000583;Z67640-42;WYŁĄCZNIK CZASOWY;met/tworzywo;R50024942 AC 250V 15A/16A T120/T125 60min;4,51x4,52x5,25;67640;LUND;Czesci_zamienne_67640.pdf;matched_manifest;https://drive.google.com/file/d/1RXblbtt8ahyF6ZVYn7JTEZ1VoTF_btAN/preview;1105
ZUN-000583;Z67641-42;WYŁĄCZNIK CZASOWY;met/tworzywo;R50024942 AC 250V 15A/16A T120/T125 60min;4,51x4,52x5,25;67641;LUND;Czesci_zamienne_67641.pdf;matched_manifest;https://drive.google.com/file/d/1yPb-OwPkGilHdRUxdl_7wwSxfLxSN7_G/preview;1117
ZUN-000583;Z67642-42;WYŁĄCZNIK CZASOWY 60MIN;met/tworzywo;R50024942 AC 250V 15A/16A T120/T125 60min;4,51x4,52x5,25;67642;LUND;Czesci_zamienne_67642.pdf;matched_manifest;https://drive.google.com/file/d/1g7U1GGIgDcGZIk5YqkDG0C-hmA7fieZM/preview;1126
ZUN-000726;Z67700-101;SPRZĘGŁO BLENDERA;;;ø1,2x1,1;67700;LUND;Czesci_zamienne_67700.pdf;matched_manifest;https://drive.google.com/file/d/1QGyt6A63TeXmyNR2wIR2CB2hgSmk-xjZ/preview;1148
ZUN-000269;Z67700-137A;KABEL ZASILAJĄCY Z WTYCZKĄ + ODGIĘTKA;;2x0,75mm/1,2m płaski czarny;3,6x5x20;67700;LUND;Czesci_zamienne_67700.pdf;matched_manifest;https://drive.google.com/file/d/1QGyt6A63TeXmyNR2wIR2CB2hgSmk-xjZ/preview;1166
ZUN-000726;Z67700-201;SPRZĘGŁO BLENDERA;;;ø1,2x1,2;67700;LUND;Czesci_zamienne_67700.pdf;matched_manifest;https://drive.google.com/file/d/1QGyt6A63TeXmyNR2wIR2CB2hgSmk-xjZ/preview;1167
ZUN-000726;Z67700-301;SPRZĘGŁO BLENDERA;;;ø1,2x1,1;67700;LUND;Czesci_zamienne_67700.pdf;matched_manifest;https://drive.google.com/file/d/1QGyt6A63TeXmyNR2wIR2CB2hgSmk-xjZ/preview;1186
ZUN-000726;Z67701-101;SPRZĘGŁO BLENDERA;;;ø1,2x1,1;67701;LUND;Czesci_zamienne_67701.pdf;matched_manifest;https://drive.google.com/file/d/1OXhnpqIltAhR2kfCbHnr-JkZNyDuVa3x/preview;1199
ZUN-000726;Z67701-201;SPRZĘGŁO BLENDERA;;;ø1,2x1,1;67701;LUND;Czesci_zamienne_67701.pdf;matched_manifest;https://drive.google.com/file/d/1OXhnpqIltAhR2kfCbHnr-JkZNyDuVa3x/preview;1213
ZUN-000726;Z67701-302;SPRZĘGŁO BLENDERA;;;ø1,2x1,1;67701;LUND;Czesci_zamienne_67701.pdf;matched_manifest;https://drive.google.com/file/d/1OXhnpqIltAhR2kfCbHnr-JkZNyDuVa3x/preview;1232
ZUN-000269;Z67701-409A;KABEL ZASILAJĄCY Z WTYCZKĄ;;2x0,75mm/1,2m płaski czarny;3,6x5x20;67701;LUND;Czesci_zamienne_67701.pdf;matched_manifest;https://drive.google.com/file/d/1OXhnpqIltAhR2kfCbHnr-JkZNyDuVa3x/preview;1261
ZUN-000542;Z67702-09;MIKROWŁĄCZNIK;;SW312 5(2)A 125/250VAC JUFOND;0,65x1,99x2,2;67702;LUND;Czesci_zamienne_67702.pdf;matched_manifest;https://drive.google.com/file/d/1qpOPtPLIhIdfL8gdlF8PSX9MmkjtxYrB/preview;1277
ZUN-000542;Z67703-1-12;MIKROWŁĄCZNIK;;SW312 5(2)A 125/250VAC JUFOND;0,65x1,99x2,2;67703;LUND;Czesci_zamienne_67703.pdf;matched_manifest;https://drive.google.com/file/d/1Y_SaB0POb8U8CWkgWQxRXXB7kFhElCl8/preview;1295
ZUN-000542;Z67703-1-22;MIKROWŁĄCZNIK;;SW312 5(2)A 125/250VAC JUFOND;0,65x1,99x2,2;67703;LUND;Czesci_zamienne_67703.pdf;matched_manifest;https://drive.google.com/file/d/1Y_SaB0POb8U8CWkgWQxRXXB7kFhElCl8/preview;1297
ZUN-000571;Z67705-24;MIKROWŁĄCZNIK;;BW8 10(3)A 250V;0,65x1,9x1,99;67705;LUND;Czesci_zamienne_67705.pdf;matched_manifest;https://drive.google.com/file/d/1WrQKRXpYyy4JH_cR1DTqtccqoIH-vshf/preview;1340
ZUN-000005;Z67707-08;ŁOŻYSKO KULKOWE 608 2Z;stal;608 2Z;ø2,2x0,7;67707;LUND;Czesci_zamienne_67707.pdf;matched_manifest;https://drive.google.com/file/d/1hVFm4T9jkqQGbrndO88VWbHcK5YgZ0wx/preview;1350
ZUN-000543;Z67781-19;MIKROPRZEŁĄCZNIK;;SW312 5(2)A 125/250VAC JUFOND;0,65x1,6x1,98;67781;LUND;Czesci_zamienne_67781.pdf;matched_manifest;https://drive.google.com/file/d/1U4smZAYmvEsF87BSmGhAVX8Qs599Jp8l/preview;1391
ZUN-000543;Z67790-11;MIKROPRZEŁĄCZNIK;;SW312 5(2)A 125/250VAC JUFOND;0,65x1,6x1,98;67790;LUND;Czesci_zamienne_67790.pdf;matched_manifest;https://drive.google.com/file/d/1El2Hh1APuHL_h0BBCM7eDPYDu57ObECg/preview;1394
ZUN-000255;Z67790-27;KULKA STALOWA;;ø5mm;ø0,5;67790;LUND;Czesci_zamienne_67790.pdf;matched_manifest;https://drive.google.com/file/d/1El2Hh1APuHL_h0BBCM7eDPYDu57ObECg/preview;1400
ZUN-000066;Z678054914;ŁOŻYSKO KULKOWE 6901 2Z;;6901 2Z;ø2,4x0,6;67805;LUND;Czesci_zamienne_67805.pdf;matched_manifest;https://drive.google.com/file/d/1_Zc_etVgTOm9-8RzR533ZOybznEC9SHf/preview;1438
ZUN-000022;Z678054915;ŁOŻYSKO KULKOWE 687 2Z;;687 2Z;ø1,4x0,5;67805;LUND;Czesci_zamienne_67805.pdf;matched_manifest;https://drive.google.com/file/d/1_Zc_etVgTOm9-8RzR533ZOybznEC9SHf/preview;1439
ZUN-000023;Z678054916;ŁOŻYSKO KULKOWE 688 2Z;;688 2Z;ø1,6x0,5;67805;LUND;Czesci_zamienne_67805.pdf;matched_manifest;https://drive.google.com/file/d/1_Zc_etVgTOm9-8RzR533ZOybznEC9SHf/preview;1440
ZUN-000727;Z678054920;KOŁO ZĘBATE PLANETARNE;;;ø3,2x1,2;67805;LUND;Czesci_zamienne_67805.pdf;matched_manifest;https://drive.google.com/file/d/1_Zc_etVgTOm9-8RzR533ZOybznEC9SHf/preview;1444
ZUN-000023;Z67810V2029;ŁOŻYSKO KULKOWE 688 2Z;stal;688 2Z;ø1,6x0,5;67810;LUND;Czesci_zamienne_67810.pdf;matched_manifest_prefix;https://drive.google.com/file/d/1eJtxaZqbmaKByYjKLSVvmj1C5qn7tOvH/preview;1467
ZUN-000727;Z67810V2048;KOŁO ZĘBATE PRZEKŁADNI A;;;ø3,2x1,2;67810;LUND;Czesci_zamienne_67810.pdf;matched_manifest_prefix;https://drive.google.com/file/d/1eJtxaZqbmaKByYjKLSVvmj1C5qn7tOvH/preview;1481
ZUN-000269;Z67810V2113;KABEL ZASILAJĄCY Z WTYCZKĄ;;2x0,75mm/1,2m płaski czarny;3,6x5x20;67810;LUND;Czesci_zamienne_67810.pdf;matched_manifest_prefix;https://drive.google.com/file/d/1eJtxaZqbmaKByYjKLSVvmj1C5qn7tOvH/preview;1522
ZUN-000023;Z67811042;ŁOŻYSKO KULKOWE 688 2Z;;688 2Z;ø1,6x0,5;67811;LUND;Czesci_zamienne_67811.pdf;matched_manifest;https://drive.google.com/file/d/1RcmNXamJNWXmcIMm4K4IlQawvGK9i-3b/preview;1550
ZUN-000727;Z67811059;KOŁO PRZEKŁADNI PLANETARNEJ A;;;ø3,2x1,2;67811;LUND;Czesci_zamienne_67811.pdf;matched_manifest;https://drive.google.com/file/d/1RcmNXamJNWXmcIMm4K4IlQawvGK9i-3b/preview;1565
ZUN-000572;Z67811084;WŁĄCZNIK;;KW3AT-16 16(4)A 250V;1x2,15x3,75;67811;LUND;Czesci_zamienne_67811.pdf;matched_manifest;https://drive.google.com/file/d/1RcmNXamJNWXmcIMm4K4IlQawvGK9i-3b/preview;1576
ZUN-000269;Z67811137;KABEL ZASILAJĄCY Z WTYCZKĄ;;2x0,75mm/1,2m płaski czarny;3,6x5x20;67811;LUND;Czesci_zamienne_67811.pdf;matched_manifest;https://drive.google.com/file/d/1RcmNXamJNWXmcIMm4K4IlQawvGK9i-3b/preview;1624
ZUN-000542;Z67840-22;MIKROWŁĄCZNIK;;KW4-3Z-Z 5A 250VAC T120 DONGHAI;0,65x1,99x2,2;67840;LUND;Czesci_zamienne_67840.pdf;matched_manifest;https://drive.google.com/file/d/1kQxCLXsD-M2Ta2oZQ4hX4fAC5wWLyhTR/preview;1644
ZUN-000287;Z67840-30;KABEL ZASILAJĄCY Z WTYCZKĄ;;3x0,75mm/1m;3,5x6x20;67840;LUND;Czesci_zamienne_67840.pdf;matched_manifest;https://drive.google.com/file/d/1kQxCLXsD-M2Ta2oZQ4hX4fAC5wWLyhTR/preview;1650
ZUN-000287;Z67841-30;KABEL ZASILAJĄCY Z WTYCZKĄ;;3x0,75mm/1m;3,5x6x20;67841;LUND;Czesci_zamienne_67841.pdf;matched_manifest;https://drive.google.com/file/d/1zUj-OKPkTiMgqY8CrQK-khGS0bYHynGJ/preview;1675
ZUN-000541;Z67850025;MIKROWŁĄCZNIK;;KW4-3Z-3 5A 250V;0,65x1,55x1,97;67850;LUND;Czesci_zamienne_67850.pdf;matched_manifest;https://drive.google.com/file/d/1eP8B5MRroF-qg5gVo8-ek7tPUNzU9zMT/preview;1678
ZUN-000541;Z67851-25;MICROWŁĄCZNIK;;KW4-3Z-3 5A 250V;0,65x1,55x1,97;67851;LUND;Czesci_zamienne_67851.pdf;matched_manifest;https://drive.google.com/file/d/1GmgwTOd1vfguL_mz-NE9Hiq_x3y1qN55/preview;1687
ZUN-000541;Z67851-51;MICROWŁĄCZNIK;;KW4-3Z-3 5A 250V;0,65x1,55x1,97;67851;LUND;Czesci_zamienne_67851.pdf;matched_manifest;https://drive.google.com/file/d/1GmgwTOd1vfguL_mz-NE9Hiq_x3y1qN55/preview;1692
ZUN-000542;Z67853-30;MIKROWŁĄCZNIK;;SW312 5(2)A 125/250VAC JUFOND;0,65x1,99x2,2;67853;LUND;Czesci_zamienne_67853.pdf;matched_manifest;https://drive.google.com/file/d/1-732PiK1edGxZdnQ8MxHuLsfN9RMdfpV/preview;1697
ZUN-000020;Z67860052;ŁOŻYSKO KULKOWE 630 2RS;;630 2RS ø8/ø22/11mm;ø2,2x1,1;67860;LUND;Czesci_zamienne_67860.pdf;matched_manifest;https://drive.google.com/file/d/1OsVM1KpYd09brEs1bwLh6JEhwW6nmDlf/preview;1731
ZUN-000572;Z67880025;WŁĄCZNIK docisku pokrywy;;KW3A 16(4)A 250V;1x2,2x3,9;67880;LUND;Czesci_zamienne_67880.pdf;matched_manifest;https://drive.google.com/file/d/1bTgonCVhAGeR7aFTM7K9l2g2Lvl0EuHj/preview;1796
ZUN-000572;Z67882045;WŁĄCZNIK;;KW3A 16(4)A 250VAC DONGNAN;1x2,15x3,75;67882;LUND;Czesci_zamienne_67882.pdf;matched_manifest;https://drive.google.com/file/d/1ucBOgPIGdvSyCaXOaCKvOASaKu3iA3Z2/preview;1826
ZUN-000542;Z67920-120;MICROWŁĄCZNIK;;SW312 5(2)A 125/250VAC JUFOND;0,65x1,99x2,2;67920;;;candidate_from_index;;1899
ZUN-000152;Z68050-09;TERMOSTAT;;YS-T198 AC250V 10A/16A;3,3x3,5x3,6;68050;LUND;Czesci_zamienne_68050.pdf;matched_manifest;https://drive.google.com/file/d/18EKd33cYttcAIOUUml726YKIZy7a70te/preview;2025
ZUN-000290;Z68050-34;KABEL ZASILAJĄCY Z WTYCZKĄ;;3x1,0mm/0,9m guma;3,6x4,5x22;68050;LUND;Czesci_zamienne_68050.pdf;matched_manifest;https://drive.google.com/file/d/18EKd33cYttcAIOUUml726YKIZy7a70te/preview;2039
ZUN-000583;Z68050-50;WYŁĄCZNIK CZASOWY;met/tworzywo;R50024942 AC 250V 15A/16A T120/T125 60min;4,51x4,52x5,25;68050;LUND;Czesci_zamienne_68050.pdf;matched_manifest;https://drive.google.com/file/d/18EKd33cYttcAIOUUml726YKIZy7a70te/preview;2050
ZUN-000584;Z68050-51;PRZEŁĄCZNIK;;FZ31-9 250V AC 16A T125/55 HUA LI LAI //XK1-222 16A 125V AC/250V AC;3,53x3,55x4,4;68050;LUND;Czesci_zamienne_68050.pdf;matched_manifest;https://drive.google.com/file/d/18EKd33cYttcAIOUUml726YKIZy7a70te/preview;2051
ZUN-000152;Z68051-05;TERMOSTAT;;YS-T198 AC250V 10A/16A;3,3x3,5x3,6;68051;LUND;Czesci_zamienne_68051.pdf;matched_manifest;https://drive.google.com/file/d/1y54halHwT4dgxSQaplumo4qtyKxqHSuO/preview;2054
ZUN-000290;Z68051-26;KABEL ZASILAJĄCY Z WTYCZKĄ;;3x1,0mm/0,9m guma;3,6x4,5x22;68051;LUND;Czesci_zamienne_68051.pdf;matched_manifest;https://drive.google.com/file/d/1y54halHwT4dgxSQaplumo4qtyKxqHSuO/preview;2067
ZUN-000584;Z68051-45;PRZEŁĄCZNIK;;FZ31-9 250V AC 16A T125/55 HUA LI LAI //XK1-222 16A 125V AC/250V AC;3,53x3,55x4,4;68051;LUND;Czesci_zamienne_68051.pdf;matched_manifest;https://drive.google.com/file/d/1y54halHwT4dgxSQaplumo4qtyKxqHSuO/preview;2077
ZUN-000583;Z68051-46;WYŁĄCZNIK CZASOWY;met/tworzywo;R50024942 AC 250V 15A/16A T120/T125 60min;4,51x4,52x5,25;68051;LUND;Czesci_zamienne_68051.pdf;matched_manifest;https://drive.google.com/file/d/1y54halHwT4dgxSQaplumo4qtyKxqHSuO/preview;2078
ZUN-000584;Z68052-04;PRZEŁĄCZNIK;;FZ31-9 250V AC 16A T125/55 HUA LI LAI //XK1-222 16A 125V AC/250V AC;3,53x3,55x4,4;68052;LUND;Czesci_zamienne_68052.pdf;matched_manifest;https://drive.google.com/file/d/15fHilGd0EQceROaKxzwRkhMs3hIkvIOC/preview;2088
ZUN-000152;Z68052-05;TERMOSTAT;;YS-T198 AC250V 10A/16A;3,3x3,5x3,6;68052;LUND;Czesci_zamienne_68052.pdf;matched_manifest;https://drive.google.com/file/d/15fHilGd0EQceROaKxzwRkhMs3hIkvIOC/preview;2089
ZUN-000290;Z68052-26;KABEL ZASILAJĄCY Z WTYCZKĄ;;3x1,0mm/0,9m guma;3,6x4,5x22;68052;LUND;Czesci_zamienne_68052.pdf;matched_manifest;https://drive.google.com/file/d/15fHilGd0EQceROaKxzwRkhMs3hIkvIOC/preview;2101
ZUN-000583;Z68052-45;WYŁĄCZNIK CZASOWY;met/tworzywo;R50024942 AC 250V 15A/16A T120/T125 60min;4,51x4,52x5,25;68052;LUND;Czesci_zamienne_68052.pdf;matched_manifest;https://drive.google.com/file/d/15fHilGd0EQceROaKxzwRkhMs3hIkvIOC/preview;2113
ZUN-000152;Z68053-08;TERMOSTAT;;YS-T198 AC250V 10A/16A;3,3x3,5x3,6;68053;LUND;Czesci_zamienne_68053.pdf;matched_manifest;https://drive.google.com/file/d/1JiV9xzhwVEfGeP9GYf7A1bwO7fTTlJQb/preview;2116
ZUN-000583;Z68053-45;WYŁĄCZNIK CZASOWY;met/tworzywo;AC 250V 15A/16A R50024942 T120/T125;4,5x4,5x5,2;68053;LUND;Czesci_zamienne_68053.pdf;matched_manifest;https://drive.google.com/file/d/1JiV9xzhwVEfGeP9GYf7A1bwO7fTTlJQb/preview;2121
ZUN-000584;Z68053-46;PRZEŁĄCZNIK;;FZ31-9 250V AC 16A T125/55 HUA LI LAI //XK1-222 16A 125V AC/250V AC;4,51x4,52x5,25;68053;LUND;Czesci_zamienne_68053.pdf;matched_manifest;https://drive.google.com/file/d/1JiV9xzhwVEfGeP9GYf7A1bwO7fTTlJQb/preview;2122
ZUN-000286;Z68172-19;KABEL ZASILAJĄCY Z WTYCZKĄ;;3x0,75mm/0,8m;3,6x6x22;68172;LUND;Czesci_zamienne_68172.pdf;matched_manifest;https://drive.google.com/file/d/1Yf56CkUZvtrCzPsHCbrRuacQAETB2tnh/preview;2180
ZUN-000286;Z68173-34;KABEL ZASILAJĄCY Z WTYCZKĄ;;3x0,75mm/0,8m;3,6x6x22;68173;LUND;Czesci_zamienne_68173.pdf;matched_manifest;https://drive.google.com/file/d/18FXcfiSVEMMOTuMJRkp7AytieByvghzY/preview;2192
ZUN-000286;Z68174-21;KABEL ZASILAJĄCY Z WTYCZKĄ;;3x0,75mm/0,8m;3,6x6x22;68174;LUND;Czesci_zamienne_68174.pdf;matched_manifest;https://drive.google.com/file/d/15U7tmRitQJAaSxC6UD3B3oS451A4UPoU/preview;2200
ZUN-000216;Z68250-15;WŁĄCZNIK;tworzywo/stal/?;KCDI-101 6A 250V;1,5x2,1x2,4;68250;LUND;Czesci_zamienne_68250.pdf;matched_manifest;https://drive.google.com/file/d/1psrarZ08GxHpV32BduIFhdbnBLdunxlt/preview;2248
ZUN-000268;Z68250-30;KABEL ZASILAJĄCY Z WTYCZKĄ;;2x0,5mm/1m płaski biały;1,8x4x27;68250;LUND;Czesci_zamienne_68250.pdf;matched_manifest;https://drive.google.com/file/d/1psrarZ08GxHpV32BduIFhdbnBLdunxlt/preview;2256
ZUN-000268;Z68251-27;KABEL ZASILAJĄCY Z WTYCZKĄ;;2x0,5mm/1m płaski biały;1,8x4x27;68251;LUND;Czesci_zamienne_68251.pdf;matched_manifest;https://drive.google.com/file/d/1x9wsvjAW_-5rbu8z2UzOa2TSdpJu1bEb/preview;2270
ZUN-000571;Z68480-12;MIKROWŁĄCZNIK;;BW8 10(3)A 250V;0,65x1,9x1,99;68480;LUND;Czesci_zamienne_68480.pdf;matched_manifest;https://drive.google.com/file/d/1TSLsMvrwnRG1lGQTnTOOTFYwCRRrbbkZ/preview;2334
ZUN-000567;Z68791-01;WŁĄCZNIK;;RK1-01 16(6)A T100/55 SOKEN;2,9x3,6x3,7;68791;LUND;Czesci_zamienne_68791.pdf;matched_manifest;https://drive.google.com/file/d/1KCLT3gdez_mM0NC9Eeh9ch6Qr_F7cauO/preview;2538
ZUN-000569;Z7292807;WŁĄCZNIK;tworzywo/stal/?;R13 12(8)A 250V;1,5x2,1x2,6;72928;LUND;Czesci_zamienne_72928.pdf;matched_manifest;https://drive.google.com/file/d/1etGMUo-snHA2-lPNUsnXcdbcvp_2oHx0/preview;2590
ZUN-000274;Z7292813;KABEL ZASILAJĄCY Z WTYCZKĄ;tworzywo/miedź;2x0,75mm/3m H05RN-F;3,5x7x28;72928;LUND;Czesci_zamienne_72928.pdf;matched_manifest;https://drive.google.com/file/d/1etGMUo-snHA2-lPNUsnXcdbcvp_2oHx0/preview;2592
ZUN-000569;Z7293004;WŁĄCZNIK;tworzywo/stal/?;R13 12(8)A 250V;1,5x2,1x2,6;72930;LUND;Czesci_zamienne_72930.pdf;matched_manifest;https://drive.google.com/file/d/11ZL0EDRcOIgF1V5qpozXiVHvb2D4d4kT/preview;2595
ZUN-000292;Z7320513;KABEL ZASILAJĄCY Z WTYCZKĄ;;3x2,5mm/2m guma;3,5x17x18;73205;;;candidate_from_index;;2692
ZUN-000292;Z7320613;KABEL ZASILAJĄCY Z WTYCZKĄ;;3x2,5mm/2m guma;3,5x17x18;73206;;;candidate_from_index;;2697
ZUN-000292;Z7320713;KABEL ZASILAJĄCY Z WTYCZKĄ;;3x2,5mm/2m guma;3,5x17x18;73207;;;candidate_from_index;;2702
ZUN-000292;Z7320813;KABEL ZASILAJĄCY Z WTYCZKĄ;;3x2,5mm/2m guma;3,5x17x18;73208;;;candidate_from_index;;2707
ZUN-000043;Z7347010;ŁOŻYSKO KULKOWE 6202 2RS;;6202 2RS;ø3,5x1,1;73470;LUND;Czesci_zamienne_73470.pdf;matched_manifest;https://drive.google.com/file/d/1f55q7HLIiAq1SquYekfdvY5h7PUnKJ4k/preview;2734
ZUN-000216;Z7347032;WŁĄCZNIK;tworzywo/stal/?;JD02-A 6(6)A 250V 5E4 JIN DING;1,5x2,1x2,6;73470;LUND;Czesci_zamienne_73470.pdf;matched_manifest;https://drive.google.com/file/d/1f55q7HLIiAq1SquYekfdvY5h7PUnKJ4k/preview;2741
ZUN-000452;Z7347301;NAKRĘTKA SAMOKONTRUJĄCA M8;;M8 samokontrująca;0,7x1,3x1,5;73473;LUND;Czesci_zamienne_73473.pdf;matched_manifest;https://drive.google.com/file/d/1gdc59j4HOfF2GiurbLxzeOQWlaTG5PjH/preview;2746
ZUN-000030;Z7347326;ŁOŻYSKO KULKOWE 6001 2Z;;6001 2Z;ø2,8x0,8;73473;LUND;Czesci_zamienne_73473.pdf;matched_manifest;https://drive.google.com/file/d/1gdc59j4HOfF2GiurbLxzeOQWlaTG5PjH/preview;2763
ZUN-000339;Z7550032;NAKRĘTKA PRZYŁACZA;;;1,3x2,8x3,2;75500;;;candidate_from_index;;2790
ZUN-000335;Z7550036;MIMOŚRÓD KRZYWKA;;;2,6x3x4,2;75500;;;candidate_from_index;;2793
ZUN-000335;Z7551018;MIMOŚRÓD KRZYWKA;;;2,6x3x4,2;75510;;;candidate_from_index;;2836
ZUN-000327;Z75662-16;MIESZACZ;;;;75662;FALA;Czesci_zamienne_75662.pdf;matched_manifest;https://drive.google.com/file/d/1xbzS13WgdPQQ382NIxVKciOeKoLPZDpL/preview;3008
ZUN-000327;Z75663-16;MIESZACZ;;;ø3,5x5,85;75663;FALA;Czesci_zamienne_75663.pdf;matched_manifest;https://drive.google.com/file/d/1Vs3egicm34qyI6aTOyXTiQteDD3f4eTj/preview;3014
ZUN-000327;Z75665-11;MIESZACZ;;ACS;ø3,5x5,9;75665;FALA;Czesci_zamienne_75665.pdf;matched_manifest;https://drive.google.com/file/d/1uYxQIVxJFzeG-ZqK6qTl_iPsJWsjwOzp/preview;3023
ZUN-000331;Z75670-12;MIESZACZ;;;ø4x6,3;75670;FALA;Czesci_zamienne_75670.pdf;matched_manifest;https://drive.google.com/file/d/10b1DAA8RQ7OCm3a36ozXBPLALcDKJTJD/preview;3032
ZUN-000328;Z75675-06;MIESZACZ;;;;75675;;;candidate_from_index;;3037
ZUN-000326;Z7568502;MIESZACZ - KL;;;ø3,5x5,7;75685;FALA;Czesci_zamienne_75685.pdf;matched_manifest;https://drive.google.com/file/d/1QfDXIFrDIXepCPLsiKVBbymrQBWpc_LP/preview;3048
ZUN-000337;Z7568503;NAKRĘTKA MIESZACZA;;;ø3,65x1,3;75685;FALA;Czesci_zamienne_75685.pdf;matched_manifest;https://drive.google.com/file/d/1QfDXIFrDIXepCPLsiKVBbymrQBWpc_LP/preview;3049
ZUN-000342;Z7568504;NAKRĘTKA DEKORACYJNA MIESZACZA;;;ø4,1x1,4;75685;FALA;Czesci_zamienne_75685.pdf;matched_manifest;https://drive.google.com/file/d/1QfDXIFrDIXepCPLsiKVBbymrQBWpc_LP/preview;3050
ZUN-000358;Z7568505;UCHWYT;;;3,6x4,5x10,2;75685;FALA;Czesci_zamienne_75685.pdf;matched_manifest;https://drive.google.com/file/d/1QfDXIFrDIXepCPLsiKVBbymrQBWpc_LP/preview;3051
ZUN-000348;Z7568506;ŚRUBA UCHWYTU;;imbus 2,5mm;ø0,5x0,8;75685;FALA;Czesci_zamienne_75685.pdf;matched_manifest;https://drive.google.com/file/d/1QfDXIFrDIXepCPLsiKVBbymrQBWpc_LP/preview;3052
ZUN-000350;Z7568507;ZNACZEK CIEPŁA, ZIMNA WODA;;;ø0,8x0,7;75685;FALA;Czesci_zamienne_75685.pdf;matched_manifest;https://drive.google.com/file/d/1QfDXIFrDIXepCPLsiKVBbymrQBWpc_LP/preview;3053
ZUN-000347;Z7568513;USZCZELKA;;ø15/ø22/2,8mm;ø2,2x0,28;75685;FALA;Czesci_zamienne_75685.pdf;matched_manifest;https://drive.google.com/file/d/1QfDXIFrDIXepCPLsiKVBbymrQBWpc_LP/preview;3055
ZUN-000321;Z7568514;PERLATOR;;;ø2,1x1,35;75685;FALA;Czesci_zamienne_75685.pdf;matched_manifest;https://drive.google.com/file/d/1QfDXIFrDIXepCPLsiKVBbymrQBWpc_LP/preview;3056
ZUN-000325;Z7568515;NAKRĘTKA PRELATORA;;;ø2,4x1,2;75685;FALA;Czesci_zamienne_75685.pdf;matched_manifest;https://drive.google.com/file/d/1QfDXIFrDIXepCPLsiKVBbymrQBWpc_LP/preview;3057
ZUN-000326;Z7568602;MIESZACZ - KL;;;ø3,5x5,7;75686;FALA;Czesci_zamienne_75686.pdf;matched_manifest;https://drive.google.com/file/d/1XamBtsgxYtjm5t5Cx0AJRUr7abvoWoHY/preview;3059
ZUN-000337;Z7568603;NAKRĘTKA MIESZACZA;;;ø3,65x1,3;75686;FALA;Czesci_zamienne_75686.pdf;matched_manifest;https://drive.google.com/file/d/1XamBtsgxYtjm5t5Cx0AJRUr7abvoWoHY/preview;3060
ZUN-000342;Z7568604;NAKRĘTKA DEKORACYJNA MIESZACZA;;;ø4,1x1,4;75686;FALA;Czesci_zamienne_75686.pdf;matched_manifest;https://drive.google.com/file/d/1XamBtsgxYtjm5t5Cx0AJRUr7abvoWoHY/preview;3061
ZUN-000358;Z7568605;UCHWYT;;;3,6x4,5x10,2;75686;FALA;Czesci_zamienne_75686.pdf;matched_manifest;https://drive.google.com/file/d/1XamBtsgxYtjm5t5Cx0AJRUr7abvoWoHY/preview;3062
ZUN-000348;Z7568606;ŚRUBA UCHWYTU;;imbus 2,5mm;ø0,5x0,8;75686;FALA;Czesci_zamienne_75686.pdf;matched_manifest;https://drive.google.com/file/d/1XamBtsgxYtjm5t5Cx0AJRUr7abvoWoHY/preview;3063
ZUN-000350;Z7568607;ZNACZEK CIEPŁA, ZIMNA WODA;;;ø0,8x0,7;75686;FALA;Czesci_zamienne_75686.pdf;matched_manifest;https://drive.google.com/file/d/1XamBtsgxYtjm5t5Cx0AJRUr7abvoWoHY/preview;3064
ZUN-000339;Z7568608;NAKRĘTKA PRZYŁACZA;;;1,3x2,8x3,2;75686;FALA;Czesci_zamienne_75686.pdf;matched_manifest;https://drive.google.com/file/d/1XamBtsgxYtjm5t5Cx0AJRUr7abvoWoHY/preview;3065
ZUN-000343;Z7568610;ŚRUBA + USZCZELKA;;Części nr 9, 10;ø2,3x1,1;75686;FALA;Czesci_zamienne_75686.pdf;matched_manifest;https://drive.google.com/file/d/1XamBtsgxYtjm5t5Cx0AJRUr7abvoWoHY/preview;3066
ZUN-000346;Z7568611;USZCZELKA;;;ø2,4x0,3;75686;FALA;Czesci_zamienne_75686.pdf;matched_manifest;https://drive.google.com/file/d/1XamBtsgxYtjm5t5Cx0AJRUr7abvoWoHY/preview;3067
ZUN-000333;Z7568612;ROZETA MASKUJĄCA;;srebrna wypukła;ø6,4x2;75686;FALA;Czesci_zamienne_75686.pdf;matched_manifest;https://drive.google.com/file/d/1XamBtsgxYtjm5t5Cx0AJRUr7abvoWoHY/preview;3068
ZUN-000335;Z7568613;MIMOŚRÓD KRZYWKA;;;2,6x2,8x5,2;75686;FALA;Czesci_zamienne_75686.pdf;matched_manifest;https://drive.google.com/file/d/1XamBtsgxYtjm5t5Cx0AJRUr7abvoWoHY/preview;3069
ZUN-000347;Z7568614;USZCZELKA PERLATORA;;ø15/ø22/2,8mm;ø2,2x0,28;75686;FALA;Czesci_zamienne_75686.pdf;matched_manifest;https://drive.google.com/file/d/1XamBtsgxYtjm5t5Cx0AJRUr7abvoWoHY/preview;3070
ZUN-000321;Z7568615;PERLATOR;;;ø2,1x1,4;75686;FALA;Czesci_zamienne_75686.pdf;matched_manifest;https://drive.google.com/file/d/1XamBtsgxYtjm5t5Cx0AJRUr7abvoWoHY/preview;3071
ZUN-000325;Z7568616;NAKRĘTKA PERLATORA;;;ø2,4x1,2;75686;FALA;Czesci_zamienne_75686.pdf;matched_manifest;https://drive.google.com/file/d/1XamBtsgxYtjm5t5Cx0AJRUr7abvoWoHY/preview;3072
ZUN-000326;Z7568702;MIESZACZ - KL;;;ø3,5x5,7;75687;FALA;Czesci_zamienne_75687.pdf;matched_manifest;https://drive.google.com/file/d/10OMBbfAOma7h9P-UWbQreCf0N2JbFtBt/preview;3074
ZUN-000337;Z7568703;NAKRĘTKA MIESZACZA;;;ø3,65x1,3;75687;FALA;Czesci_zamienne_75687.pdf;matched_manifest;https://drive.google.com/file/d/10OMBbfAOma7h9P-UWbQreCf0N2JbFtBt/preview;3075
ZUN-000342;Z7568704;NAKRĘTKA DEKORACYJNA MIESZACZA;;;ø4,1x1,4;75687;FALA;Czesci_zamienne_75687.pdf;matched_manifest;https://drive.google.com/file/d/10OMBbfAOma7h9P-UWbQreCf0N2JbFtBt/preview;3076
ZUN-000358;Z7568705;UCHWYT;;;3,6x4,5x10,2;75687;FALA;Czesci_zamienne_75687.pdf;matched_manifest;https://drive.google.com/file/d/10OMBbfAOma7h9P-UWbQreCf0N2JbFtBt/preview;3077
ZUN-000348;Z7568706;ŚRUBA UCHWYTU;;imbus 2,5mm;ø0,5x0,8;75687;FALA;Czesci_zamienne_75687.pdf;matched_manifest;https://drive.google.com/file/d/10OMBbfAOma7h9P-UWbQreCf0N2JbFtBt/preview;3078
ZUN-000350;Z7568707;ZNACZEK CIEPŁA, ZIMNA WODA;;;ø0,8x0,7;75687;FALA;Czesci_zamienne_75687.pdf;matched_manifest;https://drive.google.com/file/d/10OMBbfAOma7h9P-UWbQreCf0N2JbFtBt/preview;3079
ZUN-000339;Z7568708;NAKRĘTKA PRZYŁACZA;;;1,3x2,8x3,2;75687;FALA;Czesci_zamienne_75687.pdf;matched_manifest;https://drive.google.com/file/d/10OMBbfAOma7h9P-UWbQreCf0N2JbFtBt/preview;3080
ZUN-000343;Z7568710;ŚRUBA + USZCZELKA;;Części nr 9, 10;ø2,3x1,1;75687;FALA;Czesci_zamienne_75687.pdf;matched_manifest;https://drive.google.com/file/d/10OMBbfAOma7h9P-UWbQreCf0N2JbFtBt/preview;3081
ZUN-000346;Z7568711;USZCZELKA;;ø16/ø24/2,6mm;ø2,4x0,3;75687;FALA;Czesci_zamienne_75687.pdf;matched_manifest;https://drive.google.com/file/d/10OMBbfAOma7h9P-UWbQreCf0N2JbFtBt/preview;3082
ZUN-000333;Z7568712;ROZETA MASKUJĄCA;;srebrna wypukła;ø6,4x2;75687;FALA;Czesci_zamienne_75687.pdf;matched_manifest;https://drive.google.com/file/d/10OMBbfAOma7h9P-UWbQreCf0N2JbFtBt/preview;3083
ZUN-000335;Z7568713;MIMOŚRÓD KRZYWKA;;;2,6x2,8x5,2;75687;FALA;Czesci_zamienne_75687.pdf;matched_manifest;https://drive.google.com/file/d/10OMBbfAOma7h9P-UWbQreCf0N2JbFtBt/preview;3084
ZUN-000326;Z7568802;MIESZACZ - KL;;;ø3,5x5,7;75688;FALA;Czesci_zamienne_75688.pdf;matched_manifest;https://drive.google.com/file/d/1csjAhMRm3xQsfESi8bopwwizy5ky5QXS/preview;3086
ZUN-000337;Z7568803;NAKRĘTKA MIESZACZA;;aluminium;ø3,65x1,3;75688;FALA;Czesci_zamienne_75688.pdf;matched_manifest;https://drive.google.com/file/d/1csjAhMRm3xQsfESi8bopwwizy5ky5QXS/preview;3087
ZUN-000342;Z7568804;NAKRĘTKA DEKORACYJNA MIESZACZA;;;ø4,1x1,4;75688;FALA;Czesci_zamienne_75688.pdf;matched_manifest;https://drive.google.com/file/d/1csjAhMRm3xQsfESi8bopwwizy5ky5QXS/preview;3088
ZUN-000358;Z7568805;UCHWYT;;;3,6x4,5x10,2;75688;FALA;Czesci_zamienne_75688.pdf;matched_manifest;https://drive.google.com/file/d/1csjAhMRm3xQsfESi8bopwwizy5ky5QXS/preview;3089
ZUN-000348;Z7568806;ŚRUBA UCHWYTU;;imbus 2,5mm;ø0,5x0,8;75688;FALA;Czesci_zamienne_75688.pdf;matched_manifest;https://drive.google.com/file/d/1csjAhMRm3xQsfESi8bopwwizy5ky5QXS/preview;3090
ZUN-000350;Z7568807;ZNACZEK CIEPŁA, ZIMNA WODA;;;ø0,8x0,7;75688;FALA;Czesci_zamienne_75688.pdf;matched_manifest;https://drive.google.com/file/d/1csjAhMRm3xQsfESi8bopwwizy5ky5QXS/preview;3091
ZUN-000339;Z7568808;NAKRĘTKA PRZYŁACZA;;;1,3x2,8x3,2;75688;FALA;Czesci_zamienne_75688.pdf;matched_manifest;https://drive.google.com/file/d/1csjAhMRm3xQsfESi8bopwwizy5ky5QXS/preview;3092
ZUN-000343;Z7568810;ŚRUBA + USZCZELKA;;Części nr 9, 10;ø2,3x1,1;75688;FALA;Czesci_zamienne_75688.pdf;matched_manifest;https://drive.google.com/file/d/1csjAhMRm3xQsfESi8bopwwizy5ky5QXS/preview;3093
ZUN-000346;Z7568811;USZCZELKA;;ø16/ø24/2,6mm;ø2,4x0,3;75688;FALA;Czesci_zamienne_75688.pdf;matched_manifest;https://drive.google.com/file/d/1csjAhMRm3xQsfESi8bopwwizy5ky5QXS/preview;3094
ZUN-000333;Z7568812;ROZETA MASKUJĄCA;;srebrna wypukła;ø6,4x2;75688;FALA;Czesci_zamienne_75688.pdf;matched_manifest;https://drive.google.com/file/d/1csjAhMRm3xQsfESi8bopwwizy5ky5QXS/preview;3095
ZUN-000335;Z7568813;MIMOŚRÓD KRZYWKA;;;2,6x2,8x5,2;75688;FALA;Czesci_zamienne_75688.pdf;matched_manifest;https://drive.google.com/file/d/1csjAhMRm3xQsfESi8bopwwizy5ky5QXS/preview;3096
ZUN-000347;Z7568814;USZCZELKA PERLATORA;;ø15/ø22/2,8mm;ø2,2x0,28;75688;FALA;Czesci_zamienne_75688.pdf;matched_manifest;https://drive.google.com/file/d/1csjAhMRm3xQsfESi8bopwwizy5ky5QXS/preview;3097
ZUN-000321;Z7568815;PERLATOR;;;ø2,1x1,4;75688;FALA;Czesci_zamienne_75688.pdf;matched_manifest;https://drive.google.com/file/d/1csjAhMRm3xQsfESi8bopwwizy5ky5QXS/preview;3098
ZUN-000325;Z7568816;NAKRĘTKA PERLATORA;;;ø2,4x1,2;75688;FALA;Czesci_zamienne_75688.pdf;matched_manifest;https://drive.google.com/file/d/1csjAhMRm3xQsfESi8bopwwizy5ky5QXS/preview;3099
ZUN-000326;Z7568909;MIESZACZ - KL;;;ø3,5x5,7;75689;FALA;Czesci_zamienne_75689.pdf;matched_manifest;https://drive.google.com/file/d/1O7K5qMCOH3J7Gau2KaZN9sEbhFK4sERj/preview;3108
ZUN-000337;Z7568910;NAKRĘTKA MIESZACZA;;aluminium;ø3,65x1,3;75689;FALA;Czesci_zamienne_75689.pdf;matched_manifest;https://drive.google.com/file/d/1O7K5qMCOH3J7Gau2KaZN9sEbhFK4sERj/preview;3109
ZUN-000342;Z7568911;NAKRĘTKA DEKORACYJNA MIESZACZA;;;ø4,1x1,4;75689;FALA;Czesci_zamienne_75689.pdf;matched_manifest;https://drive.google.com/file/d/1O7K5qMCOH3J7Gau2KaZN9sEbhFK4sERj/preview;3110
ZUN-000358;Z7568912;UCHWYT;;;3,6x4,5x10,2;75689;FALA;Czesci_zamienne_75689.pdf;matched_manifest;https://drive.google.com/file/d/1O7K5qMCOH3J7Gau2KaZN9sEbhFK4sERj/preview;3111
ZUN-000348;Z7568913;ŚRUBA UCHWYTU;;imbus 2,5mm;ø0,5x0,8;75689;FALA;Czesci_zamienne_75689.pdf;matched_manifest;https://drive.google.com/file/d/1O7K5qMCOH3J7Gau2KaZN9sEbhFK4sERj/preview;3112
ZUN-000350;Z7568914;ZNACZEK CIEPŁA, ZIMNA WODA;;;ø0,8x0,7;75689;FALA;Czesci_zamienne_75689.pdf;matched_manifest;https://drive.google.com/file/d/1O7K5qMCOH3J7Gau2KaZN9sEbhFK4sERj/preview;3113
ZUN-000347;Z7568915;USZCZELKA PERLATORA;;ø15/ø22/2,8mm;ø2,2x0,28;75689;FALA;Czesci_zamienne_75689.pdf;matched_manifest;https://drive.google.com/file/d/1O7K5qMCOH3J7Gau2KaZN9sEbhFK4sERj/preview;3114
ZUN-000321;Z7568916;PERLATOR;;;ø2,1x1,4;75689;FALA;Czesci_zamienne_75689.pdf;matched_manifest;https://drive.google.com/file/d/1O7K5qMCOH3J7Gau2KaZN9sEbhFK4sERj/preview;3115
ZUN-000325;Z7568917;NAKRĘTKA PERLATORA;;;ø2,4x1,2;75689;FALA;Czesci_zamienne_75689.pdf;matched_manifest;https://drive.google.com/file/d/1O7K5qMCOH3J7Gau2KaZN9sEbhFK4sERj/preview;3116
ZUN-000212;Z75705-01;PERLATOR NEOPERL;;;ø2,1x1,42;75705;;;candidate_from_index;;3118
ZUN-000327;Z75705-13;MIESZACZ;;WANHAI;ø3,5x5,9;75705;;;candidate_from_index;;3127
ZUN-000327;Z75719-14;MIESZACZ;;;;75719;FALA;Czesci_zamienne_75719.pdf;matched_manifest;https://drive.google.com/file/d/1L9FkzWPSBvzxiAUSTZHC9Eapk26a2miN/preview;3153
ZUN-000328;Z7574002;MIESZACZ SEDAL;;;ø3,5x6;75740;FALA;Czesci_zamienne_75740.pdf;matched_manifest;https://drive.google.com/file/d/19AJAphYV9BivM2RUauku2GS5mX5GPDTt/preview;3154
ZUN-000336;Z7574003;NAKRĘTKA MIESZACZA;;mosiądz;ø3,7x1,2;75740;FALA;Czesci_zamienne_75740.pdf;matched_manifest;https://drive.google.com/file/d/19AJAphYV9BivM2RUauku2GS5mX5GPDTt/preview;3155
ZUN-000341;Z7574004;NAKRĘTKA DEKORACYJNA MIESZACZA;;;ø3,7x1,1;75740;FALA;Czesci_zamienne_75740.pdf;matched_manifest;https://drive.google.com/file/d/19AJAphYV9BivM2RUauku2GS5mX5GPDTt/preview;3156
ZUN-000353;Z7574005;UCHWYT;;;3,5x4,7x11,8;75740;FALA;Czesci_zamienne_75740.pdf;matched_manifest;https://drive.google.com/file/d/19AJAphYV9BivM2RUauku2GS5mX5GPDTt/preview;3157
ZUN-000350;Z7574006;ZNACZEK CIEPŁA, ZIMNA WODA;;;ø0,9x0,6;75740;FALA;Czesci_zamienne_75740.pdf;matched_manifest;https://drive.google.com/file/d/19AJAphYV9BivM2RUauku2GS5mX5GPDTt/preview;3158
ZUN-000349;Z7574007;ŚRUBA UCHWYTU;;imbus 2,5mm;ø0,5x0,6;75740;FALA;Czesci_zamienne_75740.pdf;matched_manifest;https://drive.google.com/file/d/19AJAphYV9BivM2RUauku2GS5mX5GPDTt/preview;3159
ZUN-000347;Z7574008;USZCZELKA PERLATORA;;ø15/ø22/2,8mm;ø2,2x0,28;75740;FALA;Czesci_zamienne_75740.pdf;matched_manifest;https://drive.google.com/file/d/19AJAphYV9BivM2RUauku2GS5mX5GPDTt/preview;3160
ZUN-000320;Z7574009;PERLATOR;;;ø2,1x1,55;75740;FALA;Czesci_zamienne_75740.pdf;matched_manifest;https://drive.google.com/file/d/19AJAphYV9BivM2RUauku2GS5mX5GPDTt/preview;3161
ZUN-000324;Z7574010;NAKRĘTKA PERLATORA;;;ø2,4x1,4;75740;FALA;Czesci_zamienne_75740.pdf;matched_manifest;https://drive.google.com/file/d/19AJAphYV9BivM2RUauku2GS5mX5GPDTt/preview;3165
ZUN-000537;Z7574011;O-RING;;ø34/ø40/ø3mm;ø4,0x0,3;75740;FALA;Czesci_zamienne_75740.pdf;matched_manifest;https://drive.google.com/file/d/19AJAphYV9BivM2RUauku2GS5mX5GPDTt/preview;3166
ZUN-000352;Z757401A;ZESTAW MONTAŻOWY DO BATERII;;Części nr 11, 12, 13, 14, 15;ø5,4x7,7;75740;FALA;Czesci_zamienne_75740.pdf;matched_manifest_prefix;https://drive.google.com/file/d/19AJAphYV9BivM2RUauku2GS5mX5GPDTt/preview;3171
ZUN-000322;Z757402A;PERLATORA ZESPÓŁ;;Części nr 9, 10;ø2,4x1,55;75740;FALA;Czesci_zamienne_75740.pdf;matched_manifest_prefix;https://drive.google.com/file/d/19AJAphYV9BivM2RUauku2GS5mX5GPDTt/preview;3172
ZUN-000350;Z7574201;ZNACZEK CIEPŁA, ZIMNA WODA;;;ø0,9x0,6;75742;FALA;Czesci_zamienne_75742.pdf;matched_manifest;https://drive.google.com/file/d/1SWK2BnSeQ8APCVmk73oIPphY1CZc1V6R/preview;3173
ZUN-000349;Z7574202;ŚRUBA UCHWYTU;;imbus 2,5mm;ø0,5x0,6;75742;FALA;Czesci_zamienne_75742.pdf;matched_manifest;https://drive.google.com/file/d/1SWK2BnSeQ8APCVmk73oIPphY1CZc1V6R/preview;3174
ZUN-000353;Z7574203;UCHWYT;;;3,5x4,7x11,8;75742;FALA;Czesci_zamienne_75742.pdf;matched_manifest;https://drive.google.com/file/d/1SWK2BnSeQ8APCVmk73oIPphY1CZc1V6R/preview;3175
ZUN-000341;Z7574204;NAKRĘTKA DEKORACYJNA MIESZACZA;;;ø3,7x1,1;75742;FALA;Czesci_zamienne_75742.pdf;matched_manifest;https://drive.google.com/file/d/1SWK2BnSeQ8APCVmk73oIPphY1CZc1V6R/preview;3176
ZUN-000336;Z7574205;NAKRĘTKA MIESZACZA;;mosiądz;ø3,7x1,2;75742;FALA;Czesci_zamienne_75742.pdf;matched_manifest;https://drive.google.com/file/d/1SWK2BnSeQ8APCVmk73oIPphY1CZc1V6R/preview;3177
ZUN-000328;Z7574206;MIESZACZ SEDAL;;;ø3,5x6;75742;FALA;Czesci_zamienne_75742.pdf;matched_manifest;https://drive.google.com/file/d/1SWK2BnSeQ8APCVmk73oIPphY1CZc1V6R/preview;3178
ZUN-000351;Z7574209;PRZEŁĄCZNIK;;;ø2,4x6,1;75742;FALA;Czesci_zamienne_75742.pdf;matched_manifest;https://drive.google.com/file/d/1SWK2BnSeQ8APCVmk73oIPphY1CZc1V6R/preview;3180
ZUN-000347;Z7574210;USZCZELKA PERLATORA;;ø15/ø22/2,8mm;ø2,2x0,28;75742;FALA;Czesci_zamienne_75742.pdf;matched_manifest;https://drive.google.com/file/d/1SWK2BnSeQ8APCVmk73oIPphY1CZc1V6R/preview;3181
ZUN-000212;Z7574211;PERLATOR NEOPERL;;;ø2,1x1,42;75742;FALA;Czesci_zamienne_75742.pdf;matched_manifest;https://drive.google.com/file/d/1SWK2BnSeQ8APCVmk73oIPphY1CZc1V6R/preview;3182
ZUN-000324;Z7574212;NAKRĘTKA PERLATORA;;;ø2,4x1,4;75742;FALA;Czesci_zamienne_75742.pdf;matched_manifest;https://drive.google.com/file/d/1SWK2BnSeQ8APCVmk73oIPphY1CZc1V6R/preview;3183
ZUN-000338;Z7574213;NAKRĘTKA PRZYŁACZA;;;1,5x3x3,2;75742;FALA;Czesci_zamienne_75742.pdf;matched_manifest;https://drive.google.com/file/d/1SWK2BnSeQ8APCVmk73oIPphY1CZc1V6R/preview;3184
ZUN-000344;Z7574214;ŚRUBA + USZCZELKA;;Części nr 14, 15;ø2,3x1,6;75742;FALA;Czesci_zamienne_75742.pdf;matched_manifest;https://drive.google.com/file/d/1SWK2BnSeQ8APCVmk73oIPphY1CZc1V6R/preview;3185
ZUN-000346;Z7574216;USZCZELKA;;ø16/ø24/2,6mm;ø2,4x0,3;75742;FALA;Czesci_zamienne_75742.pdf;matched_manifest;https://drive.google.com/file/d/1SWK2BnSeQ8APCVmk73oIPphY1CZc1V6R/preview;3186
ZUN-000332;Z7574217;ROZETA MASKUJĄCA;;srebrna płaska;ø6x2;75742;FALA;Czesci_zamienne_75742.pdf;matched_manifest;https://drive.google.com/file/d/1SWK2BnSeQ8APCVmk73oIPphY1CZc1V6R/preview;3187
ZUN-000334;Z7574218;MIMOŚRÓD KRZYWKA Z TŁUMIKIEM;;Części nr 18, 19;2,6x3x4,5;75742;FALA;Czesci_zamienne_75742.pdf;matched_manifest;https://drive.google.com/file/d/1SWK2BnSeQ8APCVmk73oIPphY1CZc1V6R/preview;3188
ZUN-000323;Z757422A;PERLATORA ZESPÓŁ NEOPERL;;Części nr 11, 12;ø2,4x1,55;75742;FALA;Czesci_zamienne_75742.pdf;matched_manifest_prefix;https://drive.google.com/file/d/1SWK2BnSeQ8APCVmk73oIPphY1CZc1V6R/preview;3189
ZUN-000328;Z7574302;MIESZACZ SEDAL;;;ø3,5x6;75743;FALA;Czesci_zamienne_75743.pdf;matched_manifest;https://drive.google.com/file/d/1pNH5Vxv2qklNhMaIeXI4gpu1i8yJqJ3n/preview;3191
ZUN-000336;Z7574303;NAKRĘTKA MIESZACZA;;mosiądz;ø3,7x1,2;75743;FALA;Czesci_zamienne_75743.pdf;matched_manifest;https://drive.google.com/file/d/1pNH5Vxv2qklNhMaIeXI4gpu1i8yJqJ3n/preview;3192
ZUN-000341;Z7574304;NAKRĘTKA DEKORACYJNA MIESZACZA;;;ø3,7x1,1;75743;FALA;Czesci_zamienne_75743.pdf;matched_manifest;https://drive.google.com/file/d/1pNH5Vxv2qklNhMaIeXI4gpu1i8yJqJ3n/preview;3193
ZUN-000353;Z7574305;UCHWYT;;;3,5x4,7x11,8;75743;FALA;Czesci_zamienne_75743.pdf;matched_manifest;https://drive.google.com/file/d/1pNH5Vxv2qklNhMaIeXI4gpu1i8yJqJ3n/preview;3194
ZUN-000349;Z7574306;ŚRUBA UCHWYTU;;imbus 2,5mm;ø0,5x0,6;75743;FALA;Czesci_zamienne_75743.pdf;matched_manifest;https://drive.google.com/file/d/1pNH5Vxv2qklNhMaIeXI4gpu1i8yJqJ3n/preview;3195
ZUN-000350;Z7574307;ZNACZEK CIEPŁA, ZIMNA WODA;;;ø0,9x0,6;75743;FALA;Czesci_zamienne_75743.pdf;matched_manifest;https://drive.google.com/file/d/1pNH5Vxv2qklNhMaIeXI4gpu1i8yJqJ3n/preview;3196
ZUN-000359;Z7574308;PRZYŁĄCZE WĘŻA;;;ø2,2x2;75743;FALA;Czesci_zamienne_75743.pdf;matched_manifest;https://drive.google.com/file/d/1pNH5Vxv2qklNhMaIeXI4gpu1i8yJqJ3n/preview;3197
ZUN-000345;Z7574309;O-RING;;ø14/ø18/ø2mm;ø1,8x0,2;75743;FALA;Czesci_zamienne_75743.pdf;matched_manifest;https://drive.google.com/file/d/1pNH5Vxv2qklNhMaIeXI4gpu1i8yJqJ3n/preview;3198
ZUN-000338;Z7574310;NAKRĘTKA PRZYŁACZA;;;1,5x3x3,2;75743;FALA;Czesci_zamienne_75743.pdf;matched_manifest;https://drive.google.com/file/d/1pNH5Vxv2qklNhMaIeXI4gpu1i8yJqJ3n/preview;3199
ZUN-000344;Z7574312;ŚRUBA + USZCZELKA;;Części nr 11, 12;ø2,3x1,6;75743;FALA;Czesci_zamienne_75743.pdf;matched_manifest;https://drive.google.com/file/d/1pNH5Vxv2qklNhMaIeXI4gpu1i8yJqJ3n/preview;3200
ZUN-000346;Z7574313;USZCZELKA;;ø16/ø24/2,6mm;ø2,4x0,3;75743;FALA;Czesci_zamienne_75743.pdf;matched_manifest;https://drive.google.com/file/d/1pNH5Vxv2qklNhMaIeXI4gpu1i8yJqJ3n/preview;3201
ZUN-000332;Z7574314;ROZETA MASKUJĄCA;;srebrna płaska;ø6x2;75743;FALA;Czesci_zamienne_75743.pdf;matched_manifest;https://drive.google.com/file/d/1pNH5Vxv2qklNhMaIeXI4gpu1i8yJqJ3n/preview;3202
ZUN-000334;Z7574315;MIMOŚRÓD KRZYWKA Z TŁUMIKIEM;;;2,6x3x4,5;75743;FALA;Czesci_zamienne_75743.pdf;matched_manifest;https://drive.google.com/file/d/1pNH5Vxv2qklNhMaIeXI4gpu1i8yJqJ3n/preview;3203
ZUN-000350;Z7574501;ZNACZEK CIEPŁA, ZIMNA WODA;;;ø0,9x0,6;75745;FALA;Czesci_zamienne_75745.pdf;matched_manifest;https://drive.google.com/file/d/1PCqSj9PR2uGZF7098KAlaR2OeHlN0aR9/preview;3204
ZUN-000349;Z7574502;ŚRUBA UCHWYTU;;imbus 2,5mm;ø0,5x0,6;75745;FALA;Czesci_zamienne_75745.pdf;matched_manifest;https://drive.google.com/file/d/1PCqSj9PR2uGZF7098KAlaR2OeHlN0aR9/preview;3205
ZUN-000354;Z7574503;UCHWYT;;;3,7x4,6x10,7;75745;FALA;Czesci_zamienne_75745.pdf;matched_manifest;https://drive.google.com/file/d/1PCqSj9PR2uGZF7098KAlaR2OeHlN0aR9/preview;3206
ZUN-000341;Z7574504;NAKRĘTKA DEKORACYJNA MIESZACZA;;;ø3,7x1,1;75745;FALA;Czesci_zamienne_75745.pdf;matched_manifest;https://drive.google.com/file/d/1PCqSj9PR2uGZF7098KAlaR2OeHlN0aR9/preview;3207
ZUN-000336;Z7574505;NAKRĘTKA MIESZACZA;;mosiądz;ø3,7x1,2;75745;FALA;Czesci_zamienne_75745.pdf;matched_manifest;https://drive.google.com/file/d/1PCqSj9PR2uGZF7098KAlaR2OeHlN0aR9/preview;3208
ZUN-000328;Z7574506;MIESZACZ SEDAL;;;ø3,5x6;75745;FALA;Czesci_zamienne_75745.pdf;matched_manifest;https://drive.google.com/file/d/1PCqSj9PR2uGZF7098KAlaR2OeHlN0aR9/preview;3209
ZUN-000347;Z7574508;USZCZELKA PERLATORA;;ø15/ø22/2,8mm;ø2,2x0,28;75745;FALA;Czesci_zamienne_75745.pdf;matched_manifest;https://drive.google.com/file/d/1PCqSj9PR2uGZF7098KAlaR2OeHlN0aR9/preview;3210
ZUN-000320;Z7574509;PERLATOR NEOPERL;;;ø2,1x1,55;75745;FALA;Czesci_zamienne_75745.pdf;matched_manifest;https://drive.google.com/file/d/1PCqSj9PR2uGZF7098KAlaR2OeHlN0aR9/preview;3211
ZUN-000324;Z7574510;NAKRĘTKA PERLATORA;;;ø2,4x1,4;75745;FALA;Czesci_zamienne_75745.pdf;matched_manifest;https://drive.google.com/file/d/1PCqSj9PR2uGZF7098KAlaR2OeHlN0aR9/preview;3212
ZUN-000537;Z7574511;O-RING;;ø34/ø40/ø3mm;ø4,0x0,3;75745;FALA;Czesci_zamienne_75745.pdf;matched_manifest;https://drive.google.com/file/d/1PCqSj9PR2uGZF7098KAlaR2OeHlN0aR9/preview;3213
ZUN-000352;Z757451A;ZESTAW MONTAŻOWY DO BATERII;;Części nr 11, 12, 13, 14, 15;ø5,4x7,7;75745;FALA;Czesci_zamienne_75745.pdf;matched_manifest_prefix;https://drive.google.com/file/d/1PCqSj9PR2uGZF7098KAlaR2OeHlN0aR9/preview;3218
ZUN-000322;Z757452A;PERLATORA ZESPÓŁ;;Części nr 9, 10;ø2,4x1,55;75745;FALA;Czesci_zamienne_75745.pdf;matched_manifest_prefix;https://drive.google.com/file/d/1PCqSj9PR2uGZF7098KAlaR2OeHlN0aR9/preview;3219
ZUN-000350;Z7574701;ZNACZEK CIEPŁA, ZIMNA WODA;;;ø0,9x0,6;75747;FALA;Czesci_zamienne_75747.pdf;matched_manifest;https://drive.google.com/file/d/1TteOO7b_10w22N0E_6-3cAKnvdoXmCNO/preview;3220
ZUN-000349;Z7574702;ŚRUBA UCHWYTU;;imbus 2,5mm;ø0,5x0,6;75747;FALA;Czesci_zamienne_75747.pdf;matched_manifest;https://drive.google.com/file/d/1TteOO7b_10w22N0E_6-3cAKnvdoXmCNO/preview;3221
ZUN-000354;Z7574703;UCHWYT;;;3,7x4,6x10,7;75747;FALA;Czesci_zamienne_75747.pdf;matched_manifest;https://drive.google.com/file/d/1TteOO7b_10w22N0E_6-3cAKnvdoXmCNO/preview;3222
ZUN-000341;Z7574704;NAKRĘTKA DEKORACYJNA MIESZACZA;;;ø3,7x1,1;75747;FALA;Czesci_zamienne_75747.pdf;matched_manifest;https://drive.google.com/file/d/1TteOO7b_10w22N0E_6-3cAKnvdoXmCNO/preview;3223
ZUN-000336;Z7574705;NAKRĘTKA MIESZACZA;;mosiądz;ø3,7x1,2;75747;FALA;Czesci_zamienne_75747.pdf;matched_manifest;https://drive.google.com/file/d/1TteOO7b_10w22N0E_6-3cAKnvdoXmCNO/preview;3224
ZUN-000328;Z7574706;MIESZACZ SEDAL;;;ø3,5x6;75747;FALA;Czesci_zamienne_75747.pdf;matched_manifest;https://drive.google.com/file/d/1TteOO7b_10w22N0E_6-3cAKnvdoXmCNO/preview;3225
ZUN-000351;Z7574710;PRZEŁĄCZNIK;;;ø2,4x6,1;75747;FALA;Czesci_zamienne_75747.pdf;matched_manifest;https://drive.google.com/file/d/1TteOO7b_10w22N0E_6-3cAKnvdoXmCNO/preview;3227
ZUN-000347;Z7574711;USZCZELKA PERLATORA;;ø15/ø22/2,8mm;ø2,2x0,28;75747;FALA;Czesci_zamienne_75747.pdf;matched_manifest;https://drive.google.com/file/d/1TteOO7b_10w22N0E_6-3cAKnvdoXmCNO/preview;3228
ZUN-000212;Z7574712;PERLATOR NEOPERL;;;ø2,1x1,42;75747;FALA;Czesci_zamienne_75747.pdf;matched_manifest;https://drive.google.com/file/d/1TteOO7b_10w22N0E_6-3cAKnvdoXmCNO/preview;3229
ZUN-000324;Z7574713;NAKRĘTKA PERLATORA;;;ø2,4x1,4;75747;FALA;Czesci_zamienne_75747.pdf;matched_manifest;https://drive.google.com/file/d/1TteOO7b_10w22N0E_6-3cAKnvdoXmCNO/preview;3230
ZUN-000338;Z7574714;NAKRĘTKA PRZYŁACZA;;;1,5x3x3,2;75747;FALA;Czesci_zamienne_75747.pdf;matched_manifest;https://drive.google.com/file/d/1TteOO7b_10w22N0E_6-3cAKnvdoXmCNO/preview;3231
ZUN-000345;Z7574715;O-RING;;ø14/ø18/ø2mm;ø21,8x0,2;75747;FALA;Czesci_zamienne_75747.pdf;matched_manifest;https://drive.google.com/file/d/1TteOO7b_10w22N0E_6-3cAKnvdoXmCNO/preview;3232
ZUN-000343;Z7574716;ŚRUBA + USZCZELKA;;;ø2,3x1,1;75747;FALA;Czesci_zamienne_75747.pdf;matched_manifest;https://drive.google.com/file/d/1TteOO7b_10w22N0E_6-3cAKnvdoXmCNO/preview;3233
ZUN-000346;Z7574717;USZCZELKA;;ø16/ø24/2,6mm;ø2,4x0,3;75747;FALA;Czesci_zamienne_75747.pdf;matched_manifest;https://drive.google.com/file/d/1TteOO7b_10w22N0E_6-3cAKnvdoXmCNO/preview;3234
ZUN-000332;Z7574718;ROZETA MASKUJĄCA;;srebrna płaska;ø6x2;75747;FALA;Czesci_zamienne_75747.pdf;matched_manifest;https://drive.google.com/file/d/1TteOO7b_10w22N0E_6-3cAKnvdoXmCNO/preview;3235
ZUN-000334;Z7574719;MIMOŚRÓD KRZYWKA Z TŁUMIKIEM;;Części nr 19, 20;2,6x3x4,5;75747;FALA;Czesci_zamienne_75747.pdf;matched_manifest;https://drive.google.com/file/d/1TteOO7b_10w22N0E_6-3cAKnvdoXmCNO/preview;3236
ZUN-000323;Z757472A;PERLATORA ZESPÓŁ;;Części nr 12, 13;ø2,4x1,55;75747;FALA;Czesci_zamienne_75747.pdf;matched_manifest_prefix;https://drive.google.com/file/d/1TteOO7b_10w22N0E_6-3cAKnvdoXmCNO/preview;3237
ZUN-000328;Z7574802;MIESZACZ SEDAL;;;ø3,5x6;75748;FALA;Czesci_zamienne_75748.pdf;matched_manifest;https://drive.google.com/file/d/1NSag2JaycT4tP0bzVrHJmzlgwRtu6s42/preview;3238
ZUN-000336;Z7574803;NAKRĘTKA MIESZACZA;;mosiądz;ø3,7x1,2;75748;FALA;Czesci_zamienne_75748.pdf;matched_manifest;https://drive.google.com/file/d/1NSag2JaycT4tP0bzVrHJmzlgwRtu6s42/preview;3239
ZUN-000341;Z7574804;NAKRĘTKA DEKORACYJNA MIESZACZA;;;ø3,7x1,1;75748;FALA;Czesci_zamienne_75748.pdf;matched_manifest;https://drive.google.com/file/d/1NSag2JaycT4tP0bzVrHJmzlgwRtu6s42/preview;3240
ZUN-000354;Z7574805;UCHWYT;;;3,5x4,7x11,8;75748;FALA;Czesci_zamienne_75748.pdf;matched_manifest;https://drive.google.com/file/d/1NSag2JaycT4tP0bzVrHJmzlgwRtu6s42/preview;3241
ZUN-000349;Z7574806;ŚRUBA UCHWYTU;;imbus 2,5mm;ø0,5x0,6;75748;FALA;Czesci_zamienne_75748.pdf;matched_manifest;https://drive.google.com/file/d/1NSag2JaycT4tP0bzVrHJmzlgwRtu6s42/preview;3242
ZUN-000350;Z7574807;ZNACZEK CIEPŁA, ZIMNA WODA;;;ø0,9x0,6;75748;FALA;Czesci_zamienne_75748.pdf;matched_manifest;https://drive.google.com/file/d/1NSag2JaycT4tP0bzVrHJmzlgwRtu6s42/preview;3243
ZUN-000345;Z7574808;O-RING;;ø14/ø18/ø2mm;ø1,8x0,2;75748;FALA;Czesci_zamienne_75748.pdf;matched_manifest;https://drive.google.com/file/d/1NSag2JaycT4tP0bzVrHJmzlgwRtu6s42/preview;3244
ZUN-000359;Z7574809;PRZYŁĄCZE WĘŻA;;;ø2,2x2;75748;FALA;Czesci_zamienne_75748.pdf;matched_manifest;https://drive.google.com/file/d/1NSag2JaycT4tP0bzVrHJmzlgwRtu6s42/preview;3245
ZUN-000338;Z7574810;NAKRĘTKA PRZYŁACZA;;;1,5x3x3,2;75748;FALA;Czesci_zamienne_75748.pdf;matched_manifest;https://drive.google.com/file/d/1NSag2JaycT4tP0bzVrHJmzlgwRtu6s42/preview;3246
ZUN-000343;Z7574812;ŚRUBA + USZCZELKA;;Części nr 11, 12;ø2,3x1,1;75748;FALA;Czesci_zamienne_75748.pdf;matched_manifest;https://drive.google.com/file/d/1NSag2JaycT4tP0bzVrHJmzlgwRtu6s42/preview;3247
ZUN-000346;Z7574813;USZCZELKA;;ø16/ø24/2,6mm;ø2,4x0,3;75748;FALA;Czesci_zamienne_75748.pdf;matched_manifest;https://drive.google.com/file/d/1NSag2JaycT4tP0bzVrHJmzlgwRtu6s42/preview;3248
ZUN-000332;Z7574814;ROZETA MASKUJĄCA;;srebrna płaska;ø6x2;75748;FALA;Czesci_zamienne_75748.pdf;matched_manifest;https://drive.google.com/file/d/1NSag2JaycT4tP0bzVrHJmzlgwRtu6s42/preview;3249
ZUN-000334;Z7574815;MIMOŚRÓD KRZYWKA Z TŁUMIKIEM;;;2,6x3x4,5;75748;FALA;Czesci_zamienne_75748.pdf;matched_manifest;https://drive.google.com/file/d/1NSag2JaycT4tP0bzVrHJmzlgwRtu6s42/preview;3250
ZUN-000347;Z7574909;USZCZELKA PERLATORA;;ø15/ø22/2,8mm;ø2,2x0,28;75749;FALA;Czesci_zamienne_75749.pdf;matched_manifest;https://drive.google.com/file/d/1c_Tsqg-_kdId9rskUBfCoQ6KZ1z5Zvm4/preview;3254
ZUN-000322;Z7574910;PERLATORA ZESPÓŁ;;;ø2,4x1,55;75749;FALA;Czesci_zamienne_75749.pdf;matched_manifest;https://drive.google.com/file/d/1c_Tsqg-_kdId9rskUBfCoQ6KZ1z5Zvm4/preview;3255
ZUN-000328;Z7574912;MIESZACZ SEDAL;;;ø3,5x6;75749;FALA;Czesci_zamienne_75749.pdf;matched_manifest;https://drive.google.com/file/d/1c_Tsqg-_kdId9rskUBfCoQ6KZ1z5Zvm4/preview;3256
ZUN-000336;Z7574913;NAKRĘTKA MIESZACZA;;mosiądz;ø3,7x1,2;75749;FALA;Czesci_zamienne_75749.pdf;matched_manifest;https://drive.google.com/file/d/1c_Tsqg-_kdId9rskUBfCoQ6KZ1z5Zvm4/preview;3257
ZUN-000341;Z7574914;NAKRĘTKA DEKORACYJNA MIESZACZA;;;ø3,7x1,1;75749;FALA;Czesci_zamienne_75749.pdf;matched_manifest;https://drive.google.com/file/d/1c_Tsqg-_kdId9rskUBfCoQ6KZ1z5Zvm4/preview;3258
ZUN-000354;Z7574915;UCHWYT;;;3,7x4,5x10,4;75749;FALA;Czesci_zamienne_75749.pdf;matched_manifest;https://drive.google.com/file/d/1c_Tsqg-_kdId9rskUBfCoQ6KZ1z5Zvm4/preview;3259
ZUN-000349;Z7574916;ŚRUBA UCHWYTU;;imbus 2,5mm;ø0,5x0,6;75749;FALA;Czesci_zamienne_75749.pdf;matched_manifest;https://drive.google.com/file/d/1c_Tsqg-_kdId9rskUBfCoQ6KZ1z5Zvm4/preview;3260
ZUN-000350;Z7574917;ZNACZEK CIEPŁA, ZIMNA WODA;;;ø0,9x0,6;75749;FALA;Czesci_zamienne_75749.pdf;matched_manifest;https://drive.google.com/file/d/1c_Tsqg-_kdId9rskUBfCoQ6KZ1z5Zvm4/preview;3261
ZUN-000537;Z7574918;O-RING;;ø34/ø40/ø3mm;ø4,0x0,3;75749;FALA;Czesci_zamienne_75749.pdf;matched_manifest;https://drive.google.com/file/d/1c_Tsqg-_kdId9rskUBfCoQ6KZ1z5Zvm4/preview;3262
ZUN-000352;Z757491A;ZESTAW MONTAŻOWY DO BATERII;;Części nr 18, 19, 20, 21, 22;ø5,4x7,7;75749;FALA;Czesci_zamienne_75749.pdf;matched_manifest_prefix;https://drive.google.com/file/d/1c_Tsqg-_kdId9rskUBfCoQ6KZ1z5Zvm4/preview;3264
ZUN-000328;Z7576002;MIESZACZ SEDAL;;;ø3,5x6;75760;FALA;Czesci_zamienne_75760.pdf;matched_manifest;https://drive.google.com/file/d/1COJxn5Uwlee9Qayn-IOVv2Ds-SIgKWXs/preview;3277
ZUN-000336;Z7576003;NAKRĘTKA MIESZACZA;;mosiądz;ø3,7x1,2;75760;FALA;Czesci_zamienne_75760.pdf;matched_manifest;https://drive.google.com/file/d/1COJxn5Uwlee9Qayn-IOVv2Ds-SIgKWXs/preview;3278
ZUN-000341;Z7576004;NAKRĘTKA DEKORACYJNA MIESZACZA;;;ø3,7x1,1;75760;FALA;Czesci_zamienne_75760.pdf;matched_manifest;https://drive.google.com/file/d/1COJxn5Uwlee9Qayn-IOVv2Ds-SIgKWXs/preview;3279
ZUN-000355;Z7576005;UCHWYT;;;4,4x4,4x10,5;75760;FALA;Czesci_zamienne_75760.pdf;matched_manifest;https://drive.google.com/file/d/1COJxn5Uwlee9Qayn-IOVv2Ds-SIgKWXs/preview;3280
ZUN-000349;Z7576006;ŚRUBA UCHWYTU;;imbus 2,5mm;ø0,5x0,6;75760;FALA;Czesci_zamienne_75760.pdf;matched_manifest;https://drive.google.com/file/d/1COJxn5Uwlee9Qayn-IOVv2Ds-SIgKWXs/preview;3281
ZUN-000350;Z7576007;ZNACZEK CIEPŁA, ZIMNA WODA;;;ø0,9x0,6;75760;FALA;Czesci_zamienne_75760.pdf;matched_manifest;https://drive.google.com/file/d/1COJxn5Uwlee9Qayn-IOVv2Ds-SIgKWXs/preview;3282
ZUN-000347;Z7576008;USZCZELKA PERLATORA;;ø15/ø22/2,8mm;ø2,2x0,28;75760;FALA;Czesci_zamienne_75760.pdf;matched_manifest;https://drive.google.com/file/d/1COJxn5Uwlee9Qayn-IOVv2Ds-SIgKWXs/preview;3283
ZUN-000320;Z7576009;PERLATOR NEOPERL;;;ø2,1x1,55;75760;FALA;Czesci_zamienne_75760.pdf;matched_manifest;https://drive.google.com/file/d/1COJxn5Uwlee9Qayn-IOVv2Ds-SIgKWXs/preview;3284
ZUN-000324;Z7576010;NAKRĘTKA PERLATORA;;;ø2,4x1,4;75760;FALA;Czesci_zamienne_75760.pdf;matched_manifest;https://drive.google.com/file/d/1COJxn5Uwlee9Qayn-IOVv2Ds-SIgKWXs/preview;3285
ZUN-000537;Z7576011;O-RING;;ø34/ø40/ø3mm;ø4,0x0,3;75760;FALA;Czesci_zamienne_75760.pdf;matched_manifest;https://drive.google.com/file/d/1COJxn5Uwlee9Qayn-IOVv2Ds-SIgKWXs/preview;3286
ZUN-000352;Z757601A;ZESTAW MONTAŻOWY DO BATERII;;Części nr 11, 12, 13, 14, 15;ø5,4x7,7;75760;FALA;Czesci_zamienne_75760.pdf;matched_manifest_prefix;https://drive.google.com/file/d/1COJxn5Uwlee9Qayn-IOVv2Ds-SIgKWXs/preview;3291
ZUN-000322;Z757602A;PERLATORA ZESPÓŁ;;Części nr 9, 10;ø2,4x1,55;75760;FALA;Czesci_zamienne_75760.pdf;matched_manifest_prefix;https://drive.google.com/file/d/1COJxn5Uwlee9Qayn-IOVv2Ds-SIgKWXs/preview;3292
ZUN-000350;Z7576201;ZNACZEK CIEPŁA, ZIMNA WODA;;;ø0,9x0,6;75762;FALA;Czesci_zamienne_75762.pdf;matched_manifest;https://drive.google.com/file/d/1IuKH3mWRIIZbWJMwnKelNLyOO7K0syD0/preview;3293
ZUN-000349;Z7576202;ŚRUBA UCHWYTU;;imbus 2,5mm;ø0,5x0,6;75762;FALA;Czesci_zamienne_75762.pdf;matched_manifest;https://drive.google.com/file/d/1IuKH3mWRIIZbWJMwnKelNLyOO7K0syD0/preview;3294
ZUN-000355;Z7576203;UCHWYT;;;4,4x4,4x10,5;75762;FALA;Czesci_zamienne_75762.pdf;matched_manifest;https://drive.google.com/file/d/1IuKH3mWRIIZbWJMwnKelNLyOO7K0syD0/preview;3295
ZUN-000341;Z7576204;NAKRĘTKA DEKORACYJNA MIESZACZA;;;ø3,7x1,1;75762;FALA;Czesci_zamienne_75762.pdf;matched_manifest;https://drive.google.com/file/d/1IuKH3mWRIIZbWJMwnKelNLyOO7K0syD0/preview;3296
ZUN-000336;Z7576205;NAKRĘTKA MIESZACZA;;mosiądz;ø3,7x1,2;75762;FALA;Czesci_zamienne_75762.pdf;matched_manifest;https://drive.google.com/file/d/1IuKH3mWRIIZbWJMwnKelNLyOO7K0syD0/preview;3297
ZUN-000328;Z7576206;MIESZACZ SEDAL;;;ø3,5x6;75762;FALA;Czesci_zamienne_75762.pdf;matched_manifest;https://drive.google.com/file/d/1IuKH3mWRIIZbWJMwnKelNLyOO7K0syD0/preview;3298
ZUN-000351;Z7576209;PRZEŁĄCZNIK;;;ø2,4x6,1;75762;FALA;Czesci_zamienne_75762.pdf;matched_manifest;https://drive.google.com/file/d/1IuKH3mWRIIZbWJMwnKelNLyOO7K0syD0/preview;3300
ZUN-000347;Z7576210;USZCZELKA PERLATORA;;ø15/ø22/2,8mm;ø2,2x0,28;75762;FALA;Czesci_zamienne_75762.pdf;matched_manifest;https://drive.google.com/file/d/1IuKH3mWRIIZbWJMwnKelNLyOO7K0syD0/preview;3301
ZUN-000212;Z7576211;PERLATOR NEOPERL;;;ø2,1x1,42;75762;FALA;Czesci_zamienne_75762.pdf;matched_manifest;https://drive.google.com/file/d/1IuKH3mWRIIZbWJMwnKelNLyOO7K0syD0/preview;3302
ZUN-000324;Z7576212;NAKRĘTKA PERLATORA;;;ø2,4x1,4;75762;FALA;Czesci_zamienne_75762.pdf;matched_manifest;https://drive.google.com/file/d/1IuKH3mWRIIZbWJMwnKelNLyOO7K0syD0/preview;3303
ZUN-000338;Z7576213;NAKRĘTKA PRZYŁACZA;;;1,5x3x3,2;75762;FALA;Czesci_zamienne_75762.pdf;matched_manifest;https://drive.google.com/file/d/1IuKH3mWRIIZbWJMwnKelNLyOO7K0syD0/preview;3304
ZUN-000344;Z7576215;ŚRUBA + USZCZELKA;;Części nr 14, 15;ø2,3x1,6;75762;FALA;Czesci_zamienne_75762.pdf;matched_manifest;https://drive.google.com/file/d/1IuKH3mWRIIZbWJMwnKelNLyOO7K0syD0/preview;3305
ZUN-000346;Z7576216;USZCZELKA*2;;ø16/ø24/2,6mm;ø2,4x0,3;75762;FALA;Czesci_zamienne_75762.pdf;matched_manifest;https://drive.google.com/file/d/1IuKH3mWRIIZbWJMwnKelNLyOO7K0syD0/preview;3306
ZUN-000332;Z7576217;ROZETA MASKUJĄCA;;srebrna płaska;ø6x2;75762;FALA;Czesci_zamienne_75762.pdf;matched_manifest;https://drive.google.com/file/d/1IuKH3mWRIIZbWJMwnKelNLyOO7K0syD0/preview;3307
ZUN-000334;Z7576218;MIMOŚRÓD KRZYWKA Z TŁUMIKIEM;;Części nr 18, 19;2,6x3x4,5;75762;FALA;Czesci_zamienne_75762.pdf;matched_manifest;https://drive.google.com/file/d/1IuKH3mWRIIZbWJMwnKelNLyOO7K0syD0/preview;3308
ZUN-000323;Z757622A;PERLATORA ZESPÓŁ;;Części nr 11, 12;ø2,4x1,55;75762;FALA;Czesci_zamienne_75762.pdf;matched_manifest_prefix;https://drive.google.com/file/d/1IuKH3mWRIIZbWJMwnKelNLyOO7K0syD0/preview;3309
ZUN-000350;Z7576301;ZNACZEK CIEPŁA, ZIMNA WODA;;;ø0,9x0,6;75763;FALA;Czesci_zamienne_75763.pdf;matched_manifest;https://drive.google.com/file/d/10CB35QwoybNeaXN8iDurLd2-_YQrVpr-/preview;3310
ZUN-000349;Z7576302;ŚRUBA UCHWYTU;;imbus 2,5mm;ø0,5x0,6;75763;FALA;Czesci_zamienne_75763.pdf;matched_manifest;https://drive.google.com/file/d/10CB35QwoybNeaXN8iDurLd2-_YQrVpr-/preview;3311
ZUN-000341;Z7576304;NAKRĘTKA DEKORACYJNA MIESZACZA;;;ø3,7x1,1;75763;FALA;Czesci_zamienne_75763.pdf;matched_manifest;https://drive.google.com/file/d/10CB35QwoybNeaXN8iDurLd2-_YQrVpr-/preview;3313
ZUN-000336;Z7576305;NAKRĘTKA MIESZACZA;;mosiądz;ø3,7x1,2;75763;FALA;Czesci_zamienne_75763.pdf;matched_manifest;https://drive.google.com/file/d/10CB35QwoybNeaXN8iDurLd2-_YQrVpr-/preview;3314
ZUN-000328;Z7576306;MIESZACZ SEDAL;;;ø3,5x6;75763;FALA;Czesci_zamienne_75763.pdf;matched_manifest;https://drive.google.com/file/d/10CB35QwoybNeaXN8iDurLd2-_YQrVpr-/preview;3315
ZUN-000345;Z7576308;O-RING;;ø14/ø18/ø2mm;ø1,8x0,2;75763;FALA;Czesci_zamienne_75763.pdf;matched_manifest;https://drive.google.com/file/d/10CB35QwoybNeaXN8iDurLd2-_YQrVpr-/preview;3317
ZUN-000359;Z7576309;ZŁĄCZE WĘŻA;;;ø2,2x2;75763;FALA;Czesci_zamienne_75763.pdf;matched_manifest;https://drive.google.com/file/d/10CB35QwoybNeaXN8iDurLd2-_YQrVpr-/preview;3318
ZUN-000338;Z7576310;NAKRĘTKA PRZYŁACZA;;;1,5x3x3,2;75763;FALA;Czesci_zamienne_75763.pdf;matched_manifest;https://drive.google.com/file/d/10CB35QwoybNeaXN8iDurLd2-_YQrVpr-/preview;3319
ZUN-000343;Z7576311;ŚRUBA + USZCZELKA;;Części nr 8, 11;ø2,3x1,1;75763;FALA;Czesci_zamienne_75763.pdf;matched_manifest;https://drive.google.com/file/d/10CB35QwoybNeaXN8iDurLd2-_YQrVpr-/preview;3320
ZUN-000346;Z7576312;USZCZELKA;;ø16/ø24/2,6mm;ø2,4x0,3;75763;FALA;Czesci_zamienne_75763.pdf;matched_manifest;https://drive.google.com/file/d/10CB35QwoybNeaXN8iDurLd2-_YQrVpr-/preview;3321
ZUN-000332;Z7576313;ROZETA MASKUJĄCA;;srebrna płaska;ø6x2;75763;FALA;Czesci_zamienne_75763.pdf;matched_manifest;https://drive.google.com/file/d/10CB35QwoybNeaXN8iDurLd2-_YQrVpr-/preview;3322
ZUN-000334;Z7576314;MIMOŚRÓD KRZYWKA Z TŁUMIKIEM;;Części nr 14, 15;2,6x3x4,5;75763;FALA;Czesci_zamienne_75763.pdf;matched_manifest;https://drive.google.com/file/d/10CB35QwoybNeaXN8iDurLd2-_YQrVpr-/preview;3323
ZUN-000350;Z7576401;ZNACZEK CIEPŁA, ZIMNA WODA;;;ø0,9x0,6;75764;FALA;Czesci_zamienne_75764.pdf;matched_manifest;https://drive.google.com/file/d/1VxQAgl-Mj9LxB-sVesFX8ync3fiaHy8F/preview;3324
ZUN-000349;Z7576402;ŚRUBA UCHWYTU;;imbus 2,5mm;ø0,5x0,6;75764;FALA;Czesci_zamienne_75764.pdf;matched_manifest;https://drive.google.com/file/d/1VxQAgl-Mj9LxB-sVesFX8ync3fiaHy8F/preview;3325
ZUN-000355;Z7576403;UCHWYT;;;4,4x4,4x10,5;75764;FALA;Czesci_zamienne_75764.pdf;matched_manifest;https://drive.google.com/file/d/1VxQAgl-Mj9LxB-sVesFX8ync3fiaHy8F/preview;3326
ZUN-000341;Z7576404;NAKRĘTKA DEKORACYJNA MIESZACZA;;;ø3,7x1,1;75764;FALA;Czesci_zamienne_75764.pdf;matched_manifest;https://drive.google.com/file/d/1VxQAgl-Mj9LxB-sVesFX8ync3fiaHy8F/preview;3327
ZUN-000336;Z7576405;NAKRĘTKA MIESZACZA;;mosiądz;ø3,7x1,2;75764;FALA;Czesci_zamienne_75764.pdf;matched_manifest;https://drive.google.com/file/d/1VxQAgl-Mj9LxB-sVesFX8ync3fiaHy8F/preview;3328
ZUN-000328;Z7576406;MIESZACZ SEDAL;;;ø3,5x6;75764;FALA;Czesci_zamienne_75764.pdf;matched_manifest;https://drive.google.com/file/d/1VxQAgl-Mj9LxB-sVesFX8ync3fiaHy8F/preview;3329
ZUN-000324;Z7576407;NAKRĘTKA PERLATORA;;;ø2,4x1,4;75764;FALA;Czesci_zamienne_75764.pdf;matched_manifest;https://drive.google.com/file/d/1VxQAgl-Mj9LxB-sVesFX8ync3fiaHy8F/preview;3330
ZUN-000320;Z7576408;PERLATOR NEOPERL;;;ø2,1x1,55;75764;FALA;Czesci_zamienne_75764.pdf;matched_manifest;https://drive.google.com/file/d/1VxQAgl-Mj9LxB-sVesFX8ync3fiaHy8F/preview;3331
ZUN-000347;Z7576409;USZCZELKA PERLATORA;;ø15/ø22/2,8mm;ø2,2x0,28;75764;FALA;Czesci_zamienne_75764.pdf;matched_manifest;https://drive.google.com/file/d/1VxQAgl-Mj9LxB-sVesFX8ync3fiaHy8F/preview;3332
ZUN-000360;Z7576411;ZESPÓŁ ŁĄCZNIKA KORPUSU;;Części nr 11, 18;ø2,5x2,8;75764;FALA;Czesci_zamienne_75764.pdf;matched_manifest;https://drive.google.com/file/d/1VxQAgl-Mj9LxB-sVesFX8ync3fiaHy8F/preview;3333
ZUN-000352;Z757641A;ZESTAW MONTAŻOWY DO BATERII;;;ø5,4x7,7;75764;FALA;Czesci_zamienne_75764.pdf;matched_manifest_prefix;https://drive.google.com/file/d/1VxQAgl-Mj9LxB-sVesFX8ync3fiaHy8F/preview;3334
ZUN-000537;Z7576420;O-RING;;ø34/ø40/ø3mm;ø4,0x0,3;75764;FALA;Czesci_zamienne_75764.pdf;matched_manifest;https://drive.google.com/file/d/1VxQAgl-Mj9LxB-sVesFX8ync3fiaHy8F/preview;3335
ZUN-000322;Z757642A;PERLATORA ZESPÓŁ;;Części nr 7, 8;ø2,4x1,55;75764;FALA;Czesci_zamienne_75764.pdf;matched_manifest_prefix;https://drive.google.com/file/d/1VxQAgl-Mj9LxB-sVesFX8ync3fiaHy8F/preview;3340
ZUN-000328;Z7576502;MIESZACZ SEDAL;;;ø3,5x6;75765;FALA;Czesci_zamienne_75765.pdf;matched_manifest;https://drive.google.com/file/d/18dGQA4XoOI6epOO2oVFMMQE8VFLKcx3U/preview;3341
ZUN-000336;Z7576503;NAKRĘTKA MIESZACZA;;mosiądz;ø3,7x1,2;75765;FALA;Czesci_zamienne_75765.pdf;matched_manifest;https://drive.google.com/file/d/18dGQA4XoOI6epOO2oVFMMQE8VFLKcx3U/preview;3342
ZUN-000341;Z7576504;NAKRĘTKA DEKORACYJNA MIESZACZA;;;ø3,7x1,1;75765;FALA;Czesci_zamienne_75765.pdf;matched_manifest;https://drive.google.com/file/d/18dGQA4XoOI6epOO2oVFMMQE8VFLKcx3U/preview;3343
ZUN-000357;Z7576505;UCHWYT;;;3,7x4,6x10;75765;FALA;Czesci_zamienne_75765.pdf;matched_manifest;https://drive.google.com/file/d/18dGQA4XoOI6epOO2oVFMMQE8VFLKcx3U/preview;3344
ZUN-000349;Z7576506;ŚRUBA UCHWYTU;;imbus 2,5mm;ø0,5x0,6;75765;FALA;Czesci_zamienne_75765.pdf;matched_manifest;https://drive.google.com/file/d/18dGQA4XoOI6epOO2oVFMMQE8VFLKcx3U/preview;3345
ZUN-000350;Z7576507;ZNACZEK CIEPŁA, ZIMNA WODA;;;ø0,9x0,6;75765;FALA;Czesci_zamienne_75765.pdf;matched_manifest;https://drive.google.com/file/d/18dGQA4XoOI6epOO2oVFMMQE8VFLKcx3U/preview;3346
ZUN-000324;Z7576508;NAKRĘTKA PERLATORA;;;ø2,4x1,4;75765;FALA;Czesci_zamienne_75765.pdf;matched_manifest;https://drive.google.com/file/d/18dGQA4XoOI6epOO2oVFMMQE8VFLKcx3U/preview;3347
ZUN-000320;Z7576509;PERLATOR NEOPERL;;;ø2,1x1,55;75765;FALA;Czesci_zamienne_75765.pdf;matched_manifest;https://drive.google.com/file/d/18dGQA4XoOI6epOO2oVFMMQE8VFLKcx3U/preview;3348
ZUN-000347;Z7576510;USZCZELKA PERLATORA;;ø15/ø22/2,8mm;ø2,2x0,28;75765;FALA;Czesci_zamienne_75765.pdf;matched_manifest;https://drive.google.com/file/d/18dGQA4XoOI6epOO2oVFMMQE8VFLKcx3U/preview;3349
ZUN-000537;Z7576511;O-RING;;ø34/ø40/ø3mm;ø4,0x0,3;75765;FALA;Czesci_zamienne_75765.pdf;matched_manifest;https://drive.google.com/file/d/18dGQA4XoOI6epOO2oVFMMQE8VFLKcx3U/preview;3350
ZUN-000352;Z757651A;ZESTAW MONTAŻOWY DO BATERII;;Części nr 11, 12, 13, 14, 15;ø5,4x7,7;75765;FALA;Czesci_zamienne_75765.pdf;matched_manifest_prefix;https://drive.google.com/file/d/18dGQA4XoOI6epOO2oVFMMQE8VFLKcx3U/preview;3355
ZUN-000322;Z757652A;PERLATORA ZESPÓŁ;;Części nr 8, 9;ø2,4x1,55;75765;FALA;Czesci_zamienne_75765.pdf;matched_manifest_prefix;https://drive.google.com/file/d/18dGQA4XoOI6epOO2oVFMMQE8VFLKcx3U/preview;3356
ZUN-000328;Z7576702;MIESZACZ SEDAL;;;ø3,5x6;75767;FALA;Czesci_zamienne_75767.pdf;matched_manifest;https://drive.google.com/file/d/1eCJ8tE_Pgxv-dgrS8RnCNXXa4LMDQH69/preview;3357
ZUN-000336;Z7576703;NAKRĘTKA MIESZACZA;;mosiądz;ø3,7x1,2;75767;FALA;Czesci_zamienne_75767.pdf;matched_manifest;https://drive.google.com/file/d/1eCJ8tE_Pgxv-dgrS8RnCNXXa4LMDQH69/preview;3358
ZUN-000341;Z7576704;NAKRĘTKA DEKORACYJNA MIESZACZA;;;ø3,7x1,1;75767;FALA;Czesci_zamienne_75767.pdf;matched_manifest;https://drive.google.com/file/d/1eCJ8tE_Pgxv-dgrS8RnCNXXa4LMDQH69/preview;3359
ZUN-000357;Z7576705;UCHWYT;;;3,7x4,6x10;75767;FALA;Czesci_zamienne_75767.pdf;matched_manifest;https://drive.google.com/file/d/1eCJ8tE_Pgxv-dgrS8RnCNXXa4LMDQH69/preview;3360
ZUN-000349;Z7576706;ŚRUBA UCHWYTU;;imbus 2,5mm;ø0,5x0,6;75767;FALA;Czesci_zamienne_75767.pdf;matched_manifest;https://drive.google.com/file/d/1eCJ8tE_Pgxv-dgrS8RnCNXXa4LMDQH69/preview;3361
ZUN-000350;Z7576707;ZNACZEK CIEPŁA, ZIMNA WODA;;;ø0,9x0,6;75767;FALA;Czesci_zamienne_75767.pdf;matched_manifest;https://drive.google.com/file/d/1eCJ8tE_Pgxv-dgrS8RnCNXXa4LMDQH69/preview;3362
ZUN-000324;Z7576708;NAKRĘTKA PERLATORA;;;ø2,4x1,4;75767;FALA;Czesci_zamienne_75767.pdf;matched_manifest;https://drive.google.com/file/d/1eCJ8tE_Pgxv-dgrS8RnCNXXa4LMDQH69/preview;3363
ZUN-000212;Z7576709;PERLATOR NEOPERL;;;ø2,1x1,42;75767;FALA;Czesci_zamienne_75767.pdf;matched_manifest;https://drive.google.com/file/d/1eCJ8tE_Pgxv-dgrS8RnCNXXa4LMDQH69/preview;3364
ZUN-000347;Z7576710;USZCZELKA PERLATORA;;ø15/ø22/2,8mm;ø2,2x0,28;75767;FALA;Czesci_zamienne_75767.pdf;matched_manifest;https://drive.google.com/file/d/1eCJ8tE_Pgxv-dgrS8RnCNXXa4LMDQH69/preview;3365
ZUN-000359;Z7576711;PRZYŁĄCZE WĘŻA;;;ø2,2x2;75767;FALA;Czesci_zamienne_75767.pdf;matched_manifest;https://drive.google.com/file/d/1eCJ8tE_Pgxv-dgrS8RnCNXXa4LMDQH69/preview;3366
ZUN-000338;Z7576722;NAKRĘTKA PRZYŁACZA;;;1,5x3x3,2;75767;FALA;Czesci_zamienne_75767.pdf;matched_manifest;https://drive.google.com/file/d/1eCJ8tE_Pgxv-dgrS8RnCNXXa4LMDQH69/preview;3368
ZUN-000343;Z7576724;ŚRUBA + USZCZELKA;;Części nr 23, 24;ø2,3x1,1;75767;FALA;Czesci_zamienne_75767.pdf;matched_manifest;https://drive.google.com/file/d/1eCJ8tE_Pgxv-dgrS8RnCNXXa4LMDQH69/preview;3369
ZUN-000346;Z7576725;USZCZELKA;;ø16/ø24/2,6mm;ø2,4x0,3;75767;FALA;Czesci_zamienne_75767.pdf;matched_manifest;https://drive.google.com/file/d/1eCJ8tE_Pgxv-dgrS8RnCNXXa4LMDQH69/preview;3370
ZUN-000332;Z7576726;ROZETA MASKUJĄCA;;srebrna płaska;ø6x2;75767;FALA;Czesci_zamienne_75767.pdf;matched_manifest;https://drive.google.com/file/d/1eCJ8tE_Pgxv-dgrS8RnCNXXa4LMDQH69/preview;3371
ZUN-000334;Z7576727;MIMOŚRÓD KRZYWKA Z TŁUMIKIEM;;;2,6x3x4,5;75767;FALA;Czesci_zamienne_75767.pdf;matched_manifest;https://drive.google.com/file/d/1eCJ8tE_Pgxv-dgrS8RnCNXXa4LMDQH69/preview;3372
ZUN-000323;Z757672A;PERLATORA ZESPÓŁ;;Części nr 8, 9;ø2,4x1,55;75767;FALA;Czesci_zamienne_75767.pdf;matched_manifest_prefix;https://drive.google.com/file/d/1eCJ8tE_Pgxv-dgrS8RnCNXXa4LMDQH69/preview;3373
ZUN-000350;Z7576801;ZNACZEK CIEPŁA, ZIMNA WODA;;;ø0,9x0,6;75768;FALA;Czesci_zamienne_75768.pdf;matched_manifest;https://drive.google.com/file/d/1-tRE3E__lYY63j8jepUi8oJp1toIpgdY/preview;3374
ZUN-000349;Z7576802;ŚRUBA UCHWYTU;;imbus 2,5mm;ø0,5x0,6;75768;FALA;Czesci_zamienne_75768.pdf;matched_manifest;https://drive.google.com/file/d/1-tRE3E__lYY63j8jepUi8oJp1toIpgdY/preview;3375
ZUN-000357;Z7576803;UCHWYT;;;3,7x4,5x10,4;75768;FALA;Czesci_zamienne_75768.pdf;matched_manifest;https://drive.google.com/file/d/1-tRE3E__lYY63j8jepUi8oJp1toIpgdY/preview;3376
ZUN-000341;Z7576804;NAKRĘTKA DEKORACYJNA MIESZACZA;;;ø3,7x1,1;75768;FALA;Czesci_zamienne_75768.pdf;matched_manifest;https://drive.google.com/file/d/1-tRE3E__lYY63j8jepUi8oJp1toIpgdY/preview;3377
ZUN-000336;Z7576805;NAKRĘTKA MIESZACZA;;mosiądz;ø3,7x1,2;75768;FALA;Czesci_zamienne_75768.pdf;matched_manifest;https://drive.google.com/file/d/1-tRE3E__lYY63j8jepUi8oJp1toIpgdY/preview;3378
ZUN-000328;Z7576806;MIESZACZ SEDAL;;;ø3,5x6;75768;FALA;Czesci_zamienne_75768.pdf;matched_manifest;https://drive.google.com/file/d/1-tRE3E__lYY63j8jepUi8oJp1toIpgdY/preview;3379
ZUN-000345;Z7576808;O-RING;;ø14/ø18/ø2mm;ø1,8x0,2;75768;FALA;Czesci_zamienne_75768.pdf;matched_manifest;https://drive.google.com/file/d/1-tRE3E__lYY63j8jepUi8oJp1toIpgdY/preview;3381
ZUN-000359;Z7576809;PRZYŁĄCZE WĘŻA;;;ø2,2x2;75768;FALA;Czesci_zamienne_75768.pdf;matched_manifest;https://drive.google.com/file/d/1-tRE3E__lYY63j8jepUi8oJp1toIpgdY/preview;3382
ZUN-000338;Z7576812;NAKRĘTKA PRZYŁACZA;;;1,5x3x3,2;75768;FALA;Czesci_zamienne_75768.pdf;matched_manifest;https://drive.google.com/file/d/1-tRE3E__lYY63j8jepUi8oJp1toIpgdY/preview;3383
ZUN-000343;Z7576814;ŚRUBA + USZCZELKA;;Części nr 13, 14;ø2,3x1,1;75768;FALA;Czesci_zamienne_75768.pdf;matched_manifest;https://drive.google.com/file/d/1-tRE3E__lYY63j8jepUi8oJp1toIpgdY/preview;3384
ZUN-000346;Z7576815;USZCZELKA;;ø16/ø24/2,6mm;ø2,4x0,3;75768;FALA;Czesci_zamienne_75768.pdf;matched_manifest;https://drive.google.com/file/d/1-tRE3E__lYY63j8jepUi8oJp1toIpgdY/preview;3385
ZUN-000332;Z7576816;ROZETA MASKUJĄCA;;srebrna płaska;ø6x2;75768;FALA;Czesci_zamienne_75768.pdf;matched_manifest;https://drive.google.com/file/d/1-tRE3E__lYY63j8jepUi8oJp1toIpgdY/preview;3386
ZUN-000334;Z7576817;MIMOŚRÓD KRZYWKA Z TŁUMIKIEM;;;2,6x3x4,5;75768;FALA;Czesci_zamienne_75768.pdf;matched_manifest;https://drive.google.com/file/d/1-tRE3E__lYY63j8jepUi8oJp1toIpgdY/preview;3387
ZUN-000328;Z7577002;MIESZACZ SEDAL;;;ø3,5x6;75770;FALA;Czesci_zamienne_75770.pdf;matched_manifest;https://drive.google.com/file/d/1-bfT2cMt5mB5SAopXutiEdyod6RfwOp5/preview;3388
ZUN-000336;Z7577003;NAKRĘTKA MIESZACZA;;mosiądz;ø3,7x1,2;75770;FALA;Czesci_zamienne_75770.pdf;matched_manifest;https://drive.google.com/file/d/1-bfT2cMt5mB5SAopXutiEdyod6RfwOp5/preview;3389
ZUN-000341;Z7577004;NAKRĘTKA DEKORACYJNA MIESZACZA;;;ø3,7x1,1;75770;FALA;Czesci_zamienne_75770.pdf;matched_manifest;https://drive.google.com/file/d/1-bfT2cMt5mB5SAopXutiEdyod6RfwOp5/preview;3390
ZUN-000356;Z7577005;UCHWYT;;;3,5x4,4x10,8;75770;FALA;Czesci_zamienne_75770.pdf;matched_manifest;https://drive.google.com/file/d/1-bfT2cMt5mB5SAopXutiEdyod6RfwOp5/preview;3391
ZUN-000349;Z7577006;ŚRUBA UCHWYTU;;imbus 2,5mm;ø0,5x0,6;75770;FALA;Czesci_zamienne_75770.pdf;matched_manifest;https://drive.google.com/file/d/1-bfT2cMt5mB5SAopXutiEdyod6RfwOp5/preview;3392
ZUN-000350;Z7577007;ZNACZEK CIEPŁA, ZIMNA WODA;;;ø0,9x0,6;75770;FALA;Czesci_zamienne_75770.pdf;matched_manifest;https://drive.google.com/file/d/1-bfT2cMt5mB5SAopXutiEdyod6RfwOp5/preview;3393
ZUN-000347;Z7577008;USZCZELKA PERLATORA;;ø15/ø22/2,8mm;ø2,2x0,28;75770;FALA;Czesci_zamienne_75770.pdf;matched_manifest;https://drive.google.com/file/d/1-bfT2cMt5mB5SAopXutiEdyod6RfwOp5/preview;3394
ZUN-000320;Z7577009;PERLATOR NEOPERL;;;ø2,1x1,55;75770;FALA;Czesci_zamienne_75770.pdf;matched_manifest;https://drive.google.com/file/d/1-bfT2cMt5mB5SAopXutiEdyod6RfwOp5/preview;3395
ZUN-000324;Z7577010;NAKRĘTKA PERLATORA;;;ø2,4x1,4;75770;FALA;Czesci_zamienne_75770.pdf;matched_manifest;https://drive.google.com/file/d/1-bfT2cMt5mB5SAopXutiEdyod6RfwOp5/preview;3396
ZUN-000537;Z7577011;O-RING;;ø34/ø40/ø3mm;ø4,0x0,3;75770;FALA;Czesci_zamienne_75770.pdf;matched_manifest;https://drive.google.com/file/d/1-bfT2cMt5mB5SAopXutiEdyod6RfwOp5/preview;3397
ZUN-000352;Z757701A;ZESTAW MONTAŻOWY DO BATERII;;Części nr 11, 12, 13, 14, 15;ø5,4x7,7;75770;FALA;Czesci_zamienne_75770.pdf;matched_manifest_prefix;https://drive.google.com/file/d/1-bfT2cMt5mB5SAopXutiEdyod6RfwOp5/preview;3402
ZUN-000322;Z757702A;PERLATOR ZESPÓŁ NEOPLEL;;Części nr 9, 10;ø2,4x1,55;75770;FALA;Czesci_zamienne_75770.pdf;matched_manifest_prefix;https://drive.google.com/file/d/1-bfT2cMt5mB5SAopXutiEdyod6RfwOp5/preview;3403
ZUN-000328;Z7577202;MIESZACZ SEDAL;;;ø3,5x6;75772;FALA;Czesci_zamienne_75772.pdf;matched_manifest;https://drive.google.com/file/d/1LidYPtupSaaSRozPBsGA3zCxkhj9caVp/preview;3404
ZUN-000336;Z7577203;NAKRĘTKA MIESZACZA;;mosiądz;ø3,7x1,2;75772;FALA;Czesci_zamienne_75772.pdf;matched_manifest;https://drive.google.com/file/d/1LidYPtupSaaSRozPBsGA3zCxkhj9caVp/preview;3405
ZUN-000341;Z7577204;NAKRĘTKA DEKORACYJNA MIESZACZA;;;ø3,7x1,1;75772;FALA;Czesci_zamienne_75772.pdf;matched_manifest;https://drive.google.com/file/d/1LidYPtupSaaSRozPBsGA3zCxkhj9caVp/preview;3406
ZUN-000356;Z7577205;UCHWYT;;;3,5x4,4x10,8;75772;FALA;Czesci_zamienne_75772.pdf;matched_manifest;https://drive.google.com/file/d/1LidYPtupSaaSRozPBsGA3zCxkhj9caVp/preview;3407
ZUN-000349;Z7577206;ŚRUBA UCHWYTU;;imbus 2,5mm;ø0,5x0,6;75772;FALA;Czesci_zamienne_75772.pdf;matched_manifest;https://drive.google.com/file/d/1LidYPtupSaaSRozPBsGA3zCxkhj9caVp/preview;3408
ZUN-000350;Z7577207;ZNACZEK CIEPŁA, ZIMNA WODA;;;ø0,9x0,6;75772;FALA;Czesci_zamienne_75772.pdf;matched_manifest;https://drive.google.com/file/d/1LidYPtupSaaSRozPBsGA3zCxkhj9caVp/preview;3409
ZUN-000351;Z7577209;PRZEŁĄCZNIK;;;ø2,4x6,1;75772;FALA;Czesci_zamienne_75772.pdf;matched_manifest;https://drive.google.com/file/d/1LidYPtupSaaSRozPBsGA3zCxkhj9caVp/preview;3411
ZUN-000347;Z7577210;USZCZELKA PERLATORA;;ø15/ø22/2,8mm;ø2,2x0,28;75772;FALA;Czesci_zamienne_75772.pdf;matched_manifest;https://drive.google.com/file/d/1LidYPtupSaaSRozPBsGA3zCxkhj9caVp/preview;3412
ZUN-000212;Z7577211;PERLATOR NEOPERL;;;ø2,1x1,42;75772;FALA;Czesci_zamienne_75772.pdf;matched_manifest;https://drive.google.com/file/d/1LidYPtupSaaSRozPBsGA3zCxkhj9caVp/preview;3413
ZUN-000324;Z7577212;NAKRĘTKA PERLATORA;;;ø2,4x1,4;75772;FALA;Czesci_zamienne_75772.pdf;matched_manifest;https://drive.google.com/file/d/1LidYPtupSaaSRozPBsGA3zCxkhj9caVp/preview;3414
ZUN-000338;Z7577213;NAKRĘTKA PRZYŁACZA;;;1,5x3x3,2;75772;FALA;Czesci_zamienne_75772.pdf;matched_manifest;https://drive.google.com/file/d/1LidYPtupSaaSRozPBsGA3zCxkhj9caVp/preview;3415
ZUN-000343;Z7577215;ŚRUBA + USZCZELKA;;Części nr 14, 15;ø2,3x1,1;75772;FALA;Czesci_zamienne_75772.pdf;matched_manifest;https://drive.google.com/file/d/1LidYPtupSaaSRozPBsGA3zCxkhj9caVp/preview;3416
ZUN-000346;Z7577216;USZCZELKA;;ø16/ø24/2,6mm;ø2,4x0,3;75772;FALA;Czesci_zamienne_75772.pdf;matched_manifest;https://drive.google.com/file/d/1LidYPtupSaaSRozPBsGA3zCxkhj9caVp/preview;3417
ZUN-000332;Z7577217;ROZETA MASKUJĄCA;;srebrna płaska;ø6x2;75772;FALA;Czesci_zamienne_75772.pdf;matched_manifest;https://drive.google.com/file/d/1LidYPtupSaaSRozPBsGA3zCxkhj9caVp/preview;3418
ZUN-000334;Z7577218;MIMOŚRÓD KRZYWKA Z TŁUMIKIEM;;;2,6x3x4,5;75772;FALA;Czesci_zamienne_75772.pdf;matched_manifest;https://drive.google.com/file/d/1LidYPtupSaaSRozPBsGA3zCxkhj9caVp/preview;3419
ZUN-000323;Z757722A;PERLATORA ZESPÓŁ;;Części nr 11, 12;ø2,4x1,4;75772;FALA;Czesci_zamienne_75772.pdf;matched_manifest_prefix;https://drive.google.com/file/d/1LidYPtupSaaSRozPBsGA3zCxkhj9caVp/preview;3420
ZUN-000328;Z7577302;MIESZACZ SEDAL;;;ø3,5x6;75773;FALA;Czesci_zamienne_75773.pdf;matched_manifest;https://drive.google.com/file/d/1ibGWGSFK8CoZ4DFj4VX3kgQmgIsV1UV7/preview;3421
ZUN-000336;Z7577303;NAKRĘTKA MIESZACZA;;mosiądz;ø3,7x1,2;75773;FALA;Czesci_zamienne_75773.pdf;matched_manifest;https://drive.google.com/file/d/1ibGWGSFK8CoZ4DFj4VX3kgQmgIsV1UV7/preview;3422
ZUN-000341;Z7577304;NAKRĘTKA DEKORACYJNA MIESZACZA;;;ø3,7x1,1;75773;FALA;Czesci_zamienne_75773.pdf;matched_manifest;https://drive.google.com/file/d/1ibGWGSFK8CoZ4DFj4VX3kgQmgIsV1UV7/preview;3423
ZUN-000356;Z7577305;UCHWYT;;;3,5x4,4x10,8;75773;FALA;Czesci_zamienne_75773.pdf;matched_manifest;https://drive.google.com/file/d/1ibGWGSFK8CoZ4DFj4VX3kgQmgIsV1UV7/preview;3424
ZUN-000349;Z7577306;ŚRUBA UCHWYTU;;imbus 2,5mm;ø0,5x0,6;75773;FALA;Czesci_zamienne_75773.pdf;matched_manifest;https://drive.google.com/file/d/1ibGWGSFK8CoZ4DFj4VX3kgQmgIsV1UV7/preview;3425
ZUN-000350;Z7577307;ZNACZEK CIEPŁA, ZIMNA WODA;;;ø0,9x0,6;75773;FALA;Czesci_zamienne_75773.pdf;matched_manifest;https://drive.google.com/file/d/1ibGWGSFK8CoZ4DFj4VX3kgQmgIsV1UV7/preview;3426
ZUN-000345;Z7577308;O-RING;;ø14/ø18/ø2mm;ø1,8x0,2;75773;FALA;Czesci_zamienne_75773.pdf;matched_manifest;https://drive.google.com/file/d/1ibGWGSFK8CoZ4DFj4VX3kgQmgIsV1UV7/preview;3427
ZUN-000359;Z7577309;PRZYŁĄCZE WĘŻA;;;ø2,2x2;75773;FALA;Czesci_zamienne_75773.pdf;matched_manifest;https://drive.google.com/file/d/1ibGWGSFK8CoZ4DFj4VX3kgQmgIsV1UV7/preview;3428
ZUN-000338;Z7577310;NAKRĘTKA PRZYŁACZA;;;1,5x3x3,2;75773;FALA;Czesci_zamienne_75773.pdf;matched_manifest;https://drive.google.com/file/d/1ibGWGSFK8CoZ4DFj4VX3kgQmgIsV1UV7/preview;3429
ZUN-000343;Z7577312;ŚRUBA + USZCZELKA;;Części nr 11, 12;ø2,3x1,1;75773;FALA;Czesci_zamienne_75773.pdf;matched_manifest;https://drive.google.com/file/d/1ibGWGSFK8CoZ4DFj4VX3kgQmgIsV1UV7/preview;3430
ZUN-000346;Z7577313;USZCZELKA*2;;ø16/ø24/2,6mm;ø2,4x0,3;75773;FALA;Czesci_zamienne_75773.pdf;matched_manifest;https://drive.google.com/file/d/1ibGWGSFK8CoZ4DFj4VX3kgQmgIsV1UV7/preview;3431
ZUN-000332;Z7577314;ROZETA MASKUJĄCA;;srebrna płaska;ø6x2;75773;FALA;Czesci_zamienne_75773.pdf;matched_manifest;https://drive.google.com/file/d/1ibGWGSFK8CoZ4DFj4VX3kgQmgIsV1UV7/preview;3432
ZUN-000334;Z7577315;MIMOŚRÓD KRZYWKA Z TŁUMIKIEM;;;2,6x3x4,5;75773;FALA;Czesci_zamienne_75773.pdf;matched_manifest;https://drive.google.com/file/d/1ibGWGSFK8CoZ4DFj4VX3kgQmgIsV1UV7/preview;3433
ZUN-000350;Z7577401;ZNACZEK CIEPŁA, ZIMNA WODA;;;ø0,9x0,6;75774;FALA;Czesci_zamienne_75774.pdf;matched_manifest;https://drive.google.com/file/d/1aokKE9cAlrGM2K6xIjd32bAb1lzqQkuu/preview;3434
ZUN-000349;Z7577402;ŚRUBA UCHWYTU;;imbus 2,5mm;ø0,5x0,6;75774;FALA;Czesci_zamienne_75774.pdf;matched_manifest;https://drive.google.com/file/d/1aokKE9cAlrGM2K6xIjd32bAb1lzqQkuu/preview;3435
ZUN-000356;Z7577403;UCHWYT;;;3,5x4,4x10,8;75774;FALA;Czesci_zamienne_75774.pdf;matched_manifest;https://drive.google.com/file/d/1aokKE9cAlrGM2K6xIjd32bAb1lzqQkuu/preview;3436
ZUN-000341;Z7577404;NAKRĘTKA DEKORACYJNA MIESZACZA;;;ø3,7x1,1;75774;FALA;Czesci_zamienne_75774.pdf;matched_manifest;https://drive.google.com/file/d/1aokKE9cAlrGM2K6xIjd32bAb1lzqQkuu/preview;3437
ZUN-000336;Z7577405;NAKRĘTKA MIESZACZA;mosiądz;;ø3,7x1,2;75774;FALA;Czesci_zamienne_75774.pdf;matched_manifest;https://drive.google.com/file/d/1aokKE9cAlrGM2K6xIjd32bAb1lzqQkuu/preview;3438
ZUN-000328;Z7577406;MIESZACZ SEDAL;;;ø3,5x6;75774;FALA;Czesci_zamienne_75774.pdf;matched_manifest;https://drive.google.com/file/d/1aokKE9cAlrGM2K6xIjd32bAb1lzqQkuu/preview;3439
ZUN-000324;Z7577407;NAKRĘTKA PERLATORA;;;ø2,4x1,4;75774;FALA;Czesci_zamienne_75774.pdf;matched_manifest;https://drive.google.com/file/d/1aokKE9cAlrGM2K6xIjd32bAb1lzqQkuu/preview;3440
ZUN-000320;Z7577408;PERLATOR NEOPERL;;;ø2,1x1,55;75774;FALA;Czesci_zamienne_75774.pdf;matched_manifest;https://drive.google.com/file/d/1aokKE9cAlrGM2K6xIjd32bAb1lzqQkuu/preview;3441
ZUN-000347;Z7577409;USZCZELKA PERLATORA;;ø15/ø22/2,8mm;ø2,2x0,28;75774;FALA;Czesci_zamienne_75774.pdf;matched_manifest;https://drive.google.com/file/d/1aokKE9cAlrGM2K6xIjd32bAb1lzqQkuu/preview;3442
ZUN-000360;Z7577411;ZESPÓŁ ŁĄCZNIKA KORPUSU;;ø15/ø22/2,8mm;ø2,2x0,28;75774;FALA;Czesci_zamienne_75774.pdf;matched_manifest;https://drive.google.com/file/d/1aokKE9cAlrGM2K6xIjd32bAb1lzqQkuu/preview;3443
ZUN-000537;Z7577419;O-RING;;ø34/ø40/ø3mm;ø4,0x0,3;75774;FALA;Czesci_zamienne_75774.pdf;matched_manifest;https://drive.google.com/file/d/1aokKE9cAlrGM2K6xIjd32bAb1lzqQkuu/preview;3444
ZUN-000352;Z757741A;ZESTAW MONTAŻOWY DO BATERII;;;ø5,4x7,7;75774;FALA;Czesci_zamienne_75774.pdf;matched_manifest_prefix;https://drive.google.com/file/d/1aokKE9cAlrGM2K6xIjd32bAb1lzqQkuu/preview;3445
ZUN-000322;Z757742A;PERLATOR ZESPÓŁ NEOPLEL;;Części nr 7, 8;ø2,4x1,55;75774;FALA;Czesci_zamienne_75774.pdf;matched_manifest_prefix;https://drive.google.com/file/d/1aokKE9cAlrGM2K6xIjd32bAb1lzqQkuu/preview;3450
ZUN-000327;Z75775-05;MIESZACZ;;;;75775;FALA;Czesci_zamienne_75775-75779.pdf;matched_manifest;https://drive.google.com/file/d/1ppviAx10hZvaHzKwXYejW3EwQ3L-bAUP/preview;3451
ZUN-000340;Z75809-10;NAKRĘTKA PRZYŁĄCZA BLACK;;;1,5x2,9x3,1;75809;FALA;Czesci_zamienne_75809.pdf;matched_manifest;https://drive.google.com/file/d/14c4AXslJoON_jTsRjJ0m_B5PigN0KhdA/preview;3494
ZUN-000210;Z75809-14;GŁOWICA CERAMICZNA zimna x2;;;ø2,4x4,9;75809;FALA;Czesci_zamienne_75809.pdf;matched_manifest;https://drive.google.com/file/d/14c4AXslJoON_jTsRjJ0m_B5PigN0KhdA/preview;3498
ZUN-000340;Z75813-09;NAKRĘTKA PRZYŁĄCZA BLACK;;;1,5x2,9x3,1;75813;FALA;Czesci_zamienne_75813.pdf;matched_manifest;https://drive.google.com/file/d/1Ks9Gfvi8YKwGz14f3ldTbhSxhG86F-Be/preview;3504
ZUN-000212;Z75813-10;PERLATOR NEOPERL;;;ø2,1x1,42;75813;FALA;Czesci_zamienne_75813.pdf;matched_manifest;https://drive.google.com/file/d/1Ks9Gfvi8YKwGz14f3ldTbhSxhG86F-Be/preview;3505
ZUN-000331;Z75813-12;MIESZACZ;;;ø4x6,4;75813;FALA;Czesci_zamienne_75813.pdf;matched_manifest;https://drive.google.com/file/d/1Ks9Gfvi8YKwGz14f3ldTbhSxhG86F-Be/preview;3507
ZUN-000212;Z75827-01;PERLATOR NEOPERL;;;ø2,1x1,42;75827;FALA;Czesci_zamienne_75827.pdf;matched_manifest;https://drive.google.com/file/d/1vJv9U7m1xYJloCN0jiS-qaXRI1MAxiLZ/preview;3524
ZUN-000210;Z75827-04;GŁOWICA CERAMICZNA zimna;;;ø2,4x4,9;75827;FALA;Czesci_zamienne_75827.pdf;matched_manifest;https://drive.google.com/file/d/1vJv9U7m1xYJloCN0jiS-qaXRI1MAxiLZ/preview;3526
ZUN-000206;Z75828-01;SŁUCHAWKA PRYSZNICOWA BRONZE;;;4,9x5,1x18,2;75828;FALA;Czesci_zamienne_75828.pdf;matched_manifest;https://drive.google.com/file/d/17fYcu__baVBp8tGHsMVpc43PyAX6orYB/preview;3529
ZUN-000208;Z75828-03;WĄŻ PRYSZNICOWY BRONZE 1,5m;;BRONZE 1,5m;2,8x15x21;75828;FALA;Czesci_zamienne_75828.pdf;matched_manifest;https://drive.google.com/file/d/17fYcu__baVBp8tGHsMVpc43PyAX6orYB/preview;3530
ZUN-000207;Z75828-07;OSŁONA KOLANKA BRONZE;;;ø7x1,9;75828;FALA;Czesci_zamienne_75828.pdf;matched_manifest;https://drive.google.com/file/d/17fYcu__baVBp8tGHsMVpc43PyAX6orYB/preview;3531
ZUN-000209;Z75828-09;NAKRĘTKA PRZYŁĄCZA BRONZE;;;1,5x2,9x3,1;75828;FALA;Czesci_zamienne_75828.pdf;matched_manifest;https://drive.google.com/file/d/17fYcu__baVBp8tGHsMVpc43PyAX6orYB/preview;3532
ZUN-000210;Z75828-14;GŁOWICA CERAMICZNA zimna;;wyższe;ø2,4x5,1;75828;FALA;Czesci_zamienne_75828.pdf;matched_manifest;https://drive.google.com/file/d/17fYcu__baVBp8tGHsMVpc43PyAX6orYB/preview;3536
ZUN-000211;Z75828-14A;GŁOWICA CERAMICZNA ciepła;;wyższe;ø2,4x5,1;75828;FALA;Czesci_zamienne_75828.pdf;matched_manifest;https://drive.google.com/file/d/17fYcu__baVBp8tGHsMVpc43PyAX6orYB/preview;3537
ZUN-000206;Z75829-04;SŁUCHAWKA PRYSZNICOWA BRONZE;;;4,9x5,1x18,2;75829;FALA;Czesci_zamienne_75829.pdf;matched_manifest;https://drive.google.com/file/d/1zmgizZIORzkAnyF5OQt-A8Qy4q_ssegu/preview;3540
ZUN-000207;Z75829-08;OSŁONA KOLANKA BRONZE;;;ø7x1,9;75829;FALA;Czesci_zamienne_75829.pdf;matched_manifest;https://drive.google.com/file/d/1zmgizZIORzkAnyF5OQt-A8Qy4q_ssegu/preview;3541
ZUN-000209;Z75829-10;NAKRĘTKA PRZYŁĄCZA BRONZE;;;1,5x2,9x3,1;75829;FALA;Czesci_zamienne_75829.pdf;matched_manifest;https://drive.google.com/file/d/1zmgizZIORzkAnyF5OQt-A8Qy4q_ssegu/preview;3542
ZUN-000208;Z75829-12;WĄŻ PRYSZNICOWY BRONZE 1,5m;;BRONZE 1,5m;2,8x15x21;75829;FALA;Czesci_zamienne_75829.pdf;matched_manifest;https://drive.google.com/file/d/1zmgizZIORzkAnyF5OQt-A8Qy4q_ssegu/preview;3543
ZUN-000210;Z75829-14;GŁOWICA CERAMICZNA zimna;;;ø2,4x4,9;75829;FALA;Czesci_zamienne_75829.pdf;matched_manifest;https://drive.google.com/file/d/1zmgizZIORzkAnyF5OQt-A8Qy4q_ssegu/preview;3546
ZUN-000212;Z75832-01;PERLATOR NEOPERL;;;ø2,1x1,42;75832;FALA;Czesci_zamienne_75832.pdf;matched_manifest;https://drive.google.com/file/d/1EhYjclxsVdOBFQfUAuf4QreVbt79lbpR/preview;3550
ZUN-000327;Z75832-12;MIESZACZ;;;ø3,5x5,9;75832;FALA;Czesci_zamienne_75832.pdf;matched_manifest;https://drive.google.com/file/d/1EhYjclxsVdOBFQfUAuf4QreVbt79lbpR/preview;3558
ZUN-000212;Z75833-01;PERLATOR NEOPERL;;;ø2,1x1,42;75833;FALA;Czesci_zamienne_75833.pdf;matched_manifest;https://drive.google.com/file/d/1GXJ4X72PTKnpwl7QPo6G05CoVsfpjUSn/preview;3559
ZUN-000327;Z75833-12;MIESZACZ;;;ø3,5x5,9;75833;FALA;Czesci_zamienne_75833.pdf;matched_manifest;https://drive.google.com/file/d/1GXJ4X72PTKnpwl7QPo6G05CoVsfpjUSn/preview;3568
ZUN-000206;Z75838-04;SŁUCHAWKA PRYSZNICOWA BRONZE;;;4,9x5,1x18,2;75838;FALA;Czesci_zamienne_75838.pdf;matched_manifest;https://drive.google.com/file/d/1ZUKNdvyd79bsJVn3FjKH-vyyjv3JHIke/preview;3572
ZUN-000207;Z75838-08;OSŁONA KOLANKA BRONZE;;;ø7x1,9;75838;FALA;Czesci_zamienne_75838.pdf;matched_manifest;https://drive.google.com/file/d/1ZUKNdvyd79bsJVn3FjKH-vyyjv3JHIke/preview;3574
ZUN-000209;Z75838-09;NAKRĘTKA PRZYŁĄCZA BRONZE;;;1,5x2,9x3,1;75838;FALA;Czesci_zamienne_75838.pdf;matched_manifest;https://drive.google.com/file/d/1ZUKNdvyd79bsJVn3FjKH-vyyjv3JHIke/preview;3575
ZUN-000212;Z75838-10;PERLATOR NEOPERL;;;ø2,1x1,42;75838;FALA;Czesci_zamienne_75838.pdf;matched_manifest;https://drive.google.com/file/d/1ZUKNdvyd79bsJVn3FjKH-vyyjv3JHIke/preview;3576
ZUN-000331;Z75838-12;MIESZACZ;;;ø4x6,4;75838;FALA;Czesci_zamienne_75838.pdf;matched_manifest;https://drive.google.com/file/d/1ZUKNdvyd79bsJVn3FjKH-vyyjv3JHIke/preview;3579
ZUN-000208;Z75838-15;WĄŻ PRYSZNICOWY BRONZE 1,5m;;BRONZE 1,5m;2,8x15x21;75838;FALA;Czesci_zamienne_75838.pdf;matched_manifest;https://drive.google.com/file/d/1ZUKNdvyd79bsJVn3FjKH-vyyjv3JHIke/preview;3580
ZUN-000327;Z75884-17;GŁOWICA;;;;75884;FALA;Czesci_zamienne_75884.pdf;matched_manifest;https://drive.google.com/file/d/1C81oi0Ye_V1DPPSgPhRBNmKyxcNmxaZ-/preview;3584
ZUN-000654;Z75944-09;KONDENSATOR 8µF;tworzywo;8µF CBB60 25/70/21 SO 450VAC;ø2,9x5,8;75944;FALA;Czesci_zamienne_75944.pdf;matched_manifest;https://drive.google.com/file/d/1MBhnW6YSFWfDs5kxVdNY8kBf8YuDjQVL/preview;3631
ZUN-000578;Z75950V201;WŁĄCZNIK bistabilny przycisk szary;;RL5 16(6)/250 1E4 RLEIL;ø3,35x4,57;75950;;;candidate_from_index;;3646
ZUN-000578;Z75951-03;WŁĄCZNIK bistabilny przycisk szary;;RL5 16(6)/250 1E4 RLEIL;ø3,35x4,57;75951;FALA;Czesci_zamienne_75951.pdf;matched_manifest;https://drive.google.com/file/d/1FBRE7DNwVfXn0dV2ylpXizpo3DHuQGWi/preview;3656
ZUN-000653;Z75951-32;KONDENSATOR 6µF;tworzywo;6µF CBB60 25/070/21 So 450V;ø3x6;75951;FALA;Czesci_zamienne_75951.pdf;matched_manifest;https://drive.google.com/file/d/1FBRE7DNwVfXn0dV2ylpXizpo3DHuQGWi/preview;3664
ZUN-000276;Z75951-33;KABEL ZASILAJĄCY Z WTYCZKĄ;;;;75951;FALA;Czesci_zamienne_75951.pdf;matched_manifest;https://drive.google.com/file/d/1FBRE7DNwVfXn0dV2ylpXizpo3DHuQGWi/preview;3665
ZUN-000578;Z7595229;WŁĄCZNIK bistabilny przycisk zielony;;RL5 16(6)/250 1E4 RLEIL;ø3,35x4,57;75952;;;candidate_from_index;;3689
ZUN-000447;Z75953-22;KONDENSATOR 12µF;tworzywo;12µF CBB60 25/70/21 C.SO 450V;ø3,2x6,6;75953;FALA;Czesci_zamienne_75953.pdf;matched_manifest;https://drive.google.com/file/d/1TD1S3zhWjDbop0H8r7UzhkTczG4TBLE6/preview;3698
ZUN-000624;Z75953-57;PIERŚCIEŃ USTALAJĄCY;stal;a-11mm/ b-16mm/ c-1mm;0,1x1,4x1,6;75953;FALA;Czesci_zamienne_75953.pdf;matched_manifest;https://drive.google.com/file/d/1TD1S3zhWjDbop0H8r7UzhkTczG4TBLE6/preview;3711
ZUN-000331;Z75978-10B;MIESZACZ;;;ø4x6,4;75978;FALA;Czesci_zamienne_75978.pdf;matched_manifest;https://drive.google.com/file/d/1Esr5ZwQLA-IV_iyq8CJ9y6LLSQZ9IHxa/preview;3718
ZUN-000329;Z75978-10C;MIESZACZ FUNKCJI;;4 pozycje;ø3,6x7,2;75978;FALA;Czesci_zamienne_75978.pdf;matched_manifest;https://drive.google.com/file/d/1Esr5ZwQLA-IV_iyq8CJ9y6LLSQZ9IHxa/preview;3719
ZUN-000362;Z75978-12;ŁĄCZNIK KĄTOWY;;;2,6x3,2x4,6;75978;FALA;Czesci_zamienne_75978.pdf;matched_manifest;https://drive.google.com/file/d/1Esr5ZwQLA-IV_iyq8CJ9y6LLSQZ9IHxa/preview;3720
ZUN-000363;Z75978-13;NAKRĘTKA;;;ø3,6x1;75978;FALA;Czesci_zamienne_75978.pdf;matched_manifest;https://drive.google.com/file/d/1Esr5ZwQLA-IV_iyq8CJ9y6LLSQZ9IHxa/preview;3721
ZUN-000364;Z75978-14;PODKŁADKA gumowa;;ø22/ø40/3mm;ø4x0,3;75978;FALA;Czesci_zamienne_75978.pdf;matched_manifest;https://drive.google.com/file/d/1Esr5ZwQLA-IV_iyq8CJ9y6LLSQZ9IHxa/preview;3722
ZUN-000365;Z75978-21;PRZYŁĄCZE PROSTE;;;2,6x2,9x5,8;75978;FALA;Czesci_zamienne_75978.pdf;matched_manifest;https://drive.google.com/file/d/1Esr5ZwQLA-IV_iyq8CJ9y6LLSQZ9IHxa/preview;3724
ZUN-000366;Z75978-23;USZCZELKA;;ø10/ø29/3mm;ø2,9x0,3;75978;FALA;Czesci_zamienne_75978.pdf;matched_manifest;https://drive.google.com/file/d/1Esr5ZwQLA-IV_iyq8CJ9y6LLSQZ9IHxa/preview;3725
ZUN-000367;Z75978-41;PRZYŁĄCZE TRÓJNIK;;;2,6x3,6x6,1;75978;FALA;Czesci_zamienne_75978.pdf;matched_manifest;https://drive.google.com/file/d/1Esr5ZwQLA-IV_iyq8CJ9y6LLSQZ9IHxa/preview;3728
ZUN-000330;Z75980-10A;MIESZACZ FUNKCJI;;5 pozycji;ø3,8x7,8;75980;FALA;Czesci_zamienne_75980.pdf;matched_manifest;https://drive.google.com/file/d/1F5L52RpXoxuhyIyZfB-SbWcXQZjPw251/preview;3731
ZUN-000331;Z75980-10B;MIESZACZ;;;ø4x6,4;75980;FALA;Czesci_zamienne_75980.pdf;matched_manifest;https://drive.google.com/file/d/1F5L52RpXoxuhyIyZfB-SbWcXQZjPw251/preview;3732
ZUN-000361;Z75980-10C;POKRĘTŁO;;;ø4,9x4,9;75980;FALA;Czesci_zamienne_75980.pdf;matched_manifest;https://drive.google.com/file/d/1F5L52RpXoxuhyIyZfB-SbWcXQZjPw251/preview;3733
ZUN-000362;Z75980-12;PRZYŁĄCZE KĄTOWE;;;2,6x3,6x4,3;75980;FALA;Czesci_zamienne_75980.pdf;matched_manifest;https://drive.google.com/file/d/1F5L52RpXoxuhyIyZfB-SbWcXQZjPw251/preview;3734
ZUN-000364;Z75980-14;PODKŁADKA gumowa;;ø22/ø40/3mm;ø3,8x0,3;75980;FALA;Czesci_zamienne_75980.pdf;matched_manifest;https://drive.google.com/file/d/1F5L52RpXoxuhyIyZfB-SbWcXQZjPw251/preview;3735
ZUN-000365;Z75980-21;PRZYŁĄCZE PROSTE;;;2,6x2,9x5,8;75980;FALA;Czesci_zamienne_75980.pdf;matched_manifest;https://drive.google.com/file/d/1F5L52RpXoxuhyIyZfB-SbWcXQZjPw251/preview;3737
ZUN-000363;Z75980-22;NAKRĘTKA plastik z kołnierzem;;;ø3,6x1;75980;FALA;Czesci_zamienne_75980.pdf;matched_manifest;https://drive.google.com/file/d/1F5L52RpXoxuhyIyZfB-SbWcXQZjPw251/preview;3738
ZUN-000366;Z75980-23;USZCZELKA;;ø10/ø29/3mm;ø1,9x0,2;75980;FALA;Czesci_zamienne_75980.pdf;matched_manifest;https://drive.google.com/file/d/1F5L52RpXoxuhyIyZfB-SbWcXQZjPw251/preview;3739
ZUN-000367;Z75981-08;PRZYŁĄCZE TRÓJNIK;;Z75982-09;2,6x3,6x6,1;75981;FALA;Czesci_zamienne_75981.pdf;matched_manifest;https://drive.google.com/file/d/1u6oTw-alkWrEcsZqOj6o2YDmF95wrDcf/preview;3743
ZUN-000329;Z75981-10A;MIESZACZ FUNKCJI;;4 pozycje;ø3,6x7,2;75981;FALA;Czesci_zamienne_75981.pdf;matched_manifest;https://drive.google.com/file/d/1u6oTw-alkWrEcsZqOj6o2YDmF95wrDcf/preview;3745
ZUN-000331;Z75981-10B;MIESZACZ;;;ø4x6,4;75981;FALA;Czesci_zamienne_75981.pdf;matched_manifest;https://drive.google.com/file/d/1u6oTw-alkWrEcsZqOj6o2YDmF95wrDcf/preview;3746
ZUN-000361;Z75981-10C;POKRĘTŁO;;;ø4,9x4,9;75981;FALA;Czesci_zamienne_75981.pdf;matched_manifest;https://drive.google.com/file/d/1u6oTw-alkWrEcsZqOj6o2YDmF95wrDcf/preview;3747
ZUN-000362;Z75981-11;PRZYŁĄCZE KĄTOWE;;;2,6x3,6x4,3;75981;FALA;Czesci_zamienne_75981.pdf;matched_manifest;https://drive.google.com/file/d/1u6oTw-alkWrEcsZqOj6o2YDmF95wrDcf/preview;3748
ZUN-000365;Z75981-17;PRZYŁĄCZE PROSTE;;;2,6x2,9x5,8;75981;FALA;Czesci_zamienne_75981.pdf;matched_manifest;https://drive.google.com/file/d/1u6oTw-alkWrEcsZqOj6o2YDmF95wrDcf/preview;3752
ZUN-000366;Z75981-19;USZCZELKA;;ø10/ø29/3mm;ø1,9x0,2;75981;FALA;Czesci_zamienne_75981.pdf;matched_manifest;https://drive.google.com/file/d/1u6oTw-alkWrEcsZqOj6o2YDmF95wrDcf/preview;3753
ZUN-000365;Z75982-06;PRZYŁĄCZE PROSTE;;;2,6x2,9x5,8;75982;FALA;Czesci_zamienne_75982.pdf;matched_manifest;https://drive.google.com/file/d/1pHg2aNnZX6tpfhRAHw4vTvHFmxRifYk2/preview;3760
ZUN-000367;Z75982-09;PRZYŁĄCZE TRÓJNIK;;Z75981-08;2,6x3,6x6,1;75982;FALA;Czesci_zamienne_75982.pdf;matched_manifest;https://drive.google.com/file/d/1pHg2aNnZX6tpfhRAHw4vTvHFmxRifYk2/preview;3763
ZUN-000329;Z75982-13A;MIESZACZ FUNKCJI;;4 pozycje;ø3,6x7,4;75982;FALA;Czesci_zamienne_75982.pdf;matched_manifest;https://drive.google.com/file/d/1pHg2aNnZX6tpfhRAHw4vTvHFmxRifYk2/preview;3764
ZUN-000331;Z75982-13B;MIESZACZ;;;ø4x6,4;75982;FALA;Czesci_zamienne_75982.pdf;matched_manifest;https://drive.google.com/file/d/1pHg2aNnZX6tpfhRAHw4vTvHFmxRifYk2/preview;3765
ZUN-000361;Z75982-13C;POKRĘTŁO;;;ø4,9x4,9;75982;FALA;Czesci_zamienne_75982.pdf;matched_manifest;https://drive.google.com/file/d/1pHg2aNnZX6tpfhRAHw4vTvHFmxRifYk2/preview;3766
ZUN-000362;Z75982-15;PRZYŁĄCZE KĄTOWE;;;2,6x3,6x4,7;75982;FALA;Czesci_zamienne_75982.pdf;matched_manifest;https://drive.google.com/file/d/1pHg2aNnZX6tpfhRAHw4vTvHFmxRifYk2/preview;3767
ZUN-000366;Z75982-23;USZCZELKA;;ø10/ø29/3mm;ø1,9x0,2;75982;FALA;Czesci_zamienne_75982.pdf;matched_manifest;https://drive.google.com/file/d/1pHg2aNnZX6tpfhRAHw4vTvHFmxRifYk2/preview;3768
ZUN-000140;Z78081-02;UCHWYT WIERTARSKI samo zacisk;;"10mm(3/8"")";ø4,1x4;78081;STHOR;Czesci_zamienne_78081.pdf;matched_manifest;https://drive.google.com/file/d/1MiuYB5fT9kkMW8Q1mqzFW6aEBzgLANpR/preview;3790
ZUN-000029;Z78091-08;ŁOŻYSKO KULKOWE 6000 2RS;;6000 2RS;ø2,6x0,8;78091;STHOR;Czesci_zamienne_78091.pdf;matched_manifest;https://drive.google.com/file/d/15s0pOzar-fzpsvTPGW3OwAyelBtMyuhS/preview;3811
ZUN-000104;Z78091-10;ŁOŻYSKO IGIEŁKOWE HK0808;;HK0808 ø8/ø12/8mm;ø1,2x0,8;78091;STHOR;Czesci_zamienne_78091.pdf;matched_manifest;https://drive.google.com/file/d/15s0pOzar-fzpsvTPGW3OwAyelBtMyuhS/preview;3813
ZUN-000016;Z78091-20;ŁOŻYSKO KULKOWE 628 2Z;;628 2Z;ø2,4x0,8;78091;STHOR;Czesci_zamienne_78091.pdf;matched_manifest;https://drive.google.com/file/d/15s0pOzar-fzpsvTPGW3OwAyelBtMyuhS/preview;3820
ZUN-000131;Z7810101;ŚRUBA M5 lewy gwint 23mm;stal;M5 lewy gwint 23mm;ø0,8x2,2;78101;;;candidate_from_index;;3829
ZUN-000555;Z7810144;WŁĄCZNIK;;JV08-6B 5E4 5<12A 24V DC JINYUAN MOD;2,35x3,73x6,1;78101;;;candidate_from_index;;3835
ZUN-000294;Z7810150;AKUMULATOR;;12V 1500mAh (78130 sklep);4,5x4,6x7,9;78101;;;candidate_from_index;;3837
ZUN-000131;Z7810501;ŚRUBA M5 lewy gwint 23mm;stal;M5 lewy gwint 23mm;ø0,8x2,2;78105;;;candidate_from_index;;3840
ZUN-000555;Z7810554;WŁĄCZNIK;;JV08-6B 5E4 5<12A 24V DC JINYUAN MOD;2,35x3,73x6,1;78105;;;candidate_from_index;;3847
ZUN-000294;Z7810559;AKUMULATOR;;12V 1500mAh (78130 sklep);4,5x4,6x7,9;78105;;;candidate_from_index;;3848
ZUN-000101;Z78107-29;ŁOŻYSKO IGIEŁKOWE;;;;78107;STHOR;Czesci_zamienne_78107.pdf;matched_manifest;https://drive.google.com/file/d/1cRmu1gT1NeGgD5OV3zoRVW85XUirlKhb/preview;3872
ZUN-000506;Z78107-54;O-RING;;;;78107;STHOR;Czesci_zamienne_78107.pdf;matched_manifest;https://drive.google.com/file/d/1cRmu1gT1NeGgD5OV3zoRVW85XUirlKhb/preview;3886
ZUN-000131;Z7811001;ŚRUBA M5 lewy gwint 23mm;stal;M5 lewy gwint 23mm;ø0,8x2,2;78110;;;candidate_from_index;;3890
ZUN-000140;Z7811002;UCHWYT WIERTARSKI samo zacisk;;"10mm(3/8"")";ø4,1x4;78110;;;candidate_from_index;;3891
ZUN-000555;Z7811054;WŁĄCZNIK;;JV08-6B 5E4 5<12A 24V DC JINYUAN MOD;2,35x3,73x6,1;78110;;;candidate_from_index;;3897
ZUN-000294;Z7811059;AKUMULATOR;;12V 1500mAh (78130 sklep);4,5x4,6x7,9;78110;;;candidate_from_index;;3898
ZUN-000610;Z7811501;PIERŚCIEŃ USTALAJĄCY;stal;a-10,7/b-12,6/c-1mm;ø1,3x0,1;78115;;;candidate_from_index;;3909
ZUN-000253;Z7811505;KULKA STALOWA;;ø3,5mm;ø0,35;78115;;;candidate_from_index;;3913
ZUN-000555;Z7811517;WŁĄCZNIK;;JV08-6B 5E4 5<12A 24V DC JINYUAN MOD;2,35x3,73x6,1;78115;;;candidate_from_index;;3921
ZUN-000294;Z7811523;AKUMULATOR;;12V 1500mAh 78130;4,5x4,6x7,9;78115;;;candidate_from_index;;3923
ZUN-000001;Z7812117;ŁOŻYSKO KULKOWE 606 2Z;;606 2Z;ø1,7x0,6;78121;;;candidate_from_index;;3938
ZUN-000104;Z7812121;ŁOŻYSKO IGIEŁKOWE HK0808;;HK0808 ø8/ø12/8mm;ø1,2x0,8;78121;;;candidate_from_index;;3941
ZUN-000294;Z7812133;AKUMULATOR;;12V 1500mAh 78130;4,5x4,6x7,9;78121;;;candidate_from_index;;3944
ZUN-000064;Z7812306;ŁOŻYSKO KULKOWE 6900 2Z;;6900 2Z;ø2,2x0,6;78123;STHOR;Czesci_zamienne_78123.pdf;matched_manifest;https://drive.google.com/file/d/1aQvsSjLepLI2r_tSNX0TufyUdKzL6dfP/preview;3949
ZUN-000105;Z7812309;ŁOŻYSKO IGIEŁKOWE HK0810;;HK0810 ø8/ø12/10mm;ø1,2x1;78123;STHOR;Czesci_zamienne_78123.pdf;matched_manifest;https://drive.google.com/file/d/1aQvsSjLepLI2r_tSNX0TufyUdKzL6dfP/preview;3952
ZUN-000026;Z7812312;ŁOŻYSKO KULKOWE 698 2Z;;698 2Z;ø1,9x0,6;78123;STHOR;Czesci_zamienne_78123.pdf;matched_manifest;https://drive.google.com/file/d/1aQvsSjLepLI2r_tSNX0TufyUdKzL6dfP/preview;3955
ZUN-000294;Z7812325;AKUMULATOR;;12V 1500mAh 78130;4,5x4,6x7,9;78123;STHOR;Czesci_zamienne_78123.pdf;matched_manifest;https://drive.google.com/file/d/1aQvsSjLepLI2r_tSNX0TufyUdKzL6dfP/preview;3962
ZUN-000023;Z7812705;ŁOŻYSKO KULKOWE 688 2Z;;688 2Z;ø1,6x0,5;78127;;;candidate_from_index;;3975
ZUN-000294;Z7812720;AKUMULATOR;;12V 1500mAh 78130;4,5x4,6x7,9;78127;;;candidate_from_index;;3983
ZUN-000095;Z78137-25;ŁOŻYSKO IGIEŁKOWE;;ø6/ø8,8/13,2mm bez osłon;ø0,8x1,3;78137;STHOR;Czesci_zamienne_78137.pdf;matched_manifest;https://drive.google.com/file/d/1gQ1Gz54kgMYq3GtaRpVmZMLZsU0aQKBx/preview;4000
ZUN-000013;Z78204-24;ŁOŻYSKO KULKOWE 626 2RS;;626 2RS;ø1,9x0,6;78204;STHOR;Czesci_zamienne_78204.pdf;matched_manifest;https://drive.google.com/file/d/1JW85iD8Tt32Htbg26ST2a26cTt5gxZXe/preview;4168
ZUN-000243;Z78204-27;KLIN;;3/3/8mm;;78204;STHOR;Czesci_zamienne_78204.pdf;matched_manifest;https://drive.google.com/file/d/1JW85iD8Tt32Htbg26ST2a26cTt5gxZXe/preview;4171
ZUN-000039;Z78204-30;ŁOŻYSKO KULKOWE 6200 2RS;;6000 2RS;ø3x0,9;78204;STHOR;Czesci_zamienne_78204.pdf;matched_manifest;https://drive.google.com/file/d/1JW85iD8Tt32Htbg26ST2a26cTt5gxZXe/preview;4173
ZUN-000017;Z78204-32;ŁOŻYSKO KULKOWE 629 2RS;;628 2RS;ø2,4x0,8;78204;STHOR;Czesci_zamienne_78204.pdf;matched_manifest;https://drive.google.com/file/d/1JW85iD8Tt32Htbg26ST2a26cTt5gxZXe/preview;4175
ZUN-000644;Z7885202;USZCZELKA OLEJOWA simmering;tworzywo/stal;ø22/ø32/7mm;ø3,2x0,7;78852;;;candidate_from_index;;4206
ZUN-000035;Z7885205;ŁOŻYSKO KULKOWE 6003 2RS;;6003 2RS;ø3,5x1;78852;;;candidate_from_index;;4208
ZUN-000248;Z7885210;KLIN;;;0,5x0,5x1,2;78852;;;candidate_from_index;;4210
ZUN-000108;Z7885211;ŁOŻYSKO IGIEŁKOWE HK1010;;HK1010;ø1,4x1;78852;;;candidate_from_index;;4211
ZUN-000245;Z7885213;KLIN PŁASKI;;;0,4x0,4x0,8;78852;;;candidate_from_index;;4213
ZUN-000005;Z7885221;ŁOŻYSKO KULKOWE 608 2Z;;608 2Z;ø2,2x0,7;78852;;;candidate_from_index;;4219
ZUN-000651;Z7885229;KONDENSATOR 0,33µF;tworzywo;0,33μF K X2 GPF40/085/21/C;0,8x1,7x2,63;78852;;;candidate_from_index;;4223
ZUN-000008;Z7885242;ŁOŻYSKO KULKOWE 609 2RS;;609 2RS;ø2,4x0,7;78852;;;candidate_from_index;;4231
ZUN-000243;Z7885246;KLIN;;3/3/8mm;0,3x0,3x0,8;78852;;;candidate_from_index;;4233
ZUN-000105;Z7885248;ŁOŻYSKO IGIEŁKOWE HK0810;;HK0810 ø8/ø12/10mm;ø1,2x1;78852;;;candidate_from_index;;4235
ZUN-000644;Z7885302;USZCZELKA OLEJOWA simmering;tworzywo/stal;ø22/ø32/7mm;ø3,2x0,7;78853;;;candidate_from_index;;4241
ZUN-000248;Z7885308;KLIN;;;0,5x0,5x1,2;78853;;;candidate_from_index;;4243
ZUN-000008;Z7885342;ŁOŻYSKO KULKOWE 609 2RS;;609 2RS;ø2,4x0,7;78853;;;candidate_from_index;;4260
ZUN-000108;Z7885345;ŁOŻYSKO IGIEŁKOWE HK1010;;HK1010;ø1,4x1;78853;;;candidate_from_index;;4261
ZUN-000245;Z7885347;KLIN PŁASKI;;;0,4x0,4x0,8;78853;;;candidate_from_index;;4263
ZUN-000105;Z7885352;ŁOŻYSKO IGIEŁKOWE HK0810;;HK0810 ø8/ø12/10mm;ø1,2x1;78853;;;candidate_from_index;;4268
ZUN-000005;Z7885407;ŁOŻYSKO KULKOWE 608 2Z;stal;608 2Z;ø2,2x0,7;78854;STHOR;Czesci_zamienne_78854.pdf;matched_manifest;https://drive.google.com/file/d/1VMxFl9-OhSHjecghUHTpu-Ozi1NuaBhR/preview;4271
ZUN-000008;Z7885415;ŁOŻYSKO KULKOWE 609 2RS;stal/tworzywo;609 2RS;ø2,4x0,7;78854;STHOR;Czesci_zamienne_78854.pdf;matched_manifest;https://drive.google.com/file/d/1VMxFl9-OhSHjecghUHTpu-Ozi1NuaBhR/preview;4274
ZUN-000278;Z7885421;KABEL ZASILAJĄCY Z WTYCZKĄ;;2x1,0mm/2m;3,5x5x22;78854;STHOR;Czesci_zamienne_78854.pdf;matched_manifest;https://drive.google.com/file/d/1VMxFl9-OhSHjecghUHTpu-Ozi1NuaBhR/preview;4276
ZUN-000105;Z7885425;ŁOŻYSKO IGIEŁKOWE HK0810;stal;HK0810 ø8/ø12/10mm;ø1,2x1;78854;STHOR;Czesci_zamienne_78854.pdf;matched_manifest;https://drive.google.com/file/d/1VMxFl9-OhSHjecghUHTpu-Ozi1NuaBhR/preview;4280
ZUN-000014;Z7885427;ŁOŻYSKO KULKOWE 627 2Z;stal;627 2Z;ø2,2x0,7;78854;STHOR;Czesci_zamienne_78854.pdf;matched_manifest;https://drive.google.com/file/d/1VMxFl9-OhSHjecghUHTpu-Ozi1NuaBhR/preview;4281
ZUN-000003;Z7885430;ŁOŻYSKO KULKOWE 607 2Z;stal;607 2Z;ø1,9x0,6;78854;STHOR;Czesci_zamienne_78854.pdf;matched_manifest;https://drive.google.com/file/d/1VMxFl9-OhSHjecghUHTpu-Ozi1NuaBhR/preview;4285
ZUN-000033;Z7885433;ŁOŻYSKO KULKOWE 6002 2RS;stal/tworzywo;6002 2RS;ø3,2x0,9;78854;STHOR;Czesci_zamienne_78854.pdf;matched_manifest;https://drive.google.com/file/d/1VMxFl9-OhSHjecghUHTpu-Ozi1NuaBhR/preview;4286
ZUN-000644;Z7885436;USZCZELKA OLEJOWA simmering;tworzywo/stal;ø22/ø32/7mm;ø3,2x0,7;78854;STHOR;Czesci_zamienne_78854.pdf;matched_manifest;https://drive.google.com/file/d/1VMxFl9-OhSHjecghUHTpu-Ozi1NuaBhR/preview;4288
ZUN-000248;Z7885437;KLIN;stal;;0,5x0,5x1,2;78854;STHOR;Czesci_zamienne_78854.pdf;matched_manifest;https://drive.google.com/file/d/1VMxFl9-OhSHjecghUHTpu-Ozi1NuaBhR/preview;4289
ZUN-000270;Z7887006;KABEL ZASILAJĄCY Z WTYCZKĄ;;2x0,75mm/1,8m;3,5x5x25;78870;;;candidate_from_index;;4307
ZUN-000569;Z7887009;WŁĄCZNIK;tworzywo/stal/?;R13 12(8)A 250V;1,5x2,1x2,6;78870;;;candidate_from_index;;4308
ZUN-000272;Z7887108;KABEL ZASILAJĄCY Z WTYCZKĄ;;2x0,75mm/2m H05VV-F;3,5x6x25;78871;;;candidate_from_index;;4315
ZUN-000722;Z78872-20;KOŁO MAŁE;;;3,8x4,9x6,8;78872;;;candidate_from_index;;4335
ZUN-000720;Z78872-25;GNIAZDO WTYKOWE;;;5x5,2x6,2;78872;;;candidate_from_index;;4340
ZUN-000577;Z78872-26;WŁĄCZNIK;;KR-06 250V 16(12)A T85 1E4 GAOTIAN;3,18x4,56x5,54;78872;;;candidate_from_index;;4341
ZUN-000276;Z78872-27;KABEL ZASILAJĄCY Z WTYCZKĄ;;2x0,75mm/4,7m;3,5x8,5x28;78872;;;candidate_from_index;;4342
ZUN-000723;Z78872-32;SSAWKA SZCZELINOWA;;;ø3,6x20,5;78872;;;candidate_from_index;;4347
ZUN-000724;Z78872-33;SSAWKA MAŁA;;;3,6x9,1x12;78872;;;candidate_from_index;;4348
ZUN-000272;Z7887304;KABEL ZASILAJĄCY Z WTYCZKĄ;;2x0,75mm/2m H05VV-F;3,5x6x25;78873;;;candidate_from_index;;4349
ZUN-000577;Z78874-03;WŁĄCZNIK;;KR-06 250V 16(12)A T85 1E4 GAOTIAN;3,18x4,56x5,54;78874;;;candidate_from_index;;4371
ZUN-000276;Z78874-11;KABEL ZASILAJĄCY Z WTYCZKĄ;;2x0,75mm/4,7m;3,5x8,5x28;78874;;;candidate_from_index;;4374
ZUN-000723;Z78874-39;SSAWKA SZCZELINOWA MAŁA;;;ø3,6x20,5;78874;;;candidate_from_index;;4391
ZUN-000724;Z78874-42;SSAWKA MAŁA;;;3,6x9,1x12;78874;;;candidate_from_index;;4394
ZUN-000302;Z7891119A;ADAPTER Ø 20mm;;;ø2,6x2,3;78911;STHOR;Czesci_zamienne_78911.pdf;matched_manifest_prefix;https://drive.google.com/file/d/1mBZWY0PNlmOl8PypSUQLhsGPufLN0BCo/preview;4426
ZUN-000303;Z7891119B;ADAPTER Ø 25mm;;;ø3x2,3;78911;STHOR;Czesci_zamienne_78911.pdf;matched_manifest_prefix;https://drive.google.com/file/d/1mBZWY0PNlmOl8PypSUQLhsGPufLN0BCo/preview;4427
ZUN-000304;Z7891119C;ADAPTER Ø 32mm;;;ø3,8x2,5;78911;STHOR;Czesci_zamienne_78911.pdf;matched_manifest_prefix;https://drive.google.com/file/d/1mBZWY0PNlmOl8PypSUQLhsGPufLN0BCo/preview;4428
ZUN-000305;Z7891119D;ADAPTER Ø 40mm;;;ø4,8x2,9;78911;STHOR;Czesci_zamienne_78911.pdf;matched_manifest_prefix;https://drive.google.com/file/d/1mBZWY0PNlmOl8PypSUQLhsGPufLN0BCo/preview;4429
ZUN-000306;Z7891119E;ADAPTER Ø 50mm;;;ø5,7x3,1;78911;STHOR;Czesci_zamienne_78911.pdf;matched_manifest_prefix;https://drive.google.com/file/d/1mBZWY0PNlmOl8PypSUQLhsGPufLN0BCo/preview;4430
ZUN-000307;Z7891119F;ADAPTER Ø 63mm;;;ø7,1x3,6;78911;STHOR;Czesci_zamienne_78911.pdf;matched_manifest_prefix;https://drive.google.com/file/d/1mBZWY0PNlmOl8PypSUQLhsGPufLN0BCo/preview;4431
ZUN-000302;Z7891219A;ADAPTER Ø 20mm;;;ø2,6x2,3;78912;;;candidate_from_index;;4439
ZUN-000303;Z7891219B;ADAPTER Ø 25mm;;;ø3x2,3;78912;;;candidate_from_index;;4440
ZUN-000304;Z7891219C;ADAPTER Ø 32mm;;;ø3,8x2,5;78912;;;candidate_from_index;;4441
ZUN-000305;Z7891219D;ADAPTER Ø 40mm;;;ø4,8x2,9;78912;;;candidate_from_index;;4442
ZUN-000306;Z7891219E;ADAPTER Ø 50mm;;;ø5,7x3,1;78912;;;candidate_from_index;;4443
ZUN-000307;Z7891219F;ADAPTER Ø 63mm;;;ø7,1x3,6;78912;;;candidate_from_index;;4444
ZUN-000241;Z7894504;KLIN CZÓŁENKOWY;;;0,3x0,4x0,9;78945;;;candidate_from_index;;4447
ZUN-000041;Z7894509;ŁOŻYSKO KULKOWE 6201 2RS;;6201 2RS;ø3,2x1;78945;;;candidate_from_index;;4449
ZUN-000105;Z7894515;ŁOŻYSKO IGIEŁKOWE HK0810;;HK0810 ø8/ø12/10mm;ø1,2x1;78945;;;candidate_from_index;;4452
ZUN-000005;Z7894531;ŁOŻYSKO KULKOWE 608 2Z;;608 2Z;ø2,2x0,7;78945;;;candidate_from_index;;4461
ZUN-000031;Z7894809;ŁOŻYSKO KULKOWE 6001 2RS;;6001 2RS;ø2,8x0,8;78948;;;candidate_from_index;;4477
ZUN-000006;Z7894815;ŁOŻYSKO KULKOWE 608 2RS;;608 2RS;ø2,2x0,7;78948;;;candidate_from_index;;4480
ZUN-000276;Z7894831;KABEL ZASILAJĄCY Z WTYCZKĄ;;2x0,75mm/4,7m;3,5x8,5x28;78948;;;candidate_from_index;;4489
ZUN-000105;Z7894832;ŁOŻYSKO IGIEŁKOWE HK0810;;HK0810 ø8/ø12/10mm;ø1,2x1;78948;;;candidate_from_index;;4490
ZUN-000041;Z7894836;ŁOŻYSKO KULKOWE 6201 2RS;;6201 2RS;ø3,2x1;78948;;;candidate_from_index;;4492
ZUN-000247;Z7894841;KLIN CZÓŁENKOWY;;;0,4x0,5x1,2;78948;;;candidate_from_index;;4495
ZUN-000241;Z7895003;KLIN CZÓŁENKOWY;;;0,3x0,4x0,9;78950;;;candidate_from_index;;4498
ZUN-000042;Z7895007;ŁOŻYSKO KULKOWE 6202 2Z;;6202 2Z;ø3,5x1,1;78950;;;candidate_from_index;;4500
ZUN-000110;Z7895012;ŁOŻYSKO IGIEŁKOWE HK101610;;HK101610 ø10/ø16/10mm;ø1,6x1;78950;;;candidate_from_index;;4502
ZUN-000041;Z7895022;ŁOŻYSKO KULKOWE 6201 2RS;;6201 2RS;ø3,2x1;78950;;;candidate_from_index;;4505
ZUN-000005;Z7895027;ŁOŻYSKO KULKOWE 608 2Z;;608 2Z;ø2,2x0,7;78950;;;candidate_from_index;;4507
ZUN-000559;Z7895044;WŁĄCZNIK blokada przed włączeniem;;FA7-10/2 10(10)A 250V 5E4 JIABEN;3,18x4,46x5,39;78950;;;candidate_from_index;;4515
ZUN-000610;Z7896001;PIERŚCIEŃ USTALAJĄCY drut;stal;a-10,7/b-12,6/c-1mm;ø1,3x0,1;78960;;;candidate_from_index;;4518
ZUN-000253;Z7896005;KULKA STALOWA;;ø3,5mm;ø0,35;78960;;;candidate_from_index;;4521
ZUN-000254;Z7896010;KULKA STALOWA;;ø4mm;ø0,4;78960;;;candidate_from_index;;4526
ZUN-000066;Z7896015;ŁOŻYSKO KULKOWE 6901 2Z;;6901 2Z;ø2,4x0,6;78960;;;candidate_from_index;;4531
ZUN-000177;Z7896032;WŁĄCZNIK;;FA05-16/1 WEK 16A 5E4 RongDa //FA05-16/1 WEK 16A 5E4 Hao Qiang// FA021A-56 7.2-24V Jlevel;2,2x3,62x6,05;78960;;;candidate_from_index;;4544
ZUN-000176;Z7896114;PRZYCISK ZMIANY KIERUNKU OBROTÓW;;;0,6x1,7x3,9;78961;;;candidate_from_index;;4549
ZUN-000132;Z7897001;ŚRUBA M5 lewy gwint 25mm;;M5 lewy gwint 25mm;ø0,9x2,4;78970;STHOR;Czesci_zamienne_78970.pdf;matched_manifest;https://drive.google.com/file/d/16jW75hRrDuiDETcOCE_ZHjonWJmssZnp/preview;4607
ZUN-000177;Z7897009;WŁĄCZNIK;;FA05-16/1 WEK 16A 5E4 RongDa //FA05-16/1 WEK 16A 5E4 Hao Qiang// FA021A-56 7.2-24V Jlevel;2,2x3,62x6,05;78970;STHOR;Czesci_zamienne_78970.pdf;matched_manifest;https://drive.google.com/file/d/16jW75hRrDuiDETcOCE_ZHjonWJmssZnp/preview;4614
ZUN-000141;Z7897101;UCHWYT WIERTARSKI samo zacisk;;"0,8-10mm 3/8""-24UNF";ø4,1x5,4;78971;;;candidate_from_index;;4619
ZUN-000177;Z7897111;WŁĄCZNIK;;FA05-16/1 WEK 16A 5E4 RongDa //FA05-16/1 WEK 16A 5E4 Hao Qiang// FA021A-56 7.2-24V Jlevel;2,2x3,62x6,05;78971;;;candidate_from_index;;4623
ZUN-000140;Z7897202;UCHWYT WIERTARSKI samo zacisk;;"10mm(3/8"")";ø4,1x4;78972;STHOR;Czesci_zamienne_78972.pdf;matched_manifest;https://drive.google.com/file/d/1DmAmFTtW3X-7gc7NwFo9C29wdfV7wwj4/preview;4627
ZUN-000173;Z7897239;OBUDOWA PRAWA I LEWA;tworzywo;;6,4x11x18;78972;STHOR;Czesci_zamienne_78972.pdf;matched_manifest;https://drive.google.com/file/d/1DmAmFTtW3X-7gc7NwFo9C29wdfV7wwj4/preview;4631
ZUN-000176;Z7897241;PRZYCISK ZMIANY KIERUNKU OBROTÓW;;;0,6x1,7x3,9;78972;STHOR;Czesci_zamienne_78972.pdf;matched_manifest;https://drive.google.com/file/d/1DmAmFTtW3X-7gc7NwFo9C29wdfV7wwj4/preview;4632
ZUN-000177;Z7897242;WŁĄCZNIK;;FA05-16/1 WEK 16A 5E4 RongDa //FA05-16/1 WEK 16A 5E4 Hao Qiang// FA021A-56 7.2-24V Jlevel;2,2x3,62x6,05;78972;STHOR;Czesci_zamienne_78972.pdf;matched_manifest;https://drive.google.com/file/d/1DmAmFTtW3X-7gc7NwFo9C29wdfV7wwj4/preview;4633
ZUN-000172;Z7897246;ZASILACZ CIENKI BOLEC;;21V 15W 400mA YYYD-S09V2150400Y bolec ø2/ø6,6mm;3,8x6,5x7,5;78972;STHOR;Czesci_zamienne_78972.pdf;matched_manifest;https://drive.google.com/file/d/1DmAmFTtW3X-7gc7NwFo9C29wdfV7wwj4/preview;4634
ZUN-000369;Z7897246;ZASILACZ GRUBY BOLEC;;21V 15W 400mA;3,8x6,5x7,5;78972;STHOR;Czesci_zamienne_78972.pdf;matched_manifest;https://drive.google.com/file/d/1DmAmFTtW3X-7gc7NwFo9C29wdfV7wwj4/preview;4635
ZUN-000180;Z7897247;AKUMULATOR CIENKI BOLEC;;18V 1300mAh Li-jon 78987 bolec ø6mm;4,3x7,3x11;78972;STHOR;Czesci_zamienne_78972.pdf;matched_manifest;https://drive.google.com/file/d/1DmAmFTtW3X-7gc7NwFo9C29wdfV7wwj4/preview;4636
ZUN-000368;Z7897247;AKUMULATOR GRUBY BOLEC;;;4,3x7,3x11;78972;STHOR;Czesci_zamienne_78972.pdf;matched_manifest;https://drive.google.com/file/d/1DmAmFTtW3X-7gc7NwFo9C29wdfV7wwj4/preview;4637
ZUN-000141;Z7897301;UCHWYT WIERTARSKI samo zacisk;;"0,8-10mm 3/8""-24UNF";ø4,1x5,4;78973;;;candidate_from_index;;4638
ZUN-000177;Z7897311;WŁĄCZNIK;;FA05-16/1 WEK 16A 5E4 RongDa //FA05-16/1 WEK 16A 5E4 Hao Qiang// FA021A-56 7.2-24V Jlevel;2,2x3,62x6,05;78973;;;candidate_from_index;;4642
ZUN-000140;Z7897402;UCHWYT WIERTARSKI samo zacisk;;"10mm(3/8"")";ø4,1x4;78974;STHOR;Czesci_zamienne_78974.pdf;matched_manifest;https://drive.google.com/file/d/1Se_MNpqSXfsNlTKixcv5nEWHcEfo6q5g/preview;4646
ZUN-000173;Z7897449;OBUDOWA PRAWA I LEWA;tworzywo;;6,4x11x18;78974;STHOR;Czesci_zamienne_78974.pdf;matched_manifest;https://drive.google.com/file/d/1Se_MNpqSXfsNlTKixcv5nEWHcEfo6q5g/preview;4651
ZUN-000176;Z7897454;PRZYCISK ZMIANY KIERUNKU OBROTÓW;;;0,6x1,7x3,9;78974;STHOR;Czesci_zamienne_78974.pdf;matched_manifest;https://drive.google.com/file/d/1Se_MNpqSXfsNlTKixcv5nEWHcEfo6q5g/preview;4652
ZUN-000177;Z7897455;WŁĄCZNIK;;FA05-16/1 WEK 16A 5E4 RongDa //FA05-16/1 WEK 16A 5E4 Hao Qiang// FA021A-56 7.2-24V Jlevel;2,2x3,62x6,05;78974;STHOR;Czesci_zamienne_78974.pdf;matched_manifest;https://drive.google.com/file/d/1Se_MNpqSXfsNlTKixcv5nEWHcEfo6q5g/preview;4653
ZUN-000172;Z7897456;ZASILACZ CIENKI BOLEC;;21V 15W 400mA YYYD-S09V2150400Y bolec ø2/ø6,6mm;3,8x6,5x7,5;78974;STHOR;Czesci_zamienne_78974.pdf;matched_manifest;https://drive.google.com/file/d/1Se_MNpqSXfsNlTKixcv5nEWHcEfo6q5g/preview;4654
ZUN-000369;Z7897456;ZASILACZ GRUBY BOLEC;;21V 15W 400mA;3,8x6,5x7,5;78974;STHOR;Czesci_zamienne_78974.pdf;matched_manifest;https://drive.google.com/file/d/1Se_MNpqSXfsNlTKixcv5nEWHcEfo6q5g/preview;4655
ZUN-000180;Z7897457;AKUMULATOR CIENKI BOLEC;;18V 1300mAh Li-jon 78987 bolec ø6mm;4,3x7,3x11;78974;STHOR;Czesci_zamienne_78974.pdf;matched_manifest;https://drive.google.com/file/d/1Se_MNpqSXfsNlTKixcv5nEWHcEfo6q5g/preview;4656
ZUN-000368;Z7897457;AKUMULATOR GRUBY BOLEC;;;4,3x7,3x11;78974;STHOR;Czesci_zamienne_78974.pdf;matched_manifest;https://drive.google.com/file/d/1Se_MNpqSXfsNlTKixcv5nEWHcEfo6q5g/preview;4657
ZUN-000131;Z7898101;ŚRUBA M5 lewy gwint 23mm;stal;M5 lewy gwint 23mm;ø0,8x2,2;78981;STHOR;Czesci_zamienne_78981.pdf;matched_manifest;https://drive.google.com/file/d/13QMXHlwuKu8hVAXaGfQiwYE82cPIadD0/preview;4658
ZUN-000141;Z7898102;UCHWYT WIERTARSKI samo zacisk;;"0,8-10mm 3/8""-24UNF";ø4x5,1;78981;STHOR;Czesci_zamienne_78981.pdf;matched_manifest;https://drive.google.com/file/d/13QMXHlwuKu8hVAXaGfQiwYE82cPIadD0/preview;4659
ZUN-000174;Z7898103;TULEJA NASTAWY MOMENTU OBROTOWEGO;;;ø5x3,3;78981;STHOR;Czesci_zamienne_78981.pdf;matched_manifest;https://drive.google.com/file/d/13QMXHlwuKu8hVAXaGfQiwYE82cPIadD0/preview;4660
ZUN-000175;Z789811A;ZESPÓŁ PRZEKŁADNI;;;ø5x8,1;78981;STHOR;Czesci_zamienne_78981.pdf;matched_manifest_prefix;https://drive.google.com/file/d/13QMXHlwuKu8hVAXaGfQiwYE82cPIadD0/preview;4661
ZUN-000178;Z7898121;KOŁO ZĘBATE SILNIKA;;oś półpłaska;ø0,8x0,7;78981;STHOR;Czesci_zamienne_78981.pdf;matched_manifest;https://drive.google.com/file/d/13QMXHlwuKu8hVAXaGfQiwYE82cPIadD0/preview;4662
ZUN-000176;Z7898125;PRZYCISK ZMIANY KIERUNKU OBROTÓW;;;0,6x1,7x3,9;78981;STHOR;Czesci_zamienne_78981.pdf;matched_manifest;https://drive.google.com/file/d/13QMXHlwuKu8hVAXaGfQiwYE82cPIadD0/preview;4664
ZUN-000173;Z7898126;OBUDOWA PRAWA I LEWA;tworzywo;;6,4x11x18;78981;STHOR;Czesci_zamienne_78981.pdf;matched_manifest;https://drive.google.com/file/d/13QMXHlwuKu8hVAXaGfQiwYE82cPIadD0/preview;4665
ZUN-000177;Z7898128;WŁĄCZNIK;;FA05-16/1 WEK 16A 5E4 RongDa //FA05-16/1 WEK 16A 5E4 Hao Qiang// FA021A-56 7.2-24V Jlevel;2,2x3,62x6,05;78981;STHOR;Czesci_zamienne_78981.pdf;matched_manifest;https://drive.google.com/file/d/13QMXHlwuKu8hVAXaGfQiwYE82cPIadD0/preview;4666
ZUN-000179;Z7898129;DIODA LED;;;ø0,4x1,8;78981;STHOR;Czesci_zamienne_78981.pdf;matched_manifest;https://drive.google.com/file/d/13QMXHlwuKu8hVAXaGfQiwYE82cPIadD0/preview;4667
ZUN-000131;Z7898201;ŚRUBA M5 lewy gwint 23mm;stal;M5 lewy gwint 23mm;ø0,8x2,2;78982;STHOR;Czesci_zamienne_78982.pdf;matched_manifest;https://drive.google.com/file/d/1HBsN199dwL6LKnaN7UrgwLD-mx9dBbi1/preview;4670
ZUN-000141;Z7898202;UCHWYT WIERTARSKI samo zacisk;;"0,8-10mm 3/8""-24UNF";ø4x5,1;78982;STHOR;Czesci_zamienne_78982.pdf;matched_manifest;https://drive.google.com/file/d/1HBsN199dwL6LKnaN7UrgwLD-mx9dBbi1/preview;4671
ZUN-000174;Z7898203;TULEJA NASTAWY MOMENTU OBROTOWEGO;;;ø5x3,3;78982;STHOR;Czesci_zamienne_78982.pdf;matched_manifest;https://drive.google.com/file/d/1HBsN199dwL6LKnaN7UrgwLD-mx9dBbi1/preview;4672
ZUN-000175;Z789821A;ZESPÓŁ PRZEKŁADNI;;;ø5x8,1;78982;STHOR;Czesci_zamienne_78982.pdf;matched_manifest_prefix;https://drive.google.com/file/d/1HBsN199dwL6LKnaN7UrgwLD-mx9dBbi1/preview;4673
ZUN-000178;Z7898221;KOŁO ZĘBATE SILNIKA;;oś półpłaska;ø0,8x0,7;78982;STHOR;Czesci_zamienne_78982.pdf;matched_manifest;https://drive.google.com/file/d/1HBsN199dwL6LKnaN7UrgwLD-mx9dBbi1/preview;4674
ZUN-000176;Z7898225;PRZYCISK ZMIANY KIERUNKU OBROTÓW;;;0,6x1,7x3,9;78982;STHOR;Czesci_zamienne_78982.pdf;matched_manifest;https://drive.google.com/file/d/1HBsN199dwL6LKnaN7UrgwLD-mx9dBbi1/preview;4676
ZUN-000173;Z7898226;OBUDOWA PRAWA I LEWA;tworzywo;;6,4x11x18;78982;STHOR;Czesci_zamienne_78982.pdf;matched_manifest;https://drive.google.com/file/d/1HBsN199dwL6LKnaN7UrgwLD-mx9dBbi1/preview;4677
ZUN-000177;Z7898228;WŁĄCZNIK;;FA05-16/1 WEK 16A 5E4 RongDa //FA05-16/1 WEK 16A 5E4 Hao Qiang// FA021A-56 7.2-24V Jlevel;2,2x3,62x6,05;78982;STHOR;Czesci_zamienne_78982.pdf;matched_manifest;https://drive.google.com/file/d/1HBsN199dwL6LKnaN7UrgwLD-mx9dBbi1/preview;4678
ZUN-000179;Z7898229;DIODA LED;;;ø0,4x1,8;78982;STHOR;Czesci_zamienne_78982.pdf;matched_manifest;https://drive.google.com/file/d/1HBsN199dwL6LKnaN7UrgwLD-mx9dBbi1/preview;4679
ZUN-000131;Z7898301;ŚRUBA M5 lewy gwint 23mm;stal;M5 lewy gwint 23mm;ø0,8x2,2;78983;STHOR;Czesci_zamienne_78983.pdf;matched_manifest;https://drive.google.com/file/d/1jCX4JPk1HR-fbjayH-GlQ21ho828_pqL/preview;4684
ZUN-000141;Z7898302;UCHWYT WIERTARSKI samo zacisk;;"0,8-10mm 3/8""-24UNF";ø4x5,1;78983;STHOR;Czesci_zamienne_78983.pdf;matched_manifest;https://drive.google.com/file/d/1jCX4JPk1HR-fbjayH-GlQ21ho828_pqL/preview;4685
ZUN-000174;Z7898303;TULEJA NASTAWY MOMENTU OBROTOWEGO;;;ø5x3,3;78983;STHOR;Czesci_zamienne_78983.pdf;matched_manifest;https://drive.google.com/file/d/1jCX4JPk1HR-fbjayH-GlQ21ho828_pqL/preview;4686
ZUN-000175;Z789831A;ZESPÓŁ PRZEKŁADNI;;;ø5x8,1;78983;STHOR;Czesci_zamienne_78983.pdf;matched_manifest_prefix;https://drive.google.com/file/d/1jCX4JPk1HR-fbjayH-GlQ21ho828_pqL/preview;4687
ZUN-000178;Z7898321;KOŁO ZĘBATE SILNIKA;;oś półpłaska;ø0,8x0,7;78983;STHOR;Czesci_zamienne_78983.pdf;matched_manifest;https://drive.google.com/file/d/1jCX4JPk1HR-fbjayH-GlQ21ho828_pqL/preview;4688
ZUN-000176;Z7898325;PRZYCISK ZMIANY KIERUNKU OBROTÓW;;;0,6x1,7x3,9;78983;STHOR;Czesci_zamienne_78983.pdf;matched_manifest;https://drive.google.com/file/d/1jCX4JPk1HR-fbjayH-GlQ21ho828_pqL/preview;4690
ZUN-000173;Z7898326;OBUDOWA PRAWA I LEWA;tworzywo;;6,3x10,8x18;78983;STHOR;Czesci_zamienne_78983.pdf;matched_manifest;https://drive.google.com/file/d/1jCX4JPk1HR-fbjayH-GlQ21ho828_pqL/preview;4691
ZUN-000177;Z7898328;WŁĄCZNIK;;FA05-16/1 WEK 16A 5E4 RongDa //FA05-16/1 WEK 16A 5E4 Hao Qiang// FA021A-56 7.2-24V Jlevel;2,2x3,62x6,05;78983;STHOR;Czesci_zamienne_78983.pdf;matched_manifest;https://drive.google.com/file/d/1jCX4JPk1HR-fbjayH-GlQ21ho828_pqL/preview;4692
ZUN-000179;Z7898329;DIODA LED;;;ø0,4x1,8;78983;STHOR;Czesci_zamienne_78983.pdf;matched_manifest;https://drive.google.com/file/d/1jCX4JPk1HR-fbjayH-GlQ21ho828_pqL/preview;4693
ZUN-000180;Z7898334;AKUMULATOR CIENKI BOLEC;;18V 1300mAh Li-jon 78987 bolec ø6mm;4,3x7,3x11;78983;STHOR;Czesci_zamienne_78983.pdf;matched_manifest;https://drive.google.com/file/d/1jCX4JPk1HR-fbjayH-GlQ21ho828_pqL/preview;4694
ZUN-000368;Z7898334;AKUMULATOR GRUBY BOLEC;;;4,3x7,3x11;78983;STHOR;Czesci_zamienne_78983.pdf;matched_manifest;https://drive.google.com/file/d/1jCX4JPk1HR-fbjayH-GlQ21ho828_pqL/preview;4695
ZUN-000172;Z7898335;ZASILACZ CIENKI BOLEC;;21V 15W 400mA YYYD-S09V2150400Y bolec ø2/ø6,6mm;3,8x6,5x7,5;78983;STHOR;Czesci_zamienne_78983.pdf;matched_manifest;https://drive.google.com/file/d/1jCX4JPk1HR-fbjayH-GlQ21ho828_pqL/preview;4696
ZUN-000369;Z7898335;ZASILACZ GRUBY BOLEC;;21V 15W 400mA;3,8x6,5x7,5;78983;STHOR;Czesci_zamienne_78983.pdf;matched_manifest;https://drive.google.com/file/d/1jCX4JPk1HR-fbjayH-GlQ21ho828_pqL/preview;4697
ZUN-000141;Z78990002;UCHWYT WIERTARSKI samo zacisk;;"0,8-10mm 3/8""-24UNF";ø4x5,1;78990;;;candidate_from_index;;4698
ZUN-000064;Z78990008;ŁOŻYSKO KULKOWE 6900 2Z;;6900 2Z;ø2,2x0,6;78990;;;candidate_from_index;;4701
ZUN-000012;Z78990014;ŁOŻYSKO KULKOWE 626 2Z;;626 2Z;ø1,9x0,6;78990;;;candidate_from_index;;4707
ZUN-000274;Z78990015;KABEL ZASILAJĄCY Z WTYCZKĄ;tworzywo/miedź;2x0,75mm/3m H05RN-F;3,5x7x28;78990;;;candidate_from_index;;4708
ZUN-000133;Z7899201;ŚRUBA M6 lewy gwint 22mm;stal;M6 lewy gwint 22mm;ø1,1x2,5;78992;STHOR;Czesci_zamienne_78992.pdf;matched_manifest;https://drive.google.com/file/d/1ey2rGdiRWPxPu5Z_cHG6qvkEKCTkKnHr/preview;4718
ZUN-000139;Z7899202;UCHWYT WIERTARSKI samo zacisk;;2-13mm 1/2-20UNF;ø4,3x6,2;78992;STHOR;Czesci_zamienne_78992.pdf;matched_manifest;https://drive.google.com/file/d/1ey2rGdiRWPxPu5Z_cHG6qvkEKCTkKnHr/preview;4719
ZUN-000252;Z7899204;KULKA STALOWA;;ø3mm;ø0,3;78992;STHOR;Czesci_zamienne_78992.pdf;matched_manifest;https://drive.google.com/file/d/1ey2rGdiRWPxPu5Z_cHG6qvkEKCTkKnHr/preview;4721
ZUN-000103;Z7899210;ŁOŻYSKO IGIEŁKOWE HK0709;;HK0709 ø7/11/9mm;ø1,1x0,9;78992;STHOR;Czesci_zamienne_78992.pdf;matched_manifest;https://drive.google.com/file/d/1ey2rGdiRWPxPu5Z_cHG6qvkEKCTkKnHr/preview;4724
ZUN-000005;Z7899215;ŁOŻYSKO KULKOWE 608 2Z;;608 2Z;ø2,2x0,7;78992;STHOR;Czesci_zamienne_78992.pdf;matched_manifest;https://drive.google.com/file/d/1ey2rGdiRWPxPu5Z_cHG6qvkEKCTkKnHr/preview;4729
ZUN-000003;Z7899219;ŁOŻYSKO KULKOWE 607 2Z;;607 2Z;ø1,9x0,6;78992;STHOR;Czesci_zamienne_78992.pdf;matched_manifest;https://drive.google.com/file/d/1ey2rGdiRWPxPu5Z_cHG6qvkEKCTkKnHr/preview;4732
ZUN-000600;Z7899220;OSŁONA ŁOŻYSKA 607;tworzywo;ø14/ø19/ø22,1/7,1mm;ø2,21x0,71;78992;STHOR;Czesci_zamienne_78992.pdf;matched_manifest;https://drive.google.com/file/d/1ey2rGdiRWPxPu5Z_cHG6qvkEKCTkKnHr/preview;4733
ZUN-000556;Z7899228;WŁĄCZNIK blokada wyłączenia;;FA2-4/1BEK 4(4)A 250V;2,9x5,4x6,16;78992;STHOR;Czesci_zamienne_78992.pdf;matched_manifest;https://drive.google.com/file/d/1ey2rGdiRWPxPu5Z_cHG6qvkEKCTkKnHr/preview;4737
ZUN-000274;Z7899233;KABEL ZASILAJĄCY Z WTYCZKĄ;tworzywo/miedź;2x0,75mm/3m H05RN-F;3,5x7x28;78992;STHOR;Czesci_zamienne_78992.pdf;matched_manifest;https://drive.google.com/file/d/1ey2rGdiRWPxPu5Z_cHG6qvkEKCTkKnHr/preview;4739
ZUN-000133;Z7899501;ŚRUBA M6 lewy gwint 22mm;stal;M6 lewy gwint 22mm;ø1,1x2,5;78995;STHOR;Czesci_zamienne_78995.pdf;matched_manifest;https://drive.google.com/file/d/17_JncLWGXF31vgqAS9GWk6qYe494JTQB/preview;4740
ZUN-000139;Z7899502;UCHWYT WIERTARSKI samo zacisk;;2-13mm 1/2-20UNF;ø4,3x6,2;78995;STHOR;Czesci_zamienne_78995.pdf;matched_manifest;https://drive.google.com/file/d/17_JncLWGXF31vgqAS9GWk6qYe494JTQB/preview;4741
ZUN-000252;Z7899504;KULKA STALOWA;;ø3mm;ø0,3;78995;STHOR;Czesci_zamienne_78995.pdf;matched_manifest;https://drive.google.com/file/d/17_JncLWGXF31vgqAS9GWk6qYe494JTQB/preview;4743
ZUN-000030;Z7899505;ŁOŻYSKO KULKOWE 6001 2Z;;6001 2Z;ø2,8x0,8;78995;STHOR;Czesci_zamienne_78995.pdf;matched_manifest;https://drive.google.com/file/d/17_JncLWGXF31vgqAS9GWk6qYe494JTQB/preview;4744
ZUN-000105;Z7899510;ŁOŻYSKO IGIEŁKOWE HK0810;;HK0810 ø8/ø12/10mm;ø1,2x1;78995;STHOR;Czesci_zamienne_78995.pdf;matched_manifest;https://drive.google.com/file/d/17_JncLWGXF31vgqAS9GWk6qYe494JTQB/preview;4746
ZUN-000005;Z7899514;ŁOŻYSKO KULKOWE 608 2Z;;608 2Z;ø2,2x0,7;78995;STHOR;Czesci_zamienne_78995.pdf;matched_manifest;https://drive.google.com/file/d/17_JncLWGXF31vgqAS9GWk6qYe494JTQB/preview;4750
ZUN-000003;Z7899516;ŁOŻYSKO KULKOWE 607 2Z;;607 2Z;ø1,9x0,6;78995;STHOR;Czesci_zamienne_78995.pdf;matched_manifest;https://drive.google.com/file/d/17_JncLWGXF31vgqAS9GWk6qYe494JTQB/preview;4752
ZUN-000600;Z7899517;OSŁONA ŁOŻYSKA 607;tworzywo;ø14/ø19/ø22,1/7,1mm;ø2,21x0,71;78995;STHOR;Czesci_zamienne_78995.pdf;matched_manifest;https://drive.google.com/file/d/17_JncLWGXF31vgqAS9GWk6qYe494JTQB/preview;4753
ZUN-000556;Z7899527;WŁĄCZNIK blokada wyłączenia;;FA2-6/1BEK 6(6)A 250V 5E4;2,9x5,4x6,16;78995;STHOR;Czesci_zamienne_78995.pdf;matched_manifest;https://drive.google.com/file/d/17_JncLWGXF31vgqAS9GWk6qYe494JTQB/preview;4758
ZUN-000274;Z7899530;KABEL ZASILAJĄCY Z WTYCZKĄ;tworzywo/miedź;2x0,75mm/3m H05RN-F;3,5x7x28;78995;STHOR;Czesci_zamienne_78995.pdf;matched_manifest;https://drive.google.com/file/d/17_JncLWGXF31vgqAS9GWk6qYe494JTQB/preview;4759
ZUN-000133;Z7899701;ŚRUBA M6 lewy gwint 22mm;stal;M6 lewy gwint 22mm;ø1,1x2,5;78997;STHOR;Czesci_zamienne_78997.pdf;matched_manifest;https://drive.google.com/file/d/1xqCXpeDRWBBacCwH2iAcqjfkuGSWvOh0/preview;4762
ZUN-000139;Z7899702;UCHWYT WIERTARSKI samo zacisk;;2-13mm 1/2-20UNF;ø4,3x6,2;78997;STHOR;Czesci_zamienne_78997.pdf;matched_manifest;https://drive.google.com/file/d/1xqCXpeDRWBBacCwH2iAcqjfkuGSWvOh0/preview;4763
ZUN-000252;Z7899704;KULKA STALOWA;;ø3mm;ø0,3;78997;STHOR;Czesci_zamienne_78997.pdf;matched_manifest;https://drive.google.com/file/d/1xqCXpeDRWBBacCwH2iAcqjfkuGSWvOh0/preview;4765
ZUN-000030;Z7899705;ŁOŻYSKO KULKOWE 6001 2Z;;6001 2Z;ø2,8x0,8;78997;STHOR;Czesci_zamienne_78997.pdf;matched_manifest;https://drive.google.com/file/d/1xqCXpeDRWBBacCwH2iAcqjfkuGSWvOh0/preview;4766
ZUN-000105;Z7899710;ŁOŻYSKO IGIEŁKOWE HK0810;;HK0810 ø8/ø12/10mm;ø1,2x1;78997;STHOR;Czesci_zamienne_78997.pdf;matched_manifest;https://drive.google.com/file/d/1xqCXpeDRWBBacCwH2iAcqjfkuGSWvOh0/preview;4768
ZUN-000005;Z7899714;ŁOŻYSKO KULKOWE 608 2Z;;608 2Z;ø2,2x0,7;78997;STHOR;Czesci_zamienne_78997.pdf;matched_manifest;https://drive.google.com/file/d/1xqCXpeDRWBBacCwH2iAcqjfkuGSWvOh0/preview;4772
ZUN-000003;Z7899716;ŁOŻYSKO KULKOWE 607 2Z;;607 2Z;ø1,9x0,6;78997;STHOR;Czesci_zamienne_78997.pdf;matched_manifest;https://drive.google.com/file/d/1xqCXpeDRWBBacCwH2iAcqjfkuGSWvOh0/preview;4774
ZUN-000600;Z7899717;OSŁONA ŁOŻYSKA 607;tworzywo;ø14/ø19/ø22,1/7,1mm;ø2,21x0,71;78997;STHOR;Czesci_zamienne_78997.pdf;matched_manifest;https://drive.google.com/file/d/1xqCXpeDRWBBacCwH2iAcqjfkuGSWvOh0/preview;4775
ZUN-000556;Z7899726;WŁĄCZNIK blokada wyłączenia;;FA2-6/1BEK 6(6)A 250V 5E4;2,9x5,4x6,16;78997;STHOR;Czesci_zamienne_78997.pdf;matched_manifest;https://drive.google.com/file/d/1xqCXpeDRWBBacCwH2iAcqjfkuGSWvOh0/preview;4780
ZUN-000274;Z7899729;KABEL ZASILAJĄCY Z WTYCZKĄ;tworzywo/miedź;2x0,75mm/3m H05RN-F;3,5x7x28;78997;STHOR;Czesci_zamienne_78997.pdf;matched_manifest;https://drive.google.com/file/d/1xqCXpeDRWBBacCwH2iAcqjfkuGSWvOh0/preview;4781
ZUN-000132;Z7900001;ŚRUBA M5 lewy gwint 25mm;;M5 lewy gwint 25mm;ø0,9x2,4;79000;;;candidate_from_index;;4784
ZUN-000134;Z7900002;UCHWYT WIERTARSKI (kluczyk);;"1,5-13mm 1/2""-20UNF";ø4,2x5,8;79000;;;candidate_from_index;;4785
ZUN-000252;Z7900004;KULKA STALOWA;;ø3mm;ø0,3;79000;;;candidate_from_index;;4787
ZUN-000624;Z7900007;PIERŚCIEŃ USTALAJĄCY;stal;a-11mm/ b-16mm/ c-1mm;0,1x1,4x1,6;79000;;;candidate_from_index;;4790
ZUN-000256;Z7900010;KULKA STALOWA;;ø5,5mm;ø0,55;79000;;;candidate_from_index;;4792
ZUN-000134;Z7900102;UCHWYT WIERTARSKI (kluczyk);;"1,5-13mm 1/2""-20UNF";ø4,2x5,8;79001;;;candidate_from_index;;4811
ZUN-000252;Z7900104;KULKA STALOWA;;ø3mm;ø0,3;79001;;;candidate_from_index;;4813
ZUN-000256;Z7900110;KULKA STALOWA;;ø5,5mm;ø0,55;79001;;;candidate_from_index;;4816
ZUN-000133;Z7900201;ŚRUBA M6 lewy gwint 22mm;stal;M6 lewy gwint 22mm;ø1,1x2,5;79002;STHOR;Czesci_zamienne_79002.pdf;matched_manifest;https://drive.google.com/file/d/1hLK_kIPPGNWFmXr-kjg643kHujpWWtG6/preview;4832
ZUN-000134;Z7900202;UCHWYT WIERTARSKI (kluczyk);;"1,5-13mm 1/2""-20UNF";ø4,2x5,8;79002;STHOR;Czesci_zamienne_79002.pdf;matched_manifest;https://drive.google.com/file/d/1hLK_kIPPGNWFmXr-kjg643kHujpWWtG6/preview;4833
ZUN-000241;Z7900204;KLIN CZÓŁENKOWY;;;0,3x0,4x0,9;79002;STHOR;Czesci_zamienne_79002.pdf;matched_manifest;https://drive.google.com/file/d/1hLK_kIPPGNWFmXr-kjg643kHujpWWtG6/preview;4835
ZUN-000255;Z7900205;KULKA STALOWA;;ø5mm;ø0,5;79002;STHOR;Czesci_zamienne_79002.pdf;matched_manifest;https://drive.google.com/file/d/1hLK_kIPPGNWFmXr-kjg643kHujpWWtG6/preview;4836
ZUN-000183;Z7900211;TULEJA MOSIĘŻNA;mosiądz;ø8/ø12/10mm;ø1,2x1;79002;STHOR;Czesci_zamienne_79002.pdf;matched_manifest;https://drive.google.com/file/d/1hLK_kIPPGNWFmXr-kjg643kHujpWWtG6/preview;4839
ZUN-000005;Z7900215;ŁOŻYSKO KULKOWE 608 2Z;;608 2Z;ø2,2x0,7;79002;STHOR;Czesci_zamienne_79002.pdf;matched_manifest;https://drive.google.com/file/d/1hLK_kIPPGNWFmXr-kjg643kHujpWWtG6/preview;4843
ZUN-000012;Z7900221;ŁOŻYSKO KULKOWE 626 2Z;;626 2Z;ø1,9x0,6;79002;STHOR;Czesci_zamienne_79002.pdf;matched_manifest;https://drive.google.com/file/d/1hLK_kIPPGNWFmXr-kjg643kHujpWWtG6/preview;4847
ZUN-000651;Z7900231;KONDENSATOR 0,33µF;tworzywo;0,33μF K X2 GPF40/085/21/C;0,8x1,7x2,63;79002;STHOR;Czesci_zamienne_79002.pdf;matched_manifest;https://drive.google.com/file/d/1hLK_kIPPGNWFmXr-kjg643kHujpWWtG6/preview;4853
ZUN-000133;Z7900301;ŚRUBA M6 lewy gwint 22mm;stal;M6 lewy gwint 22mm;ø1,1x2,5;79003;;;candidate_from_index;;4855
ZUN-000139;Z7900302;UCHWYT WIERTARSKI samo zacisk;;2-13mm 1/2-20UNF;ø4,3x6,2;79003;;;candidate_from_index;;4856
ZUN-000241;Z7900306;KLIN CZÓŁENKOWY;;;0,3x0,4x0,9;79003;;;candidate_from_index;;4858
ZUN-000255;Z7900312;KULKA STALOWA;;ø5mm;ø0,5;79003;;;candidate_from_index;;4862
ZUN-000105;Z7900313;ŁOŻYSKO IGIEŁKOWE HK0810;;HK0810 ø8/ø12/10mm;ø1,2x1;79003;;;candidate_from_index;;4863
ZUN-000132;Z7900401;ŚRUBA M5 lewy gwint 25mm;;M5 lewy gwint 25mm;ø0,9x2,4;79004;LUND;Czesci_zamienne_79004.pdf;matched_manifest;https://drive.google.com/file/d/1QFjDcOKcVO1RuFhU-5jb8vQLpIe8d0Ob/preview;4878
ZUN-000134;Z7900402;UCHWYT WIERTARSKI (kluczyk);;"1,5-13mm 1/2""-20UNF";ø4,2x5,8;79004;LUND;Czesci_zamienne_79004.pdf;matched_manifest;https://drive.google.com/file/d/1QFjDcOKcVO1RuFhU-5jb8vQLpIe8d0Ob/preview;4879
ZUN-000241;Z7900404;KLIN CZÓŁENKOWY;;;0,3x0,4x0,9;79004;LUND;Czesci_zamienne_79004.pdf;matched_manifest;https://drive.google.com/file/d/1QFjDcOKcVO1RuFhU-5jb8vQLpIe8d0Ob/preview;4881
ZUN-000255;Z7900405;KULKA STALOWA;;ø5mm;ø0,5;79004;LUND;Czesci_zamienne_79004.pdf;matched_manifest;https://drive.google.com/file/d/1QFjDcOKcVO1RuFhU-5jb8vQLpIe8d0Ob/preview;4882
ZUN-000040;Z7900407;ŁOŻYSKO KULKOWE 6201 2Z;;6201 2Z;ø3,2x1;79004;LUND;Czesci_zamienne_79004.pdf;matched_manifest;https://drive.google.com/file/d/1QFjDcOKcVO1RuFhU-5jb8vQLpIe8d0Ob/preview;4883
ZUN-000006;Z7900413;ŁOŻYSKO KULKOWE 608 2RS;;608 2RS;ø2,2x0,7;79004;LUND;Czesci_zamienne_79004.pdf;matched_manifest;https://drive.google.com/file/d/1QFjDcOKcVO1RuFhU-5jb8vQLpIe8d0Ob/preview;4888
ZUN-000003;Z7900416;ŁOŻYSKO KULKOWE 607 2Z;;607 2Z;ø1,9x0,6;79004;LUND;Czesci_zamienne_79004.pdf;matched_manifest;https://drive.google.com/file/d/1QFjDcOKcVO1RuFhU-5jb8vQLpIe8d0Ob/preview;4891
ZUN-000105;Z7900437;ŁOŻYSKO IGIEŁKOWE HK0810;;HK0810 ø8/ø12/10mm;ø1,2x1;79004;LUND;Czesci_zamienne_79004.pdf;matched_manifest;https://drive.google.com/file/d/1QFjDcOKcVO1RuFhU-5jb8vQLpIe8d0Ob/preview;4899
ZUN-000139;Z7900502;UCHWYT WIERTARSKI samo zacisk;;2-13mm 1/2-20UNF;ø4,3x6,2;79005;STHOR;Czesci_zamienne_79005.pdf;matched_manifest;https://drive.google.com/file/d/1xGORqr7JyddiBNWaZigBRYbMZPROm0HU/preview;4901
ZUN-000255;Z7900504;KULKA STALOWA;;ø5mm;ø0,5;79005;STHOR;Czesci_zamienne_79005.pdf;matched_manifest;https://drive.google.com/file/d/1xGORqr7JyddiBNWaZigBRYbMZPROm0HU/preview;4903
ZUN-000030;Z7900506;ŁOŻYSKO KULKOWE 6001 2Z;;6001 2Z;ø2,8x0,8;79005;STHOR;Czesci_zamienne_79005.pdf;matched_manifest;https://drive.google.com/file/d/1xGORqr7JyddiBNWaZigBRYbMZPROm0HU/preview;4904
ZUN-000241;Z7900508;KLIN CZÓŁENKOWY;;;0,3x0,4x0,9;79005;STHOR;Czesci_zamienne_79005.pdf;matched_manifest;https://drive.google.com/file/d/1xGORqr7JyddiBNWaZigBRYbMZPROm0HU/preview;4905
ZUN-000105;Z7900511;ŁOŻYSKO IGIEŁKOWE HK0810;;HK0810 ø8/ø12/10mm;ø1,2x1;79005;STHOR;Czesci_zamienne_79005.pdf;matched_manifest;https://drive.google.com/file/d/1xGORqr7JyddiBNWaZigBRYbMZPROm0HU/preview;4907
ZUN-000005;Z7900515;ŁOŻYSKO KULKOWE 608 2Z;;608 2Z;ø2,2x0,7;79005;STHOR;Czesci_zamienne_79005.pdf;matched_manifest;https://drive.google.com/file/d/1xGORqr7JyddiBNWaZigBRYbMZPROm0HU/preview;4911
ZUN-000003;Z7900525;ŁOŻYSKO KULKOWE 607 2Z;;607 2Z;ø1,9x0,6;79005;STHOR;Czesci_zamienne_79005.pdf;matched_manifest;https://drive.google.com/file/d/1xGORqr7JyddiBNWaZigBRYbMZPROm0HU/preview;4919
ZUN-000133;Z7900601;ŚRUBA M6 lewy gwint 22mm;stal;M6 lewy gwint 22mm;ø1,1x2,5;79006;;;candidate_from_index;;4923
ZUN-000139;Z7900602;UCHWYT WIERTARSKI samo zacisk;;2-13mm 1/2-20UNF;ø4,3x6,2;79006;;;candidate_from_index;;4924
ZUN-000241;Z7900606;KLIN CZÓŁENKOWY;;;0,3x0,4x0,9;79006;;;candidate_from_index;;4926
ZUN-000256;Z7900612;KULKA STALOWA;;ø5,5mm;ø0,55;79006;;;candidate_from_index;;4929
ZUN-000105;Z7900613;ŁOŻYSKO IGIEŁKOWE HK0810;;HK0810 ø8/ø12/10mm;ø1,2x1;79006;;;candidate_from_index;;4930
ZUN-000132;Z7900701;ŚRUBA M5 lewy gwint 25mm;;M5 lewy gwint 25mm;ø0,9x2,4;79007;STHOR;Czesci_zamienne_79007.pdf;matched_manifest;https://drive.google.com/file/d/1O_cQ1s6V1vgc4Wnoa6Issv2qV8jDRk-A/preview;4945
ZUN-000134;Z7900702;UCHWYT WIERTARSKI (kluczyk);;"1,5-13mm 1/2""-20UNF";ø4,2x5,8;79007;STHOR;Czesci_zamienne_79007.pdf;matched_manifest;https://drive.google.com/file/d/1O_cQ1s6V1vgc4Wnoa6Issv2qV8jDRk-A/preview;4946
ZUN-000252;Z7900704;KULKA STALOWA;;ø3mm;ø0,3;79007;STHOR;Czesci_zamienne_79007.pdf;matched_manifest;https://drive.google.com/file/d/1O_cQ1s6V1vgc4Wnoa6Issv2qV8jDRk-A/preview;4948
ZUN-000255;Z7900705;KULKA STALOWA;;ø5mm;ø0,5;79007;STHOR;Czesci_zamienne_79007.pdf;matched_manifest;https://drive.google.com/file/d/1O_cQ1s6V1vgc4Wnoa6Issv2qV8jDRk-A/preview;4949
ZUN-000005;Z7900715;ŁOŻYSKO KULKOWE 608 2Z;;608 2Z;ø2,2x0,7;79007;STHOR;Czesci_zamienne_79007.pdf;matched_manifest;https://drive.google.com/file/d/1O_cQ1s6V1vgc4Wnoa6Issv2qV8jDRk-A/preview;4958
ZUN-000003;Z7900720;ŁOŻYSKO KULKOWE 607 2Z;;607 2Z;ø1,9x0,6;79007;STHOR;Czesci_zamienne_79007.pdf;matched_manifest;https://drive.google.com/file/d/1O_cQ1s6V1vgc4Wnoa6Issv2qV8jDRk-A/preview;4964
ZUN-000272;Z7900733;KABEL ZASILAJACY Z WTYCZKĄ;;2x0,75mm/2m H05VV-F;3,5x6x25;79007;STHOR;Czesci_zamienne_79007.pdf;matched_manifest;https://drive.google.com/file/d/1O_cQ1s6V1vgc4Wnoa6Issv2qV8jDRk-A/preview;4969
ZUN-000131;Z7900801;ŚRUBA M5 lewy gwint 23mm;stal;M5 lewy gwint 23mm;ø0,8x2,2;79008;;;candidate_from_index;;4973
ZUN-000134;Z7900802;UCHWYT WIERTARSKI (kluczyk);;"1,5-13mm 1/2""-20UNF";ø4,2x5,8;79008;;;candidate_from_index;;4974
ZUN-000252;Z7900804;KULKA STALOWA;;ø3mm;ø0,3;79008;;;candidate_from_index;;4976
ZUN-000256;Z7900810;KULKA STALOWA;;ø5,5mm;ø0,55;79008;;;candidate_from_index;;4979
ZUN-000131;Z7900901;ŚRUBA M5 lewy gwint 23mm;stal;M5 lewy gwint 23mm;ø0,8x2,2;79009;;;candidate_from_index;;4995
ZUN-000134;Z7900902;UCHWYT WIERTARSKI (kluczyk);;"1,5-13mm 1/2""-20UNF";ø4,2x5,8;79009;;;candidate_from_index;;4996
ZUN-000252;Z7900904;KULKA STALOWA;;ø3mm;ø0,3;79009;;;candidate_from_index;;4998
ZUN-000255;Z7900905;KULKA STALOWA;;ø5mm;ø0,5;79009;;;candidate_from_index;;4999
ZUN-000005;Z7900915;ŁOŻYSKO KULKOWE 608 2Z;;608 2Z;ø2,2x0,7;79009;;;candidate_from_index;;5005
ZUN-000552;Z7900928;WŁĄCZNIK;;FA2-6/1BEK 6(6)A 250V;3,2x4,3x7,53;79009;;;candidate_from_index;;5013
ZUN-000134;Z7901012;UCHWYT WIERTARSKI (kluczyk);;"1,5-13mm 1/2""-20UNF";ø4,2x5,8;79010;;;candidate_from_index;;5022
ZUN-000132;Z7901034;ŚRUBA M5 lewy gwint 25mm;;M5 lewy gwint 25mm;ø0,9x2,4;79010;;;candidate_from_index;;5037
ZUN-000139;Z7901112;UCHWYT WIERTARSKI samo zacisk;;2-13mm 1/2-20UNF;ø4,3x6,2;79011;;;candidate_from_index;;5047
ZUN-000131;Z7901134;ŚRUBA M5 lewy gwint 23mm;stal;M5 lewy gwint 23mm;ø0,8x2,2;79011;;;candidate_from_index;;5058
ZUN-000133;Z7901201;ŚRUBA M6 lewy gwint 22mm;stal;M6 lewy gwint 22mm;ø1,1x2,5;79012;STHOR;Czesci_zamienne_79012.pdf;matched_manifest;https://drive.google.com/file/d/1BEf0wDZh0W9yuT2pF5SIi-yRFuJRm9_S/preview;5061
ZUN-000134;Z7901202;UCHWYT WIERTARSKI (kluczyk);;"1,5-13mm 1/2""-20UNF";ø4,2x5,8;79012;STHOR;Czesci_zamienne_79012.pdf;matched_manifest;https://drive.google.com/file/d/1BEf0wDZh0W9yuT2pF5SIi-yRFuJRm9_S/preview;5062
ZUN-000241;Z7901204;KLIN CZÓŁENKOWY;;;0,3x0,4x0,9;79012;STHOR;Czesci_zamienne_79012.pdf;matched_manifest;https://drive.google.com/file/d/1BEf0wDZh0W9yuT2pF5SIi-yRFuJRm9_S/preview;5064
ZUN-000183;Z7901211;TULEJA MOSIĘŻNA;mosiądz;ø8/ø12/10mm;ø1,2x1;79012;STHOR;Czesci_zamienne_79012.pdf;matched_manifest;https://drive.google.com/file/d/1BEf0wDZh0W9yuT2pF5SIi-yRFuJRm9_S/preview;5069
ZUN-000005;Z7901215;ŁOŻYSKO KULKOWE 608 2Z;;608 2Z;ø2,2x0,7;79012;STHOR;Czesci_zamienne_79012.pdf;matched_manifest;https://drive.google.com/file/d/1BEf0wDZh0W9yuT2pF5SIi-yRFuJRm9_S/preview;5073
ZUN-000012;Z7901221;ŁOŻYSKO KULKOWE 626 2Z;;626 2Z;ø1,9x0,6;79012;STHOR;Czesci_zamienne_79012.pdf;matched_manifest;https://drive.google.com/file/d/1BEf0wDZh0W9yuT2pF5SIi-yRFuJRm9_S/preview;5077
ZUN-000648;Z7901231;KONDENSATOR 0,22µF;tworzywo;0,22μF K X2 GPF40/085/21/C;0,7x1,6x2,6;79012;STHOR;Czesci_zamienne_79012.pdf;matched_manifest;https://drive.google.com/file/d/1BEf0wDZh0W9yuT2pF5SIi-yRFuJRm9_S/preview;5083
ZUN-000004;Z7901309;ŁOŻYSKO KULKOWE 607 2RS;;607 2RS;ø1,9x0,6;79013;STHOR;Czesci_zamienne_79013.pdf;matched_manifest;https://drive.google.com/file/d/1Lnr-gLwYfm0hLq0lNZrVM8sRGUZPBclX/preview;5088
ZUN-000006;Z7901311;ŁOŻYSKO KULKOWE 608 2RS;;608 2RS;ø2,2x0,7;79013;STHOR;Czesci_zamienne_79013.pdf;matched_manifest;https://drive.google.com/file/d/1Lnr-gLwYfm0hLq0lNZrVM8sRGUZPBclX/preview;5090
ZUN-000131;Z7901320;ŚRUBA M5 lewy gwint 23mm;stal;M5 lewy gwint 23mm;ø0,8x2,2;79013;STHOR;Czesci_zamienne_79013.pdf;matched_manifest;https://drive.google.com/file/d/1Lnr-gLwYfm0hLq0lNZrVM8sRGUZPBclX/preview;5097
ZUN-000134;Z7901321;UCHWYT WIERTARSKI (kluczyk);;"1,5-13mm 1/2""-20UNF";ø4,2x5,8;79013;STHOR;Czesci_zamienne_79013.pdf;matched_manifest;https://drive.google.com/file/d/1Lnr-gLwYfm0hLq0lNZrVM8sRGUZPBclX/preview;5098
ZUN-000648;Z7901331;KONDENSATOR 0,22µF;tworzywo;0,22μF K X2 GPF40/085/21/C;0,7x1,6x2,6;79013;STHOR;Czesci_zamienne_79013.pdf;matched_manifest;https://drive.google.com/file/d/1Lnr-gLwYfm0hLq0lNZrVM8sRGUZPBclX/preview;5102
ZUN-000139;Z7901412;UCHWYT WIERTARSKI samo zacisk;;2-13mm 1/2-20UNF;ø4,3x6,2;79014;;;candidate_from_index;;5110
ZUN-000014;Z7901414;ŁOŻYSKO KULKOWE 627 2Z;;627 2Z;ø2,2x0,7;79014;;;candidate_from_index;;5112
ZUN-000012;Z7901416;ŁOŻYSKO KULKOWE 626 2Z;;626 2Z;ø1,9x0,6;79014;;;candidate_from_index;;5114
ZUN-000131;Z7901434;ŚRUBA M5 lewy gwint 23mm;stal;M5 lewy gwint 23mm;ø0,8x2,2;79014;;;candidate_from_index;;5120
ZUN-000131;Z7901501;ŚRUBA M5 lewy gwint 23mm;stal;M5 lewy gwint 23mm;ø0,8x2,2;79015;STHOR;Czesci_zamienne_79015.pdf;matched_manifest;https://drive.google.com/file/d/17e4Y_eV5jH-oaVMNOwgbyr0Tk1PvRk-R/preview;5122
ZUN-000134;Z7901502;UCHWYT WIERTARSKI (kluczyk);;"1,5-13mm 1/2""-20UNF";ø4,2x5,8;79015;STHOR;Czesci_zamienne_79015.pdf;matched_manifest;https://drive.google.com/file/d/17e4Y_eV5jH-oaVMNOwgbyr0Tk1PvRk-R/preview;5123
ZUN-000241;Z7901504;KLIN CZÓŁENKOWY;;;0,3x0,4x0,9;79015;STHOR;Czesci_zamienne_79015.pdf;matched_manifest;https://drive.google.com/file/d/17e4Y_eV5jH-oaVMNOwgbyr0Tk1PvRk-R/preview;5125
ZUN-000255;Z7901505;KULKA STALOWA;;ø5mm;ø0,5;79015;STHOR;Czesci_zamienne_79015.pdf;matched_manifest;https://drive.google.com/file/d/17e4Y_eV5jH-oaVMNOwgbyr0Tk1PvRk-R/preview;5126
ZUN-000030;Z7901507A;ŁOŻYSKO KULKOWE 6001 2Z;;6001 2Z;ø2,8x0,8;79015;STHOR;Czesci_zamienne_79015.pdf;matched_manifest_prefix;https://drive.google.com/file/d/17e4Y_eV5jH-oaVMNOwgbyr0Tk1PvRk-R/preview;5129
ZUN-000624;Z7901508;PIERŚCIEŃ USTALAJĄCY;stal;a-11mm/ b-16mm/ c-1mm;0,1x1,4x1,6;79015;STHOR;Czesci_zamienne_79015.pdf;matched_manifest;https://drive.google.com/file/d/17e4Y_eV5jH-oaVMNOwgbyr0Tk1PvRk-R/preview;5130
ZUN-000621;Z7901510;PIERŚCIEŃ USTALAJĄCY;stal;a-7,3mm/ b-11,8mm/ c-0,8mm;0,08x1x1,2;79015;STHOR;Czesci_zamienne_79015.pdf;matched_manifest;https://drive.google.com/file/d/17e4Y_eV5jH-oaVMNOwgbyr0Tk1PvRk-R/preview;5132
ZUN-000005;Z7901515;ŁOŻYSKO KULKOWE 608 2Z;;608 2Z;ø2,2x0,7;79015;STHOR;Czesci_zamienne_79015.pdf;matched_manifest;https://drive.google.com/file/d/17e4Y_eV5jH-oaVMNOwgbyr0Tk1PvRk-R/preview;5137
ZUN-000014;Z7901520;ŁOŻYSKO KULKOWE 627 2Z;;627 2Z;ø2,2x0,7;79015;STHOR;Czesci_zamienne_79015.pdf;matched_manifest;https://drive.google.com/file/d/17e4Y_eV5jH-oaVMNOwgbyr0Tk1PvRk-R/preview;5143
ZUN-000552;Z7901528;WŁĄCZNIK;;FA2-6/1BEK 6(6)A 250V;3,2x4,3x7,53;79015;STHOR;Czesci_zamienne_79015.pdf;matched_manifest;https://drive.google.com/file/d/17e4Y_eV5jH-oaVMNOwgbyr0Tk1PvRk-R/preview;5147
ZUN-000272;Z7901535;KABEL ZASILAJACY Z WTYCZKĄ;;2x0,75mm/2m H05VV-F;3,5x6x25;79015;STHOR;Czesci_zamienne_79015.pdf;matched_manifest;https://drive.google.com/file/d/17e4Y_eV5jH-oaVMNOwgbyr0Tk1PvRk-R/preview;5151
ZUN-000139;Z7901612;UCHWYT WIERTARSKI samo zacisk;;2-13mm 1/2-20UNF;ø4,3x6,2;79016;;;candidate_from_index;;5159
ZUN-000005;Z7901614;ŁOŻYSKO KULKOWE 608 2Z;;608 2Z;ø2,2x0,7;79016;;;candidate_from_index;;5161
ZUN-000003;Z7901616;ŁOŻYSKO KULKOWE 607 2Z;;607 2Z;ø1,9x0,6;79016;;;candidate_from_index;;5163
ZUN-000131;Z7901634;ŚRUBA M5 lewy gwint 23mm;stal;M5 lewy gwint 23mm;ø0,8x2,2;79016;;;candidate_from_index;;5170
ZUN-000241;Z7901706;KLIN CZÓŁENKOWY;;;0,3x0,4x0,9;79017;;;candidate_from_index;;5176
ZUN-000040;Z7901708;ŁOŻYSKO KULKOWE 6201 2Z;;6201 2Z;ø3,2x1;79017;;;candidate_from_index;;5178
ZUN-000012;Z7901716;ŁOŻYSKO KULKOWE 626 2Z;;626 2Z;ø1,9x0,6;79017;;;candidate_from_index;;5185
ZUN-000133;Z7901801;ŚRUBA M6 lewy gwint 22mm;stal;M6 lewy gwint 22mm;ø1,1x2,5;79018;STHOR;Czesci_zamienne_79018.pdf;matched_manifest;https://drive.google.com/file/d/1WohxUKSw9HgG1YxtDJcRKJX5-ZNDxwvs/preview;5200
ZUN-000139;Z7901802;UCHWYT WIERTARSKI samo zacisk;;2-13mm 1/2-20UNF;ø4,3x6,2;79018;STHOR;Czesci_zamienne_79018.pdf;matched_manifest;https://drive.google.com/file/d/1WohxUKSw9HgG1YxtDJcRKJX5-ZNDxwvs/preview;5201
ZUN-000241;Z7901806;KLIN CZÓŁENKOWY;;;0,3x0,4x0,9;79018;STHOR;Czesci_zamienne_79018.pdf;matched_manifest;https://drive.google.com/file/d/1WohxUKSw9HgG1YxtDJcRKJX5-ZNDxwvs/preview;5203
ZUN-000030;Z7901808;ŁOŻYSKO KULKOWE 6001 2Z;;6001 2Z;ø2,8x0,8;79018;STHOR;Czesci_zamienne_79018.pdf;matched_manifest;https://drive.google.com/file/d/1WohxUKSw9HgG1YxtDJcRKJX5-ZNDxwvs/preview;5204
ZUN-000256;Z7901812;KULKA STALOWA ø5,5mm;;ø5,5mm;ø0,55;79018;STHOR;Czesci_zamienne_79018.pdf;matched_manifest;https://drive.google.com/file/d/1WohxUKSw9HgG1YxtDJcRKJX5-ZNDxwvs/preview;5206
ZUN-000105;Z7901813;ŁOŻYSKO IGIEŁKOWE;;HK0810 ø8/ø12/10mm;ø1,2x1;79018;STHOR;Czesci_zamienne_79018.pdf;matched_manifest;https://drive.google.com/file/d/1WohxUKSw9HgG1YxtDJcRKJX5-ZNDxwvs/preview;5207
ZUN-000005;Z7901818;ŁOŻYSKO KULKOWE 608 2Z;stal;608 2Z;ø2,2x0,7;79018;STHOR;Czesci_zamienne_79018.pdf;matched_manifest;https://drive.google.com/file/d/1WohxUKSw9HgG1YxtDJcRKJX5-ZNDxwvs/preview;5211
ZUN-000003;Z7901824;ŁOŻYSKO KULKOWE 607 2Z;;607 2Z;ø1,9x0,6;79018;STHOR;Czesci_zamienne_79018.pdf;matched_manifest;https://drive.google.com/file/d/1WohxUKSw9HgG1YxtDJcRKJX5-ZNDxwvs/preview;5217
ZUN-000651;Z7901837;KONDENSATOR 0,33µF;tworzywo;0,33μF K X2 GPF40/085/21/C;0,8x1,7x2,63;79018;STHOR;Czesci_zamienne_79018.pdf;matched_manifest;https://drive.google.com/file/d/1WohxUKSw9HgG1YxtDJcRKJX5-ZNDxwvs/preview;5224
ZUN-000254;Z7901903;KULKA STALOWA;;ø4mm;ø0,4;79019;;;candidate_from_index;;5227
ZUN-000131;Z7901942;ŚRUBA M5 lewy gwint 23mm;stal;M5 lewy gwint 23mm;ø0,8x2,2;79019;;;candidate_from_index;;5250
ZUN-000254;Z7902007;KULKA STALOWA;;ø4mm;ø0,4;79020;;;candidate_from_index;;5254
ZUN-000005;Z7902031;ŁOŻYSKO KULKOWE 608 2Z;;608 2Z;ø2,2x0,7;79020;;;candidate_from_index;;5272
ZUN-000103;Z7902036;ŁOŻYSKO IGIEŁKOWE HK0709;;HK0709 ø7/11/9mm;ø1,1x0,9;79020;;;candidate_from_index;;5276
ZUN-000241;Z7902038;KLIN CZÓŁENKOWY;;;0,3x0,4x0,9;79020;;;candidate_from_index;;5278
ZUN-000005;Z7902045;ŁOŻYSKO KULKOWE 608 2Z;;608 2Z;ø2,2x0,7;79020;;;candidate_from_index;;5281
ZUN-000003;Z7902047;ŁOŻYSKO KULKOWE 607 2Z;;607 2Z;ø1,9x0,6;79020;;;candidate_from_index;;5283
ZUN-000133;Z7902201;ŚRUBA M6 lewy gwint 22mm;stal;M6 lewy gwint 22mm;ø1,1x2,5;79022;;;candidate_from_index;;5294
ZUN-000139;Z7902202;UCHWYT WIERTARSKI samo zacisk;;2-13mm 1/2-20UNF;ø4,3x6,2;79022;;;candidate_from_index;;5295
ZUN-000241;Z7902204;KLIN CZÓŁENKOWY;;;0,3x0,4x0,9;79022;;;candidate_from_index;;5297
ZUN-000255;Z7902211;KULKA STALOWA;;ø5mm;ø0,5;79022;;;candidate_from_index;;5300
ZUN-000131;Z7902301;ŚRUBA M5 lewy gwint 23mm;stal;M5 lewy gwint 23mm;ø0,8x2,2;79023;STHOR;Czesci_zamienne_79023.pdf;matched_manifest;https://drive.google.com/file/d/1jWYjESOGSdFOxF493UszKL2vfa4aA1W3/preview;5316
ZUN-000134;Z7902302;UCHWYT WIERTARSKI (kluczyk);;"1,5-13mm 1/2""-20UNF";ø4,2x5,8;79023;STHOR;Czesci_zamienne_79023.pdf;matched_manifest;https://drive.google.com/file/d/1jWYjESOGSdFOxF493UszKL2vfa4aA1W3/preview;5317
ZUN-000241;Z7902304;KLIN CZÓŁENKOWY;;;0,3x0,4x0,9;79023;STHOR;Czesci_zamienne_79023.pdf;matched_manifest;https://drive.google.com/file/d/1jWYjESOGSdFOxF493UszKL2vfa4aA1W3/preview;5320
ZUN-000255;Z7902305;KULKA STALOWA;;ø5mm;ø0,5;79023;STHOR;Czesci_zamienne_79023.pdf;matched_manifest;https://drive.google.com/file/d/1jWYjESOGSdFOxF493UszKL2vfa4aA1W3/preview;5321
ZUN-000005;Z7902315;ŁOŻYSKO KULKOWE 608 2Z;;608 2Z;ø2,2x0,7;79023;STHOR;Czesci_zamienne_79023.pdf;matched_manifest;https://drive.google.com/file/d/1jWYjESOGSdFOxF493UszKL2vfa4aA1W3/preview;5328
ZUN-000014;Z7902320;ŁOŻYSKO KULKOWE 627 2Z;;627 2Z;ø2,2x0,7;79023;STHOR;Czesci_zamienne_79023.pdf;matched_manifest;https://drive.google.com/file/d/1jWYjESOGSdFOxF493UszKL2vfa4aA1W3/preview;5334
ZUN-000552;Z7902328;WŁĄCZNIK;;FA2-6/1BEK 6(6)A 250V;3,2x4,3x7,53;79023;STHOR;Czesci_zamienne_79023.pdf;matched_manifest;https://drive.google.com/file/d/1jWYjESOGSdFOxF493UszKL2vfa4aA1W3/preview;5337
ZUN-000272;Z7902335;KABEL ZASILAJACY Z WTYCZKĄ;;2x0,75mm/2m H05VV-F;3,5x6x25;79023;STHOR;Czesci_zamienne_79023.pdf;matched_manifest;https://drive.google.com/file/d/1jWYjESOGSdFOxF493UszKL2vfa4aA1W3/preview;5341
ZUN-000132;Z7902401;ŚRUBA M5 lewy gwint 25mm;;M5 lewy gwint 25mm;ø0,9x2,4;79024;LUND;Czesci_zamienne_79024.pdf;matched_manifest;https://drive.google.com/file/d/1tqE-_TBiUPGOPfgb0tANJE8ZW75npZqK/preview;5342
ZUN-000134;Z7902403;UCHWYT WIERTARSKI (kluczyk);;"1,5-13mm 1/2""-20UNF";ø4,2x5,8;79024;LUND;Czesci_zamienne_79024.pdf;matched_manifest;https://drive.google.com/file/d/1tqE-_TBiUPGOPfgb0tANJE8ZW75npZqK/preview;5344
ZUN-000252;Z7902405;KULKA STALOWA;;ø3mm;ø0,3;79024;LUND;Czesci_zamienne_79024.pdf;matched_manifest;https://drive.google.com/file/d/1tqE-_TBiUPGOPfgb0tANJE8ZW75npZqK/preview;5346
ZUN-000255;Z7902410;KULKA STALOWA;;ø5mm;ø0,5;79024;LUND;Czesci_zamienne_79024.pdf;matched_manifest;https://drive.google.com/file/d/1tqE-_TBiUPGOPfgb0tANJE8ZW75npZqK/preview;5351
ZUN-000005;Z7902414;ŁOŻYSKO KULKOWE 608 2Z;;608 2Z;ø2,2x0,7;79024;LUND;Czesci_zamienne_79024.pdf;matched_manifest;https://drive.google.com/file/d/1tqE-_TBiUPGOPfgb0tANJE8ZW75npZqK/preview;5355
ZUN-000012;Z7902417;ŁOŻYSKO KULKOWE 626 2Z;;626 2Z;ø1,9x0,6;79024;LUND;Czesci_zamienne_79024.pdf;matched_manifest;https://drive.google.com/file/d/1tqE-_TBiUPGOPfgb0tANJE8ZW75npZqK/preview;5358
ZUN-000649;Z7902422;KONDENSATOR 0,22µF;tworzywo;0,22μF K X2 GPF40/085/21/C;0,7x1,7x2,6;79024;LUND;Czesci_zamienne_79024.pdf;matched_manifest;https://drive.google.com/file/d/1tqE-_TBiUPGOPfgb0tANJE8ZW75npZqK/preview;5363
ZUN-000552;Z7902423;WŁĄCZNIK;;FA2-6/1BEK 6(6)A 250V;3,2x4,3x7,53;79024;LUND;Czesci_zamienne_79024.pdf;matched_manifest;https://drive.google.com/file/d/1tqE-_TBiUPGOPfgb0tANJE8ZW75npZqK/preview;5364
ZUN-000133;Z7902601;ŚRUBA M6 lewy gwint 22mm;stal;M6 lewy gwint 22mm;ø1,1x2,5;79026;STHOR;Czesci_zamienne_79026.pdf;matched_manifest;https://drive.google.com/file/d/1J3c9VyF09P6zoSQkk3dWOX-ZaDS0V0lc/preview;5372
ZUN-000138;Z7902602;UCHWYT WIERTARSKI samo zacisk;;"13mm(1/2"") metalowy";ø4,3x6,2;79026;STHOR;Czesci_zamienne_79026.pdf;matched_manifest;https://drive.google.com/file/d/1J3c9VyF09P6zoSQkk3dWOX-ZaDS0V0lc/preview;5373
ZUN-000241;Z7902606;KLIN CZÓŁENKOWY;;;0,3x0,4x0,9;79026;STHOR;Czesci_zamienne_79026.pdf;matched_manifest;https://drive.google.com/file/d/1J3c9VyF09P6zoSQkk3dWOX-ZaDS0V0lc/preview;5375
ZUN-000033;Z7902608;ŁOŻYSKO KULKOWE 6002 2RS;;6002 2RS;ø3,2x0,9;79026;STHOR;Czesci_zamienne_79026.pdf;matched_manifest;https://drive.google.com/file/d/1J3c9VyF09P6zoSQkk3dWOX-ZaDS0V0lc/preview;5376
ZUN-000255;Z7902612;KULKA STALOWA;;ø5mm;ø0,5;79026;STHOR;Czesci_zamienne_79026.pdf;matched_manifest;https://drive.google.com/file/d/1J3c9VyF09P6zoSQkk3dWOX-ZaDS0V0lc/preview;5378
ZUN-000105;Z7902613;ŁOŻYSKO IGIEŁKOWE HK0810;;HK0810 ø8/ø12/10mm;ø1,2x1;79026;STHOR;Czesci_zamienne_79026.pdf;matched_manifest;https://drive.google.com/file/d/1J3c9VyF09P6zoSQkk3dWOX-ZaDS0V0lc/preview;5379
ZUN-000028;Z7902618;ŁOŻYSKO KULKOWE 6000 2Z;;6000 2Z;ø2,6x0,8;79026;STHOR;Czesci_zamienne_79026.pdf;matched_manifest;https://drive.google.com/file/d/1J3c9VyF09P6zoSQkk3dWOX-ZaDS0V0lc/preview;5383
ZUN-000005;Z7902624;ŁOŻYSKO KULKOWE 608 2Z;;608 2Z;ø2,2x0,7;79026;STHOR;Czesci_zamienne_79026.pdf;matched_manifest;https://drive.google.com/file/d/1J3c9VyF09P6zoSQkk3dWOX-ZaDS0V0lc/preview;5389
ZUN-000651;Z7902637;KONDENSATOR 0,33µF;tworzywo;0,33μF K X2 GPF40/085/21/C;0,8x1,7x2,63;79026;STHOR;Czesci_zamienne_79026.pdf;matched_manifest;https://drive.google.com/file/d/1J3c9VyF09P6zoSQkk3dWOX-ZaDS0V0lc/preview;5396
ZUN-000133;Z7902701;ŚRUBA M6 lewy gwint 22mm;stal;M6 lewy gwint 22mm;ø1,1x2,5;79027;;;candidate_from_index;;5397
ZUN-000134;Z7902702;UCHWYT WIERTARSKI (kluczyk);;"1,5-13mm 1/2""-20UNF";ø4,2x5,8;79027;;;candidate_from_index;;5398
ZUN-000033;Z7902711;ŁOŻYSKO KULKOWE 6002 2RS;;6002 2RS;ø3,2x0,9;79027;;;candidate_from_index;;5401
ZUN-000183;Z7902717;TULEJA MOSIĘŻNA;mosiądz;ø8/ø12/10mm;ø1,2x1;79027;;;candidate_from_index;;5407
ZUN-000005;Z7902726;ŁOŻYSKO KULKOWE 608 2Z;;608 2Z;ø2,2x0,7;79027;;;candidate_from_index;;5414
ZUN-000254;Z79029004;KULKA STALOWA ø4mm;;ø4mm;ø0,4;79029;;;candidate_from_index;;5435
ZUN-000105;Z79029008;ŁOŻYSKO IGIEŁKOWE HK0810;;HK0810 ø8/ø12/10mm;ø1,2x1;79029;;;candidate_from_index;;5437
ZUN-000244;Z79029025;KLIN PŁASKI;;3/3/18mm;0,3x0,3x1,8;79029;;;candidate_from_index;;5448
ZUN-000261;Z79029026;KULKA STALOWA ø7,93mm;;ø7,93mm;ø0,793;79029;;;candidate_from_index;;5449
ZUN-000260;Z79029031;KULKA STALOWA ø7,14mm;;ø7,14mm;ø0,714;79029;;;candidate_from_index;;5453
ZUN-000005;Z79029055;ŁOŻYSKO KULKOWE 608 2Z;;608 2Z;ø2,2x0,7;79029;;;candidate_from_index;;5468
ZUN-000030;Z79029057;ŁOŻYSKO KULKOWE 6001 2Z;;6001 2Z;ø2,8x0,8;79029;;;candidate_from_index;;5470
ZUN-000014;Z79029064;ŁOŻYSKO KULKOWE 627 2Z;;627 2Z;ø2,2x0,7;79029;;;candidate_from_index;;5476
ZUN-000033;Z79029071;ŁOŻYSKO KULKOWE 66002 2Z;;6002 2Z;ø3,2x0,9;79029;;;candidate_from_index;;5477
ZUN-000111;Z79029076;ŁOŻYSKO IGIEŁKOWE HK1210;;HK1210 ø12/ø16/10mm;ø1,6x1;79029;;;candidate_from_index;;5479
ZUN-000044;Z79029085;ŁOŻYSKO KULKOWE 6003 2Z;;6003 2Z;ø3,5x1;79029;;;candidate_from_index;;5485
ZUN-000261;Z7903001;KULKA STALOWA;;ø7,93mm;ø0,793;79030;STHOR;Czesci_zamienne_79030.pdf;matched_manifest;https://drive.google.com/file/d/1H0FiaXuSgiw4FIkBp5sbkhWJiu7RmMOK/preview;5492
ZUN-000244;Z7903002;KLIN PŁASKI;;3/3/18mm;0,3x0,3x1,8;79030;STHOR;Czesci_zamienne_79030.pdf;matched_manifest;https://drive.google.com/file/d/1H0FiaXuSgiw4FIkBp5sbkhWJiu7RmMOK/preview;5493
ZUN-000525;Z7903008;O-RING;;ø19,2/ø25,2/ø3mm;ø2,52x0,3;79030;STHOR;Czesci_zamienne_79030.pdf;matched_manifest;https://drive.google.com/file/d/1H0FiaXuSgiw4FIkBp5sbkhWJiu7RmMOK/preview;5499
ZUN-000184;Z7903012;TULEJA STALOWA;stal;ø8/ø12/10mm;ø1,2x1;79030;STHOR;Czesci_zamienne_79030.pdf;matched_manifest;https://drive.google.com/file/d/1H0FiaXuSgiw4FIkBp5sbkhWJiu7RmMOK/preview;5503
ZUN-000071;Z7903020;ŁOŻYSKO KULKOWE 6907 2RS;;6907 2RS/61907rs/1000907rs;ø5,5x1;79030;STHOR;Czesci_zamienne_79030.pdf;matched_manifest;https://drive.google.com/file/d/1H0FiaXuSgiw4FIkBp5sbkhWJiu7RmMOK/preview;5508
ZUN-000260;Z7903027;KULKA STALOWA;;ø7,14mm;ø0,714;79030;STHOR;Czesci_zamienne_79030.pdf;matched_manifest;https://drive.google.com/file/d/1H0FiaXuSgiw4FIkBp5sbkhWJiu7RmMOK/preview;5515
ZUN-000260;Z7903029;KULKA STALOWA;;ø7,14mm;ø0,714;79030;STHOR;Czesci_zamienne_79030.pdf;matched_manifest;https://drive.google.com/file/d/1H0FiaXuSgiw4FIkBp5sbkhWJiu7RmMOK/preview;5517
ZUN-000031;Z7903035;ŁOŻYSKO KULKOWE 6001 2RS;;6001 2RS;ø2,8x0,8;79030;STHOR;Czesci_zamienne_79030.pdf;matched_manifest;https://drive.google.com/file/d/1H0FiaXuSgiw4FIkBp5sbkhWJiu7RmMOK/preview;5524
ZUN-000006;Z7903051;ŁOŻYSKO KULKOWE 608 2RS;;608 2RS;ø2,2x0,7;79030;STHOR;Czesci_zamienne_79030.pdf;matched_manifest;https://drive.google.com/file/d/1H0FiaXuSgiw4FIkBp5sbkhWJiu7RmMOK/preview;5543
ZUN-000014;Z7903056;ŁOŻYSKO KULKOWE 627 2Z;;627 2Z;ø2,2x0,7;79030;STHOR;Czesci_zamienne_79030.pdf;matched_manifest;https://drive.google.com/file/d/1H0FiaXuSgiw4FIkBp5sbkhWJiu7RmMOK/preview;5547
ZUN-000042;Z7903079;ŁOŻYSKO KULKOWE 6202 2Z;;6202 2Z;ø3,5x1,1;79030;STHOR;Czesci_zamienne_79030.pdf;matched_manifest;https://drive.google.com/file/d/1H0FiaXuSgiw4FIkBp5sbkhWJiu7RmMOK/preview;5563
ZUN-000187;Z7903084;TULEJA STALOWA;stal;ø12/ø16/9mm;ø1,6x0,9;79030;STHOR;Czesci_zamienne_79030.pdf;matched_manifest;https://drive.google.com/file/d/1H0FiaXuSgiw4FIkBp5sbkhWJiu7RmMOK/preview;5565
ZUN-000279;Z7903089;KABEL ZASILAJĄCY Z WTYCZKĄ;;2x1,0mm/2m guma;3,5x6x30;79030;STHOR;Czesci_zamienne_79030.pdf;matched_manifest;https://drive.google.com/file/d/1H0FiaXuSgiw4FIkBp5sbkhWJiu7RmMOK/preview;5568
ZUN-000261;Z7903101;KULKA STALOWA;;ø7,93mm;ø0,793;79031;STHOR;Czesci_zamienne_79031.pdf;matched_manifest;https://drive.google.com/file/d/1z1tqwPbSky6FRL7FriIylGqB2r06Gm7x/preview;5570
ZUN-000244;Z7903102;KLIN PŁASKI;;3/3/18mm;0,3x0,3x1,8;79031;STHOR;Czesci_zamienne_79031.pdf;matched_manifest;https://drive.google.com/file/d/1z1tqwPbSky6FRL7FriIylGqB2r06Gm7x/preview;5571
ZUN-000105;Z7903112;ŁOŻYSKO IGIEŁKOWE HK0810;;HK0810 ø8/ø12/10mm;ø1,2x1;79031;STHOR;Czesci_zamienne_79031.pdf;matched_manifest;https://drive.google.com/file/d/1z1tqwPbSky6FRL7FriIylGqB2r06Gm7x/preview;5579
ZUN-000260;Z7903127;KULKA STALOWA;;ø7,14mm;ø0,714;79031;STHOR;Czesci_zamienne_79031.pdf;matched_manifest;https://drive.google.com/file/d/1z1tqwPbSky6FRL7FriIylGqB2r06Gm7x/preview;5586
ZUN-000260;Z7903129;KULKA STALOWA;;ø7,14mm;ø0,714;79031;STHOR;Czesci_zamienne_79031.pdf;matched_manifest;https://drive.google.com/file/d/1z1tqwPbSky6FRL7FriIylGqB2r06Gm7x/preview;5588
ZUN-000111;Z7903184;ŁOŻYSKO IGIEŁKOWE HK1210;;HK1210 ø12/ø16/10mm;ø1,6x1;79031;STHOR;Czesci_zamienne_79031.pdf;matched_manifest;https://drive.google.com/file/d/1z1tqwPbSky6FRL7FriIylGqB2r06Gm7x/preview;5610
ZUN-000279;Z7903189;KABEL ZASILAJĄCY Z WTYCZKĄ;;2x1,0mm/2m guma;3,5x6x30;79031;STHOR;Czesci_zamienne_79031.pdf;matched_manifest;https://drive.google.com/file/d/1z1tqwPbSky6FRL7FriIylGqB2r06Gm7x/preview;5612
ZUN-000111;Z7903256;ŁOŻYSKO IGIEŁKOWE HK1210;;HK1210 ø12/ø16/10mm;ø1,6x1;79032;STHOR;Czesci_zamienne_79032.pdf;matched_manifest;https://drive.google.com/file/d/1Zpa-mI6K6lTfZKNzG3KxT3RV-9zcQQnZ/preview;5654
ZUN-000183;Z79033019;TULEJA MOSIĘŻNA;mosiądz;ø8/ø12/10mm;ø1,2x1;79033;STHOR;Czesci_zamienne_79033.pdf;matched_manifest;https://drive.google.com/file/d/1-5qMz6jbDMuSMYGtQ3gL0b0mY2V6P8sg/preview;5689
ZUN-000260;Z79033033;KULKA STALOWA;;ø7,14mm;ø0,714;79033;STHOR;Czesci_zamienne_79033.pdf;matched_manifest;https://drive.google.com/file/d/1-5qMz6jbDMuSMYGtQ3gL0b0mY2V6P8sg/preview;5694
ZUN-000249;Z79033062;KLIN;;;0,5x0,5x2,2;79033;STHOR;Czesci_zamienne_79033.pdf;matched_manifest;https://drive.google.com/file/d/1-5qMz6jbDMuSMYGtQ3gL0b0mY2V6P8sg/preview;5706
ZUN-000111;Z79033070;ŁOŻYSKO IGIEŁKOWE HK1210;;HK1210 ø12/ø16/10mm;ø1,6x1;79033;STHOR;Czesci_zamienne_79033.pdf;matched_manifest;https://drive.google.com/file/d/1-5qMz6jbDMuSMYGtQ3gL0b0mY2V6P8sg/preview;5710
ZUN-000263;Z79034010;KULKA STALOWA;;ø8mm;ø0,8;79034;STHOR;Czesci_zamienne_79034.pdf;matched_manifest;https://drive.google.com/file/d/1IRUuvBdlQkAhkCxd_RXh_juJxYSr59Wx/preview;5721
ZUN-000242;Z79034011;KLIN PŁASKI;;2,5/3/18mm;0,25x0,3x1,8;79034;STHOR;Czesci_zamienne_79034.pdf;matched_manifest;https://drive.google.com/file/d/1IRUuvBdlQkAhkCxd_RXh_juJxYSr59Wx/preview;5722
ZUN-000105;Z79034026;ŁOŻYSKO IGIEŁKOWE HK0810;;HK0810 ø8/ø12/10mm;ø1,2x1;79034;STHOR;Czesci_zamienne_79034.pdf;matched_manifest;https://drive.google.com/file/d/1IRUuvBdlQkAhkCxd_RXh_juJxYSr59Wx/preview;5732
ZUN-000261;Z79035007;KULKA STALOWA;;ø7,93mm;ø0,793;79035;;;candidate_from_index;;5763
ZUN-000260;Z79035012;KULKA STALOWA;;ø7,14mm;ø0,714;79035;;;candidate_from_index;;5765
ZUN-000105;Z79035021;ŁOŻYSKO IGIEŁKOWE HK0810;;HK0810 ø8/ø12/10mm;ø1,2x1;79035;;;candidate_from_index;;5772
ZUN-000246;Z79035050;KLIN PŁASKI;;;0,4x0,4x1,2;79035;;;candidate_from_index;;5793
ZUN-000256;Z79035051;KULKA STALOWA;;ø5,5mm;ø0,55;79035;;;candidate_from_index;;5794
ZUN-000111;Z79035059;ŁOŻYSKO IGIEŁKOWE HK1210;;HK1210 ø12/ø16/10mm;ø1,6x1;79035;;;candidate_from_index;;5798
ZUN-000612;Z79036002;PIERŚCIEŃ USTALAJĄCY drut 18*2;;a-18,1/b-22/c-2mm;ø2,2x0,2;79036;STHOR;Czesci_zamienne_79036.pdf;matched_manifest;https://drive.google.com/file/d/17WB9GG2QYkOcDdE4x0hvu8xRSNXtFDUh/preview;5829
ZUN-000524;Z79036014;O-RING;;ø18/ø24/ø3mm;ø2,4x0,3;79036;STHOR;Czesci_zamienne_79036.pdf;matched_manifest;https://drive.google.com/file/d/17WB9GG2QYkOcDdE4x0hvu8xRSNXtFDUh/preview;5833
ZUN-000184;Z79036018;TULEJA STALOWA;stal;ø8/ø12/10mm;ø1,2x1;79036;STHOR;Czesci_zamienne_79036.pdf;matched_manifest;https://drive.google.com/file/d/17WB9GG2QYkOcDdE4x0hvu8xRSNXtFDUh/preview;5837
ZUN-000523;Z79036032;O-RING;;ø20/ø24/ø2mm;ø2,4x0,2;79036;STHOR;Czesci_zamienne_79036.pdf;matched_manifest;https://drive.google.com/file/d/17WB9GG2QYkOcDdE4x0hvu8xRSNXtFDUh/preview;5844
ZUN-000260;Z79036033;KULKA STALOWA;;ø7,14mm;ø0,714;79036;STHOR;Czesci_zamienne_79036.pdf;matched_manifest;https://drive.google.com/file/d/17WB9GG2QYkOcDdE4x0hvu8xRSNXtFDUh/preview;5845
ZUN-000088;Z79036037;ŁOŻYSKO KULKOWE 6907 bez osłon;;6907/61907/1000907 bez osłon;ø5,5x1;79036;STHOR;Czesci_zamienne_79036.pdf;matched_manifest;https://drive.google.com/file/d/17WB9GG2QYkOcDdE4x0hvu8xRSNXtFDUh/preview;5848
ZUN-000261;Z79036038;KULKA STALOWA;;ø7,93mm;ø0,793;79036;STHOR;Czesci_zamienne_79036.pdf;matched_manifest;https://drive.google.com/file/d/17WB9GG2QYkOcDdE4x0hvu8xRSNXtFDUh/preview;5849
ZUN-000242;Z79036040;KLIN PŁASKI;;2,5/3/18mm;0,25x0,3x1,8;79036;STHOR;Czesci_zamienne_79036.pdf;matched_manifest;https://drive.google.com/file/d/17WB9GG2QYkOcDdE4x0hvu8xRSNXtFDUh/preview;5851
ZUN-000615;Z79036044;PIERŚCIEŃ USTALAJĄCY;;a-26,9/b-29,9/c-1,6mm;ø3x0,15;79036;STHOR;Czesci_zamienne_79036.pdf;matched_manifest;https://drive.google.com/file/d/17WB9GG2QYkOcDdE4x0hvu8xRSNXtFDUh/preview;5855
ZUN-000079;Z79036047;ŁOŻYSKO KULKOWE 16002 bez osłon;;16002 bez osłon;ø3,2x0,8;79036;STHOR;Czesci_zamienne_79036.pdf;matched_manifest;https://drive.google.com/file/d/17WB9GG2QYkOcDdE4x0hvu8xRSNXtFDUh/preview;5858
ZUN-000255;Z79036050;KULKA STALOWA;;ø5mm;ø0,5;79036;STHOR;Czesci_zamienne_79036.pdf;matched_manifest;https://drive.google.com/file/d/17WB9GG2QYkOcDdE4x0hvu8xRSNXtFDUh/preview;5861
ZUN-000014;Z79036056;ŁOŻYSKO KULKOWE 627 2Z;;627 2Z;ø2,2x0,7;79036;STHOR;Czesci_zamienne_79036.pdf;matched_manifest;https://drive.google.com/file/d/17WB9GG2QYkOcDdE4x0hvu8xRSNXtFDUh/preview;5865
ZUN-000031;Z79036058;ŁOŻYSKO KULKOWE 6001 2RS;;6001 2RS;ø2,8x0,8;79036;STHOR;Czesci_zamienne_79036.pdf;matched_manifest;https://drive.google.com/file/d/17WB9GG2QYkOcDdE4x0hvu8xRSNXtFDUh/preview;5867
ZUN-000005;Z79036060;ŁOŻYSKO KULKOWE 608 2Z;;608 2Z;ø2,2x0,7;79036;STHOR;Czesci_zamienne_79036.pdf;matched_manifest;https://drive.google.com/file/d/17WB9GG2QYkOcDdE4x0hvu8xRSNXtFDUh/preview;5869
ZUN-000249;Z79036063;KLIN;;;0,5x0,5x2,2;79036;STHOR;Czesci_zamienne_79036.pdf;matched_manifest;https://drive.google.com/file/d/17WB9GG2QYkOcDdE4x0hvu8xRSNXtFDUh/preview;5871
ZUN-000034;Z79036066;ŁOŻYSKO KULKOWE 6003 2Z;;6003 2Z;ø3,5x1;79036;STHOR;Czesci_zamienne_79036.pdf;matched_manifest;https://drive.google.com/file/d/17WB9GG2QYkOcDdE4x0hvu8xRSNXtFDUh/preview;5874
ZUN-000111;Z79036071;ŁOŻYSKO IGIEŁKOWE HK1210;;HK1210 ø12/ø16/10mm;ø1,6x1;79036;STHOR;Czesci_zamienne_79036.pdf;matched_manifest;https://drive.google.com/file/d/17WB9GG2QYkOcDdE4x0hvu8xRSNXtFDUh/preview;5876
ZUN-000648;Z79036091;KONDENSATOR 0,22µF;;0,22µF M X2 TNS-2H TNS-2;0,7x1,6x2,6;79036;STHOR;Czesci_zamienne_79036.pdf;matched_manifest;https://drive.google.com/file/d/17WB9GG2QYkOcDdE4x0hvu8xRSNXtFDUh/preview;5883
ZUN-000264;Z79037020;KULKA STALOWA;;ø9mm;ø0,9;79037;;;candidate_from_index;;5896
ZUN-000109;Z79037034;ŁOŻYSKO IGIEŁKOWE HK1012;;HK1012 ø10/ø16/12mm;ø1,6x1,2;79037;;;candidate_from_index;;5906
ZUN-000111;Z79037074;ŁOŻYSKO IGIEŁKOWE HK1210;;HK1210 ø12/ø16/10mm;ø1,6x1;79037;;;candidate_from_index;;5922
ZUN-000183;Z79038018;TULEJA MOSIĘŻNA;mosiądz;ø8/ø12/10mm;ø1,2x1;79038;;;candidate_from_index;;5955
ZUN-000260;Z79038031;KULKA STALOWA;;ø7,14mm;ø0,714;79038;;;candidate_from_index;;5962
ZUN-000263;Z79038036;KULKA STALOWA;;ø8mm;ø0,8;79038;;;candidate_from_index;;5967
ZUN-000242;Z79038038;KLIN PŁASKI;;2,5/3/18mm;0,25x0,3x1,8;79038;;;candidate_from_index;;5969
ZUN-000079;Z79038045;ŁOŻYSKO KULKOWE 16002 bez osłon;;16002 bez osłon;ø3,2x0,8;79038;;;candidate_from_index;;5976
ZUN-000255;Z79038050;KULKA STALOWA;;ø5mm;ø0,5;79038;;;candidate_from_index;;5981
ZUN-000111;Z79038069;ŁOŻYSKO IGIEŁKOWE HK1210;;HK1210 ø12/ø16/10mm;ø1,6x1;79038;;;candidate_from_index;;6000
ZUN-000260;Z79040015;KULKA STALOWA;;ø7,14mm;ø0,714;79040;;;candidate_from_index;;6023
ZUN-000260;Z79040017;KULKA STALOWA;;ø7,14mm;ø0,714;79040;;;candidate_from_index;;6025
ZUN-000262;Z79040022;KULKA STALOWA;;ø7,94mm;ø0,794;79040;;;candidate_from_index;;6031
ZUN-000251;Z79040023;KLIN;;;0,3x0,3x1,2;79040;;;candidate_from_index;;6032
ZUN-000105;Z79040035;ŁOŻYSKO IGIEŁKOWE HK0810;;HK0810 ø8/ø12/10mm;ø1,2x1;79040;;;candidate_from_index;;6040
ZUN-000255;Z79040050;KULKA STALOWA;;ø5mm;ø0,5;79040;;;candidate_from_index;;6048
ZUN-000111;Z79040063;ŁOŻYSKO IGIEŁKOWE HK1210;;HK1210 ø12/ø16/10mm;ø1,6x1;79040;;;candidate_from_index;;6058
ZUN-000255;Z79040066;KULKA STALOWA;;ø5mm;ø0,5;79040;;;candidate_from_index;;6060
ZUN-000260;Z79041011;KULKA STALOWA;;ø7,14mm;ø0,714;79041;;;candidate_from_index;;6078
ZUN-000257;Z79041016;KULKA STALOWA;;ø6mm;ø0,6;79041;;;candidate_from_index;;6083
ZUN-000244;Z79041018;KLIN PŁASKI;;3/3/18mm;0,3x0,3x1,8;79041;;;candidate_from_index;;6085
ZUN-000183;Z79041032;TULEJA MOSIĘŻNA;mosiądz;ø8/ø12/10mm;ø1,2x1;79041;;;candidate_from_index;;6095
ZUN-000249;Z79041049;KLIN;;;0,5x0,5x2,2;79041;;;candidate_from_index;;6101
ZUN-000111;Z79041053;ŁOŻYSKO IGIEŁKOWE HK1210;;HK1210 ø12/ø16/10mm;ø1,6x1;79041;;;candidate_from_index;;6105
ZUN-000646;Z79043006;USZCZELKA OLEJOWA simmering;;ø35/ø51/6mm;ø5,1x0,6;79043;;;candidate_from_index;;6131
ZUN-000260;Z79043013;KULKA STALOWA;;ø7,14mm;ø0,714;79043;;;candidate_from_index;;6135
ZUN-000261;Z79043018;KULKA STALOWA;;ø7,93mm;ø0,793;79043;;;candidate_from_index;;6140
ZUN-000243;Z79043020;KLIN;;3/3/8mm;0,3x0,3x0,8;79043;;;candidate_from_index;;6143
ZUN-000183;Z79043029;TULEJA MOSIĘŻNA;mosiądz;ø8/ø12/10mm;ø1,2x1;79043;;;candidate_from_index;;6151
ZUN-000249;Z79043037;KLIN;;;0,5x0,5x2,2;79043;;;candidate_from_index;;6155
ZUN-000111;Z79043051;ŁOŻYSKO IGIEŁKOWE HK1210;;HK1210 ø12/ø16/10mm;ø1,6x1;79043;;;candidate_from_index;;6163
ZUN-000079;Z79043078;ŁOŻYSKO KULKOWE 16002 bez osłon;;16002 bez osłon;ø3,2x0,8;79043;;;candidate_from_index;;6176
ZUN-000255;Z79043083;KULKA STALOWA;;ø5mm;ø0,5;79043;;;candidate_from_index;;6181
ZUN-000651;Z79043103;KONDENSATOR 0,33µF;;0,33μF K X2 GPF40/085/21/C;0,8x1,7x2,63;79043;;;candidate_from_index;;6195
ZUN-000612;Z7904602;PIERŚCIEŃ USTALAJĄCY drut 18*2;;a-18,1/b-22/c-2mm;ø2,2x0,2;79046;STHOR;Czesci_zamienne_79046.pdf;matched_manifest;https://drive.google.com/file/d/1-oCLlTzbVWNBhW6J_qMgVWkPzsECEcC2/preview;6200
ZUN-000646;Z7904606;USZCZELKA OLEJOWA simmering;;ø35/ø51/6mm;ø5,1x0,6;79046;STHOR;Czesci_zamienne_79046.pdf;matched_manifest;https://drive.google.com/file/d/1-oCLlTzbVWNBhW6J_qMgVWkPzsECEcC2/preview;6203
ZUN-000628;Z7904607;PIERŚCIEŃ USTALAJĄCY;;a-32,1mm/ b-41,3mm/ c-1,4mm;0,14x3,8x4,13;79046;STHOR;Czesci_zamienne_79046.pdf;matched_manifest;https://drive.google.com/file/d/1-oCLlTzbVWNBhW6J_qMgVWkPzsECEcC2/preview;6204
ZUN-000260;Z7904613;KULKA STALOWA;;ø7,14mm;ø0,714;79046;STHOR;Czesci_zamienne_79046.pdf;matched_manifest;https://drive.google.com/file/d/1-oCLlTzbVWNBhW6J_qMgVWkPzsECEcC2/preview;6207
ZUN-000515;Z7904616;O-RING;;ø11/ø15/ø2mm;ø1,5x0,2;79046;STHOR;Czesci_zamienne_79046.pdf;matched_manifest;https://drive.google.com/file/d/1-oCLlTzbVWNBhW6J_qMgVWkPzsECEcC2/preview;6210
ZUN-000262;Z7904618;KULKA STALOWA;;ø7,94mm;ø0,794;79046;STHOR;Czesci_zamienne_79046.pdf;matched_manifest;https://drive.google.com/file/d/1-oCLlTzbVWNBhW6J_qMgVWkPzsECEcC2/preview;6212
ZUN-000242;Z7904620;KLIN PŁASKI;;2,5/3/18mm;0,25x0,3x1,8;79046;STHOR;Czesci_zamienne_79046.pdf;matched_manifest;https://drive.google.com/file/d/1-oCLlTzbVWNBhW6J_qMgVWkPzsECEcC2/preview;6214
ZUN-000525;Z7904626;O-RING;;ø19,2/ø25,2/ø3mm;ø2,52x0,3;79046;STHOR;Czesci_zamienne_79046.pdf;matched_manifest;https://drive.google.com/file/d/1-oCLlTzbVWNBhW6J_qMgVWkPzsECEcC2/preview;6217
ZUN-000105;Z7904633;ŁOŻYSKO IGIEŁKOWE HK0810;;HK0810 ø8/ø12/10mm;ø1,2x1;79046;STHOR;Czesci_zamienne_79046.pdf;matched_manifest;https://drive.google.com/file/d/1-oCLlTzbVWNBhW6J_qMgVWkPzsECEcC2/preview;6223
ZUN-000030;Z7904641;ŁOŻYSKO KULKOWE 6001 2Z;;6001 2Z;ø2,8x0,8;79046;STHOR;Czesci_zamienne_79046.pdf;matched_manifest;https://drive.google.com/file/d/1-oCLlTzbVWNBhW6J_qMgVWkPzsECEcC2/preview;6227
ZUN-000014;Z7904649;ŁOŻYSKO KULKOWE 627 2Z;;627 2Z;ø2,2x0,7;79046;STHOR;Czesci_zamienne_79046.pdf;matched_manifest;https://drive.google.com/file/d/1-oCLlTzbVWNBhW6J_qMgVWkPzsECEcC2/preview;6235
ZUN-000249;Z7904657;KLIN;;;0,5x0,5x2,2;79046;STHOR;Czesci_zamienne_79046.pdf;matched_manifest;https://drive.google.com/file/d/1-oCLlTzbVWNBhW6J_qMgVWkPzsECEcC2/preview;6240
ZUN-000006;Z7904664;ŁOŻYSKO KULKOWE 608 2RS;;608 2RS;ø2,2x0,7;79046;STHOR;Czesci_zamienne_79046.pdf;matched_manifest;https://drive.google.com/file/d/1-oCLlTzbVWNBhW6J_qMgVWkPzsECEcC2/preview;6246
ZUN-000650;Z7904678;KONDENSATOR 0,33µF;;0,33μF M X2 TNS-2H 40/085/21/C 275V;0,8x1,75x2,56;79046;STHOR;Czesci_zamienne_79046.pdf;matched_manifest;https://drive.google.com/file/d/1-oCLlTzbVWNBhW6J_qMgVWkPzsECEcC2/preview;6253
ZUN-000279;Z7904682;KABEL ZASILAJĄCY Z WTYCZKĄ;;2x1,0mm/2m guma;3,5x6x30;79046;STHOR;Czesci_zamienne_79046.pdf;matched_manifest;https://drive.google.com/file/d/1-oCLlTzbVWNBhW6J_qMgVWkPzsECEcC2/preview;6255
ZUN-000111;Z7904688;ŁOŻYSKO IGIEŁKOWE HK1210;;HK1210 ø12/ø16/10mm;ø1,6x1;79046;STHOR;Czesci_zamienne_79046.pdf;matched_manifest;https://drive.google.com/file/d/1-oCLlTzbVWNBhW6J_qMgVWkPzsECEcC2/preview;6256
ZUN-000595;Z7904695;OSŁONA ŁOŻYSKA 608;;ø18/ø21/ø25,2/10mm;ø2,52x1;79046;STHOR;Czesci_zamienne_79046.pdf;matched_manifest;https://drive.google.com/file/d/1-oCLlTzbVWNBhW6J_qMgVWkPzsECEcC2/preview;6262
ZUN-000528;Z79047024;O-RING;;ø23,1/ø27,7/ø2,3mm;ø2,77x0,23;79047;STHOR;Czesci_zamienne_79047.pdf;matched_manifest;https://drive.google.com/file/d/1Yf3OHbJYabwO0GsEArlBId01NjmwvTgx/preview;6279
ZUN-000265;Z79047027;KULKA STALOWA;;ø10,5mm;ø1,05;79047;STHOR;Czesci_zamienne_79047.pdf;matched_manifest;https://drive.google.com/file/d/1Yf3OHbJYabwO0GsEArlBId01NjmwvTgx/preview;6282
ZUN-000244;Z79047028;KLIN PŁASKI;;3/3/18mm;0,3x0,3x1,8;79047;STHOR;Czesci_zamienne_79047.pdf;matched_manifest;https://drive.google.com/file/d/1Yf3OHbJYabwO0GsEArlBId01NjmwvTgx/preview;6283
ZUN-000109;Z79047040;ŁOŻYSKO IGIEŁKOWE HK1012;;HK1012 ø10/ø16/12mm;ø1,6x1,2;79047;STHOR;Czesci_zamienne_79047.pdf;matched_manifest;https://drive.google.com/file/d/1Yf3OHbJYabwO0GsEArlBId01NjmwvTgx/preview;6294
ZUN-000034;Z79047053;ŁOŻYSKO KULKOWE 6003 2Z;;6003 2Z;ø3,5x1;79047;STHOR;Czesci_zamienne_79047.pdf;matched_manifest;https://drive.google.com/file/d/1Yf3OHbJYabwO0GsEArlBId01NjmwvTgx/preview;6301
ZUN-000246;Z79047057;KLIN PŁASKI;;;0,4x0,4x1,2;79047;STHOR;Czesci_zamienne_79047.pdf;matched_manifest;https://drive.google.com/file/d/1Yf3OHbJYabwO0GsEArlBId01NjmwvTgx/preview;6302
ZUN-000111;Z79047063;ŁOŻYSKO IGIEŁKOWE HK1210;;HK1210 ø12/ø16/10mm;ø1,6x1;79047;STHOR;Czesci_zamienne_79047.pdf;matched_manifest;https://drive.google.com/file/d/1Yf3OHbJYabwO0GsEArlBId01NjmwvTgx/preview;6305
ZUN-000031;Z79047078;ŁOŻYSKO KULKOWE 6001 2RS;;6001 2RS;ø2,8x0,8;79047;STHOR;Czesci_zamienne_79047.pdf;matched_manifest;https://drive.google.com/file/d/1Yf3OHbJYabwO0GsEArlBId01NjmwvTgx/preview;6308
ZUN-000515;Z79047098;O-RING;;ø11/ø15/ø2mm;ø1,5x0,2;79047;STHOR;Czesci_zamienne_79047.pdf;matched_manifest;https://drive.google.com/file/d/1Yf3OHbJYabwO0GsEArlBId01NjmwvTgx/preview;6318
ZUN-000279;Z79047131;KABEL ZASILAJĄCY Z WTYCZKĄ;;2x1,0mm/2m guma;3,5x6x30;79047;STHOR;Czesci_zamienne_79047.pdf;matched_manifest;https://drive.google.com/file/d/1Yf3OHbJYabwO0GsEArlBId01NjmwvTgx/preview;6329
ZUN-000646;Z79048009;USZCZELKA OLEJOWA simmering;;ø35/ø51/6mm;ø5,1x0,6;79048;STHOR;Czesci_zamienne_79048.pdf;matched_manifest;https://drive.google.com/file/d/1Vfut3pUjIMKYwktEldXG0wCJst3mYLVN/preview;6339
ZUN-000260;Z79048012;KULKA STALOWA;;ø7,14mm;ø0,714;79048;STHOR;Czesci_zamienne_79048.pdf;matched_manifest;https://drive.google.com/file/d/1Vfut3pUjIMKYwktEldXG0wCJst3mYLVN/preview;6342
ZUN-000515;Z79048014;O-RING;;ø11/ø15/ø2mm;ø1,5x0,2;79048;STHOR;Czesci_zamienne_79048.pdf;matched_manifest;https://drive.google.com/file/d/1Vfut3pUjIMKYwktEldXG0wCJst3mYLVN/preview;6344
ZUN-000071;Z79048017;ŁOŻYSKO KULKOWE 6907 2RS;;6907 2RS/61907rs/1000907rs;ø5,5x1;79048;STHOR;Czesci_zamienne_79048.pdf;matched_manifest;https://drive.google.com/file/d/1Vfut3pUjIMKYwktEldXG0wCJst3mYLVN/preview;6346
ZUN-000262;Z79048018;KULKA STALOWA;;ø7,94mm;ø0,794;79048;STHOR;Czesci_zamienne_79048.pdf;matched_manifest;https://drive.google.com/file/d/1Vfut3pUjIMKYwktEldXG0wCJst3mYLVN/preview;6347
ZUN-000244;Z79048020;KLIN PŁASKI;;3/3/18mm;0,3x0,3x1,8;79048;STHOR;Czesci_zamienne_79048.pdf;matched_manifest;https://drive.google.com/file/d/1Vfut3pUjIMKYwktEldXG0wCJst3mYLVN/preview;6350
ZUN-000105;Z79048036;ŁOŻYSKO IGIEŁKOWE HK0810;;HK0810 ø8/ø12/10mm;ø1,2x1;79048;STHOR;Czesci_zamienne_79048.pdf;matched_manifest;https://drive.google.com/file/d/1Vfut3pUjIMKYwktEldXG0wCJst3mYLVN/preview;6365
ZUN-000031;Z79048039;ŁOŻYSKO KULKOWE 6001 2RS;;6001 2RS;ø2,8x0,8;79048;STHOR;Czesci_zamienne_79048.pdf;matched_manifest;https://drive.google.com/file/d/1Vfut3pUjIMKYwktEldXG0wCJst3mYLVN/preview;6368
ZUN-000006;Z79048041;ŁOŻYSKO KULKOWE 608 2RS;;608 2RS;ø2,2x0,7;79048;STHOR;Czesci_zamienne_79048.pdf;matched_manifest;https://drive.google.com/file/d/1Vfut3pUjIMKYwktEldXG0wCJst3mYLVN/preview;6370
ZUN-000254;Z79048051;KULKA STALOWA;;ø4mm;ø0,4;79048;STHOR;Czesci_zamienne_79048.pdf;matched_manifest;https://drive.google.com/file/d/1Vfut3pUjIMKYwktEldXG0wCJst3mYLVN/preview;6377
ZUN-000014;Z79048065;ŁOŻYSKO KULKOWE 627 2Z;;627 2Z;ø2,2x0,7;79048;STHOR;Czesci_zamienne_79048.pdf;matched_manifest;https://drive.google.com/file/d/1Vfut3pUjIMKYwktEldXG0wCJst3mYLVN/preview;6380
ZUN-000035;Z79048067;ŁOŻYSKO KULKOWE 6003 2RS;;6003 2RS;ø3,5x1;79048;STHOR;Czesci_zamienne_79048.pdf;matched_manifest;https://drive.google.com/file/d/1Vfut3pUjIMKYwktEldXG0wCJst3mYLVN/preview;6382
ZUN-000111;Z79048074;ŁOŻYSKO IGIEŁKOWE HK1210;;HK1210 ø12/ø16/10mm;ø1,6x1;79048;STHOR;Czesci_zamienne_79048.pdf;matched_manifest;https://drive.google.com/file/d/1Vfut3pUjIMKYwktEldXG0wCJst3mYLVN/preview;6386
ZUN-000249;Z79048076;KLIN;;;0,5x0,5x2,2;79048;STHOR;Czesci_zamienne_79048.pdf;matched_manifest;https://drive.google.com/file/d/1Vfut3pUjIMKYwktEldXG0wCJst3mYLVN/preview;6388
ZUN-000279;Z79048105;KABEL ZASILAJACY Z WTYCZKĄ;;2x1,0mm/2m guma;3,5x6x30;79048;STHOR;Czesci_zamienne_79048.pdf;matched_manifest;https://drive.google.com/file/d/1Vfut3pUjIMKYwktEldXG0wCJst3mYLVN/preview;6406
ZUN-000260;Z79049005;KULKA STALOWA;;ø7,14mm;ø0,714;79049;STHOR;Czesci_zamienne_79049.pdf;matched_manifest;https://drive.google.com/file/d/1PHT9YgeXoHtUP62jXe1dw-medNR2hJMX/preview;6412
ZUN-000101;Z79049010;ŁOŻYSKO IGIEŁKOWE HK0608;;HK0608 ø6/ø10/8mm;ø1x0,8;79049;STHOR;Czesci_zamienne_79049.pdf;matched_manifest;https://drive.google.com/file/d/1PHT9YgeXoHtUP62jXe1dw-medNR2hJMX/preview;6416
ZUN-000614;Z79049026;PIERŚCIEŃ USTALAJĄCY drut;;a-22,3/b-26,3/c-2mm;ø2,6x0,2;79049;STHOR;Czesci_zamienne_79049.pdf;matched_manifest;https://drive.google.com/file/d/1PHT9YgeXoHtUP62jXe1dw-medNR2hJMX/preview;6432
ZUN-000659;Z79049031;TRZPIEŃ CYLINDRA;;;ø1,19x1,92otwórø7;79049;STHOR;Czesci_zamienne_79049.pdf;matched_manifest;https://drive.google.com/file/d/1PHT9YgeXoHtUP62jXe1dw-medNR2hJMX/preview;6437
ZUN-000528;Z79049035;O-RING;;ø23,1/ø27,7/ø2,3mm;ø2,77x0,23;79049;STHOR;Czesci_zamienne_79049.pdf;matched_manifest;https://drive.google.com/file/d/1PHT9YgeXoHtUP62jXe1dw-medNR2hJMX/preview;6442
ZUN-000005;Z79049037;ŁOŻYSKO KULKOWE 608 2Z;;608 2Z;ø2,2x0,7;79049;STHOR;Czesci_zamienne_79049.pdf;matched_manifest;https://drive.google.com/file/d/1PHT9YgeXoHtUP62jXe1dw-medNR2hJMX/preview;6444
ZUN-000255;Z79049040;KULKA STALOWA ø5mm;;ø5mm;ø0,5;79049;STHOR;Czesci_zamienne_79049.pdf;matched_manifest;https://drive.google.com/file/d/1PHT9YgeXoHtUP62jXe1dw-medNR2hJMX/preview;6447
ZUN-000009;Z79049046;ŁOŻYSKO KULKOWE 609 2RS;;609 2RS osłona metalowa;ø2,4x0,75;79049;STHOR;Czesci_zamienne_79049.pdf;matched_manifest;https://drive.google.com/file/d/1PHT9YgeXoHtUP62jXe1dw-medNR2hJMX/preview;6453
ZUN-000003;Z79049048;ŁOŻYSKO KULKOWE 607 2Z;;607 2Z;ø1,9x0,6;79049;STHOR;Czesci_zamienne_79049.pdf;matched_manifest;https://drive.google.com/file/d/1PHT9YgeXoHtUP62jXe1dw-medNR2hJMX/preview;6455
ZUN-000602;Z79049052;OSŁONA ŁOŻYSKA 607;;ø13,4/ø19/ø22,3/10,5mm;ø2,23x1,05;79049;STHOR;Czesci_zamienne_79049.pdf;matched_manifest;https://drive.google.com/file/d/1PHT9YgeXoHtUP62jXe1dw-medNR2hJMX/preview;6457
ZUN-000582;Z79049066;WŁĄCZNIK blokada wyłączenia;;RG602 4(4)A 250V-5E4 RUIGU;3,46x7,1x9,1;79049;STHOR;Czesci_zamienne_79049.pdf;matched_manifest;https://drive.google.com/file/d/1PHT9YgeXoHtUP62jXe1dw-medNR2hJMX/preview;6462
ZUN-000271;Z79049067;KABEL ZASILAJĄCY Z WTYCZKĄ;;2x0,75mm/2,5m guma;3,5x6x30;79049;STHOR;Czesci_zamienne_79049.pdf;matched_manifest;https://drive.google.com/file/d/1PHT9YgeXoHtUP62jXe1dw-medNR2hJMX/preview;6463
ZUN-000131;Z7905011;ŚRUBA M5 lewy gwint 23mm;stal;M5 lewy gwint 23mm;ø0,8x2,2;79050;;;candidate_from_index;;6472
ZUN-000260;Z79051002;KULKA STALOWA;;ø7,14mm;ø0,714;79051;;;candidate_from_index;;6478
ZUN-000261;Z79051006;KULKA STALOWA;;ø7,93mm;ø0,793;79051;;;candidate_from_index;;6482
ZUN-000244;Z79051008;KLIN PŁASKI;;3/3/18mm;0,3x0,3x1,8;79051;;;candidate_from_index;;6484
ZUN-000111;Z79051108;ŁOŻYSKO IGIEŁKOWE HK1210;;HK1210 ø12/ø16/10mm;ø1,6x1;79051;;;candidate_from_index;;6532
ZUN-000260;Z79052009;KULKA STALOWA;;ø7,14mm;ø0,714;79052;;;candidate_from_index;;6541
ZUN-000261;Z79052010;KULKA STALOWA;;ø7,93mm;ø0,793;79052;;;candidate_from_index;;6542
ZUN-000244;Z79052019;KLIN PŁASKI;;3/3/18mm;0,3x0,3x1,8;79052;;;candidate_from_index;;6548
ZUN-000613;Z7905302;PIERŚCIEŃ USTALAJĄCY drut;;a-19/b-23/c-2mm;ø2,3x0,2;79053;STHOR;Czesci_zamienne_79053.pdf;matched_manifest;https://drive.google.com/file/d/1Fbm26KFkhe_YCPasJkSws4TLT_gvqFnX/preview;6595
ZUN-000260;Z7905304;KULKA STALOWA;;ø7,14mm;ø0,714;79053;STHOR;Czesci_zamienne_79053.pdf;matched_manifest;https://drive.google.com/file/d/1Fbm26KFkhe_YCPasJkSws4TLT_gvqFnX/preview;6597
ZUN-000616;Z7905312;PIERŚCIEŃ USTALAJĄCY drut;;a-27,6/b-31,6/c-2mm;ø3,1x0,2;79053;STHOR;Czesci_zamienne_79053.pdf;matched_manifest;https://drive.google.com/file/d/1Fbm26KFkhe_YCPasJkSws4TLT_gvqFnX/preview;6603
ZUN-000617;Z7905320;PIERŚCIEŃ USTALAJĄCY drut;;a-28,3/b-31,3/c-1,5mm;ø3,1x0,15;79053;STHOR;Czesci_zamienne_79053.pdf;matched_manifest;https://drive.google.com/file/d/1Fbm26KFkhe_YCPasJkSws4TLT_gvqFnX/preview;6611
ZUN-000520;Z7905329;O-RING 15*3;;ø15/ø21/ø3mm;ø2,1x0,3;79053;STHOR;Czesci_zamienne_79053.pdf;matched_manifest;https://drive.google.com/file/d/1Fbm26KFkhe_YCPasJkSws4TLT_gvqFnX/preview;6617
ZUN-000634;Z7905332;PODKŁADKA;;ø12,2/ø18/1,2mm;ø1,8x0,12;79053;STHOR;Czesci_zamienne_79053.pdf;matched_manifest;https://drive.google.com/file/d/1Fbm26KFkhe_YCPasJkSws4TLT_gvqFnX/preview;6620
ZUN-000002;Z7905342;ŁOŻYSKO KULKOWE 606 2RS;;606 2RS;ø1,7x0,6;79053;STHOR;Czesci_zamienne_79053.pdf;matched_manifest;https://drive.google.com/file/d/1Fbm26KFkhe_YCPasJkSws4TLT_gvqFnX/preview;6628
ZUN-000252;Z7905349;KULKA STALOWA;;ø3mm;ø0,3;79053;STHOR;Czesci_zamienne_79053.pdf;matched_manifest;https://drive.google.com/file/d/1Fbm26KFkhe_YCPasJkSws4TLT_gvqFnX/preview;6633
ZUN-000006;Z7905358;ŁOŻYSKO KULKOWE 608 2RS;;608 2RS;ø2,2x0,7;79053;STHOR;Czesci_zamienne_79053.pdf;matched_manifest;https://drive.google.com/file/d/1Fbm26KFkhe_YCPasJkSws4TLT_gvqFnX/preview;6639
ZUN-000530;Z7905363;O-RING;;ø24/ø29/ø2,5mm;ø2,9x0,25;79053;STHOR;Czesci_zamienne_79053.pdf;matched_manifest;https://drive.google.com/file/d/1Fbm26KFkhe_YCPasJkSws4TLT_gvqFnX/preview;6643
ZUN-000009;Z7905364;ŁOŻYSKO KULKOWE 609 2RS;;609 2RS osłona metalowa;ø2,4x0,75;79053;STHOR;Czesci_zamienne_79053.pdf;matched_manifest;https://drive.google.com/file/d/1Fbm26KFkhe_YCPasJkSws4TLT_gvqFnX/preview;6644
ZUN-000004;Z7905366;ŁOŻYSKO KULKOWE 607 2RS;;607 2RS;ø1,9x0,6;79053;STHOR;Czesci_zamienne_79053.pdf;matched_manifest;https://drive.google.com/file/d/1Fbm26KFkhe_YCPasJkSws4TLT_gvqFnX/preview;6646
ZUN-000603;Z7905367;OSŁONA ŁOŻYSKA 607;;ø13,9/ø18/ø22,1/9mm;ø2,21x0,9;79053;STHOR;Czesci_zamienne_79053.pdf;matched_manifest;https://drive.google.com/file/d/1Fbm26KFkhe_YCPasJkSws4TLT_gvqFnX/preview;6647
ZUN-000279;Z7905385;KABEL ZASILAJĄCY Z WTYCZKĄ;;2x1,0mm/2m guma;3,5x6x30;79053;STHOR;Czesci_zamienne_79053.pdf;matched_manifest;https://drive.google.com/file/d/1Fbm26KFkhe_YCPasJkSws4TLT_gvqFnX/preview;6655
ZUN-000133;Z79054001;ŚRUBA M6 lewy gwint 22mm;stal;M6 lewy gwint 22mm;ø1,1x2,5;79054;STHOR;Czesci_zamienne_79054.pdf;matched_manifest;https://drive.google.com/file/d/1-mp_iGtBEPNf-v0ikEe_rHuP4SsNV_nx/preview;6656
ZUN-000139;Z79054002;UCHWYT WIERTARSKI samo zacisk;;2-13mm 1/2-20UNF;ø4,3x6,2;79054;STHOR;Czesci_zamienne_79054.pdf;matched_manifest;https://drive.google.com/file/d/1-mp_iGtBEPNf-v0ikEe_rHuP4SsNV_nx/preview;6657
ZUN-000613;Z79054003;PIERŚCIEŃ USTALAJĄCY drut;;a-19/b-23/c-2mm;ø2,3x0,2;79054;STHOR;Czesci_zamienne_79054.pdf;matched_manifest;https://drive.google.com/file/d/1-mp_iGtBEPNf-v0ikEe_rHuP4SsNV_nx/preview;6658
ZUN-000260;Z79054016;KULKA STALOWA;;ø7,14mm;ø0,714;79054;STHOR;Czesci_zamienne_79054.pdf;matched_manifest;https://drive.google.com/file/d/1-mp_iGtBEPNf-v0ikEe_rHuP4SsNV_nx/preview;6671
ZUN-000103;Z79054025;ŁOŻYSKO IGIEŁKOWE HK0709;;HK0709 ø7/11/9mm;ø1,1x0,9;79054;STHOR;Czesci_zamienne_79054.pdf;matched_manifest;https://drive.google.com/file/d/1-mp_iGtBEPNf-v0ikEe_rHuP4SsNV_nx/preview;6680
ZUN-000618;Z79054028;PIERŚCIEŃ SPRĘŻYNUJĄCY;;a-27,6/b-32,6/c-2,5mm;ø3,3x0,25;79054;STHOR;Czesci_zamienne_79054.pdf;matched_manifest;https://drive.google.com/file/d/1-mp_iGtBEPNf-v0ikEe_rHuP4SsNV_nx/preview;6682
ZUN-000256;Z79054038;KULKA STALOWA;;ø5,5mm;ø0,55;79054;STHOR;Czesci_zamienne_79054.pdf;matched_manifest;https://drive.google.com/file/d/1-mp_iGtBEPNf-v0ikEe_rHuP4SsNV_nx/preview;6689
ZUN-000617;Z79054044;PIERŚCIEŃ USTALAJĄCY drut;;a-28,3/b-31,3/c-1,5mm;ø3,1x0,15;79054;STHOR;Czesci_zamienne_79054.pdf;matched_manifest;https://drive.google.com/file/d/1-mp_iGtBEPNf-v0ikEe_rHuP4SsNV_nx/preview;6697
ZUN-000520;Z79054053;O-RING;;ø15/ø21/ø3mm;ø2,1x0,3;79054;STHOR;Czesci_zamienne_79054.pdf;matched_manifest;https://drive.google.com/file/d/1-mp_iGtBEPNf-v0ikEe_rHuP4SsNV_nx/preview;6706
ZUN-000659;Z79054056;TRZPIEŃ CYLINDRA;;;ø1,19x1,92otwórø7;79054;STHOR;Czesci_zamienne_79054.pdf;matched_manifest;https://drive.google.com/file/d/1-mp_iGtBEPNf-v0ikEe_rHuP4SsNV_nx/preview;6709
ZUN-000099;Z79054067;ŁOŻYSKO IGIEŁKOWE HK0609;;HK0609 ø6/ø10/9mm;ø1x0,9;79054;STHOR;Czesci_zamienne_79054.pdf;matched_manifest;https://drive.google.com/file/d/1-mp_iGtBEPNf-v0ikEe_rHuP4SsNV_nx/preview;6721
ZUN-000027;Z79054074;ŁOŻYSKO KULKOWE 699 2Z;;699 2Z;ø2x0,5;79054;STHOR;Czesci_zamienne_79054.pdf;matched_manifest;https://drive.google.com/file/d/1-mp_iGtBEPNf-v0ikEe_rHuP4SsNV_nx/preview;6729
ZUN-000009;Z79054076;ŁOŻYSKO KULKOWE 609 2RS;;609 2RS osłona metalowa;ø2,4x0,75;79054;STHOR;Czesci_zamienne_79054.pdf;matched_manifest;https://drive.google.com/file/d/1-mp_iGtBEPNf-v0ikEe_rHuP4SsNV_nx/preview;6731
ZUN-000004;Z79054078;ŁOŻYSKO KULKOWE 607 2RS;;607 2RS;ø1,9x0,6;79054;STHOR;Czesci_zamienne_79054.pdf;matched_manifest;https://drive.google.com/file/d/1-mp_iGtBEPNf-v0ikEe_rHuP4SsNV_nx/preview;6733
ZUN-000602;Z79054082;OSŁONA ŁOŻYSKA 607;;ø13,4/ø19/ø22,3/10,5mm;ø2,23x1,05;79054;STHOR;Czesci_zamienne_79054.pdf;matched_manifest;https://drive.google.com/file/d/1-mp_iGtBEPNf-v0ikEe_rHuP4SsNV_nx/preview;6735
ZUN-000582;Z79054095;WŁĄCZNIK blokada wyłączenia;;RG602 4(4)A lub 8(6)A 250V-5E4 RUIGU;3,46x7,1x9,1;79054;STHOR;Czesci_zamienne_79054.pdf;matched_manifest;https://drive.google.com/file/d/1-mp_iGtBEPNf-v0ikEe_rHuP4SsNV_nx/preview;6741
ZUN-000271;Z79054097;KABEL ZASILAJĄCY Z WTYCZKĄ;;2x0,75mm/2,5m guma;3,5x6x30;79054;STHOR;Czesci_zamienne_79054.pdf;matched_manifest;https://drive.google.com/file/d/1-mp_iGtBEPNf-v0ikEe_rHuP4SsNV_nx/preview;6742
ZUN-000131;Z7905601;ŚRUBA M5 lewy gwint 23mm;stal;M5 lewy gwint 23mm;ø0,8x2,2;79056;STHOR;Czesci_zamienne_79056.pdf;matched_manifest;https://drive.google.com/file/d/1vfcj1TCZWHe66kQT2JkuFSPhVstr0Srx/preview;6745
ZUN-000141;Z7905602;UCHWYT WIERTARSKI samo zacisk;;"0,8-10mm 3/8""-24UNF";ø4x5,1;79056;STHOR;Czesci_zamienne_79056.pdf;matched_manifest;https://drive.google.com/file/d/1vfcj1TCZWHe66kQT2JkuFSPhVstr0Srx/preview;6746
ZUN-000131;Z7905711;ŚRUBA M5 lewy gwint 23mm;stal;M5 lewy gwint 23mm;ø0,8x2,2;79057;;;candidate_from_index;;6761
ZUN-000293;Z79063009;KULKA STALOWA;;ø2,5mm ( komplet 16szt.);ø0,25;79063;;;candidate_from_index;;6848
ZUN-000131;Z79071001;ŚRUBA M5 lewy gwint 23mm;stal;M5 lewy gwint 23mm;ø0,8x2,2;79071;STHOR;Czesci_zamienne_79071.pdf;matched_manifest;https://drive.google.com/file/d/1EC7OPAYblDi974BllvM4joGS2Q9VMCqx/preview;6910
ZUN-000141;Z79071002;UCHWYT WIERTARSKI samo zacisk;;"0,8-10mm 3/8""-24UNF";ø4,3x5,4;79071;STHOR;Czesci_zamienne_79071.pdf;matched_manifest;https://drive.google.com/file/d/1EC7OPAYblDi974BllvM4joGS2Q9VMCqx/preview;6911
ZUN-000178;Z79072030;KOŁO ZĘBATE SILNIKA;;oś półpłaska;ø0,8x0,7;79072;;;candidate_from_index;;6927
ZUN-000131;Z79072041;ŚRUBA M5 lewy gwint 23mm;stal;M5 lewy gwint 23mm;ø0,8x2,2;79072;;;candidate_from_index;;6929
ZUN-000131;Z7907501;ŚRUBA M5 lewy gwint 23mm;stal;M5 lewy gwint 23mm;ø0,8x2,2;79075;;;candidate_from_index;;6935
ZUN-000141;Z7907502;UCHWYT WIERTARSKI samo zacisk;;"0,8-10mm 3/8""-24UNF";ø4x5,1;79075;;;candidate_from_index;;6936
ZUN-000553;Z7907512;WŁĄCZNIK;;FA08A-12/1WEK-2 7.2-24V 12A Hengjia;2,1x4,76x6,1;79075;;;candidate_from_index;;6942
ZUN-000260;Z79076006;KULKA STALOWA;;ø7,14mm;ø0,714;79076;STHOR;Czesci_zamienne_79076.pdf;matched_manifest;https://drive.google.com/file/d/1X_on74CigPZjWBawtM6NVtcMxQqKr1hp/preview;6952
ZUN-000255;Z79076008;KULKA STALOWA;;ø5mm;ø0,5;79076;STHOR;Czesci_zamienne_79076.pdf;matched_manifest;https://drive.google.com/file/d/1X_on74CigPZjWBawtM6NVtcMxQqKr1hp/preview;6954
ZUN-000069;Z79076016;ŁOŻYSKO KULKOWE 6905 2RS;;6905 2RS;ø4,2x0,9;79076;STHOR;Czesci_zamienne_79076.pdf;matched_manifest;https://drive.google.com/file/d/1X_on74CigPZjWBawtM6NVtcMxQqKr1hp/preview;6960
ZUN-000251;Z79076019;KLIN;;;0,3x0,3x1,2;79076;STHOR;Czesci_zamienne_79076.pdf;matched_manifest;https://drive.google.com/file/d/1X_on74CigPZjWBawtM6NVtcMxQqKr1hp/preview;6963
ZUN-000515;Z79076044;O-RING 11*2;;ø11/ø15/ø2mm;ø1,5x0,2;79076;STHOR;Czesci_zamienne_79076.pdf;matched_manifest;https://drive.google.com/file/d/1X_on74CigPZjWBawtM6NVtcMxQqKr1hp/preview;6981
ZUN-000279;Z79076054;KABEL ZASILAJĄCY Z WTYCZKĄ;;2x1,0mm/2m guma;3,5x6x30;79076;STHOR;Czesci_zamienne_79076.pdf;matched_manifest;https://drive.google.com/file/d/1X_on74CigPZjWBawtM6NVtcMxQqKr1hp/preview;6984
ZUN-000033;Z79076065;ŁOŻYSKO KULKOWE 6002 2RS;;6002 2RS;ø3,2x0,9;79076;STHOR;Czesci_zamienne_79076.pdf;matched_manifest;https://drive.google.com/file/d/1X_on74CigPZjWBawtM6NVtcMxQqKr1hp/preview;6991
ZUN-000111;Z79076071;ŁOŻYSKO IGIEŁKOWE HK1210;;HK1210 ø12/ø16/10mm;ø1,6x1;79076;STHOR;Czesci_zamienne_79076.pdf;matched_manifest;https://drive.google.com/file/d/1X_on74CigPZjWBawtM6NVtcMxQqKr1hp/preview;6994
ZUN-000006;Z79076089;ŁOŻYSKO KULKOWE 608 2RS;;608 2RS;ø2,2x0,7;79076;STHOR;Czesci_zamienne_79076.pdf;matched_manifest;https://drive.google.com/file/d/1X_on74CigPZjWBawtM6NVtcMxQqKr1hp/preview;6999
ZUN-000004;Z79076091;ŁOŻYSKO KULKOWE 607 2RS;;607 2RS;ø1,9x0,6;79076;STHOR;Czesci_zamienne_79076.pdf;matched_manifest;https://drive.google.com/file/d/1X_on74CigPZjWBawtM6NVtcMxQqKr1hp/preview;7001
ZUN-000603;Z79076092;OSŁONA ŁOŻYSKA 607 z kołnierzem;;ø13,9/ø17,5/ø22/10mm;ø2,2x1;79076;STHOR;Czesci_zamienne_79076.pdf;matched_manifest;https://drive.google.com/file/d/1X_on74CigPZjWBawtM6NVtcMxQqKr1hp/preview;7002
ZUN-000131;Z7907701;ŚRUBA M5 lewy gwint 23mm;stal;M5 lewy gwint 23mm;ø0,8x2,2;79077;;;candidate_from_index;;7009
ZUN-000141;Z7907702;UCHWYT WIERTARSKI samo zacisk;;"0,8-10mm 3/8""-24UNF";ø4x5,1;79077;;;candidate_from_index;;7010
ZUN-000553;Z7907712;WŁĄCZNIK;;FA08A-12/1WEK-2 7.2-24V 12A Hengjia;2,1x4,76x6,1;79077;;;candidate_from_index;;7016
ZUN-000131;Z7907901;ŚRUBA M5 lewy gwint 23mm;stal;M5 lewy gwint 23mm;ø0,8x2,2;79079;;;candidate_from_index;;7021
ZUN-000141;Z7907902;UCHWYT WIERTARSKI samo zacisk;;"0,8-10mm 3/8""-24UNF";ø4x5,1;79079;;;candidate_from_index;;7022
ZUN-000553;Z7907912;WŁĄCZNIK;;FA08A-12/1WEK-2 7.2-24V 12A Hengjia;2,1x4,76x6,1;79079;;;candidate_from_index;;7028
ZUN-000634;Z79090001;PODKŁADKA;;ø12,2/ø18/1,2mm;ø1,8x0,12;79090;STHOR;Czesci_zamienne_79090.pdf;matched_manifest;https://drive.google.com/file/d/12ciSmc-3pa7ZPVehaWtr9XiTL19BS4QO/preview;7033
ZUN-000635;Z79090002;PODKŁADKA POLIURETANOWA;;ø13/ø18/2,5mm;ø1,8x0,25;79090;STHOR;Czesci_zamienne_79090.pdf;matched_manifest;https://drive.google.com/file/d/12ciSmc-3pa7ZPVehaWtr9XiTL19BS4QO/preview;7034
ZUN-000672;Z79090003;SPRĘŻYNA BLOKADY;;ø14,5/ø17,5/29mm drut ø1,3mm;ø1,8x2,9;79090;STHOR;Czesci_zamienne_79090.pdf;matched_manifest;https://drive.google.com/file/d/12ciSmc-3pa7ZPVehaWtr9XiTL19BS4QO/preview;7035
ZUN-000673;Z79090004;TULEJA BLOKADY;;;ø2,3x2,8;79090;STHOR;Czesci_zamienne_79090.pdf;matched_manifest;https://drive.google.com/file/d/12ciSmc-3pa7ZPVehaWtr9XiTL19BS4QO/preview;7036
ZUN-000674;Z79090007;TRZPIEŃ BLOKADY;;;ø0,4x1,8;79090;STHOR;Czesci_zamienne_79090.pdf;matched_manifest;https://drive.google.com/file/d/12ciSmc-3pa7ZPVehaWtr9XiTL19BS4QO/preview;7037
ZUN-000675;Z79090008;BLOKADA;;;1,8x2,7x9,6;79090;STHOR;Czesci_zamienne_79090.pdf;matched_manifest;https://drive.google.com/file/d/12ciSmc-3pa7ZPVehaWtr9XiTL19BS4QO/preview;7038
ZUN-000676;Z79090009;UCHWYT NARZĘDZIOWY;;;ø10,2x7,2;79090;STHOR;Czesci_zamienne_79090.pdf;matched_manifest;https://drive.google.com/file/d/12ciSmc-3pa7ZPVehaWtr9XiTL19BS4QO/preview;7039
ZUN-000677;Z79090010;PIERŚCIEŃ TŁUMIĄCY;;ø48,4/ø67,8/14mm;ø6,8x1,4;79090;STHOR;Czesci_zamienne_79090.pdf;matched_manifest;https://drive.google.com/file/d/12ciSmc-3pa7ZPVehaWtr9XiTL19BS4QO/preview;7040
ZUN-000678;Z79090011;O-RING;;ø23,3/ø33,5/ø5,1mm;ø3,35x0,51;79090;STHOR;Czesci_zamienne_79090.pdf;matched_manifest;https://drive.google.com/file/d/12ciSmc-3pa7ZPVehaWtr9XiTL19BS4QO/preview;7041
ZUN-000679;Z79090012;TULEJA;;ø24,3/ø68,4/27,1mm;ø6,8x2,7;79090;STHOR;Czesci_zamienne_79090.pdf;matched_manifest;https://drive.google.com/file/d/12ciSmc-3pa7ZPVehaWtr9XiTL19BS4QO/preview;7042
ZUN-000681;Z79090013;PIERŚCIEŃ;;ø54,5/ø65/28mm;ø6,5x2,8;79090;STHOR;Czesci_zamienne_79090.pdf;matched_manifest;https://drive.google.com/file/d/12ciSmc-3pa7ZPVehaWtr9XiTL19BS4QO/preview;7043
ZUN-000680;Z79090014;PIERŚCIEŃ GUMOWY;;ø64,8/ø66,1/27mm;ø6,6x2,7;79090;STHOR;Czesci_zamienne_79090.pdf;matched_manifest;https://drive.google.com/file/d/12ciSmc-3pa7ZPVehaWtr9XiTL19BS4QO/preview;7044
ZUN-000682;Z79090015;PODKŁADKA;;ø58/ø68/2mm;ø6,8x0,2;79090;STHOR;Czesci_zamienne_79090.pdf;matched_manifest;https://drive.google.com/file/d/12ciSmc-3pa7ZPVehaWtr9XiTL19BS4QO/preview;7045
ZUN-000683;Z79090016;PIERŚCIEŃ TŁUMIĄCY;;ø59/ø68/9,4mm;ø6,8x1;79090;STHOR;Czesci_zamienne_79090.pdf;matched_manifest;https://drive.google.com/file/d/12ciSmc-3pa7ZPVehaWtr9XiTL19BS4QO/preview;7046
ZUN-000684;Z79090017;CYLINDER;;;ø5,6x16,8;79090;STHOR;Czesci_zamienne_79090.pdf;matched_manifest;https://drive.google.com/file/d/12ciSmc-3pa7ZPVehaWtr9XiTL19BS4QO/preview;7047
ZUN-000685;Z79090023;USZCZELKA TŁOKA;;ø32/ø45/7mm;ø4,5x0,7;79090;STHOR;Czesci_zamienne_79090.pdf;matched_manifest;https://drive.google.com/file/d/12ciSmc-3pa7ZPVehaWtr9XiTL19BS4QO/preview;7050
ZUN-000686;Z79090024;TŁOK;;;ø4,5x4,8;79090;STHOR;Czesci_zamienne_79090.pdf;matched_manifest;https://drive.google.com/file/d/12ciSmc-3pa7ZPVehaWtr9XiTL19BS4QO/preview;7051
ZUN-000687;Z79090025;TRZPIEŃ TŁOKA;;;ø1,2x4,4;79090;STHOR;Czesci_zamienne_79090.pdf;matched_manifest;https://drive.google.com/file/d/12ciSmc-3pa7ZPVehaWtr9XiTL19BS4QO/preview;7052
ZUN-000688;Z79090026;ŁĄCZNIK TŁOKA;;;2,1x3,7x19,6;79090;STHOR;Czesci_zamienne_79090.pdf;matched_manifest;https://drive.google.com/file/d/12ciSmc-3pa7ZPVehaWtr9XiTL19BS4QO/preview;7053
ZUN-000120;Z79090027;ŁOŻYSKO IGIEŁKOWE NK1820;;NK18/20 ø18/ø26/20mm;ø2,6x2;79090;STHOR;Czesci_zamienne_79090.pdf;matched_manifest;https://drive.google.com/file/d/12ciSmc-3pa7ZPVehaWtr9XiTL19BS4QO/preview;7054
ZUN-000689;Z79090028;OSŁONA ŁOŻYSKA;;;ø3,4x0,2;79090;STHOR;Czesci_zamienne_79090.pdf;matched_manifest;https://drive.google.com/file/d/12ciSmc-3pa7ZPVehaWtr9XiTL19BS4QO/preview;7055
ZUN-000690;Z79090032;KLIN CZÓŁENKOWY;;;0,4x0,6x1,5;79090;STHOR;Czesci_zamienne_79090.pdf;matched_manifest;https://drive.google.com/file/d/12ciSmc-3pa7ZPVehaWtr9XiTL19BS4QO/preview;7058
ZUN-000049;Z79090037;ŁOŻYSKO KULKOWE 6205 2RS;;6205 2RS;ø5,2x1,5;79090;STHOR;Czesci_zamienne_79090.pdf;matched_manifest;https://drive.google.com/file/d/12ciSmc-3pa7ZPVehaWtr9XiTL19BS4QO/preview;7060
ZUN-000059;Z79090044;ŁOŻYSKO KULKOWE 6302 2RS;;6302 2RS;ø4x1,2;79090;STHOR;Czesci_zamienne_79090.pdf;matched_manifest;https://drive.google.com/file/d/12ciSmc-3pa7ZPVehaWtr9XiTL19BS4QO/preview;7066
ZUN-000045;Z79090051;ŁOŻYSKO KULKOWE 6203 2RS;;6203 2RS;ø4x1,2;79090;STHOR;Czesci_zamienne_79090.pdf;matched_manifest;https://drive.google.com/file/d/12ciSmc-3pa7ZPVehaWtr9XiTL19BS4QO/preview;7069
ZUN-000041;Z79090052;ŁOŻYSKO KULKOWE 6201 2RS;;6201 2RS;ø3,2x1;79090;STHOR;Czesci_zamienne_79090.pdf;matched_manifest;https://drive.google.com/file/d/12ciSmc-3pa7ZPVehaWtr9XiTL19BS4QO/preview;7070
ZUN-000030;Z79090055;ŁOŻYSKO KULKOWE 6001 2Z;;6001 2Z;ø2,8x0,8;79090;STHOR;Czesci_zamienne_79090.pdf;matched_manifest;https://drive.google.com/file/d/12ciSmc-3pa7ZPVehaWtr9XiTL19BS4QO/preview;7072
ZUN-000285;Z79090067;KABEL ZASILAJĄCY Z WTYCZKĄ;;2x1,5mm/3m guma H07RN-F Ø10mm;3,6x7x34;79090;STHOR;Czesci_zamienne_79090.pdf;matched_manifest;https://drive.google.com/file/d/12ciSmc-3pa7ZPVehaWtr9XiTL19BS4QO/preview;7078
ZUN-000581;Z79090068;WŁĄCZNIK krótszy przycisk;;FA2-10/2W2-1 10(10)A 250V MKT;1,78x3,6x5,07;79090;STHOR;Czesci_zamienne_79090.pdf;matched_manifest;https://drive.google.com/file/d/12ciSmc-3pa7ZPVehaWtr9XiTL19BS4QO/preview;7079
ZUN-000525;Z79090091;O-RING;;ø19,2/ø25,2/ø3mm;ø2,52x0,3;79090;STHOR;Czesci_zamienne_79090.pdf;matched_manifest;https://drive.google.com/file/d/12ciSmc-3pa7ZPVehaWtr9XiTL19BS4QO/preview;7091
ZUN-000041;Z79093-10;ŁOŻYSKO KULKOWE 6201 2RS;;6201 2RS;ø3,2x1;79093;STHOR;Czesci_zamienne_79093.pdf;matched_manifest;https://drive.google.com/file/d/1ZKNMRILAGEJrIA2_y9VdIsVH6zBdnKUb/preview;7099
ZUN-000006;Z79093-26;ŁOŻYSKO KULKOWE 608 2RS;;608 2RS;ø2,2x0,7;79093;STHOR;Czesci_zamienne_79093.pdf;matched_manifest;https://drive.google.com/file/d/1ZKNMRILAGEJrIA2_y9VdIsVH6zBdnKUb/preview;7106
ZUN-000006;Z79093-30;ŁOŻYSKO KULKOWE 608 2RS;;608 2RS;ø2,2x0,7;79093;STHOR;Czesci_zamienne_79093.pdf;matched_manifest;https://drive.google.com/file/d/1ZKNMRILAGEJrIA2_y9VdIsVH6zBdnKUb/preview;7108
ZUN-000241;Z79094007;KLIN CZÓŁENKOWY;;;0,3x0,4x0,9;79094;STHOR;Czesci_zamienne_79094.pdf;matched_manifest;https://drive.google.com/file/d/1JbjMbj7KnTlFYRUpiHPhL6ti0H5kbWFB/preview;7121
ZUN-000029;Z79094010;ŁOŻYSKO KULKOWE 6000 2RS;;6000 2RS;ø2,6x0,8;79094;STHOR;Czesci_zamienne_79094.pdf;matched_manifest;https://drive.google.com/file/d/1JbjMbj7KnTlFYRUpiHPhL6ti0H5kbWFB/preview;7123
ZUN-000182;Z79094015;TULEJA MIEDZIANA;;ø8/ø12/8mm;ø1,2x0,8;79094;STHOR;Czesci_zamienne_79094.pdf;matched_manifest;https://drive.google.com/file/d/1JbjMbj7KnTlFYRUpiHPhL6ti0H5kbWFB/preview;7125
ZUN-000019;Z79094021;ŁOŻYSKO KULKOWE 629 2RS;;629 2RS;ø2,6x0,8;79094;STHOR;Czesci_zamienne_79094.pdf;matched_manifest;https://drive.google.com/file/d/1JbjMbj7KnTlFYRUpiHPhL6ti0H5kbWFB/preview;7130
ZUN-000630;Z79094022;PIERŚCIEŃ USTALAJĄCY;;a-25,6mm/b-30,3mm/c-1,2mm;0,1x2,8x3,1;79094;STHOR;Czesci_zamienne_79094.pdf;matched_manifest;https://drive.google.com/file/d/1JbjMbj7KnTlFYRUpiHPhL6ti0H5kbWFB/preview;7131
ZUN-000241;Z79094025;KLIN CZÓŁENKOWY;;;0,3x0,4x0,9;79094;STHOR;Czesci_zamienne_79094.pdf;matched_manifest;https://drive.google.com/file/d/1JbjMbj7KnTlFYRUpiHPhL6ti0H5kbWFB/preview;7133
ZUN-000003;Z79094027;ŁOŻYSKO KULKOWE 607 2Z;;607 2Z;ø1,9x0,6;79094;STHOR;Czesci_zamienne_79094.pdf;matched_manifest;https://drive.google.com/file/d/1JbjMbj7KnTlFYRUpiHPhL6ti0H5kbWFB/preview;7135
ZUN-000600;Z79094028;OSŁONA ŁOŻYSKA 607;;ø13,9/ø19/ø22,1/7,6mm;ø2,21x0,76;79094;STHOR;Czesci_zamienne_79094.pdf;matched_manifest;https://drive.google.com/file/d/1JbjMbj7KnTlFYRUpiHPhL6ti0H5kbWFB/preview;7136
ZUN-000563;Z79094040;WŁĄCZNIK z elektroniką;;FD29-1106 3<6(6)A 250V 5E4/ LBD23 8(8)A 250V FaDe / KR125-1 8(8)A 250V 5E4 ZLB;2,5x3x3,2;79094;STHOR;Czesci_zamienne_79094.pdf;matched_manifest;https://drive.google.com/file/d/1JbjMbj7KnTlFYRUpiHPhL6ti0H5kbWFB/preview;7143
ZUN-000271;Z79094046;KABEL ZASILAJACY Z WTYCZKA;;2x0,75mm/2,5m guma;3,5x6x30;79094;STHOR;Czesci_zamienne_79094.pdf;matched_manifest;https://drive.google.com/file/d/1JbjMbj7KnTlFYRUpiHPhL6ti0H5kbWFB/preview;7145
ZUN-000241;Z79095007;KLIN CZÓŁENKOWY;;;0,3x0,4x0,9;79095;STHOR;Czesci_zamienne_79095.pdf;matched_manifest;https://drive.google.com/file/d/1sL5QnhyU06Zz6LvaVbOUaN5cLJpQZxeh/preview;7149
ZUN-000028;Z79095010;ŁOŻYSKO KULKOWE 6000 2Z;;6000 2Z;ø2,6x0,8;79095;STHOR;Czesci_zamienne_79095.pdf;matched_manifest;https://drive.google.com/file/d/1sL5QnhyU06Zz6LvaVbOUaN5cLJpQZxeh/preview;7151
ZUN-000182;Z79095015;TULEJA MIEDZIANA;;ø8/ø12/8mm;ø1,2x0,8;79095;STHOR;Czesci_zamienne_79095.pdf;matched_manifest;https://drive.google.com/file/d/1sL5QnhyU06Zz6LvaVbOUaN5cLJpQZxeh/preview;7153
ZUN-000019;Z79095021;ŁOŻYSKO KULKOWE 629 2RS;;629 2RS;ø2,6x0,8;79095;STHOR;Czesci_zamienne_79095.pdf;matched_manifest;https://drive.google.com/file/d/1sL5QnhyU06Zz6LvaVbOUaN5cLJpQZxeh/preview;7158
ZUN-000629;Z79095022;PIERŚCIEŃ USTALAJĄCY;;a-23,6mm/b-28mm/c-0,9mm;0,1x2,6x2,8;79095;STHOR;Czesci_zamienne_79095.pdf;matched_manifest;https://drive.google.com/file/d/1sL5QnhyU06Zz6LvaVbOUaN5cLJpQZxeh/preview;7159
ZUN-000241;Z79095025;KLIN CZÓŁENKOWY;;;0,3x0,4x0,9;79095;STHOR;Czesci_zamienne_79095.pdf;matched_manifest;https://drive.google.com/file/d/1sL5QnhyU06Zz6LvaVbOUaN5cLJpQZxeh/preview;7161
ZUN-000003;Z79095027;ŁOŻYSKO KULKOWE 607 2Z;;607 2Z;ø1,9x0,6;79095;STHOR;Czesci_zamienne_79095.pdf;matched_manifest;https://drive.google.com/file/d/1sL5QnhyU06Zz6LvaVbOUaN5cLJpQZxeh/preview;7163
ZUN-000600;Z79095028;OSŁONA ŁOŻYSKA;;ø14/ø19/ø22,1/7,6mm;ø2,21x0,76;79095;STHOR;Czesci_zamienne_79095.pdf;matched_manifest;https://drive.google.com/file/d/1sL5QnhyU06Zz6LvaVbOUaN5cLJpQZxeh/preview;7164
ZUN-000648;Z79095039;KONDENSATOR 0,22µF;;0,22µF M X2 TNS-2H TNS-2;0,7x1,6x2,6;79095;STHOR;Czesci_zamienne_79095.pdf;matched_manifest;https://drive.google.com/file/d/1sL5QnhyU06Zz6LvaVbOUaN5cLJpQZxeh/preview;7171
ZUN-000563;Z79095040;WŁĄCZNIK z elektroniką;;FD29-1106 3<6(6)A 250V 5E4/ LBD23 8(8)A 250V FaDe / KR125-1 8(8)A 250V 5E4 ZLB;2,5x3x3,2;79095;STHOR;Czesci_zamienne_79095.pdf;matched_manifest;https://drive.google.com/file/d/1sL5QnhyU06Zz6LvaVbOUaN5cLJpQZxeh/preview;7172
ZUN-000272;Z79095046;KABEL ZASILAJACY Z WTYCZKĄ;;2x0,75mm/2m H05VV-F;3,5x6x25;79095;STHOR;Czesci_zamienne_79095.pdf;matched_manifest;https://drive.google.com/file/d/1sL5QnhyU06Zz6LvaVbOUaN5cLJpQZxeh/preview;7174
ZUN-000241;Z7909605;KLIN CZÓŁENKOWY;;;0,3x0,4x0,9;79096;LUND;Czesci_zamienne_79096.pdf;matched_manifest;https://drive.google.com/file/d/1K5ErBbwCA0d7TZ9pDKu3fhRC_SSIIIeG/preview;7178
ZUN-000182;Z7909613;TULEJA MIEDZIANA;;ø8/ø12/8mm;ø1,2x0,8;79096;LUND;Czesci_zamienne_79096.pdf;matched_manifest;https://drive.google.com/file/d/1K5ErBbwCA0d7TZ9pDKu3fhRC_SSIIIeG/preview;7185
ZUN-000622;Z7909614;PIERŚCIEŃ USTALAJĄCY;;a-9,2mm/ b-13,8mm/ c-1mm;0,1x1,1x1,4;79096;LUND;Czesci_zamienne_79096.pdf;matched_manifest;https://drive.google.com/file/d/1K5ErBbwCA0d7TZ9pDKu3fhRC_SSIIIeG/preview;7186
ZUN-000241;Z7909705;KLIN CZÓŁENKOWY;;;0,3x0,4x0,9;79097;;;candidate_from_index;;7205
ZUN-000241;Z7909809;KLIN CZÓŁENKOWY;;;0,3x0,4x0,9;79098;LUND;Czesci_zamienne_79098.pdf;matched_manifest;https://drive.google.com/file/d/13h5yw0iIUuS1mWwRce2L0_iXrKnWtvL8/preview;7235
ZUN-000028;Z7909814;ŁOŻYSKO KULKOWE 6000 2Z;;6000 2Z;ø2,6x0,8;79098;LUND;Czesci_zamienne_79098.pdf;matched_manifest;https://drive.google.com/file/d/13h5yw0iIUuS1mWwRce2L0_iXrKnWtvL8/preview;7239
ZUN-000629;Z7909815;PIERŚCIEŃ USTALAJĄCY;;a-23,6mm/b-28mm/c-0,9mm;0,1x2,6x2,8;79098;LUND;Czesci_zamienne_79098.pdf;matched_manifest;https://drive.google.com/file/d/13h5yw0iIUuS1mWwRce2L0_iXrKnWtvL8/preview;7240
ZUN-000622;Z7909817;PIERŚCIEŃ USTALAJĄCY;;a-9,2mm/ b-13,8mm/ c-1mm;0,1x1,1x1,4;79098;LUND;Czesci_zamienne_79098.pdf;matched_manifest;https://drive.google.com/file/d/13h5yw0iIUuS1mWwRce2L0_iXrKnWtvL8/preview;7242
ZUN-000185;Z7909818;TULEJA STALOWA;stal;ø8/ø12/8mm;ø1,2x0,8;79098;LUND;Czesci_zamienne_79098.pdf;matched_manifest;https://drive.google.com/file/d/13h5yw0iIUuS1mWwRce2L0_iXrKnWtvL8/preview;7243
ZUN-000005;Z7909826;ŁOŻYSKO KULKOWE 608 2Z;;608 2Z;ø2,2x0,7;79098;LUND;Czesci_zamienne_79098.pdf;matched_manifest;https://drive.google.com/file/d/13h5yw0iIUuS1mWwRce2L0_iXrKnWtvL8/preview;7249
ZUN-000598;Z7909830;OSŁONA ŁOŻYSKA;;ø17/ø21,8/ø25/8mm;ø2,5x0,8;79098;LUND;Czesci_zamienne_79098.pdf;matched_manifest;https://drive.google.com/file/d/13h5yw0iIUuS1mWwRce2L0_iXrKnWtvL8/preview;7251
ZUN-000648;Z7909838;KONDENSATOR 0,22µF;;0,22μF K X2 GPF40/085/21/C;0,7x1,6x2,6;79098;LUND;Czesci_zamienne_79098.pdf;matched_manifest;https://drive.google.com/file/d/13h5yw0iIUuS1mWwRce2L0_iXrKnWtvL8/preview;7257
ZUN-000272;Z7909844;KABEL ZASILAJACY Z WTYCZKĄ;;2x0,75mm/2m H05VV-F;3,5x6x25;79098;LUND;Czesci_zamienne_79098.pdf;matched_manifest;https://drive.google.com/file/d/13h5yw0iIUuS1mWwRce2L0_iXrKnWtvL8/preview;7262
ZUN-000601;Z7909901;OSŁONA ŁOŻYSKA;;ø12,3/ø19/ø21,1/9mm;ø2,21x0,9;79099;STHOR;Czesci_zamienne_79099.pdf;matched_manifest;https://drive.google.com/file/d/1ztHR7br6KPbQVe_eQ_ilROc8hMe4xDim/preview;7265
ZUN-000003;Z7909902;ŁOŻYSKO KULKOWE 607 2Z;;607 2Z;ø1,9x0,6;79099;STHOR;Czesci_zamienne_79099.pdf;matched_manifest;https://drive.google.com/file/d/1ztHR7br6KPbQVe_eQ_ilROc8hMe4xDim/preview;7266
ZUN-000028;Z7909906;ŁOŻYSKO KULKOWE 6000 2Z;;6000 2Z;ø2,6x0,8;79099;STHOR;Czesci_zamienne_79099.pdf;matched_manifest;https://drive.google.com/file/d/1ztHR7br6KPbQVe_eQ_ilROc8hMe4xDim/preview;7270
ZUN-000608;Z7909911;PIERŚCIEŃ USTALAJĄCY;stal;a-4,7mm/ b-9,8mm/ c-0,8mm;ø0,98x0,08;79099;STHOR;Czesci_zamienne_79099.pdf;matched_manifest;https://drive.google.com/file/d/1ztHR7br6KPbQVe_eQ_ilROc8hMe4xDim/preview;7275
ZUN-000182;Z7909912;TULEJA MIEDZIANA;;ø8/ø12/8mm;ø1,2x0,8;79099;STHOR;Czesci_zamienne_79099.pdf;matched_manifest;https://drive.google.com/file/d/1ztHR7br6KPbQVe_eQ_ilROc8hMe4xDim/preview;7276
ZUN-000028;Z7909916;ŁOŻYSKO KULKOWE 6000 2Z;;6000 2Z;ø2,6x0,8;79099;STHOR;Czesci_zamienne_79099.pdf;matched_manifest;https://drive.google.com/file/d/1ztHR7br6KPbQVe_eQ_ilROc8hMe4xDim/preview;7278
ZUN-000453;Z7909933;NAKRĘTKA;;M8 drobnozwojowa samokontrująca;0,5x1,2x1,3;79099;STHOR;Czesci_zamienne_79099.pdf;matched_manifest;https://drive.google.com/file/d/1ztHR7br6KPbQVe_eQ_ilROc8hMe4xDim/preview;7284
ZUN-000563;Z7909944;WŁĄCZNIK z elektroniką;;FD29-1106 3<6(6)A 250V 5E4/ LBD23 8(8)A 250V FaDe / KR125-1 8(8)A 250V 5E4 ZLB;2,5x3x3,2;79099;STHOR;Czesci_zamienne_79099.pdf;matched_manifest;https://drive.google.com/file/d/1ztHR7br6KPbQVe_eQ_ilROc8hMe4xDim/preview;7290
ZUN-000272;Z7909947;KABEL ZASILAJACY Z WTYCZKĄ;;2x0,75mm/2m H05VV-F;3,5x6x25;79099;STHOR;Czesci_zamienne_79099.pdf;matched_manifest;https://drive.google.com/file/d/1ztHR7br6KPbQVe_eQ_ilROc8hMe4xDim/preview;7292
ZUN-000241;Z7909948;KLIN CZÓŁENKOWY;;;0,3x0,4x0,9;79099;STHOR;Czesci_zamienne_79099.pdf;matched_manifest;https://drive.google.com/file/d/1ztHR7br6KPbQVe_eQ_ilROc8hMe4xDim/preview;7293
ZUN-000241;Z7910008;KLIN CZÓŁENKOWY;;;0,3x0,4x0,9;79100;STHOR;Czesci_zamienne_79100.pdf;matched_manifest;https://drive.google.com/file/d/1R-rW9RPyG40aLX_ZikpY8JjA47lfiXVa/preview;7300
ZUN-000030;Z7910013;ŁOŻYSKO KULKOWE 6001 2Z;;6001 2Z;ø2,8x0,8;79100;STHOR;Czesci_zamienne_79100.pdf;matched_manifest;https://drive.google.com/file/d/1R-rW9RPyG40aLX_ZikpY8JjA47lfiXVa/preview;7302
ZUN-000105;Z7910018;ŁOŻYSKO IGIEŁKOWE HK0810;;HK0810 ø8/ø12/10mm;ø1,2x1;79100;STHOR;Czesci_zamienne_79100.pdf;matched_manifest;https://drive.google.com/file/d/1R-rW9RPyG40aLX_ZikpY8JjA47lfiXVa/preview;7304
ZUN-000241;Z7910108;KLIN CZÓŁENKOWY;;;0,3x0,4x0,9;79101;STHOR;Czesci_zamienne_79101.pdf;matched_manifest;https://drive.google.com/file/d/1Y7zLf-uVcdZbNrWYY7DghL9993CIVF2j/preview;7322
ZUN-000183;Z7910217;TULEJA MOSIĘŻNA;mosiądz;ø8/ø12/10mm;ø1,2x1;79102;;;candidate_from_index;;7363
ZUN-000562;Z7910236;WŁĄCZNIK bez elektroniki;;S125 6(6)A 250V// S130 8(6)/250V;2,53x2,83x3,05;79102;;;candidate_from_index;;7378
ZUN-000272;Z7910254;KABEL ZASILAJĄCY Z WTYCZKĄ;;2x0,75mm/2m H05VV-F;3,5x6x25;79102;;;candidate_from_index;;7386
ZUN-000183;Z7910322;TULEJA MOSIĘŻNA;mosiądz;ø8/ø12/10mm;ø1,2x1;79103;;;candidate_from_index;;7396
ZUN-000241;Z7910408;KLIN CZÓŁENKOWY;;;0,3x0,4x0,9;79104;STHOR;Czesci_zamienne_79104.pdf;matched_manifest;https://drive.google.com/file/d/1c7jkwhjsooWNjVnf5BC6Msn779GaN22R/preview;7416
ZUN-000104;Z7910417;ŁOŻYSKO IGIEŁKOWE HK0808;;HK0808 ø8/ø12/8mm;ø1,2x0,8;79104;STHOR;Czesci_zamienne_79104.pdf;matched_manifest;https://drive.google.com/file/d/1c7jkwhjsooWNjVnf5BC6Msn779GaN22R/preview;7420
ZUN-000241;Z7910430;KLIN CZÓŁENKOWY;;;0,3x0,4x0,9;79104;STHOR;Czesci_zamienne_79104.pdf;matched_manifest;https://drive.google.com/file/d/1c7jkwhjsooWNjVnf5BC6Msn779GaN22R/preview;7429
ZUN-000562;Z7910449;WŁĄCZNIK bez elektroniki;;S125 6(6)A 250V// S130 8(6)/250V;2,53x2,83x3,05;79104;STHOR;Czesci_zamienne_79104.pdf;matched_manifest;https://drive.google.com/file/d/1c7jkwhjsooWNjVnf5BC6Msn779GaN22R/preview;7441
ZUN-000241;Z79104V208;KLIN CZÓŁENKOWY;;;0,3x0,4x0,9;79104;STHOR;Czesci_zamienne_79104.pdf;matched_manifest_prefix;https://drive.google.com/file/d/1c7jkwhjsooWNjVnf5BC6Msn779GaN22R/preview;7446
ZUN-000030;Z79104V213;ŁOŻYSKO KULKOWE 6001 2Z;;6001 2Z;ø2,8x0,8;79104;STHOR;Czesci_zamienne_79104.pdf;matched_manifest_prefix;https://drive.google.com/file/d/1c7jkwhjsooWNjVnf5BC6Msn779GaN22R/preview;7448
ZUN-000104;Z79104V217;ŁOŻYSKO IGIEŁKOWE HK0808;;HK0808 ø8/ø12/8mm;ø1,2x0,8;79104;STHOR;Czesci_zamienne_79104.pdf;matched_manifest_prefix;https://drive.google.com/file/d/1c7jkwhjsooWNjVnf5BC6Msn779GaN22R/preview;7450
ZUN-000018;Z79104V224;ŁOŻYSKO KULKOWE 629 2Z;;629 2Z;ø2,6x0,8;79104;STHOR;Czesci_zamienne_79104.pdf;matched_manifest_prefix;https://drive.google.com/file/d/1c7jkwhjsooWNjVnf5BC6Msn779GaN22R/preview;7455
ZUN-000241;Z79104V229;KLIN CZÓŁENKOWY;;;0,3x0,4x0,9;79104;STHOR;Czesci_zamienne_79104.pdf;matched_manifest_prefix;https://drive.google.com/file/d/1c7jkwhjsooWNjVnf5BC6Msn779GaN22R/preview;7459
ZUN-000003;Z79104V231;ŁOŻYSKO KULKOWE 607 2Z;;607 2Z;ø1,9x0,6;79104;STHOR;Czesci_zamienne_79104.pdf;matched_manifest_prefix;https://drive.google.com/file/d/1c7jkwhjsooWNjVnf5BC6Msn779GaN22R/preview;7461
ZUN-000562;Z79104V248;WŁĄCZNIK bez elektroniki;;S125 6(6)A 250V// S130 8(6)/250V;2,53x2,83x3,05;79104;STHOR;Czesci_zamienne_79104.pdf;matched_manifest_prefix;https://drive.google.com/file/d/1c7jkwhjsooWNjVnf5BC6Msn779GaN22R/preview;7471
ZUN-000274;Z79104V251;KABEL ZASILAJĄCY Z WTYCZKĄ;tworzywo/miedź;2x0,75mm/3m H05RN-F;3,5x7x28;79104;STHOR;Czesci_zamienne_79104.pdf;matched_manifest_prefix;https://drive.google.com/file/d/1c7jkwhjsooWNjVnf5BC6Msn779GaN22R/preview;7472
ZUN-000241;Z7910508;KLIN CZÓŁENKOWY;;;0,3x0,4x0,9;79105;STHOR;Czesci_zamienne_79105.pdf;matched_manifest;https://drive.google.com/file/d/1Fsuc18Ei1Ir4diYsyqh_WuvGNr8_hoyB/preview;7474
ZUN-000630;Z7910514;PIERŚCIEŃ USTALAJĄCY;;a-25,6mm/b-30,3mm/c-1,2mm;0,1x2,8x3,1;79105;STHOR;Czesci_zamienne_79105.pdf;matched_manifest;https://drive.google.com/file/d/1Fsuc18Ei1Ir4diYsyqh_WuvGNr8_hoyB/preview;7477
ZUN-000622;Z7910516;PIERŚCIEŃ USTALAJĄCY;;a-9,2mm/ b-13,8mm/ c-1mm;0,1x1,1x1,4;79105;STHOR;Czesci_zamienne_79105.pdf;matched_manifest;https://drive.google.com/file/d/1Fsuc18Ei1Ir4diYsyqh_WuvGNr8_hoyB/preview;7479
ZUN-000182;Z7910517;TULEJA MIEDZIANA;;ø8/ø12/8mm;ø1,2x0,8;79105;STHOR;Czesci_zamienne_79105.pdf;matched_manifest;https://drive.google.com/file/d/1Fsuc18Ei1Ir4diYsyqh_WuvGNr8_hoyB/preview;7480
ZUN-000018;Z7910524;ŁOŻYSKO KULKOWE 629 2Z;;629 2Z;ø2,6x0,8;79105;STHOR;Czesci_zamienne_79105.pdf;matched_manifest;https://drive.google.com/file/d/1Fsuc18Ei1Ir4diYsyqh_WuvGNr8_hoyB/preview;7485
ZUN-000241;Z7910529;KLIN CZÓŁENKOWY;;;0,3x0,4x0,9;79105;STHOR;Czesci_zamienne_79105.pdf;matched_manifest;https://drive.google.com/file/d/1Fsuc18Ei1Ir4diYsyqh_WuvGNr8_hoyB/preview;7487
ZUN-000003;Z7910531;ŁOŻYSKO KULKOWE 607 2Z;;607 2Z;ø1,9x0,6;79105;STHOR;Czesci_zamienne_79105.pdf;matched_manifest;https://drive.google.com/file/d/1Fsuc18Ei1Ir4diYsyqh_WuvGNr8_hoyB/preview;7489
ZUN-000600;Z7910532;OSŁONA ŁOŻYSKA;;ø13,4/ø19/ø22,1/7,3mm;ø2,21x0,73;79105;STHOR;Czesci_zamienne_79105.pdf;matched_manifest;https://drive.google.com/file/d/1Fsuc18Ei1Ir4diYsyqh_WuvGNr8_hoyB/preview;7490
ZUN-000562;Z7910548;WŁĄCZNIK bez elektroniki;;S125 6(6)A 250V// S130 8(6)/250V;2,53x2,83x3,05;79105;STHOR;Czesci_zamienne_79105.pdf;matched_manifest;https://drive.google.com/file/d/1Fsuc18Ei1Ir4diYsyqh_WuvGNr8_hoyB/preview;7497
ZUN-000241;Z7910607;KLIN CZÓŁENKOWY;;;0,3x0,4x0,9;79106;LUND;Czesci_zamienne_79106.pdf;matched_manifest;https://drive.google.com/file/d/160OFy9Bo1-hscX8yz_zLNyPCJreLfqi_/preview;7504
ZUN-000105;Z7910611;ŁOŻYSKO IGIEŁKOWE HK0810;;HK0810 ø8/ø12/10mm;ø1,2x1;79106;LUND;Czesci_zamienne_79106.pdf;matched_manifest;https://drive.google.com/file/d/160OFy9Bo1-hscX8yz_zLNyPCJreLfqi_/preview;7508
ZUN-000183;Z7910717;TULEJA MOSIĘŻNA;mosiądz;ø8/ø12/10mm;ø1,2x1;79107;;;candidate_from_index;;7539
ZUN-000562;Z7910752;WŁĄCZNIK bez elektroniki;;S125 6(6)A 250V// S130 8(6)/250V;2,53x2,83x3,05;79107;;;candidate_from_index;;7563
ZUN-000241;Z7910808;KLIN CZÓŁENKOWY;;;0,3x0,4x0,9;79108;STHOR;Czesci_zamienne_79108.pdf;matched_manifest;https://drive.google.com/file/d/1lxucq8Ws37ldD107Ge8DVn2dOfat2D_4/preview;7566
ZUN-000030;Z7910813;ŁOŻYSKO KULKOWE 6001 2Z;;6001 2Z;ø2,8x0,8;79108;STHOR;Czesci_zamienne_79108.pdf;matched_manifest;https://drive.google.com/file/d/1lxucq8Ws37ldD107Ge8DVn2dOfat2D_4/preview;7568
ZUN-000630;Z7910814;PIERŚCIEŃ USTALAJĄCY;;a-25,6mm/b-30,3mm/c-1,2mm;0,1x2,8x3,1;79108;STHOR;Czesci_zamienne_79108.pdf;matched_manifest;https://drive.google.com/file/d/1lxucq8Ws37ldD107Ge8DVn2dOfat2D_4/preview;7569
ZUN-000622;Z7910816;PIERŚCIEŃ USTALAJĄCY;;a-9,2mm/ b-13,8mm/ c-1mm;0,1x1,1x1,4;79108;STHOR;Czesci_zamienne_79108.pdf;matched_manifest;https://drive.google.com/file/d/1lxucq8Ws37ldD107Ge8DVn2dOfat2D_4/preview;7571
ZUN-000182;Z7910817;TULEJA MIEDZIANA;;ø8/ø12/8mm;ø1,2x0,8;79108;STHOR;Czesci_zamienne_79108.pdf;matched_manifest;https://drive.google.com/file/d/1lxucq8Ws37ldD107Ge8DVn2dOfat2D_4/preview;7572
ZUN-000608;Z7910821;PIERŚCIEŃ USTALAJĄCY;stal;a-4,7mm/ b-9,8mm/ c-0,8mm;ø0,98x0,08;79108;STHOR;Czesci_zamienne_79108.pdf;matched_manifest;https://drive.google.com/file/d/1lxucq8Ws37ldD107Ge8DVn2dOfat2D_4/preview;7574
ZUN-000241;Z7910829;KLIN CZÓŁENKOWY;;;0,3x0,4x0,9;79108;STHOR;Czesci_zamienne_79108.pdf;matched_manifest;https://drive.google.com/file/d/1lxucq8Ws37ldD107Ge8DVn2dOfat2D_4/preview;7579
ZUN-000003;Z7910831;ŁOŻYSKO KULKOWE 607 2Z;;607 2Z;ø1,9x0,6;79108;STHOR;Czesci_zamienne_79108.pdf;matched_manifest;https://drive.google.com/file/d/1lxucq8Ws37ldD107Ge8DVn2dOfat2D_4/preview;7581
ZUN-000600;Z7910832;OSŁONA ŁOŻYSKA;;ø14/ø19/ø22,1/7,4mm;ø2,21x0,74;79108;STHOR;Czesci_zamienne_79108.pdf;matched_manifest;https://drive.google.com/file/d/1lxucq8Ws37ldD107Ge8DVn2dOfat2D_4/preview;7582
ZUN-000562;Z7910848;WŁĄCZNIK bez elektroniki;;S125 6(6)A 250V// S130 8(6)/250V;2,53x2,83x3,05;79108;STHOR;Czesci_zamienne_79108.pdf;matched_manifest;https://drive.google.com/file/d/1lxucq8Ws37ldD107Ge8DVn2dOfat2D_4/preview;7589
ZUN-000241;Z7910907;KLIN CZÓŁENKOWY;;;0,3x0,4x0,9;79109;STHOR;Czesci_zamienne_79109.pdf;matched_manifest;https://drive.google.com/file/d/1F0p8x7nGsGJbOMGSCfTCfIVSHFsgjBVE/preview;7591
ZUN-000183;Z7910916;TULEJA MOSIĘŻNA;mosiądz;ø8/ø12/10mm;ø1,2x1;79109;STHOR;Czesci_zamienne_79109.pdf;matched_manifest;https://drive.google.com/file/d/1F0p8x7nGsGJbOMGSCfTCfIVSHFsgjBVE/preview;7597
ZUN-000183;Z7911017;TULEJA MOSIĘŻNA;mosiądz;ø8/ø12/10mm;ø1,2x1;79110;;;candidate_from_index;;7618
ZUN-000272;Z7911054;KABEL ZASILAJĄCY Z WTYCZKĄ;;2x0,75mm/2m H05VV-F;3,5x6x25;79110;;;candidate_from_index;;7637
ZUN-000028;Z79111006;ŁOŻYSKO KULKOWE 6000 2Z;;6000 2Z;ø2,6x0,8;79111;;;candidate_from_index;;7641
ZUN-000105;Z79111012;ŁOŻYSKO IGIEŁKOWE HK0810;;HK0810 ø8/ø12/10mm;ø1,2x1;79111;;;candidate_from_index;;7644
ZUN-000040;Z79111017;ŁOŻYSKO KULKOWE 6201 2Z;;6201 2Z;ø3,2x1;79111;;;candidate_from_index;;7646
ZUN-000241;Z79111052;KLIN CZÓŁENKOWY;;;0,3x0,4x0,9;79111;;;candidate_from_index;;7657
ZUN-000183;Z7911217;TULEJA MOSIĘŻNA;mosiądz;ø8/ø12/10mm;ø1,2x1;79112;;;candidate_from_index;;7666
ZUN-000562;Z7911236;WŁĄCZNIK bez elektroniki;;S125 6(6)A 250V// S130 8(6)/250V;2,53x2,83x3,05;79112;;;candidate_from_index;;7680
ZUN-000272;Z7911254;KABEL ZASILAJĄCY Z WTYCZKĄ;;2x0,75mm/2m H05VV-F;3,5x6x25;79112;;;candidate_from_index;;7691
ZUN-000241;Z7911308;KLIN CZÓŁENKOWY;;;0,3x0,4x0,9;79113;STHOR;Czesci_zamienne_79113.pdf;matched_manifest;https://drive.google.com/file/d/1yxrpIjlnLuEir3bfQTFBUeNq7JIQp1Fb/preview;7695
ZUN-000030;Z7911313;ŁOŻYSKO KULKOWE 6001 2Z;;6001 2Z;ø2,8x0,8;79113;STHOR;Czesci_zamienne_79113.pdf;matched_manifest;https://drive.google.com/file/d/1yxrpIjlnLuEir3bfQTFBUeNq7JIQp1Fb/preview;7697
ZUN-000105;Z7911318;ŁOŻYSKO IGIEŁKOWE HK0810;;HK0810 ø8/ø12/10mm;ø1,2x1;79113;STHOR;Czesci_zamienne_79113.pdf;matched_manifest;https://drive.google.com/file/d/1yxrpIjlnLuEir3bfQTFBUeNq7JIQp1Fb/preview;7699
ZUN-000003;Z7911334;ŁOŻYSKO KULKOWE 607 2Z;;607 2Z;ø1,9x0,6;79113;STHOR;Czesci_zamienne_79113.pdf;matched_manifest;https://drive.google.com/file/d/1yxrpIjlnLuEir3bfQTFBUeNq7JIQp1Fb/preview;7706
ZUN-000241;Z7911408;KLIN CZÓŁENKOWY;;;0,3x0,4x0,9;79114;STHOR;Czesci_zamienne_79114.pdf;matched_manifest;https://drive.google.com/file/d/1R3QprKm7N-l52dDOZykK6eI-yzm9UgNn/preview;7718
ZUN-000040;Z7911412;ŁOŻYSKO KULKOWE 6201 2Z;;6201 2Z;ø3,2x1;79114;STHOR;Czesci_zamienne_79114.pdf;matched_manifest;https://drive.google.com/file/d/1R3QprKm7N-l52dDOZykK6eI-yzm9UgNn/preview;7720
ZUN-000105;Z7911417;ŁOŻYSKO IGIEŁKOWE HK0810;;HK0810 ø8/ø12/10mm;ø1,2x1;79114;STHOR;Czesci_zamienne_79114.pdf;matched_manifest;https://drive.google.com/file/d/1R3QprKm7N-l52dDOZykK6eI-yzm9UgNn/preview;7722
ZUN-000005;Z7911431;ŁOŻYSKO KULKOWE 608 2Z;;608 2Z;ø2,2x0,7;79114;STHOR;Czesci_zamienne_79114.pdf;matched_manifest;https://drive.google.com/file/d/1R3QprKm7N-l52dDOZykK6eI-yzm9UgNn/preview;7730
ZUN-000651;Z7911445;KONDENSATOR 0,33µF;;0,33μF K X2 GPF40/085/21/C;0,8x1,7x2,63;79114;STHOR;Czesci_zamienne_79114.pdf;matched_manifest;https://drive.google.com/file/d/1R3QprKm7N-l52dDOZykK6eI-yzm9UgNn/preview;7736
ZUN-000559;Z7911448;WŁĄCZNIK blokada przed włączeniem;;FA7-10/2 10(10)A 250V 5E4 JIABEN;3,18x4,46x5,39;79114;STHOR;Czesci_zamienne_79114.pdf;matched_manifest;https://drive.google.com/file/d/1R3QprKm7N-l52dDOZykK6eI-yzm9UgNn/preview;7739
ZUN-000241;Z79115007;KLIN CZÓŁENKOWY;;;0,3x0,4x0,9;79115;;;candidate_from_index;;7747
ZUN-000183;Z79115017;TULEJA MOSIĘŻNA;mosiądz;ø8/ø12/10mm;ø1,2x1;79115;;;candidate_from_index;;7753
ZUN-000562;Z79115036;WŁĄCZNIK bez elektroniki;;S125 6(6)A 250V// S130 8(6)/250V;2,53x2,83x3,05;79115;;;candidate_from_index;;7768
ZUN-000241;Z7911607;KLIN CZÓŁENKOWY;;;0,3x0,4x0,9;79116;STHOR;Czesci_zamienne_79116.pdf;matched_manifest;https://drive.google.com/file/d/1a0PYb-2AuKE_D_j4UyTdsQOer0i2u2Is/preview;7777
ZUN-000028;Z7911612;ŁOŻYSKO KULKOWE 6000 2Z;;6000 2Z;ø2,6x0,8;79116;STHOR;Czesci_zamienne_79116.pdf;matched_manifest;https://drive.google.com/file/d/1a0PYb-2AuKE_D_j4UyTdsQOer0i2u2Is/preview;7779
ZUN-000608;Z7911619;PIERŚCIEŃ USTALAJĄCY;stal;a-4,7mm/ b-9,8mm/ c-0,8mm;ø0,98x0,08;79116;STHOR;Czesci_zamienne_79116.pdf;matched_manifest;https://drive.google.com/file/d/1a0PYb-2AuKE_D_j4UyTdsQOer0i2u2Is/preview;7781
ZUN-000183;Z7911620;TULEJA MOSIĘŻNA;mosiądz;ø8/ø12/10mm;ø1,2x1;79116;STHOR;Czesci_zamienne_79116.pdf;matched_manifest;https://drive.google.com/file/d/1a0PYb-2AuKE_D_j4UyTdsQOer0i2u2Is/preview;7782
ZUN-000003;Z7911629;ŁOŻYSKO KULKOWE 607 2Z;;607 2Z;ø1,9x0,6;79116;STHOR;Czesci_zamienne_79116.pdf;matched_manifest;https://drive.google.com/file/d/1a0PYb-2AuKE_D_j4UyTdsQOer0i2u2Is/preview;7789
ZUN-000600;Z7911630;OSŁONA ŁOŻYSKA;;ø14/ø19/ø22,1/7,6mm;ø2,21x0,76;79116;STHOR;Czesci_zamienne_79116.pdf;matched_manifest;https://drive.google.com/file/d/1a0PYb-2AuKE_D_j4UyTdsQOer0i2u2Is/preview;7790
ZUN-000241;Z7911715;KLIN CZÓŁENKOWY;;;0,3x0,4x0,9;79117;;;candidate_from_index;;7801
ZUN-000104;Z7911720;ŁOŻYSKO IGIEŁKOWE HK0808;;HK0808 ø8/ø12/8mm;ø1,2x0,8;79117;;;candidate_from_index;;7803
ZUN-000183;Z7911812;TULEJA MOSIĘŻNA;mosiądz;ø8/ø12/10mm;ø1,2x1;79118;STHOR;Czesci_zamienne_79118.pdf;matched_manifest;https://drive.google.com/file/d/1_FQCzr5S3KvYUxl7tvec9kRdYbp0iP9d/preview;7827
ZUN-000453;Z7911826;NAKRĘTKA;;M8 samokontrująca;0,5x1,2x1,35;79118;STHOR;Czesci_zamienne_79118.pdf;matched_manifest;https://drive.google.com/file/d/1_FQCzr5S3KvYUxl7tvec9kRdYbp0iP9d/preview;7834
ZUN-000563;Z7911838;WŁĄCZNIK z elektroniką;;FD29-1106 3<6(6)A 250V 5E4/ LBD23 8(8)A 250V FaDe / KR125-1 8(8)A 250V 5E4 ZLB;2,5x3x3,2;79118;STHOR;Czesci_zamienne_79118.pdf;matched_manifest;https://drive.google.com/file/d/1_FQCzr5S3KvYUxl7tvec9kRdYbp0iP9d/preview;7839
ZUN-000241;Z7911844;KLIN CZÓŁENKOWY;;;0,3x0,4x0,9;79118;STHOR;Czesci_zamienne_79118.pdf;matched_manifest;https://drive.google.com/file/d/1_FQCzr5S3KvYUxl7tvec9kRdYbp0iP9d/preview;7844
ZUN-000241;Z79119007;KLIN CZÓŁENKOWY;;;0,3x0,4x0,9;79119;STHOR;Czesci_zamienne_79119.pdf;matched_manifest;https://drive.google.com/file/d/1Ln8feT8aVnt33zxx4Z4mICsRZncIFcbP/preview;7851
ZUN-000029;Z79119010;ŁOŻYSKO KULKOWE 6000 2RS;;6000 2RS;ø2,6x0,8;79119;STHOR;Czesci_zamienne_79119.pdf;matched_manifest;https://drive.google.com/file/d/1Ln8feT8aVnt33zxx4Z4mICsRZncIFcbP/preview;7853
ZUN-000183;Z79119016;TULEJA MOSIĘŻNA;mosiądz;ø8/ø12/10mm;ø1,2x1;79119;STHOR;Czesci_zamienne_79119.pdf;matched_manifest;https://drive.google.com/file/d/1Ln8feT8aVnt33zxx4Z4mICsRZncIFcbP/preview;7855
ZUN-000019;Z79119023;ŁOŻYSKO KULKOWE 629 2RS;;629 2RS;ø2,6x0,8;79119;STHOR;Czesci_zamienne_79119.pdf;matched_manifest;https://drive.google.com/file/d/1Ln8feT8aVnt33zxx4Z4mICsRZncIFcbP/preview;7861
ZUN-000241;Z79119026;KLIN CZÓŁENKOWY;;;0,3x0,4x0,9;79119;STHOR;Czesci_zamienne_79119.pdf;matched_manifest;https://drive.google.com/file/d/1Ln8feT8aVnt33zxx4Z4mICsRZncIFcbP/preview;7862
ZUN-000003;Z79119028;ŁOŻYSKO KULKOWE 607 2Z;;607 2Z;ø1,9x0,6;79119;STHOR;Czesci_zamienne_79119.pdf;matched_manifest;https://drive.google.com/file/d/1Ln8feT8aVnt33zxx4Z4mICsRZncIFcbP/preview;7864
ZUN-000600;Z79119029;OSŁONA ŁOŻYSKA;;ø14/ø19/ø22,1/7,6mm;ø2,21x0,76;79119;STHOR;Czesci_zamienne_79119.pdf;matched_manifest;https://drive.google.com/file/d/1Ln8feT8aVnt33zxx4Z4mICsRZncIFcbP/preview;7865
ZUN-000563;Z79119046;WŁĄCZNIK z elektroniką;;FD29-1106 3<6(6)A 250V 5E4/ LBD23 8(8)A 250V FaDe / KR125-1 8(8)A 250V 5E4 ZLB;2,5x3x3,2;79119;STHOR;Czesci_zamienne_79119.pdf;matched_manifest;https://drive.google.com/file/d/1Ln8feT8aVnt33zxx4Z4mICsRZncIFcbP/preview;7874
ZUN-000247;Z7912004;KLIN CZÓŁENKOWY;;;0,4x0,5x1,2;79120;STHOR;Czesci_zamienne_79120.pdf;matched_manifest;https://drive.google.com/file/d/1IRmwXZvSQNlRYcBUKr64iRpLUwI6NtGg/preview;7878
ZUN-000030;Z7912009;ŁOŻYSKO KULKOWE 6001 2Z;;6001 2Z;ø2,8x0,8;79120;STHOR;Czesci_zamienne_79120.pdf;matched_manifest;https://drive.google.com/file/d/1IRmwXZvSQNlRYcBUKr64iRpLUwI6NtGg/preview;7881
ZUN-000623;Z7912013;PIERŚCIEŃ USTALAJĄCY;;a-10mm/ b-14,8mm/ c-1mm;0,1x1,1x1,5;79120;STHOR;Czesci_zamienne_79120.pdf;matched_manifest;https://drive.google.com/file/d/1IRmwXZvSQNlRYcBUKr64iRpLUwI6NtGg/preview;7883
ZUN-000183;Z7912014;TULEJA MOSIĘŻNA;mosiądz;ø8/ø12/10mm;ø1,2x1;79120;STHOR;Czesci_zamienne_79120.pdf;matched_manifest;https://drive.google.com/file/d/1IRmwXZvSQNlRYcBUKr64iRpLUwI6NtGg/preview;7884
ZUN-000608;Z7912019;PIERŚCIEŃ USTALAJĄCY;stal;a-4,7mm/ b-9,8mm/ c-0,8mm;ø0,98x0,08;79120;STHOR;Czesci_zamienne_79120.pdf;matched_manifest;https://drive.google.com/file/d/1IRmwXZvSQNlRYcBUKr64iRpLUwI6NtGg/preview;7888
ZUN-000030;Z7912023;ŁOŻYSKO KULKOWE 6001 2Z;;6001 2Z;ø2,8x0,8;79120;STHOR;Czesci_zamienne_79120.pdf;matched_manifest;https://drive.google.com/file/d/1IRmwXZvSQNlRYcBUKr64iRpLUwI6NtGg/preview;7891
ZUN-000241;Z7912026;KLIN CZÓŁENKOWY;;;0,3x0,4x0,9;79120;STHOR;Czesci_zamienne_79120.pdf;matched_manifest;https://drive.google.com/file/d/1IRmwXZvSQNlRYcBUKr64iRpLUwI6NtGg/preview;7892
ZUN-000005;Z7912028;ŁOŻYSKO KULKOWE 608 2Z;;608 2Z;ø2,2x0,7;79120;STHOR;Czesci_zamienne_79120.pdf;matched_manifest;https://drive.google.com/file/d/1IRmwXZvSQNlRYcBUKr64iRpLUwI6NtGg/preview;7894
ZUN-000598;Z7912029;OSŁONA ŁOŻYSKA;;ø15,2/ø21,8/ø25/8mm;ø2,5x0,8;79120;STHOR;Czesci_zamienne_79120.pdf;matched_manifest;https://drive.google.com/file/d/1IRmwXZvSQNlRYcBUKr64iRpLUwI6NtGg/preview;7895
ZUN-000647;Z7912043;KONDENSATOR 0,22µF;;0,22μF K X2 GPF40/085/21/C;0,7x1,6x2,1;79120;STHOR;Czesci_zamienne_79120.pdf;matched_manifest;https://drive.google.com/file/d/1IRmwXZvSQNlRYcBUKr64iRpLUwI6NtGg/preview;7900
ZUN-000183;Z7912306;TULEJA MOSIĘŻNA;mosiądz;ø8/ø12/10mm;ø1,2x1;79123;STHOR;Czesci_zamienne_79123.pdf;matched_manifest;https://drive.google.com/file/d/1dXWTFM2mvnUB0GJjnOxwkU9qTUB24xgO/preview;7906
ZUN-000028;Z7912311;ŁOŻYSKO KULKOWE 6000 2Z;;6000 2Z;ø2,6x0,8;79123;STHOR;Czesci_zamienne_79123.pdf;matched_manifest;https://drive.google.com/file/d/1dXWTFM2mvnUB0GJjnOxwkU9qTUB24xgO/preview;7908
ZUN-000241;Z7912313;KLIN CZÓŁENKOWY;;;0,3x0,4x0,9;79123;STHOR;Czesci_zamienne_79123.pdf;matched_manifest;https://drive.google.com/file/d/1dXWTFM2mvnUB0GJjnOxwkU9qTUB24xgO/preview;7910
ZUN-000028;Z7912325;ŁOŻYSKO KULKOWE 6000 2Z;;6000 2Z;ø2,6x0,8;79123;STHOR;Czesci_zamienne_79123.pdf;matched_manifest;https://drive.google.com/file/d/1dXWTFM2mvnUB0GJjnOxwkU9qTUB24xgO/preview;7918
ZUN-000014;Z7912329;ŁOŻYSKO KULKOWE 627 2Z;;627 2Z;ø2,2x0,7;79123;STHOR;Czesci_zamienne_79123.pdf;matched_manifest;https://drive.google.com/file/d/1dXWTFM2mvnUB0GJjnOxwkU9qTUB24xgO/preview;7921
ZUN-000599;Z7912330;OSŁONA ŁOŻYSKA 627;;ø13/ø21,8/ø25/10mm;ø2,5x1;79123;STHOR;Czesci_zamienne_79123.pdf;matched_manifest;https://drive.google.com/file/d/1dXWTFM2mvnUB0GJjnOxwkU9qTUB24xgO/preview;7922
ZUN-000272;Z7912349;KABEL ZASILAJĄCY Z WTYCZKĄ;;2x0,75mm/2m H05VV-F;3,5x6x25;79123;STHOR;Czesci_zamienne_79123.pdf;matched_manifest;https://drive.google.com/file/d/1dXWTFM2mvnUB0GJjnOxwkU9qTUB24xgO/preview;7930
ZUN-000041;Z79124-08;ŁOŻYSKO KULKOWE 6201 2RS;;6201 2RS;ø3,2x1;79124;STHOR;Czesci_zamienne_79124.pdf;matched_manifest;https://drive.google.com/file/d/1dLcMEM1b_Bj8oPw4bowgWXzUHitVSnAH/preview;7935
ZUN-000024;Z79124-11;ŁOŻYSKO KULKOWE 696 2Z;;696 2Z;ø1,5x0,5;79124;STHOR;Czesci_zamienne_79124.pdf;matched_manifest;https://drive.google.com/file/d/1dLcMEM1b_Bj8oPw4bowgWXzUHitVSnAH/preview;7937
ZUN-000019;Z79124-19;ŁOŻYSKO KULKOWE 629 2RS;;629 2RS;ø2,6x0,8;79124;STHOR;Czesci_zamienne_79124.pdf;matched_manifest;https://drive.google.com/file/d/1dLcMEM1b_Bj8oPw4bowgWXzUHitVSnAH/preview;7944
ZUN-000004;Z79124-25;ŁOŻYSKO KULKOWE 607 2RS;;607 2RS;ø1,9x0,6;79124;STHOR;Czesci_zamienne_79124.pdf;matched_manifest;https://drive.google.com/file/d/1dLcMEM1b_Bj8oPw4bowgWXzUHitVSnAH/preview;7950
ZUN-000600;Z79124-26;OSŁONA ŁOŻYSKA;;ø15,4/ø19/ø22,1/7,3mm;ø2,21x0,73;79124;STHOR;Czesci_zamienne_79124.pdf;matched_manifest;https://drive.google.com/file/d/1dLcMEM1b_Bj8oPw4bowgWXzUHitVSnAH/preview;7951
ZUN-000648;Z79124-35;KONDENSATOR 0,22µF;;0,22µF M X2 TNS-2H TNS-2;0,7x1,6x2,6;79124;STHOR;Czesci_zamienne_79124.pdf;matched_manifest;https://drive.google.com/file/d/1dLcMEM1b_Bj8oPw4bowgWXzUHitVSnAH/preview;7955
ZUN-000272;Z79124-39;KABEL ZASILAJĄCY Z WTYCZKĄ;;2x0,75mm/2m H05VV-F;3,5x6x25;79124;STHOR;Czesci_zamienne_79124.pdf;matched_manifest;https://drive.google.com/file/d/1dLcMEM1b_Bj8oPw4bowgWXzUHitVSnAH/preview;7957
ZUN-000565;Z79124-45;WŁĄCZNIK bez elektroniki;;S125G 8(8)A 250V// FA6-5/1D-24 8(8)A 250V;2,5x2,85x2,96;79124;STHOR;Czesci_zamienne_79124.pdf;matched_manifest;https://drive.google.com/file/d/1dLcMEM1b_Bj8oPw4bowgWXzUHitVSnAH/preview;7960
ZUN-000241;Z79125-09;KLIN CZÓŁENKOWY;;;0,3x0,4x0,9;79125;STHOR;Czesci_zamienne_79125.pdf;matched_manifest;https://drive.google.com/file/d/1YHEf0zGrU6oYoHJI6Uzrx1wSBqSc4unA/preview;7966
ZUN-000028;Z79125-14;ŁOŻYSKO KULKOWE 6000 2Z;;6000 2Z;ø2,6x0,8;79125;STHOR;Czesci_zamienne_79125.pdf;matched_manifest;https://drive.google.com/file/d/1YHEf0zGrU6oYoHJI6Uzrx1wSBqSc4unA/preview;7968
ZUN-000184;Z79125-18;TULEJA STALOWA;stal;ø8/ø12/10mm;ø1,2x1;79125;STHOR;Czesci_zamienne_79125.pdf;matched_manifest;https://drive.google.com/file/d/1YHEf0zGrU6oYoHJI6Uzrx1wSBqSc4unA/preview;7970
ZUN-000005;Z79125-26;ŁOŻYSKO KULKOWE 608 2Z;;608 2Z;ø2,2x0,7;79125;STHOR;Czesci_zamienne_79125.pdf;matched_manifest;https://drive.google.com/file/d/1YHEf0zGrU6oYoHJI6Uzrx1wSBqSc4unA/preview;7975
ZUN-000005;Z79125-30;ŁOŻYSKO KULKOWE 608 2Z;;608 2Z;ø2,2x0,7;79125;STHOR;Czesci_zamienne_79125.pdf;matched_manifest;https://drive.google.com/file/d/1YHEf0zGrU6oYoHJI6Uzrx1wSBqSc4unA/preview;7977
ZUN-000598;Z79125-31;OSŁONA ŁOŻYSKA;;ø18/ø21,8/ø25/8mm;ø2,5x0,8;79125;STHOR;Czesci_zamienne_79125.pdf;matched_manifest;https://drive.google.com/file/d/1YHEf0zGrU6oYoHJI6Uzrx1wSBqSc4unA/preview;7978
ZUN-000649;Z79125-42;KONDENSATOR (powinien być wolny start [BLST-001 6(8)A 250V]);;0,22μF K X2 GPF40/085/21/C;0,7x1,7x2,6;79125;STHOR;Czesci_zamienne_79125.pdf;matched_manifest;https://drive.google.com/file/d/1YHEf0zGrU6oYoHJI6Uzrx1wSBqSc4unA/preview;7982
ZUN-000270;Z79125-49;KABEL ZASILAJĄCY Z WTYCZKĄ;;2x0,75mm/1,8m;3,5x5x25;79125;STHOR;Czesci_zamienne_79125.pdf;matched_manifest;https://drive.google.com/file/d/1YHEf0zGrU6oYoHJI6Uzrx1wSBqSc4unA/preview;7986
ZUN-000247;Z7912908;KLIN CZÓŁENKOWY;;;0,4x0,5x1,2;79129;STHOR;Czesci_zamienne_79129.pdf;matched_manifest;https://drive.google.com/file/d/1j4QxNIYDcX7mMcD_WmNYaa5J3DE3zgkU/preview;7991
ZUN-000042;Z7912912;ŁOŻYSKO KULKOWE 6202 2Z;;6202 2Z;ø3,5x1,1;79129;STHOR;Czesci_zamienne_79129.pdf;matched_manifest;https://drive.google.com/file/d/1j4QxNIYDcX7mMcD_WmNYaa5J3DE3zgkU/preview;7993
ZUN-000110;Z7912917;ŁOŻYSKO IGIEŁKOWE HK101610;;HK101610 ø10/ø16/10mm;ø1,6x1;79129;STHOR;Czesci_zamienne_79129.pdf;matched_manifest;https://drive.google.com/file/d/1j4QxNIYDcX7mMcD_WmNYaa5J3DE3zgkU/preview;7995
ZUN-000040;Z7912926;ŁOŻYSKO KULKOWE 6201 2Z;;6201 2Z;ø3,2x1;79129;STHOR;Czesci_zamienne_79129.pdf;matched_manifest;https://drive.google.com/file/d/1j4QxNIYDcX7mMcD_WmNYaa5J3DE3zgkU/preview;7999
ZUN-000005;Z7912931;ŁOŻYSKO KULKOWE 608 2Z;;608 2Z;ø2,2x0,7;79129;STHOR;Czesci_zamienne_79129.pdf;matched_manifest;https://drive.google.com/file/d/1j4QxNIYDcX7mMcD_WmNYaa5J3DE3zgkU/preview;8002
ZUN-000559;Z7912949;WŁĄCZNIK blokada przed włączeniem;;FA7-10/2 10(10)A 250V 5E4 JIABEN;3,18x4,46x5,39;79129;STHOR;Czesci_zamienne_79129.pdf;matched_manifest;https://drive.google.com/file/d/1j4QxNIYDcX7mMcD_WmNYaa5J3DE3zgkU/preview;8009
ZUN-000043;Z79135-12;ŁOŻYSKO KULKOWE 6202 2RS;;6202 2RS;ø3,5x1,1;79135;STHOR;Czesci_zamienne_79135.pdf;matched_manifest;https://drive.google.com/file/d/1S33LPCTbEURd-Mk8OW4CYY-0aRiypA-E/preview;8018
ZUN-000041;Z79135-26;ŁOŻYSKO KULKOWE 6201 2RS;;6201 2RS;ø3,2x1;79135;STHOR;Czesci_zamienne_79135.pdf;matched_manifest;https://drive.google.com/file/d/1S33LPCTbEURd-Mk8OW4CYY-0aRiypA-E/preview;8024
ZUN-000029;Z79135-31;ŁOŻYSKO KULKOWE 6000 2RS;;6000 2RS;ø2,6x0,8;79135;STHOR;Czesci_zamienne_79135.pdf;matched_manifest;https://drive.google.com/file/d/1S33LPCTbEURd-Mk8OW4CYY-0aRiypA-E/preview;8026
ZUN-000042;Z7914013;ŁOŻYSKO KULKOWE 6202 2Z;;6202 2Z;ø3,5x1,1;79140;STHOR;Czesci_zamienne_79140.pdf;matched_manifest;https://drive.google.com/file/d/1V16kpJUdUHdMtpy6dov0ewvlm2bP8Vkp/preview;8043
ZUN-000110;Z7914019;ŁOŻYSKO IGIEŁKOWE HK101610;;HK101610 ø10/ø16/10mm;ø1,6x1;79140;STHOR;Czesci_zamienne_79140.pdf;matched_manifest;https://drive.google.com/file/d/1V16kpJUdUHdMtpy6dov0ewvlm2bP8Vkp/preview;8045
ZUN-000041;Z7914027;ŁOŻYSKO KULKOWE 6201 2RS;;6201 2RS;ø3,2x1;79140;STHOR;Czesci_zamienne_79140.pdf;matched_manifest;https://drive.google.com/file/d/1V16kpJUdUHdMtpy6dov0ewvlm2bP8Vkp/preview;8051
ZUN-000580;Z7914047;WŁĄCZNIK;;FA2-10/2B-1 12(12)A 250V 5E4;2,6x6,1x11,23;79140;STHOR;Czesci_zamienne_79140.pdf;matched_manifest;https://drive.google.com/file/d/1V16kpJUdUHdMtpy6dov0ewvlm2bP8Vkp/preview;8061
ZUN-000651;Z7914051;KONDENSATOR 0,33µF;;0,33μF K X2 GPF40/085/21/C;0,8x1,7x2,63;79140;STHOR;Czesci_zamienne_79140.pdf;matched_manifest;https://drive.google.com/file/d/1V16kpJUdUHdMtpy6dov0ewvlm2bP8Vkp/preview;8062
ZUN-000247;Z7914112;KLIN CZÓŁENKOWY;;;0,4x0,5x1,2;79141;STHOR;Czesci_zamienne_79141.pdf;matched_manifest;https://drive.google.com/file/d/1qXLZsA82lFHcsLyZYJuse2fgVU_PkSTI/preview;8071
ZUN-000042;Z7914113;ŁOŻYSKO KULKOWE 6202 2Z;;6202 2Z;ø3,5x1,1;79141;STHOR;Czesci_zamienne_79141.pdf;matched_manifest;https://drive.google.com/file/d/1qXLZsA82lFHcsLyZYJuse2fgVU_PkSTI/preview;8072
ZUN-000110;Z7914119;ŁOŻYSKO IGIEŁKOWE HK101610;;HK101610 ø10/ø16/10mm;ø1,6x1;79141;STHOR;Czesci_zamienne_79141.pdf;matched_manifest;https://drive.google.com/file/d/1qXLZsA82lFHcsLyZYJuse2fgVU_PkSTI/preview;8076
ZUN-000005;Z7914133;ŁOŻYSKO KULKOWE 608 2Z;;608 2Z;ø2,2x0,7;79141;STHOR;Czesci_zamienne_79141.pdf;matched_manifest;https://drive.google.com/file/d/1qXLZsA82lFHcsLyZYJuse2fgVU_PkSTI/preview;8089
ZUN-000598;Z7914134;OSŁONA ŁOŻYSKA;;ø18/ø21,8/ø25/9mm;ø2,5x0,8;79141;STHOR;Czesci_zamienne_79141.pdf;matched_manifest;https://drive.google.com/file/d/1qXLZsA82lFHcsLyZYJuse2fgVU_PkSTI/preview;8090
ZUN-000580;Z7914147;WŁĄCZNIK;;FA2-10/2B-1 12(12)A 250V 5E4;2,6x6,1x11,23;79141;STHOR;Czesci_zamienne_79141.pdf;matched_manifest;https://drive.google.com/file/d/1qXLZsA82lFHcsLyZYJuse2fgVU_PkSTI/preview;8095
ZUN-000247;Z7914308;KLIN CZÓŁENKOWY;;;0,4x0,5x1,2;79143;STHOR;Czesci_zamienne_79143.pdf;matched_manifest;https://drive.google.com/file/d/1-hpI-ASLvKuzK3vSzcOplpejYPQnu0gC/preview;8123
ZUN-000042;Z7914316;ŁOŻYSKO KULKOWE 6202 2Z;;6202 2Z;ø3,5x1,1;79143;STHOR;Czesci_zamienne_79143.pdf;matched_manifest;https://drive.google.com/file/d/1-hpI-ASLvKuzK3vSzcOplpejYPQnu0gC/preview;8126
ZUN-000110;Z7914321;ŁOŻYSKO IGIEŁKOWE HK101610;;HK101610 ø10/ø16/10mm;ø1,6x1;79143;STHOR;Czesci_zamienne_79143.pdf;matched_manifest;https://drive.google.com/file/d/1-hpI-ASLvKuzK3vSzcOplpejYPQnu0gC/preview;8130
ZUN-000453;Z7914328;NAKRĘTKA;;M8 samokontrująca;0,5x1,2x1,35;79143;STHOR;Czesci_zamienne_79143.pdf;matched_manifest;https://drive.google.com/file/d/1-hpI-ASLvKuzK3vSzcOplpejYPQnu0gC/preview;8135
ZUN-000040;Z7914330;ŁOŻYSKO KULKOWE 6201 2Z;;6201 2Z;ø3,2x1;79143;STHOR;Czesci_zamienne_79143.pdf;matched_manifest;https://drive.google.com/file/d/1-hpI-ASLvKuzK3vSzcOplpejYPQnu0gC/preview;8137
ZUN-000110;Z7914438;ŁOŻYSKO IGIEŁKOWE HK101610;;HK101610 ø10/ø16/10mm;ø1,6x1;79144;;;candidate_from_index;;8168
ZUN-000247;Z7914507;KLIN CZÓŁENKOWY;;;0,4x0,5x1,2;79145;;;candidate_from_index;;8178
ZUN-000241;Z7914526;KLIN CZÓŁENKOWY;;;0,3x0,4x0,9;79145;;;candidate_from_index;;8187
ZUN-000110;Z7914551;ŁOŻYSKO IGIEŁKOWE HK101610;;HK101610 ø10/ø16/10mm;ø1,6x1;79145;;;candidate_from_index;;8205
ZUN-000247;Z7914608;KLIN CZÓŁENKOWY;;;0,4x0,5x1,2;79146;;;candidate_from_index;;8206
ZUN-000110;Z7914619;ŁOŻYSKO IGIEŁKOWE HK101610;;HK101610 ø10/ø16/10mm;ø1,6x1;79146;;;candidate_from_index;;8212
ZUN-000247;Z7914707;KLIN CZÓŁENKOWY;;;0,4x0,5x1,2;79147;;;candidate_from_index;;8229
ZUN-000110;Z7914717;ŁOŻYSKO IGIEŁKOWE HK101610;;HK101610 ø10/ø16/10mm;ø1,6x1;79147;;;candidate_from_index;;8235
ZUN-000247;Z7914808;KLIN CZÓŁENKOWY;;;0,4x0,5x1,2;79148;;;candidate_from_index;;8257
ZUN-000043;Z7914813;ŁOŻYSKO KULKOWE 6202 2RS;;6202 2RS;ø3,5x1,1;79148;;;candidate_from_index;;8259
ZUN-000625;Z7914818;PIERŚCIEŃ USTALAJĄCY;;a-12,9mm/ b-18,2mm/ c-1mm;0,1x1,6x1,8;79148;;;candidate_from_index;;8262
ZUN-000030;Z7914828;ŁOŻYSKO KULKOWE 6001 2Z;;6001 2Z;ø2,8x0,8;79148;;;candidate_from_index;;8269
ZUN-000247;Z7914908;KLIN CZÓŁENKOWY;;;0,4x0,5x1,2;79149;;;candidate_from_index;;8286
ZUN-000247;Z7915005;KLIN CZÓŁENKOWY;;;0,4x0,5x1,2;79150;STHOR;Czesci_zamienne_79150.pdf;matched_manifest;https://drive.google.com/file/d/1mXI_fsrobIP9Z1ZUuN4qVrPGNF1x1u_-/preview;8315
ZUN-000110;Z7915015;ŁOŻYSKO IGIEŁKOWE HK101610;;HK101610 ø10/ø16/10mm;ø1,6x1;79150;STHOR;Czesci_zamienne_79150.pdf;matched_manifest;https://drive.google.com/file/d/1mXI_fsrobIP9Z1ZUuN4qVrPGNF1x1u_-/preview;8319
ZUN-000608;Z7915018;PIERŚCIEŃ USTALAJĄCY;stal;a-4,7mm/ b-9,8mm/ c-0,8mm;ø0,98x0,08;79150;STHOR;Czesci_zamienne_79150.pdf;matched_manifest;https://drive.google.com/file/d/1mXI_fsrobIP9Z1ZUuN4qVrPGNF1x1u_-/preview;8321
ZUN-000030;Z7915024;ŁOŻYSKO KULKOWE 6001 2Z;;6001 2Z;ø2,8x0,8;79150;STHOR;Czesci_zamienne_79150.pdf;matched_manifest;https://drive.google.com/file/d/1mXI_fsrobIP9Z1ZUuN4qVrPGNF1x1u_-/preview;8326
ZUN-000279;Z7915049;KABEL ZASILAJĄCY Z WTYCZKĄ;;2x1,0mm/2m guma;3,5x6x30;79150;STHOR;Czesci_zamienne_79150.pdf;matched_manifest;https://drive.google.com/file/d/1mXI_fsrobIP9Z1ZUuN4qVrPGNF1x1u_-/preview;8337
ZUN-000247;Z79151007;KLIN CZÓŁENKOWY;;;0,4x0,5x1,2;79151;STHOR;Czesci_zamienne_79151.pdf;matched_manifest;https://drive.google.com/file/d/1DAJGp-Aulimf-yuUbR0e7WbAp-NaCaTS/preview;8344
ZUN-000043;Z79151010;ŁOŻYSKO KULKOWE 6202 2RS;;6202 2RS;ø3,5x1,1;79151;STHOR;Czesci_zamienne_79151.pdf;matched_manifest;https://drive.google.com/file/d/1DAJGp-Aulimf-yuUbR0e7WbAp-NaCaTS/preview;8346
ZUN-000110;Z79151016;ŁOŻYSKO IGIEŁKOWE HK101610;;HK101610 ø10/ø16/10mm;ø1,6x1;79151;STHOR;Czesci_zamienne_79151.pdf;matched_manifest;https://drive.google.com/file/d/1DAJGp-Aulimf-yuUbR0e7WbAp-NaCaTS/preview;8349
ZUN-000041;Z79151025;ŁOŻYSKO KULKOWE 6201 2RS;;6201 2RS;ø3,2x1;79151;STHOR;Czesci_zamienne_79151.pdf;matched_manifest;https://drive.google.com/file/d/1DAJGp-Aulimf-yuUbR0e7WbAp-NaCaTS/preview;8356
ZUN-000019;Z79151029;ŁOŻYSKO KULKOWE 629 2RS;;629 2RS;ø2,6x0,8;79151;STHOR;Czesci_zamienne_79151.pdf;matched_manifest;https://drive.google.com/file/d/1DAJGp-Aulimf-yuUbR0e7WbAp-NaCaTS/preview;8358
ZUN-000580;Z79151048;WŁĄCZNIK;;FA2-10/2B-1 12(12)A 250V 5E4;2,6x6,1x11,23;79151;STHOR;Czesci_zamienne_79151.pdf;matched_manifest;https://drive.google.com/file/d/1DAJGp-Aulimf-yuUbR0e7WbAp-NaCaTS/preview;8368
ZUN-000284;Z79151053;KABEL ZASILAJĄCY Z WTYCZKĄ;;2x1,5mm/2m guma;3,5x6x25;79151;STHOR;Czesci_zamienne_79151.pdf;matched_manifest;https://drive.google.com/file/d/1DAJGp-Aulimf-yuUbR0e7WbAp-NaCaTS/preview;8370
ZUN-000029;Z7923704;ŁOŻYSKO KULKOWE 6000 2RS;;6000 2RS;ø2,6x0,8;79237;STHOR;Czesci_zamienne_79237.pdf;matched_manifest;https://drive.google.com/file/d/16D5kV9jImW0kl_I9HEaicwfv6pqfWSKc/preview;8450
ZUN-000011;Z7923709;ŁOŻYSKO KULKOWE 625 1RS;;ø5/ø16/5mm 625 1rs zaokrąglony zewnętrzny pierścień;ø1,6x0,5;79237;STHOR;Czesci_zamienne_79237.pdf;matched_manifest;https://drive.google.com/file/d/16D5kV9jImW0kl_I9HEaicwfv6pqfWSKc/preview;8454
ZUN-000564;Z7923725;WŁĄCZNIK bez elektroniki;;FA6 6/2W3 6(6)A 250V// HLT-125W-1 6(6) 250V 5E4// HT1006-2110 6(6)A 250V;2,5x2,85x2,96;79237;STHOR;Czesci_zamienne_79237.pdf;matched_manifest;https://drive.google.com/file/d/16D5kV9jImW0kl_I9HEaicwfv6pqfWSKc/preview;8465
ZUN-000028;Z7923806;ŁOŻYSKO KULKOWE 6000 2Z;;6000 2Z;ø2,6x0,8;79238;STHOR;Czesci_zamienne_79238.pdf;matched_manifest;https://drive.google.com/file/d/1Qi-AbEB1QmeWIkjxpQmryFgbX14rsyXu/preview;8471
ZUN-000183;Z7923808;TULEJA MOSIĘŻNA;mosiądz;ø8/ø12/10mm;ø1,2x1;79238;STHOR;Czesci_zamienne_79238.pdf;matched_manifest;https://drive.google.com/file/d/1Qi-AbEB1QmeWIkjxpQmryFgbX14rsyXu/preview;8473
ZUN-000011;Z7923812;ŁOŻYSKO KULKOWE 625 1RS;;ø5/ø16/5mm 625 1rs zaokrąglony zewnętrzny pierścień;ø1,6x0,5;79238;STHOR;Czesci_zamienne_79238.pdf;matched_manifest;https://drive.google.com/file/d/1Qi-AbEB1QmeWIkjxpQmryFgbX14rsyXu/preview;8475
ZUN-000005;Z7923815;ŁOŻYSKO KULKOWE 608 2Z;;608 2Z;ø2,2x0,7;79238;STHOR;Czesci_zamienne_79238.pdf;matched_manifest;https://drive.google.com/file/d/1Qi-AbEB1QmeWIkjxpQmryFgbX14rsyXu/preview;8478
ZUN-000003;Z7923817;ŁOŻYSKO KULKOWE 607 2Z;;607 2Z;ø1,9x0,6;79238;STHOR;Czesci_zamienne_79238.pdf;matched_manifest;https://drive.google.com/file/d/1Qi-AbEB1QmeWIkjxpQmryFgbX14rsyXu/preview;8480
ZUN-000600;Z7923818;OSŁONA ŁOŻYSKA;;ø12,3/ø19/ø22,1/8,5mm;ø2,21x0,85;79238;STHOR;Czesci_zamienne_79238.pdf;matched_manifest;https://drive.google.com/file/d/1Qi-AbEB1QmeWIkjxpQmryFgbX14rsyXu/preview;8481
ZUN-000272;Z7923836;KABEL ZASILAJĄCY Z WTYCZKĄ;;2x0,75mm/2m H05VV-F;3,5x6x25;79238;STHOR;Czesci_zamienne_79238.pdf;matched_manifest;https://drive.google.com/file/d/1Qi-AbEB1QmeWIkjxpQmryFgbX14rsyXu/preview;8490
ZUN-000607;Z79239013;PIERŚCIEŃ USTALAJĄCY;stal;a-3,8mm/ b-8,8mm/ c-0,7mm;0,07x0,8x0,9;79239;STHOR;Czesci_zamienne_79239.pdf;matched_manifest;https://drive.google.com/file/d/15okrjhE4unDsv4avUbA6DEu5l7c-P6WX/preview;8505
ZUN-000011;Z79239014;ŁOŻYSKO KULKOWE 625 1RS;;ø5/ø16/5mm 625 1rs zaokrąglony zewnętrzny pierścień;ø1,6x0,5;79239;STHOR;Czesci_zamienne_79239.pdf;matched_manifest;https://drive.google.com/file/d/15okrjhE4unDsv4avUbA6DEu5l7c-P6WX/preview;8506
ZUN-000005;Z79239017;ŁOŻYSKO KULKOWE 608 2Z;;608 2Z;ø2,2x0,7;79239;STHOR;Czesci_zamienne_79239.pdf;matched_manifest;https://drive.google.com/file/d/15okrjhE4unDsv4avUbA6DEu5l7c-P6WX/preview;8509
ZUN-000003;Z79239019;ŁOŻYSKO KULKOWE 607 2Z;;607 2Z;ø1,9x0,6;79239;STHOR;Czesci_zamienne_79239.pdf;matched_manifest;https://drive.google.com/file/d/15okrjhE4unDsv4avUbA6DEu5l7c-P6WX/preview;8511
ZUN-000005;Z7924015;ŁOŻYSKO KULKOWE 608 2Z;;608 2Z;ø2,2x0,7;79240;STHOR;Czesci_zamienne_79240.pdf;matched_manifest;https://drive.google.com/file/d/19ZlvqlfapiAo97bRCcduoD7db_nU7FSc/preview;8531
ZUN-000011;Z7924020;ŁOŻYSKO KULKOWE 625 1RS;;ø5/ø16/5mm 625 1rs zaokrąglony zewnętrzny pierścień;ø1,6x0,5;79240;STHOR;Czesci_zamienne_79240.pdf;matched_manifest;https://drive.google.com/file/d/19ZlvqlfapiAo97bRCcduoD7db_nU7FSc/preview;8536
ZUN-000003;Z7924024;ŁOŻYSKO KULKOWE 607 2Z;;607 2Z;ø1,9x0,6;79240;STHOR;Czesci_zamienne_79240.pdf;matched_manifest;https://drive.google.com/file/d/19ZlvqlfapiAo97bRCcduoD7db_nU7FSc/preview;8540
ZUN-000272;Z7924036;KABEL ZASILAJĄCY Z WTYCZKĄ;;2x0,75mm/2m H05VV-F;3,5x6x25;79240;STHOR;Czesci_zamienne_79240.pdf;matched_manifest;https://drive.google.com/file/d/19ZlvqlfapiAo97bRCcduoD7db_nU7FSc/preview;8551
ZUN-000601;Z7924044;OSŁONA ŁOŻYSKA 607;;ø12,3/ø19/ø21,1/9mm;ø2,21x0,9;79240;STHOR;Czesci_zamienne_79240.pdf;matched_manifest;https://drive.google.com/file/d/19ZlvqlfapiAo97bRCcduoD7db_nU7FSc/preview;8554
ZUN-000216;Z7924046;WŁĄCZNIK;;JD02-A 6(6)A 250V 5E4 JIN DING;1,5x2,1x2,6;79240;STHOR;Czesci_zamienne_79240.pdf;matched_manifest;https://drive.google.com/file/d/19ZlvqlfapiAo97bRCcduoD7db_nU7FSc/preview;8555
ZUN-000278;Z7924801;KABEL ZASILAJĄCY Z WTYCZKĄ;;2x1,0mm/2m;3,5x5x22;79248;STHOR;Czesci_zamienne_79248.pdf;matched_manifest;https://drive.google.com/file/d/1pdp2-_UklAiIEExQluNwX9wos-v8edRT/preview;8556
ZUN-000557;Z7924805;WŁĄCZNIK blokada włączenia;;TMSD3-2-3 16(8)A 250V 5E4 TEMSE;3,3x3,9x4,82;79248;STHOR;Czesci_zamienne_79248.pdf;matched_manifest;https://drive.google.com/file/d/1pdp2-_UklAiIEExQluNwX9wos-v8edRT/preview;8558
ZUN-000278;Z7924901;KABEL ZASILAJĄCY Z WTYCZKĄ;;2x1,0mm/2m;3,5x5x22;79249;STHOR;Czesci_zamienne_79249.pdf;matched_manifest;https://drive.google.com/file/d/1tlWTKEhqLq_K2V4CiNefm9aOvUx0J48B/preview;8578
ZUN-000557;Z7924905;WŁĄCZNIK blokada włączenia;;TMSD3-2-3 16(8)A 250V 5E4 TEMSE;3,3x3,9x4,82;79249;STHOR;Czesci_zamienne_79249.pdf;matched_manifest;https://drive.google.com/file/d/1tlWTKEhqLq_K2V4CiNefm9aOvUx0J48B/preview;8580
ZUN-000241;Z7925212;KLIN CZÓŁENKOWY;;;0,3x0,4x0,9;79252;STHOR;Czesci_zamienne_79252.pdf;matched_manifest;https://drive.google.com/file/d/1UOPjm_W0l9UldHBLDqr654zir8s2q7rM/preview;8631
ZUN-000031;Z7925213;ŁOŻYSKO KULKOWE 6001 2RS;;6001 2RS;ø2,8x0,8;79252;STHOR;Czesci_zamienne_79252.pdf;matched_manifest;https://drive.google.com/file/d/1UOPjm_W0l9UldHBLDqr654zir8s2q7rM/preview;8632
ZUN-000029;Z7925231;ŁOŻYSKO KULKOWE 6000 2RS;;6000 2RS;ø2,6x0,8;79252;STHOR;Czesci_zamienne_79252.pdf;matched_manifest;https://drive.google.com/file/d/1UOPjm_W0l9UldHBLDqr654zir8s2q7rM/preview;8638
ZUN-000004;Z7925235;ŁOŻYSKO KULKOWE 607 2RS;;607 2RS;ø1,9x0,6;79252;STHOR;Czesci_zamienne_79252.pdf;matched_manifest;https://drive.google.com/file/d/1UOPjm_W0l9UldHBLDqr654zir8s2q7rM/preview;8640
ZUN-000272;Z7925257;KABEL ZASILAJĄCY Z WTYCZKĄ;;2x0,75mm/2m H05VV-F;3,5x6x25;79252;STHOR;Czesci_zamienne_79252.pdf;matched_manifest;https://drive.google.com/file/d/1UOPjm_W0l9UldHBLDqr654zir8s2q7rM/preview;8652
ZUN-000241;Z7925312;KLIN CZÓŁENKOWY;;;0,3x0,4x0,9;79253;STHOR;Czesci_zamienne_79253.pdf;matched_manifest;https://drive.google.com/file/d/1rDwndG7ZNkue2vlpZbMrn0FuTh_tFtBX/preview;8659
ZUN-000031;Z7925313;ŁOŻYSKO KULKOWE 6001 2RS;;6001 2RS;ø2,8x0,8;79253;STHOR;Czesci_zamienne_79253.pdf;matched_manifest;https://drive.google.com/file/d/1rDwndG7ZNkue2vlpZbMrn0FuTh_tFtBX/preview;8660
ZUN-000029;Z7925331;ŁOŻYSKO KULKOWE 6000 2RS;;6000 2RS;ø2,6x0,8;79253;STHOR;Czesci_zamienne_79253.pdf;matched_manifest;https://drive.google.com/file/d/1rDwndG7ZNkue2vlpZbMrn0FuTh_tFtBX/preview;8666
ZUN-000004;Z7925335;ŁOŻYSKO KULKOWE 607 2RS;;607 2RS;ø1,9x0,6;79253;STHOR;Czesci_zamienne_79253.pdf;matched_manifest;https://drive.google.com/file/d/1rDwndG7ZNkue2vlpZbMrn0FuTh_tFtBX/preview;8668
ZUN-000600;Z7925336;OSŁONA ŁOŻYSKA;;ø12,2/ø19/ø22,1/9mm;ø2,21x0,9;79253;STHOR;Czesci_zamienne_79253.pdf;matched_manifest;https://drive.google.com/file/d/1rDwndG7ZNkue2vlpZbMrn0FuTh_tFtBX/preview;8669
ZUN-000272;Z7925357;KABEL ZASILAJACY Z WTYCZKĄ;;2x0,75mm/2m H05VV-F;3,5x6x25;79253;STHOR;Czesci_zamienne_79253.pdf;matched_manifest;https://drive.google.com/file/d/1rDwndG7ZNkue2vlpZbMrn0FuTh_tFtBX/preview;8680
ZUN-000272;Z7925401;KABEL ZASILAJACY Z WTYCZKĄ;;2x0,75mm/2m H05VV-F;3,5x6x25;79254;STHOR;Czesci_zamienne_79254.pdf;matched_manifest;https://drive.google.com/file/d/1giLuN7cH1zWQMhct_-GkTBHIag3--sdQ/preview;8681
ZUN-000600;Z7925421;OSŁONA ŁOŻYSKA;;ø14,3/ø19/ø22,1/6,8mm;ø2,21x0,68;79254;STHOR;Czesci_zamienne_79254.pdf;matched_manifest;https://drive.google.com/file/d/1giLuN7cH1zWQMhct_-GkTBHIag3--sdQ/preview;8691
ZUN-000004;Z7925422;ŁOŻYSKO KULKOWE 607 2RS;;607 2RS;ø1,9x0,6;79254;STHOR;Czesci_zamienne_79254.pdf;matched_manifest;https://drive.google.com/file/d/1giLuN7cH1zWQMhct_-GkTBHIag3--sdQ/preview;8692
ZUN-000029;Z7925426;ŁOŻYSKO KULKOWE 6000 2RS;;6000 2RS;ø2,6x0,8;79254;STHOR;Czesci_zamienne_79254.pdf;matched_manifest;https://drive.google.com/file/d/1giLuN7cH1zWQMhct_-GkTBHIag3--sdQ/preview;8694
ZUN-000241;Z7925438;KLIN CZÓŁENKOWY;;;0,3x0,4x0,9;79254;STHOR;Czesci_zamienne_79254.pdf;matched_manifest;https://drive.google.com/file/d/1giLuN7cH1zWQMhct_-GkTBHIag3--sdQ/preview;8699
ZUN-000031;Z7925440;ŁOŻYSKO KULKOWE 6001 2RS;;6001 2RS;ø2,8x0,8;79254;STHOR;Czesci_zamienne_79254.pdf;matched_manifest;https://drive.google.com/file/d/1giLuN7cH1zWQMhct_-GkTBHIag3--sdQ/preview;8701
ZUN-000278;Z7925701;KABEL ZASILAJACY Z WTYCZKĄ;;2x1,0mm/2m;3,5x5x22;79257;STHOR;Czesci_zamienne_79257.pdf;matched_manifest;https://drive.google.com/file/d/1EuRI6vckteTC--6wJ2c6VQlS1jleDBm8/preview;8709
ZUN-000600;Z7925721;OSŁONA ŁOŻYSKA;;ø14/ø19/ø22,1/7,3mm;ø2,21x0,73;79257;STHOR;Czesci_zamienne_79257.pdf;matched_manifest;https://drive.google.com/file/d/1EuRI6vckteTC--6wJ2c6VQlS1jleDBm8/preview;8719
ZUN-000004;Z7925722;ŁOŻYSKO KULKOWE 607 2RS;;607 2RS;ø1,9x0,6;79257;STHOR;Czesci_zamienne_79257.pdf;matched_manifest;https://drive.google.com/file/d/1EuRI6vckteTC--6wJ2c6VQlS1jleDBm8/preview;8720
ZUN-000029;Z7925726;ŁOŻYSKO KULKOWE 6000 2RS;;6000 2RS;ø2,6x0,8;79257;STHOR;Czesci_zamienne_79257.pdf;matched_manifest;https://drive.google.com/file/d/1EuRI6vckteTC--6wJ2c6VQlS1jleDBm8/preview;8723
ZUN-000241;Z7925739;KLIN CZÓŁENKOWY;;;0,3x0,4x0,9;79257;STHOR;Czesci_zamienne_79257.pdf;matched_manifest;https://drive.google.com/file/d/1EuRI6vckteTC--6wJ2c6VQlS1jleDBm8/preview;8728
ZUN-000031;Z7925741;ŁOŻYSKO KULKOWE 6001 2RS;;6001 2RS;ø2,8x0,8;79257;STHOR;Czesci_zamienne_79257.pdf;matched_manifest;https://drive.google.com/file/d/1EuRI6vckteTC--6wJ2c6VQlS1jleDBm8/preview;8730
ZUN-000278;Z7927503;KABEL ZASILAJACY Z WTYCZKĄ;;2x1,0mm/2m;3,5x5x22;79275;STHOR;Czesci_zamienne_79275.pdf;matched_manifest;https://drive.google.com/file/d/1ZoEF57Z9MDvindGmkoZ6DaPKa4xudaWI/preview;8800
ZUN-000005;Z7927522;ŁOŻYSKO KULKOWE 608 2Z;;608 2Z;ø2,2x0,7;79275;STHOR;Czesci_zamienne_79275.pdf;matched_manifest;https://drive.google.com/file/d/1ZoEF57Z9MDvindGmkoZ6DaPKa4xudaWI/preview;8811
ZUN-000031;Z7927526;ŁOŻYSKO KULKOWE 6001 2RS;;6001 2RS;ø2,8x0,8;79275;STHOR;Czesci_zamienne_79275.pdf;matched_manifest;https://drive.google.com/file/d/1ZoEF57Z9MDvindGmkoZ6DaPKa4xudaWI/preview;8815
ZUN-000034;Z7927549;ŁOŻYSKO KULKOWE 6003 2Z;;6003 2Z;ø3,5x1;79275;STHOR;Czesci_zamienne_79275.pdf;matched_manifest;https://drive.google.com/file/d/1ZoEF57Z9MDvindGmkoZ6DaPKa4xudaWI/preview;8827
ZUN-000003;Z7927556;ŁOŻYSKO KULKOWE 607 2Z;;607 2Z;ø1,9x0,6;79275;STHOR;Czesci_zamienne_79275.pdf;matched_manifest;https://drive.google.com/file/d/1ZoEF57Z9MDvindGmkoZ6DaPKa4xudaWI/preview;8834
ZUN-000637;Z79307-006;USZCZELKA OLEJOWA simmering;;ø18/ø24/3mm;ø2,4x0,3;79307;STHOR;Czesci_zamienne_79307.pdf;matched_manifest;https://drive.google.com/file/d/1HRvXCe7mIn0puH53p65TUQqn7PKGR78N/preview;8888
ZUN-000065;Z79307-008;ŁOŻYSKO KULKOWE 6900 2RS;;6900 2RS (61900 2RS) ø10/ ø22/ 6mm;ø2,2x0,6;79307;STHOR;Czesci_zamienne_79307.pdf;matched_manifest;https://drive.google.com/file/d/1HRvXCe7mIn0puH53p65TUQqn7PKGR78N/preview;8889
ZUN-000534;Z79307-015;O-RING;;ø28,2/ø35/ø3,4mm;ø3,5x0,34;79307;STHOR;Czesci_zamienne_79307.pdf;matched_manifest;https://drive.google.com/file/d/1HRvXCe7mIn0puH53p65TUQqn7PKGR78N/preview;8894
ZUN-000027;Z79307-016;ŁOŻYSKO KULKOWE 699 2Z;;699 2Z;ø2x0,5;79307;STHOR;Czesci_zamienne_79307.pdf;matched_manifest;https://drive.google.com/file/d/1HRvXCe7mIn0puH53p65TUQqn7PKGR78N/preview;8895
ZUN-000039;Z79307-027;ŁOŻYSKO KULKOWE 6200 2RS;;6000 2RS;ø3x0,9;79307;STHOR;Czesci_zamienne_79307.pdf;matched_manifest;https://drive.google.com/file/d/1HRvXCe7mIn0puH53p65TUQqn7PKGR78N/preview;8903
ZUN-000004;Z79307-032;ŁOŻYSKO KULKOWE 607 2RS;;607 2RS;ø1,9x0,6;79307;STHOR;Czesci_zamienne_79307.pdf;matched_manifest;https://drive.google.com/file/d/1HRvXCe7mIn0puH53p65TUQqn7PKGR78N/preview;8908
ZUN-000564;Z79307-080;WŁĄCZNIK bez elektroniki;;FA6 6/2W3 6(6)A 250V// HLT-125W-1 6(6) 250V 5E4// HT1006-2110 6(6)A 250V;2,5x2,85x2,96;79307;STHOR;Czesci_zamienne_79307.pdf;matched_manifest;https://drive.google.com/file/d/1HRvXCe7mIn0puH53p65TUQqn7PKGR78N/preview;8926
ZUN-000282;Z79307-087;KABEL ZASILAJACY Z WTYCZKĄ;;2x1,0mm/4m;3,5x9x30;79307;STHOR;Czesci_zamienne_79307.pdf;matched_manifest;https://drive.google.com/file/d/1HRvXCe7mIn0puH53p65TUQqn7PKGR78N/preview;8928
ZUN-000003;Z7930910;ŁOŻYSKO KULKOWE 607 2Z;;607 2Z;ø1,9x0,6;79309;STHOR;Czesci_zamienne_79309.pdf;matched_manifest;https://drive.google.com/file/d/1VL2_7rmkBKZwiztXPZGFrenAx8es48Yo/preview;8933
ZUN-000028;Z7930913;ŁOŻYSKO KULKOWE 6000 2Z;;6000 2Z;ø2,6x0,8;79309;STHOR;Czesci_zamienne_79309.pdf;matched_manifest;https://drive.google.com/file/d/1VL2_7rmkBKZwiztXPZGFrenAx8es48Yo/preview;8936
ZUN-000033;Z7930917;ŁOŻYSKO KULKOWE 6002 2RS;;6002 2RS;ø3,2x0,9;79309;STHOR;Czesci_zamienne_79309.pdf;matched_manifest;https://drive.google.com/file/d/1VL2_7rmkBKZwiztXPZGFrenAx8es48Yo/preview;8940
ZUN-000182;Z7931051;TULEJA MIEDZIANA;;ø8/ø12/8mm;ø1,2x0,8;79310;;;candidate_from_index;;8972
ZUN-000247;Z79311057;KLIN CZÓŁENKOWY;;;0,4x0,5x1,2;79311;;;candidate_from_index;;8994
ZUN-000182;Z79311066;TULEJA MIEDZIANA;;ø8/ø12/8mm;ø1,2x0,8;79311;;;candidate_from_index;;8999
ZUN-000064;Z7931235;ŁOŻYSKO KULKOWE 6900 2Z;;6900 2Z;ø2,2x0,6;79312;;;candidate_from_index;;9022
ZUN-000247;Z79313057;KLIN CZÓŁENKOWY;;;0,4x0,5x1,2;79313;;;candidate_from_index;;9042
ZUN-000026;Z7931403;ŁOŻYSKO KULKOWE 698 2Z;;698 2Z;ø1,9x0,6;79314;STHOR;Czesci_zamienne_79314.pdf;matched_manifest;https://drive.google.com/file/d/1UCtisEy87QTtDBeYroSqv9xrcIydaXSG/preview;9055
ZUN-000012;Z7931404;ŁOŻYSKO KULKOWE 626 2Z;;626 2Z;ø1,9x0,6;79314;STHOR;Czesci_zamienne_79314.pdf;matched_manifest;https://drive.google.com/file/d/1UCtisEy87QTtDBeYroSqv9xrcIydaXSG/preview;9056
ZUN-000026;Z7931604;ŁOŻYSKO KULKOWE 698 2Z;;698 2Z;ø1,9x0,6;79316;;;candidate_from_index;;9073
ZUN-000026;Z7931703;ŁOŻYSKO KULKOWE 698 2Z;;698 2Z;ø1,9x0,6;79317;;;candidate_from_index;;9086
ZUN-000546;Z7931815;PRZEŁĄCZNIK I-0-II;;GW01 16(4)A 250V 5E4;1,4x3,17x3,4;79318;STHOR;Czesci_zamienne_79318.pdf;matched_manifest;https://drive.google.com/file/d/1LUyAJKY9RgjpXEdJJqm6rkjMMdcS_XD2/preview;9099
ZUN-000546;Z7932020;PRZEŁĄCZNIK I-0-II;;GW01 16(4)A 250V 5E4;1,4x3,17x3,4;79320;STHOR;Czesci_zamienne_79320.pdf;matched_manifest;https://drive.google.com/file/d/1jWP8sFLq4nHONuf93hnA0ZCsmZf8hYFC/preview;9120
ZUN-000316;Z7932023;KABEL ZASILAJACY Z WTYCZKĄ;;2x1,0mm/2m guma;3,5x6x30;79320;STHOR;Czesci_zamienne_79320.pdf;matched_manifest;https://drive.google.com/file/d/1jWP8sFLq4nHONuf93hnA0ZCsmZf8hYFC/preview;9122
ZUN-000546;Z7932415;PRZEŁĄCZNIK I-0-II;;GW01 16(4)A 250V 5E4;1,4x3,17x3,4;79324;STHOR;Czesci_zamienne_79324.pdf;matched_manifest;https://drive.google.com/file/d/1IsRnrFO1R2THlL1LQK77Ypo31MbVjjs4/preview;9131
ZUN-000279;Z7932419;KABEL ZASILAJACY Z WTYCZKĄ;;2x1,0mm/2m guma;3,5x6x30;79324;STHOR;Czesci_zamienne_79324.pdf;matched_manifest;https://drive.google.com/file/d/1IsRnrFO1R2THlL1LQK77Ypo31MbVjjs4/preview;9132
ZUN-000546;Z7932515;PRZEŁĄCZNIK I-0-II;;GW01 16(4)A 250V 5E4;1,4x3,17x3,4;79325;STHOR;Czesci_zamienne_79325.pdf;matched_manifest;https://drive.google.com/file/d/1GWWfU8FaTSuzxZwuLG32seT5tROWTmck/preview;9142
ZUN-000279;Z7932519;KABEL ZASILAJACY Z WTYCZKĄ;;2x1,0mm/2m guma;3,5x6x30;79325;STHOR;Czesci_zamienne_79325.pdf;matched_manifest;https://drive.google.com/file/d/1GWWfU8FaTSuzxZwuLG32seT5tROWTmck/preview;9143
ZUN-000316;Z7932823;KABEL ZASILAJĄCY Z WTYCZKĄ;;;;79328;STHOR;Czesci_zamienne_79328.pdf;matched_manifest;https://drive.google.com/file/d/16EiP2d9Q2sOf7-Dicuz_2rcc4SzKDYZL/preview;9178
ZUN-000546;Z7932918;PRZEŁĄCZNIK I-0-II;;GW01 16(4)A 250V 5E4;1,4x3,5x3,7;79329;STHOR;Czesci_zamienne_79329.pdf;matched_manifest;https://drive.google.com/file/d/1qdUDX0EOtPIXr1b2AeFgYnfqorq-ln8G/preview;9183
ZUN-000006;Z7933217;ŁOŻYSKO KULKOWE 608 2RS;;608 2RS;ø2,2x0,7;79332;STHOR;Czesci_zamienne_79332.pdf;matched_manifest;https://drive.google.com/file/d/1vgmfcKzACFbcs1VVBPjtEdTo2aR2pBhb/preview;9239
ZUN-000030;Z7933414;ŁOŻYSKO KULKOWE 6001 2Z;;6001 2Z;ø2,8x0,8;79334;STHOR;Czesci_zamienne_79334.pdf;matched_manifest;https://drive.google.com/file/d/1JGHK9WQjD2LCt3KXuCtwY2GutzX1NfXD/preview;9270
ZUN-000241;Z7933416;KLIN CZÓŁENKOWY;;;0,3x0,4x0,9;79334;STHOR;Czesci_zamienne_79334.pdf;matched_manifest;https://drive.google.com/file/d/1JGHK9WQjD2LCt3KXuCtwY2GutzX1NfXD/preview;9272
ZUN-000182;Z7933419;TULEJA MIEDZIANA;;ø8/ø12/8mm;ø1,2x0,8;79334;STHOR;Czesci_zamienne_79334.pdf;matched_manifest;https://drive.google.com/file/d/1JGHK9WQjD2LCt3KXuCtwY2GutzX1NfXD/preview;9274
ZUN-000028;Z7933430;ŁOŻYSKO KULKOWE 6000 2Z;;6000 2Z;ø2,6x0,8;79334;STHOR;Czesci_zamienne_79334.pdf;matched_manifest;https://drive.google.com/file/d/1JGHK9WQjD2LCt3KXuCtwY2GutzX1NfXD/preview;9276
ZUN-000557;Z7933446;WŁĄCZNIK blokada włączenia;;TMSD3-2-3 16(8)A 250V 5E4 TEMSE;3,3x3,9x4,82;79334;STHOR;Czesci_zamienne_79334.pdf;matched_manifest;https://drive.google.com/file/d/1JGHK9WQjD2LCt3KXuCtwY2GutzX1NfXD/preview;9285
ZUN-000241;Z7933516;KLIN CZÓŁENKOWY;;;0,3x0,4x0,9;79335;;;candidate_from_index;;9293
ZUN-000182;Z7933519;TULEJA MIEDZIANA;;ø8/ø12/8mm;ø1,2x0,8;79335;;;candidate_from_index;;9295
ZUN-000247;Z7933926;KLIN CZÓŁENKOWY;;;0,4x0,5x1,2;79339;;;candidate_from_index;;9324
ZUN-000182;Z7933930;TULEJA MIEDZIANA;;ø8/ø12/8mm;ø1,2x0,8;79339;;;candidate_from_index;;9326
ZUN-000251;Z7934040;KLIN;;;0,3x0,3x1,2;79340;;;candidate_from_index;;9346
ZUN-000247;Z7934126;KLIN CZÓŁENKOWY;;;0,4x0,5x1,2;79341;;;candidate_from_index;;9363
ZUN-000182;Z7934130;TULEJA MIEDZIANA;;ø8/ø12/8mm;ø1,2x0,8;79341;;;candidate_from_index;;9366
ZUN-000182;Z7934213;TULEJA MIEDZIANA;;ø8/ø12/8mm;ø1,2x0,8;79342;;;candidate_from_index;;9387
ZUN-000182;Z7934328;TULEJA MIEDZIANA;;ø8/ø12/8mm;ø1,2x0,8;79343;;;candidate_from_index;;9411
ZUN-000251;Z7934341;KLIN;;;0,3x0,3x1,2;79343;;;candidate_from_index;;9418
ZUN-000544;Z7935012;WŁĄCZNIK;;JS20 1(1)A 250V T85;0,7x1,6x4,3;79350;STHOR;Czesci_zamienne_79350.pdf;matched_manifest;https://drive.google.com/file/d/1TEeecaBvzMZdhcn5TXr4bi_AGJ2Xj0Bg/preview;9489
ZUN-000544;Z7935112;WŁĄCZNIK;;JS20 1(1)A 250V T85;0,7x1,6x4,3;79351;;;candidate_from_index;;9495
ZUN-000544;Z7935212;WŁĄCZNIK;;JS20 1(1)A 250V T85;0,7x1,6x4,3;79352;STHOR;Czesci_zamienne_79352.pdf;matched_manifest;https://drive.google.com/file/d/1ld_yETXV-b5ycKSO6Y2bQf5-eSnRRpGC/preview;9502
ZUN-000544;Z7935314;WŁĄCZNIK;;JS20 1(1)A 250V T85;0,7x1,6x4,3;79353;STHOR;Czesci_zamienne_79353.pdf;matched_manifest;https://drive.google.com/file/d/1CaDkhthstYF77Q9AZUbDAwFsDDKqTe4R/preview;9510
ZUN-000544;Z793541A;WŁĄCZNIK;;JS20 1(1)A 250V T85;0,7x1,6x4,3;79354;STHOR;Czesci_zamienne_79354.pdf;matched_manifest_prefix;https://drive.google.com/file/d/136cRXR5QK5k7Uan2vatjIqPSvdyESAd_/preview;9518
ZUN-000544;Z7935512;WŁĄCZNIK;;JS20 1(1)A 250V T85;0,7x1,6x4,3;79355;STHOR;Czesci_zamienne_79355.pdf;matched_manifest;https://drive.google.com/file/d/1fIF9WHrNgLi-khmNi6x6g1v-eEsBqjpJ/preview;9525
ZUN-000216;Z7937902;WŁĄCZNIK;;RK2-16 6(4)A 250V T100/55 SOKEN;1,5x2,1x2,6;79379;STHOR;Czesci_zamienne_79379.pdf;matched_manifest;https://drive.google.com/file/d/1L7hIuvjR4TjaAYHBwXc3XkYR0R1iWgNu/preview;9549
ZUN-000005;Z7941026;ŁOŻYSKO KULKOWE 608 2Z;;608 2Z;ø2,2x0,7;79410;FLO;Czesci_zamienne_79410.pdf;matched_manifest;https://drive.google.com/file/d/1E9BxLTaqHMDjzqSItlyBAWx4aw1V0w6G/preview;9596
ZUN-000028;Z7941037;ŁOŻYSKO KULKOWE 6000 2Z;;6000 2Z;ø2,6x0,8;79410;FLO;Czesci_zamienne_79410.pdf;matched_manifest;https://drive.google.com/file/d/1E9BxLTaqHMDjzqSItlyBAWx4aw1V0w6G/preview;9600
ZUN-000012;Z7941045;ŁOŻYSKO KULKOWE 626 2Z;;626 2Z;ø1,9x0,6;79410;FLO;Czesci_zamienne_79410.pdf;matched_manifest;https://drive.google.com/file/d/1E9BxLTaqHMDjzqSItlyBAWx4aw1V0w6G/preview;9603
ZUN-000001;Z7941046;ŁOŻYSKO KULKOWE 606 2Z;;606 2Z;ø1,7x0,6;79410;FLO;Czesci_zamienne_79410.pdf;matched_manifest;https://drive.google.com/file/d/1E9BxLTaqHMDjzqSItlyBAWx4aw1V0w6G/preview;9604
ZUN-000005;Z7941318;ŁOŻYSKO KULKOWE 608 2Z;;608 2Z;ø2,2x0,7;79413;FLO;Czesci_zamienne_79413.pdf;matched_manifest;https://drive.google.com/file/d/1xrAhK5QF5-YW4eeO9lONU6-Bz2jkrSTW/preview;9639
ZUN-000029;Z7941331;ŁOŻYSKO KULKOWE 6000 2RS;;6000 2RS;ø2,6x0,8;79413;FLO;Czesci_zamienne_79413.pdf;matched_manifest;https://drive.google.com/file/d/1xrAhK5QF5-YW4eeO9lONU6-Bz2jkrSTW/preview;9648
ZUN-000550;Z7941512;WŁĄCZNIK;;DA7-10/1 10(10)A 250V JIABEN;1,0x2,15x3,75;79415;FLO;Czesci_zamienne_79415.pdf;matched_manifest;https://drive.google.com/file/d/1ULnYr6XzoC6rn3hsBlVH_kHTlJaHQcQV/preview;9665
ZUN-000272;Z7941519;KABEL ZASILAJACY Z WTYCZKĄ;;2x0,75mm/2m H05VV-F;3,5x6x25;79415;FLO;Czesci_zamienne_79415.pdf;matched_manifest;https://drive.google.com/file/d/1ULnYr6XzoC6rn3hsBlVH_kHTlJaHQcQV/preview;9667
ZUN-000004;Z7941524;ŁOŻYSKO KULKOWE 607 2RS;;607 2RS;ø1,9x0,6;79415;FLO;Czesci_zamienne_79415.pdf;matched_manifest;https://drive.google.com/file/d/1ULnYr6XzoC6rn3hsBlVH_kHTlJaHQcQV/preview;9670
ZUN-000006;Z7941542;ŁOŻYSKO KULKOWE 608 2RS;;608 2RS;ø2,2x0,7;79415;FLO;Czesci_zamienne_79415.pdf;matched_manifest;https://drive.google.com/file/d/1ULnYr6XzoC6rn3hsBlVH_kHTlJaHQcQV/preview;9675
ZUN-000272;Z7941612;KABEL ZASILAJACY Z WTYCZKĄ;;2x0,75mm/2m H05VV-F;3,5x6x25;79416;FLO;Czesci_zamienne_79416.pdf;matched_manifest;https://drive.google.com/file/d/15Fu2WKccqb9BIdekxqzxd0IfhVftSoIn/preview;9684
ZUN-000004;Z7941619;ŁOŻYSKO KULKOWE 607 2RS;;607 2RS;ø1,9x0,6;79416;FLO;Czesci_zamienne_79416.pdf;matched_manifest;https://drive.google.com/file/d/15Fu2WKccqb9BIdekxqzxd0IfhVftSoIn/preview;9688
ZUN-000006;Z7941642;ŁOŻYSKO KULKOWE 608 2RS;;608 2RS;ø2,2x0,7;79416;FLO;Czesci_zamienne_79416.pdf;matched_manifest;https://drive.google.com/file/d/15Fu2WKccqb9BIdekxqzxd0IfhVftSoIn/preview;9699
ZUN-000029;Z7941651;ŁOŻYSKO KULKOWE 6000 2RS;;6000 2RS;ø2,6x0,8;79416;FLO;Czesci_zamienne_79416.pdf;matched_manifest;https://drive.google.com/file/d/15Fu2WKccqb9BIdekxqzxd0IfhVftSoIn/preview;9704
ZUN-000005;Z7942020;ŁOŻYSKO KULKOWE 608 2Z;stal;608 2Z;ø2,2x0,7;79420;FLO;Czesci_zamienne_79420.pdf;matched_manifest;https://drive.google.com/file/d/1bQwbvkQve6FX_LGMtnSLASCXOnFdp8PE/preview;9712
ZUN-000065;Z7942031;ŁOŻYSKO KULKOWE 6900 2RS;stal;6900 2RS (61900 2RS) ø10/ ø22/ 6mm;ø2,2x0,6;79420;FLO;Czesci_zamienne_79420.pdf;matched_manifest;https://drive.google.com/file/d/1bQwbvkQve6FX_LGMtnSLASCXOnFdp8PE/preview;9719
ZUN-000066;Z7942033;ŁOŻYSKO KULKOWE 6901 2Z;stal;6901 2Z;ø2,1x0,5;79420;FLO;Czesci_zamienne_79420.pdf;matched_manifest;https://drive.google.com/file/d/1bQwbvkQve6FX_LGMtnSLASCXOnFdp8PE/preview;9721
ZUN-000028;Z7942040;ŁOŻYSKO KULKOWE 6000 2Z;stal;6000 2Z;ø2,6x0,8;79420;FLO;Czesci_zamienne_79420.pdf;matched_manifest;https://drive.google.com/file/d/1bQwbvkQve6FX_LGMtnSLASCXOnFdp8PE/preview;9724
ZUN-000186;Z7942045;ŁOŻYSKO IGIEŁKOWE HK071208;stal;HK071208;ø1,2x0,8;79420;FLO;Czesci_zamienne_79420.pdf;matched_manifest;https://drive.google.com/file/d/1bQwbvkQve6FX_LGMtnSLASCXOnFdp8PE/preview;9728
ZUN-000272;Z7942051;KABEL ZASILAJACY Z WTYCZKĄ;tworzywo/miedź;2x0,75mm/2m H05VV-F;3,5x6x25;79420;FLO;Czesci_zamienne_79420.pdf;matched_manifest;https://drive.google.com/file/d/1bQwbvkQve6FX_LGMtnSLASCXOnFdp8PE/preview;9730
ZUN-000041;Z7944031;ŁOŻYSKO KULKOWE 6201 2RS;;6201 2RS;ø3,2x1;79440;;;candidate_from_index;;9739
ZUN-000104;Z7944036;ŁOŻYSKO IGIEŁKOWE HK0808;;HK0808 ø8/ø12/8mm;ø1,2x0,8;79440;;;candidate_from_index;;9742
ZUN-000028;Z7944040;ŁOŻYSKO KULKOWE 6000 2Z;;6000 2Z;ø2,6x0,8;79440;;;candidate_from_index;;9744
ZUN-000575;Z7944207;PRZEŁĄCZNIK;;TMSW2-1 12(8)A 250V / ZQ7-12/1 12(10)A 250VAC;1x2,3x3,7;79442;FLO;Czesci_zamienne_79442.pdf;matched_manifest;https://drive.google.com/file/d/1Cp5EHgyph5M7lP2NUrrAPUYOSVLyGDc-/preview;9758
ZUN-000574;Z7944208;PRZEŁĄCZNIK podwyższony przycisk 3,5mm;;TMSW2-1 12(8)A 250V / ZQ7-12/1 12(10)A 250VAC;1x2,3x3,45;79442;FLO;Czesci_zamienne_79442.pdf;matched_manifest;https://drive.google.com/file/d/1Cp5EHgyph5M7lP2NUrrAPUYOSVLyGDc-/preview;9759
ZUN-000003;Z7944218;ŁOŻYSKO KULKOWE 607 2Z;;607 2Z;ø1,9x0,6;79442;FLO;Czesci_zamienne_79442.pdf;matched_manifest;https://drive.google.com/file/d/1Cp5EHgyph5M7lP2NUrrAPUYOSVLyGDc-/preview;9769
ZUN-000005;Z7944222;ŁOŻYSKO KULKOWE 608 2Z;;608 2Z;ø2,2x0,7;79442;FLO;Czesci_zamienne_79442.pdf;matched_manifest;https://drive.google.com/file/d/1Cp5EHgyph5M7lP2NUrrAPUYOSVLyGDc-/preview;9774
ZUN-000101;Z7944249;ŁOŻYSKO IGIEŁKOWE HK0608;;HK0608 ø6/ø10/8mm;ø1x0,8;79442;FLO;Czesci_zamienne_79442.pdf;matched_manifest;https://drive.google.com/file/d/1Cp5EHgyph5M7lP2NUrrAPUYOSVLyGDc-/preview;9801
ZUN-000003;Z7944404;ŁOŻYSKO KULKOWE 607 2Z;;607 2Z;ø1,9x0,6;79444;FLO;Czesci_zamienne_79444.pdf;matched_manifest;https://drive.google.com/file/d/12qH9x3tYNs3DIFmNCtaAEEy0ZWOsFS1-/preview;9805
ZUN-000005;Z7944407;ŁOŻYSKO KULKOWE 608 2Z;;608 2Z;ø2,2x0,7;79444;FLO;Czesci_zamienne_79444.pdf;matched_manifest;https://drive.google.com/file/d/12qH9x3tYNs3DIFmNCtaAEEy0ZWOsFS1-/preview;9807
ZUN-000104;Z7944414;ŁOŻYSKO IGIEŁKOWE HK0808;;HK0808 ø8/ø12/8mm;ø1,2x0,8;79444;FLO;Czesci_zamienne_79444.pdf;matched_manifest;https://drive.google.com/file/d/12qH9x3tYNs3DIFmNCtaAEEy0ZWOsFS1-/preview;9812
ZUN-000574;Z7944433;PRZEŁĄCZNIK podwyższony przycisk 3,5mm;;TMSW2-1 12(8)A 250V / ZQ7-12/1 12(10)A 250VAC;1x2,3x3,45;79444;FLO;Czesci_zamienne_79444.pdf;matched_manifest;https://drive.google.com/file/d/12qH9x3tYNs3DIFmNCtaAEEy0ZWOsFS1-/preview;9817
ZUN-000007;Z7944527;ŁOŻYSKO KULKOWE 609 2Z;;609 2Z;ø2,4x0,7;79445;;;candidate_from_index;;9837
ZUN-000182;Z7944604;TULEJA MIEDZIANA;;ø8/ø12/8mm;ø1,2x0,8;79446;;;candidate_from_index;;9844
ZUN-000575;Z7944652;PRZEŁĄCZNIK;;TMSW2-1 12(8)A 250V / ZQ7-12/1 12(10)A 250VAC;1x2,3x3,7;79446;;;candidate_from_index;;9874
ZUN-000104;Z7944713;ŁOŻYSKO IGIEŁKOWE HK0808;;HK0808 ø8/ø12/8mm;ø1,2x0,8;79447;;;candidate_from_index;;9883
ZUN-000104;Z7944717;ŁOŻYSKO IGIEŁKOWE HK0808;;HK0808 ø8/ø12/8mm;ø1,2x0,8;79447;;;candidate_from_index;;9886
ZUN-000574;Z7944818;PRZEŁĄCZNIK podwyższony przycisk 3,5mm;;TMSW2-1 12(8)A 250V / ZQ7-12/1 12(10)A 250VAC;1x2,3x3,45;79448;FLO;Czesci_zamienne_79448.pdf;matched_manifest;https://drive.google.com/file/d/1CxogqD5EF7cbK9U3UHP8CS2eK0C5doOH/preview;9909
ZUN-000007;Z7945019;ŁOŻYSKO KULKOWE 609 2Z;;609 2Z;ø2,4x0,7;79450;;;candidate_from_index;;9952
ZUN-000101;Z7946547;ŁOŻYSKO IGIEŁKOWE HK0608;;HK0608 ø6/ø10/8mm;ø1x0,8;79465;;;candidate_from_index;;10108
ZUN-000131;Z7947211;ŚRUBA M5 lewy gwint 23mm;stal;M5 lewy gwint 23mm;ø0,8x2,2;79472;;;candidate_from_index;;10144
ZUN-000270;Z7947309;KABEL ZASILAJACY Z WTYCZKĄ;;2x0,75mm/1,8m;3,5x5x25;79473;FLO;Czesci_zamienne_79473.pdf;matched_manifest;https://drive.google.com/file/d/1hl9krHukNLE3RVliQlT6yVHRhNFUul3c/preview;10154
ZUN-000012;Z7947311;ŁOŻYSKO KULKOWE 626 2Z;;626 2Z;ø1,9x0,6;79473;FLO;Czesci_zamienne_79473.pdf;matched_manifest;https://drive.google.com/file/d/1hl9krHukNLE3RVliQlT6yVHRhNFUul3c/preview;10156
ZUN-000005;Z7947316;ŁOŻYSKO KULKOWE 608 2Z;;608 2Z;ø2,2x0,7;79473;FLO;Czesci_zamienne_79473.pdf;matched_manifest;https://drive.google.com/file/d/1hl9krHukNLE3RVliQlT6yVHRhNFUul3c/preview;10161
ZUN-000270;Z7947406;KABEL ZASILAJACY Z WTYCZKĄ;;2x0,75mm/1,8m;3,5x5x25;79474;FLO;Czesci_zamienne_79474.pdf;matched_manifest;https://drive.google.com/file/d/1Htw1eeObgKaQ6DxfRqnBy3A3303MBRE5/preview;10176
ZUN-000003;Z7947412;ŁOŻYSKO KULKOWE 607 2Z;;607 2Z;ø1,9x0,6;79474;FLO;Czesci_zamienne_79474.pdf;matched_manifest;https://drive.google.com/file/d/1Htw1eeObgKaQ6DxfRqnBy3A3303MBRE5/preview;10178
ZUN-000005;Z7947417;ŁOŻYSKO KULKOWE 608 2Z;;608 2Z;ø2,2x0,7;79474;FLO;Czesci_zamienne_79474.pdf;matched_manifest;https://drive.google.com/file/d/1Htw1eeObgKaQ6DxfRqnBy3A3303MBRE5/preview;10182
ZUN-000095;Z7947432;ŁOŻYSKO IGIEŁKOWE;stal lub tworzywo/stal;ø6/ø8,8/13,2mm bez osłon;ø0,8x1,3;79474;FLO;Czesci_zamienne_79474.pdf;matched_manifest;https://drive.google.com/file/d/1Htw1eeObgKaQ6DxfRqnBy3A3303MBRE5/preview;10192
ZUN-000620;Z7947434;PIERŚCIEŃ USTALAJĄCY;stal;a-5,5mm/ b-9,5mm/ c-0,74mm;0,07x0,76x0,95;79474;FLO;Czesci_zamienne_79474.pdf;matched_manifest;https://drive.google.com/file/d/1Htw1eeObgKaQ6DxfRqnBy3A3303MBRE5/preview;10193
ZUN-000300;Z7947437;TULEJA STALOWA;stal;ø5/ø10/6mm;ø1x0,6;79474;FLO;Czesci_zamienne_79474.pdf;matched_manifest;https://drive.google.com/file/d/1Htw1eeObgKaQ6DxfRqnBy3A3303MBRE5/preview;10195
ZUN-000254;Z7947441;KULKA STALOWA;;ø4mm;ø0,4;79474;FLO;Czesci_zamienne_79474.pdf;matched_manifest;https://drive.google.com/file/d/1Htw1eeObgKaQ6DxfRqnBy3A3303MBRE5/preview;10198
ZUN-000623;Z7947443;PIERŚCIEŃ USTALAJĄCY;stal;a-10mm/ b-14,8mm/ c-1mm;0,1x1,1x1,5;79474;FLO;Czesci_zamienne_79474.pdf;matched_manifest;https://drive.google.com/file/d/1Htw1eeObgKaQ6DxfRqnBy3A3303MBRE5/preview;10200
ZUN-000272;Z7947501;KABEL ZASILAJACY Z WTYCZKĄ;;2x0,75mm/2m H05VV-F;3,5x6x25;79475;FLO;Czesci_zamienne_79475.pdf;matched_manifest;https://drive.google.com/file/d/1Zy1lTUqRWOsRcn-HjJhkC_riKOItfiFR/preview;10203
ZUN-000003;Z7947512;ŁOŻYSKO KULKOWE 607 2Z;;607 2Z;ø1,9x0,6;79475;FLO;Czesci_zamienne_79475.pdf;matched_manifest;https://drive.google.com/file/d/1Zy1lTUqRWOsRcn-HjJhkC_riKOItfiFR/preview;10208
ZUN-000028;Z7947518;ŁOŻYSKO KULKOWE 6000 2Z;;6000 2Z;ø2,6x0,8;79475;FLO;Czesci_zamienne_79475.pdf;matched_manifest;https://drive.google.com/file/d/1Zy1lTUqRWOsRcn-HjJhkC_riKOItfiFR/preview;10213
ZUN-000005;Z7947530;ŁOŻYSKO KULKOWE 608 2Z;;608 2Z;ø2,2x0,7;79475;FLO;Czesci_zamienne_79475.pdf;matched_manifest;https://drive.google.com/file/d/1Zy1lTUqRWOsRcn-HjJhkC_riKOItfiFR/preview;10222
ZUN-000003;Z7947614;ŁOŻYSKO KULKOWE 607 2Z;;607 2Z;ø1,9x0,6;79476;FLO;Czesci_zamienne_79476.pdf;matched_manifest;https://drive.google.com/file/d/1Qfj3gccwq4ZQSc3GUQhl2xiZDM6sinab/preview;10245
ZUN-000005;Z7947619;ŁOŻYSKO KULKOWE 608 2Z;;608 2Z;ø2,2x0,7;79476;FLO;Czesci_zamienne_79476.pdf;matched_manifest;https://drive.google.com/file/d/1Qfj3gccwq4ZQSc3GUQhl2xiZDM6sinab/preview;10250
ZUN-000620;Z7947638;PIERŚCIEŃ USTALAJĄCY;stal;a-5,5mm/ b-9,5mm/ c-0,74mm;0,07x0,76x0,95;79476;FLO;Czesci_zamienne_79476.pdf;matched_manifest;https://drive.google.com/file/d/1Qfj3gccwq4ZQSc3GUQhl2xiZDM6sinab/preview;10262
ZUN-000300;Z7947641;TULEJA STALOWA;stal;ø5/ø10/6mm;ø1x0,6;79476;FLO;Czesci_zamienne_79476.pdf;matched_manifest;https://drive.google.com/file/d/1Qfj3gccwq4ZQSc3GUQhl2xiZDM6sinab/preview;10265
ZUN-000254;Z7947645;KULKA STALOWA;;ø4mm;ø0,4;79476;FLO;Czesci_zamienne_79476.pdf;matched_manifest;https://drive.google.com/file/d/1Qfj3gccwq4ZQSc3GUQhl2xiZDM6sinab/preview;10268
ZUN-000300;Z7947705;TULEJA STALOWA;stal;ø5/ø10/6mm;ø1x0,6;79477;FLO;Czesci_zamienne_79477.pdf;matched_manifest;https://drive.google.com/file/d/1n9MqSPSgDhm7yueR4VVHYYhiXnoJe7Fh/preview;10276
ZUN-000558;Z7947720;WŁĄCZNIK;;TMSD3-2-2 16(8)A 250V TEMSE;3,3x4,73x5,1;79477;FLO;Czesci_zamienne_79477.pdf;matched_manifest;https://drive.google.com/file/d/1n9MqSPSgDhm7yueR4VVHYYhiXnoJe7Fh/preview;10285
ZUN-000624;Z7947729;PIERŚCIEŃ USTALAJĄCY;stal;a-11mm/ b-16mm/ c-1mm;0,1x1,4x1,6;79477;FLO;Czesci_zamienne_79477.pdf;matched_manifest;https://drive.google.com/file/d/1n9MqSPSgDhm7yueR4VVHYYhiXnoJe7Fh/preview;10287
ZUN-000254;Z7947732;KULKA STALOWA;;ø4mm;ø0,4;79477;FLO;Czesci_zamienne_79477.pdf;matched_manifest;https://drive.google.com/file/d/1n9MqSPSgDhm7yueR4VVHYYhiXnoJe7Fh/preview;10290
ZUN-000272;Z7947739;KABEL ZASILAJACY Z WTYCZKĄ;;2x0,75mm/2m H05VV-F;3,5x6x25;79477;FLO;Czesci_zamienne_79477.pdf;matched_manifest;https://drive.google.com/file/d/1n9MqSPSgDhm7yueR4VVHYYhiXnoJe7Fh/preview;10295
ZUN-000300;Z7947804;TULEJA STALOWA;stal;ø5/ø10/6mm;ø1x0,6;79478;FLO;Czesci_zamienne_79478.pdf;matched_manifest;https://drive.google.com/file/d/1yKiRRS4Fsb3GkRb3hC920FR1Or8qEDKh/preview;10300
ZUN-000558;Z7947822;WŁĄCZNIK;;TMSD3-2-2 16(8)A 250V TEMSE;3,3x4,8x5;79478;FLO;Czesci_zamienne_79478.pdf;matched_manifest;https://drive.google.com/file/d/1yKiRRS4Fsb3GkRb3hC920FR1Or8qEDKh/preview;10316
ZUN-000254;Z7947831;KULKA STALOWA;;ø4mm;ø0,4;79478;FLO;Czesci_zamienne_79478.pdf;matched_manifest;https://drive.google.com/file/d/1yKiRRS4Fsb3GkRb3hC920FR1Or8qEDKh/preview;10323
ZUN-000270;Z7947837;KABEL ZASILAJACY Z WTYCZKĄ;;2x0,75mm/1,8m;3,5x5x25;79478;FLO;Czesci_zamienne_79478.pdf;matched_manifest;https://drive.google.com/file/d/1yKiRRS4Fsb3GkRb3hC920FR1Or8qEDKh/preview;10328
ZUN-000600;Z7947846;OSŁONA ŁOŻYSKA 608;tworzywo;ø8/ø19/ø22,1/7,5mm;ø2,21x0,75;79478;FLO;Czesci_zamienne_79478.pdf;matched_manifest;https://drive.google.com/file/d/1yKiRRS4Fsb3GkRb3hC920FR1Or8qEDKh/preview;10329
ZUN-000005;Z7947847;ŁOŻYSKO KULKOWE 608 2Z;;608 2Z;ø2,2x0,7;79478;FLO;Czesci_zamienne_79478.pdf;matched_manifest;https://drive.google.com/file/d/1yKiRRS4Fsb3GkRb3hC920FR1Or8qEDKh/preview;10330
ZUN-000003;Z7947848;ŁOŻYSKO KULKOWE 607 2Z;;607 2Z;ø1,9x0,6;79478;FLO;Czesci_zamienne_79478.pdf;matched_manifest;https://drive.google.com/file/d/1yKiRRS4Fsb3GkRb3hC920FR1Or8qEDKh/preview;10331
ZUN-000003;Z7947910;ŁOŻYSKO KULKOWE 607 2Z;stal;607 2Z;ø1,9x0,6;79479;FLO;Czesci_zamienne_79479.pdf;matched_manifest;https://drive.google.com/file/d/14ftwGyWPhL6e4w_C1mESAMU3W4U2qiYH/preview;10339
ZUN-000006;Z7947916;ŁOŻYSKO KULKOWE 608 2RS;stal/tworzywo;608 2RS;ø2,2x0,7;79479;FLO;Czesci_zamienne_79479.pdf;matched_manifest;https://drive.google.com/file/d/14ftwGyWPhL6e4w_C1mESAMU3W4U2qiYH/preview;10345
ZUN-000003;Z7948110;ŁOŻYSKO KULKOWE 607 2Z;;607 2Z;ø1,9x0,6;79481;FLO;Czesci_zamienne_79481.pdf;matched_manifest;https://drive.google.com/file/d/1DTrlNG7y0ycvw3mAwXk65eFJFTOKTq7J/preview;10372
ZUN-000005;Z7948118;ŁOŻYSKO KULKOWE 608 2Z;;608 2Z;ø2,2x0,7;79481;FLO;Czesci_zamienne_79481.pdf;matched_manifest;https://drive.google.com/file/d/1DTrlNG7y0ycvw3mAwXk65eFJFTOKTq7J/preview;10378
ZUN-000095;Z7948120;ŁOŻYSKO IGIEŁKOWE;stal;ø6/ø8,8/13,2mm bez osłon;ø0,8x1,3;79481;FLO;Czesci_zamienne_79481.pdf;matched_manifest;https://drive.google.com/file/d/1DTrlNG7y0ycvw3mAwXk65eFJFTOKTq7J/preview;10381
ZUN-000607;Z7948124;PIERŚCIEŃ USTALAJĄCY;stal;a-3,8mm/ b-8,8mm/ c-0,7mm;0,07x0,8x0,9;79481;FLO;Czesci_zamienne_79481.pdf;matched_manifest;https://drive.google.com/file/d/1DTrlNG7y0ycvw3mAwXk65eFJFTOKTq7J/preview;10385
ZUN-000608;Z7948131;PIERŚCIEŃ;stal;a-4,7mm/ b-9,8mm/ c-0,8mm;0,1x0,8x1;79481;FLO;Czesci_zamienne_79481.pdf;matched_manifest;https://drive.google.com/file/d/1DTrlNG7y0ycvw3mAwXk65eFJFTOKTq7J/preview;10392
ZUN-000254;Z7948141;KULKA STALOWA;;ø4mm;ø0,4;79481;FLO;Czesci_zamienne_79481.pdf;matched_manifest;https://drive.google.com/file/d/1DTrlNG7y0ycvw3mAwXk65eFJFTOKTq7J/preview;10400
ZUN-000620;Z7948204;PIERŚCIEŃ USTALAJĄCY;stal;a-5,5mm/ b-9,5mm/ c-0,74mm;0,07x0,86x0,96;79482;FLO;Czesci_zamienne_79482.pdf;matched_manifest;https://drive.google.com/file/d/1_ucLohX-tvAcoOnbK4KlWhipxvfx4cKg/preview;10410
ZUN-000300;Z7948205;TULEJA STALOWA;stal;ø5/ø10/6mm;ø1x0,6;79482;FLO;Czesci_zamienne_79482.pdf;matched_manifest;https://drive.google.com/file/d/1_ucLohX-tvAcoOnbK4KlWhipxvfx4cKg/preview;10411
ZUN-000095;Z7948212;ŁOŻYSKO IGIEŁKOWE;stal;ø6/ø8,8/13,2mm bez osłon;ø0,8x1,3;79482;FLO;Czesci_zamienne_79482.pdf;matched_manifest;https://drive.google.com/file/d/1_ucLohX-tvAcoOnbK4KlWhipxvfx4cKg/preview;10415
ZUN-000005;Z7948216;ŁOŻYSKO KULKOWE 608 2Z;;608 2Z;ø2,2x0,7;79482;FLO;Czesci_zamienne_79482.pdf;matched_manifest;https://drive.google.com/file/d/1_ucLohX-tvAcoOnbK4KlWhipxvfx4cKg/preview;10417
ZUN-000003;Z7948223;ŁOŻYSKO KULKOWE 607 2Z;;607 2Z;ø1,9x0,6;79482;FLO;Czesci_zamienne_79482.pdf;matched_manifest;https://drive.google.com/file/d/1_ucLohX-tvAcoOnbK4KlWhipxvfx4cKg/preview;10422
ZUN-000558;Z7948233;WŁĄCZNIK;;FA5-10/2D 10(8)A 250V 5E4 GUOSHENG;3,3x4,73x5,1;79482;FLO;Czesci_zamienne_79482.pdf;matched_manifest;https://drive.google.com/file/d/1_ucLohX-tvAcoOnbK4KlWhipxvfx4cKg/preview;10429
ZUN-000623;Z7948240;PIERŚCIEŃ USTALAJĄCY;stal;a-10mm/ b-14,8mm/ c-1mm;0,1x1,1x1,5;79482;FLO;Czesci_zamienne_79482.pdf;matched_manifest;https://drive.google.com/file/d/1_ucLohX-tvAcoOnbK4KlWhipxvfx4cKg/preview;10434
ZUN-000254;Z7948243;KULKA STALOWA;;ø4mm;ø0,4;79482;FLO;Czesci_zamienne_79482.pdf;matched_manifest;https://drive.google.com/file/d/1_ucLohX-tvAcoOnbK4KlWhipxvfx4cKg/preview;10437
ZUN-000005;Z7948428;ŁOŻYSKO KULKOWE 608 2Z;;608 2Z;ø2,2x0,7;79484;FLO;Czesci_zamienne_79484.pdf;matched_manifest;https://drive.google.com/file/d/1k1Z3KpTng7K8qnMWEqVSh62KNCOnEmZa/preview;10478
ZUN-000012;Z7948432;ŁOŻYSKO KULKOWE 626 2Z;;626 2Z;ø1,9x0,6;79484;FLO;Czesci_zamienne_79484.pdf;matched_manifest;https://drive.google.com/file/d/1k1Z3KpTng7K8qnMWEqVSh62KNCOnEmZa/preview;10482
ZUN-000095;Z7948607;ŁOŻYSKO IGIEŁKOWE;stal;ø6/ø8,8/13,2mm bez osłon;ø0,8x1,3;79486;;;candidate_from_index;;10522
ZUN-000098;Z7949126;ŁOŻYSKO IGIEŁKOWE w obudowie;stal;ZA205211.1R;ø1,8x1,4;79491;;;candidate_from_index;;10608
ZUN-000098;Z79491V2-17;ŁOŻYSKO IGIEŁKOWE w obudowie;;ZA205211.1R;ø1,8x1,4;79491;;;candidate_from_index;;10614
ZUN-000014;Z7949307;ŁOŻYSKO KULKOWE 627 2Z;stal;627 2Z;ø2,2x0,7;79493;FLO;Czesci_zamienne_79493.pdf;matched_manifest;https://drive.google.com/file/d/1fWpbgqkMtWXdvlknZMES0MyAjmvyp7Ss/preview;10639
ZUN-000098;Z7949320;ŁOŻYSKO IGIEŁKOWE w obudowie;;ZA205211.1R;ø1,8x1,4;79493;FLO;Czesci_zamienne_79493.pdf;matched_manifest;https://drive.google.com/file/d/1fWpbgqkMtWXdvlknZMES0MyAjmvyp7Ss/preview;10646
ZUN-000572;Z7951030;WŁĄCZNIK;;KW3 16(4)A 125/250V 5E4;1x2,1x4;79510;;;candidate_from_index;;10729
ZUN-000296;Z7951036;AKUMULATOR;;18V 1500mAh Li-jon (79530 sklep);5,1x7,8x11,5;79510;;;candidate_from_index;;10731
ZUN-000296;Z7952011;AKUMULATOR;;18V 1500mAh Li-jon (79530 sklep);5,1x7,8x11,5;79520;;;candidate_from_index;;10756
ZUN-000451;Z79667066;NAKRĘTKA;;M6;0,5x1x1,1;79667;;;candidate_from_index;;10803
ZUN-000591;Z79667078;ŚWIECA ZAPŁONOWA;stal/porcelana;F6RTC;2x2,3x8;79667;;;candidate_from_index;;10814
ZUN-000250;Z7966705;KLIN;;;0,5x0,5x3,5;79667;;;candidate_from_index;;10835
ZUN-000250;Z7966805;KLIN;;;0,5x0,5x3,5;79668;;;candidate_from_index;;10872
ZUN-000591;Z79668078;ŚWIECA ZAPŁONOWA;stal/porcelana;F6RTC;2x2,3x8;79668;;;candidate_from_index;;10947
ZUN-000250;Z7967205;KLIN;;;0,5x0,5x3,5;79672;;;candidate_from_index;;10969
ZUN-000633;Z79672042;WENTYLATOR;tworzywo;;ø16,7x3;79672;;;candidate_from_index;;11023
ZUN-000593;Z79672079;ŚWIECA ZAPŁONOWA;stal/porcelana;F7RTC;2x2,3x8;79672;;;candidate_from_index;;11051
ZUN-000573;Z79675-12;MIKROWŁĄCZNIK;tworzywo/?;HD02 16(12)A 250V 20A 36V DC;1x2,2x3,8;79675;;;candidate_from_index;;11118
ZUN-000157;Z79722011;USZCZELKA OLEJOWA simmering;stal/tworzywo;ø12/ø22/7mm;ø2,2x0,7;79722;;;candidate_from_index;;11141
ZUN-000157;Z7973306;USZCZELKA OLEJOWA simmering;stal/tworzywo;ø12/ø22/7mm;ø2,2x0,7;79733;;;candidate_from_index;;11219
ZUN-000101;Z79734-008;ŁOŻYSKO IGIEŁKOWE HK0608;;HK0608 ø6/ø10/8mm;ø1x0,8;79734;STHOR;Czesci_zamienne_79734.pdf;matched_manifest;https://drive.google.com/file/d/1nqV36xlOegW408l_G2ibUmMd48mbWB2x/preview;11242
ZUN-000661;Z7974441;TRZPIEŃ TŁOKA sworzeń;stal;tłok ø4,4x3,8;ø1x3,2;79744;;;candidate_from_index;;11346
ZUN-000156;Z79747025;USZCZELKA OLEJOWA simmering;tworzywo/stal;ø15/ø30/7mm;ø3x0,7;79747;;;candidate_from_index;;11373
ZUN-000157;Z79747045;USZCZELKA OLEJOWA simmering;stal/tworzywo;ø12/ø22/7mm;ø2,2x0,7;79747;;;candidate_from_index;;11380
ZUN-000157;Z7975106;USZCZELKA OLEJOWA simmering;stal/tworzywo;ø12/ø22/7mm;ø2,2x0,7;79751;;;candidate_from_index;;11416
ZUN-000170;Z79755106;ZESPÓŁ STARTERA;;;4,6x8,1x15;79755;;;candidate_from_index;;11458
ZUN-000169;Z79755107;PODKŁADKA STARTERA;;;0,1x8,2x9,4;79755;;;candidate_from_index;;11459
ZUN-000171;Z79755109;CHWYTAK STARTERA;;;1,7x3,9x5,9;79755;;;candidate_from_index;;11460
ZUN-000157;Z79755110;USZCZELKA OLEJOWA simmering;stal/tworzywo;ø12/ø22/7mm;ø2,2x0,7;79755;;;candidate_from_index;;11461
ZUN-000080;Z79755113;ŁOŻYSKO KULKOWE 6201 bez osłon;;6201 bez osłon;ø3,2x1;79755;;;candidate_from_index;;11464
ZUN-000157;Z79755125;USZCZELKA OLEJOWA simmering;stal/tworzywo;ø12/ø22/7mm;ø2,2x0,7;79755;;;candidate_from_index;;11468
ZUN-000162;Z79755126;KLIN CZÓŁENKOWY;;3/5/12mm;0,3x0,5x1,2;79755;;;candidate_from_index;;11469
ZUN-000590;Z79755142;ŚWIECA ZAPŁONOWA;stal/porcelana;BM6A TORCH;1,9x2,2x5,4;79755;;;candidate_from_index;;11482
ZUN-000161;Z79755155;SPRZĘGŁO;;;ø7,6x1,4;79755;;;candidate_from_index;;11486
ZUN-000167;Z79755215;ZESPÓŁ PRZEKŁADNI;;;7,1x8x13;79755;;;candidate_from_index;;11501
ZUN-000160;Z79755221;OSTRZE TRÓJRAMIENNE;;1,6xø255mm/1,4xø255mm;0,15x21x24;79755;;;candidate_from_index;;11504
ZUN-000168;Z79755222;SZPULA Z ŻYŁKĄ;;;ø12,8x7,7;79755;;;candidate_from_index;;11505
ZUN-000272;Z7976406;KABEL ZASILAJACY Z WTYCZKĄ;;2x0,75mm/2m H05VV-F;3,5x6x25;79764;;;candidate_from_index;;11608
ZUN-000431;Z7976429;WŁĄCZNIK wodoszczelny;;ZQ8-14/2 14(14)A 250V ZIIQ;2,9x3,52x3,9;79764;;;candidate_from_index;;11620
ZUN-000509;Z7976609;O-RING;;ø10,3/ø13,7/ø1,7mm;ø1,37x0,17;79766;;;candidate_from_index;;11630
ZUN-000227;Z7977121;O-RING USZCZELKA SILNIKA;;ø95/ø100/ø5mm;ø10x0,5;79771;STHOR;Czesci_zamienne_79771.pdf;matched_manifest;https://drive.google.com/file/d/1v6HHKusS2bVzyVoyLkWSDQ9Ww5nUkh5F/preview;11638
ZUN-000394;Z7977125;OBUDOWA POMPY;;;10,5x14,5x16,5;79771;STHOR;Czesci_zamienne_79771.pdf;matched_manifest;https://drive.google.com/file/d/1v6HHKusS2bVzyVoyLkWSDQ9Ww5nUkh5F/preview;11640
ZUN-000406;Z7977128;O-RING;;ø107/ø113/ø3mm;ø11,3x0,3;79771;STHOR;Czesci_zamienne_79771.pdf;matched_manifest;https://drive.google.com/file/d/1v6HHKusS2bVzyVoyLkWSDQ9Ww5nUkh5F/preview;11641
ZUN-000415;Z7977129;PODSTAWA POMPY;;;ø14,5x4,8;79771;STHOR;Czesci_zamienne_79771.pdf;matched_manifest;https://drive.google.com/file/d/1v6HHKusS2bVzyVoyLkWSDQ9Ww5nUkh5F/preview;11642
ZUN-000416;Z7977129A;ZESPÓŁ PODSTAWY;;Części nr 25, 27;ø14,5x4,8;79771;STHOR;Czesci_zamienne_79771.pdf;matched_manifest_prefix;https://drive.google.com/file/d/1v6HHKusS2bVzyVoyLkWSDQ9Ww5nUkh5F/preview;11643
ZUN-000421;Z7977131;PŁYTA PODSTAWY;;;ø8,4x3;79771;STHOR;Czesci_zamienne_79771.pdf;matched_manifest;https://drive.google.com/file/d/1v6HHKusS2bVzyVoyLkWSDQ9Ww5nUkh5F/preview;11645
ZUN-000398;Z7977133;ZŁĄCZE KĄTOWE;;;4,7x7,5x7,5;79771;STHOR;Czesci_zamienne_79771.pdf;matched_manifest;https://drive.google.com/file/d/1v6HHKusS2bVzyVoyLkWSDQ9Ww5nUkh5F/preview;11646
ZUN-000402;Z7977134;O-RING;;ø37,4/ø43/ø2,8mm;ø4,3x0,28;79771;STHOR;Czesci_zamienne_79771.pdf;matched_manifest;https://drive.google.com/file/d/1v6HHKusS2bVzyVoyLkWSDQ9Ww5nUkh5F/preview;11647
ZUN-000400;Z7977135;ZŁĄCZE PROSTE;;;ø5,3x10,5;79771;STHOR;Czesci_zamienne_79771.pdf;matched_manifest;https://drive.google.com/file/d/1v6HHKusS2bVzyVoyLkWSDQ9Ww5nUkh5F/preview;11648
ZUN-000227;Z7977221;O-RING USZCZELKA SILNIKA;;ø95/ø100/ø5mm;ø10x0,5;79772;STHOR;Czesci_zamienne_79772.pdf;matched_manifest;https://drive.google.com/file/d/1WT1VTL1x6T2bgnO-MI6jzGtdyvUoOfbU/preview;11650
ZUN-000394;Z7977225;OBUDOWA POMPY;;;10,5x14,5x16,5;79772;STHOR;Czesci_zamienne_79772.pdf;matched_manifest;https://drive.google.com/file/d/1WT1VTL1x6T2bgnO-MI6jzGtdyvUoOfbU/preview;11652
ZUN-000406;Z7977228;O-RING;;ø107/ø113/ø3mm;ø11,3x0,3;79772;STHOR;Czesci_zamienne_79772.pdf;matched_manifest;https://drive.google.com/file/d/1WT1VTL1x6T2bgnO-MI6jzGtdyvUoOfbU/preview;11653
ZUN-000415;Z7977229;PODSTAWA POMPY;;;ø14,5x4,8;79772;STHOR;Czesci_zamienne_79772.pdf;matched_manifest;https://drive.google.com/file/d/1WT1VTL1x6T2bgnO-MI6jzGtdyvUoOfbU/preview;11654
ZUN-000421;Z7977231;PŁYTA PODSTAWY;;;ø8,4x3;79772;STHOR;Czesci_zamienne_79772.pdf;matched_manifest;https://drive.google.com/file/d/1WT1VTL1x6T2bgnO-MI6jzGtdyvUoOfbU/preview;11656
ZUN-000398;Z7977233;ZŁĄCZE KĄTOWE;;;4,7x7,5x7,5;79772;STHOR;Czesci_zamienne_79772.pdf;matched_manifest;https://drive.google.com/file/d/1WT1VTL1x6T2bgnO-MI6jzGtdyvUoOfbU/preview;11657
ZUN-000402;Z7977234;O-RING;;ø37,4/ø43/ø2,8mm;ø4,3x0,28;79772;STHOR;Czesci_zamienne_79772.pdf;matched_manifest;https://drive.google.com/file/d/1WT1VTL1x6T2bgnO-MI6jzGtdyvUoOfbU/preview;11658
ZUN-000400;Z7977235;ZŁĄCZE PROSTE;;;ø5,3x10,5;79772;STHOR;Czesci_zamienne_79772.pdf;matched_manifest;https://drive.google.com/file/d/1WT1VTL1x6T2bgnO-MI6jzGtdyvUoOfbU/preview;11659
ZUN-000227;Z7977322;O-RING USZCZELKA SILNIKA;;ø95/ø100/ø5mm;ø10x0,5;79773;STHOR;Czesci_zamienne_79773.pdf;matched_manifest;https://drive.google.com/file/d/1smd8rPu_--juSynsaGy4U19aGvpnpfo5/preview;11661
ZUN-000390;Z7977324;TURBINA;;ø8/ø92/35mm dwa ramiona;ø9,2x3,5;79773;STHOR;Czesci_zamienne_79773.pdf;matched_manifest;https://drive.google.com/file/d/1smd8rPu_--juSynsaGy4U19aGvpnpfo5/preview;11662
ZUN-000407;Z7977331;O-RING;;ø113/ø120/ø3,5mm;ø12x0,35;79773;STHOR;Czesci_zamienne_79773.pdf;matched_manifest;https://drive.google.com/file/d/1smd8rPu_--juSynsaGy4U19aGvpnpfo5/preview;11665
ZUN-000417;Z7977332;PODSTAWA POMPY;;;ø15,3x5,2;79773;STHOR;Czesci_zamienne_79773.pdf;matched_manifest;https://drive.google.com/file/d/1smd8rPu_--juSynsaGy4U19aGvpnpfo5/preview;11666
ZUN-000418;Z7977332A;ZESPÓŁ PODSTAWY;;;ø15,3x5,2;79773;STHOR;Czesci_zamienne_79773.pdf;matched_manifest_prefix;https://drive.google.com/file/d/1smd8rPu_--juSynsaGy4U19aGvpnpfo5/preview;11667
ZUN-000421;Z7977334;PŁYTA PODSTAWY;;;ø8,4x3;79773;STHOR;Czesci_zamienne_79773.pdf;matched_manifest;https://drive.google.com/file/d/1smd8rPu_--juSynsaGy4U19aGvpnpfo5/preview;11668
ZUN-000398;Z7977336;ZŁĄCZE KĄTOWE;;;4,7x7,5x7,5;79773;STHOR;Czesci_zamienne_79773.pdf;matched_manifest;https://drive.google.com/file/d/1smd8rPu_--juSynsaGy4U19aGvpnpfo5/preview;11669
ZUN-000402;Z7977337;O-RING;;ø37,4/ø43/ø2,8mm;ø4,3x0,28;79773;STHOR;Czesci_zamienne_79773.pdf;matched_manifest;https://drive.google.com/file/d/1smd8rPu_--juSynsaGy4U19aGvpnpfo5/preview;11670
ZUN-000400;Z7977338;ZŁĄCZE PROSTE;;;ø5,3x10,5;79773;STHOR;Czesci_zamienne_79773.pdf;matched_manifest;https://drive.google.com/file/d/1smd8rPu_--juSynsaGy4U19aGvpnpfo5/preview;11671
ZUN-000227;Z7977422;O-RING USZCZELKA SILNIKA;;ø95/ø100/ø5mm;ø10x0,5;79774;STHOR;Czesci_zamienne_79774.pdf;matched_manifest;https://drive.google.com/file/d/1_eh_Gvk100ooD00oM2xJWUGkz2xpiBv5/preview;11673
ZUN-000390;Z7977424;TURBINA;;ø8/ø92/35mm dwa ramiona;ø9,2x3,5;79774;STHOR;Czesci_zamienne_79774.pdf;matched_manifest;https://drive.google.com/file/d/1_eh_Gvk100ooD00oM2xJWUGkz2xpiBv5/preview;11674
ZUN-000396;Z7977426;OBUDOWA POMPY;;;12,8x15x16;79774;STHOR;Czesci_zamienne_79774.pdf;matched_manifest;https://drive.google.com/file/d/1_eh_Gvk100ooD00oM2xJWUGkz2xpiBv5/preview;11675
ZUN-000407;Z7977431;O-RING;;ø113/ø120/ø3,5mm;ø12x0,35;79774;STHOR;Czesci_zamienne_79774.pdf;matched_manifest;https://drive.google.com/file/d/1_eh_Gvk100ooD00oM2xJWUGkz2xpiBv5/preview;11677
ZUN-000417;Z7977432;PODSTAWA POMPY;;;ø15,3x5,2;79774;STHOR;Czesci_zamienne_79774.pdf;matched_manifest;https://drive.google.com/file/d/1_eh_Gvk100ooD00oM2xJWUGkz2xpiBv5/preview;11678
ZUN-000418;Z7977432A;ZESPÓŁ PODSTAWY;;;ø15,3x5,2;79774;STHOR;Czesci_zamienne_79774.pdf;matched_manifest_prefix;https://drive.google.com/file/d/1_eh_Gvk100ooD00oM2xJWUGkz2xpiBv5/preview;11679
ZUN-000421;Z7977434;PŁYTA PODSTAWY;;;ø8,4x3;79774;STHOR;Czesci_zamienne_79774.pdf;matched_manifest;https://drive.google.com/file/d/1_eh_Gvk100ooD00oM2xJWUGkz2xpiBv5/preview;11680
ZUN-000398;Z7977436;ZŁĄCZE KĄTOWE;;;4,7x7,5x7,5;79774;STHOR;Czesci_zamienne_79774.pdf;matched_manifest;https://drive.google.com/file/d/1_eh_Gvk100ooD00oM2xJWUGkz2xpiBv5/preview;11681
ZUN-000402;Z7977437;O-RING;;ø37,4/ø43/ø2,8mm;ø4,3x0,28;79774;STHOR;Czesci_zamienne_79774.pdf;matched_manifest;https://drive.google.com/file/d/1_eh_Gvk100ooD00oM2xJWUGkz2xpiBv5/preview;11682
ZUN-000400;Z7977438;ZŁĄCZE PROSTE;;;ø5,3x10,5;79774;STHOR;Czesci_zamienne_79774.pdf;matched_manifest;https://drive.google.com/file/d/1_eh_Gvk100ooD00oM2xJWUGkz2xpiBv5/preview;11683
ZUN-000227;Z7977522;O-RING USZCZELKA SILNIKA;;ø95/ø100/ø5mm;ø10x0,5;79775;STHOR;Czesci_zamienne_79775.pdf;matched_manifest;https://drive.google.com/file/d/1ncrX6XI_f5ZTjfhQNjL0dxfGOD11OcGR/preview;11685
ZUN-000390;Z7977524;TURBINA;;ø8/ø92/35mm dwa ramiona;ø9,2x3,5;79775;STHOR;Czesci_zamienne_79775.pdf;matched_manifest;https://drive.google.com/file/d/1ncrX6XI_f5ZTjfhQNjL0dxfGOD11OcGR/preview;11686
ZUN-000396;Z7977526;OBUDOWA POMPY;;;12,8x15x16;79775;STHOR;Czesci_zamienne_79775.pdf;matched_manifest;https://drive.google.com/file/d/1ncrX6XI_f5ZTjfhQNjL0dxfGOD11OcGR/preview;11687
ZUN-000407;Z7977531;O-RING;;ø113/ø120/ø3,5mm;ø12x0,35;79775;STHOR;Czesci_zamienne_79775.pdf;matched_manifest;https://drive.google.com/file/d/1ncrX6XI_f5ZTjfhQNjL0dxfGOD11OcGR/preview;11689
ZUN-000417;Z7977532;PODSTAWA POMPY;;;ø15,3x5,2;79775;STHOR;Czesci_zamienne_79775.pdf;matched_manifest;https://drive.google.com/file/d/1ncrX6XI_f5ZTjfhQNjL0dxfGOD11OcGR/preview;11690
ZUN-000418;Z7977532A;ZESPOŁ PODSTAWY;;;ø15,3x5,2;79775;STHOR;Czesci_zamienne_79775.pdf;matched_manifest_prefix;https://drive.google.com/file/d/1ncrX6XI_f5ZTjfhQNjL0dxfGOD11OcGR/preview;11691
ZUN-000421;Z7977534;PŁYTA PODSTAWY;;;ø8,4x3;79775;STHOR;Czesci_zamienne_79775.pdf;matched_manifest;https://drive.google.com/file/d/1ncrX6XI_f5ZTjfhQNjL0dxfGOD11OcGR/preview;11692
ZUN-000398;Z7977536;ZŁĄCZE KĄTOWE;;;4,7x7,5x7,5;79775;STHOR;Czesci_zamienne_79775.pdf;matched_manifest;https://drive.google.com/file/d/1ncrX6XI_f5ZTjfhQNjL0dxfGOD11OcGR/preview;11693
ZUN-000402;Z7977537;O-RING;;ø37,4/ø43/ø2,8mm;ø4,3x0,28;79775;STHOR;Czesci_zamienne_79775.pdf;matched_manifest;https://drive.google.com/file/d/1ncrX6XI_f5ZTjfhQNjL0dxfGOD11OcGR/preview;11694
ZUN-000400;Z7977538;ZŁĄCZE PROSTE;;;ø5,3x10,5;79775;STHOR;Czesci_zamienne_79775.pdf;matched_manifest;https://drive.google.com/file/d/1ncrX6XI_f5ZTjfhQNjL0dxfGOD11OcGR/preview;11695
ZUN-000227;Z7978121;O-RING USZCZELKA SILNIKA;;ø95/ø100/ø5mm;ø10x0,5;79781;STHOR;Czesci_zamienne_79781.pdf;matched_manifest;https://drive.google.com/file/d/1xGN5aXMLmBS9Oez5MaaDz4Cdbrxp7aGH/preview;11698
ZUN-000392;Z7978123;TURBINA;;ø8/ø84/15mm ślimak;ø8,3x1,5;79781;STHOR;Czesci_zamienne_79781.pdf;matched_manifest;https://drive.google.com/file/d/1xGN5aXMLmBS9Oez5MaaDz4Cdbrxp7aGH/preview;11699
ZUN-000395;Z7978125;OBUDOWA POMPY;;;10,2x12,8x14,5;79781;STHOR;Czesci_zamienne_79781.pdf;matched_manifest;https://drive.google.com/file/d/1xGN5aXMLmBS9Oez5MaaDz4Cdbrxp7aGH/preview;11700
ZUN-000406;Z7978128;O-RING;;ø107/ø113/ø3mm;ø11,3x0,3;79781;STHOR;Czesci_zamienne_79781.pdf;matched_manifest;https://drive.google.com/file/d/1xGN5aXMLmBS9Oez5MaaDz4Cdbrxp7aGH/preview;11701
ZUN-000413;Z7978129;PODSTAWA POMPY;;;ø12,8x6;79781;STHOR;Czesci_zamienne_79781.pdf;matched_manifest;https://drive.google.com/file/d/1xGN5aXMLmBS9Oez5MaaDz4Cdbrxp7aGH/preview;11702
ZUN-000414;Z7978129A;ZESPÓŁ PODSTAWY POMPY;;;ø12,8x6;79781;STHOR;Czesci_zamienne_79781.pdf;matched_manifest_prefix;https://drive.google.com/file/d/1xGN5aXMLmBS9Oez5MaaDz4Cdbrxp7aGH/preview;11703
ZUN-000421;Z7978131;PŁYTA PODSTAWY;;;ø8,4x3;79781;STHOR;Czesci_zamienne_79781.pdf;matched_manifest;https://drive.google.com/file/d/1xGN5aXMLmBS9Oez5MaaDz4Cdbrxp7aGH/preview;11705
ZUN-000399;Z7978133;ZŁĄCZE KĄTOWE;;;4x6x7;79781;STHOR;Czesci_zamienne_79781.pdf;matched_manifest;https://drive.google.com/file/d/1xGN5aXMLmBS9Oez5MaaDz4Cdbrxp7aGH/preview;11706
ZUN-000403;Z7978134;O-RING;;ø36/ø40/ø2mm;ø4x0,2;79781;STHOR;Czesci_zamienne_79781.pdf;matched_manifest;https://drive.google.com/file/d/1xGN5aXMLmBS9Oez5MaaDz4Cdbrxp7aGH/preview;11707
ZUN-000401;Z7978135;ZŁĄCZE PROSTE;;;ø4,6x10;79781;STHOR;Czesci_zamienne_79781.pdf;matched_manifest;https://drive.google.com/file/d/1xGN5aXMLmBS9Oez5MaaDz4Cdbrxp7aGH/preview;11708
ZUN-000227;Z7978221;O-RING USZCZELKA SILNIKA;;ø95/ø100/ø5mm;ø10x0,5;79782;STHOR;Czesci_zamienne_79782.pdf;matched_manifest;https://drive.google.com/file/d/1B8exKPRSxus5LOozeySkp6hboiuiJVPR/preview;11710
ZUN-000392;Z7978223;TURBINA;;ø8/ø84/15mm ślimak;ø8,3x1,5;79782;STHOR;Czesci_zamienne_79782.pdf;matched_manifest;https://drive.google.com/file/d/1B8exKPRSxus5LOozeySkp6hboiuiJVPR/preview;11711
ZUN-000395;Z7978225;OBUDOWA POMPY;;;10,2x12,8x14,5;79782;STHOR;Czesci_zamienne_79782.pdf;matched_manifest;https://drive.google.com/file/d/1B8exKPRSxus5LOozeySkp6hboiuiJVPR/preview;11712
ZUN-000406;Z7978228;O-RING;;ø107/ø113/ø3mm;ø11,3x0,3;79782;STHOR;Czesci_zamienne_79782.pdf;matched_manifest;https://drive.google.com/file/d/1B8exKPRSxus5LOozeySkp6hboiuiJVPR/preview;11713
ZUN-000413;Z7978229;PODSTAWA POMPY;;;ø12,8x6;79782;STHOR;Czesci_zamienne_79782.pdf;matched_manifest;https://drive.google.com/file/d/1B8exKPRSxus5LOozeySkp6hboiuiJVPR/preview;11714
ZUN-000421;Z7978231;PŁYTA PODSTAWY;;;ø8,4x3;79782;STHOR;Czesci_zamienne_79782.pdf;matched_manifest;https://drive.google.com/file/d/1B8exKPRSxus5LOozeySkp6hboiuiJVPR/preview;11716
ZUN-000399;Z7978233;ZŁĄCZE KĄTOWE;;;4x6x7;79782;STHOR;Czesci_zamienne_79782.pdf;matched_manifest;https://drive.google.com/file/d/1B8exKPRSxus5LOozeySkp6hboiuiJVPR/preview;11717
ZUN-000403;Z7978234;O-RING;;ø36/ø40/ø2mm;ø4x0,2;79782;STHOR;Czesci_zamienne_79782.pdf;matched_manifest;https://drive.google.com/file/d/1B8exKPRSxus5LOozeySkp6hboiuiJVPR/preview;11718
ZUN-000401;Z7978235;ZŁĄCZE PROSTE;;;ø4,6x10;79782;STHOR;Czesci_zamienne_79782.pdf;matched_manifest;https://drive.google.com/file/d/1B8exKPRSxus5LOozeySkp6hboiuiJVPR/preview;11719
ZUN-000227;Z7978321;O-RING USZCZELKA SILNIKA;;ø95/ø100/ø5mm;ø10x0,5;79783;STHOR;Czesci_zamienne_79783.pdf;matched_manifest;https://drive.google.com/file/d/156Om4VOz34PgcJbAl80bYQI2ZNex_N-5/preview;11721
ZUN-000395;Z7978325;OBUDOWA POMPY;;;10,2x12,8x14,5;79783;STHOR;Czesci_zamienne_79783.pdf;matched_manifest;https://drive.google.com/file/d/156Om4VOz34PgcJbAl80bYQI2ZNex_N-5/preview;11723
ZUN-000406;Z7978328;O-RING;;ø107/ø113/ø3mm;ø11,3x0,3;79783;STHOR;Czesci_zamienne_79783.pdf;matched_manifest;https://drive.google.com/file/d/156Om4VOz34PgcJbAl80bYQI2ZNex_N-5/preview;11724
ZUN-000413;Z7978329;PODSTAWA POMPY;;;ø12,8x6;79783;STHOR;Czesci_zamienne_79783.pdf;matched_manifest;https://drive.google.com/file/d/156Om4VOz34PgcJbAl80bYQI2ZNex_N-5/preview;11725
ZUN-000421;Z7978331;PŁYTA PODSTAWY;;;ø8,4x3;79783;STHOR;Czesci_zamienne_79783.pdf;matched_manifest;https://drive.google.com/file/d/156Om4VOz34PgcJbAl80bYQI2ZNex_N-5/preview;11727
ZUN-000399;Z7978333;ZŁĄCZE KĄTOWE;;;4x6x7;79783;STHOR;Czesci_zamienne_79783.pdf;matched_manifest;https://drive.google.com/file/d/156Om4VOz34PgcJbAl80bYQI2ZNex_N-5/preview;11728
ZUN-000403;Z7978334;O-RING;;ø36/ø40/ø2mm;ø4x0,2;79783;STHOR;Czesci_zamienne_79783.pdf;matched_manifest;https://drive.google.com/file/d/156Om4VOz34PgcJbAl80bYQI2ZNex_N-5/preview;11729
ZUN-000401;Z7978335;ZŁĄCZE PROSTE;;;ø4,6x10;79783;STHOR;Czesci_zamienne_79783.pdf;matched_manifest;https://drive.google.com/file/d/156Om4VOz34PgcJbAl80bYQI2ZNex_N-5/preview;11730
ZUN-000423;Z7979020A;ZESPÓŁ ODPOWIETRZNIKA;;;1,7x2x2,5;79790;STHOR;Czesci_zamienne_79790.pdf;matched_manifest_prefix;https://drive.google.com/file/d/1-cJTp-3gLckuqYXUiF2nB5EN7_IV83bD/preview;11733
ZUN-000257;Z7979021;KULKA STALOWA;;ø6mm;ø0,6;79790;STHOR;Czesci_zamienne_79790.pdf;matched_manifest;https://drive.google.com/file/d/1-cJTp-3gLckuqYXUiF2nB5EN7_IV83bD/preview;11734
ZUN-000227;Z7979034;O-RING USZCZELKA SILNIKA;;ø95/ø100/ø5mm;ø10x0,5;79790;STHOR;Czesci_zamienne_79790.pdf;matched_manifest;https://drive.google.com/file/d/1-cJTp-3gLckuqYXUiF2nB5EN7_IV83bD/preview;11738
ZUN-000424;Z7979037;WSPORNIK SILNIKA;;;ø12,4x3,6;79790;STHOR;Czesci_zamienne_79790.pdf;matched_manifest;https://drive.google.com/file/d/1-cJTp-3gLckuqYXUiF2nB5EN7_IV83bD/preview;11739
ZUN-000404;Z7979038;O-RING;;ø100/ø110/ø5mm;ø11x0,5;79790;STHOR;Czesci_zamienne_79790.pdf;matched_manifest;https://drive.google.com/file/d/1-cJTp-3gLckuqYXUiF2nB5EN7_IV83bD/preview;11740
ZUN-000409;Z7979039;PODSTAWA POMPY;;;12,8x15x16,5;79790;STHOR;Czesci_zamienne_79790.pdf;matched_manifest;https://drive.google.com/file/d/1-cJTp-3gLckuqYXUiF2nB5EN7_IV83bD/preview;11741
ZUN-000410;Z7979039A;ZESPÓŁ PODSTAWY;;;12,8x15x16,5;79790;STHOR;Czesci_zamienne_79790.pdf;matched_manifest_prefix;https://drive.google.com/file/d/1-cJTp-3gLckuqYXUiF2nB5EN7_IV83bD/preview;11742
ZUN-000421;Z7979040;PŁYTA PODSTAWY;;;ø8,4x3;79790;STHOR;Czesci_zamienne_79790.pdf;matched_manifest;https://drive.google.com/file/d/1-cJTp-3gLckuqYXUiF2nB5EN7_IV83bD/preview;11743
ZUN-000398;Z7979042;ZŁĄCZE KĄTOWE;;;4,7x7,5x7,5;79790;STHOR;Czesci_zamienne_79790.pdf;matched_manifest;https://drive.google.com/file/d/1-cJTp-3gLckuqYXUiF2nB5EN7_IV83bD/preview;11744
ZUN-000402;Z7979043;O-RING;;ø37,4/ø43/ø2,8mm;ø4,3x0,28;79790;STHOR;Czesci_zamienne_79790.pdf;matched_manifest;https://drive.google.com/file/d/1-cJTp-3gLckuqYXUiF2nB5EN7_IV83bD/preview;11745
ZUN-000400;Z7979044;ZŁĄCZE PROSTE;;;ø5,3x10,5;79790;STHOR;Czesci_zamienne_79790.pdf;matched_manifest;https://drive.google.com/file/d/1-cJTp-3gLckuqYXUiF2nB5EN7_IV83bD/preview;11746
ZUN-000423;Z7979120A;ZESPÓŁ ODPOWIETRZNIKA;;Części nr 20, 21, 22, 23;1,7x2x2,5;79791;STHOR;Czesci_zamienne_79791.pdf;matched_manifest_prefix;https://drive.google.com/file/d/1RDgSUx5QQp2iBZfM59QA83JSC3G3rX57/preview;11749
ZUN-000257;Z7979121;KULKA STALOWA;;ø6mm;ø0,6;79791;STHOR;Czesci_zamienne_79791.pdf;matched_manifest;https://drive.google.com/file/d/1RDgSUx5QQp2iBZfM59QA83JSC3G3rX57/preview;11750
ZUN-000227;Z7979134;O-RING USZCZELKA SILNIKA;;ø95/ø100/ø5mm;ø10x0,5;79791;STHOR;Czesci_zamienne_79791.pdf;matched_manifest;https://drive.google.com/file/d/1RDgSUx5QQp2iBZfM59QA83JSC3G3rX57/preview;11754
ZUN-000424;Z7979137;WSPORNIK SILNIKA;;;ø12,4x3,6;79791;STHOR;Czesci_zamienne_79791.pdf;matched_manifest;https://drive.google.com/file/d/1RDgSUx5QQp2iBZfM59QA83JSC3G3rX57/preview;11755
ZUN-000404;Z7979138;O-RING;;ø100/ø110/ø5mm;ø11x0,5;79791;STHOR;Czesci_zamienne_79791.pdf;matched_manifest;https://drive.google.com/file/d/1RDgSUx5QQp2iBZfM59QA83JSC3G3rX57/preview;11756
ZUN-000409;Z7979139;PODSTAWA POMPY;;;12,8x15x16,5;79791;STHOR;Czesci_zamienne_79791.pdf;matched_manifest;https://drive.google.com/file/d/1RDgSUx5QQp2iBZfM59QA83JSC3G3rX57/preview;11757
ZUN-000410;Z7979139A;ZESPÓŁ PODSTAWY;;;12,8x15x16,5;79791;STHOR;Czesci_zamienne_79791.pdf;matched_manifest_prefix;https://drive.google.com/file/d/1RDgSUx5QQp2iBZfM59QA83JSC3G3rX57/preview;11758
ZUN-000421;Z7979140;PŁYTA PODSTAWY;;;ø8,4x3;79791;STHOR;Czesci_zamienne_79791.pdf;matched_manifest;https://drive.google.com/file/d/1RDgSUx5QQp2iBZfM59QA83JSC3G3rX57/preview;11759
ZUN-000398;Z7979142;ZŁĄCZE KĄTOWE;;;4,7x7,5x7,5;79791;STHOR;Czesci_zamienne_79791.pdf;matched_manifest;https://drive.google.com/file/d/1RDgSUx5QQp2iBZfM59QA83JSC3G3rX57/preview;11760
ZUN-000402;Z7979143;O-RING;;ø37,4/ø43/ø2,8mm;ø4,3x0,28;79791;STHOR;Czesci_zamienne_79791.pdf;matched_manifest;https://drive.google.com/file/d/1RDgSUx5QQp2iBZfM59QA83JSC3G3rX57/preview;11761
ZUN-000400;Z7979144;ZŁĄCZE PROSTE;;;ø5,3x10,5;79791;STHOR;Czesci_zamienne_79791.pdf;matched_manifest;https://drive.google.com/file/d/1RDgSUx5QQp2iBZfM59QA83JSC3G3rX57/preview;11762
ZUN-000423;Z7979220A;ZESPÓŁ ODPOWIETRZNIKA;;;1,7x2x2,5;79792;STHOR;Czesci_zamienne_79792.pdf;matched_manifest_prefix;https://drive.google.com/file/d/1hiYpSzaum14I5nN7Qx8PrjCFkIOtxLMA/preview;11765
ZUN-000257;Z7979221;KULKA STALOWA;;ø6mm;ø0,6;79792;STHOR;Czesci_zamienne_79792.pdf;matched_manifest;https://drive.google.com/file/d/1hiYpSzaum14I5nN7Qx8PrjCFkIOtxLMA/preview;11766
ZUN-000227;Z7979234;O-RING USZCZELKA SILNIKA;;ø95/ø100/ø5mm;ø10x0,5;79792;STHOR;Czesci_zamienne_79792.pdf;matched_manifest;https://drive.google.com/file/d/1hiYpSzaum14I5nN7Qx8PrjCFkIOtxLMA/preview;11772
ZUN-000404;Z7979238;O-RING;;ø100/ø110/ø5mm;ø11x0,5;79792;STHOR;Czesci_zamienne_79792.pdf;matched_manifest;https://drive.google.com/file/d/1hiYpSzaum14I5nN7Qx8PrjCFkIOtxLMA/preview;11774
ZUN-000409;Z7979239;PODSTAWA POMPY;;;12,8x15x16,5;79792;STHOR;Czesci_zamienne_79792.pdf;matched_manifest;https://drive.google.com/file/d/1hiYpSzaum14I5nN7Qx8PrjCFkIOtxLMA/preview;11775
ZUN-000410;Z7979239A;ZESPÓŁ PODSTAWY;;;12,8x15x16,5;79792;STHOR;Czesci_zamienne_79792.pdf;matched_manifest_prefix;https://drive.google.com/file/d/1hiYpSzaum14I5nN7Qx8PrjCFkIOtxLMA/preview;11776
ZUN-000421;Z7979240;PŁYTA PODSTAWY;;;ø8,4x3;79792;STHOR;Czesci_zamienne_79792.pdf;matched_manifest;https://drive.google.com/file/d/1hiYpSzaum14I5nN7Qx8PrjCFkIOtxLMA/preview;11777
ZUN-000398;Z7979242;ZŁĄCZE KĄTOWE;;;4,7x7,5x7,5;79792;STHOR;Czesci_zamienne_79792.pdf;matched_manifest;https://drive.google.com/file/d/1hiYpSzaum14I5nN7Qx8PrjCFkIOtxLMA/preview;11778
ZUN-000402;Z7979243;O-RING;;ø37,4/ø43/ø2,8mm;ø4,3x0,28;79792;STHOR;Czesci_zamienne_79792.pdf;matched_manifest;https://drive.google.com/file/d/1hiYpSzaum14I5nN7Qx8PrjCFkIOtxLMA/preview;11779
ZUN-000400;Z7979244;ZŁĄCZE PROSTE;;;ø5,3x10,5;79792;STHOR;Czesci_zamienne_79792.pdf;matched_manifest;https://drive.google.com/file/d/1hiYpSzaum14I5nN7Qx8PrjCFkIOtxLMA/preview;11780
ZUN-000436;Z7981004;WENTYLATOR;;;ø11,2x2,1;79810;STHOR;Czesci_zamienne_79810.pdf;matched_manifest;https://drive.google.com/file/d/1IGeuDJdRWyavHIa1DVgHL6b0Hp0N2sJj/preview;11782
ZUN-000430;Z7981005;TYLNA OSŁONA SILNIKA;;;2,8x11x11;79810;STHOR;Czesci_zamienne_79810.pdf;matched_manifest;https://drive.google.com/file/d/1IGeuDJdRWyavHIa1DVgHL6b0Hp0N2sJj/preview;11783
ZUN-000444;Z7981006;O-RING;;ø74,6/ø76,6/ø1mm;ø7,66x0,1;79810;STHOR;Czesci_zamienne_79810.pdf;matched_manifest;https://drive.google.com/file/d/1IGeuDJdRWyavHIa1DVgHL6b0Hp0N2sJj/preview;11784
ZUN-000040;Z7981011;ŁOŻYSKO KULKOWE 6201 2Z;;6201 2Z;ø3,2x1;79810;STHOR;Czesci_zamienne_79810.pdf;matched_manifest;https://drive.google.com/file/d/1IGeuDJdRWyavHIa1DVgHL6b0Hp0N2sJj/preview;11785
ZUN-000042;Z7981013;ŁOŻYSKO KULKOWE 6202 2Z;;6202 2Z;ø3,5x1,1;79810;STHOR;Czesci_zamienne_79810.pdf;matched_manifest;https://drive.google.com/file/d/1IGeuDJdRWyavHIa1DVgHL6b0Hp0N2sJj/preview;11788
ZUN-000426;Z7981022;USZCZELKA;;;0,3x9x9,5;79810;STHOR;Czesci_zamienne_79810.pdf;matched_manifest;https://drive.google.com/file/d/1IGeuDJdRWyavHIa1DVgHL6b0Hp0N2sJj/preview;11789
ZUN-000433;Z7981023;POKRYWA PUSZKI WŁĄCZNIKA;;;4,5x9,5x10;79810;STHOR;Czesci_zamienne_79810.pdf;matched_manifest;https://drive.google.com/file/d/1IGeuDJdRWyavHIa1DVgHL6b0Hp0N2sJj/preview;11790
ZUN-000427;Z7981024;USZCZELKA;;;0,1x3x3,5;79810;STHOR;Czesci_zamienne_79810.pdf;matched_manifest;https://drive.google.com/file/d/1IGeuDJdRWyavHIa1DVgHL6b0Hp0N2sJj/preview;11791
ZUN-000431;Z7981026;WŁĄCZNIK;;RS-2 12(6)A 250V DONGHAI;2,96x3,68x4,0;79810;STHOR;Czesci_zamienne_79810.pdf;matched_manifest;https://drive.google.com/file/d/1IGeuDJdRWyavHIa1DVgHL6b0Hp0N2sJj/preview;11792
ZUN-000445;Z7981028;KONDENSATOR 10µF;tworzywo;10μF CBB60 25/70/21 CPoSH;ø3x6,5;79810;STHOR;Czesci_zamienne_79810.pdf;matched_manifest;https://drive.google.com/file/d/1IGeuDJdRWyavHIa1DVgHL6b0Hp0N2sJj/preview;11793
ZUN-000428;Z7981033;UCHWYT;;;16,2x17,5x19;79810;STHOR;Czesci_zamienne_79810.pdf;matched_manifest;https://drive.google.com/file/d/1IGeuDJdRWyavHIa1DVgHL6b0Hp0N2sJj/preview;11794
ZUN-000444;Z7981035;O-RING;;ø74,6/ø76,6/ø1mm;ø7,66x0,1;79810;STHOR;Czesci_zamienne_79810.pdf;matched_manifest;https://drive.google.com/file/d/1IGeuDJdRWyavHIa1DVgHL6b0Hp0N2sJj/preview;11795
ZUN-000434;Z7981036;PRZEDNIA OSŁONA SILNIKA;;;5,5x17x17,5;79810;STHOR;Czesci_zamienne_79810.pdf;matched_manifest;https://drive.google.com/file/d/1IGeuDJdRWyavHIa1DVgHL6b0Hp0N2sJj/preview;11796
ZUN-000429;Z7981037;PODSTAWA UCHWYTU;;;9,8x18,5x19;79810;STHOR;Czesci_zamienne_79810.pdf;matched_manifest;https://drive.google.com/file/d/1IGeuDJdRWyavHIa1DVgHL6b0Hp0N2sJj/preview;11797
ZUN-000239;Z7981039;PIERŚCIEŃ GUMOWY;tworzywo;ø12/ø27/2/4mm;ø2,8x0,4;79810;STHOR;Czesci_zamienne_79810.pdf;matched_manifest;https://drive.google.com/file/d/1IGeuDJdRWyavHIa1DVgHL6b0Hp0N2sJj/preview;11798
ZUN-000437;Z7981040;O-RING;;ø122/ø130/ø4mm;ø13x0,4;79810;STHOR;Czesci_zamienne_79810.pdf;matched_manifest;https://drive.google.com/file/d/1IGeuDJdRWyavHIa1DVgHL6b0Hp0N2sJj/preview;11799
ZUN-000439;Z7981041;KOŁNIERZ;;;ø14,2x2,5;79810;STHOR;Czesci_zamienne_79810.pdf;matched_manifest;https://drive.google.com/file/d/1IGeuDJdRWyavHIa1DVgHL6b0Hp0N2sJj/preview;11800
ZUN-000440;Z7981042;USZCZELKA;;;ø2,6x2,1;79810;STHOR;Czesci_zamienne_79810.pdf;matched_manifest;https://drive.google.com/file/d/1IGeuDJdRWyavHIa1DVgHL6b0Hp0N2sJj/preview;11801
ZUN-000438;Z7981044;DEFLEKTOR;;;ø14,2x2,8;79810;STHOR;Czesci_zamienne_79810.pdf;matched_manifest;https://drive.google.com/file/d/1IGeuDJdRWyavHIa1DVgHL6b0Hp0N2sJj/preview;11803
ZUN-000446;Z7981045;O-RING;;ø25/ø30/ø2,5mm;ø3x0,25;79810;STHOR;Czesci_zamienne_79810.pdf;matched_manifest;https://drive.google.com/file/d/1IGeuDJdRWyavHIa1DVgHL6b0Hp0N2sJj/preview;11804
ZUN-000435;Z7981046;WLOT DEFLEKTORA;;;5,7x8,7x8,7;79810;STHOR;Czesci_zamienne_79810.pdf;matched_manifest;https://drive.google.com/file/d/1IGeuDJdRWyavHIa1DVgHL6b0Hp0N2sJj/preview;11805
ZUN-000446;Z7981047;O-RING;;ø25/ø30/ø2,5mm;ø3x0,25;79810;STHOR;Czesci_zamienne_79810.pdf;matched_manifest;https://drive.google.com/file/d/1IGeuDJdRWyavHIa1DVgHL6b0Hp0N2sJj/preview;11806
ZUN-000425;Z7981048;OBUDOWA POMPY;;;14,8x16x17,5;79810;STHOR;Czesci_zamienne_79810.pdf;matched_manifest;https://drive.google.com/file/d/1IGeuDJdRWyavHIa1DVgHL6b0Hp0N2sJj/preview;11807
ZUN-000443;Z7981049;O-RING;;ø13/ø20/ø3,5mm;ø2,0x0,35;79810;STHOR;Czesci_zamienne_79810.pdf;matched_manifest;https://drive.google.com/file/d/1IGeuDJdRWyavHIa1DVgHL6b0Hp0N2sJj/preview;11808
ZUN-000441;Z7981050;ZATYCZKA;;;ø2,5x3;79810;STHOR;Czesci_zamienne_79810.pdf;matched_manifest;https://drive.google.com/file/d/1IGeuDJdRWyavHIa1DVgHL6b0Hp0N2sJj/preview;11809
ZUN-000443;Z7981053;O-RING;;ø13/ø20/ø3,5mm;ø2,0x0,35;79810;STHOR;Czesci_zamienne_79810.pdf;matched_manifest;https://drive.google.com/file/d/1IGeuDJdRWyavHIa1DVgHL6b0Hp0N2sJj/preview;11810
ZUN-000441;Z7981054;ZATYCZKA;;;ø2,5x3;79810;STHOR;Czesci_zamienne_79810.pdf;matched_manifest;https://drive.google.com/file/d/1IGeuDJdRWyavHIa1DVgHL6b0Hp0N2sJj/preview;11811
ZUN-000586;Z79810V2-02;OSŁONA WENTYLATORA;;;ø14,3x6;79810;STHOR;Czesci_zamienne_79810.pdf;matched_manifest_prefix;https://drive.google.com/file/d/1IGeuDJdRWyavHIa1DVgHL6b0Hp0N2sJj/preview;11812
ZUN-000436;Z7981104;WENTYLATOR;;;ø11,2x2,1;79811;STHOR;Czesci_zamienne_79811.pdf;matched_manifest;https://drive.google.com/file/d/1SJDMOySuYdxbDbLqIsb3KFE5W3-Onh9u/preview;11814
ZUN-000430;Z7981105;TYLNA OSŁONA SILNIKA;;;2,8x11x11;79811;STHOR;Czesci_zamienne_79811.pdf;matched_manifest;https://drive.google.com/file/d/1SJDMOySuYdxbDbLqIsb3KFE5W3-Onh9u/preview;11815
ZUN-000444;Z7981106;O-RING;;ø74,6/ø76,6/ø1mm;ø7,66x0,1;79811;STHOR;Czesci_zamienne_79811.pdf;matched_manifest;https://drive.google.com/file/d/1SJDMOySuYdxbDbLqIsb3KFE5W3-Onh9u/preview;11816
ZUN-000040;Z7981111;ŁOŻYSKO KULKOWE 6201 2Z;;6201 2Z;ø3,2x1;79811;STHOR;Czesci_zamienne_79811.pdf;matched_manifest;https://drive.google.com/file/d/1SJDMOySuYdxbDbLqIsb3KFE5W3-Onh9u/preview;11817
ZUN-000042;Z7981113;ŁOŻYSKO KULKOWE 6202 2Z;;6202 2Z;ø3,5x1,1;79811;STHOR;Czesci_zamienne_79811.pdf;matched_manifest;https://drive.google.com/file/d/1SJDMOySuYdxbDbLqIsb3KFE5W3-Onh9u/preview;11820
ZUN-000426;Z7981122;USZCZELKA;;;0,3x9x9,5;79811;STHOR;Czesci_zamienne_79811.pdf;matched_manifest;https://drive.google.com/file/d/1SJDMOySuYdxbDbLqIsb3KFE5W3-Onh9u/preview;11821
ZUN-000433;Z7981123;POKRYWA PUSZKI WŁĄCZNIKA;;;4,5x9,5x10;79811;STHOR;Czesci_zamienne_79811.pdf;matched_manifest;https://drive.google.com/file/d/1SJDMOySuYdxbDbLqIsb3KFE5W3-Onh9u/preview;11822
ZUN-000427;Z7981124;USZCZELKA;;;0,1x3x3,5;79811;STHOR;Czesci_zamienne_79811.pdf;matched_manifest;https://drive.google.com/file/d/1SJDMOySuYdxbDbLqIsb3KFE5W3-Onh9u/preview;11823
ZUN-000431;Z7981126;WŁĄCZNIK;;RS-2 12(6)A 250V DONGHAI;2,96x3,68x4,0;79811;STHOR;Czesci_zamienne_79811.pdf;matched_manifest;https://drive.google.com/file/d/1SJDMOySuYdxbDbLqIsb3KFE5W3-Onh9u/preview;11824
ZUN-000447;Z7981128;KONDENSATOR 12µF;tworzywo;12µF CBB60 25/70/21 C.SO 450V;ø3,2x6,6;79811;STHOR;Czesci_zamienne_79811.pdf;matched_manifest;https://drive.google.com/file/d/1SJDMOySuYdxbDbLqIsb3KFE5W3-Onh9u/preview;11825
ZUN-000428;Z7981133;UCHWYT;;;16,2x17,5x19;79811;STHOR;Czesci_zamienne_79811.pdf;matched_manifest;https://drive.google.com/file/d/1SJDMOySuYdxbDbLqIsb3KFE5W3-Onh9u/preview;11826
ZUN-000444;Z7981135;O-RING;;ø74,6/ø76,6/ø1mm;ø7,66x0,1;79811;STHOR;Czesci_zamienne_79811.pdf;matched_manifest;https://drive.google.com/file/d/1SJDMOySuYdxbDbLqIsb3KFE5W3-Onh9u/preview;11827
ZUN-000434;Z7981136;PRZEDNIA OSŁONA SILNIKA;;;5,5x17x17,5;79811;STHOR;Czesci_zamienne_79811.pdf;matched_manifest;https://drive.google.com/file/d/1SJDMOySuYdxbDbLqIsb3KFE5W3-Onh9u/preview;11828
ZUN-000429;Z7981137;PODSTAWA UCHWYTU;;;9,8x18,5x19;79811;STHOR;Czesci_zamienne_79811.pdf;matched_manifest;https://drive.google.com/file/d/1SJDMOySuYdxbDbLqIsb3KFE5W3-Onh9u/preview;11829
ZUN-000239;Z7981139;PIERŚCIEŃ GUMOWY;tworzywo;ø12/ø27/2/4mm;ø2,8x0,4;79811;STHOR;Czesci_zamienne_79811.pdf;matched_manifest;https://drive.google.com/file/d/1SJDMOySuYdxbDbLqIsb3KFE5W3-Onh9u/preview;11830
ZUN-000437;Z7981140;O-RING;;ø122/ø130/ø4mm;ø13x0,4;79811;STHOR;Czesci_zamienne_79811.pdf;matched_manifest;https://drive.google.com/file/d/1SJDMOySuYdxbDbLqIsb3KFE5W3-Onh9u/preview;11831
ZUN-000439;Z7981141;KOŁNIERZ;;;ø14,2x2,5;79811;STHOR;Czesci_zamienne_79811.pdf;matched_manifest;https://drive.google.com/file/d/1SJDMOySuYdxbDbLqIsb3KFE5W3-Onh9u/preview;11832
ZUN-000440;Z7981142;USZCZELKA;;;ø2,6x2,1;79811;STHOR;Czesci_zamienne_79811.pdf;matched_manifest;https://drive.google.com/file/d/1SJDMOySuYdxbDbLqIsb3KFE5W3-Onh9u/preview;11833
ZUN-000438;Z7981144;DEFLEKTOR;;;ø14,2x2,8;79811;STHOR;Czesci_zamienne_79811.pdf;matched_manifest;https://drive.google.com/file/d/1SJDMOySuYdxbDbLqIsb3KFE5W3-Onh9u/preview;11835
ZUN-000446;Z7981145;O-RING;;ø25/ø30/ø2,5mm;ø3x0,25;79811;STHOR;Czesci_zamienne_79811.pdf;matched_manifest;https://drive.google.com/file/d/1SJDMOySuYdxbDbLqIsb3KFE5W3-Onh9u/preview;11836
ZUN-000435;Z7981146;WLOT DEFLEKTORA;;;5,7x8,7x8,7;79811;STHOR;Czesci_zamienne_79811.pdf;matched_manifest;https://drive.google.com/file/d/1SJDMOySuYdxbDbLqIsb3KFE5W3-Onh9u/preview;11837
ZUN-000446;Z7981147;O-RING;;ø25/ø30/ø2,5mm;ø3x0,25;79811;STHOR;Czesci_zamienne_79811.pdf;matched_manifest;https://drive.google.com/file/d/1SJDMOySuYdxbDbLqIsb3KFE5W3-Onh9u/preview;11838
ZUN-000425;Z7981148;OBUDOWA POMPY;;;14,8x16x17,5;79811;STHOR;Czesci_zamienne_79811.pdf;matched_manifest;https://drive.google.com/file/d/1SJDMOySuYdxbDbLqIsb3KFE5W3-Onh9u/preview;11839
ZUN-000443;Z7981149;O-RING;;ø13/ø20/ø3,5mm;ø2,0x0,35;79811;STHOR;Czesci_zamienne_79811.pdf;matched_manifest;https://drive.google.com/file/d/1SJDMOySuYdxbDbLqIsb3KFE5W3-Onh9u/preview;11840
ZUN-000441;Z7981150;ZATYCZKA;;;ø2,5x3;79811;STHOR;Czesci_zamienne_79811.pdf;matched_manifest;https://drive.google.com/file/d/1SJDMOySuYdxbDbLqIsb3KFE5W3-Onh9u/preview;11841
ZUN-000443;Z7981153;O-RING;;ø13/ø20/ø3,5mm;ø2,0x0,35;79811;STHOR;Czesci_zamienne_79811.pdf;matched_manifest;https://drive.google.com/file/d/1SJDMOySuYdxbDbLqIsb3KFE5W3-Onh9u/preview;11842
ZUN-000441;Z7981154;ZATYCZKA;;;ø2,5x3;79811;STHOR;Czesci_zamienne_79811.pdf;matched_manifest;https://drive.google.com/file/d/1SJDMOySuYdxbDbLqIsb3KFE5W3-Onh9u/preview;11843
ZUN-000586;Z79811V2-02;OSŁONA WENTYLATORA;;;ø14,3x6;79811;STHOR;Czesci_zamienne_79811.pdf;matched_manifest_prefix;https://drive.google.com/file/d/1SJDMOySuYdxbDbLqIsb3KFE5W3-Onh9u/preview;11844
ZUN-000587;Z79811V2-36;UCHWYT;;;6,6x6,6x12;79811;STHOR;Czesci_zamienne_79811.pdf;matched_manifest_prefix;https://drive.google.com/file/d/1SJDMOySuYdxbDbLqIsb3KFE5W3-Onh9u/preview;11845
ZUN-000436;Z7981204;WENTYLATOR;;;ø11,2x2,1;79812;STHOR;Czesci_zamienne_79812.pdf;matched_manifest;https://drive.google.com/file/d/1GnycDL-VaZz2jCzgpL-4QG66IcJOWjkB/preview;11847
ZUN-000430;Z7981205;TYLNA OSŁONA SILNIKA;;;2,8x11x11;79812;STHOR;Czesci_zamienne_79812.pdf;matched_manifest;https://drive.google.com/file/d/1GnycDL-VaZz2jCzgpL-4QG66IcJOWjkB/preview;11848
ZUN-000444;Z7981206;O-RING;;ø74,6/ø76,6/ø1mm;ø7,66x0,1;79812;STHOR;Czesci_zamienne_79812.pdf;matched_manifest;https://drive.google.com/file/d/1GnycDL-VaZz2jCzgpL-4QG66IcJOWjkB/preview;11849
ZUN-000040;Z7981211;ŁOŻYSKO KULKOWE 6201 2Z;;6201 2Z;ø3,2x1;79812;STHOR;Czesci_zamienne_79812.pdf;matched_manifest;https://drive.google.com/file/d/1GnycDL-VaZz2jCzgpL-4QG66IcJOWjkB/preview;11850
ZUN-000042;Z7981213;ŁOŻYSKO KULKOWE 6202 2Z;;6202 2Z;ø3,5x1,1;79812;STHOR;Czesci_zamienne_79812.pdf;matched_manifest;https://drive.google.com/file/d/1GnycDL-VaZz2jCzgpL-4QG66IcJOWjkB/preview;11853
ZUN-000426;Z7981222;USZCZELKA;;;0,3x9x9,5;79812;STHOR;Czesci_zamienne_79812.pdf;matched_manifest;https://drive.google.com/file/d/1GnycDL-VaZz2jCzgpL-4QG66IcJOWjkB/preview;11854
ZUN-000433;Z7981223;POKRYWA PUSZKI WŁĄCZNIKA;;;4,5x9,5x10;79812;STHOR;Czesci_zamienne_79812.pdf;matched_manifest;https://drive.google.com/file/d/1GnycDL-VaZz2jCzgpL-4QG66IcJOWjkB/preview;11855
ZUN-000427;Z7981224;USZCZELKA;;;0,1x3x3,5;79812;STHOR;Czesci_zamienne_79812.pdf;matched_manifest;https://drive.google.com/file/d/1GnycDL-VaZz2jCzgpL-4QG66IcJOWjkB/preview;11856
ZUN-000431;Z7981226;WŁĄCZNIK;;RS-2 12(6)A 250V DONGHAI;2,96x3,68x4,0;79812;STHOR;Czesci_zamienne_79812.pdf;matched_manifest;https://drive.google.com/file/d/1GnycDL-VaZz2jCzgpL-4QG66IcJOWjkB/preview;11857
ZUN-000448;Z7981228;KONDENSATOR 14μF;tworzywo;14μF CBB60 25/85/21 450V;ø3,2x6,6;79812;STHOR;Czesci_zamienne_79812.pdf;matched_manifest;https://drive.google.com/file/d/1GnycDL-VaZz2jCzgpL-4QG66IcJOWjkB/preview;11858
ZUN-000428;Z7981233;UCHWYT;;;16,2x17,5x19;79812;STHOR;Czesci_zamienne_79812.pdf;matched_manifest;https://drive.google.com/file/d/1GnycDL-VaZz2jCzgpL-4QG66IcJOWjkB/preview;11859
ZUN-000444;Z7981235;O-RING;;ø74,6/ø76,6/ø1mm;ø7,66x0,1;79812;STHOR;Czesci_zamienne_79812.pdf;matched_manifest;https://drive.google.com/file/d/1GnycDL-VaZz2jCzgpL-4QG66IcJOWjkB/preview;11860
ZUN-000434;Z7981236;PRZEDNIA OSŁONA SILNIKA;;;5,5x17x17,5;79812;STHOR;Czesci_zamienne_79812.pdf;matched_manifest;https://drive.google.com/file/d/1GnycDL-VaZz2jCzgpL-4QG66IcJOWjkB/preview;11861
ZUN-000429;Z7981237;PODSTAWA UCHWYTU;;;9,8x18,5x19;79812;STHOR;Czesci_zamienne_79812.pdf;matched_manifest;https://drive.google.com/file/d/1GnycDL-VaZz2jCzgpL-4QG66IcJOWjkB/preview;11862
ZUN-000239;Z7981239;PIERŚCIEŃ GUMOWY;tworzywo;ø12/ø27/2/4mm;ø2,8x0,4;79812;STHOR;Czesci_zamienne_79812.pdf;matched_manifest;https://drive.google.com/file/d/1GnycDL-VaZz2jCzgpL-4QG66IcJOWjkB/preview;11863
ZUN-000437;Z7981240;O-RING;;ø122/ø130/ø4mm;ø13x0,4;79812;STHOR;Czesci_zamienne_79812.pdf;matched_manifest;https://drive.google.com/file/d/1GnycDL-VaZz2jCzgpL-4QG66IcJOWjkB/preview;11864
ZUN-000439;Z7981241;KOŁNIERZ;;;ø14,2x2,5;79812;STHOR;Czesci_zamienne_79812.pdf;matched_manifest;https://drive.google.com/file/d/1GnycDL-VaZz2jCzgpL-4QG66IcJOWjkB/preview;11865
ZUN-000440;Z7981242;USZCZELKA;;;ø2,6x2,1;79812;STHOR;Czesci_zamienne_79812.pdf;matched_manifest;https://drive.google.com/file/d/1GnycDL-VaZz2jCzgpL-4QG66IcJOWjkB/preview;11866
ZUN-000438;Z7981244;DEFLEKTOR;;;ø14,2x2,8;79812;STHOR;Czesci_zamienne_79812.pdf;matched_manifest;https://drive.google.com/file/d/1GnycDL-VaZz2jCzgpL-4QG66IcJOWjkB/preview;11868
ZUN-000446;Z7981245;O-RING;;ø25/ø30/ø2,5mm;ø3x0,25;79812;STHOR;Czesci_zamienne_79812.pdf;matched_manifest;https://drive.google.com/file/d/1GnycDL-VaZz2jCzgpL-4QG66IcJOWjkB/preview;11869
ZUN-000435;Z7981246;WLOT DEFLEKTORA;;;5,7x8,7x8,7;79812;STHOR;Czesci_zamienne_79812.pdf;matched_manifest;https://drive.google.com/file/d/1GnycDL-VaZz2jCzgpL-4QG66IcJOWjkB/preview;11870
ZUN-000446;Z7981247;O-RING;;ø25/ø30/ø2,5mm;ø3x0,25;79812;STHOR;Czesci_zamienne_79812.pdf;matched_manifest;https://drive.google.com/file/d/1GnycDL-VaZz2jCzgpL-4QG66IcJOWjkB/preview;11871
ZUN-000425;Z7981248;OBUDOWA POMPY;;;14,8x16x17,5;79812;STHOR;Czesci_zamienne_79812.pdf;matched_manifest;https://drive.google.com/file/d/1GnycDL-VaZz2jCzgpL-4QG66IcJOWjkB/preview;11872
ZUN-000443;Z7981249;O-RING;;ø13/ø20/ø3,5mm;ø2,0x0,35;79812;STHOR;Czesci_zamienne_79812.pdf;matched_manifest;https://drive.google.com/file/d/1GnycDL-VaZz2jCzgpL-4QG66IcJOWjkB/preview;11873
ZUN-000441;Z7981250;ZATYCZKA;;;ø2,5x3;79812;STHOR;Czesci_zamienne_79812.pdf;matched_manifest;https://drive.google.com/file/d/1GnycDL-VaZz2jCzgpL-4QG66IcJOWjkB/preview;11874
ZUN-000443;Z7981253;O-RING;;ø13/ø20/ø3,5mm;ø2,0x0,35;79812;STHOR;Czesci_zamienne_79812.pdf;matched_manifest;https://drive.google.com/file/d/1GnycDL-VaZz2jCzgpL-4QG66IcJOWjkB/preview;11875
ZUN-000441;Z7981254;ZATYCZKA;;;ø2,5x3;79812;STHOR;Czesci_zamienne_79812.pdf;matched_manifest;https://drive.google.com/file/d/1GnycDL-VaZz2jCzgpL-4QG66IcJOWjkB/preview;11876
ZUN-000586;Z79812V2-02;OSŁONA WENTYLATORA;;;ø14,3x6;79812;STHOR;Czesci_zamienne_79812.pdf;matched_manifest_prefix;https://drive.google.com/file/d/1GnycDL-VaZz2jCzgpL-4QG66IcJOWjkB/preview;11877
ZUN-000587;Z79812V2-36;UCHWYT;;;6,6x6,6x12;79812;STHOR;Czesci_zamienne_79812.pdf;matched_manifest_prefix;https://drive.google.com/file/d/1GnycDL-VaZz2jCzgpL-4QG66IcJOWjkB/preview;11878
ZUN-000105;Z79820030;ŁOŻYSKO IGIEŁKOWE HK0810;;HK0810 ø8/ø12/10mm;ø1,2x1;79820;;;candidate_from_index;;11889
ZUN-000550;Z7982173;WŁĄCZNIK;;DA7-10/1 10(10)A 250V JIABEN;1x2,15x3,75;79821;;;candidate_from_index;;11938
ZUN-000551;Z7982210;WŁĄCZNIK;;DA7-14/1X2 14(14)A 250V JIABEN;1x2,15x3,75;79822;;;candidate_from_index;;11941
ZUN-000658;Z79831020;TRZPIEŃ TŁOKA sworzeń;;ø6,94/ø11/34mm;ø1,1x3,4;79831;;;candidate_from_index;;12010
ZUN-000123;Z79831022;ŁOŻYSKO IGIEŁKOWE;;ø11,3/ø14,8/12,2mm bez osłon;ø1,5x1,2;79831;;;candidate_from_index;;12012
ZUN-000243;Z79831024;KLIN;;3/3/8mm;0,3x0,3x0,8;79831;;;candidate_from_index;;12014
ZUN-000642;Z79831038;USZCZELKA OLEJOWA simmering;tworzywo/stal;ø15/ø35/5mm;ø3,5x0,5;79831;;;candidate_from_index;;12018
ZUN-000632;Z79831039;PIERŚCIEŃ USTALAJĄCY;stal;a-32,6mm/b-38mm/c-1,5mm;0,15x3,6x3,8;79831;;;candidate_from_index;;12019
ZUN-000640;Z79831065;USZCZELKA OLEJOWA simmering;tworzywo/stal;ø15/ø28/5mm;ø2,8x0,5;79831;;;candidate_from_index;;12027
ZUN-000125;Z79831069;ŁOŻYSKO IGIEŁKOWE bez osłony;;ø12/ø15/14,5mm bez osłon;ø1,5x1,4;79831;;;candidate_from_index;;12029
ZUN-000129;Z79832020;PIERŚCIEŃ ZABEZPIECZAJĄCY;stal;b-12,3mm/ c-1,2mm;0,1x1,1x1,3;79832;;;candidate_from_index;;12061
ZUN-000658;Z79832021;TRZPIEŃ TŁOKA sworzeń;stal;ø6,94/ø11/35,4mm / tłok ø4,5x4;ø1,1x3,54;79832;;;candidate_from_index;;12062
ZUN-000123;Z79832023;ŁOŻYSKO IGIEŁKOWE;;ø11,3/ø14,8/12,2mm bez osłon;ø1,5x1,2;79832;;;candidate_from_index;;12064
ZUN-000241;Z79832025;KLIN CZÓŁENKOWY;;;0,3x0,4x0,9;79832;;;candidate_from_index;;12066
ZUN-000128;Z7983202A;POMPKA OLEJU;;;2x4,8x6,7;79832;;;candidate_from_index;;12068
ZUN-000642;Z79832039;USZCZELKA OLEJOWA simmering;tworzywo/stal;ø15/ø35/5mm;ø3,5x0,5;79832;;;candidate_from_index;;12070
ZUN-000632;Z79832040;PIERŚCIEŃ USTALAJĄCY;stal;a-32,6mm/b-38mm/c-1,5mm;0,15x3,6x3,8;79832;;;candidate_from_index;;12072
ZUN-000078;Z79832041;ŁOŻYSKO KULKOWE 6202 bez osłon;;6202 bez osłon;ø3,5x1,1;79832;;;candidate_from_index;;12073
ZUN-000640;Z79832068;USZCZELKA OLEJOWA simmering;tworzywo/stal;ø15/ø28/5mm;ø2,8x0,5;79832;;;candidate_from_index;;12081
ZUN-000125;Z79832072;ŁOŻYSKO IGIEŁKOWE bez osłony;;ø12/ø15/14,5mm bez osłon;ø1,5x1,4;79832;;;candidate_from_index;;12084
ZUN-000130;Z79832088;SZPILKA M8/42mm;;M8/42mm;ø0,8x4,2;79832;;;candidate_from_index;;12087
ZUN-000123;Z79834027;ŁOŻYSKO IGIEŁKOWE;;ø11,3/ø14,8/12,2mm bez osłon;ø1,5x1,2;79834;;;candidate_from_index;;12099
ZUN-000128;Z79834052;POMPKA OLEJU;;;2x4,8x6,7;79834;;;candidate_from_index;;12104
ZUN-000126;Z79834059;ŁOŻYSKO IGIEŁKOWE bez osłony;;ø12/ø15/14,2mm bez osłon;ø1,5x1,4;79834;;;candidate_from_index;;12109
ZUN-000130;Z79834067;SZPILKA M8/42mm;;M8/42mm;ø0,8x4,2;79834;;;candidate_from_index;;12113
ZUN-000658;Z79834105;TRZPIEŃ TŁOKA sworzeń;stal;ø6,94/ø11/34mm / tłok ø4,3x3,8;ø1,1x3,4;79834;;;candidate_from_index;;12124
ZUN-000129;Z79834107;PIERŚCIEŃ ZABEZPIECZAJĄCY;stal;b-12,3mm/ c-1,2mm;0,1x1,1x1,3;79834;;;candidate_from_index;;12126
ZUN-000308;Z79835042;AMORTYZATOR;;;ø2,6x2,7;79835;;;candidate_from_index;;12131
ZUN-000590;Z79835084;ŚWIECA ZAPŁONOWA;stal/porcelana;BM6A TORCH;1,9x2,2x5,4;79835;;;candidate_from_index;;12141
ZUN-000129;Z79835092;PIERŚCIEŃ ZABEZPIECZAJĄCY;stal;b-12,3mm/ c-1,2mm;0,1x1,1x1,3;79835;;;candidate_from_index;;12147
ZUN-000658;Z79835093;TRZPIEŃ TŁOKA sworzeń;stal;ø6,94/ø11/34mm / tłok ø4,3x3,8;ø1,1x3,4;79835;;;candidate_from_index;;12148
ZUN-000241;Z79835097;KLIN CZÓŁENKOWY;;;0,3x0,4x0,9;79835;;;candidate_from_index;;12152
ZUN-000641;Z79835108;USZCZELKA OLEJOWA simmering;tworzywo/stal;ø15/ø35/4,5mm;ø3,5x0,45;79835;;;candidate_from_index;;12156
ZUN-000078;Z79835110;ŁOŻYSKO KULKOWE 6202 bez osłon;;6202 bez osłon;ø3,5x1,1;79835;;;candidate_from_index;;12157
ZUN-000639;Z79835138;USZCZELKA OLEJOWA simmering;tworzywo/stal;ø15/ø28/4,5mm;ø2,8x0,45;79835;;;candidate_from_index;;12163
ZUN-000125;Z79835143;ŁOŻYSKO IGIEŁKOWE bez osłony;;ø12/ø15/14,5mm bez osłon;ø1,5x1,4;79835;;;candidate_from_index;;12165
ZUN-000130;Z79835154;SZPILKA M8/42mm;stal;M8/42mm;ø0,8x4,2;79835;;;candidate_from_index;;12172
ZUN-000043;Z7988007;ŁOŻYSKO KULKOWE 6202 2RS;;6202 2RS;ø3,5x1,1;79880;STHOR;Czesci_zamienne_79880.pdf;matched_manifest;https://drive.google.com/file/d/1tqVhbfpEXaDUlnHX7z-vswlXqFX7RSqY/preview;12181
ZUN-000045;Z7988008;ŁOŻYSKO KULKOWE 6203 2RS;;6203 2RS;ø4x1,2;79880;STHOR;Czesci_zamienne_79880.pdf;matched_manifest;https://drive.google.com/file/d/1tqVhbfpEXaDUlnHX7z-vswlXqFX7RSqY/preview;12182
ZUN-000638;Z7988016;USZCZELKA OLEJOWA simmering;tworzywo/stal;ø14/ø28/6mm;ø2,8x0,6;79880;STHOR;Czesci_zamienne_79880.pdf;matched_manifest;https://drive.google.com/file/d/1tqVhbfpEXaDUlnHX7z-vswlXqFX7RSqY/preview;12187
ZUN-000447;Z7988028;KONDENSATOR 12µF;tworzywo;12µF CBB60 25/70/21 C.SO 450V;ø3,2x6,6;79880;STHOR;Czesci_zamienne_79880.pdf;matched_manifest;https://drive.google.com/file/d/1tqVhbfpEXaDUlnHX7z-vswlXqFX7RSqY/preview;12198
ZUN-000638;Z79881-07;USZCZELKA OLEJOWA simmering;tworzywo/stal;ø14/ø28/6mm;ø2,8x0,6;79881;;;candidate_from_index;;12205
ZUN-000289;Z7988306;KABEL ZASILAJĄCY Z WTYCZKĄ;;3x1,0mm/0,5m guma;3,6x5,3x50;79883;;;candidate_from_index;;12224
ZUN-000227;Z7989020;O-RING USZCZELKA SILNIKA;;ø95/ø100/ø5mm;ø10x0,5;79890;;;candidate_from_index;;12250
ZUN-000405;Z7989025;O-RING;;ø120/ø125/ø2,5mm;ø12,5x0,25;79890;;;candidate_from_index;;12252
ZUN-000411;Z7989026;PODSTAWA;;;6,5x15,3x15,3;79890;;;candidate_from_index;;12253
ZUN-000419;Z7989028;PŁYTKA PODSTAWY;;;ø11,4x0,8;79890;;;candidate_from_index;;12254
ZUN-000654;Z7989109;KONDENSATOR 8µF;tworzywo;8µF CBB60 25/70/21 SO 450VAC;ø2,9x5,8;79891;;;candidate_from_index;;12256
ZUN-000227;Z7989120;O-RING USZCZELKA SILNIKA;;ø95/ø100/ø5mm;ø10x0,5;79891;;;candidate_from_index;;12259
ZUN-000405;Z7989125;O-RING;;ø120/ø125/ø2,5mm;ø12,5x0,25;79891;;;candidate_from_index;;12261
ZUN-000411;Z7989126;PODSTAWA;;;6,5x15,3x15,3;79891;;;candidate_from_index;;12262
ZUN-000419;Z7989128;PŁYTKA PODSTAWY;;;ø11,4x0,8;79891;;;candidate_from_index;;12263
ZUN-000654;Z7989209;KONDENSATOR 8µF;tworzywo;8µF CBB60 25/70/21 SO 450VAC;ø2,9x5,8;79892;;;candidate_from_index;;12265
ZUN-000391;Z7989219;TURBINA;;ø8/ø96/19mm zamknięte;ø9,6x1,9;79892;;;candidate_from_index;;12266
ZUN-000227;Z7989220;O-RING USZCZELKA SILNIKA;;ø95/ø100/ø5mm;ø10x0,5;79892;;;candidate_from_index;;12268
ZUN-000397;Z7989222;OBUDOWA POMPY;;;14,5x15x16;79892;;;candidate_from_index;;12269
ZUN-000405;Z7989225;O-RING;;ø120/ø125/ø2,5mm;ø12,5x0,25;79892;;;candidate_from_index;;12270
ZUN-000412;Z7989226;PODSTAWA;;;6,5x15,5x15,5;79892;;;candidate_from_index;;12271
ZUN-000419;Z7989228;PŁYTKA PODSTAWY;;;ø11,4x0,8;79892;;;candidate_from_index;;12272
ZUN-000391;Z7989319;TURBINA;;ø8/ø96/19mm zamknięte;ø9,6x1,9;79893;;;candidate_from_index;;12274
ZUN-000227;Z7989320;O-RING USZCZELKA SILNIKA;;ø95/ø100/ø5mm;ø10x0,5;79893;;;candidate_from_index;;12276
ZUN-000405;Z7989325;O-RING;;ø120/ø125/ø2,5mm;ø12,5x0,25;79893;;;candidate_from_index;;12278
ZUN-000411;Z7989326;PODSTAWA;;;6,5x15,3x15,3;79893;;;candidate_from_index;;12279
ZUN-000419;Z7989328;PŁYTKA PODSTAWY;;;ø11,4x0,8;79893;;;candidate_from_index;;12280
ZUN-000391;Z7989419;TURBINA;;ø8/ø96/19mm zamknięte;ø9,6x1,9;79894;;;candidate_from_index;;12282
ZUN-000227;Z7989420;O-RING USZCZELKA SILNIKA;;ø95/ø100/ø5mm;ø10x0,5;79894;;;candidate_from_index;;12284
ZUN-000397;Z7989422;OBUDOWA POMPY;;;14,5x15x16;79894;;;candidate_from_index;;12285
ZUN-000405;Z7989425;O-RING;;ø120/ø125/ø2,5mm;ø12,5x0,25;79894;;;candidate_from_index;;12286
ZUN-000412;Z7989426;PODSTAWA;;;6,5x15,5x15,5;79894;;;candidate_from_index;;12287
ZUN-000419;Z7989428;PŁYTKA PODSTAWY;;;ø11,4x0,8;79894;;;candidate_from_index;;12288
ZUN-000420;Z7989617;PŁYTKA PODSTAWY;;;ø14x0,8;79896;;;candidate_from_index;;12290
ZUN-000408;Z7989618;PODSTAWA POMPY;;;11,5x15x15,8;79896;;;candidate_from_index;;12291
ZUN-000227;Z7989627;O-RING USZCZELKA SILNIKA;;ø95/ø100/ø5mm;ø10x0,5;79896;;;candidate_from_index;;12294
ZUN-000422;Z798963A;ODPOWIETRZNIK KOMPLETNY;;;1,1x1,8x2;79896;;;candidate_from_index;;12296
ZUN-000257;Z7989641;KULKA STALOWA;;ø6mm;ø0,6;79896;;;candidate_from_index;;12298
ZUN-000420;Z7989717;PŁYTKA PODSTAWY;;;ø14x0,8;79897;;;candidate_from_index;;12301
ZUN-000408;Z7989718;PODSTAWA POMPY;;;11,5x15x15,8;79897;;;candidate_from_index;;12302
ZUN-000227;Z7989727;O-RING USZCZELKA SILNIKA;;ø95/ø100/ø5mm;ø10x0,5;79897;;;candidate_from_index;;12306
ZUN-000422;Z798973A;ODPOWIETRZNIK KOMPLETNY;;;1,1x1,8x2;79897;;;candidate_from_index;;12308
ZUN-000257;Z7989741;KULKA STALOWA;;ø6mm;ø0,6;79897;;;candidate_from_index;;12310
ZUN-000420;Z7989817;PŁYTKA PODSTAWY;;;ø14x0,8;79898;;;candidate_from_index;;12313
ZUN-000408;Z7989818;PODSTAWA POMPY;;;11,5x15x15,8;79898;;;candidate_from_index;;12314
ZUN-000391;Z7989821;TURBINA;;ø8/ø96/19mm zamknięte;ø9,6x1,9;79898;;;candidate_from_index;;12316
ZUN-000227;Z7989827;O-RING USZCZELKA SILNIKA;;ø95/ø100/ø5mm;ø10x0,5;79898;;;candidate_from_index;;12319
ZUN-000422;Z798983A;ODPOWIETRZNIK KOMPLETNY;;;1,1x1,8x2;79898;;;candidate_from_index;;12321
ZUN-000257;Z7989841;KULKA STALOWA;;ø6mm;ø0,6;79898;;;candidate_from_index;;12323
ZUN-000420;Z7989917;PŁYTKA PODSTAWY;;;ø14x0,8;79899;;;candidate_from_index;;12326
ZUN-000408;Z7989918;PODSTAWA POMPY;;;11,5x15x15,8;79899;;;candidate_from_index;;12327
ZUN-000227;Z7989927;O-RING USZCZELKA SILNIKA;;ø95/ø100/ø5mm;ø10x0,5;79899;;;candidate_from_index;;12331
ZUN-000422;Z798993A;ODPOWIETRZNIK KOMPLETNY;;;1,1x1,8x2;79899;;;candidate_from_index;;12333
ZUN-000257;Z7989941;KULKA STALOWA;;ø6mm;ø0,6;79899;;;candidate_from_index;;12335
ZUN-000227;Z7990325;O-RING USZCZELKA SILNIKA;;ø95/ø100/ø5mm;ø10x0,5;79903;;;candidate_from_index;;12363
ZUN-000227;Z7990517;O-RING USZCZELKA SILNIKA;;ø95/ø100/ø5mm;ø10x0,5;79905;;;candidate_from_index;;12374
ZUN-000393;Z7990519;TURBINA;;ø8/ø96/22mm zamknięte;ø9,6x1,9;79905;;;candidate_from_index;;12375
ZUN-000420;Z7990525;POKRYWA PODSTAWY;;;ø14x0,8;79905;;;candidate_from_index;;12381
ZUN-000402;Z7990531;O - RING;;ø37,4/ø43/ø2,8mm;ø4,3x0,28;79905;;;candidate_from_index;;12388
ZUN-000398;Z7990532;ZŁĄCZE KĄTOWE;;;4,7x7,5x7,5;79905;;;candidate_from_index;;12389
ZUN-000402;Z7990533;O - RING;;ø37,4/ø43/ø2,8mm;ø4,3x0,28;79905;;;candidate_from_index;;12390
ZUN-000391;Z7990619;TURBINA;;ø8/ø96/19mm zamknięte;ø9,6x1,9;79906;;;candidate_from_index;;12400
ZUN-000451;Z7990643;NAKRĘTKA M6;;M6;0,5x1x1,1;79906;;;candidate_from_index;;12406
ZUN-000227;Z7990717;O-RING USZCZELKA SILNIKA;;ø95/ø100/ø5mm;ø10x0,5;79907;;;candidate_from_index;;12425
ZUN-000393;Z7990719;TURBINA;;ø8/ø96/22mm zamknięte;ø9,6x1,9;79907;;;candidate_from_index;;12427
ZUN-000420;Z7990725;PŁYTA PODSTAWY;;;ø14x0,8;79907;;;candidate_from_index;;12433
ZUN-000654;Z7990738;KONDENSATOR 8µF;tworzywo;8µF CBB60 25/70/21 SO 450VAC;ø2,9x5,8;79907;;;candidate_from_index;;12439
ZUN-000451;Z7990743;NAKRĘTKA M6;;M6;0,5x1x1,1;79907;;;candidate_from_index;;12442
ZUN-000227;Z7990913;O-RING USZCZELKA SILNIKA;;ø95/ø100/ø5mm;ø10x0,5;79909;STHOR;Czesci_zamienne_79909.pdf;matched_manifest;https://drive.google.com/file/d/19RR2Yg0-sIG9Ddz87ijj7MkXi0D_gBVj/preview;12455
ZUN-000451;Z7990943;NAKRĘTKA M6;;M6;0,5x1x1,1;79909;STHOR;Czesci_zamienne_79909.pdf;matched_manifest;https://drive.google.com/file/d/19RR2Yg0-sIG9Ddz87ijj7MkXi0D_gBVj/preview;12469
ZUN-000442;Z7991203;ZAKRĘTKA KOMORY POMPY;;;ø2,7x3,1;79912;;;candidate_from_index;;12472
ZUN-000445;Z7991221;KONDENSATOR 10µF;tworzywo;10μF CBB60 25/70/21 CPoSH;ø3x6,5;79912;;;candidate_from_index;;12480
ZUN-000432;Z7991224;WŁACZNIK;;HS2 16(4)A 250V T55 5E4 HOSENSE;3x3,5x3,6;79912;;;candidate_from_index;;12481
ZUN-000436;Z7991229;WENTYLATOR;;;ø11,2x2,1;79912;;;candidate_from_index;;12482
ZUN-000040;Z7991235;ŁOŻYSKO KULKOWE 6201 2Z;;6201 2Z;ø3,2x1;79912;;;candidate_from_index;;12485
ZUN-000042;Z7991240;ŁOŻYSKO KULKOWE 6202 2Z;;6202 2Z;ø3,5x1,1;79912;;;candidate_from_index;;12488
ZUN-000239;Z7991242;PIERŚCIEŃ GUMOWY;tworzywo;ø12/ø27/2/4mm;ø2,8x0,4;79912;;;candidate_from_index;;12490
ZUN-000439;Z7991243;KOŁNIERZ;;;ø14,2x2,5;79912;;;candidate_from_index;;12491
ZUN-000440;Z7991244;USZCZELKA;;;ø2,6x2,1;79912;;;candidate_from_index;;12492
ZUN-000442;Z7991303;ZAKRĘTKA KOMORY POMPY;;;ø2,7x3,1;79913;;;candidate_from_index;;12495
ZUN-000447;Z7991321;KONDENSATOR 12µF;tworzywo;12µF CBB60 25/70/21 C.SO 450V;ø3,2x6,6;79913;;;candidate_from_index;;12509
ZUN-000432;Z7991324;WŁACZNIK;;HS2 16(4)A 250V T55 5E4 HOSENSE;3x3,5x3,6;79913;;;candidate_from_index;;12510
ZUN-000436;Z7991329;WENTYLATOR;;;ø11,2x2,1;79913;;;candidate_from_index;;12514
ZUN-000040;Z7991335;ŁOŻYSKO KULKOWE 6201 2Z;;6201 2Z;ø3,2x1;79913;;;candidate_from_index;;12520
ZUN-000042;Z7991340;ŁOŻYSKO KULKOWE 6202 2Z;;6202 2Z;ø3,5x1,1;79913;;;candidate_from_index;;12524
ZUN-000239;Z7991342;PIERŚCIEŃ GUMOWY;tworzywo;ø12/ø27/2/4mm;ø2,8x0,4;79913;;;candidate_from_index;;12526
ZUN-000439;Z7991343;KOŁNIERZ;;;ø14,2x2,5;79913;;;candidate_from_index;;12527
ZUN-000440;Z7991344;USZCZELKA;;;ø2,6x2,1;79913;;;candidate_from_index;;12528
ZUN-000442;Z7991403;ZAKRĘTKA KOMORY POMPY;;;ø2,7x3,1;79914;;;candidate_from_index;;12530
ZUN-000432;Z7991424;WŁACZNIK;;HS2 16(4)A 250V T55 5E4 HOSENSE;3x3,5x3,6;79914;;;candidate_from_index;;12540
ZUN-000436;Z7991429;WENTYLATOR;;;ø11,2x2,1;79914;;;candidate_from_index;;12541
ZUN-000040;Z7991435;ŁOŻYSKO KULKOWE 6201 2Z;;6201 2Z;ø3,2x1;79914;;;candidate_from_index;;12547
ZUN-000042;Z7991440;ŁOŻYSKO KULKOWE 6202 2Z;;6202 2Z;ø3,5x1,1;79914;;;candidate_from_index;;12550
ZUN-000239;Z7991442;PIERŚCIEŃ GUMOWY;tworzywo;ø12/ø27/2/4mm;ø2,8x0,4;79914;;;candidate_from_index;;12552
ZUN-000439;Z7991443;KOŁNIERZ;;;ø14,2x2,5;79914;;;candidate_from_index;;12553
ZUN-000440;Z7991444;USZCZELKA;;;ø2,6x2,1;79914;;;candidate_from_index;;12554
ZUN-000188;Z7992601;DYSZA FONTANNOWA;;;ø4,1x4,5;79926;STHOR;Czesci_zamienne_79926.pdf;matched_manifest;https://drive.google.com/file/d/1Z0CtjRwIv7_PWZZUCA-QhM3JWiD91J6Q/preview;12598
ZUN-000189;Z7992602;DYSZA FONTANNOWA;;;ø3,5x4,6;79926;STHOR;Czesci_zamienne_79926.pdf;matched_manifest;https://drive.google.com/file/d/1Z0CtjRwIv7_PWZZUCA-QhM3JWiD91J6Q/preview;12599
ZUN-000190;Z7992603;DYSZA FONTANNOWA;;;ø4,1x4,5;79926;STHOR;Czesci_zamienne_79926.pdf;matched_manifest;https://drive.google.com/file/d/1Z0CtjRwIv7_PWZZUCA-QhM3JWiD91J6Q/preview;12600
ZUN-000191;Z7992604;DYSZA FONTANNOWA;;;ø2,55x2,6;79926;STHOR;Czesci_zamienne_79926.pdf;matched_manifest;https://drive.google.com/file/d/1Z0CtjRwIv7_PWZZUCA-QhM3JWiD91J6Q/preview;12601
ZUN-000192;Z7992605;PRZEWÓD WODNY;;ø20/ø29/120mm;ø3x12;79926;STHOR;Czesci_zamienne_79926.pdf;matched_manifest;https://drive.google.com/file/d/1Z0CtjRwIv7_PWZZUCA-QhM3JWiD91J6Q/preview;12602
ZUN-000188;Z7992701;DYSZA FONTANNOWA;;;ø4,1x4,5;79927;STHOR;Czesci_zamienne_79927.pdf;matched_manifest;https://drive.google.com/file/d/12dl-f_wTgEsqLh3WEaxVrz4e05NPm7bk/preview;12616
ZUN-000189;Z7992702;DYSZA FONTANNOWA;;;ø3,5x4,6;79927;STHOR;Czesci_zamienne_79927.pdf;matched_manifest;https://drive.google.com/file/d/12dl-f_wTgEsqLh3WEaxVrz4e05NPm7bk/preview;12617
ZUN-000190;Z7992703;DYSZA FONTANNOWA;;;ø4,1x4,5;79927;STHOR;Czesci_zamienne_79927.pdf;matched_manifest;https://drive.google.com/file/d/12dl-f_wTgEsqLh3WEaxVrz4e05NPm7bk/preview;12618
ZUN-000191;Z7992704;DYSZA FONTANNOWA;;;ø2,55x2,6;79927;STHOR;Czesci_zamienne_79927.pdf;matched_manifest;https://drive.google.com/file/d/12dl-f_wTgEsqLh3WEaxVrz4e05NPm7bk/preview;12619
ZUN-000192;Z7992705;PRZEWÓD WODNY;;ø20/ø29/120mm;ø3x12;79927;STHOR;Czesci_zamienne_79927.pdf;matched_manifest;https://drive.google.com/file/d/12dl-f_wTgEsqLh3WEaxVrz4e05NPm7bk/preview;12620
ZUN-000188;Z7992801;DYSZA FONTANNOWA;;;ø4,1x4,5;79928;STHOR;Czesci_zamienne_79928.pdf;matched_manifest;https://drive.google.com/file/d/18R2EuJiu1myH467CO7hoPWik9aTXlPZb/preview;12632
ZUN-000189;Z7992802;DYSZA FONTANNOWA;;;ø3,5x4,6;79928;STHOR;Czesci_zamienne_79928.pdf;matched_manifest;https://drive.google.com/file/d/18R2EuJiu1myH467CO7hoPWik9aTXlPZb/preview;12633
ZUN-000190;Z7992803;DYSZA FONTANNOWA;;;ø4,1x4,5;79928;STHOR;Czesci_zamienne_79928.pdf;matched_manifest;https://drive.google.com/file/d/18R2EuJiu1myH467CO7hoPWik9aTXlPZb/preview;12634
ZUN-000191;Z7992804;DYSZA FONTANNOWA;;;ø2,55x2,6;79928;STHOR;Czesci_zamienne_79928.pdf;matched_manifest;https://drive.google.com/file/d/18R2EuJiu1myH467CO7hoPWik9aTXlPZb/preview;12635
ZUN-000192;Z7992805;PRZEWÓD WODNY;;ø20/ø29/120mm;ø3x12;79928;STHOR;Czesci_zamienne_79928.pdf;matched_manifest;https://drive.google.com/file/d/18R2EuJiu1myH467CO7hoPWik9aTXlPZb/preview;12636
ZUN-000193;Z7992901;DYSZA FONTANNOWA;;;2,3x2,5x4;79929;STHOR;Czesci_zamienne_79929.pdf;matched_manifest;https://drive.google.com/file/d/1sMse9-Hat1pXyJLsCI78i6WatfxHZW2y/preview;12652
ZUN-000194;Z7992902;DYSZA FONTANNOWA;;;ø6,5x10,8;79929;STHOR;Czesci_zamienne_79929.pdf;matched_manifest;https://drive.google.com/file/d/1sMse9-Hat1pXyJLsCI78i6WatfxHZW2y/preview;12653
ZUN-000195;Z7992903;DYSZA FONTANNOWA;;;ø1,5x2,9;79929;STHOR;Czesci_zamienne_79929.pdf;matched_manifest;https://drive.google.com/file/d/1sMse9-Hat1pXyJLsCI78i6WatfxHZW2y/preview;12654
ZUN-000196;Z7992904;DYSZA FONTANNOWA;;;ø5,9x2,6;79929;STHOR;Czesci_zamienne_79929.pdf;matched_manifest;https://drive.google.com/file/d/1sMse9-Hat1pXyJLsCI78i6WatfxHZW2y/preview;12655
ZUN-000197;Z7992905;DYSZA FONTANNOWA;;;ø5,9x1,5;79929;STHOR;Czesci_zamienne_79929.pdf;matched_manifest;https://drive.google.com/file/d/1sMse9-Hat1pXyJLsCI78i6WatfxHZW2y/preview;12656
ZUN-000198;Z7992906;DYSZA FONTANNOWA;;;ø6x9,5;79929;STHOR;Czesci_zamienne_79929.pdf;matched_manifest;https://drive.google.com/file/d/1sMse9-Hat1pXyJLsCI78i6WatfxHZW2y/preview;12657
ZUN-000199;Z7992907;DYSZA FONTANNOWA;;;ø5,7x0,8;79929;STHOR;Czesci_zamienne_79929.pdf;matched_manifest;https://drive.google.com/file/d/1sMse9-Hat1pXyJLsCI78i6WatfxHZW2y/preview;12658
ZUN-000200;Z7992908;DYSZA FONTANNOWA;;;ø5,9x5,6;79929;STHOR;Czesci_zamienne_79929.pdf;matched_manifest;https://drive.google.com/file/d/1sMse9-Hat1pXyJLsCI78i6WatfxHZW2y/preview;12659
ZUN-000201;Z7992912;ZAWÓR;;;ø4x3,6;79929;STHOR;Czesci_zamienne_79929.pdf;matched_manifest;https://drive.google.com/file/d/1sMse9-Hat1pXyJLsCI78i6WatfxHZW2y/preview;12661
ZUN-000202;Z7992913;TRÓJNIK;;;3,8x6,2x9,1;79929;STHOR;Czesci_zamienne_79929.pdf;matched_manifest;https://drive.google.com/file/d/1sMse9-Hat1pXyJLsCI78i6WatfxHZW2y/preview;12662
ZUN-000203;Z7992917;ZŁĄCZE gwint zewnętrzny;;gwint zewnętrzny;ø3,6x3,8;79929;STHOR;Czesci_zamienne_79929.pdf;matched_manifest;https://drive.google.com/file/d/1sMse9-Hat1pXyJLsCI78i6WatfxHZW2y/preview;12666
ZUN-000193;Z7993001;DYSZA FONTANNOWA;;;2,3x2,5x4;79930;STHOR;Czesci_zamienne_79930.pdf;matched_manifest;https://drive.google.com/file/d/1bbdbBVwnVmB0uxvCftHiWYrpFRwkzo_t/preview;12673
ZUN-000194;Z7993002;DYSZA FONTANNOWA;;;ø6,5x10,8;79930;STHOR;Czesci_zamienne_79930.pdf;matched_manifest;https://drive.google.com/file/d/1bbdbBVwnVmB0uxvCftHiWYrpFRwkzo_t/preview;12674
ZUN-000195;Z7993003;DYSZA FONTANNOWA;;;ø1,5x2,9;79930;STHOR;Czesci_zamienne_79930.pdf;matched_manifest;https://drive.google.com/file/d/1bbdbBVwnVmB0uxvCftHiWYrpFRwkzo_t/preview;12675
ZUN-000196;Z7993004;DYSZA FONTANNOWA;;;ø5,9x2,6;79930;STHOR;Czesci_zamienne_79930.pdf;matched_manifest;https://drive.google.com/file/d/1bbdbBVwnVmB0uxvCftHiWYrpFRwkzo_t/preview;12676
ZUN-000197;Z7993005;DYSZA FONTANNOWA;;;ø5,9x1,5;79930;STHOR;Czesci_zamienne_79930.pdf;matched_manifest;https://drive.google.com/file/d/1bbdbBVwnVmB0uxvCftHiWYrpFRwkzo_t/preview;12677
ZUN-000198;Z7993006;DYSZA FONTANNOWA;;;ø6x9,5;79930;STHOR;Czesci_zamienne_79930.pdf;matched_manifest;https://drive.google.com/file/d/1bbdbBVwnVmB0uxvCftHiWYrpFRwkzo_t/preview;12678
ZUN-000199;Z7993007;DYSZA FONTANNOWA;;;ø5,7x0,8;79930;STHOR;Czesci_zamienne_79930.pdf;matched_manifest;https://drive.google.com/file/d/1bbdbBVwnVmB0uxvCftHiWYrpFRwkzo_t/preview;12679
ZUN-000200;Z7993008;DYSZA FONTANNOWA;;;ø5,9x5,6;79930;STHOR;Czesci_zamienne_79930.pdf;matched_manifest;https://drive.google.com/file/d/1bbdbBVwnVmB0uxvCftHiWYrpFRwkzo_t/preview;12680
ZUN-000203;Z7993017;ZŁĄCZE gwint zewnętrzny;;gwint zewnętrzny;ø3,6x3,8;79930;STHOR;Czesci_zamienne_79930.pdf;matched_manifest;https://drive.google.com/file/d/1bbdbBVwnVmB0uxvCftHiWYrpFRwkzo_t/preview;12685
ZUN-000202;Z7993113;TRÓJNIK;;;3,8x6,2x9,1;79931;STHOR;Czesci_zamienne_79931.pdf;matched_manifest;https://drive.google.com/file/d/1KWHeijyDAMVRWAliXZ2srYn5-pRLVufz/preview;12693
ZUN-000201;Z7993114;ZAWÓR;;;ø4x3,6;79931;STHOR;Czesci_zamienne_79931.pdf;matched_manifest;https://drive.google.com/file/d/1KWHeijyDAMVRWAliXZ2srYn5-pRLVufz/preview;12694
ZUN-000204;Z7993115;ZŁĄCZE gwint wewnętrzny;;gwint wewnętrzny;ø3,7x3,8;79931;STHOR;Czesci_zamienne_79931.pdf;matched_manifest;https://drive.google.com/file/d/1KWHeijyDAMVRWAliXZ2srYn5-pRLVufz/preview;12695
ZUN-000205;Z799312A;ZESPÓŁ RUREK Z PRZYŁĄCZEM;;;ø2,8x19;79931;STHOR;Czesci_zamienne_79931.pdf;matched_manifest_prefix;https://drive.google.com/file/d/1KWHeijyDAMVRWAliXZ2srYn5-pRLVufz/preview;12703
ZUN-000202;Z7993213;TRÓJNIK;;;3,8x6,2x9,1;79932;STHOR;Czesci_zamienne_79932.pdf;matched_manifest;https://drive.google.com/file/d/1o3MHIi2kYB80jeU1wifA0zsdVt-2oFoz/preview;12707
ZUN-000201;Z7993214;ZAWÓR;;;ø4x3,6;79932;STHOR;Czesci_zamienne_79932.pdf;matched_manifest;https://drive.google.com/file/d/1o3MHIi2kYB80jeU1wifA0zsdVt-2oFoz/preview;12708
ZUN-000204;Z7993215;ZŁĄCZE gwint wewnętrzny;;gwint wewnętrzny;ø3,7x3,8;79932;STHOR;Czesci_zamienne_79932.pdf;matched_manifest;https://drive.google.com/file/d/1o3MHIi2kYB80jeU1wifA0zsdVt-2oFoz/preview;12709
ZUN-000205;Z799322A;ZESPÓŁ RUREK Z PRZYŁĄCZEM;;;ø2,8x19;79932;STHOR;Czesci_zamienne_79932.pdf;matched_manifest_prefix;https://drive.google.com/file/d/1o3MHIi2kYB80jeU1wifA0zsdVt-2oFoz/preview;12720
ZUN-000202;Z7993313;TRÓJNIK;;;3,8x6,2x9,1;79933;STHOR;Czesci_zamienne_79933.pdf;matched_manifest;https://drive.google.com/file/d/1gd9Nz54nKpiQYpjyilawfaqsIDPyG2Oo/preview;12722
ZUN-000201;Z7993314;ZAWÓR;;;ø4x3,6;79933;STHOR;Czesci_zamienne_79933.pdf;matched_manifest;https://drive.google.com/file/d/1gd9Nz54nKpiQYpjyilawfaqsIDPyG2Oo/preview;12723
ZUN-000204;Z7993315;ZŁĄCZE gwint wewnętrzny;;gwint wewnętrzny;ø3,7x3,8;79933;STHOR;Czesci_zamienne_79933.pdf;matched_manifest;https://drive.google.com/file/d/1gd9Nz54nKpiQYpjyilawfaqsIDPyG2Oo/preview;12724
ZUN-000205;Z799332A;ZESPÓŁ RUREK Z PRZYŁĄCZEM;;;ø2,8x19;79933;STHOR;Czesci_zamienne_79933.pdf;matched_manifest_prefix;https://drive.google.com/file/d/1gd9Nz54nKpiQYpjyilawfaqsIDPyG2Oo/preview;12734
ZUN-000449;Z7994202;NAKRĘTKA KAPTUROWA;;M6;1x1,1x1,1;79942;;;candidate_from_index;;12769
ZUN-000450;Z7994203;NAKRĘTKA SAMOKONTRUJĄCA M6;;M6;0,6x1x1,1;79942;;;candidate_from_index;;12770
ZUN-000452;Z7994204;NAKRĘTKA SAMOKONTRUJĄCA M8;;M8 samokontrująca;0,7x1,3x1,5;79942;;;candidate_from_index;;12771
ZUN-000457;Z7994207;USZCZELKA WLOTU;;;ø2,9x0,6;79942;;;candidate_from_index;;12773
ZUN-000458;Z7994208;ŚRUBA WYLOTU;;;ø1,5x2,5;79942;;;candidate_from_index;;12774
ZUN-000452;Z7994209;NAKRĘTKA SAMOKONTRUJĄCA M8;;M8 samokontrująca;0,7x1,3x1,5;79942;;;candidate_from_index;;12775
ZUN-000459;Z7994210;PODKŁADKA;;ø8,2/ø24/1,5mm;ø2,4x0,15;79942;;;candidate_from_index;;12776
ZUN-000460;Z7994211;PODKŁADKA wypukła;;ø8,5/ø12,5/2,5mm;ø1,2x0,25;79942;;;candidate_from_index;;12777
ZUN-000464;Z7994212;TULEJA;;ø8/ø12/15mm;ø1,2x1,5;79942;;;candidate_from_index;;12778
ZUN-000465;Z7994213;MEMBRANA;;ø8/ø56/1,4;ø5,6x1,4;79942;;;candidate_from_index;;12779
ZUN-000460;Z7994214;PODKŁADKA wypukła;;ø8,5/ø12,5/2,5mm;ø1,2x0,25;79942;;;candidate_from_index;;12780
ZUN-000466;Z7994217;USZCZELKA GUMOWA;;;ø5,4x2,3;79942;;;candidate_from_index;;12783
ZUN-000456;Z7994219;NAKRĘTKA M12;;;1x1,9x2,1;79942;;;candidate_from_index;;12785
ZUN-000461;Z7994220;PODKŁADKA wypukła;;ø12/ø28/3,5mm;ø2,8x0,35;79942;;;candidate_from_index;;12787
ZUN-000461;Z7994223;PODKŁADKA wypukła;;ø12/ø28/3,5mm;ø2,8x0,35;79942;;;candidate_from_index;;12790
ZUN-000463;Z7994224;PODKŁADKA REGULUJĄCA;;ø12,5/ø20/1mm;ø2x0,1;79942;;;candidate_from_index;;12791
ZUN-000462;Z7994305;PODKŁADKA wypukła;;ø14/ø32/3,5mm;ø3,2x0,3;79943;STHOR;Czesci_zamienne_79943.pdf;matched_manifest;https://drive.google.com/file/d/1_kM_xNTFmQWoJiuDh8kBIVUQtceZBmEy/preview;12800
ZUN-000462;Z7994308;PODKŁADKA wypukła;;ø14/ø32/3,5mm;ø3,2x0,3;79943;STHOR;Czesci_zamienne_79943.pdf;matched_manifest;https://drive.google.com/file/d/1_kM_xNTFmQWoJiuDh8kBIVUQtceZBmEy/preview;12802
ZUN-000466;Z7994311;USZCZELKA GUMOWA;;;ø5,3x2,3;79943;STHOR;Czesci_zamienne_79943.pdf;matched_manifest;https://drive.google.com/file/d/1_kM_xNTFmQWoJiuDh8kBIVUQtceZBmEy/preview;12805
ZUN-000459;Z7994313;PODKŁADKA;;ø8,2/ø24/1,5mm;ø2,4x0,15;79943;STHOR;Czesci_zamienne_79943.pdf;matched_manifest;https://drive.google.com/file/d/1_kM_xNTFmQWoJiuDh8kBIVUQtceZBmEy/preview;12807
ZUN-000460;Z7994315;PODKŁADKA wypukła;;ø8,5/ø12,5/2,5mm;ø1,2x0,25;79943;STHOR;Czesci_zamienne_79943.pdf;matched_manifest;https://drive.google.com/file/d/1_kM_xNTFmQWoJiuDh8kBIVUQtceZBmEy/preview;12809
ZUN-000465;Z7994318;MEMBRANA;;ø8/ø56/1,4;ø5,6x1,4;79943;STHOR;Czesci_zamienne_79943.pdf;matched_manifest;https://drive.google.com/file/d/1_kM_xNTFmQWoJiuDh8kBIVUQtceZBmEy/preview;12810
ZUN-000452;Z7994319;NAKRĘTKA MEMBRANY M8 samokontrująca;;M8 samokontrująca;0,7x1,3x1,5;79943;STHOR;Czesci_zamienne_79943.pdf;matched_manifest;https://drive.google.com/file/d/1_kM_xNTFmQWoJiuDh8kBIVUQtceZBmEy/preview;12811
ZUN-000457;Z7994321;USZCZELKA WLOTU;;;ø2,9x0,6;79943;STHOR;Czesci_zamienne_79943.pdf;matched_manifest;https://drive.google.com/file/d/1_kM_xNTFmQWoJiuDh8kBIVUQtceZBmEy/preview;12813
ZUN-000451;Z7994325;NAKRĘTKA;;M6;0,5x1x1,1;79943;STHOR;Czesci_zamienne_79943.pdf;matched_manifest;https://drive.google.com/file/d/1_kM_xNTFmQWoJiuDh8kBIVUQtceZBmEy/preview;12817
ZUN-000463;Z7994404;PODKŁADKA REGULACYJNA;;ø12,5/ø20/1mm;ø2x0,1;79944;STHOR;Czesci_zamienne_79944.pdf;matched_manifest;https://drive.google.com/file/d/1kBFEIljyiJlOkw-TJFXR84H3Ah79VCb5/preview;12821
ZUN-000461;Z7994405;PODKŁADKA wypukła;;ø12/ø28/3,5mm;ø2,8x0,35;79944;STHOR;Czesci_zamienne_79944.pdf;matched_manifest;https://drive.google.com/file/d/1kBFEIljyiJlOkw-TJFXR84H3Ah79VCb5/preview;12822
ZUN-000461;Z7994408;PODKŁADKA wypukła;;ø12/ø28/3,5mm;ø2,8x0,35;79944;STHOR;Czesci_zamienne_79944.pdf;matched_manifest;https://drive.google.com/file/d/1kBFEIljyiJlOkw-TJFXR84H3Ah79VCb5/preview;12825
ZUN-000456;Z7994409;NAKRĘTKA M12;;;1x1,9x2,1;79944;STHOR;Czesci_zamienne_79944.pdf;matched_manifest;https://drive.google.com/file/d/1kBFEIljyiJlOkw-TJFXR84H3Ah79VCb5/preview;12826
ZUN-000466;Z7994411;USZCZELKA GUMOWA;;;ø5,3x2,3;79944;STHOR;Czesci_zamienne_79944.pdf;matched_manifest;https://drive.google.com/file/d/1kBFEIljyiJlOkw-TJFXR84H3Ah79VCb5/preview;12828
ZUN-000459;Z7994413;PODKŁADKA;;ø8,2/ø24/1,5mm;ø2,4x0,15;79944;STHOR;Czesci_zamienne_79944.pdf;matched_manifest;https://drive.google.com/file/d/1kBFEIljyiJlOkw-TJFXR84H3Ah79VCb5/preview;12830
ZUN-000464;Z7994414;KOŁNIERZ WAŁU TULEJKA;;ø8/ø12/15mm;ø1,2x1,5;79944;STHOR;Czesci_zamienne_79944.pdf;matched_manifest;https://drive.google.com/file/d/1kBFEIljyiJlOkw-TJFXR84H3Ah79VCb5/preview;12831
ZUN-000460;Z7994415;PODKŁADKA wypukła;;ø8,5/ø12,5/2,5mm;ø1,2x0,25;79944;STHOR;Czesci_zamienne_79944.pdf;matched_manifest;https://drive.google.com/file/d/1kBFEIljyiJlOkw-TJFXR84H3Ah79VCb5/preview;12832
ZUN-000465;Z7994418;MEMBRANA;;ø8/ø56/1,4;ø5,6x1,4;79944;STHOR;Czesci_zamienne_79944.pdf;matched_manifest;https://drive.google.com/file/d/1kBFEIljyiJlOkw-TJFXR84H3Ah79VCb5/preview;12833
ZUN-000452;Z7994419;NAKRĘTKA MEMBRANY M8 samokontrująca;;M8 samokontrująca;0,7x1,3x1,5;79944;STHOR;Czesci_zamienne_79944.pdf;matched_manifest;https://drive.google.com/file/d/1kBFEIljyiJlOkw-TJFXR84H3Ah79VCb5/preview;12834
ZUN-000458;Z7994420;ŚRUBA WYLOTU;;;ø1,5x2,5;79944;STHOR;Czesci_zamienne_79944.pdf;matched_manifest;https://drive.google.com/file/d/1kBFEIljyiJlOkw-TJFXR84H3Ah79VCb5/preview;12835
ZUN-000457;Z7994421;USZCZELKA WLOTU;;;ø2,9x0,6;79944;STHOR;Czesci_zamienne_79944.pdf;matched_manifest;https://drive.google.com/file/d/1kBFEIljyiJlOkw-TJFXR84H3Ah79VCb5/preview;12836
ZUN-000450;Z7994424;NAKRĘTKA SAMOKONTRUJĄCA M6;;M6;0,6x1x1,1;79944;STHOR;Czesci_zamienne_79944.pdf;matched_manifest;https://drive.google.com/file/d/1kBFEIljyiJlOkw-TJFXR84H3Ah79VCb5/preview;12839
ZUN-000449;Z7994425;NAKRĘTKA KAPTUROWA;;M6;1x1,1x1,1;79944;STHOR;Czesci_zamienne_79944.pdf;matched_manifest;https://drive.google.com/file/d/1kBFEIljyiJlOkw-TJFXR84H3Ah79VCb5/preview;12840
ZUN-000593;Z7998870;ŚWIECA ZAPŁONOWA;stal/porcelana;F7RTC;2x2,3x8;79988;;;candidate_from_index;;12907
ZUN-000472;Z8001010;ZESPÓŁ TŁOKA POMPY;;ø11/63mm;ø1,1x6,3;80010;;;candidate_from_index;;12917
ZUN-000473;Z8001011;OBUDOWA POMPKI;;ø11/ø19/50mm;1,9x2,1x5;80010;;;candidate_from_index;;12918
ZUN-000481;Z8001201;ZAWÓR ZWALNIAJĄCY;;;1,1x1,2x3,6;80012;STHOR;Czesci_zamienne_80012.pdf;matched_manifest;https://drive.google.com/file/d/1RtbNKhjVYmI-0Uso4DctNrE7kYv8B_6j/preview;12923
ZUN-000472;Z8001210;ZESPÓŁ TŁOKA POMPY;;ø11/63mm;ø1,1x6,3;80012;STHOR;Czesci_zamienne_80012.pdf;matched_manifest;https://drive.google.com/file/d/1RtbNKhjVYmI-0Uso4DctNrE7kYv8B_6j/preview;12925
ZUN-000473;Z8001211;OBUDOWA POMPKI;;ø11/ø19/50mm;1,9x2,1x5;80012;STHOR;Czesci_zamienne_80012.pdf;matched_manifest;https://drive.google.com/file/d/1RtbNKhjVYmI-0Uso4DctNrE7kYv8B_6j/preview;12926
ZUN-000479;Z8001213;PODKŁADKA;;ø9/ø18/0,9mm;ø1,8x0,09;80012;STHOR;Czesci_zamienne_80012.pdf;matched_manifest;https://drive.google.com/file/d/1RtbNKhjVYmI-0Uso4DctNrE7kYv8B_6j/preview;12928
ZUN-000477;Z8001214;O-RING;;ø6,6/ø12/ø2,7mm;ø1,2x0,27;80012;STHOR;Czesci_zamienne_80012.pdf;matched_manifest;https://drive.google.com/file/d/1RtbNKhjVYmI-0Uso4DctNrE7kYv8B_6j/preview;12929
ZUN-000472;Z8002010;ZESPÓŁ TŁOKA POMPY;;ø11/63mm;ø1,1x6,3;80020;;;candidate_from_index;;12934
ZUN-000473;Z8002011;OBUDOWA POMPKI;;ø11/ø19/50mm;1,9x2,1x5;80020;;;candidate_from_index;;12935
ZUN-000481;Z8002201;ZAWÓR ZWALNIAJĄCY;;;1,1x1,2x3,6;80022;STHOR;Czesci_zamienne_80022.pdf;matched_manifest;https://drive.google.com/file/d/1NL0ZhypuI3CUYEwQ3nQl_EspbzZrXZYg/preview;12939
ZUN-000472;Z8002210;ZESPÓŁ TŁOKA POMPY;;ø11/63mm;ø1,1x6,3;80022;STHOR;Czesci_zamienne_80022.pdf;matched_manifest;https://drive.google.com/file/d/1NL0ZhypuI3CUYEwQ3nQl_EspbzZrXZYg/preview;12941
ZUN-000473;Z8002211;OBUDOWA POMPKI;;ø11/ø19/50mm;1,9x2,1x5;80022;STHOR;Czesci_zamienne_80022.pdf;matched_manifest;https://drive.google.com/file/d/1NL0ZhypuI3CUYEwQ3nQl_EspbzZrXZYg/preview;12942
ZUN-000479;Z8002213;PODKŁADKA;;ø9/ø18/0,9mm;ø1,8x0,09;80022;STHOR;Czesci_zamienne_80022.pdf;matched_manifest;https://drive.google.com/file/d/1NL0ZhypuI3CUYEwQ3nQl_EspbzZrXZYg/preview;12944
ZUN-000477;Z8002214;O-RING;;ø6,6/ø12/ø2,7mm;ø1,2x0,27;80022;STHOR;Czesci_zamienne_80022.pdf;matched_manifest;https://drive.google.com/file/d/1NL0ZhypuI3CUYEwQ3nQl_EspbzZrXZYg/preview;12945
ZUN-000472;Z8003010;ZESPÓŁ TŁOKA POMPY;;ø11/63mm;ø1,1x6,3;80030;;;candidate_from_index;;12950
ZUN-000473;Z8003011;OBUDOWA POMPKI;;ø11/ø19/50mm;1,9x2,1x5;80030;;;candidate_from_index;;12951
ZUN-000481;Z8003201;ZAWÓR ZWALNIAJĄCY;;;1,1x1,2x3,6;80032;STHOR;Czesci_zamienne_80032.pdf;matched_manifest;https://drive.google.com/file/d/1hTH0QdGeWrAK3iRa7jBvZzHq3gAwZGJR/preview;12955
ZUN-000472;Z8003210;ZESPÓŁ TŁOKA POMPY;;ø11/63mm;ø1,1x6,3;80032;STHOR;Czesci_zamienne_80032.pdf;matched_manifest;https://drive.google.com/file/d/1hTH0QdGeWrAK3iRa7jBvZzHq3gAwZGJR/preview;12957
ZUN-000473;Z8003211;OBUDOWA POMPKI;;ø11/ø19/50mm;1,9x2,1x5;80032;STHOR;Czesci_zamienne_80032.pdf;matched_manifest;https://drive.google.com/file/d/1hTH0QdGeWrAK3iRa7jBvZzHq3gAwZGJR/preview;12958
ZUN-000479;Z8003213;PODKŁADKA;;ø9/ø18/0,9mm;ø1,8x0,09;80032;STHOR;Czesci_zamienne_80032.pdf;matched_manifest;https://drive.google.com/file/d/1hTH0QdGeWrAK3iRa7jBvZzHq3gAwZGJR/preview;12960
ZUN-000477;Z8003214;O-RING;;ø6,6/ø12/ø2,7mm;ø1,2x0,27;80032;STHOR;Czesci_zamienne_80032.pdf;matched_manifest;https://drive.google.com/file/d/1hTH0QdGeWrAK3iRa7jBvZzHq3gAwZGJR/preview;12961
ZUN-000472;Z8004010;ZESPÓŁ TŁOKA POMPY;;ø11/63mm;ø1,1x6,3;80040;;;candidate_from_index;;12965
ZUN-000473;Z8004011;OBUDOWA POMPKI;;ø11/ø19/50mm;1,9x2,1x5;80040;;;candidate_from_index;;12966
ZUN-000481;Z8004201;ZAWÓR ZWALNIAJĄCY;;;1,1x1,2x3,6;80042;STHOR;Czesci_zamienne_80042.pdf;matched_manifest;https://drive.google.com/file/d/1RPaMXt4JnFsUHRqAqe8qxgNDpi305tfF/preview;12970
ZUN-000472;Z8004210;ZESPÓŁ TŁOKA POMPY;;ø11/63mm;ø1,1x6,3;80042;STHOR;Czesci_zamienne_80042.pdf;matched_manifest;https://drive.google.com/file/d/1RPaMXt4JnFsUHRqAqe8qxgNDpi305tfF/preview;12972
ZUN-000473;Z8004211;OBUDOWA POMPKI;;ø11/ø19/50mm;1,9x2,1x5;80042;STHOR;Czesci_zamienne_80042.pdf;matched_manifest;https://drive.google.com/file/d/1RPaMXt4JnFsUHRqAqe8qxgNDpi305tfF/preview;12973
ZUN-000479;Z8004213;PODKŁADKA;;ø9/ø18/0,9mm;ø1,8x0,09;80042;STHOR;Czesci_zamienne_80042.pdf;matched_manifest;https://drive.google.com/file/d/1RPaMXt4JnFsUHRqAqe8qxgNDpi305tfF/preview;12975
ZUN-000477;Z8004214;O-RING;;ø6,6/ø12/ø2,7mm;ø1,2x0,27;80042;STHOR;Czesci_zamienne_80042.pdf;matched_manifest;https://drive.google.com/file/d/1RPaMXt4JnFsUHRqAqe8qxgNDpi305tfF/preview;12976
ZUN-000472;Z8005010;ZESPÓŁ TŁOKA POMPY;;ø11/63mm;ø1,1x6,3;80050;;;candidate_from_index;;12980
ZUN-000473;Z8005011;OBUDOWA POMPKI;;ø11/ø19/50mm;1,9x2,1x5;80050;;;candidate_from_index;;12981
ZUN-000481;Z8005201;ZAWÓR ZWALNIAJĄCY;;;1,1x1,2x3,6;80052;STHOR;Czesci_zamienne_80052.pdf;matched_manifest;https://drive.google.com/file/d/1OwAs6tnvieFF6ytDAYl9b82r23RhlbMl/preview;12985
ZUN-000472;Z8005210;ZESPÓŁ TŁOKA POMPY;;ø11/63mm;ø1,1x6,3;80052;STHOR;Czesci_zamienne_80052.pdf;matched_manifest;https://drive.google.com/file/d/1OwAs6tnvieFF6ytDAYl9b82r23RhlbMl/preview;12990
ZUN-000473;Z8005211;OBUDOWA POMPKI;;ø11/ø19/50mm;1,9x2,1x5;80052;STHOR;Czesci_zamienne_80052.pdf;matched_manifest;https://drive.google.com/file/d/1OwAs6tnvieFF6ytDAYl9b82r23RhlbMl/preview;12991
ZUN-000479;Z8005213;PODKŁADKA;;ø9/ø18/0,9mm;ø1,8x0,09;80052;STHOR;Czesci_zamienne_80052.pdf;matched_manifest;https://drive.google.com/file/d/1OwAs6tnvieFF6ytDAYl9b82r23RhlbMl/preview;12993
ZUN-000477;Z8005214;O-RING;;ø6,6/ø12/ø2,7mm;ø1,2x0,27;80052;STHOR;Czesci_zamienne_80052.pdf;matched_manifest;https://drive.google.com/file/d/1OwAs6tnvieFF6ytDAYl9b82r23RhlbMl/preview;12994
ZUN-000472;Z8006010;ZESPÓŁ TŁOKA POMPY;;ø11/63mm;ø1,1x6,3;80060;;;candidate_from_index;;12998
ZUN-000473;Z8006011;OBUDOWA POMPKI;;ø11/ø19/50mm;1,9x2,1x5;80060;;;candidate_from_index;;12999
ZUN-000481;Z8006201;ZAWÓR ZWALNIAJĄCY;;;1,1x1,2x3,6;80062;STHOR;Czesci_zamienne_80062.pdf;matched_manifest;https://drive.google.com/file/d/1ngoh6c_TNP9PYSntpTRufBBOIZddqdi4/preview;13002
ZUN-000472;Z8006210;ZESPÓŁ TŁOKA POMPY;;ø11/63mm;ø1,1x6,3;80062;STHOR;Czesci_zamienne_80062.pdf;matched_manifest;https://drive.google.com/file/d/1ngoh6c_TNP9PYSntpTRufBBOIZddqdi4/preview;13004
ZUN-000473;Z8006211;OBUDOWA POMPKI;;ø11/ø19/50mm;1,9x2,1x5;80062;STHOR;Czesci_zamienne_80062.pdf;matched_manifest;https://drive.google.com/file/d/1ngoh6c_TNP9PYSntpTRufBBOIZddqdi4/preview;13005
ZUN-000479;Z8006213;PODKŁADKA;;ø9/ø18/0,9mm;ø1,8x0,09;80062;STHOR;Czesci_zamienne_80062.pdf;matched_manifest;https://drive.google.com/file/d/1ngoh6c_TNP9PYSntpTRufBBOIZddqdi4/preview;13007
ZUN-000477;Z8006214;O-RING;;ø6,6/ø12/ø2,7mm;ø1,2x0,27;80062;STHOR;Czesci_zamienne_80062.pdf;matched_manifest;https://drive.google.com/file/d/1ngoh6c_TNP9PYSntpTRufBBOIZddqdi4/preview;13008
ZUN-000472;Z8007010;ZESPÓŁ TŁOKA POMPY;;ø11/63mm;ø1,1x6,3;80070;;;candidate_from_index;;13012
ZUN-000473;Z8007011;OBUDOWA POMPKI;;ø11/ø19/50mm;1,9x2,1x5;80070;;;candidate_from_index;;13013
ZUN-000481;Z8007201;ZAWÓR ZWALNIAJĄCY;;;1,1x1,2x3,6;80072;STHOR;Czesci_zamienne_80072.pdf;matched_manifest;https://drive.google.com/file/d/1HCQH_n7zdw0rmp6NW7ipwNcv1Fsdjd3n/preview;13016
ZUN-000472;Z8007210;ZESPÓŁ TŁOKA POMPY;;ø11/63mm;ø1,1x6,3;80072;STHOR;Czesci_zamienne_80072.pdf;matched_manifest;https://drive.google.com/file/d/1HCQH_n7zdw0rmp6NW7ipwNcv1Fsdjd3n/preview;13018
ZUN-000473;Z8007211;OBUDOWA POMPKI;;ø11/ø19/50mm;1,9x2,1x5;80072;STHOR;Czesci_zamienne_80072.pdf;matched_manifest;https://drive.google.com/file/d/1HCQH_n7zdw0rmp6NW7ipwNcv1Fsdjd3n/preview;13019
ZUN-000479;Z8007213;PODKŁADKA;;ø9/ø18/0,9mm;ø1,8x0,09;80072;STHOR;Czesci_zamienne_80072.pdf;matched_manifest;https://drive.google.com/file/d/1HCQH_n7zdw0rmp6NW7ipwNcv1Fsdjd3n/preview;13021
ZUN-000477;Z8007214;O-RING;;ø6,6/ø12/ø2,7mm;ø1,2x0,27;80072;STHOR;Czesci_zamienne_80072.pdf;matched_manifest;https://drive.google.com/file/d/1HCQH_n7zdw0rmp6NW7ipwNcv1Fsdjd3n/preview;13022
ZUN-000472;Z8008010;ZESPÓŁ TŁOKA POMPY;;ø11/63mm;ø1,1x6,3;80080;;;candidate_from_index;;13026
ZUN-000473;Z8008011;OBUDOWA POMPKI;;ø11/ø19/50mm;1,9x2,1x5;80080;;;candidate_from_index;;13027
ZUN-000257;Z8008208;KULKA STALOWA;;ø6mm;ø0,6;80082;STHOR;Czesci_zamienne_80082.pdf;matched_manifest;https://drive.google.com/file/d/18Rpu2Lt-VK2YrDs5m98jMmkBIAgqhMmN/preview;13030
ZUN-000479;Z8008210;PODKŁADKA;;;ø1,8x0,09;80082;STHOR;Czesci_zamienne_80082.pdf;matched_manifest;https://drive.google.com/file/d/18Rpu2Lt-VK2YrDs5m98jMmkBIAgqhMmN/preview;13031
ZUN-000473;Z8008211;OBUDOWA POMPKI;;ø11/ø19/50mm;1,9x2,1x5;80082;STHOR;Czesci_zamienne_80082.pdf;matched_manifest;https://drive.google.com/file/d/18Rpu2Lt-VK2YrDs5m98jMmkBIAgqhMmN/preview;13032
ZUN-000477;Z8008212;O-RING;;ø6,6/ø12/ø2,7mm;ø1,2x0,27;80082;STHOR;Czesci_zamienne_80082.pdf;matched_manifest;https://drive.google.com/file/d/18Rpu2Lt-VK2YrDs5m98jMmkBIAgqhMmN/preview;13033
ZUN-000472;Z8008214;ZESPÓŁ TŁOKA POMPY;;ø11/63mm;ø1,1x6,3;80082;STHOR;Czesci_zamienne_80082.pdf;matched_manifest;https://drive.google.com/file/d/18Rpu2Lt-VK2YrDs5m98jMmkBIAgqhMmN/preview;13035
ZUN-000477;Z8008231;O-RING;;ø6,6/ø12/ø2,7mm;ø1,2x0,27;80082;STHOR;Czesci_zamienne_80082.pdf;matched_manifest;https://drive.google.com/file/d/18Rpu2Lt-VK2YrDs5m98jMmkBIAgqhMmN/preview;13039
ZUN-000252;Z8008234;KULKA STALOWA;;ø3mm;ø0,3;80082;STHOR;Czesci_zamienne_80082.pdf;matched_manifest;https://drive.google.com/file/d/18Rpu2Lt-VK2YrDs5m98jMmkBIAgqhMmN/preview;13042
ZUN-000477;Z8008236;O-RING;;ø6,6/ø12/ø2,7mm;ø1,2x0,27;80082;STHOR;Czesci_zamienne_80082.pdf;matched_manifest;https://drive.google.com/file/d/18Rpu2Lt-VK2YrDs5m98jMmkBIAgqhMmN/preview;13043
ZUN-000155;Z8011047;CYLINDER POMPY OLEJOWEJ;;ø11/m18;1,7x1,9x4,2;80110;;;candidate_from_index;;13047
ZUN-000478;Z8011067;O-RING;;ø6/ø12/ø3mm;ø1,2x0,3;80110;;;candidate_from_index;;13058
ZUN-000154;Z8011101A;ZESPÓŁ TŁOKA POMPY;;ø11/47mm;1,6x2,1x6;80111;STHOR;Czesci_zamienne_80111.pdf;matched_manifest_prefix;https://drive.google.com/file/d/14F0go5i4zJdwmIC43xzfGlVeLwGwKfU5/preview;13061
ZUN-000478;Z80111043;O-RING;;ø6/ø12/ø3mm;ø1,2x0,3;80111;STHOR;Czesci_zamienne_80111.pdf;matched_manifest;https://drive.google.com/file/d/14F0go5i4zJdwmIC43xzfGlVeLwGwKfU5/preview;13066
ZUN-000257;Z80111045;KULKA STALOWA;;ø6mm;ø0,6;80111;STHOR;Czesci_zamienne_80111.pdf;matched_manifest;https://drive.google.com/file/d/14F0go5i4zJdwmIC43xzfGlVeLwGwKfU5/preview;13067
ZUN-000255;Z80111046;KULKA STALOWA;;ø5mm;ø0,5;80111;STHOR;Czesci_zamienne_80111.pdf;matched_manifest;https://drive.google.com/file/d/14F0go5i4zJdwmIC43xzfGlVeLwGwKfU5/preview;13068
ZUN-000155;Z80111047;CYLINDER POMPY OLEJOWEJ;;ø11/m18;1,7x1,9x4,2;80111;STHOR;Czesci_zamienne_80111.pdf;matched_manifest;https://drive.google.com/file/d/14F0go5i4zJdwmIC43xzfGlVeLwGwKfU5/preview;13069
ZUN-000478;Z80111067;O-RING;;ø6/ø12/ø3mm;ø1,2x0,3;80111;STHOR;Czesci_zamienne_80111.pdf;matched_manifest;https://drive.google.com/file/d/14F0go5i4zJdwmIC43xzfGlVeLwGwKfU5/preview;13078
ZUN-000154;Z801201A;ZESPÓŁ TŁOKA POMPY;;ø11/47mm;1,6x2,1x6;80120;;;candidate_from_index;;13082
ZUN-000531;Z8012039;O-RING;;ø22,3/ø29,3/ø3,5mm;ø2,93x0,35;80120;;;candidate_from_index;;13085
ZUN-000475;Z8012043;O-RING;;ø5,6/ø11,2/ø2,8mm;ø1,12x0,28;80120;;;candidate_from_index;;13088
ZUN-000257;Z8012045;KULKA STALOWA;;ø6mm;ø0,6;80120;;;candidate_from_index;;13089
ZUN-000155;Z8012047;CYLINDER POMPY OLEJOWEJ;;ø11/m18;1,7x1,9x4,2;80120;;;candidate_from_index;;13090
ZUN-000531;Z8012060;O-RING;;ø22,3/ø29,3/ø3,5mm;ø2,93x0,35;80120;;;candidate_from_index;;13097
ZUN-000475;Z8012067;O-RING;;ø5,6/ø11,2/ø2,8mm;ø1,12x0,28;80120;;;candidate_from_index;;13102
ZUN-000154;Z801211A;ZESPÓŁ TŁOKA POMPY;;ø11/47mm;1,6x2,1x6;80121;;;candidate_from_index;;13106
ZUN-000531;Z8012139;O-RING;;ø22,3/ø29,3/ø3,5mm;ø2,93x0,35;80121;;;candidate_from_index;;13108
ZUN-000257;Z8012145;KULKA STALOWA;;ø6mm;ø0,6;80121;;;candidate_from_index;;13112
ZUN-000255;Z8012146;KULKA STALOWA;;ø5mm;ø0,5;80121;;;candidate_from_index;;13113
ZUN-000502;Z8012148;O-RING;;ø7,7/ø11,5/ø1,9mm;ø1,15x0,19;80121;;;candidate_from_index;;13115
ZUN-000531;Z8012157;PIERŚCIEŃ (O-RING);;ø22,3/ø29,3/ø3,5mm;ø2,93x0,35;80121;;;candidate_from_index;;13119
ZUN-000468;Z80220019;KOŁO ZĘBATW WAŁKA;;;ø4,6x0,5;80220;STHOR;Czesci_zamienne_80220.pdf;matched_manifest;https://drive.google.com/file/d/1s_ijsK1TE0gk22jFWiwM4PbGhEBUsWZ-/preview;13130
ZUN-000521;Z80220103;O-RING;;ø14,9/ø20,3/ø2,7mm;ø2,03x0,27;80220;STHOR;Czesci_zamienne_80220.pdf;matched_manifest;https://drive.google.com/file/d/1s_ijsK1TE0gk22jFWiwM4PbGhEBUsWZ-/preview;13133
ZUN-000467;Z80220112;KOŁO ZĘBATE;;;ø4,4x1;80220;STHOR;Czesci_zamienne_80220.pdf;matched_manifest;https://drive.google.com/file/d/1s_ijsK1TE0gk22jFWiwM4PbGhEBUsWZ-/preview;13137
ZUN-000469;Z80220113;WAŁ ZAWORU ZWALNIAJĄCEGO;;;ø1,9x3,7;80220;STHOR;Czesci_zamienne_80220.pdf;matched_manifest;https://drive.google.com/file/d/1s_ijsK1TE0gk22jFWiwM4PbGhEBUsWZ-/preview;13138
ZUN-000471;Z80220115;NAKRĘTKA ZAWORU ZWALNIAJĄCEGO;;;3x3,2x2,7;80220;STHOR;Czesci_zamienne_80220.pdf;matched_manifest;https://drive.google.com/file/d/1s_ijsK1TE0gk22jFWiwM4PbGhEBUsWZ-/preview;13140
ZUN-000470;Z80220116;ŁĄCZNIK ZAWORU ZWALNIAJĄCEGO;;;1x1x3,4;80220;STHOR;Czesci_zamienne_80220.pdf;matched_manifest;https://drive.google.com/file/d/1s_ijsK1TE0gk22jFWiwM4PbGhEBUsWZ-/preview;13141
ZUN-000257;Z80220120;KULKA STALOWA;;ø6mm;ø0,6;80220;STHOR;Czesci_zamienne_80220.pdf;matched_manifest;https://drive.google.com/file/d/1s_ijsK1TE0gk22jFWiwM4PbGhEBUsWZ-/preview;13145
ZUN-000536;Z80220130;O-RING;;ø29,5/ø36,3/ø3,4mm;ø3,63x0,34;80220;STHOR;Czesci_zamienne_80220.pdf;matched_manifest;https://drive.google.com/file/d/1s_ijsK1TE0gk22jFWiwM4PbGhEBUsWZ-/preview;13148
ZUN-000538;Z80220134;O-RING;;ø34,3/ø41,3/ø3,5mm;ø4,13x0,35;80220;STHOR;Czesci_zamienne_80220.pdf;matched_manifest;https://drive.google.com/file/d/1s_ijsK1TE0gk22jFWiwM4PbGhEBUsWZ-/preview;13151
ZUN-000264;Z80230108;KULKA STALOWA;;ø9mm;ø0,9;80230;;;candidate_from_index;;13162
ZUN-000257;Z80230109;KULKA STALOWA;;ø6mm;ø0,6;80230;;;candidate_from_index;;13163
ZUN-000467;Z80230112;KOŁO ZĘBATE;;;ø4,4x1;80230;;;candidate_from_index;;13166
ZUN-000469;Z80230113;WAŁ ZAWORU ZWALNIAJĄCEGO;;;ø1,9x3,7;80230;;;candidate_from_index;;13167
ZUN-000471;Z80230115;NAKRĘTKA ZAWORU ZWALNIAJĄCEGO;;;3x3,2x2,7;80230;;;candidate_from_index;;13169
ZUN-000470;Z80230116;ŁĄCZNIK ZAWORU ZWALNIAJĄCEGO;;;1x1x3,4;80230;;;candidate_from_index;;13170
ZUN-000257;Z80230120;KULKA STALOWA;;ø6mm;ø0,6;80230;;;candidate_from_index;;13174
ZUN-000252;Z80230126;KULKA STALOWA;;ø3mm;ø0,3;80230;;;candidate_from_index;;13178
ZUN-000468;Z80232018;KOŁO ZĘBATW WAŁKA;;;ø4,6x0,5;80232;;;candidate_from_index;;13190
ZUN-000467;Z80232112;KOŁO ZĘBATE;;;ø4,4x1;80232;;;candidate_from_index;;13197
ZUN-000469;Z80232113;WAŁ ZAWORU ZWALNIAJĄCEGO;;;ø1,9x3,7;80232;;;candidate_from_index;;13198
ZUN-000471;Z80232115;NAKRĘTKA ZAWORU ZWALNIAJĄCEGO;;;3x3,2x2,7;80232;;;candidate_from_index;;13200
ZUN-000470;Z80232116;ŁĄCZNIK ZAWORU ZWALNIAJĄCEGO;;;1x1x3,4;80232;;;candidate_from_index;;13201
ZUN-000257;Z80232120;KULKA STALOWA;;ø6mm;ø0,6;80232;;;candidate_from_index;;13205
ZUN-000468;Z80233130;KOŁO ZĘBATW WAŁKA;;;ø4,6x0,5;80233;;;candidate_from_index;;13220
ZUN-000257;Z80233202;KULKA STALOWA;;ø6mm;ø0,6;80233;;;candidate_from_index;;13221
ZUN-000469;Z80233208;WAŁ ZAWORU ZWALNIAJĄCEGO;;;ø1,9x3,7;80233;;;candidate_from_index;;13224
ZUN-000471;Z80233210;NAKRĘTKA ZAWORU ZWALNIAJĄCEGO;;;3x3,2x2,7;80233;;;candidate_from_index;;13226
ZUN-000521;Z80233211;O-RING;;ø14,9/ø20,3/ø2,7mm;ø2,03x0,27;80233;;;candidate_from_index;;13227
ZUN-000470;Z80233212;ŁĄCZNIK ZAWORU ZWALNIAJĄCEGO;;;1x1x3,4;80233;;;candidate_from_index;;13228
ZUN-000264;Z80233228;KULKA STALOWA;;ø9mm;ø0,9;80233;;;candidate_from_index;;13242
ZUN-000512;Z80233231;O-RING;;ø8,6/ø13,8/ø2,6mm;ø1,38x0,26;80233;;;candidate_from_index;;13245
ZUN-000252;Z80233233;KULKA STALOWA;;ø3mm;ø0,3;80233;;;candidate_from_index;;13247
ZUN-000536;Z80233236;O-RING;;ø29,5/ø36,3/ø3,4mm;ø3,63x0,34;80233;;;candidate_from_index;;13248
ZUN-000255;Z80330V2P10;KULKA STALOWA;;ø5mm;ø0,5;80330;STHOR;Czesci_zamienne_80330.pdf;matched_manifest_prefix;https://drive.google.com/file/d/1AYOMm5SlFuRG58nmvYsTbbUtcUZXCoaS/preview;13270
ZUN-000263;Z80330V2P11;KULKA STALOWA;;ø8mm;ø0,8;80330;STHOR;Czesci_zamienne_80330.pdf;matched_manifest_prefix;https://drive.google.com/file/d/1AYOMm5SlFuRG58nmvYsTbbUtcUZXCoaS/preview;13271
ZUN-000254;Z80330V2P31;KULKA STALOWA;;ø4mm;ø0,4;80330;STHOR;Czesci_zamienne_80330.pdf;matched_manifest_prefix;https://drive.google.com/file/d/1AYOMm5SlFuRG58nmvYsTbbUtcUZXCoaS/preview;13284
ZUN-000474;Z80330V2P34;O-RING;;ø5,49/ø11,5/ø2,8mm;ø1,15x0,28;80330;STHOR;Czesci_zamienne_80330.pdf;matched_manifest_prefix;https://drive.google.com/file/d/1AYOMm5SlFuRG58nmvYsTbbUtcUZXCoaS/preview;13287
ZUN-000508;Z80340S12;O-RING;;ø7/ø13/ø3mm;ø1,3x0,3;80340;STHOR;Czesci_zamienne_80340.pdf;matched_manifest_prefix;https://drive.google.com/file/d/1OkG0Rw0fb-LYn4uMjX4KuUlIDnSrzbJd/preview;13303
ZUN-000508;Z80350S12;O-RING;;ø7/ø13/ø3mm;ø1,3x0,3;80350;STHOR;Czesci_zamienne_80350.pdf;matched_manifest_prefix;https://drive.google.com/file/d/1FRUBYIQ-4PPQ8RKusszoSrt1nOTND5I2/preview;13315
ZUN-000487;Z8090206;O-RING;;ø2,4/ø6/ø1,8mm;ø0,6x0,18;80902;STHOR;Czesci_zamienne_80902.pdf;matched_manifest;https://drive.google.com/file/d/1RHfPOPZnGalzqo2VHgGLjZviV8ekhJyq/preview;13431
ZUN-000066;Z81060-07;ŁOŻYSKO KULKOWE 6901 2Z;;6901 2Z;ø2,4x0,6;81060;;;candidate_from_index;;13485
ZUN-000005;Z81060-12;ŁOŻYSKO KULKOWE 608 2Z;;608 2Z;ø2,2x0,7;81060;;;candidate_from_index;;13489
ZUN-000010;Z81060-19;ŁOŻYSKO KULKOWE 625 2Z;;625 2Z;ø1,6x0,5;81060;;;candidate_from_index;;13492
ZUN-000490;Z81070-06;O-RING;;ø3,6/ø7,2/ø1,8mm;ø0,72x0,18;81070;YATO;Czesci_zamienne_81070.pdf;matched_manifest;https://drive.google.com/file/d/1MjKZR_dH_vh--FcAhZ88RhnWegCo3ndR/preview;13506
ZUN-000012;Z81070-13;ŁOŻYSKO KULKOWE 626 2Z;;626 2Z;ø1,9x0,6;81070;YATO;Czesci_zamienne_81070.pdf;matched_manifest;https://drive.google.com/file/d/1MjKZR_dH_vh--FcAhZ88RhnWegCo3ndR/preview;13512
ZUN-000142;Z81070-16;ŁOPATKA WIRNIKA szt.;;1,79/8,42/38mm;0,2x0,8x3,8;81070;YATO;Czesci_zamienne_81070.pdf;matched_manifest;https://drive.google.com/file/d/1MjKZR_dH_vh--FcAhZ88RhnWegCo3ndR/preview;13514
ZUN-000666;Z81070-18;TRZPIEŃ sprężysty;stal;;ø0,15x0,6;81070;YATO;Czesci_zamienne_81070.pdf;matched_manifest;https://drive.google.com/file/d/1MjKZR_dH_vh--FcAhZ88RhnWegCo3ndR/preview;13516
ZUN-000005;Z81070-20;ŁOŻYSKO KULKOWE 608 2Z;;608 2Z;ø2,2x0,7;81070;YATO;Czesci_zamienne_81070.pdf;matched_manifest;https://drive.google.com/file/d/1MjKZR_dH_vh--FcAhZ88RhnWegCo3ndR/preview;13518
ZUN-000038;Z81070-36;ŁOŻYSKO KULKOWE 6200 2Z;;6200 2Z;ø3x0,9;81070;YATO;Czesci_zamienne_81070.pdf;matched_manifest;https://drive.google.com/file/d/1MjKZR_dH_vh--FcAhZ88RhnWegCo3ndR/preview;13531
ZUN-000012;Z81072-03;ŁOŻYSKO KULKOWE 626 2Z;;626 2Z;ø1,9x0,6;81072;;;candidate_from_index;;13532
ZUN-000142;Z81072-05;ŁOPATKA WIRNIKA szt.;;1,79/8,42/38mm;0,2x0,8x3,8;81072;;;candidate_from_index;;13534
ZUN-000666;Z81072-07;TRZPIEŃ sprężysty;stal;;ø0,15x0,6;81072;;;candidate_from_index;;13536
ZUN-000005;Z81072-10;ŁOŻYSKO KULKOWE 608 2Z;;608 2Z;ø2,2x0,7;81072;;;candidate_from_index;;13539
ZUN-000040;Z81072-16;ŁOŻYSKO KULKOWE 6201 2Z;;6201 2Z;ø3,2x1;81072;;;candidate_from_index;;13545
ZUN-000075;Z81072-19;ŁOŻYSKO KULKOWE R8 2Z;;R8 2Z ø12,7/ø28,5/8mm;ø2,85x0,8;81072;;;candidate_from_index;;13548
ZUN-000490;Z81072-32;O-RING;;ø3,6/ø7,2/ø1,8mm;ø0,72x0,18;81072;;;candidate_from_index;;13557
ZUN-000012;Z81073-02;ŁOŻYSKO KULKOWE 626 2Z;;626 2Z;ø1,9x0,6;81073;;;candidate_from_index;;13559
ZUN-000238;Z81073-08;ŁOPATKA WIRNIKA szt.;;2/8,5/38mm;0,2x0,9x3,8;81073;;;candidate_from_index;;13565
ZUN-000012;Z81073-10;ŁOŻYSKO KULKOWE 626 2Z;;626 2Z;ø1,9x0,6;81073;;;candidate_from_index;;13567
ZUN-000040;Z81073-16;ŁOŻYSKO KULKOWE 6201 2Z;;6201 2Z;ø3,2x1;81073;;;candidate_from_index;;13572
ZUN-000489;Z81073-21;O-RING;;ø3,9/ø7,5/ø1,8mm;ø0,75x0,18;81073;;;candidate_from_index;;13576
ZUN-000345;Z81073-23;O-RING;;ø14/ø18/ø2mm;ø1,8x0,2;81073;;;candidate_from_index;;13578
ZUN-000075;Z81073-36;ŁOŻYSKO KULKOWE R8 2Z;;R8 2Z ø12,7/ø28,5/8mm;ø2,85x0,8;81073;;;candidate_from_index;;13583
ZUN-000028;Z81080-09;ŁOŻYSKO KULKOWE 6000 2Z;;6000 2Z;ø2,6x0,8;81080;;;candidate_from_index;;13589
ZUN-000293;Z81080-11;KULKA STALOWA;stal;ø2,5mm;ø0,25;81080;;;candidate_from_index;;13591
ZUN-000142;Z81080-15;ŁOPATKA WIRNIKA szt.;;1,79/8,42/38mm;0,2x0,8x3,8;81080;;;candidate_from_index;;13595
ZUN-000012;Z81080-17;ŁOŻYSKO KULKOWE 626 2Z;;626 2Z;ø1,9x0,6;81080;;;candidate_from_index;;13597
ZUN-000499;Z8110002;O-RING 10X1,8;;ø6,4/ø10/ø1,8mm;ø1,0x0,18;81100;;;candidate_from_index;;13607
ZUN-000030;Z8110026;ŁOŻYSKO KULKOWE 6001 2Z;;6001 2Z;ø2,8x0,8;81100;;;candidate_from_index;;13618
ZUN-000499;Z8110102;O-RING 10X1,8;;ø6,4/ø10/ø1,8mm;ø1,0x0,18;81101;YATO;Czesci_zamienne_81101.pdf;matched_manifest;https://drive.google.com/file/d/1WVKdX7vVhkAZCVQmBuZTUxok744T9SzZ/preview;13631
ZUN-000030;Z8110126;ŁOŻYSKO KULKOWE 6001 2Z;;6001 2Z;ø2,8x0,8;81101;YATO;Czesci_zamienne_81101.pdf;matched_manifest;https://drive.google.com/file/d/1WVKdX7vVhkAZCVQmBuZTUxok744T9SzZ/preview;13642
ZUN-000484;Z8110708;O-RING;;ø3,5/ø6,3/ø1,4mm;ø0,63x0,14;81107;;;candidate_from_index;;13657
ZUN-000495;Z8110709;O-RING;;ø4/ø8/ø2mm;ø0,8x0,2;81107;;;candidate_from_index;;13658
ZUN-000492;Z8110805;O-RING;;ø5/ø8/ø1,5mm;ø0,8x0,15;81108;;;candidate_from_index;;13671
ZUN-000503;Z8110810;O-RING;;ø7/ø11/ø2mm;ø1,1x0,2;81108;;;candidate_from_index;;13676
ZUN-000012;Z8110815;ŁOŻYSKO KULKOWE 626 2Z;;626 2Z;ø1,9x0,6;81108;;;candidate_from_index;;13678
ZUN-000293;Z8110817;KULKA STALOWA;;ø2,5mm;ø0,25;81108;;;candidate_from_index;;13680
ZUN-000238;Z8110819;ŁOPATKA WIRNIKA kpl;;2/8,5/38mm;0,2x0,9x3,8;81108;;;candidate_from_index;;13682
ZUN-000484;Z8111005;O-RING;;ø3,5/ø6,3/ø1,4mm;ø0,63x0,14;81110;YATO;Czesci_zamienne_81110.pdf;matched_manifest;https://drive.google.com/file/d/18qdLxx3FgPmtcSzF_w5QZ7-g4WhEiQTA/preview;13693
ZUN-000495;Z8111006;O-RING;;ø4/ø8/ø2mm;ø0,8x0,2;81110;YATO;Czesci_zamienne_81110.pdf;matched_manifest;https://drive.google.com/file/d/18qdLxx3FgPmtcSzF_w5QZ7-g4WhEiQTA/preview;13694
ZUN-000503;Z8111010;O-RING;;ø7/ø11/ø2mm;ø1,1x0,2;81110;YATO;Czesci_zamienne_81110.pdf;matched_manifest;https://drive.google.com/file/d/18qdLxx3FgPmtcSzF_w5QZ7-g4WhEiQTA/preview;13698
ZUN-000514;Z8111011;O-RING;;ø11,2/ø15/ø1,9mm;ø1,5x0,19;81110;YATO;Czesci_zamienne_81110.pdf;matched_manifest;https://drive.google.com/file/d/18qdLxx3FgPmtcSzF_w5QZ7-g4WhEiQTA/preview;13699
ZUN-000024;Z8111015;ŁOŻYSKO KULKOWE 696 2Z;;696 2Z;ø1,5x0,5;81110;YATO;Czesci_zamienne_81110.pdf;matched_manifest;https://drive.google.com/file/d/18qdLxx3FgPmtcSzF_w5QZ7-g4WhEiQTA/preview;13701
ZUN-000293;Z8111017;KULKA STALOWA;;ø2,5mm;ø0,25;81110;YATO;Czesci_zamienne_81110.pdf;matched_manifest;https://drive.google.com/file/d/18qdLxx3FgPmtcSzF_w5QZ7-g4WhEiQTA/preview;13703
ZUN-000236;Z8111019;ŁOPATKA WIRNIKA;;2/7/25,5mm;0,2x0,7x2,5;81110;YATO;Czesci_zamienne_81110.pdf;matched_manifest;https://drive.google.com/file/d/18qdLxx3FgPmtcSzF_w5QZ7-g4WhEiQTA/preview;13704
ZUN-000667;Z8111024;TRZPIEŃ;stal;;ø0,14x0,45;81110;YATO;Czesci_zamienne_81110.pdf;matched_manifest;https://drive.google.com/file/d/18qdLxx3FgPmtcSzF_w5QZ7-g4WhEiQTA/preview;13708
ZUN-000005;Z8111025;ŁOŻYSKO KULKOWE 608 2Z;;608 2Z;ø2,2x0,7;81110;YATO;Czesci_zamienne_81110.pdf;matched_manifest;https://drive.google.com/file/d/18qdLxx3FgPmtcSzF_w5QZ7-g4WhEiQTA/preview;13709
ZUN-000074;Z8111031;ŁOŻYSKO KULKOWE R4 2Z;;R4 2Z (ø6,3/ø16/5mm);ø1,6x0,5;81110;YATO;Czesci_zamienne_81110.pdf;matched_manifest;https://drive.google.com/file/d/18qdLxx3FgPmtcSzF_w5QZ7-g4WhEiQTA/preview;13711
ZUN-000495;Z8111404;O-RING;;ø4/ø8/ø2mm;ø0,8x0,2;81114;;;candidate_from_index;;13721
ZUN-000484;Z8111406;O-RING;;ø3,5/ø6,3/ø1,4mm;ø0,63x0,14;81114;;;candidate_from_index;;13723
ZUN-000504;Z8111408;O-RING;;ø9,2/ø12,1/ø1,5mm;ø1,21x0,15;81114;;;candidate_from_index;;13725
ZUN-000038;Z8111421;ŁOŻYSKO KULKOWE 6200 2Z;;6200 2Z;ø3x0,9;81114;;;candidate_from_index;;13729
ZUN-000162;Z8111429;KLIN CZÓŁENKOWY;;3/5/12mm;0,3x0,5x1,2;81114;;;candidate_from_index;;13737
ZUN-000040;Z8111445;ŁOŻYSKO KULKOWE 6201 2Z;;6201 2Z;ø3,2x1;81114;;;candidate_from_index;;13742
ZUN-000494;Z8111451;O-RING;;ø4,5/ø8,2/ø1,8mm;ø0,82x0,18;81114;;;candidate_from_index;;13746
ZUN-000491;Z8111705;O-RING;;ø3,4/ø7/ø1,8mm;ø0,7x0,18;81117;;;candidate_from_index;;13747
ZUN-000506;Z8111708;O-RING;;ø8/ø12/ø2mm;ø1,2x0,2;81117;;;candidate_from_index;;13750
ZUN-000005;Z8111711;ŁOŻYSKO KULKOWE 608 2Z;;608 2Z;ø2,2x0,7;81117;;;candidate_from_index;;13752
ZUN-000238;Z8111719;ŁOPATKA WIRNIKA sztuki;;2/8,5/38mm;0,2x0,9x3,8;81117;;;candidate_from_index;;13760
ZUN-000666;Z8111720;TRZPIEŃ sprężysty;stal;;ø0,15x0,6;81117;;;candidate_from_index;;13761
ZUN-000012;Z8111722;ŁOŻYSKO KULKOWE 626 2Z;;626 2Z;ø1,9x0,6;81117;;;candidate_from_index;;13763
ZUN-000491;Z8111808;O-RING;;ø3,4/ø7/ø1,8mm;ø0,7x0,18;81118;;;candidate_from_index;;13769
ZUN-000506;Z8111810;O-RING;;ø8/ø12/ø2mm;ø1,2x0,2;81118;;;candidate_from_index;;13771
ZUN-000012;Z8111812;ŁOŻYSKO KULKOWE 626 2Z;;626 2Z;ø1,9x0,6;81118;;;candidate_from_index;;13772
ZUN-000666;Z8111814;TRZPIEŃ sprężysty;stal;;ø0,15x0,6;81118;;;candidate_from_index;;13774
ZUN-000142;Z8111816;ŁOPATKA WIRNIKA;tworzywo;1,79/8,42/38mm;0,2x0,8x3,8;81118;;;candidate_from_index;;13776
ZUN-000005;Z8111819;ŁOŻYSKO KULKOWE 608 2Z;;608 2Z;ø2,2x0,7;81118;;;candidate_from_index;;13779
ZUN-000491;Z8111902;O-RING;;ø3,4/ø7/ø1,8mm;ø0,7x0,18;81119;;;candidate_from_index;;13789
ZUN-000142;Z8111912;ŁOPATKA WIRNIKA (4szt-);;1,8/8,6/38mm szt.;0,8x0,8x3,8;81119;;;candidate_from_index;;13795
ZUN-000005;Z8111917;ŁOŻYSKO KULKOWE 608 2Z;;608 2Z;ø2,2x0,7;81119;;;candidate_from_index;;13800
ZUN-000489;Z81122-04;O-RING;;ø3,9/ø7,5/ø1,8mm;ø0,75x0,18;81122;;;candidate_from_index;;13827
ZUN-000507;Z81122-08;O-RING;;ø9,7/ø13,1/ø1,7mm;ø1,31x0,17;81122;;;candidate_from_index;;13829
ZUN-000012;Z81122-16;ŁOŻYSKO KULKOWE 626 2Z;;626 2Z;ø1,9x0,6;81122;;;candidate_from_index;;13836
ZUN-000238;Z81122-19;ŁOPATKA WIRNIKA szt.;;2/8,5/38mm;0,2x0,9x3,8;81122;;;candidate_from_index;;13839
ZUN-000040;Z81122-27;ŁOŻYSKO KULKOWE 6201 2Z;;6201 2Z;ø3,2x1;81122;;;candidate_from_index;;13848
ZUN-000729;Z8113307;SPRĘŻYNA;stal;;3,4x4,3x4,8;81133;;;candidate_from_index;;13851
ZUN-000489;Z8161708;O-RING;;ø3,9/ø7,5/ø1,8mm;ø0,75x0,18;81617;YATO;Czesci_zamienne_81617.pdf;matched_manifest;https://drive.google.com/file/d/1MEZUEU2CFiEwbUEkbJiOridfTQTUFZTt/preview;13949
ZUN-000485;Z8161710;O-RING;;ø2,9/ø6,5/ø1,8mm;ø0,65x0,18;81617;YATO;Czesci_zamienne_81617.pdf;matched_manifest;https://drive.google.com/file/d/1MEZUEU2CFiEwbUEkbJiOridfTQTUFZTt/preview;13950
ZUN-000485;Z8161810;O-RING;;ø2,9/ø6,5/ø1,8mm;ø0,65x0,18;81618;YATO;Czesci_zamienne_81618.pdf;matched_manifest;https://drive.google.com/file/d/1qYYmz2xhBHVQ-DHJ41AlkbZpSrplSf7y/preview;13963
ZUN-000545;Z82541-03;WŁĄCZNIK;;RS606 16(4)A 250V LECI // XIONGDA;1,36x3,05x3,65;82541;YATO;Czesci_zamienne_82541.pdf;matched_manifest;https://drive.google.com/file/d/1zfWx0MJ3xCsAuZQQc3I_QwkigdGidDOY/preview;13999
ZUN-000545;Z82542-03;WŁĄCZNIK;;RS606 16(4)A 250V LECI // XIONGDA;1,36x3,05x3,65;82542;YATO;Czesci_zamienne_82542.pdf;matched_manifest;https://drive.google.com/file/d/1Y8O7FxXgloQ_1KWT4eyBKX34YlB_CxL6/preview;14006
ZUN-000547;Z82543-04;PRZEŁĄCZNIK;;RS606 16(4)A 250V LECI // XIONGDA;1,36x3,05x3,65;82543;YATO;Czesci_zamienne_82543.pdf;matched_manifest;https://drive.google.com/file/d/1kzbRsvmMJfxv9qw4T0plqbl5YcKFyW-v/preview;14013
ZUN-000699;Z82543-14;MOSTEK PROSTOWNICZY;aluminium;KBPC3510;2,2x2,8x2,8;82543;YATO;Czesci_zamienne_82543.pdf;matched_manifest;https://drive.google.com/file/d/1kzbRsvmMJfxv9qw4T0plqbl5YcKFyW-v/preview;14016
ZUN-000547;Z82544-04;PRZEŁĄCZNIK;;RS606 16(4)A 250V LECI // XIONGDA;1,36x3,05x3,65;82544;YATO;Czesci_zamienne_82544.pdf;matched_manifest;https://drive.google.com/file/d/1pboO_FgVimfUro1pNIDXi42wMEBI24up/preview;14021
ZUN-000699;Z82544-14;MOSTEK PROSTOWNICZY;aluminium;KBPC3510;2,2x2,8x2,8;82544;YATO;Czesci_zamienne_82544.pdf;matched_manifest;https://drive.google.com/file/d/1pboO_FgVimfUro1pNIDXi42wMEBI24up/preview;14024
ZUN-000545;Z8255003;WŁĄCZNIK;;RS606 16(4)A 250V LECI // XIONGDA;1,36x3,05x3,65;82550;YATO;Czesci_zamienne_82550.pdf;matched_manifest;https://drive.google.com/file/d/1xsh5WileFORPsM4QWVT5rX5uLCAVCACP/preview;14029
ZUN-000545;Z8255103;WŁĄCZNIK;;RS606 16(4)A 250V LECI // XIONGDA;1,36x3,05x3,65;82551;;;candidate_from_index;;14038
ZUN-000547;Z8255204;PRZEŁĄCZNIK;;RS606 16(4)A 250V LECI // XIONGDA;1,36x3,05x3,65;82552;;;candidate_from_index;;14049
ZUN-000699;Z8255214;MOSTEK PROSTOWNICZY;aluminium;KBPC3510;2,2x2,8x2,8;82552;;;candidate_from_index;;14052
ZUN-000547;Z8255304;PRZEŁĄCZNIK;;RS606 16(4)A 250V LECI // XIONGDA;1,36x3,05x3,65;YT-82553;YATO;Czesci_zamienne_YT-82553.pdf;matched_manifest;https://drive.google.com/file/d/1qq4HdFemgKQ5-wLQDT89K7G0MFZQh34R/preview;14060
ZUN-000699;Z8255314;MOSTEK PROSTOWNICZY;aluminium;KBPC3510;2,2x2,8x2,8;YT-82553;YATO;Czesci_zamienne_YT-82553.pdf;matched_manifest;https://drive.google.com/file/d/1qq4HdFemgKQ5-wLQDT89K7G0MFZQh34R/preview;14064
ZUN-000037;Z8294204;ŁOŻYSKO KULKOWE 6005 2RS;stal;6005 2RS;ø4,7x1,2;82942;YATO;Czesci_zamienne_82942.pdf;matched_manifest;https://drive.google.com/file/d/1MU9WFhZb43-Pqw6WcA9F_wxG_kbzc2al/preview;14091
ZUN-000005;Z8294213;ŁOŻYSKO KULKOWE 608 2Z;stal;608 2Z;ø2,2x0,7;82942;YATO;Czesci_zamienne_82942.pdf;matched_manifest;https://drive.google.com/file/d/1MU9WFhZb43-Pqw6WcA9F_wxG_kbzc2al/preview;14094
ZUN-000005;Z8294228;ŁOŻYSKO KULKOWE 608 2Z;stal;608 2Z;ø2,2x0,7;82942;YATO;Czesci_zamienne_82942.pdf;matched_manifest;https://drive.google.com/file/d/1MU9WFhZb43-Pqw6WcA9F_wxG_kbzc2al/preview;14100
ZUN-000588;Z89600112;RURA ELASTYCZNA;;;ø10x33;89600;;;candidate_from_index;;14219
ZUN-000078;Z8960017;ŁOŻYSKO KULKOWE 6202 bez osłon;;6202 bez osłon;ø3,5x1,1;89600;;;candidate_from_index;;14221
ZUN-000619;Z8960024;PIERŚCIEŃ TŁOKA;stal;a-38,3mm/b-41,5mm/1,5mm;ø4,1x0,15;89600;;;candidate_from_index;;14225
ZUN-000657;Z8960025;TRZPIEŃ TŁOKA sworzeń;stal;ø7,5/ø11/33,3mm / tłok ø4x4;ø1,1x3,3;89600;;;candidate_from_index;;14226
ZUN-000129;Z8960026;PIERŚCIEŃ ZABEZPIECZAJĄCY;stal;b-12,3mm/ c-1,2mm;0,1x1,1x1,3;89600;;;candidate_from_index;;14227
ZUN-000122;Z8960027;ŁOŻYSKO IGIEŁKOWE bez osłony;;ø11,1/ø14,8/12,2mm bez osłon;ø1,5x1,2;89600;;;candidate_from_index;;14228
ZUN-000589;Z8960042;ŚWIECA ZAPŁONOWA;stal/porcelana;4106J TORCH//4106J CDK//4106J Vicita;2x2,3x6,8;89600;;;candidate_from_index;;14233
ZUN-000619;Z8960124;PIERŚCIEŃ TŁOKA;stal;a-38,3mm/b-41,5mm/1,5mm;ø4,1x0,15;89601;;;candidate_from_index;;14251
ZUN-000589;Z8960142;ŚWIECA ZAPŁONOWA;stal/porcelana;4106J TORCH//4106J CDK//4106J Vicita;2x2,3x6,8;89601;;;candidate_from_index;;14259
ZUN-000047;ZG03021-076;ŁOŻYSKO KULKOWE 6204 2RS;;6204 2RS;ø4,7x1,4;YG-03021;YATO GASTRO;Czesci_zamienne_YG-03021.pdf;matched_manifest;https://drive.google.com/file/d/1H-gTJMBC7lXDDkqixecPkOYYP5cOwpfu/preview;14487
ZUN-000043;ZG03100-18;ŁOŻYSKO KULKOWE 6202 2RS;;6202 2RS;ø3,5x1,1;YG-03100;YATO GASTRO;Czesci_zamienne_YG-03100.pdf;matched_manifest;https://drive.google.com/file/d/1vRlMbx4EzZABAznWqY8U4IPJkNfbeDEx/preview;14701
ZUN-000035;ZG03110-09;ŁOŻYSKO KULKOWE 6003 2RS;;6003 2RS;ø3,5x1;YG-03110;YATO GASTRO;Czesci_zamienne_YG-03110.pdf;matched_manifest;https://drive.google.com/file/d/1Mu0J7afZaCsMue-8L2FEWPGJ-aRJthzW/preview;14720
ZUN-000585;ZG03110-28;WŁĄCZNIK z samo podtrzymaniem;tworzywo/met;DKLD DZ-6 EN 61058-1 T85 16(15) 250V 5E4;2,95x5,33x6,05;YG-03110;YATO GASTRO;Czesci_zamienne_YG-03110.pdf;matched_manifest;https://drive.google.com/file/d/1Mu0J7afZaCsMue-8L2FEWPGJ-aRJthzW/preview;14729
ZUN-000585;ZG03118-28;WŁĄCZNIK z samo podtrzymaniem;tworzywo/met;DKLD DZ-6 EN 61058-1 T85 16(15) 250V 5E4;2,95x5,33x6,05;YG-03118;YATO GASTRO;Czesci_zamienne_YG-03118.pdf;matched_manifest;https://drive.google.com/file/d/16ZKShR7DFvrMhfk8vAWY2vLjYhkO7Kxy/preview;14776
ZUN-000585;ZG03120-28;WŁĄCZNIK z samo podtrzymaniem;tworzywo/met;DKLD DZ-6 EN 61058-1 T85 16(15) 250V 5E4;2,95x5,33x6,05;YG-03120;YATO GASTRO;Czesci_zamienne_YG-03120.pdf;matched_manifest;https://drive.google.com/file/d/1QsSdZWU-Efah03borBdNeFvYdm454TOZ/preview;14785
ZUN-000585;ZG03130-28;WŁĄCZNIK z samo podtrzymaniem;tworzywo/met;DKLD DZ-6 EN 61058-1 T85 16(15) 250V 5E4;2,95x5,33x6,05;YG-03130;YATO GASTRO;Czesci_zamienne_YG-03130.pdf;matched_manifest;https://drive.google.com/file/d/1QrqnLXGcEVVyg92Z2pAJr6e6JB3nWNzJ/preview;14795
ZUN-000251;ZG03215-B10;KLIN;;;0,3x0,3x1,2;YG-03215;YATO GASTRO;Czesci_zamienne_YG-03215.pdf;matched_manifest;https://drive.google.com/file/d/1PU37ufjdQW4-tchiH4b_ddx9QBDzN7kp/preview;14843
ZUN-000216;ZG0509049;WŁĄCZNIK OBROTU PÓŁEK;tworzywo/stal/?;RK2-16 6(4)A 250V T100/55 SOKEN;1,5x2,1x2,6;YG-05090;YATO GASTRO;Czesci_zamienne_YG-05090.pdf;matched_manifest;https://drive.google.com/file/d/1YbL2bCI5HPfzrWbTjl9_qP_sWTNnx2yd/preview;15810
ZUN-000663;ZL_LC1P90F-1-I04;TRZPIEŃ TŁOKA;;;;;;;unknown;;17138
ZUN-000040;ZS7991310;ŁOŻYSKO KULKOWE 6201 2Z;;6201 2Z;ø3,2x1;;;;unknown;;17320
ZUN-000540;ZY07057-09;O-RING 40x2,65;;ø40/ø45/ø2,5mm;ø4,5x0,25;YT-07057;YATO;Czesci_zamienne_YT-07057.pdf;matched_manifest;https://drive.google.com/file/d/1qW7yyJBZY0kt9A8zN2mup0bptNshcUnC/preview;17425
ZUN-000257;ZY0706732;KULKA STALOWA;;ø6mm;ø0,6;YT-07067;YATO;Czesci_zamienne_YT-07067.pdf;matched_manifest;https://drive.google.com/file/d/1pB9oYDWxg1vzglBeT1mmAzQ8s_-69arh/preview;17475
ZUN-000522;ZY0706736;O-RING;;ø19,5/ø24,3/ø2,4mm;ø2,43x0,24;YT-07067;YATO;Czesci_zamienne_YT-07067.pdf;matched_manifest;https://drive.google.com/file/d/1pB9oYDWxg1vzglBeT1mmAzQ8s_-69arh/preview;17479
ZUN-000540;ZY0706761;O-RING;;ø40/ø45/ø2,5mm;ø4,5x0,25;YT-07067;YATO;Czesci_zamienne_YT-07067.pdf;matched_manifest;https://drive.google.com/file/d/1pB9oYDWxg1vzglBeT1mmAzQ8s_-69arh/preview;17501
ZUN-000540;ZY0706763;O-RING;;ø40/ø45/ø2,5mm;ø4,5x0,25;YT-07067;YATO;Czesci_zamienne_YT-07067.pdf;matched_manifest;https://drive.google.com/file/d/1pB9oYDWxg1vzglBeT1mmAzQ8s_-69arh/preview;17503
ZUN-000257;ZY07068-32;KULKA STALOWA;;ø6mm;ø0,6;YT-07068;YATO;Czesci_zamienne_YT-07068.pdf;matched_manifest;https://drive.google.com/file/d/1hT4Mph_hCgu_bJcRGjB-HIasIPlNPlaK/preview;17532
ZUN-000540;ZY07068-63;O-RING 45,3*2,65;;ø40/ø45/ø2,5mm;ø4,5x0,25;YT-07068;YATO;Czesci_zamienne_YT-07068.pdf;matched_manifest;https://drive.google.com/file/d/1hT4Mph_hCgu_bJcRGjB-HIasIPlNPlaK/preview;17553
ZUN-000257;ZY07069-32;KULKA STALOWA;;;ø0,6;YT-07069;YATO;Czesci_zamienne_YT-07069.pdf;matched_manifest;https://drive.google.com/file/d/10obSeu9r60nnPFQHZ053-5V8c5j-yZRe/preview;17575
ZUN-000540;ZY07069-61;O-RING;;;ø4,5x0,25;YT-07069;YATO;Czesci_zamienne_YT-07069.pdf;matched_manifest;https://drive.google.com/file/d/10obSeu9r60nnPFQHZ053-5V8c5j-yZRe/preview;17595
ZUN-000540;ZY07069-63;O-RING;;;ø4,5x0,25;YT-07069;YATO;Czesci_zamienne_YT-07069.pdf;matched_manifest;https://drive.google.com/file/d/10obSeu9r60nnPFQHZ053-5V8c5j-yZRe/preview;17596
ZUN-000514;ZY07190-24;O-RING;;ø11,2/ø15/ø1,9mm;ø1,5x0,19;YT-07190;YATO;Czesci_zamienne_YT-07190.pdf;matched_manifest;https://drive.google.com/file/d/1U_4HaTKdLuzuq4DwPAZhijwUUR_XNZhV/preview;17615
ZUN-000310;ZY07511-1A;"ZESTAW NAPRAWCZY 1/4""";;;2,1x2,4x2,8;;;;unknown;;17667
ZUN-000373;ZY07601-1A;ZESTAW NAPRAWCZY 1/2″drobna zębatka;stal;;3,2x4,2x4,6;;;;unknown;;17693
ZUN-000373A;ZY07601-1A;ZESTAW NAPRAWCZY 1/2″gruba zębatka;stal;;3,2x4,2x4,6;;;;unknown;;17694
ZUN-000373;ZY07605-1A;ZESTAW NAPRAWCZY 1/2″drobna zębatka;stal;;3,2x4,2x4,6;;;;unknown;;17695
ZUN-000373;ZY07611-1A;ZESTAW NAPRAWCZY 1/2″drobna zębatka;;;3,2x4,2x4,6;;;;unknown;;17706
ZUN-000373A;ZY07611-1A;ZESTAW NAPRAWCZY 1/2″gruba zębatka;;;3,2x4,2x4,6;;;;unknown;;17707
ZUN-000373;ZY07612-1A;ZESTAW NAPRAWCZY 1/2″drobna zębatka;;;3,2x4,2x4,6;;;;unknown;;17708
ZUN-000310;ZY07720-1A;"ZESTAW NAPRAWCZY 1/4""";;;2,1x2,4x2,8;;;;unknown;;17717
ZUN-000310;ZY07721-1A;"ZESTAW NAPRAWCZY 1/4""";;;2,1x2,4x2,8;;;;unknown;;17718
ZUN-000311;ZY07722-1A;"ZESTAW NAPRAWCZY 1/4""";;;ø2,7x2,6;;;;unknown;;17719
ZUN-000311;ZY07723-1A;"ZESTAW NAPRAWCZY 1/4""";;;ø2,7x2,6;;;;unknown;;17720
ZUN-000312;ZY07730-1A;"ZESTAW NAPRAWCZY 3/8""";;;ø2,7x2,9;;;;unknown;;17721
ZUN-000312;ZY07731-1A;"ZESTAW NAPRAWCZY 3/8""";;;ø2,7x2,9;;;;unknown;;17722
ZUN-000312;ZY07732-1A;"ZESTAW NAPRAWCZY 3/8""";;;ø2,7x2,9;;;;unknown;;17723
ZUN-000312;ZY07733-1A;"ZESTAW NAPRAWCZY 3/8""";;;ø2,7x2,9;;;;unknown;;17724
ZUN-000313;ZY07740-1A;"ZESTAW NAPRAWCZY 1/2""";;;ø2,7x3,5;;;;unknown;;17725
ZUN-000313;ZY07741-1A;"ZESTAW NAPRAWCZY 1/2""";;;ø2,7x3,5;;;;unknown;;17726
ZUN-000313;ZY07742-1A;"ZESTAW NAPRAWCZY 1/2""";;;ø2,7x3,5;;;;unknown;;17727
ZUN-000313;ZY07743-1A;"ZESTAW NAPRAWCZY 1/2""";;;ø2,7x3,5;;;;unknown;;17728
ZUN-000313;ZY07744-1A;"ZESTAW NAPRAWCZY 1/2""";;;ø2,7x3,5;;;;unknown;;17729
ZUN-000314;ZY07752-1A;"ZESTAW NAPRAWCZY 3/4""";;;ø4,1x6,1;;;;unknown;;17731
ZUN-000314;ZY07753-1A;"ZESTAW NAPRAWCZY 3/4""";;;ø4,1x6,1;;;;unknown;;17732
ZUN-000315;ZY07762-1A;"ZESTAW NAPRAWCZY 1""";;;ø5,4x7,7;;;;unknown;;17735
ZUN-000299;ZY0850701;AKUMULATOR;;3,7V 2200mAh Li-jon 8,14Wh NW.40,008 HP 18650;1,8x2,2x7;;;;unknown;;17780
ZUN-000299;ZY0850801;AKUMULATOR;;3,7V 2200mAh Li-jon 8,14Wh NW.40,008 HP 18650;1,8x2,2x7;;;;unknown;;17783
ZUN-000374;ZY08518-09;AKUMULATOR z zabezpieczeniem;;3,6V 2600mAh 9,36Wh/ 3,7V 2600mA 9,62Wh Li-jon;1,8x2,2x7;YT-08518;YATO;Czesci_zamienne_YT-08518.pdf;matched_manifest;https://drive.google.com/file/d/1HEgtJrL9cx27zSc4vg6tcCn0_NPMvNAq/preview;17793
ZUN-000319;ZY08519-21;AKUMULATOR;;3.7V 2600mAh;1,8x2,2x7;;;;unknown;;17798
ZUN-000299;ZY08563-01;AKUMULATOR;;3,7V 2200mAh Li-jon 8,14Wh NW.40,008 HP 18650;1,8x2,2x7;;;;unknown;;17808
ZUN-000153;ZY09000001;ZAMEK Z KLUCZAMI;;2klucze kwadrat 6/6mm przękręca o 180°;2,3x2,8x6;YG-09000;YATO GASTRO;Czesci_zamienne_YG-09000.pdf;matched_manifest;https://drive.google.com/file/d/14TTnJtWUDY2Hae7y2h__JduEWMI3gfhC/preview;17813
ZUN-000153;ZY09003001;ZAMEK Z KLUCZAMI;;2klucze kwadrat 6/6mm przękręca o 180°;2,3x2,8x6;YG-09003;YATO GASTRO;Czesci_zamienne_YG-09003.pdf;matched_manifest;https://drive.google.com/file/d/1u0cE0T7InjmAlQ7E58kfqcBiMO6nxBmg/preview;17820
ZUN-000513;ZY092046;O-RING;;ø11,2/ø14,8/ø1,8mm;ø1,48x0,18;YT-09204;YATO;Czesci_zamienne_YT-09204.pdf;matched_manifest;https://drive.google.com/file/d/1gltMdN-GhdoXBnn5ra69x96CsUv2vGvt/preview;17876
ZUN-000539;ZY09201-23;O-RING 34X3.5;;ø34/ø41/ø3,5mm;ø4,1x0,35;YT-09201;YATO;Czesci_zamienne_YT-09201.pdf;matched_manifest;https://drive.google.com/file/d/1MGU3bV_ywL95uFO2ICknX4B52EFNmwEB/preview;17917
ZUN-000513;ZY09201-31;O-RING 11.2X1.9;;ø11,2/ø14,8/ø1,8mm;ø1,48x0,18;YT-09201;YATO;Czesci_zamienne_YT-09201.pdf;matched_manifest;https://drive.google.com/file/d/1MGU3bV_ywL95uFO2ICknX4B52EFNmwEB/preview;17926
ZUN-000502;ZY09202-05;O-RING 7,8x1,9;;ø7,7/ø11,5/ø1,9mm;ø1,15x0,19;YT-09202;YATO;Czesci_zamienne_YT-09202.pdf;matched_manifest;https://drive.google.com/file/d/1gkYzL86GBVHUDjnxPI8bEns5mhfAhJus/preview;17934
ZUN-000516;ZY09202-08;O-RING 13.6X2.4;;ø13,6/ø18,4/ø2,4mm;ø1,84x0,24;YT-09202;YATO;Czesci_zamienne_YT-09202.pdf;matched_manifest;https://drive.google.com/file/d/1gkYzL86GBVHUDjnxPI8bEns5mhfAhJus/preview;17936
ZUN-000540;ZY09202-15;O-RING 40.3X2.5;;ø40/ø45/ø2,5mm;ø4,5x0,25;YT-09202;YATO;Czesci_zamienne_YT-09202.pdf;matched_manifest;https://drive.google.com/file/d/1gkYzL86GBVHUDjnxPI8bEns5mhfAhJus/preview;17942
ZUN-000539;ZY09202-24;O-RING 1.2X1.9;;ø34/ø41/ø3,5mm;ø4,1x0,35;YT-09202;YATO;Czesci_zamienne_YT-09202.pdf;matched_manifest;https://drive.google.com/file/d/1gkYzL86GBVHUDjnxPI8bEns5mhfAhJus/preview;17952
ZUN-000482;ZY09202-45;O-RING 2.2X1.5;;ø2,2/ø5,2/ø1,5mm;ø0,52x0,15;YT-09202;YATO;Czesci_zamienne_YT-09202.pdf;matched_manifest;https://drive.google.com/file/d/1gkYzL86GBVHUDjnxPI8bEns5mhfAhJus/preview;17968
ZUN-000513;ZY09202-48;O-RING 11.2X1.9;;ø11,2/ø14,8/ø1,8mm;ø1,48x0,18;YT-09202;YATO;Czesci_zamienne_YT-09202.pdf;matched_manifest;https://drive.google.com/file/d/1gkYzL86GBVHUDjnxPI8bEns5mhfAhJus/preview;17971
ZUN-000516;ZY09203-08;O-RING 13.6X2.4;;ø13,6/ø18,4/ø2,4mm;ø1,84x0,24;YT-09203;YATO;Czesci_zamienne_YT-09203.pdf;matched_manifest;https://drive.google.com/file/d/1AI7bjtU9bNNXZZCVsR8DwBVLthD4fMEA/preview;17979
ZUN-000539;ZY09203-35;O-RING 34X3.5;;ø34/ø41/ø3,5mm;ø4,1x0,35;YT-09203;YATO;Czesci_zamienne_YT-09203.pdf;matched_manifest;https://drive.google.com/file/d/1AI7bjtU9bNNXZZCVsR8DwBVLthD4fMEA/preview;18003
ZUN-000482;ZY09203-52;O-RING 2.2X1.5;;ø2,2/ø5,2/ø1,5mm;ø0,52x0,15;YT-09203;YATO;Czesci_zamienne_YT-09203.pdf;matched_manifest;https://drive.google.com/file/d/1AI7bjtU9bNNXZZCVsR8DwBVLthD4fMEA/preview;18014
ZUN-000513;ZY09203-55;O-RING 11.2X1.9;;ø11,2/ø14,8/ø1,8mm;ø1,48x0,18;YT-09203;YATO;Czesci_zamienne_YT-09203.pdf;matched_manifest;https://drive.google.com/file/d/1AI7bjtU9bNNXZZCVsR8DwBVLthD4fMEA/preview;18017
ZUN-000482;ZY09203V2-40;O-RING 2.2X1.5;;ø2,2/ø5,2/ø1,5mm;ø0,52x0,15;YT-09203;YATO;Czesci_zamienne_YT-09203.pdf;matched_manifest;https://drive.google.com/file/d/1AI7bjtU9bNNXZZCVsR8DwBVLthD4fMEA/preview;18033
ZUN-000488;ZY09212-041;O-RING 4.2X1.6;;ø4,2/ø7,4/ø1,6mm;ø0,74x0,16;YT-09212;YATO;Czesci_zamienne_YT-09212.pdf;matched_manifest;https://drive.google.com/file/d/1e79b1_o6KJUnsn6NNxFj7dac7fw9TZpq/preview;18176
ZUN-000511;ZY09212-052;O-RING 9.8X2.4;;ø9,8/ø14,6/ø2,4mm;ø1,46x0,24;YT-09212;YATO;Czesci_zamienne_YT-09212.pdf;matched_manifest;https://drive.google.com/file/d/1e79b1_o6KJUnsn6NNxFj7dac7fw9TZpq/preview;18186
ZUN-000517;ZY09212-073;O-RING 15.2X1.9;;ø15,2/ø19/ø1,9mm;ø1,9x0,19;YT-09212;YATO;Czesci_zamienne_YT-09212.pdf;matched_manifest;https://drive.google.com/file/d/1e79b1_o6KJUnsn6NNxFj7dac7fw9TZpq/preview;18194
ZUN-000513;ZY09212-075;O-RING 11.5X2;;ø11,2/ø14,8/ø1,8mm;ø1,48x0,18;YT-09212;YATO;Czesci_zamienne_YT-09212.pdf;matched_manifest;https://drive.google.com/file/d/1e79b1_o6KJUnsn6NNxFj7dac7fw9TZpq/preview;18196
ZUN-000497;ZY09212-076;O-RING 6.8X1.9;;ø6,8/ø10,6/ø1,9mm;ø1,06x0,19;YT-09212;YATO;Czesci_zamienne_YT-09212.pdf;matched_manifest;https://drive.google.com/file/d/1e79b1_o6KJUnsn6NNxFj7dac7fw9TZpq/preview;18197
ZUN-000496;ZY09212-077;O-RING 5.8X1.9;;ø5,9/ø9,7/ø1,9mm;ø0,97x0,19;YT-09212;YATO;Czesci_zamienne_YT-09212.pdf;matched_manifest;https://drive.google.com/file/d/1e79b1_o6KJUnsn6NNxFj7dac7fw9TZpq/preview;18198
ZUN-000505;ZY09212-079;O-RING 8.5X2;;ø8,5/ø12,5/ø2mm;ø1,25x0,2;YT-09212;YATO;Czesci_zamienne_YT-09212.pdf;matched_manifest;https://drive.google.com/file/d/1e79b1_o6KJUnsn6NNxFj7dac7fw9TZpq/preview;18200
ZUN-000522;ZY09212-082;O-RING 19.8X2.4;;ø19,5/ø24,3/ø2,4mm;ø2,43x0,24;YT-09212;YATO;Czesci_zamienne_YT-09212.pdf;matched_manifest;https://drive.google.com/file/d/1e79b1_o6KJUnsn6NNxFj7dac7fw9TZpq/preview;18203
ZUN-000488;ZY09213-046;O-RING 4.2X1.6;;ø4,2/ø7,4/ø1,6mm;ø0,74x0,16;YT-09213;YATO;Czesci_zamienne_YT-09213.pdf;matched_manifest;https://drive.google.com/file/d/1KkCxNUTq9OlyloGtHUj0JD19u8qWWhAz/preview;18246
ZUN-000511;ZY09213-055;O-RING 9.8X2.4;;ø9,8/ø14,6/ø2,4mm;ø1,46x0,24;YT-09213;YATO;Czesci_zamienne_YT-09213.pdf;matched_manifest;https://drive.google.com/file/d/1KkCxNUTq9OlyloGtHUj0JD19u8qWWhAz/preview;18253
ZUN-000517;ZY09213-074;O-RING 15.2X1.9;;ø15,2/ø19/ø1,9mm;ø1,9x0,19;YT-09213;YATO;Czesci_zamienne_YT-09213.pdf;matched_manifest;https://drive.google.com/file/d/1KkCxNUTq9OlyloGtHUj0JD19u8qWWhAz/preview;18259
ZUN-000513;ZY09213-076;O-RING 11.2X1.9;;ø11,2/ø14,8/ø1,8mm;ø1,48x0,18;YT-09213;YATO;Czesci_zamienne_YT-09213.pdf;matched_manifest;https://drive.google.com/file/d/1KkCxNUTq9OlyloGtHUj0JD19u8qWWhAz/preview;18261
ZUN-000497;ZY09213-077;O-RING 6.8X1.9;;ø6,8/ø10,6/ø1,9mm;ø1,06x0,19;YT-09213;YATO;Czesci_zamienne_YT-09213.pdf;matched_manifest;https://drive.google.com/file/d/1KkCxNUTq9OlyloGtHUj0JD19u8qWWhAz/preview;18262
ZUN-000496;ZY09213-078;O-RING 5.8X1.9;;ø5,9/ø9,7/ø1,9mm;ø0,97x0,19;YT-09213;YATO;Czesci_zamienne_YT-09213.pdf;matched_manifest;https://drive.google.com/file/d/1KkCxNUTq9OlyloGtHUj0JD19u8qWWhAz/preview;18263
ZUN-000505;ZY09213-080;O-RING 8.5X2;;ø8,5/ø12,5/ø2mm;ø1,25x0,2;YT-09213;YATO;Czesci_zamienne_YT-09213.pdf;matched_manifest;https://drive.google.com/file/d/1KkCxNUTq9OlyloGtHUj0JD19u8qWWhAz/preview;18265
ZUN-000522;ZY09213-083;O-RING 19.8X2.4;;ø19,5/ø24,3/ø2,4mm;ø2,43x0,24;YT-09213;YATO;Czesci_zamienne_YT-09213.pdf;matched_manifest;https://drive.google.com/file/d/1KkCxNUTq9OlyloGtHUj0JD19u8qWWhAz/preview;18268
ZUN-000488;ZY09214-53;O-RING 4.2X1.6;;ø4,2/ø7,4/ø1,6mm;ø0,74x0,16;;;;unknown;;18316
ZUN-000511;ZY09214-55;O-RING 9.8X2.4;;ø9,8/ø14,6/ø2,4mm;ø1,46x0,24;;;;unknown;;18318
ZUN-000530;ZY09214-57;O-RING 24X2.5;;ø24/ø29/ø2,5mm;ø2,9x0,25;;;;unknown;;18320
ZUN-000517;ZY09214-74;O-RING 15.2X1.9;;ø15,2/ø19/ø1,9mm;ø1,9x0,19;;;;unknown;;18327
ZUN-000513;ZY09214-76;O-RING 11.5X2;;ø11,2/ø14,8/ø1,8mm;ø1,48x0,18;;;;unknown;;18329
ZUN-000497;ZY09214-77;O-RING 6.8X1.9;;ø6,8/ø10,6/ø1,9mm;ø1,06x0,19;;;;unknown;;18330
ZUN-000496;ZY09214-78;O-RING 5.7X2;;ø5,9/ø9,7/ø1,9mm;ø0,97x0,19;;;;unknown;;18331
ZUN-000505;ZY09214-80;O-RING 8.5X2;;ø8,5/ø12,5/ø2mm;ø1,25x0,2;;;;unknown;;18333
ZUN-000522;ZY09214-83;O-RING 19.8X2.4;;ø19,5/ø24,3/ø2,4mm;ø2,43x0,24;;;;unknown;;18336
ZUN-000508;ZY092376V2;O-RING;;ø7/ø13/ø3mm;ø1,3x0,3;;;;unknown;;18463
ZUN-000215;ZY0927089;PIERŚCIEŃ USTALAJĄCY;stal;a-5,9mm/ b-11,9mm/ c-0,9mm;ø1,19x0,1;;;;unknown;;18523
ZUN-000664;ZY0950502;TRZPIEŃ MECHANIZMU UDAROWEGO;stal;;ø0,5x4,2;;;;unknown;;18546
ZUN-000664;ZY09506-09;TRZPIEŃ MECHANIZMU UDAROWEGO;stal;;ø0,51x4,21;;;;unknown;;18570
ZUN-000252;ZY09506-25;KULKA STALOWA;stal;ø3mm;ø0,3;;;;unknown;;18577
ZUN-000079;ZY0951115;ŁOŻYSKO KULKOWE 16002 bez osłon;;16002 bez osłon;ø3,2x0,8;YT-09511;YATO;Czesci_zamienne_YT-09511.pdf;matched_manifest;https://drive.google.com/file/d/13-6UP2eqHhWxfjD53JCffAxChCDSDW12/preview;18622
ZUN-000090;ZY0951122;ŁOŻYSKO KULKOWE 6001 1RS;;6001 1RS;ø2,8x0,8;YT-09511;YATO;Czesci_zamienne_YT-09511.pdf;matched_manifest;https://drive.google.com/file/d/13-6UP2eqHhWxfjD53JCffAxChCDSDW12/preview;18627
ZUN-000609;ZY0951124;PIERŚCIEŃ USTALAJĄCY;stal;a-9,7mm/ b-19,9mm/ c-1,2mm;0,1x1,7x2;YT-09511;YATO;Czesci_zamienne_YT-09511.pdf;matched_manifest;https://drive.google.com/file/d/13-6UP2eqHhWxfjD53JCffAxChCDSDW12/preview;18629
ZUN-000252;ZY0951230;KULKA STALOWA;;ø3mm;ø0,3;;;;unknown;;18660
ZUN-000664;ZY0951309;TRZPIEŃ MECHANIZMU UDAROWEGO;stal;;ø0,49x4,2;YT-09513;YATO;Czesci_zamienne_YT-09513.pdf;matched_manifest;https://drive.google.com/file/d/1VMH9ZrhE064vAXKDh1sXb98YDxwyOQsM/preview;18668
ZUN-000252;ZY0951332;KULKA STALOWA;;ø3mm;ø0,3;YT-09513;YATO;Czesci_zamienne_YT-09513.pdf;matched_manifest;https://drive.google.com/file/d/1VMH9ZrhE064vAXKDh1sXb98YDxwyOQsM/preview;18686
ZUN-000509;ZY09514-32;O-RING;;ø10,3/ø13,7/ø1,7mm;ø1,37x0,17;;;;unknown;;18704
ZUN-000252;ZY09514-35;KULKA STALOWA;;ø3mm;ø0,3;;;;unknown;;18707
ZUN-000731;ZY09515-11;ŁOŻYSKO R8;;;;YT-09515;YATO;Czesci_zamienne_YT-09515.pdf;matched_manifest;https://drive.google.com/file/d/1z73sq3ClBTY1J0BzdfckoOG02ADH3I7u/preview;18715
ZUN-000730;ZY09515-18;ŁOŻYSKO KULKOWE R6;;;;YT-09515;YATO;Czesci_zamienne_YT-09515.pdf;matched_manifest;https://drive.google.com/file/d/1z73sq3ClBTY1J0BzdfckoOG02ADH3I7u/preview;18722
ZUN-000253;ZY095213;KULKA STALOWA;;ø3,5mm;ø0,35;;;;unknown;;18742
ZUN-000030;ZY095221;ŁOŻYSKO KULKOWE 6001 2Z;;6001 2Z;ø2,8x0,8;;;;unknown;;18748
ZUN-000483;ZY0952421;O-RING;;ø3,2/ø5/ø0,9mm;ø0,5x0,09;;;;unknown;;18780
ZUN-000609;ZY0952431;PIERŚCIEŃ USTALAJĄCY;stal;a-9,7mm/ b-19,9mm/ c-1,2mm;0,1x1,7x2;;;;unknown;;18792
ZUN-000091;ZY0952432;ŁOŻYSKO KULKOWE 6001 bez osłon;;6001 bez osłon;ø2,8x0,8;;;;unknown;;18793
ZUN-000075;ZY0952442;ŁOŻYSKO KULKOWE R8 2Z;;R8 2Z ø12,7/ø28,5/8mm;ø2,85x0,8;;;;unknown;;18800
ZUN-000609;ZY0952523;PIERŚCIEŃ USTALAJĄCY;stal;a-9,7mm/ b-19,9mm/ c-1,2mm;0,1x1,7x2;YT-09525;YATO;Czesci_zamienne_YT-09525.pdf;matched_manifest;https://drive.google.com/file/d/1Kn6bjh0GQRZpzRcMqpbfxrF9zN4y2VJp/preview;18822
ZUN-000089;ZY095323;ŁOŻYSKO KULKOWE R8 1-osłona;;R8 ø12,7/ø28,5/8 SCORPIO;ø2,9x0,8;;;;unknown;;18855
ZUN-000005;ZY095331;ŁOŻYSKO KULKOWE 608 2Z;;608 2Z;ø2,2x0,7;;;;unknown;;18864
ZUN-000252;ZY09531-28;KULKA STALOWA;;ø3mm;ø0,3;;;;unknown;;18899
ZUN-000503;ZY0954004;O-RING;;ø7/ø11/ø2mm;ø1,1x0,2;YT-09540;YATO;Czesci_zamienne_YT-09540.pdf;matched_manifest;https://drive.google.com/file/d/1bLHAxl_DEDMmAwdZKiHbRrlSnhttbqg9/preview;18907
ZUN-000089;ZY0954015;ŁOŻYSKO KULKOWE R8 1-osłona;;R8 ø12,7/ø28,5/8 SCORPIO;ø2,9x0,8;YT-09540;YATO;Czesci_zamienne_YT-09540.pdf;matched_manifest;https://drive.google.com/file/d/1bLHAxl_DEDMmAwdZKiHbRrlSnhttbqg9/preview;18915
ZUN-000005;ZY0954023;ŁOŻYSKO KULKOWE 608 2Z;;608 SCORPIO;ø2,2x0,7;YT-09540;YATO;Czesci_zamienne_YT-09540.pdf;matched_manifest;https://drive.google.com/file/d/1bLHAxl_DEDMmAwdZKiHbRrlSnhttbqg9/preview;18925
ZUN-000030;ZY09544-20;ŁOŻYSKO KULKOWE 6001 2Z;;6001 2Z;ø2,8x0,8;YT-09544;YATO;Czesci_zamienne_YT-09544.pdf;matched_manifest;https://drive.google.com/file/d/1b377gFU9UfUS636ghgqBj8prav5TvE78/preview;18953
ZUN-000293;ZY09544-31;KULKA STALOWA ø2,5mm;;ø2,5mm;ø0,25;YT-09544;YATO;Czesci_zamienne_YT-09544.pdf;matched_manifest;https://drive.google.com/file/d/1b377gFU9UfUS636ghgqBj8prav5TvE78/preview;18963
ZUN-000483;ZY09545-31;O-RING;tworzywo;ø3,2/ø5/ø0,9mm;ø0,5x0,1;YT-09545;YATO;Czesci_zamienne_YT-09545.pdf;matched_manifest;https://drive.google.com/file/d/1hsdnE_xO1NR14s_gopir9d938Fubdt3_/preview;18983
ZUN-000482;ZY09546-32;O-RING;;;ø0,52x0,15;YT-09546;YATO;Czesci_zamienne_YT-09546.pdf;matched_manifest;https://drive.google.com/file/d/1dJkZTW0MylZGHwfS4e3ijRHjEQkk1rKQ/preview;19009
ZUN-000033;ZY095614;ŁOŻYSKO KULKOWE 6002 2RS;;6002 2RS;ø3,2x0,9;;;;unknown;;19025
ZUN-000032;ZY095622;ŁOŻYSKO KULKOWE 6002 2Z;;6002 2Z;ø3,2x0,9;;;;unknown;;19033
ZUN-000483;ZY09575-31;O-RING;;;ø0,5X0,09;YT-09575;YATO;Czesci_zamienne_YT-09575.pdf;matched_manifest;https://drive.google.com/file/d/1p1BWEAprGKxKp5bkduCCu0rijM0r8t10/preview;19110
ZUN-000048;ZY096015;ŁOŻYSKO KULKOWE 6205 2Z;;6205 2Z;ø5,2x1,5;;;;unknown;;19142
ZUN-000047;ZY096050;ŁOŻYSKO KULKOWE 6204 2RS;;6204 2RS;ø4,7x1,4;;;;unknown;;19165
ZUN-000076;ZY096119;ŁOŻYSKO KULKOWE R14 2Z;;R14 2Z SCORPIO;;;;;unknown;;19175
ZUN-000085;ZY096127;ŁOŻYSKO KULKOWE 6204 1-osłona;;6204 1-osłona;ø4,7x1,4;;;;unknown;;19184
ZUN-000489;ZY0961132;O-RING;;ø3,9/ø7,5/ø1,8mm;ø0,75x0,18;;;;unknown;;19208
ZUN-000625;ZY0961145;PIERŚCIEŃ USTALAJĄCY Seger zewnętrzny;stal;a-12,9mm/ b-18,5mm/ c-1mm;0,1x1,6x1,8;;;;unknown;;19218
ZUN-000254;ZY0961150;KULKA STALOWA;;ø4mm;ø0,4;;;;unknown;;19224
ZUN-000266;ZY0961155;KULKA STALOWA;;ø11mm;ø1,1;;;;unknown;;19229
ZUN-000455;ZY0961517;NAKRĘTKA SAMOKONTRUJĄCA z kołnierzem;;M8;ø1,7x1,1;YT-09615;YATO;Czesci_zamienne_YT-09615.pdf;matched_manifest;https://drive.google.com/file/d/1DvhTX62oNWQEpcl7AVLoiD1ObLAjjfDg/preview;19246
ZUN-000266;ZY0961551;KULKA STALOWA;;ø11mm;ø1,1;YT-09615;YATO;Czesci_zamienne_YT-09615.pdf;matched_manifest;https://drive.google.com/file/d/1DvhTX62oNWQEpcl7AVLoiD1ObLAjjfDg/preview;19255
ZUN-000259;ZY09620-42;KULKA STALOWA;;ø4,5mm;ø0,45;YT-09620;YATO;Czesci_zamienne_YT-09620.pdf;matched_manifest;https://drive.google.com/file/d/137fby1ZMXUGXWlfRZz4W2ZMYOdib73Vs/preview;19297
ZUN-000484;ZY0963208;O-RING;;ø3,5/ø6,3/ø1,4mm;ø0,63x0,14;;;;unknown;;19303
ZUN-000495;ZY0963209;O-RING;;ø4/ø8/ø2mm;ø0,8x0,2;;;;unknown;;19304
ZUN-000024;ZY0963226;ŁOŻYSKO KULKOWE 696 2Z;;696 2Z;ø1,5x0,5;;;;unknown;;19317
ZUN-000005;ZY0963235;ŁOŻYSKO KULKOWE 608 2Z;;608 2Z;ø2,2x0,7;;;;unknown;;19327
ZUN-000518;ZY09633-07;O-RING 18*1,5;;ø18/ø21/ø1,5mm;ø2,1x0,15;YT-09633;YATO;Czesci_zamienne_YT-09633.pdf;matched_manifest;https://drive.google.com/file/d/1KyE1fJYFezAuyc9FCIrRKNETNYUf2-D-/preview;19331
ZUN-000510;ZY09633-09;O-RING 11,2*1,8;;ø11,6/ø15/ø1,7mm;ø1,5x0,17;YT-09633;YATO;Czesci_zamienne_YT-09633.pdf;matched_manifest;https://drive.google.com/file/d/1KyE1fJYFezAuyc9FCIrRKNETNYUf2-D-/preview;19332
ZUN-000483;ZY09633-13;O-RING 3*1;;ø3,2/ø5/ø0,9mm;ø0,5x0,09;YT-09633;YATO;Czesci_zamienne_YT-09633.pdf;matched_manifest;https://drive.google.com/file/d/1KyE1fJYFezAuyc9FCIrRKNETNYUf2-D-/preview;19334
ZUN-000495;ZY09633-15;O-RING 4*2;;ø4/ø8/ø2mm;ø0,8x0,2;YT-09633;YATO;Czesci_zamienne_YT-09633.pdf;matched_manifest;https://drive.google.com/file/d/1KyE1fJYFezAuyc9FCIrRKNETNYUf2-D-/preview;19336
ZUN-000501;ZY09633-17;O-RING 8*1,8;;ø8,1/ø11,5/ø1,7mm;ø1,15x0,17;YT-09633;YATO;Czesci_zamienne_YT-09633.pdf;matched_manifest;https://drive.google.com/file/d/1KyE1fJYFezAuyc9FCIrRKNETNYUf2-D-/preview;19338
ZUN-000293;ZY09633-22;KULKA STALOWA;;ø2,5mm;ø0,25;YT-09633;YATO;Czesci_zamienne_YT-09633.pdf;matched_manifest;https://drive.google.com/file/d/1KyE1fJYFezAuyc9FCIrRKNETNYUf2-D-/preview;19341
ZUN-000236;ZY09633-23;ŁOPATKA WIRNIKA komplety 1kpl=4szt;;2/7/25,5mm;0,2x0,7x2,5;YT-09633;YATO;Czesci_zamienne_YT-09633.pdf;matched_manifest;https://drive.google.com/file/d/1KyE1fJYFezAuyc9FCIrRKNETNYUf2-D-/preview;19342
ZUN-000667;ZY09633-27;TRZPIEŃ;stal;;ø0,14x0,45;YT-09633;YATO;Czesci_zamienne_YT-09633.pdf;matched_manifest;https://drive.google.com/file/d/1KyE1fJYFezAuyc9FCIrRKNETNYUf2-D-/preview;19346
ZUN-000012;ZY096516;ŁOŻYSKO KULKOWE 626 2Z;;626 2Z;ø1,9x0,6;;;;unknown;;19368
ZUN-000301;ZY096518;KULKA STALOWA;;ø2,38mm;ø0,238;;;;unknown;;19370
ZUN-000142;ZY096519;ŁOPATKA WIRNIKA kpl;;2/8/38mm szt.;0,8x1x3,8;;;;unknown;;19371
ZUN-000028;ZY096523;ŁOŻYSKO KULKOWE 6000 2Z;;6000 2Z;ø2,6x0,8;;;;unknown;;19376
ZUN-000041;ZY096704;ŁOŻYSKO KULKOWE 6201 2RS;;6201 2RS;ø3,2x1;;;;unknown;;19386
ZUN-000162;ZY096716;KLIN CZÓŁENKOWY;;3/5/12mm;0,3x0,5x1,2;;;;unknown;;19390
ZUN-000038;ZY096717;ŁOŻYSKO KULKOWE 6200 2Z;;6200 2Z;ø3x0,9;;;;unknown;;19391
ZUN-000252;ZY096721;KULKA STALOWA;;ø3mm // zamontowane w cylindrze,Części nr 22;ø0,3;;;;unknown;;19395
ZUN-000493;ZY096732;O-RING;;ø4,6/ø8/ø1,7mm;ø0,8x0,17;;;;unknown;;19401
ZUN-000499;ZY096733;O-RING 10X1,8;;ø6,4/ø10/ø1,8mm;ø1,0x0,18;;;;unknown;;19402
ZUN-000012;ZY0967507;ŁOŻYSKO KULKOWE 626 2Z;;626 2Z;ø1,9x0,6;;;;unknown;;19415
ZUN-000042;ZY0967511;ŁOŻYSKO KULKOWE 6202 2Z;;6202 2Z;ø3,5x1,1;;;;unknown;;19418
ZUN-000162;ZY0967512;KLIN CZÓŁENKOWY;;3/5/12mm;0,3x0,5x1,2;;;;unknown;;19419
ZUN-000040;ZY0967521;ŁOŻYSKO KULKOWE 6201 2Z;;6201 2Z;ø3,2x1;;;;unknown;;19426
ZUN-000500;ZY0967539;O-RING;;ø6,2/ø10/ø1,9mm;ø1,0x0,19;;;;unknown;;19431
ZUN-000514;ZY0967541;O-RING;;ø11,2/ø15/ø1,9mm;ø1,5x0,19;;;;unknown;;19433
ZUN-000518;ZY09676-07;O-RING 18*1,5;;ø18/ø21/ø1,5mm;ø2,1x0,15;YT-09676;YATO;Czesci_zamienne_YT-09676.pdf;matched_manifest;https://drive.google.com/file/d/1BIDqzPTJyMGRfmx4uoj1rmqZz33CfWj3/preview;19437
ZUN-000513;ZY09676-09;O-RING11,2*1,8;;ø11,2/ø14,8/ø1,8mm;ø1,48x0,18;YT-09676;YATO;Czesci_zamienne_YT-09676.pdf;matched_manifest;https://drive.google.com/file/d/1BIDqzPTJyMGRfmx4uoj1rmqZz33CfWj3/preview;19438
ZUN-000483;ZY09676-13;O-RING 3*1;;ø3,2/ø5/ø0,9mm;ø0,5x0,09;YT-09676;YATO;Czesci_zamienne_YT-09676.pdf;matched_manifest;https://drive.google.com/file/d/1BIDqzPTJyMGRfmx4uoj1rmqZz33CfWj3/preview;19440
ZUN-000495;ZY09676-15;O-RING 4*2;;ø4/ø8/ø2mm;ø0,8x0,2;YT-09676;YATO;Czesci_zamienne_YT-09676.pdf;matched_manifest;https://drive.google.com/file/d/1BIDqzPTJyMGRfmx4uoj1rmqZz33CfWj3/preview;19442
ZUN-000024;ZY09676-20;ŁOŻYSKO KULKOWE 696 2Z;;696 2Z;ø1,5x0,5;YT-09676;YATO;Czesci_zamienne_YT-09676.pdf;matched_manifest;https://drive.google.com/file/d/1BIDqzPTJyMGRfmx4uoj1rmqZz33CfWj3/preview;19447
ZUN-000293;ZY09676-22;KULKA STALOWA;;ø2,5mm;ø0,25;YT-09676;YATO;Czesci_zamienne_YT-09676.pdf;matched_manifest;https://drive.google.com/file/d/1BIDqzPTJyMGRfmx4uoj1rmqZz33CfWj3/preview;19449
ZUN-000236;ZY09676-23;ŁOPATKA WIRNIKA;;2/7/25,5mm;0,2x0,7x2,5;YT-09676;YATO;Czesci_zamienne_YT-09676.pdf;matched_manifest;https://drive.google.com/file/d/1BIDqzPTJyMGRfmx4uoj1rmqZz33CfWj3/preview;19450
ZUN-000667;ZY09676-27;TRZPIEŃ;stal;;ø0,14x0,45;YT-09676;YATO;Czesci_zamienne_YT-09676.pdf;matched_manifest;https://drive.google.com/file/d/1BIDqzPTJyMGRfmx4uoj1rmqZz33CfWj3/preview;19454
ZUN-000005;ZY09676-29;ŁOŻYSKO KULKOWE 608 2Z;stal;608 2Z;ø2,2x0,7;YT-09676;YATO;Czesci_zamienne_YT-09676.pdf;matched_manifest;https://drive.google.com/file/d/1BIDqzPTJyMGRfmx4uoj1rmqZz33CfWj3/preview;19456
ZUN-000074;ZY09676-35;ŁOŻYSKO KULKOWE;;R4 2Z;ø1,6x0,5;YT-09676;YATO;Czesci_zamienne_YT-09676.pdf;matched_manifest;https://drive.google.com/file/d/1BIDqzPTJyMGRfmx4uoj1rmqZz33CfWj3/preview;19461
ZUN-000484;ZY09695-13;O-RING 3,3*1,5;tworzywo;ø3,5/ø6,3/ø1,4mm;ø0,63x0,14;;;;unknown;;19471
ZUN-000510;ZY09695-17;O-RING 10*2;tworzywo;ø10,4/ø14,2/ø1,9mm;ø1,42x0,19;;;;unknown;;19475
ZUN-000012;ZY09695-20;ŁOŻYSKO KULKOWE 626 2Z;;626 2Z;ø1,9x0,6;;;;unknown;;19478
ZUN-000293;ZY09695-22;KULKA STALOWA;;ø2,5mm;ø0,25;;;;unknown;;19480
ZUN-000237;ZY09695-23;ŁOPATKA WIRNIKA;;;0,2x0,9x3,8;;;;unknown;;19481
ZUN-000028;ZY09695-29;ŁOŻYSKO KULKOWE 6000 2Z;;6000 2Z;ø2,6x0,8;;;;unknown;;19487
ZUN-000141;ZY09695-33;UCHWYT WIERTARSKI samo zacisk;;"0,8-10mm 3/8""-24UNF";ø4x5,1;;;;unknown;;19491
ZUN-000490;ZY097007;O-RING;;ø3,6/ø7,2/ø1,8mm;ø0,72x0,18;;;;unknown;;19494
ZUN-000012;ZY097017;ŁOŻYSKO KULKOWE 626 2Z;stal;626 2Z;ø1,9x0,6;;;;unknown;;19503
ZUN-000040;ZY097028;ŁOŻYSKO KULKOWE 6201 2Z;stal;6201 2Z;ø3,2x1;;;;unknown;;19514
ZUN-000486;ZY0970202;O-RING;;ø4/ø6/ø0,9mm;ø0,6x0,09;;;;unknown;;19516
ZUN-000495;ZY0970203;O-RING;;ø4/ø8/ø2mm;ø0,8x0,2;;;;unknown;;19517
ZUN-000516;ZY0970205;O-RING;;ø13,6/ø18,4/ø2,4mm;ø1,84x0,24;;;;unknown;;19519
ZUN-000142;ZY0970221;ŁOPATKA WIRNIKA sztuki;;1,79/8,42/38mm;0,2x0,8x3,8;;;;unknown;;19530
ZUN-000040;ZY0970232;ŁOŻYSKO KULKOWE 6201 2Z;;6201 2Z;ø3,2x1;;;;unknown;;19542
ZUN-000131;ZY0970236;ŚRUBA M5 lewy gwint 23mm;stal;M5 lewy gwint 23mm;ø0,8x2,2;;;;unknown;;19545
ZUN-000527;ZY09703-14;O-RING;;ø22,6/ø26/ø1,7mm;ø2,6x0,17;;;;unknown;;19557
ZUN-000024;ZY09703-16;ŁOŻYSKO KULKOWE 696 2Z;;696 2Z;ø1,5x0,5;;;;unknown;;19559
ZUN-000142;ZY09703-19;ŁOPATKA WIRNIKA kpl 5szt;;0,2x0,8x3,8cm szt.;0,85x1x3,8;;;;unknown;;19562
ZUN-000012;ZY09703-23;ŁOŻYSKO KULKOWE 626 2Z;;626 2Z;ø1,9x0,6;;;;unknown;;19566
ZUN-000040;ZY09703-27;ŁOŻYSKO KULKOWE 6201 2Z;;6201 2Z;ø3,2x1;;;;unknown;;19570
ZUN-000493;ZY0971507;O-RING;;ø4,6/ø8/ø1,7mm;ø0,8x0,17;YT-09715;YATO;Czesci_zamienne_YT-09715.pdf;matched_manifest;https://drive.google.com/file/d/1Xf-QBmyIDCzK7lsa3gr7McNOWVivUwuC/preview;19577
ZUN-000040;ZY09716-12;ŁOŻYSKO KULKOWE 6201 2Z;stal;6201 2Z;ø3,2x1;;;;unknown;;19597
ZUN-000012;ZY09716-21;ŁOŻYSKO KULKOWE 626 2Z;;626 2Z;ø1,9x0,6;;;;unknown;;19605
ZUN-000484;ZY09717-13;O-RING;;ø3,5/ø6,3/ø1,4mm;ø0,63x0,14;;;;unknown;;19622
ZUN-000237;ZY09717-23;ŁOPATKA WIRNIKA;;;0,18x0,85x3,8;;;;unknown;;19631
ZUN-000527;ZY09730-14;O-RING;guma;ø22,6/ø26/ø1,7mm;ø2,6x0,17;YT-09730;YATO;Czesci_zamienne_YT-09730.pdf;matched_manifest;https://drive.google.com/file/d/1prqx9ZluarZqsZVa_epplLqgcAGmuut8/preview;19654
ZUN-000237;ZY09730-19;ŁOPATKA WIRNIKA komplety 1kpl=4szt;;;0,2x0,9x3,8;YT-09730;YATO;Czesci_zamienne_YT-09730.pdf;matched_manifest;https://drive.google.com/file/d/1prqx9ZluarZqsZVa_epplLqgcAGmuut8/preview;19658
ZUN-000499;ZY09738-26;O-RING 10X1,8;tworzywo;ø6,4/ø10/ø1,8mm;ø1x0,18;YT-09738;YATO;Czesci_zamienne_YT-09738.pdf;matched_manifest;https://drive.google.com/file/d/1MUFp_ZiAnwQYmJr1_RklHxVvsLtTcqQw/preview;19683
ZUN-000484;ZY09739-06;O-RING 3*1,5;;ø3,5/ø6,3/ø1,4mm;ø0,63x0,14;YT-09739;YATO;Czesci_zamienne_YT-09739.pdf;matched_manifest;https://drive.google.com/file/d/1byYx8u2bj32cVZuPefujPH-oPGgmwbKN/preview;19690
ZUN-000162;ZY09739-16;KLIN CZÓŁENKOWY;;3/5/12mm;0,3x0,5x1,2;YT-09739;YATO;Czesci_zamienne_YT-09739.pdf;matched_manifest;https://drive.google.com/file/d/1byYx8u2bj32cVZuPefujPH-oPGgmwbKN/preview;19700
ZUN-000516;ZY09739-38;O-RING 13*2,5;;ø13,6/ø18,4/ø2,4mm;ø1,84x0,24;YT-09739;YATO;Czesci_zamienne_YT-09739.pdf;matched_manifest;https://drive.google.com/file/d/1byYx8u2bj32cVZuPefujPH-oPGgmwbKN/preview;19715
ZUN-000484;ZY0974006;O-RING;;ø3,5/ø6,3/ø1,4mm;ø0,63x0,14;;;;unknown;;19723
ZUN-000507;ZY0974008;O-RING;;ø9,7/ø13,1/ø1,7mm;ø1,31x0,17;;;;unknown;;19725
ZUN-000162;ZY0974016;KLIN CZÓŁENKOWY;;3/5/12mm;0,3x0,5x1,2;;;;unknown;;19734
ZUN-000028;ZY0974028;ŁOŻYSKO KULKOWE 6000 2Z;;6000 2Z;ø2,6x0,8;;;;unknown;;19745
ZUN-000610;ZY0974030;PIERŚCIEŃ USTALAJĄCY drut;stal;a-10,7/b-12,6/c-1mm;ø1,3x0,1;;;;unknown;;19747
ZUN-000030;ZY0974031;ŁOŻYSKO KULKOWE 6001 2Z;;6001 2Z;ø2,8x0,8;;;;unknown;;19748
ZUN-000021;ZY09741003;ŁOŻYSKO KULKOWE 684 2Z;;684 2Z ø4/ø9/4mm;ø0,95x0,4;;;;unknown;;19762
ZUN-000016;ZY09741019;ŁOŻYSKO KULKOWE 628 2Z;;628 2Z;ø2,4x0,8;;;;unknown;;19779
ZUN-000003;ZY09741024;ŁOŻYSKO KULKOWE 607 2Z;;607 2Z;ø1,9x0,6;;;;unknown;;19784
ZUN-000494;ZY09741033;O-RING;;ø4,5/ø8,2/ø1,8mm;ø0,82x0,18;;;;unknown;;19794
ZUN-000024;ZY09742002F;ŁOŻYSKO KULKOWE 696 2Z;;696 2Z;ø1,5x0,5;;;;unknown;;19811
ZUN-000666;ZY09742016;TRZPIEŃ sprężysty;stal;;ø0,15x0,6;;;;unknown;;19828
ZUN-000028;ZY09742019;ŁOŻYSKO KULKOWE 6000 2Z;;6000 2Z;ø2,6x0,8;;;;unknown;;19832
ZUN-000003;ZY09742024;ŁOŻYSKO KULKOWE 607 2Z;;607 2Z;ø1,9x0,6;;;;unknown;;19837
ZUN-000494;ZY09742034;O-RING;;ø4,5/ø8,2/ø1,8mm;ø0,82x0,18;;;;unknown;;19848
ZUN-000518;ZY09795-07;O-RING 18*1,5;;ø18/ø21/ø1,5mm;ø2,1x0,15;;;;unknown;;19858
ZUN-000510;ZY09795-09;O-RING 11,2*1,8;;ø10,4/ø14,2/ø1,9mm;ø1,42x0,19;;;;unknown;;19859
ZUN-000483;ZY09795-12;O-RING 3*1;;ø3,2/ø5/ø0,9mm;ø0,5x0,09;;;;unknown;;19861
ZUN-000495;ZY09795-14;O-RING 4*2;;ø4/ø8/ø2mm;ø0,8x0,2;;;;unknown;;19863
ZUN-000293;ZY09795-21;KULKA STALOWA;;ø2,5mm;ø0,25;;;;unknown;;19869
ZUN-000236;ZY09795-22;ŁOPATKA WIRNIKA komplety 1kpl=4szt;;2/7/25,5mm;0,2x0,7x2,5;;;;unknown;;19870
ZUN-000667;ZY09795-26;TRZPIEŃ;stal;;ø0,14x0,45;;;;unknown;;19874
ZUN-000511;ZY098008;O-RING;;ø9,8/ø14,6/ø2,4mm;ø1,46x0,24;;;;unknown;;19885
ZUN-000010;ZY098010;ŁOŻYSKO KULKOWE 625 2Z;;625 2Z;ø1,6x0,5;;;;unknown;;19886
ZUN-000005;ZY098016;ŁOŻYSKO KULKOWE 608 2Z;;608 2Z;ø2,2x0,7;;;;unknown;;19892
ZUN-000257;ZY098036;KULKA STALOWA;;ø6mm;ø0,6;;;;unknown;;19908
ZUN-000509;ZY09802-09;O-RING;;ø10,3/ø13,7/ø1,7mm;ø1,37x0,17;;;;unknown;;19915
ZUN-000012;ZY09802-14;ŁOŻYSKO KULKOWE 626 2Z;;626 2Z;ø1,9x0,6;;;;unknown;;19920
ZUN-000005;ZY09802-21;ŁOŻYSKO KULKOWE 608 2Z;stal;608 2Z;ø2,2x0,7;;;;unknown;;19927
ZUN-000066;ZY09802-28;ŁOŻYSKO KULKOWE 6901 2Z;;6901 2Z ø12/ø24/6mm;ø2,4x0,6;;;;unknown;;19933
ZUN-000510;ZY09803-12;O-RING 10*2;;ø10,4/ø14,2/ø1,9mm;ø1,42x0,19;;;;unknown;;19947
ZUN-000293;ZY09803-17;KULKA STALOWA;;ø2,5mm;ø0,25;;;;unknown;;19951
ZUN-000237;ZY09803-18;ŁOPATKA WIRNIKA komplety 1kpl=4szt;;;0,2x0,9x3,8;;;;unknown;;19952
ZUN-000112;ZY098127;ŁOŻYSKO IGIEŁKOWE HK1212;;HK1212;ø1,8x1,2;;;;unknown;;19982
ZUN-000254;ZY098139;KULKA STALOWA;;ø4mm;ø0,4;;;;unknown;;19991
ZUN-000012;ZY0981V212;ŁOŻYSKO KULKOWE 626 2Z;stal;626 2Z;ø1,9x0,6;;;;unknown;;20001
ZUN-000666;ZY0981V216;TRZPIEŃ sprężysty;stal;;ø0,17x0,6;;;;unknown;;20005
ZUN-000005;ZY0981V219;ŁOŻYSKO KULKOWE 608 2Z;stal;608 2Z;ø2,2x0,7;;;;unknown;;20008
ZUN-000112;ZY0981V228;ŁOŻYSKO IGIEŁKOWE HK1212;stal;HK1212;ø1,8x1,2;;;;unknown;;20014
ZUN-000254;ZY0981V241;KULKA STALOWA;stal;ø4mm;ø0,4;;;;unknown;;20026
ZUN-000729;ZY099020;SPRĘŻYNA;stal;ø27,7mm wewn;4x4,7x5;;;;unknown;;20039
ZUN-000540;ZY09903-03;O-RING;;ø40/ø45/ø2,5mm;ø4,5x0,25;09903;VOREL;Czesci_zamienne_09903.pdf;matched_manifest;https://drive.google.com/file/d/1NPH3NzaWCBqb-tvl-iVxboUvbgtUM4VU/preview;20041
ZUN-000729;ZY09904-08;SPRĘŻYNA;stal;wewn ø27,8mm;4,5x4,8x4,8;;;;unknown;;20065
ZUN-000501;ZY099306;O-RING;;ø8,1/ø11,5/ø1,7mm;ø1,15x0,17;;;;unknown;;20125
ZUN-000012;ZY099316;ŁOŻYSKO KULKOWE 626 2Z;;626 2Z;ø1,9x0,6;;;;unknown;;20132
ZUN-000301;ZY099318;KULKA STALOWA;;ø2,38mm;ø0,238;;;;unknown;;20134
ZUN-000142;ZY099319;ŁOPATKA WIRNIKA;tworzywo;1,79/8,42/38mm;0,2x0,8x3,8;;;;unknown;;20135
ZUN-000028;ZY099323;ŁOŻYSKO KULKOWE 6000 2Z;;6000 2Z;ø2,6x0,8;;;;unknown;;20140
ZUN-000486;ZY0994402;O-RING;;ø4/ø6/ø0,9mm;ø0,6x0,09;;;;unknown;;20148
ZUN-000495;ZY0994403;O-RING;;ø4/ø8/ø2mm;ø0,8x0,2;;;;unknown;;20149
ZUN-000012;ZY0994414;ŁOŻYSKO KULKOWE 626 2Z;;626 2Z;ø1,9x0,6;;;;unknown;;20158
ZUN-000142;ZY0994417;ŁOPATKA WIRNIKA kpl-5szt;;2/8/38mm szt.;0,8x0,8x3,8;;;;unknown;;20160
ZUN-000040;ZY0994425;ŁOŻYSKO KULKOWE 6201 2Z;;6201 2Z;ø3,2x1;;;;unknown;;20168
ZUN-000075;ZY0994429;ŁOŻYSKO KULKOWE R8 2Z;;R8 2Z ø12,7/ø28,5/8mm;ø2,85x0,8;;;;unknown;;20172
ZUN-000491;ZY0994506;O-RING;;ø3,4/ø7/ø1,8mm;ø0,7x0,18;;;;unknown;;20185
ZUN-000506;ZY0994509;O-RING;;ø8/ø12/ø2mm;ø1,2x0,2;;;;unknown;;20187
ZUN-000040;ZY0994522;ŁOŻYSKO KULKOWE 6201 2Z;;6201 2Z;ø3,2x1;;;;unknown;;20193
ZUN-000075;ZY0994526;ŁOŻYSKO KULKOWE R8 2Z;;R8 2Z ø12,7/ø28,5/8mm;ø2,85x0,8;;;;unknown;;20197
ZUN-000257;ZY1700008;KULKA STALOWA;;ø6mm;ø0,6;;;;unknown;;20331
ZUN-000473;ZY1700011;OBUDOWA POMPKI;;ø11/ø19/50mm;1,9x2,1x5;;;;unknown;;20333
ZUN-000472;ZY170001A;ZESPÓŁ TŁOKA POMPY;;ø11/63mm;ø1,1x6,3;;;;unknown;;20337
ZUN-000475;ZY1700031;O-RING;;ø5,6/ø11,2/ø2,8mm;ø1,12x0,28;;;;unknown;;20342
ZUN-000252;ZY1700034;KULKA STALOWA;;ø3mm;ø0,3;;;;unknown;;20345
ZUN-000476;ZY1700036;O-RING;;ø6,6/ø11,8/ø2,6mm;ø1,18x0,26;;;;unknown;;20347
ZUN-000257;ZY1700108;KULKA STALOWA;;ø6mm;ø0,6;YT-17001;YATO;Czesci_zamienne_YT-17001.pdf;matched_manifest;https://drive.google.com/file/d/1m-TH57FZyvO8BhbUxF9MsVXnUggK9O1N/preview;20353
ZUN-000479;ZY1700110;PODKŁADKA;;ø9/ø18/0,9mm;ø1,8x0,09;YT-17001;YATO;Czesci_zamienne_YT-17001.pdf;matched_manifest;https://drive.google.com/file/d/1m-TH57FZyvO8BhbUxF9MsVXnUggK9O1N/preview;20354
ZUN-000473;ZY1700111;OBUDOWA POMPKI;;ø11/ø19/50mm;1,9x2,1x5;YT-17001;YATO;Czesci_zamienne_YT-17001.pdf;matched_manifest;https://drive.google.com/file/d/1m-TH57FZyvO8BhbUxF9MsVXnUggK9O1N/preview;20355
ZUN-000472;ZY170011A;ZESPÓŁ TŁOKA POMPY;;ø11/63mm;ø1,1x6,3;YT-17001;YATO;Czesci_zamienne_YT-17001.pdf;matched_manifest;https://drive.google.com/file/d/1m-TH57FZyvO8BhbUxF9MsVXnUggK9O1N/preview;20359
ZUN-000535;ZY1700122;O-RING;;ø28/ø35/ø3,5mm;ø3,5x0,35;YT-17001;YATO;Czesci_zamienne_YT-17001.pdf;matched_manifest;https://drive.google.com/file/d/1m-TH57FZyvO8BhbUxF9MsVXnUggK9O1N/preview;20360
ZUN-000475;ZY1700131;O-RING;;ø5,6/ø11,2/ø2,8mm;ø1,12x0,28;YT-17001;YATO;Czesci_zamienne_YT-17001.pdf;matched_manifest;https://drive.google.com/file/d/1m-TH57FZyvO8BhbUxF9MsVXnUggK9O1N/preview;20364
ZUN-000252;ZY1700134;KULKA STALOWA;;ø3mm;ø0,3;YT-17001;YATO;Czesci_zamienne_YT-17001.pdf;matched_manifest;https://drive.google.com/file/d/1m-TH57FZyvO8BhbUxF9MsVXnUggK9O1N/preview;20367
ZUN-000476;ZY1700136;O-RING;;ø6,6/ø11,8/ø2,6mm;ø1,18x0,26;YT-17001;YATO;Czesci_zamienne_YT-17001.pdf;matched_manifest;https://drive.google.com/file/d/1m-TH57FZyvO8BhbUxF9MsVXnUggK9O1N/preview;20369
ZUN-000535;ZY1700205;O-RING;;ø28/ø35/ø3,5mm;ø3,5x0,35;YT-17002;YATO;Czesci_zamienne_YT-17002.pdf;matched_manifest;https://drive.google.com/file/d/1bbrc9BpHXVDP8A5z_uP7JeXYCzafB6Ac/preview;20372
ZUN-000257;ZY1700208;KULKA STALOWA;;ø6mm;ø0,6;YT-17002;YATO;Czesci_zamienne_YT-17002.pdf;matched_manifest;https://drive.google.com/file/d/1bbrc9BpHXVDP8A5z_uP7JeXYCzafB6Ac/preview;20375
ZUN-000479;ZY1700210;PODKŁADKA;;ø9/ø18/0,9mm;ø1,8x0,09;YT-17002;YATO;Czesci_zamienne_YT-17002.pdf;matched_manifest;https://drive.google.com/file/d/1bbrc9BpHXVDP8A5z_uP7JeXYCzafB6Ac/preview;20376
ZUN-000473;ZY1700211;OBUDOWA POMPKI;;ø11/ø19/50mm;1,9x2,1x5;YT-17002;YATO;Czesci_zamienne_YT-17002.pdf;matched_manifest;https://drive.google.com/file/d/1bbrc9BpHXVDP8A5z_uP7JeXYCzafB6Ac/preview;20377
ZUN-000472;ZY170021A;ZESPÓŁ TŁOKA POMPY;;ø11/63mm;ø1,1x6,3;YT-17002;YATO;Czesci_zamienne_YT-17002.pdf;matched_manifest;https://drive.google.com/file/d/1bbrc9BpHXVDP8A5z_uP7JeXYCzafB6Ac/preview;20381
ZUN-000475;ZY1700231;O-RING;;ø5,6/ø11,2/ø2,8mm;ø1,12x0,28;YT-17002;YATO;Czesci_zamienne_YT-17002.pdf;matched_manifest;https://drive.google.com/file/d/1bbrc9BpHXVDP8A5z_uP7JeXYCzafB6Ac/preview;20386
ZUN-000252;ZY1700234;KULKA STALOWA;;ø3mm;ø0,3;YT-17002;YATO;Czesci_zamienne_YT-17002.pdf;matched_manifest;https://drive.google.com/file/d/1bbrc9BpHXVDP8A5z_uP7JeXYCzafB6Ac/preview;20389
ZUN-000476;ZY1700236;O-RING;;ø6,6/ø11,8/ø2,6mm;ø1,18x0,26;YT-17002;YATO;Czesci_zamienne_YT-17002.pdf;matched_manifest;https://drive.google.com/file/d/1bbrc9BpHXVDP8A5z_uP7JeXYCzafB6Ac/preview;20391
ZUN-000257;ZY1700308;KULKA STALOWA;;ø6mm;ø0,6;YT-17003;YATO;Czesci_zamienne_YT-17003.pdf;matched_manifest;https://drive.google.com/file/d/1eoy9zSBsdWNUw6fJErMCOBIKqgeQ36Rm/preview;20397
ZUN-000479;ZY1700310;PODKŁADKA;;ø9/ø18/0,9mm;ø1,8x0,09;YT-17003;YATO;Czesci_zamienne_YT-17003.pdf;matched_manifest;https://drive.google.com/file/d/1eoy9zSBsdWNUw6fJErMCOBIKqgeQ36Rm/preview;20398
ZUN-000473;ZY1700311;OBUDOWA POMPKI;;ø11/ø19/50mm;1,9x2,1x5;YT-17003;YATO;Czesci_zamienne_YT-17003.pdf;matched_manifest;https://drive.google.com/file/d/1eoy9zSBsdWNUw6fJErMCOBIKqgeQ36Rm/preview;20399
ZUN-000472;ZY170031A;ZESPÓŁ TŁOKA POMPY;;ø11/63mm;ø1,1x6,3;YT-17003;YATO;Czesci_zamienne_YT-17003.pdf;matched_manifest;https://drive.google.com/file/d/1eoy9zSBsdWNUw6fJErMCOBIKqgeQ36Rm/preview;20403
ZUN-000538;ZY1700322;O-RING;;ø34,3/ø41,3/ø3,5mm;ø4,13x0,35;YT-17003;YATO;Czesci_zamienne_YT-17003.pdf;matched_manifest;https://drive.google.com/file/d/1eoy9zSBsdWNUw6fJErMCOBIKqgeQ36Rm/preview;20404
ZUN-000475;ZY1700331;O-RING;;ø5,6/ø11,2/ø2,8mm;ø1,12x0,28;YT-17003;YATO;Czesci_zamienne_YT-17003.pdf;matched_manifest;https://drive.google.com/file/d/1eoy9zSBsdWNUw6fJErMCOBIKqgeQ36Rm/preview;20408
ZUN-000252;ZY1700334;KULKA STALOWA;;ø3mm;ø0,3;YT-17003;YATO;Czesci_zamienne_YT-17003.pdf;matched_manifest;https://drive.google.com/file/d/1eoy9zSBsdWNUw6fJErMCOBIKqgeQ36Rm/preview;20411
ZUN-000476;ZY1700336;O-RING;;ø6,6/ø11,8/ø2,6mm;ø1,18x0,26;YT-17003;YATO;Czesci_zamienne_YT-17003.pdf;matched_manifest;https://drive.google.com/file/d/1eoy9zSBsdWNUw6fJErMCOBIKqgeQ36Rm/preview;20413
ZUN-000538;ZY1700405;O-RING;;ø34,3/ø41,3/ø3,5mm;ø4,13x0,35;YT-17004;YATO;Czesci_zamienne_YT-17004.pdf;matched_manifest;https://drive.google.com/file/d/1FmB5bP45W4fHA1Msf-cLufiNr_t9gHRo/preview;20416
ZUN-000257;ZY1700408;KULKA STALOWA;;ø6mm;ø0,6;YT-17004;YATO;Czesci_zamienne_YT-17004.pdf;matched_manifest;https://drive.google.com/file/d/1FmB5bP45W4fHA1Msf-cLufiNr_t9gHRo/preview;20419
ZUN-000479;ZY1700410;PODKŁADKA;;ø9/ø18/0,9mm;ø1,8x0,09;YT-17004;YATO;Czesci_zamienne_YT-17004.pdf;matched_manifest;https://drive.google.com/file/d/1FmB5bP45W4fHA1Msf-cLufiNr_t9gHRo/preview;20420
ZUN-000473;ZY1700411;OBUDOWA POMPKI;;ø11/ø19/50mm;1,9x2,1x5;YT-17004;YATO;Czesci_zamienne_YT-17004.pdf;matched_manifest;https://drive.google.com/file/d/1FmB5bP45W4fHA1Msf-cLufiNr_t9gHRo/preview;20421
ZUN-000472;ZY170041A;ZESPÓŁ TŁOKA POMPY;;ø11/63mm;ø1,1x6,3;YT-17004;YATO;Czesci_zamienne_YT-17004.pdf;matched_manifest;https://drive.google.com/file/d/1FmB5bP45W4fHA1Msf-cLufiNr_t9gHRo/preview;20425
ZUN-000475;ZY1700431;O-RING;;ø5,6/ø11,2/ø2,8mm;ø1,12x0,28;YT-17004;YATO;Czesci_zamienne_YT-17004.pdf;matched_manifest;https://drive.google.com/file/d/1FmB5bP45W4fHA1Msf-cLufiNr_t9gHRo/preview;20430
ZUN-000252;ZY1700434;KULKA STALOWA;;ø3mm;ø0,3;YT-17004;YATO;Czesci_zamienne_YT-17004.pdf;matched_manifest;https://drive.google.com/file/d/1FmB5bP45W4fHA1Msf-cLufiNr_t9gHRo/preview;20433
ZUN-000476;ZY1700436;O-RING;;ø6,6/ø11,8/ø2,6mm;ø1,18x0,26;YT-17004;YATO;Czesci_zamienne_YT-17004.pdf;matched_manifest;https://drive.google.com/file/d/1FmB5bP45W4fHA1Msf-cLufiNr_t9gHRo/preview;20435
ZUN-000257;ZY1700508;KULKA STALOWA;;ø6mm;ø0,6;YT-17005;YATO;Czesci_zamienne_YT-17005.pdf;matched_manifest;https://drive.google.com/file/d/1WVaPhJQYwN6PqpWFiRcOjcvzqWUyErLJ/preview;20442
ZUN-000479;ZY1700510;PODKŁADKA;;ø9/ø18/0,9mm;ø1,8x0,09;YT-17005;YATO;Czesci_zamienne_YT-17005.pdf;matched_manifest;https://drive.google.com/file/d/1WVaPhJQYwN6PqpWFiRcOjcvzqWUyErLJ/preview;20443
ZUN-000473;ZY1700511;OBUDOWA POMPKI;;ø11/ø19/50mm;1,9x2,1x5;YT-17005;YATO;Czesci_zamienne_YT-17005.pdf;matched_manifest;https://drive.google.com/file/d/1WVaPhJQYwN6PqpWFiRcOjcvzqWUyErLJ/preview;20444
ZUN-000472;ZY170051A;ZESPÓŁ TŁOKA POMPY;;ø11/63mm;ø1,1x6,3;YT-17005;YATO;Czesci_zamienne_YT-17005.pdf;matched_manifest;https://drive.google.com/file/d/1WVaPhJQYwN6PqpWFiRcOjcvzqWUyErLJ/preview;20448
ZUN-000475;ZY1700531;O-RING;;ø5,6/ø11,2/ø2,8mm;ø1,12x0,28;YT-17005;YATO;Czesci_zamienne_YT-17005.pdf;matched_manifest;https://drive.google.com/file/d/1WVaPhJQYwN6PqpWFiRcOjcvzqWUyErLJ/preview;20453
ZUN-000252;ZY1700534;KULKA STALOWA;;ø3mm;ø0,3;YT-17005;YATO;Czesci_zamienne_YT-17005.pdf;matched_manifest;https://drive.google.com/file/d/1WVaPhJQYwN6PqpWFiRcOjcvzqWUyErLJ/preview;20456
ZUN-000476;ZY1700536;O-RING;;ø6,6/ø11,8/ø2,6mm;ø1,18x0,26;YT-17005;YATO;Czesci_zamienne_YT-17005.pdf;matched_manifest;https://drive.google.com/file/d/1WVaPhJQYwN6PqpWFiRcOjcvzqWUyErLJ/preview;20458
ZUN-000257;ZY1700608;KULKA STALOWA;;ø6mm;ø0,6;YT-17006;YATO;Czesci_zamienne_YT-17006.pdf;matched_manifest;https://drive.google.com/file/d/1N2kFc1uaAvV8DPNyBQyV0U0qVMv9lnzu/preview;20465
ZUN-000479;ZY1700610;PODKŁADKA;;ø9/ø18/0,9mm;ø1,8x0,09;YT-17006;YATO;Czesci_zamienne_YT-17006.pdf;matched_manifest;https://drive.google.com/file/d/1N2kFc1uaAvV8DPNyBQyV0U0qVMv9lnzu/preview;20466
ZUN-000473;ZY1700611;OBUDOWA POMPKI;;ø11/ø19/50mm;1,9x2,1x5;YT-17006;YATO;Czesci_zamienne_YT-17006.pdf;matched_manifest;https://drive.google.com/file/d/1N2kFc1uaAvV8DPNyBQyV0U0qVMv9lnzu/preview;20467
ZUN-000472;ZY170061A;ZESPÓŁ TŁOKA POMPY;;ø11/63mm;ø1,1x6,3;YT-17006;YATO;Czesci_zamienne_YT-17006.pdf;matched_manifest;https://drive.google.com/file/d/1N2kFc1uaAvV8DPNyBQyV0U0qVMv9lnzu/preview;20471
ZUN-000475;ZY1700631;O-RING;;ø5,6/ø11,2/ø2,8mm;ø1,12x0,28;YT-17006;YATO;Czesci_zamienne_YT-17006.pdf;matched_manifest;https://drive.google.com/file/d/1N2kFc1uaAvV8DPNyBQyV0U0qVMv9lnzu/preview;20476
ZUN-000252;ZY1700634;KULKA STALOWA;;ø3mm;ø0,3;YT-17006;YATO;Czesci_zamienne_YT-17006.pdf;matched_manifest;https://drive.google.com/file/d/1N2kFc1uaAvV8DPNyBQyV0U0qVMv9lnzu/preview;20479
ZUN-000476;ZY1700636;O-RING;;ø6,6/ø11,8/ø2,6mm;ø1,18x0,26;YT-17006;YATO;Czesci_zamienne_YT-17006.pdf;matched_manifest;https://drive.google.com/file/d/1N2kFc1uaAvV8DPNyBQyV0U0qVMv9lnzu/preview;20481
ZUN-000257;ZY1700708;KULKA STALOWA;;ø6mm;ø0,6;YT-17007;YATO;Czesci_zamienne_YT-17007.pdf;matched_manifest;https://drive.google.com/file/d/1qoHnR169Nyr-vtowcC4olCSf_c9TyMyp/preview;20487
ZUN-000479;ZY1700710;PODKŁADKA;;ø9/ø18/0,9mm;ø1,8x0,09;YT-17007;YATO;Czesci_zamienne_YT-17007.pdf;matched_manifest;https://drive.google.com/file/d/1qoHnR169Nyr-vtowcC4olCSf_c9TyMyp/preview;20488
ZUN-000473;ZY1700711;OBUDOWA POMPKI;;ø11/ø19/50mm;1,9x2,1x5;YT-17007;YATO;Czesci_zamienne_YT-17007.pdf;matched_manifest;https://drive.google.com/file/d/1qoHnR169Nyr-vtowcC4olCSf_c9TyMyp/preview;20489
ZUN-000472;ZY170071A;ZESPÓŁ TŁOKA POMPY;;ø11/63mm;ø1,1x6,3;YT-17007;YATO;Czesci_zamienne_YT-17007.pdf;matched_manifest;https://drive.google.com/file/d/1qoHnR169Nyr-vtowcC4olCSf_c9TyMyp/preview;20493
ZUN-000475;ZY1700731;O-RING;;ø5,6/ø11,2/ø2,8mm;ø1,12x0,28;YT-17007;YATO;Czesci_zamienne_YT-17007.pdf;matched_manifest;https://drive.google.com/file/d/1qoHnR169Nyr-vtowcC4olCSf_c9TyMyp/preview;20498
ZUN-000252;ZY1700734;KULKA STALOWA;;ø3mm;ø0,3;YT-17007;YATO;Czesci_zamienne_YT-17007.pdf;matched_manifest;https://drive.google.com/file/d/1qoHnR169Nyr-vtowcC4olCSf_c9TyMyp/preview;20501
ZUN-000476;ZY1700736;O-RING;;ø6,6/ø11,8/ø2,6mm;ø1,18x0,26;YT-17007;YATO;Czesci_zamienne_YT-17007.pdf;matched_manifest;https://drive.google.com/file/d/1qoHnR169Nyr-vtowcC4olCSf_c9TyMyp/preview;20503
ZUN-000252;ZY1700831;KULKA STALOWA;;ø3mm;ø0,3;YT-17008;YATO;Czesci_zamienne_YT-17008.pdf;matched_manifest;https://drive.google.com/file/d/1Xgn6djqAZm25kPdgwxylmDuJQi0NFloE/preview;20526
ZUN-000263;ZY1700910;KULKA STALOWA;;ø8mm;ø0,8;YT-17009;YATO;Czesci_zamienne_YT-17009.pdf;matched_manifest;https://drive.google.com/file/d/1e63QYnUz-VCcF7dUVeVwYiSQXlrAP7H8/preview;20543
ZUN-000255;ZY1700931;KULKA STALOWA;;ø5mm;ø0,5;YT-17009;YATO;Czesci_zamienne_YT-17009.pdf;matched_manifest;https://drive.google.com/file/d/1e63QYnUz-VCcF7dUVeVwYiSQXlrAP7H8/preview;20559
ZUN-000257;ZY170224;KULKA STALOWA;;ø6mm;ø0,6;;;;unknown;;20588
ZUN-000257;ZY170624;KULKA STALOWA;;ø6mm;ø0,6;;;;unknown;;20632
ZUN-000257;ZY170924;KULKA STALOWA;;ø6mm;ø0,6;;;;unknown;;20676
ZUN-000474;ZY1713V2-41;O-RING;;ø5,49/ø11,5/ø2,8mm;ø1,15x0,28;;;;unknown;;20767
ZUN-000257;ZY1713V2-42;KULKA STALOWA;;ø6mm;ø0,6;;;;unknown;;20768
ZUN-000257;ZY171403;KULKA STALOWA;;ø6mm;ø0,6;;;;unknown;;20771
ZUN-000257;ZY1720010;KULKA STALOWA;;ø6mm;ø0,6;;;;unknown;;20847
ZUN-000502;ZY1720011;O-RING;;ø7,7/ø11,5/ø1,9mm;ø1,15x0,19//ø1,18x0,26;;;;unknown;;20848
ZUN-000474;ZY1720017;O-RING;tworzywo;ø5,49/ø11,5/ø2,8mm;ø1,15x0,28;;;;unknown;;20854
ZUN-000154;ZY172001A;ZESPÓŁ TŁOKA -dwa rodzaje dł.;;;1,6x2,1x6/1,9x2,1x7,3;;;;unknown;;20857
ZUN-000252;ZY1720020;KULKA STALOWA;;ø3mm;ø0,3;;;;unknown;;20858
ZUN-000535;ZY1720022;O-RING;;ø28/ø35/ø3,5mm;ø3,5x0,35;;;;unknown;;20860
ZUN-000257;ZY1721002;KULKA STALOWA;;ø6mm;ø0,6;;;;unknown;;20905
ZUN-000467;ZY1721006;KOŁO ZĘBATE;;;ø4,4x1;;;;unknown;;20909
ZUN-000469;ZY1721008;WAŁ ZAWORU ZWALNIAJĄCEGO;;;ø1,9x3,7;;;;unknown;;20911
ZUN-000471;ZY1721010;NAKRĘTKA ZAWORU ZWALNIAJĄCEGO;;;3x3,2x2,7;;;;unknown;;20913
ZUN-000521;ZY1721011;O-RING;;ø14,9/ø20,3/ø2,7mm;ø2,03x0,27;;;;unknown;;20914
ZUN-000470;ZY1721012;ŁĄCZNIK ZAWORU ZWALNIAJĄCEGO;;;1x1x3,4;;;;unknown;;20915
ZUN-000538;ZY1721014;O-RING;;ø34,3/ø41,3/ø3,5mm;ø4,13x0,35;;;;unknown;;20917
ZUN-000512;ZY1721031;O-RING;;ø8,5/ø13,7/ø2,6mm;ø1,37x0,26;;;;unknown;;20931
ZUN-000257;ZY17211002;KULKA STALOWA;;ø6mm;ø0,6;YT-17211;YATO;Czesci_zamienne_YT-17211.pdf;matched_manifest;https://drive.google.com/file/d/1Sy4zPRVblbC98oI5ec_t5vo3gNRJ64TL/preview;20945
ZUN-000467;ZY17211006;KOŁO ZĘBATE;;;ø4,4x1;YT-17211;YATO;Czesci_zamienne_YT-17211.pdf;matched_manifest;https://drive.google.com/file/d/1Sy4zPRVblbC98oI5ec_t5vo3gNRJ64TL/preview;20947
ZUN-000469;ZY17211008;WAŁ ZAWORU ZWALNIAJĄCEGO;;;ø1,9x3,7;YT-17211;YATO;Czesci_zamienne_YT-17211.pdf;matched_manifest;https://drive.google.com/file/d/1Sy4zPRVblbC98oI5ec_t5vo3gNRJ64TL/preview;20948
ZUN-000470;ZY17211012;ŁĄCZNIK ZAWORU ZWALNIAJĄCEGO;;;1x1x3,4;YT-17211;YATO;Czesci_zamienne_YT-17211.pdf;matched_manifest;https://drive.google.com/file/d/1Sy4zPRVblbC98oI5ec_t5vo3gNRJ64TL/preview;20950
ZUN-000264;ZY17211028;KULKA STALOWA;;ø9mm;ø0,9;YT-17211;YATO;Czesci_zamienne_YT-17211.pdf;matched_manifest;https://drive.google.com/file/d/1Sy4zPRVblbC98oI5ec_t5vo3gNRJ64TL/preview;20961
ZUN-000475;ZY17211031;O-RING;;ø5,7/ø11,3/ø2,8mm;ø1,13x0,28;YT-17211;YATO;Czesci_zamienne_YT-17211.pdf;matched_manifest;https://drive.google.com/file/d/1Sy4zPRVblbC98oI5ec_t5vo3gNRJ64TL/preview;20963
ZUN-000252;ZY17211033;KULKA STALOWA m;;ø3mm;ø0,3;YT-17211;YATO;Czesci_zamienne_YT-17211.pdf;matched_manifest;https://drive.google.com/file/d/1Sy4zPRVblbC98oI5ec_t5vo3gNRJ64TL/preview;20965
ZUN-000535;ZY17211036;O-RING;;ø28/ø35/ø3,5mm;ø3,5x0,35;YT-17211;YATO;Czesci_zamienne_YT-17211.pdf;matched_manifest;https://drive.google.com/file/d/1Sy4zPRVblbC98oI5ec_t5vo3gNRJ64TL/preview;20966
ZUN-000468;ZY17213-34;KOŁO ZĘBATW WAŁKA;;;ø4,6x0,5;YT-17213;YATO;Czesci_zamienne_YT-17213.pdf;matched_manifest;https://drive.google.com/file/d/1DesPzhV-haBCFMUFGf2L_t1l1AmdR6ZK/preview;20982
ZUN-000467;ZY17213-40;KOŁO ZĘBATE 2;;;ø4,4x1;YT-17213;YATO;Czesci_zamienne_YT-17213.pdf;matched_manifest;https://drive.google.com/file/d/1DesPzhV-haBCFMUFGf2L_t1l1AmdR6ZK/preview;20984
ZUN-000257;ZY17214-03;KULKA STALOWA;stal;ø6mm;ø0,6;YT-17214;YATO;Czesci_zamienne_YT-17214.pdf;matched_manifest;https://drive.google.com/file/d/1ArQkETbTF43fQ_FTyFHolG5sd5Ml5NhL/preview;20989
ZUN-000257;ZY18900-17;KULKA STALOWA;stal;;;YT-18900;YATO;Czesci_zamienne_YT-18900.pdf;matched_manifest;https://drive.google.com/file/d/1pIJEbzIGzzxxYdaLT1KJ7gJkKyvxn_iH/preview;21029
ZUN-000254;ZY18900-19;KULKA STALOWA;stal;;;YT-18900;YATO;Czesci_zamienne_YT-18900.pdf;matched_manifest;https://drive.google.com/file/d/1pIJEbzIGzzxxYdaLT1KJ7gJkKyvxn_iH/preview;21031
ZUN-000259;ZY18907-06;KULKA STALOWA ø4,5mm;stal;;ø0,45;;;;unknown;;21041
ZUN-000257;ZY18907-12;KULKA STALOWA ø6,3mm;stal;ø6mm;ø0,6;;;;unknown;;21045
ZUN-000254;ZY18907-14;KULKA STALOWA ø4mm;stal;ø4mm;ø0,4;;;;unknown;;21046
ZUN-000487;ZY234120;O-RING;;ø2,4/ø6/ø1,8mm;ø0,6x0,18;;;;unknown;;21243
ZUN-000487;ZY234614;O-RING;;ø2,4/ø6/ø1,8mm;ø0,6x0,18;;;;unknown;;21263
ZUN-000485;ZY234635;O-RING;;ø2,9/ø6,5/ø1,8mm;ø0,65x0,18;;;;unknown;;21268
ZUN-000501;ZY237003;O-RING;;ø8,1/ø11,5/ø1,7mm;ø1,15x0,17;;;;unknown;;21303
ZUN-000487;ZY237010;O-RING;;ø2,4/ø6/ø1,8mm;ø0,6x0,18;YT-23701;YATO;Czesci_zamienne_YT-23701.pdf;matched_manifest;https://drive.google.com/file/d/1WH2Nt8wnmc6iHTVsmFUIeVSVnwlWbxyT/preview;21309
ZUN-000485;ZY237015;O-RING;;ø2,9/ø6,5/ø1,8mm;ø0,65x0,18;YT-23701;YATO;Czesci_zamienne_YT-23701.pdf;matched_manifest;https://drive.google.com/file/d/1WH2Nt8wnmc6iHTVsmFUIeVSVnwlWbxyT/preview;21311
ZUN-000509;ZY2370105;O-RING;;ø10,3/ø13,7/ø1,7mm;ø1,37x0,17;YT-23701;YATO;Czesci_zamienne_YT-23701.pdf;matched_manifest;https://drive.google.com/file/d/1WH2Nt8wnmc6iHTVsmFUIeVSVnwlWbxyT/preview;21317
ZUN-000500;ZY2370123;O-RING;;ø6,2/ø10/ø1,9mm;ø1,0x0,19;YT-23701;YATO;Czesci_zamienne_YT-23701.pdf;matched_manifest;https://drive.google.com/file/d/1WH2Nt8wnmc6iHTVsmFUIeVSVnwlWbxyT/preview;21331
ZUN-000501;ZY23702-03;O-RING;;ø8,1/ø11,5/ø1,7mm;ø1,15x0,17;;;;unknown;;21334
ZUN-000498;ZY3601210;O-RING;;ø7,2/ø10/ø1,4mm;ø1,0x0,14;YT-36012;YATO;Czesci_zamienne_YT-36012.pdf;matched_manifest;https://drive.google.com/file/d/1_cmB1T9MaDZjFtOgNPdkRsUlmCgJCMtF/preview;21395
ZUN-000498;ZY3609502;O-RING;;ø7,2/ø10/ø1,4mm;ø1,0x0,14;YT-36095;YATO;Czesci_zamienne_YT-36095.pdf;matched_manifest;https://drive.google.com/file/d/1Bez3KOF45-I-g6zsKjukQzC4a0DJ96Il/preview;21471
ZUN-000386;ZY36112-01;GŁOWICA M8;;;1,25x1,8x2;YT-36112;YATO;Czesci_zamienne_YT-36112.pdf;matched_manifest;https://drive.google.com/file/d/1bOkYkQ_DQOuGgvO8gsz0xwbajg63ZzAO/preview;21508
ZUN-000379;ZY36112-02;TRZPIEŃ M8;;;1,2x1,4x5,2;YT-36112;YATO;Czesci_zamienne_YT-36112.pdf;matched_manifest;https://drive.google.com/file/d/1bOkYkQ_DQOuGgvO8gsz0xwbajg63ZzAO/preview;21509
ZUN-000378;ZY36112-26;TRZPIEŃ M6;;;1,2x1,4x4,9;YT-36112;YATO;Czesci_zamienne_YT-36112.pdf;matched_manifest;https://drive.google.com/file/d/1bOkYkQ_DQOuGgvO8gsz0xwbajg63ZzAO/preview;21521
ZUN-000385;ZY36112-27;GŁOWICA M6;;;1,25x1,8x2;YT-36112;YATO;Czesci_zamienne_YT-36112.pdf;matched_manifest;https://drive.google.com/file/d/1bOkYkQ_DQOuGgvO8gsz0xwbajg63ZzAO/preview;21522
ZUN-000377;ZY36112-28;TRZPIEŃ M5;;;1,2x1,4x4,5;YT-36112;YATO;Czesci_zamienne_YT-36112.pdf;matched_manifest;https://drive.google.com/file/d/1bOkYkQ_DQOuGgvO8gsz0xwbajg63ZzAO/preview;21523
ZUN-000384;ZY36112-29;GŁOWICA M5;;;1,25x1,8x2;YT-36112;YATO;Czesci_zamienne_YT-36112.pdf;matched_manifest;https://drive.google.com/file/d/1bOkYkQ_DQOuGgvO8gsz0xwbajg63ZzAO/preview;21524
ZUN-000376;ZY36112-30;TRZPIEŃ M4;;;1,2x1,4x4,3;YT-36112;YATO;Czesci_zamienne_YT-36112.pdf;matched_manifest;https://drive.google.com/file/d/1bOkYkQ_DQOuGgvO8gsz0xwbajg63ZzAO/preview;21525
ZUN-000383;ZY36112-31;GŁOWICA M4;;;1,25x1,8x2;YT-36112;YATO;Czesci_zamienne_YT-36112.pdf;matched_manifest;https://drive.google.com/file/d/1bOkYkQ_DQOuGgvO8gsz0xwbajg63ZzAO/preview;21526
ZUN-000375;ZY36112-32;TRZPIEŃ M3;;;1,2x1,4x4,1;YT-36112;YATO;Czesci_zamienne_YT-36112.pdf;matched_manifest;https://drive.google.com/file/d/1bOkYkQ_DQOuGgvO8gsz0xwbajg63ZzAO/preview;21527
ZUN-000382;ZY36112-33;GŁOWICA M3;;;1,25x1,8x2;YT-36112;YATO;Czesci_zamienne_YT-36112.pdf;matched_manifest;https://drive.google.com/file/d/1bOkYkQ_DQOuGgvO8gsz0xwbajg63ZzAO/preview;21528
ZUN-000626;ZY3611907;PIERŚCIEŃ USTALAJĄCY;stal;a-13,8mm/ b-19,2mm/ c-1mm;0,1x1,7x1,9;YT-36119;YATO;Czesci_zamienne_YT-36119.pdf;matched_manifest;https://drive.google.com/file/d/1MG7jmpRi6sVtUUW5njGJaiaMYaCqFvfM/preview;21545
ZUN-000387;ZY361201V2;GŁOWICA M10;;;1,25x1,8x2;;;;unknown;;21568
ZUN-000380;ZY361202V2;TRZPIEŃ M10;;;1,2x1,4x5,5;;;;unknown;;21569
ZUN-000379;ZY361226V2;TRZPIEŃ M8;;;1,2x1,4x5,2;;;;unknown;;21576
ZUN-000386;ZY361227V2;GŁOWICA M8;;;1,25x1,8x2;;;;unknown;;21577
ZUN-000378;ZY361228V2;TRZPIEŃ M6;;;1,2x1,4x4,9;;;;unknown;;21578
ZUN-000385;ZY361229V2;GŁOWICA M6;;;1,25x1,8x2;;;;unknown;;21579
ZUN-000377;ZY361230V2;TRZPIEŃ M5;;;1,2x1,4x4,5;;;;unknown;;21580
ZUN-000384;ZY361231V2;GŁOWICA M5;;;1,25x1,8x2;;;;unknown;;21581
ZUN-000381;ZY361236V2;TRZPIEŃ M12;;;1,2x1,4x5,6;;;;unknown;;21582
ZUN-000388;ZY361237V2;GŁOWICA M12;;;1,25x1,8x2;;;;unknown;;21583
ZUN-000259;ZY36127-08;KULKA STALOWA;;ø4,5mm;ø0,45;YT-36127;YATO;Czesci_zamienne_YT-36127.pdf;matched_manifest;https://drive.google.com/file/d/1l0mWXckuCDxdUEj764kOBijVjO7zE4C_/preview;21619
ZUN-000379;ZY36127-22;TRZPIEŃ M8;;;1,2x1,4x5,2;YT-36127;YATO;Czesci_zamienne_YT-36127.pdf;matched_manifest;https://drive.google.com/file/d/1l0mWXckuCDxdUEj764kOBijVjO7zE4C_/preview;21627
ZUN-000386;ZY36127-23;GŁOWICA M8;;;1,25x1,8x2;YT-36127;YATO;Czesci_zamienne_YT-36127.pdf;matched_manifest;https://drive.google.com/file/d/1l0mWXckuCDxdUEj764kOBijVjO7zE4C_/preview;21628
ZUN-000381;ZY36127-28;TRZPIEŃ M12;;;1,2x1,4x5,6;YT-36127;YATO;Czesci_zamienne_YT-36127.pdf;matched_manifest;https://drive.google.com/file/d/1l0mWXckuCDxdUEj764kOBijVjO7zE4C_/preview;21631
ZUN-000388;ZY36127-29;GŁOWICA M12;;;1,25x1,8x2;YT-36127;YATO;Czesci_zamienne_YT-36127.pdf;matched_manifest;https://drive.google.com/file/d/1l0mWXckuCDxdUEj764kOBijVjO7zE4C_/preview;21632
ZUN-000380;ZY36127-30;TRZPIEŃ M10;;;1,2x1,4x5,5;YT-36127;YATO;Czesci_zamienne_YT-36127.pdf;matched_manifest;https://drive.google.com/file/d/1l0mWXckuCDxdUEj764kOBijVjO7zE4C_/preview;21633
ZUN-000387;ZY36127-31;GŁOWICA M10;;;1,25x1,8x2;YT-36127;YATO;Czesci_zamienne_YT-36127.pdf;matched_manifest;https://drive.google.com/file/d/1l0mWXckuCDxdUEj764kOBijVjO7zE4C_/preview;21634
ZUN-000378;ZY36127-32;TRZPIEŃ M6;;;1,2x1,4x4,9;YT-36127;YATO;Czesci_zamienne_YT-36127.pdf;matched_manifest;https://drive.google.com/file/d/1l0mWXckuCDxdUEj764kOBijVjO7zE4C_/preview;21635
ZUN-000385;ZY36127-33;GŁOWICA M6;;;1,25x1,8x2;YT-36127;YATO;Czesci_zamienne_YT-36127.pdf;matched_manifest;https://drive.google.com/file/d/1l0mWXckuCDxdUEj764kOBijVjO7zE4C_/preview;21636
ZUN-000377;ZY36127-34;TRZPIEŃ M5;;;1,2x1,4x4,5;YT-36127;YATO;Czesci_zamienne_YT-36127.pdf;matched_manifest;https://drive.google.com/file/d/1l0mWXckuCDxdUEj764kOBijVjO7zE4C_/preview;21637
ZUN-000384;ZY36127-35;GŁOWICA M5;;;1,25x1,8x2;YT-36127;YATO;Czesci_zamienne_YT-36127.pdf;matched_manifest;https://drive.google.com/file/d/1l0mWXckuCDxdUEj764kOBijVjO7zE4C_/preview;21638
ZUN-000376;ZY36127-36;TRZPIEŃ M4;;;1,2x1,4x4,3;YT-36127;YATO;Czesci_zamienne_YT-36127.pdf;matched_manifest;https://drive.google.com/file/d/1l0mWXckuCDxdUEj764kOBijVjO7zE4C_/preview;21639
ZUN-000383;ZY36127-37;GŁOWICA M4;;;1,25x1,8x2;YT-36127;YATO;Czesci_zamienne_YT-36127.pdf;matched_manifest;https://drive.google.com/file/d/1l0mWXckuCDxdUEj764kOBijVjO7zE4C_/preview;21640
ZUN-000375;ZY36127-38;TRZPIEŃ M3;;;1,2x1,4x4,1;YT-36127;YATO;Czesci_zamienne_YT-36127.pdf;matched_manifest;https://drive.google.com/file/d/1l0mWXckuCDxdUEj764kOBijVjO7zE4C_/preview;21641
ZUN-000382;ZY36127-39;GŁOWICA M3;;;1,25x1,8x2;YT-36127;YATO;Czesci_zamienne_YT-36127.pdf;matched_manifest;https://drive.google.com/file/d/1l0mWXckuCDxdUEj764kOBijVjO7zE4C_/preview;21642
ZUN-000379;ZY36128-16;TRZPIEŃ M8;;;1,2x1,4x5,2;;;;unknown;;21654
ZUN-000386;ZY36128-17;GŁOWICA M8;;;1,25x1,8x2;;;;unknown;;21655
ZUN-000381;ZY36128-24;TRZPIEŃ M12;;;1,2x1,4x5,6;;;;unknown;;21658
ZUN-000388;ZY36128-25;GŁOWICA M12;;;1,25x1,8x2;;;;unknown;;21659
ZUN-000380;ZY36128-26;TRZPIEŃ M10;;;1,2x1,4x5,5;;;;unknown;;21660
ZUN-000387;ZY36128-27;GŁOWICA M10;;;1,25x1,8x2;;;;unknown;;21661
ZUN-000378;ZY36128-28;TRZPIEŃ M6;;;1,2x1,4x4,9;;;;unknown;;21662
ZUN-000385;ZY36128-29;GŁOWICA M6;;;1,25x1,8x2;;;;unknown;;21663
ZUN-000377;ZY36128-30;TRZPIEŃ M5;;;1,2x1,4x4,5;;;;unknown;;21664
ZUN-000384;ZY36128-31;GŁOWICA M5;;;1,25x1,8x2;;;;unknown;;21665
ZUN-000376;ZY36128-32;TRZPIEŃ M4;;;1,2x1,4x4,3;;;;unknown;;21666
ZUN-000383;ZY36128-33;GŁOWICA M4;;;1,25x1,8x2;;;;unknown;;21667
ZUN-000375;ZY36128-34;TRZPIEŃ M3;;;1,2x1,4x4,1;;;;unknown;;21668
ZUN-000382;ZY36128-35;GŁOWICA M3;;;1,25x1,8x2;;;;unknown;;21669
ZUN-000387;ZY3612901;GŁOWICA M10;;;1,25x1,8x2;;;;unknown;;21670
ZUN-000380;ZY3612902;TRZPIEŃ M10;;;1,2x1,4x5,5;;;;unknown;;21671
ZUN-000381;ZY3612929;TRZPIEŃ M12;;;1,2x1,4x5,6;;;;unknown;;21685
ZUN-000388;ZY3612930;GŁOWICA M12;;;1,25x1,8x2;;;;unknown;;21686
ZUN-000379;ZY3612931;TRZPIEŃ M8;;;1,2x1,4x5,2;;;;unknown;;21687
ZUN-000386;ZY3612932;GŁOWICA M8;;;1,25x1,8x2;;;;unknown;;21688
ZUN-000378;ZY3612933;TRZPIEŃ M6;;;1,2x1,4x4,9;;;;unknown;;21689
ZUN-000385;ZY3612934;GŁOWICA M6;;;1,25x1,8x2;;;;unknown;;21690
ZUN-000377;ZY3612935;TRZPIEŃ M5;;;1,2x1,4x4,5;;;;unknown;;21691
ZUN-000384;ZY3612936;GŁOWICA M5;;;1,25x1,8x2;;;;unknown;;21692
ZUN-000376;ZY3612937;TRZPIEŃ M4;;;1,2x1,4x4,3;;;;unknown;;21693
ZUN-000383;ZY3612938;GŁOWICA M4;;;1,25x1,8x2;;;;unknown;;21694
ZUN-000375;ZY3612939;TRZPIEŃ M3;;;1,2x1,4x4,1;;;;unknown;;21695
ZUN-000382;ZY3612940;GŁOWICA M3;;;1,25x1,8x2;;;;unknown;;21696
ZUN-000378;ZY36140-19;TRZPIEŃ M6;stal;;1,2x1,4x5;;;;unknown;;21727
ZUN-000385;ZY36140-20;GŁOWICA M6;stal;;1,25x1,8x2;;;;unknown;;21728
ZUN-000375;ZY36140-24;TRZPIEŃ M3;stal;;1,2x1,4x4,5;;;;unknown;;21729
ZUN-000382;ZY36140-25;GŁOWICA M3;stal;;1,25x1,8x2;;;;unknown;;21730
ZUN-000376;ZY36140-26;TRZPIEŃ M4;stal;;1,2x1,4x4,6;;;;unknown;;21731
ZUN-000383;ZY36140-27;GŁOWICA M4;stal;;1,25x1,8x2;;;;unknown;;21732
ZUN-000377;ZY36140-28;TRZPIEŃ M5;stal;;1,2x1,4x4,7;;;;unknown;;21733
ZUN-000384;ZY36140-29;GŁOWICA M5;stal;;1,25x1,8x2;;;;unknown;;21734
ZUN-000496;ZY361727;O-RING;;ø5,9/ø9,7/ø1,9mm;ø0,97x0,19;;;;unknown;;21759
ZUN-000504;ZY3617135;O-RING;;ø9,2/ø12,1/ø1,5mm;ø1,21x0,15;YT-36171;YATO;Czesci_zamienne_YT-36171.pdf;matched_manifest;https://drive.google.com/file/d/1tEauMAIpxxlAbEK5fEeJ7Zh9wh2ZjsNm/preview;21796
ZUN-000498;ZY3617149;O-RING;;ø7,2/ø10/ø1,4mm;ø1,0x0,14;YT-36171;YATO;Czesci_zamienne_YT-36171.pdf;matched_manifest;https://drive.google.com/file/d/1tEauMAIpxxlAbEK5fEeJ7Zh9wh2ZjsNm/preview;21808
ZUN-000504;ZY36177-37;O-RING;;ø9,2/ø12,1/ø1,5mm;ø1,21x0,15;YT-36177;YATO;Czesci_zamienne_YT-36177.pdf;matched_manifest;https://drive.google.com/file/d/1lD08oIZvsxK0NlkjKTPKvNKw-WlBSIUa/preview;21843
ZUN-000498;ZY36177-51;O-RING;;ø7,2/ø10/ø1,4mm;ø1,0x0,14;YT-36177;YATO;Czesci_zamienne_YT-36177.pdf;matched_manifest;https://drive.google.com/file/d/1lD08oIZvsxK0NlkjKTPKvNKw-WlBSIUa/preview;21851
ZUN-000519;ZY54400-12;O-RING 22*2;;ø17/ø21/ø2mm;ø2,1x0,2;;;;unknown;;22021
ZUN-000492;ZY54400-15;O-RING 8*1;;ø5/ø8/ø1,5mm;ø0,8x0,15;;;;unknown;;22022
ZUN-000498;ZY54400-16;O-RING;;ø7,2/ø10/ø1,4mm;ø1,0x0,14;;;;unknown;;22023
ZUN-000153;ZY55290001;ZAMEK Z KLUCZAMI;;2klucze kwadrat 6/6mm przękręca o 180°;2,3x2,8x6;;;;unknown;;22056
ZUN-000668;ZY55290998;KOŁO;stal/tworzywo;;8x12x15,5;;;;unknown;;22059
ZUN-000669;ZY55290999;KOŁO OBROTOWE Z HAMULCEM;stal/tworzywo;;8,5x16x17;;;;unknown;;22060
ZUN-000668;ZY55291998;KOŁO;stal/tworzywo;;8x12x15,5;;;;unknown;;22061
ZUN-000669;ZY55291999;KOŁO OBROTOWE Z HAMULCEM;stal/tworzywo;;8,5x16x17;;;;unknown;;22062
ZUN-000153;ZY55293001;ZAMEK Z KLUCZAMI;;2klucze kwadrat 6/6mm przękręca o 180°;2,3x2,8x6;;;;unknown;;22064
ZUN-000668;ZY55293998;KOŁO;;;8x12x15,5;;;;unknown;;22067
ZUN-000669;ZY55293999;KOŁO OBROTOWE Z HAMULCEM;;;8,5x16x17;;;;unknown;;22068
ZUN-000534;ZY55560105;O-RING;;ø28,2/ø35/ø3,4mm;ø3,5x0,34;;;;unknown;;22096
ZUN-000146;ZY55560116;ZAWÓR ZWALNIAJĄCY;;;0,9x2,2x4;;;;unknown;;22103
ZUN-000147;ZY55560117;USZCZELKA;;ø4,2/ø9/6mm;ø0,9x0,6;;;;unknown;;22104
ZUN-000257;ZY55560118;KULKA STALOWA;;ø6mm;ø0,6;;;;unknown;;22105
ZUN-000148;ZY55560121;ŚRUBA;;gwint stożkowy;0,8x0,9x1,5;;;;unknown;;22106
ZUN-000149;ZY55560122;USZCZELKA POMPY;;ø9/ø18/1mm;ø1,8x0,1;;;;unknown;;22107
ZUN-000143;ZY55560123;POMPA OLEJOWA;;ø12/19/21/55mm;1,9x2,1x5,5;;;;unknown;;22108
ZUN-000150;ZY55560124;O-RING;;ø6,3/ø12,5/ø3,1mm;ø1,25x0,31;;;;unknown;;22109
ZUN-000151;ZY55560125;PIERŚCIEŃ nylon;;ø7/ø12/1,2mm;ø1,2x0,15;;;;unknown;;22110
ZUN-000144;ZY55560126;TŁOK POMPY;;;ø1,2x6,8;;;;unknown;;22111
ZUN-000534;ZY55561105;O-RING;;ø28,2/ø35/ø3,4mm;ø3,5x0,34;;;;unknown;;22116
ZUN-000146;ZY55561116;ZAWÓR ZWALNIAJĄCY;;;0,9x2,2x4;;;;unknown;;22124
ZUN-000147;ZY55561117;USZCZELKA;;ø4,2/ø9/6mm;ø0,9x0,6;;;;unknown;;22125
ZUN-000257;ZY55561118;KULKA STALOWA;;ø6mm;ø0,6;;;;unknown;;22126
ZUN-000148;ZY55561121;ŚRUBA;;gwint stożkowy;0,8x0,9x1,5;;;;unknown;;22128
ZUN-000149;ZY55561122;USZCZELKA POMPY;;ø9/ø18/1mm;ø1,8x0,1;;;;unknown;;22129
ZUN-000143;ZY55561123;POMPA OLEJOWA;;ø12/19/21/55mm;1,9x2,1x5,5;;;;unknown;;22130
ZUN-000150;ZY55561124;O-RING;;ø6,3/ø12,5/ø3,1mm;ø1,25x0,31;;;;unknown;;22131
ZUN-000151;ZY55561125;PIERŚCIEŃ nylon;;ø7/ø12/1,2mm;ø1,2x0,15;;;;unknown;;22132
ZUN-000144;ZY55561126;TŁOK POMPY;;;ø1,2x6,8;;;;unknown;;22133
ZUN-000536;ZY55562105;O-RING;;ø29,5/ø36,3/ø3,4mm;ø3,63x0,34;;;;unknown;;22140
ZUN-000535;ZY55562109;O-RING;;ø28/ø35/ø3,5mm;ø3,5x0,35;;;;unknown;;22144
ZUN-000146;ZY55562116;ZAWÓR ZWALNIAJĄCY;;;0,9x2,2x4;;;;unknown;;22149
ZUN-000147;ZY55562117;USZCZELKA;;ø4,2/ø9/6mm;ø0,9x0,6;;;;unknown;;22150
ZUN-000257;ZY55562118;KULKA STALOWA;;ø6mm;ø0,6;;;;unknown;;22151
ZUN-000148;ZY55562121;ŚRUBA;;gwint stożkowy;0,8x0,9x1,5;;;;unknown;;22153
ZUN-000149;ZY55562122;USZCZELKA POMPY;;ø9/ø18/1mm;ø1,8x0,1;;;;unknown;;22154
ZUN-000143;ZY55562123;POMPA OLEJOWA;;ø12/19/21/55mm;1,9x2,1x5,5;;;;unknown;;22155
ZUN-000150;ZY55562124;O-RING;;ø6,3/ø12,5/ø3,1mm;ø1,25x0,31;;;;unknown;;22156
ZUN-000151;ZY55562125;PIERŚCIEŃ nylon;;ø7/ø12/1,2mm;ø1,2x0,15;;;;unknown;;22157
ZUN-000144;ZY55562126;TŁOK POMPY;;;ø1,2x6,8;;;;unknown;;22158
ZUN-000146;ZY5558016;ZAWÓR ZWALNIAJĄCY;;;0,9x2,2x3,9/0,9x2,2x4,2;;;;unknown;;22179
ZUN-000147;ZY5558017;USZCZELKA;;ø4,2/ø9/6mm;ø0,9x0,6;;;;unknown;;22180
ZUN-000257;ZY5558018;KULKA STALOWA;;ø6mm;ø0,6;;;;unknown;;22181
ZUN-000148;ZY5558021;ŚRUBA;;gwint stożkowy;0,8x0,9x1,5;;;;unknown;;22184
ZUN-000149;ZY5558022;USZCZELKA POMPY;;ø9/ø18/1mm;ø1,8x0,1;;;;unknown;;22185
ZUN-000143;ZY5558023;POMPA OLEJOWA;;ø12/19/21/55mm;1,9x2,1x5,5;;;;unknown;;22186
ZUN-000508;ZY5558024;O-RING;;ø7/ø13/ø3mm;ø1,3x0,3;;;;unknown;;22187
ZUN-000146;ZY5558116;ZAWÓR ZWALNIAJĄCY;;;0,9x2,2x3,8;YT-55581;YATO;Czesci_zamienne_YT-55581.pdf;matched_manifest;https://drive.google.com/file/d/1ZR2Xvtpe-5Vk5T5e5NGgCC2Wagb83WAR/preview;22203
ZUN-000147;ZY5558117;USZCZELKA;;ø4,2/ø9/6mm;ø0,9x0,6;YT-55581;YATO;Czesci_zamienne_YT-55581.pdf;matched_manifest;https://drive.google.com/file/d/1ZR2Xvtpe-5Vk5T5e5NGgCC2Wagb83WAR/preview;22204
ZUN-000257;ZY5558118;KULKA STALOWA;;ø6mm;ø0,6;YT-55581;YATO;Czesci_zamienne_YT-55581.pdf;matched_manifest;https://drive.google.com/file/d/1ZR2Xvtpe-5Vk5T5e5NGgCC2Wagb83WAR/preview;22205
ZUN-000148;ZY5558121;ŚRUBA;;gwint stożkowy;0,8x0,9x1,5;YT-55581;YATO;Czesci_zamienne_YT-55581.pdf;matched_manifest;https://drive.google.com/file/d/1ZR2Xvtpe-5Vk5T5e5NGgCC2Wagb83WAR/preview;22208
ZUN-000143;ZY5558123;POMPA OLEJOWA;;ø12/19/21/55mm;1,9x2,1x5,5;YT-55581;YATO;Czesci_zamienne_YT-55581.pdf;matched_manifest;https://drive.google.com/file/d/1ZR2Xvtpe-5Vk5T5e5NGgCC2Wagb83WAR/preview;22210
ZUN-000257;ZY5558218;KULKA STALOWA;;ø6mm;ø0,6;;;;unknown;;22232
ZUN-000508;ZY5558224;O-RING;;ø7/ø13/ø3mm;ø1,3x0,3;;;;unknown;;22239
ZUN-000043;ZY590116;ŁOŻYSKO KULKOWE 6202 2RS;;6202 2RS;ø3,5x1,1;;;;unknown;;22284
ZUN-000082;ZY590123;ŁOŻYSKO KULKOWE 6200 bez osłon;;6200 bez osłon;ø3x0,9;;;;unknown;;22290
ZUN-000080;ZY590129;ŁOŻYSKO KULKOWE 6201 bez osłon;;6201 bez osłon;ø3,2x1;;;;unknown;;22296
ZUN-000568;ZY590155;PRZEŁĄCZNIK I-0-I bistabilny;;HY12-9-3 20A 125/250V KEDU;2,66x3,32x3,79;;;;unknown;;22315
ZUN-000579;ZY590156;WYŁĄCZNIK AWARYJNY;;TQKB02 8A 250V;4x4,26x7,42;;;;unknown;;22316
ZUN-000043;ZY590216;ŁOŻYSKO KULKOWE 6202 2RS;;6202 2RS;ø3,5x1,1;;;;unknown;;22322
ZUN-000082;ZY590223;ŁOŻYSKO KULKOWE 6200 bez osłon;;6200 bez osłon;ø3x0,9;;;;unknown;;22325
ZUN-000080;ZY590229;ŁOŻYSKO KULKOWE 6201 bez osłon;;6201 bez osłon;ø3,2x1;;;;unknown;;22331
ZUN-000568;ZY590255;PRZEŁĄCZNIK I-0-I bistabilny;;HY12-9-3 20A 125/250V KEDU;2,66x3,32x3,79;;;;unknown;;22340
ZUN-000045;ZY590420;ŁOŻYSKO KULKOWE 6203 2RS;;6203 2RS;ø4x1,2;;;;unknown;;22345
ZUN-000080;ZY590427;ŁOŻYSKO KULKOWE 6201 bez osłon;;6201 bez osłon;ø3,2x1;;;;unknown;;22349
ZUN-000043;ZY590431;ŁOŻYSKO KULKOWE 6202 2RS;;6202 2RS;ø3,5x1,1;;;;unknown;;22353
ZUN-000568;ZY590455;PRZEŁĄCZNIK I-0-I bistabilny;;HY12-9-3 20A 125/250V KEDU;2,66x3,32x3,79;;;;unknown;;22362
ZUN-000045;ZY590520;ŁOŻYSKO KULKOWE 6203 2RS;;6203 2RS;ø4x1,2;;;;unknown;;22369
ZUN-000080;ZY590527;ŁOŻYSKO KULKOWE 6201 bez osłon;;6201 bez osłon;ø3,2x1;;;;unknown;;22373
ZUN-000043;ZY590531;ŁOŻYSKO KULKOWE 6202 2RS;;6202 2RS;ø3,5x1,1;;;;unknown;;22377
ZUN-000568;ZY590555;PRZEŁĄCZNIK I-0-I bistabilny;;HY12-9-3 20A 125/250V KEDU;2,66x3,32x3,79;;;;unknown;;22386
ZUN-000579;ZY590564;WYŁĄCZNIK AWARYJNY;;TQKB02 8A 250V;4x4,26x7,42;;;;unknown;;22389
ZUN-000105;ZY81953-04-2;ŁOŻYSKO IGIEŁKOWE HK0810;;HK0810 ø8/ø12/10mm;ø1,2x1;YT-81953;YATO;Czesci_zamienne_YT-81953.pdf;matched_manifest;https://drive.google.com/file/d/1uuB3mJIYTDWn9Ns8ayoHn9RwR0JBTQzo/preview;22567
ZUN-000670;ZY81953-24;KABEL Z WTYCZKĄ H05RN-F 2X1.0MM2 3m GUMA;;;5x7x25;YT-81953;YATO;Czesci_zamienne_YT-81953.pdf;matched_manifest;https://drive.google.com/file/d/1uuB3mJIYTDWn9Ns8ayoHn9RwR0JBTQzo/preview;22583
ZUN-000032;ZY81953-26-4;ŁOŻYSKO KULKOWE 6002 2Z;;6002 2Z;ø3,2x0,9;YT-81953;YATO;Czesci_zamienne_YT-81953.pdf;matched_manifest;https://drive.google.com/file/d/1uuB3mJIYTDWn9Ns8ayoHn9RwR0JBTQzo/preview;22588
ZUN-000247;ZY81956-08;KLIN;stal;;0,4x0,5x1,2;YT-81956;YATO;Czesci_zamienne_YT-81956.pdf;matched_manifest;https://drive.google.com/file/d/1dz783OseTKkVZG10MNhyi8QeOA_TmibI/preview;22602
ZUN-000041;ZY81956-12;ŁOŻYSKO KULKOWE 6201 2RS;;6201 2RS;ø3,2x1;YT-81956;YATO;Czesci_zamienne_YT-81956.pdf;matched_manifest;https://drive.google.com/file/d/1dz783OseTKkVZG10MNhyi8QeOA_TmibI/preview;22604
ZUN-000105;ZY81956-17;ŁOŻYSKO IGIEŁKOWE HK0810;;HK0810 ø8/ø12/10mm;ø1,2x1;YT-81956;YATO;Czesci_zamienne_YT-81956.pdf;matched_manifest;https://drive.google.com/file/d/1dz783OseTKkVZG10MNhyi8QeOA_TmibI/preview;22606
ZUN-000031;ZY81956-24;ŁOŻYSKO KULKOWE 6001 2RS;;6001 2RS;ø2,8x0,8;YT-81956;YATO;Czesci_zamienne_YT-81956.pdf;matched_manifest;https://drive.google.com/file/d/1dz783OseTKkVZG10MNhyi8QeOA_TmibI/preview;22611
ZUN-000006;ZY81956-28;ŁOŻYSKO KULKOWE 608 2RS;;608 2RS;ø2,2x0,7;YT-81956;YATO;Czesci_zamienne_YT-81956.pdf;matched_manifest;https://drive.google.com/file/d/1dz783OseTKkVZG10MNhyi8QeOA_TmibI/preview;22613
ZUN-000241;ZY81980-23;KLIN CZÓŁENKOWY;;;0,3x0,4x0,9;YT-81980;YATO;Czesci_zamienne_YT-81980.pdf;matched_manifest;https://drive.google.com/file/d/1VVdPzdybrMj_1DCSZmTJDWd1PlxY3bn7/preview;22647
ZUN-000049;ZY81980V2-02;ŁOŻYSKO KULKOWE 6205 2RS;;6205 2RS;ø5,2x1,5;YT-81980;YATO;Czesci_zamienne_YT-81980.pdf;matched_manifest;https://drive.google.com/file/d/1VVdPzdybrMj_1DCSZmTJDWd1PlxY3bn7/preview;22679
ZUN-000047;ZY81980V2-07;ŁOŻYSKO KULKOWE 6204 2RS;;6204 2RS;ø4,7x1,4;YT-81980;YATO;Czesci_zamienne_YT-81980.pdf;matched_manifest;https://drive.google.com/file/d/1VVdPzdybrMj_1DCSZmTJDWd1PlxY3bn7/preview;22683
ZUN-000033;ZY81980V2-20;ŁOŻYSKO KULKOWE 6002 2RS;;6002 2RS;ø3,2x0,9;YT-81980;YATO;Czesci_zamienne_YT-81980.pdf;matched_manifest;https://drive.google.com/file/d/1VVdPzdybrMj_1DCSZmTJDWd1PlxY3bn7/preview;22695
ZUN-000039;ZY81980V2-22;ŁOŻYSKO KULKOWE 6200 2RS;;6200 2RS;ø3x0,9;YT-81980;YATO;Czesci_zamienne_YT-81980.pdf;matched_manifest;https://drive.google.com/file/d/1VVdPzdybrMj_1DCSZmTJDWd1PlxY3bn7/preview;22697
ZUN-000029;ZY81980V2-26;ŁOŻYSKO KULKOWE 6000 2RS;;6000 2RS;ø2,6x0,8;YT-81980;YATO;Czesci_zamienne_YT-81980.pdf;matched_manifest;https://drive.google.com/file/d/1VVdPzdybrMj_1DCSZmTJDWd1PlxY3bn7/preview;22701
ZUN-000241;ZY81980V2-28;KLIN CZÓŁENKOWY;;;0,3x0,4x0,9;YT-81980;YATO;Czesci_zamienne_YT-81980.pdf;matched_manifest;https://drive.google.com/file/d/1VVdPzdybrMj_1DCSZmTJDWd1PlxY3bn7/preview;22703
ZUN-000033;ZY81983-14;ŁOŻYSKO KULKOWE 6002 2RS;;6002 2RS;ø3,2x0,9;YT-81983;YATO;Czesci_zamienne_YT-81983.pdf;matched_manifest;https://drive.google.com/file/d/1ViHYB4ICy3Z6PX2OK2ucs9ExUZKk5yfr/preview;22740
ZUN-000043;ZY81983-19;ŁOŻYSKO KULKOWE 6202 2RS;;6202 2RS;ø3,5x1,1;YT-81983;YATO;Czesci_zamienne_YT-81983.pdf;matched_manifest;https://drive.google.com/file/d/1ViHYB4ICy3Z6PX2OK2ucs9ExUZKk5yfr/preview;22742
ZUN-000055;ZY81983-22;ŁOŻYSKO KULKOWE 6300 2RS;;6300 2RS;ø3,5x1,1;YT-81983;YATO;Czesci_zamienne_YT-81983.pdf;matched_manifest;https://drive.google.com/file/d/1ViHYB4ICy3Z6PX2OK2ucs9ExUZKk5yfr/preview;22744
ZUN-000041;ZY81983-43;ŁOŻYSKO KULKOWE 6201 2RS;;6201 2RS;ø3,2x1;YT-81983;YATO;Czesci_zamienne_YT-81983.pdf;matched_manifest;https://drive.google.com/file/d/1ViHYB4ICy3Z6PX2OK2ucs9ExUZKk5yfr/preview;22754
ZUN-000248;ZY81983-45;KLIN;;;0,5x0,5x1,2;YT-81983;YATO;Czesci_zamienne_YT-81983.pdf;matched_manifest;https://drive.google.com/file/d/1ViHYB4ICy3Z6PX2OK2ucs9ExUZKk5yfr/preview;22756
ZUN-000041;ZY81983-47;ŁOŻYSKO KULKOWE 6201 2RS;;6201 2RS;ø3,2x1;YT-81983;YATO;Czesci_zamienne_YT-81983.pdf;matched_manifest;https://drive.google.com/file/d/1ViHYB4ICy3Z6PX2OK2ucs9ExUZKk5yfr/preview;22758
ZUN-000041;ZY81983-49;ŁOŻYSKO KULKOWE 6201 2RS;;6201 2RS;ø3,2x1;YT-81983;YATO;Czesci_zamienne_YT-81983.pdf;matched_manifest;https://drive.google.com/file/d/1ViHYB4ICy3Z6PX2OK2ucs9ExUZKk5yfr/preview;22759
ZUN-000043;ZY81983-59;ŁOŻYSKO KULKOWE 6202 2RS;;6202 2RS;ø3,5x1,1;YT-81983;YATO;Czesci_zamienne_YT-81983.pdf;matched_manifest;https://drive.google.com/file/d/1ViHYB4ICy3Z6PX2OK2ucs9ExUZKk5yfr/preview;22762
ZUN-000634;ZY82001-03;PODKŁADKA;stal;ø12,2/ø18/1,2mm;ø1,8x0,12;YT-82001;YATO;Czesci_zamienne_YT-82001.pdf;matched_manifest;https://drive.google.com/file/d/1PCJr7oqnSn97E4khSM4PKTdzvbGKb8XE/preview;22771
ZUN-000635;ZY82001-04;PODKŁADKA POLIURETANOWA;tworzywo;ø13/ø18/2,5mm;ø1,8x0,25;YT-82001;YATO;Czesci_zamienne_YT-82001.pdf;matched_manifest;https://drive.google.com/file/d/1PCJr7oqnSn97E4khSM4PKTdzvbGKb8XE/preview;22772
ZUN-000672;ZY82001-05;SPRĘŻYNA BLOKADY;stal;ø14,5/ø17,5/29mm drut ø1,3mm;ø1,8x2,9;YT-82001;YATO;Czesci_zamienne_YT-82001.pdf;matched_manifest;https://drive.google.com/file/d/1PCJr7oqnSn97E4khSM4PKTdzvbGKb8XE/preview;22773
ZUN-000674;ZY82001-06;TRZPIEŃ BLOKADY;stal;;ø0,4x1,8;YT-82001;YATO;Czesci_zamienne_YT-82001.pdf;matched_manifest;https://drive.google.com/file/d/1PCJr7oqnSn97E4khSM4PKTdzvbGKb8XE/preview;22774
ZUN-000673;ZY82001-07;TULEJA BLOKADY;stal;;ø2,3x2,8;YT-82001;YATO;Czesci_zamienne_YT-82001.pdf;matched_manifest;https://drive.google.com/file/d/1PCJr7oqnSn97E4khSM4PKTdzvbGKb8XE/preview;22775
ZUN-000676;ZY82001-08;UCHWYT NARZĘDZIOWY;stal;;ø10,2x7,2;YT-82001;YATO;Czesci_zamienne_YT-82001.pdf;matched_manifest;https://drive.google.com/file/d/1PCJr7oqnSn97E4khSM4PKTdzvbGKb8XE/preview;22776
ZUN-000675;ZY82001-09;BLOKADA;stal;;1,8x2,7x9,6;YT-82001;YATO;Czesci_zamienne_YT-82001.pdf;matched_manifest;https://drive.google.com/file/d/1PCJr7oqnSn97E4khSM4PKTdzvbGKb8XE/preview;22777
ZUN-000677;ZY82001-10;PIERŚCIEŃ TŁUMIĄCY;tworzywo;ø48,4/ø67,8/14mm;ø6,8x1,4;YT-82001;YATO;Czesci_zamienne_YT-82001.pdf;matched_manifest;https://drive.google.com/file/d/1PCJr7oqnSn97E4khSM4PKTdzvbGKb8XE/preview;22778
ZUN-000678;ZY82001-11;O-RING;tworzywo;ø23,3/ø33,5/ø5,1mm;ø3,35x0,51;YT-82001;YATO;Czesci_zamienne_YT-82001.pdf;matched_manifest;https://drive.google.com/file/d/1PCJr7oqnSn97E4khSM4PKTdzvbGKb8XE/preview;22779
ZUN-000679;ZY82001-12;TULEJA;stal;ø24,3/ø68,4/27,1mm;ø6,8x2,7;YT-82001;YATO;Czesci_zamienne_YT-82001.pdf;matched_manifest;https://drive.google.com/file/d/1PCJr7oqnSn97E4khSM4PKTdzvbGKb8XE/preview;22780
ZUN-000680;ZY82001-13;PIERŚCIEŃ GUMOWY;tworzywo;ø64,8/ø66,1/27mm;ø6,6x2,7;YT-82001;YATO;Czesci_zamienne_YT-82001.pdf;matched_manifest;https://drive.google.com/file/d/1PCJr7oqnSn97E4khSM4PKTdzvbGKb8XE/preview;22781
ZUN-000681;ZY82001-14;PIERŚCIEŃ;stal;ø54,5/ø65/28mm;ø6,5x2,8;YT-82001;YATO;Czesci_zamienne_YT-82001.pdf;matched_manifest;https://drive.google.com/file/d/1PCJr7oqnSn97E4khSM4PKTdzvbGKb8XE/preview;22782
ZUN-000683;ZY82001-16;PIERŚCIEŃ TŁUMIĄCY;tworzywo;ø59/ø68/9,4mm;ø6,8x1;YT-82001;YATO;Czesci_zamienne_YT-82001.pdf;matched_manifest;https://drive.google.com/file/d/1PCJr7oqnSn97E4khSM4PKTdzvbGKb8XE/preview;22784
ZUN-000684;ZY82001-20;CYLINDER;stal;;ø5,6x16,8;YT-82001;YATO;Czesci_zamienne_YT-82001.pdf;matched_manifest;https://drive.google.com/file/d/1PCJr7oqnSn97E4khSM4PKTdzvbGKb8XE/preview;22787
ZUN-000685;ZY82001-21;USZCZELKA TŁOKA;tworzywo;ø32/ø45/7mm;ø4,5x0,7;YT-82001;YATO;Czesci_zamienne_YT-82001.pdf;matched_manifest;https://drive.google.com/file/d/1PCJr7oqnSn97E4khSM4PKTdzvbGKb8XE/preview;22788
ZUN-000686;ZY82001-22;TŁOK;Aluminium;;ø4,5x4,8;YT-82001;YATO;Czesci_zamienne_YT-82001.pdf;matched_manifest;https://drive.google.com/file/d/1PCJr7oqnSn97E4khSM4PKTdzvbGKb8XE/preview;22789
ZUN-000687;ZY82001-23;TRZPIEŃ TŁOKA;stal;;ø1,2x4,4;YT-82001;YATO;Czesci_zamienne_YT-82001.pdf;matched_manifest;https://drive.google.com/file/d/1PCJr7oqnSn97E4khSM4PKTdzvbGKb8XE/preview;22790
ZUN-000688;ZY82001-24;ŁĄCZNIK TŁOKA;stal;;2,1x3,7x19,6;YT-82001;YATO;Czesci_zamienne_YT-82001.pdf;matched_manifest;https://drive.google.com/file/d/1PCJr7oqnSn97E4khSM4PKTdzvbGKb8XE/preview;22791
ZUN-000120;ZY82001-25;ŁOŻYSKO IGIEŁKOWE NK1820;stal;NK18/20 ø18/ø26/20mm;ø2,6x2;YT-82001;YATO;Czesci_zamienne_YT-82001.pdf;matched_manifest;https://drive.google.com/file/d/1PCJr7oqnSn97E4khSM4PKTdzvbGKb8XE/preview;22792
ZUN-000689;ZY82001-26;OSŁONA ŁOŻYSKA;;;;YT-82001;YATO;Czesci_zamienne_YT-82001.pdf;matched_manifest;https://drive.google.com/file/d/1PCJr7oqnSn97E4khSM4PKTdzvbGKb8XE/preview;22793
ZUN-000059;ZY82001-28;ŁOŻYSKO KULKOWE 6302 2RS;;6302 2RS;ø4,2x1,3;YT-82001;YATO;Czesci_zamienne_YT-82001.pdf;matched_manifest;https://drive.google.com/file/d/1PCJr7oqnSn97E4khSM4PKTdzvbGKb8XE/preview;22794
ZUN-000049;ZY82001-35;ŁOŻYSKO KULKOWE 6205 2RS;;6205 2RS;ø5,2x1,5;YT-82001;YATO;Czesci_zamienne_YT-82001.pdf;matched_manifest;https://drive.google.com/file/d/1PCJr7oqnSn97E4khSM4PKTdzvbGKb8XE/preview;22798
ZUN-000690;ZY82001-36;KLIN CZÓŁENKOWY;stal;;0,4x0,6x1,5;YT-82001;YATO;Czesci_zamienne_YT-82001.pdf;matched_manifest;https://drive.google.com/file/d/1PCJr7oqnSn97E4khSM4PKTdzvbGKb8XE/preview;22799
ZUN-000523;ZY82001-44;O-RING;tworzywo;ø20/ø24/ø2mm;ø2,4x0,2;YT-82001;YATO;Czesci_zamienne_YT-82001.pdf;matched_manifest;https://drive.google.com/file/d/1PCJr7oqnSn97E4khSM4PKTdzvbGKb8XE/preview;22806
ZUN-000041;ZY82001-47;ŁOŻYSKO KULKOWE 6201 2RS;;6201 2RS;ø3,2x1;YT-82001;YATO;Czesci_zamienne_YT-82001.pdf;matched_manifest;https://drive.google.com/file/d/1PCJr7oqnSn97E4khSM4PKTdzvbGKb8XE/preview;22808
ZUN-000031;ZY82001-49;ŁOŻYSKO KULKOWE 6001 2RS;;6001 2RS;ø2,8x0,8;YT-82001;YATO;Czesci_zamienne_YT-82001.pdf;matched_manifest;https://drive.google.com/file/d/1PCJr7oqnSn97E4khSM4PKTdzvbGKb8XE/preview;22810
ZUN-000045;ZY82001-53;ŁOŻYSKO KULKOWE 6203 2RS;;6203 2RS;ø4x1,2;YT-82001;YATO;Czesci_zamienne_YT-82001.pdf;matched_manifest;https://drive.google.com/file/d/1PCJr7oqnSn97E4khSM4PKTdzvbGKb8XE/preview;22814
ZUN-000581;ZY82001-70;WŁĄCZNIK;stal/tworzywo/;FA2-10/2W2-1 10(10)A 250V 5E4;2x5,7x9,5;YT-82001;YATO;Czesci_zamienne_YT-82001.pdf;matched_manifest;https://drive.google.com/file/d/1PCJr7oqnSn97E4khSM4PKTdzvbGKb8XE/preview;22824
ZUN-000283;ZY82001-74;KABEL ZASILAJĄCY Z WTYCZKĄ;tworzywo/miedź;2x1,0mm/4m guma;3,5x9x30;YT-82001;YATO;Czesci_zamienne_YT-82001.pdf;matched_manifest;https://drive.google.com/file/d/1PCJr7oqnSn97E4khSM4PKTdzvbGKb8XE/preview;22826
ZUN-000634;ZY82002-03;PODKŁADKA;stal;ø12,2/ø18/1,2mm;ø1,8x0,12;YT-82002;YATO;Czesci_zamienne_YT-82002.pdf;matched_manifest;https://drive.google.com/file/d/1bOhCY0UKKPZmmG2YHmkbwPijiZIsNO2-/preview;22831
ZUN-000635;ZY82002-04;PODKŁADKA POLIURETANOWA;tworzywo;ø13/ø18/2,5mm;ø1,8x0,25;YT-82002;YATO;Czesci_zamienne_YT-82002.pdf;matched_manifest;https://drive.google.com/file/d/1bOhCY0UKKPZmmG2YHmkbwPijiZIsNO2-/preview;22832
ZUN-000672;ZY82002-05;SPRĘŻYNA BLOKADY;stal;ø14,5/ø17,5/29mm drut ø1,3mm;ø1,8x2,9;YT-82002;YATO;Czesci_zamienne_YT-82002.pdf;matched_manifest;https://drive.google.com/file/d/1bOhCY0UKKPZmmG2YHmkbwPijiZIsNO2-/preview;22833
ZUN-000674;ZY82002-06;TRZPIEŃ BLOKADY;stal;;ø0,4x1,8;YT-82002;YATO;Czesci_zamienne_YT-82002.pdf;matched_manifest;https://drive.google.com/file/d/1bOhCY0UKKPZmmG2YHmkbwPijiZIsNO2-/preview;22834
ZUN-000673;ZY82002-07;TULEJA BLOKADY;stal;;ø2,3x2,8;YT-82002;YATO;Czesci_zamienne_YT-82002.pdf;matched_manifest;https://drive.google.com/file/d/1bOhCY0UKKPZmmG2YHmkbwPijiZIsNO2-/preview;22835
ZUN-000676;ZY82002-08;UCHWYT NARZĘDZIOWY;stal;;ø10,2x7,2;YT-82002;YATO;Czesci_zamienne_YT-82002.pdf;matched_manifest;https://drive.google.com/file/d/1bOhCY0UKKPZmmG2YHmkbwPijiZIsNO2-/preview;22836
ZUN-000675;ZY82002-09;BLOKADA;stal;;1,8x2,7x9,6;YT-82002;YATO;Czesci_zamienne_YT-82002.pdf;matched_manifest;https://drive.google.com/file/d/1bOhCY0UKKPZmmG2YHmkbwPijiZIsNO2-/preview;22837
ZUN-000677;ZY82002-10;PIERŚCIEŃ TŁUMIĄCY;tworzywo;ø48,4/ø67,8/14mm;ø6,8x1,4;YT-82002;YATO;Czesci_zamienne_YT-82002.pdf;matched_manifest;https://drive.google.com/file/d/1bOhCY0UKKPZmmG2YHmkbwPijiZIsNO2-/preview;22838
ZUN-000678;ZY82002-11;O-RING;tworzywo;ø23,3/ø33,5/ø5,1mm;ø3,35x0,51;YT-82002;YATO;Czesci_zamienne_YT-82002.pdf;matched_manifest;https://drive.google.com/file/d/1bOhCY0UKKPZmmG2YHmkbwPijiZIsNO2-/preview;22839
ZUN-000679;ZY82002-12;TULEJA;stal;ø24,3/ø68,4/27,1mm;ø6,8x2,7;YT-82002;YATO;Czesci_zamienne_YT-82002.pdf;matched_manifest;https://drive.google.com/file/d/1bOhCY0UKKPZmmG2YHmkbwPijiZIsNO2-/preview;22840
ZUN-000680;ZY82002-13;PIERŚCIEŃ GUMOWY;tworzywo;ø64,8/ø66,1/27mm;ø6,6x2,7;YT-82002;YATO;Czesci_zamienne_YT-82002.pdf;matched_manifest;https://drive.google.com/file/d/1bOhCY0UKKPZmmG2YHmkbwPijiZIsNO2-/preview;22841
ZUN-000681;ZY82002-14;PIERŚCIEŃ;stal;ø54,5/ø65/28mm;ø6,5x2,8;YT-82002;YATO;Czesci_zamienne_YT-82002.pdf;matched_manifest;https://drive.google.com/file/d/1bOhCY0UKKPZmmG2YHmkbwPijiZIsNO2-/preview;22842
ZUN-000683;ZY82002-16;PIERŚCIEŃ TŁUMIĄCY;tworzywo;ø59/ø68/9,4mm;ø6,8x1;YT-82002;YATO;Czesci_zamienne_YT-82002.pdf;matched_manifest;https://drive.google.com/file/d/1bOhCY0UKKPZmmG2YHmkbwPijiZIsNO2-/preview;22844
ZUN-000684;ZY82002-20;CYLINDER;stal;;ø5,6x16,8;YT-82002;YATO;Czesci_zamienne_YT-82002.pdf;matched_manifest;https://drive.google.com/file/d/1bOhCY0UKKPZmmG2YHmkbwPijiZIsNO2-/preview;22847
ZUN-000685;ZY82002-21;PIERŚCIERŃ TŁOKA;tworzywo;ø32/ø45/7mm;ø4,5x0,7;YT-82002;YATO;Czesci_zamienne_YT-82002.pdf;matched_manifest;https://drive.google.com/file/d/1bOhCY0UKKPZmmG2YHmkbwPijiZIsNO2-/preview;22848
ZUN-000686;ZY82002-22;TŁOK;Aluminium;;ø4,5x4,8;YT-82002;YATO;Czesci_zamienne_YT-82002.pdf;matched_manifest;https://drive.google.com/file/d/1bOhCY0UKKPZmmG2YHmkbwPijiZIsNO2-/preview;22849
ZUN-000687;ZY82002-23;TRZPIEŃ TŁOKA;stal;;ø1,2x4,4;YT-82002;YATO;Czesci_zamienne_YT-82002.pdf;matched_manifest;https://drive.google.com/file/d/1bOhCY0UKKPZmmG2YHmkbwPijiZIsNO2-/preview;22850
ZUN-000688;ZY82002-24;ŁĄCZNIK TŁOKA;stal;;2,1x3,7x19,6;YT-82002;YATO;Czesci_zamienne_YT-82002.pdf;matched_manifest;https://drive.google.com/file/d/1bOhCY0UKKPZmmG2YHmkbwPijiZIsNO2-/preview;22851
ZUN-000120;ZY82002-25;ŁOŻYSKO IGIEŁKOWE NK1820;;NK18/20 ø18/ø26/20mm;ø2,6x2;YT-82002;YATO;Czesci_zamienne_YT-82002.pdf;matched_manifest;https://drive.google.com/file/d/1bOhCY0UKKPZmmG2YHmkbwPijiZIsNO2-/preview;22852
ZUN-000689;ZY82002-26;OSŁONA ŁOŻYSKA;;;;YT-82002;YATO;Czesci_zamienne_YT-82002.pdf;matched_manifest;https://drive.google.com/file/d/1bOhCY0UKKPZmmG2YHmkbwPijiZIsNO2-/preview;22853
ZUN-000690;ZY82002-36;KLIN CZÓŁENKOWY;stal;;0,4x0,6x1,5;YT-82002;YATO;Czesci_zamienne_YT-82002.pdf;matched_manifest;https://drive.google.com/file/d/1bOhCY0UKKPZmmG2YHmkbwPijiZIsNO2-/preview;22857
ZUN-000523;ZY82002-43;O-RING;;ø20/ø24/ø2mm;ø2,4x0,2;YT-82002;YATO;Czesci_zamienne_YT-82002.pdf;matched_manifest;https://drive.google.com/file/d/1bOhCY0UKKPZmmG2YHmkbwPijiZIsNO2-/preview;22863
ZUN-000581;ZY82002-78;WŁĄCZNIK;;FA2-10/2W2-1 10(10)A 250V 5E4;2x5,7x9,5;YT-82002;YATO;Czesci_zamienne_YT-82002.pdf;matched_manifest;https://drive.google.com/file/d/1bOhCY0UKKPZmmG2YHmkbwPijiZIsNO2-/preview;22879
ZUN-000283;ZY82002-83;KABEL ZASILAJĄCY Z WTYCZKĄ;;2x1,0mm/4m guma H07RN-F ø8mm// H05RN-F ø7mm;3,5x9x30;YT-82002;YATO;Czesci_zamienne_YT-82002.pdf;matched_manifest;https://drive.google.com/file/d/1bOhCY0UKKPZmmG2YHmkbwPijiZIsNO2-/preview;22882
ZUN-000283;ZY82003-073;KABEL Z WTYCZKĄ;;2x1,0mm/4m guma H07RN-F ø8mm;4,7x10x35,2;YT-82003;YATO;Czesci_zamienne_YT-82003.pdf;matched_manifest;https://drive.google.com/file/d/1sg7wd4jaFT7nLYyBrJs5xwgeObJjEzcl/preview;22941
ZUN-000246;ZY82004-026;KLIN;;;0,4x0,4x1,2;YT-82004;YATO;Czesci_zamienne_YT-82004.pdf;matched_manifest;https://drive.google.com/file/d/1m56493qyPTr8tJ7W5-wIw1a0hPtuRl-4/preview;22978
ZUN-000283;ZY82004-078;KABEL Z WTYCZKĄ;;;4,7x10x35,2;YT-82004;YATO;Czesci_zamienne_YT-82004.pdf;matched_manifest;https://drive.google.com/file/d/1m56493qyPTr8tJ7W5-wIw1a0hPtuRl-4/preview;23005
ZUN-000634;ZY82007-001;PODKŁADKA;stal;ø12,2/ø18/1,2mm;ø1,8x0,12;YT-82007;YATO;Czesci_zamienne_YT-82007.pdf;matched_manifest;https://drive.google.com/file/d/14Bj8jFU0b3rBl6RgSWqpZrHOMLe1AQ_u/preview;23060
ZUN-000635;ZY82007-002;PODKŁADKA POLIURETANOWA;tworzywo;ø13/ø18/2,5mm;ø1,8x0,25;YT-82007;YATO;Czesci_zamienne_YT-82007.pdf;matched_manifest;https://drive.google.com/file/d/14Bj8jFU0b3rBl6RgSWqpZrHOMLe1AQ_u/preview;23061
ZUN-000672;ZY82007-003;SPRĘŻYNA BLOKADY;stal;ø14,5/ø17,5/29mm drut ø1,3mm;ø1,8x2,9;YT-82007;YATO;Czesci_zamienne_YT-82007.pdf;matched_manifest;https://drive.google.com/file/d/14Bj8jFU0b3rBl6RgSWqpZrHOMLe1AQ_u/preview;23062
ZUN-000673;ZY82007-004;TULEJA BLOKADY;stal;;ø2,3x2,8;YT-82007;YATO;Czesci_zamienne_YT-82007.pdf;matched_manifest;https://drive.google.com/file/d/14Bj8jFU0b3rBl6RgSWqpZrHOMLe1AQ_u/preview;23063
ZUN-000674;ZY82007-005;TRZPIEŃ BLOKADY;stal;;ø0,4x1,8;YT-82007;YATO;Czesci_zamienne_YT-82007.pdf;matched_manifest;https://drive.google.com/file/d/14Bj8jFU0b3rBl6RgSWqpZrHOMLe1AQ_u/preview;23064
ZUN-000675;ZY82007-006;BLOKADA;stal;;1,8x2,7x9,6;YT-82007;YATO;Czesci_zamienne_YT-82007.pdf;matched_manifest;https://drive.google.com/file/d/14Bj8jFU0b3rBl6RgSWqpZrHOMLe1AQ_u/preview;23065
ZUN-000678;ZY82007-011;O-RING;tworzywo;ø23,3/ø33,5/ø5,1mm;ø3,35x0,51;YT-82007;YATO;Czesci_zamienne_YT-82007.pdf;matched_manifest;https://drive.google.com/file/d/14Bj8jFU0b3rBl6RgSWqpZrHOMLe1AQ_u/preview;23068
ZUN-000679;ZY82007-012;TULEJA;stal;ø24,3/ø68,4/27,1mm;ø6,8x2,7;YT-82007;YATO;Czesci_zamienne_YT-82007.pdf;matched_manifest;https://drive.google.com/file/d/14Bj8jFU0b3rBl6RgSWqpZrHOMLe1AQ_u/preview;23069
ZUN-000681;ZY82007-013;PIERŚCIEŃ;stal;ø54,5/ø65/28mm;ø6,5x2,8;YT-82007;YATO;Czesci_zamienne_YT-82007.pdf;matched_manifest;https://drive.google.com/file/d/14Bj8jFU0b3rBl6RgSWqpZrHOMLe1AQ_u/preview;23070
ZUN-000680;ZY82007-014;PIERŚCIEŃ GUMOWY;tworzywo;ø64,8/ø66,1/27mm;ø6,6x2,7;YT-82007;YATO;Czesci_zamienne_YT-82007.pdf;matched_manifest;https://drive.google.com/file/d/14Bj8jFU0b3rBl6RgSWqpZrHOMLe1AQ_u/preview;23071
ZUN-000682;ZY82007-015;PODKŁADKA;stal;ø58/ø68/2mm;ø6,8x0,2;YT-82007;YATO;Czesci_zamienne_YT-82007.pdf;matched_manifest;https://drive.google.com/file/d/14Bj8jFU0b3rBl6RgSWqpZrHOMLe1AQ_u/preview;23072
ZUN-000683;ZY82007-016;PIERŚCIEŃ TŁUMIĄCY;tworzywo;ø59/ø68/9,4mm;ø6,8x1;YT-82007;YATO;Czesci_zamienne_YT-82007.pdf;matched_manifest;https://drive.google.com/file/d/14Bj8jFU0b3rBl6RgSWqpZrHOMLe1AQ_u/preview;23073
ZUN-000682;ZY82007-017;PODKŁADKA;stal;ø58/ø68/2mm;ø6,8x0,2;YT-82007;YATO;Czesci_zamienne_YT-82007.pdf;matched_manifest;https://drive.google.com/file/d/14Bj8jFU0b3rBl6RgSWqpZrHOMLe1AQ_u/preview;23074
ZUN-000684;ZY82007-022;CYLINDER;stal;;ø5,6x16,8;YT-82007;YATO;Czesci_zamienne_YT-82007.pdf;matched_manifest;https://drive.google.com/file/d/14Bj8jFU0b3rBl6RgSWqpZrHOMLe1AQ_u/preview;23076
ZUN-000685;ZY82007-023;USZCZELKA TŁOKA;tworzywo;ø32/ø45/7mm;ø4,5x0,7;YT-82007;YATO;Czesci_zamienne_YT-82007.pdf;matched_manifest;https://drive.google.com/file/d/14Bj8jFU0b3rBl6RgSWqpZrHOMLe1AQ_u/preview;23077
ZUN-000687;ZY82007-024;TRZPIEŃ TŁOKA;stal;;ø1,2x4,4;YT-82007;YATO;Czesci_zamienne_YT-82007.pdf;matched_manifest;https://drive.google.com/file/d/14Bj8jFU0b3rBl6RgSWqpZrHOMLe1AQ_u/preview;23078
ZUN-000686;ZY82007-025;TŁOK;Aluminium;;ø4,5x4,8;YT-82007;YATO;Czesci_zamienne_YT-82007.pdf;matched_manifest;https://drive.google.com/file/d/14Bj8jFU0b3rBl6RgSWqpZrHOMLe1AQ_u/preview;23079
ZUN-000688;ZY82007-026;ŁĄCZNIK TŁOKA;stal;;2,1x3,7x19,6;YT-82007;YATO;Czesci_zamienne_YT-82007.pdf;matched_manifest;https://drive.google.com/file/d/14Bj8jFU0b3rBl6RgSWqpZrHOMLe1AQ_u/preview;23080
ZUN-000120;ZY82007-027;ŁOŻYSKO IGIEŁKOWE NK1820;;NK18/20 ø18/ø26/20mm;ø2,6x2;YT-82007;YATO;Czesci_zamienne_YT-82007.pdf;matched_manifest;https://drive.google.com/file/d/14Bj8jFU0b3rBl6RgSWqpZrHOMLe1AQ_u/preview;23081
ZUN-000689;ZY82007-029;OSŁONA ŁOŻYSKA;;;ø3,4x0,2;YT-82007;YATO;Czesci_zamienne_YT-82007.pdf;matched_manifest;https://drive.google.com/file/d/14Bj8jFU0b3rBl6RgSWqpZrHOMLe1AQ_u/preview;23083
ZUN-000162;ZY82007-S21;KLIN CZÓŁENKOWY;;3/5/12mm;0,3x0,5x1,2;YT-82007;YATO;Czesci_zamienne_YT-82007.pdf;matched_manifest;https://drive.google.com/file/d/14Bj8jFU0b3rBl6RgSWqpZrHOMLe1AQ_u/preview;23113
ZUN-000117;ZY82007-S37;ŁOŻYSKO IGIEŁKOWE KBK 10/13/15.5 bez osłon;;ø10/ø14/15,5mm;ø1,4x1,5;YT-82007;YATO;Czesci_zamienne_YT-82007.pdf;matched_manifest;https://drive.google.com/file/d/14Bj8jFU0b3rBl6RgSWqpZrHOMLe1AQ_u/preview;23118
ZUN-000662;ZY82007-S40;TRZPIEŃ TŁOKA sworzeń;stal;ø6,6/ø10/35,8mm;ø1x3,6;YT-82007;YATO;Czesci_zamienne_YT-82007.pdf;matched_manifest;https://drive.google.com/file/d/14Bj8jFU0b3rBl6RgSWqpZrHOMLe1AQ_u/preview;23121
ZUN-000594;ZY82007-S46;ŚWIECA ZAPŁONOWA;;L8RTC LD NHSP;1,9x2,1x5,6;YT-82007;YATO;Czesci_zamienne_YT-82007.pdf;matched_manifest;https://drive.google.com/file/d/14Bj8jFU0b3rBl6RgSWqpZrHOMLe1AQ_u/preview;23125
ZUN-000041;ZY82015-45;ŁOŻYSKO KULKOWE 6201 2RS;;6201 2RS;ø3,2x1;YT-82015;YATO;Czesci_zamienne_YT-82015.pdf;matched_manifest;https://drive.google.com/file/d/1CcNmyyKYuvnOGhWxPCi6AdDLS7oaVKqs/preview;23147
ZUN-000105;ZY82015-50;ŁOŻYSKO IGIEŁKOWE HK0810;stal;HK0810 ø8/ø12/10mm;ø1,2x1;YT-82015;YATO;Czesci_zamienne_YT-82015.pdf;matched_manifest;https://drive.google.com/file/d/1CcNmyyKYuvnOGhWxPCi6AdDLS7oaVKqs/preview;23150
ZUN-000453;ZY82015-55;NAKRĘTKA SAMOKONTRUJĄCA M8;stal;M8 samokontrująca;0,5x1,2x1,35;YT-82015;YATO;Czesci_zamienne_YT-82015.pdf;matched_manifest;https://drive.google.com/file/d/1CcNmyyKYuvnOGhWxPCi6AdDLS7oaVKqs/preview;23154
ZUN-000029;ZY82015-57;ŁOŻYSKO KULKOWE 6000 2RS;;6000 2RS;ø2,6x0,8;YT-82015;YATO;Czesci_zamienne_YT-82015.pdf;matched_manifest;https://drive.google.com/file/d/1CcNmyyKYuvnOGhWxPCi6AdDLS7oaVKqs/preview;23156
ZUN-000006;ZY82015-61;ŁOŻYSKO KULKOWE 608 2RS;;608 2RS;ø2,2x0,7;YT-82015;YATO;Czesci_zamienne_YT-82015.pdf;matched_manifest;https://drive.google.com/file/d/1CcNmyyKYuvnOGhWxPCi6AdDLS7oaVKqs/preview;23158
ZUN-000598;ZY82015-65;OSŁONA ŁOŻYSKA 608;tworzywo;ø17/ø21,8/ø25/7,5mm;ø2,45x0,75;YT-82015;YATO;Czesci_zamienne_YT-82015.pdf;matched_manifest;https://drive.google.com/file/d/1CcNmyyKYuvnOGhWxPCi6AdDLS7oaVKqs/preview;23160
ZUN-000281;ZY82015-85;KABEL ZASILAJĄCY Z WTYCZKĄ;tworzywo/miedź;2x1,0mm/3m guma H07RN-F ø8mm// H05RN-F ø7mm;3,5x6x32;YT-82015;YATO;Czesci_zamienne_YT-82015.pdf;matched_manifest;https://drive.google.com/file/d/1CcNmyyKYuvnOGhWxPCi6AdDLS7oaVKqs/preview;23169
ZUN-000524;ZY82020-04;O-RING;;ø18/ø24/ø3mm;ø2,4x0,3;YT-82020;YATO;Czesci_zamienne_YT-82020.pdf;matched_manifest;https://drive.google.com/file/d/10OdfxryxU6l5X9i470HBdL4zZd0i-nvo/preview;23205
ZUN-000033;ZY82020-17;ŁOŻYSKO KULKOWE 6002 2RS;;6002 2RS;ø3,2x0,9;YT-82020;YATO;Czesci_zamienne_YT-82020.pdf;matched_manifest;https://drive.google.com/file/d/10OdfxryxU6l5X9i470HBdL4zZd0i-nvo/preview;23208
ZUN-000029;ZY82020-21;ŁOŻYSKO KULKOWE 6000 2RS;;6000 2RS;ø2,6x0,8;YT-82020;YATO;Czesci_zamienne_YT-82020.pdf;matched_manifest;https://drive.google.com/file/d/10OdfxryxU6l5X9i470HBdL4zZd0i-nvo/preview;23210
ZUN-000004;ZY82020-27;ŁOŻYSKO KULKOWE 607 2RS;;607 2RS;ø1,9x0,6;YT-82020;YATO;Czesci_zamienne_YT-82020.pdf;matched_manifest;https://drive.google.com/file/d/10OdfxryxU6l5X9i470HBdL4zZd0i-nvo/preview;23215
ZUN-000283;ZY82020-36;KABEL ZASILAJACY Z WTYCZKĄ;;2x1,0mm/4m;3,5x9x30;YT-82020;YATO;Czesci_zamienne_YT-82020.pdf;matched_manifest;https://drive.google.com/file/d/10OdfxryxU6l5X9i470HBdL4zZd0i-nvo/preview;23221
ZUN-000524;ZY82021-06;O-RING;guma;ø18/ø24/ø3mm;ø2,4x0,3;YT-82021;YATO;Czesci_zamienne_YT-82021.pdf;matched_manifest;https://drive.google.com/file/d/1l7Yz2-SNoUcfZ4XTEMvJ2Kbt0FWnOr9X/preview;23226
ZUN-000033;ZY82021-19;ŁOŻYSKO KULKOWE 6002 2RS;;6002 2RS;ø3,2x0,9;YT-82021;YATO;Czesci_zamienne_YT-82021.pdf;matched_manifest;https://drive.google.com/file/d/1l7Yz2-SNoUcfZ4XTEMvJ2Kbt0FWnOr9X/preview;23230
ZUN-000031;ZY82021-25;ŁOŻYSKO KULKOWE 6001 2RS;stal;6001 2RS;ø2,8x0,8;YT-82021;YATO;Czesci_zamienne_YT-82021.pdf;matched_manifest;https://drive.google.com/file/d/1l7Yz2-SNoUcfZ4XTEMvJ2Kbt0FWnOr9X/preview;23232
ZUN-000005;ZY82021-27;ŁOŻYSKO KULKOWE 608 2Z;stal;608 2Z;ø2,2x0,7;YT-82021;YATO;Czesci_zamienne_YT-82021.pdf;matched_manifest;https://drive.google.com/file/d/1l7Yz2-SNoUcfZ4XTEMvJ2Kbt0FWnOr9X/preview;23234
ZUN-000598;ZY82021-28;OSŁONA ŁOŻYSKA 608 2Z;tworzywo;ø15,2/ø21,8/ø25/9mm;ø2,5x0,9;YT-82021;YATO;Czesci_zamienne_YT-82021.pdf;matched_manifest;https://drive.google.com/file/d/1l7Yz2-SNoUcfZ4XTEMvJ2Kbt0FWnOr9X/preview;23235
ZUN-000283;ZY82021-39;KABEL ZASILAJACY Z WTYCZKĄ;tworzywo/miedź;2x1,0mm/4m guma;3,5x9x30;YT-82021;YATO;Czesci_zamienne_YT-82021.pdf;matched_manifest;https://drive.google.com/file/d/1l7Yz2-SNoUcfZ4XTEMvJ2Kbt0FWnOr9X/preview;23240
ZUN-000260;ZY82025-11;KULKA STALOWA Φ7.14MM;;ø7,14mm;;YT-82025;YATO;Czesci_zamienne_YT-82025.pdf;matched_manifest;https://drive.google.com/file/d/1E23mz5vq_pPq9w3NNAlhUYeuQLM8fAdQ/preview;23251
ZUN-000255;ZY82025-13;KULKA STALOWA Φ5MM;;ø5mm;;YT-82025;YATO;Czesci_zamienne_YT-82025.pdf;matched_manifest;https://drive.google.com/file/d/1E23mz5vq_pPq9w3NNAlhUYeuQLM8fAdQ/preview;23252
ZUN-000041;ZY82025-26;ŁOŻYSKO KULKOWE 6201 2RS;;6201 2RS;ø2,8x0,8;YT-82025;YATO;Czesci_zamienne_YT-82025.pdf;matched_manifest;https://drive.google.com/file/d/1E23mz5vq_pPq9w3NNAlhUYeuQLM8fAdQ/preview;23257
ZUN-000017;ZY82025-29;ŁOŻYSKO KULKOWE 628 2RS;;628 2RS;ø2,4x0,8;YT-82025;YATO;Czesci_zamienne_YT-82025.pdf;matched_manifest;https://drive.google.com/file/d/1E23mz5vq_pPq9w3NNAlhUYeuQLM8fAdQ/preview;23259
ZUN-000283;ZY82025-38;KABEL ZASILAJĄCY;;2x1,0mm/4m H07RN-F;4,1x6,8x25;YT-82025;YATO;Czesci_zamienne_YT-82025.pdf;matched_manifest;https://drive.google.com/file/d/1E23mz5vq_pPq9w3NNAlhUYeuQLM8fAdQ/preview;23263
ZUN-000133;ZY8203001;ŚRUBA M6 lewy gwint 22mm;stal;M6 lewy gwint 22mm;ø1,1x2,5;;;;unknown;;23268
ZUN-000134;ZY8203002;UCHWYT WIERTARSKI (kluczyk);;"1,5-13mm 1/2""-20UNF";ø4,2x5,8;;;;unknown;;23269
ZUN-000241;ZY8203004;KLIN CZÓŁENKOWY;;;0,3x0,4x0,9;;;;unknown;;23271
ZUN-000031;ZY8203005;ŁOŻYSKO KULKOWE 6001 2RS;;6001 2RS;ø2,8x0,8;;;;unknown;;23272
ZUN-000005;ZY8203014;ŁOŻYSKO KULKOWE 608 2Z;;608 2Z;ø2,2x0,7;;;;unknown;;23281
ZUN-000254;ZY8203016;KULKA STALOWA;;ø4mm;ø0,4;;;;unknown;;23282
ZUN-000003;ZY8203026;ŁOŻYSKO KULKOWE 607 2Z;;607 2Z;ø1,9x0,6;;;;unknown;;23289
ZUN-000652;ZY8203035;KONDENSATOR 0,33µF;tworzywo;0,33μF X2K+2X2200PF Y2M;1x1,8x2,6;;;;unknown;;23295
ZUN-000272;ZY8203038;KABEL ZASILAJACY Z WTYCZKĄ;;2x0,75mm/2m H05VV-F;3,5x6x25;;;;unknown;;23297
ZUN-000133;ZY82034-01;ŚRUBA M6 lewy gwint 22mm;stal;M6 lewy gwint 22mm;ø1,1x2,5;YT-82034;YATO;Czesci_zamienne_YT-82034.pdf;matched_manifest;https://drive.google.com/file/d/1Tk26NmtcMsp3Vovu6wl1EFn6j600w1o2/preview;23299
ZUN-000139;ZY82034-02;UCHWYT WIERTARSKI samo zacisk;;2-13mm 1/2-20UNF;ø4,3x6,2;YT-82034;YATO;Czesci_zamienne_YT-82034.pdf;matched_manifest;https://drive.google.com/file/d/1Tk26NmtcMsp3Vovu6wl1EFn6j600w1o2/preview;23300
ZUN-000030;ZY82034-05;ŁOŻYSKO KULKOWE 6001 2Z;stal;6001 2Z;ø2,8x0,8;YT-82034;YATO;Czesci_zamienne_YT-82034.pdf;matched_manifest;https://drive.google.com/file/d/1Tk26NmtcMsp3Vovu6wl1EFn6j600w1o2/preview;23303
ZUN-000005;ZY82034-10;ŁOŻYSKO KULKOWE 608 2Z;stal;608 2Z;ø2,2x0,7;YT-82034;YATO;Czesci_zamienne_YT-82034.pdf;matched_manifest;https://drive.google.com/file/d/1Tk26NmtcMsp3Vovu6wl1EFn6j600w1o2/preview;23307
ZUN-000003;ZY82034-17;ŁOŻYSKO KULKOWE 607 2Z;stal;607 2Z;ø1,9x0,6;YT-82034;YATO;Czesci_zamienne_YT-82034.pdf;matched_manifest;https://drive.google.com/file/d/1Tk26NmtcMsp3Vovu6wl1EFn6j600w1o2/preview;23313
ZUN-000600;ZY82034-18;OSŁONA ŁOŻYSKA;tworzywo;ø13/ø19/ø22,1/8mm;ø2,21x0,8;YT-82034;YATO;Czesci_zamienne_YT-82034.pdf;matched_manifest;https://drive.google.com/file/d/1Tk26NmtcMsp3Vovu6wl1EFn6j600w1o2/preview;23314
ZUN-000274;ZY82034-36;KABEL ZASILAJĄCY Z WTYCZKĄ;tworzywo/miedź;2x0,75mm/3m H05RN-F;3,5x7x28;YT-82034;YATO;Czesci_zamienne_YT-82034.pdf;matched_manifest;https://drive.google.com/file/d/1Tk26NmtcMsp3Vovu6wl1EFn6j600w1o2/preview;23321
ZUN-000133;ZY8203501;ŚRUBA M6 lewy gwint 22mm;stal;M6 lewy gwint 22mm;ø1,1x2,5;YT-82035;YATO;Czesci_zamienne_YT-82035.pdf;matched_manifest;https://drive.google.com/file/d/1ol9g3KDpO5g3Y2zTOh4DsWSwZUVTa57i/preview;23324
ZUN-000134;ZY8203502;UCHWYT WIERTARSKI (kluczyk);;"1,5-13mm 1/2""-20UNF";ø4,2x5,8;YT-82035;YATO;Czesci_zamienne_YT-82035.pdf;matched_manifest;https://drive.google.com/file/d/1ol9g3KDpO5g3Y2zTOh4DsWSwZUVTa57i/preview;23325
ZUN-000241;ZY8203504;KLIN CZÓŁENKOWY;;;0,3x0,4x0,9;YT-82035;YATO;Czesci_zamienne_YT-82035.pdf;matched_manifest;https://drive.google.com/file/d/1ol9g3KDpO5g3Y2zTOh4DsWSwZUVTa57i/preview;23327
ZUN-000031;ZY8203505;ŁOŻYSKO KULKOWE 6001 2RS;;6001 2RS;ø2,8x0,8;YT-82035;YATO;Czesci_zamienne_YT-82035.pdf;matched_manifest;https://drive.google.com/file/d/1ol9g3KDpO5g3Y2zTOh4DsWSwZUVTa57i/preview;23328
ZUN-000624;ZY8203506;PIERŚCIEŃ USTALAJĄCY;stal;a-11mm/ b-16mm/ c-1mm;0,1x1,4x1,6;YT-82035;YATO;Czesci_zamienne_YT-82035.pdf;matched_manifest;https://drive.google.com/file/d/1ol9g3KDpO5g3Y2zTOh4DsWSwZUVTa57i/preview;23329
ZUN-000624;ZY8203510;PIERŚCIEŃ USTALAJĄCY;stal;a-11mm/ b-16mm/ c-1mm;0,1x1,4x1,6;YT-82035;YATO;Czesci_zamienne_YT-82035.pdf;matched_manifest;https://drive.google.com/file/d/1ol9g3KDpO5g3Y2zTOh4DsWSwZUVTa57i/preview;23333
ZUN-000005;ZY8203514;ŁOŻYSKO KULKOWE 608 2Z;;608 2Z;ø2,2x0,7;YT-82035;YATO;Czesci_zamienne_YT-82035.pdf;matched_manifest;https://drive.google.com/file/d/1ol9g3KDpO5g3Y2zTOh4DsWSwZUVTa57i/preview;23337
ZUN-000254;ZY8203516;KULKA STALOWA;;ø4mm;ø0,4;YT-82035;YATO;Czesci_zamienne_YT-82035.pdf;matched_manifest;https://drive.google.com/file/d/1ol9g3KDpO5g3Y2zTOh4DsWSwZUVTa57i/preview;23338
ZUN-000003;ZY8203526;ŁOŻYSKO KULKOWE 607 2Z;;607 2Z;ø1,9x0,6;YT-82035;YATO;Czesci_zamienne_YT-82035.pdf;matched_manifest;https://drive.google.com/file/d/1ol9g3KDpO5g3Y2zTOh4DsWSwZUVTa57i/preview;23345
ZUN-000652;ZY8203535;KONDENSATOR 0,33µF;tworzywo;0,33μF X2K+2X2200PF Y2M;1x1,8x2,6;YT-82035;YATO;Czesci_zamienne_YT-82035.pdf;matched_manifest;https://drive.google.com/file/d/1ol9g3KDpO5g3Y2zTOh4DsWSwZUVTa57i/preview;23351
ZUN-000133;ZY82036001;ŚRUBA M6 lewy gwint 22mm;stal;M6 lewy gwint 22mm;ø1,1x2,5;YT-82036;YATO;Czesci_zamienne_YT-82036.pdf;matched_manifest;https://drive.google.com/file/d/1SUQW2DjhaeQujneriMdtuw4NCl-Yi0az/preview;23355
ZUN-000138;ZY82036002;UCHWYT WIERTARSKI samo zacisk;;"13mm(1/2"") metalowy";ø4,3x6,2;YT-82036;YATO;Czesci_zamienne_YT-82036.pdf;matched_manifest;https://drive.google.com/file/d/1SUQW2DjhaeQujneriMdtuw4NCl-Yi0az/preview;23356
ZUN-000254;ZY82036007;KULKA STALOWA;;ø4mm;ø0,4;YT-82036;YATO;Czesci_zamienne_YT-82036.pdf;matched_manifest;https://drive.google.com/file/d/1SUQW2DjhaeQujneriMdtuw4NCl-Yi0az/preview;23360
ZUN-000032;ZY82036008;ŁOŻYSKO KULKOWE 6002 2Z;;6002 2Z;ø3,2x0,9;YT-82036;YATO;Czesci_zamienne_YT-82036.pdf;matched_manifest;https://drive.google.com/file/d/1SUQW2DjhaeQujneriMdtuw4NCl-Yi0az/preview;23361
ZUN-000005;ZY82036016;ŁOŻYSKO KULKOWE 608 2Z;;608 2Z;ø2,2x0,7;YT-82036;YATO;Czesci_zamienne_YT-82036.pdf;matched_manifest;https://drive.google.com/file/d/1SUQW2DjhaeQujneriMdtuw4NCl-Yi0az/preview;23366
ZUN-000003;ZY82036023;ŁOŻYSKO KULKOWE 607 2Z;;607 2Z;ø1,9x0,6;YT-82036;YATO;Czesci_zamienne_YT-82036.pdf;matched_manifest;https://drive.google.com/file/d/1SUQW2DjhaeQujneriMdtuw4NCl-Yi0az/preview;23373
ZUN-000600;ZY82036024;OSŁONA ŁOŻYSKA 607;tworzywo;ø13,9/ø19/ø22,1/7,6mm;ø2,21x0,76;YT-82036;YATO;Czesci_zamienne_YT-82036.pdf;matched_manifest;https://drive.google.com/file/d/1SUQW2DjhaeQujneriMdtuw4NCl-Yi0az/preview;23374
ZUN-000271;ZY82036039;KABEL ZASILAJACY Z WTYCZKĄ;;2x0,75mm/2,5m guma;3,5x6x30;YT-82036;YATO;Czesci_zamienne_YT-82036.pdf;matched_manifest;https://drive.google.com/file/d/1SUQW2DjhaeQujneriMdtuw4NCl-Yi0az/preview;23381
ZUN-000133;ZY82037001;ŚRUBA M6 lewy gwint 22mm;stal;M6 lewy gwint 22mm;ø1,1x2,5;YT-82037;YATO;Czesci_zamienne_YT-82037.pdf;matched_manifest;https://drive.google.com/file/d/1YnU5z8V9shykps1ZyFCY--AFX58sheLB/preview;23386
ZUN-000138;ZY82037002;UCHWYT WIERTARSKI samo zacisk;;"13mm(1/2"") metalowy";ø4,3x6,2;YT-82037;YATO;Czesci_zamienne_YT-82037.pdf;matched_manifest;https://drive.google.com/file/d/1YnU5z8V9shykps1ZyFCY--AFX58sheLB/preview;23387
ZUN-000034;ZY82037006;ŁOŻYSKO KULKOWE 6003 2Z;;6003 2Z;ø3,5x1;YT-82037;YATO;Czesci_zamienne_YT-82037.pdf;matched_manifest;https://drive.google.com/file/d/1YnU5z8V9shykps1ZyFCY--AFX58sheLB/preview;23390
ZUN-000252;ZY82037018;KULKA STALOWA;;ø3mm;ø0,3;YT-82037;YATO;Czesci_zamienne_YT-82037.pdf;matched_manifest;https://drive.google.com/file/d/1YnU5z8V9shykps1ZyFCY--AFX58sheLB/preview;23400
ZUN-000005;ZY82037023;ŁOŻYSKO KULKOWE 608 2Z;;608 2Z;ø2,2x0,7;YT-82037;YATO;Czesci_zamienne_YT-82037.pdf;matched_manifest;https://drive.google.com/file/d/1YnU5z8V9shykps1ZyFCY--AFX58sheLB/preview;23405
ZUN-000019;ZY82037028;ŁOŻYSKO KULKOWE 629 2RS;;629 2RS;ø2,6x0,8;YT-82037;YATO;Czesci_zamienne_YT-82037.pdf;matched_manifest;https://drive.google.com/file/d/1YnU5z8V9shykps1ZyFCY--AFX58sheLB/preview;23410
ZUN-000025;ZY82037030;ŁOŻYSKO KULKOWE 697 2Z;;697 2Z;ø1,7x0,5;YT-82037;YATO;Czesci_zamienne_YT-82037.pdf;matched_manifest;https://drive.google.com/file/d/1YnU5z8V9shykps1ZyFCY--AFX58sheLB/preview;23412
ZUN-000254;ZY82037032;KULKA STALOWA;;ø4mm;ø0,4;YT-82037;YATO;Czesci_zamienne_YT-82037.pdf;matched_manifest;https://drive.google.com/file/d/1YnU5z8V9shykps1ZyFCY--AFX58sheLB/preview;23414
ZUN-000003;ZY82037035;ŁOŻYSKO KULKOWE 607 2Z;;607 2Z;ø1,9x0,6;YT-82037;YATO;Czesci_zamienne_YT-82037.pdf;matched_manifest;https://drive.google.com/file/d/1YnU5z8V9shykps1ZyFCY--AFX58sheLB/preview;23416
ZUN-000600;ZY82037039;OSŁONA ŁOŻYSKA 607;tworzywo;ø12,7/ø19/ø22,1/7,6mm;ø2,21x0,76;YT-82037;YATO;Czesci_zamienne_YT-82037.pdf;matched_manifest;https://drive.google.com/file/d/1YnU5z8V9shykps1ZyFCY--AFX58sheLB/preview;23418
ZUN-000271;ZY82037056;KABEL ZASILAJACY Z WTYCZKĄ;;2x0,75mm/2,5m guma;3,5x6x30;YT-82037;YATO;Czesci_zamienne_YT-82037.pdf;matched_manifest;https://drive.google.com/file/d/1YnU5z8V9shykps1ZyFCY--AFX58sheLB/preview;23425
ZUN-000275;ZY82038-05;KABEL Z WTYCZKĄ;;2x0.75mm/3m guma H05RN-F ø7mm;3,6x9,3x23,3;YT-82038;YATO;Czesci_zamienne_YT-82038.pdf;matched_manifest;https://drive.google.com/file/d/1V8oL-eOOmcB3YjjFu3_GoMiJvcLXDpVe/preview;23431
ZUN-000134;ZY82038-37;UCHWYT NARZĘDZIOWY;;;ø4,2x5,8;YT-82038;YATO;Czesci_zamienne_YT-82038.pdf;matched_manifest;https://drive.google.com/file/d/1V8oL-eOOmcB3YjjFu3_GoMiJvcLXDpVe/preview;23443
ZUN-000133;ZY8204001;ŚRUBA M6 lewy gwint 22mm;stal;M6 lewy gwint 22mm;ø1,1x2,5;YT-82040;YATO;Czesci_zamienne_YT-82040.pdf;matched_manifest;https://drive.google.com/file/d/1jgUBt_aO4peN81FadedYfmaY4yWMyhWV/preview;23447
ZUN-000134;ZY8204003;UCHWYT WIERTARSKI (kluczyk);;"1,5-13mm 1/2""-20UNF";ø4,2x5,8;YT-82040;YATO;Czesci_zamienne_YT-82040.pdf;matched_manifest;https://drive.google.com/file/d/1jgUBt_aO4peN81FadedYfmaY4yWMyhWV/preview;23449
ZUN-000241;ZY8204005;KLIN CZÓŁENKOWY;;;0,3x0,4x0,9;YT-82040;YATO;Czesci_zamienne_YT-82040.pdf;matched_manifest;https://drive.google.com/file/d/1jgUBt_aO4peN81FadedYfmaY4yWMyhWV/preview;23451
ZUN-000631;ZY8204006;PIERŚCIEŃ USTALAJĄCY;stal;a-29,6mm/b-34,4mm/c-1,2mm;0,1x3,2x3,4;YT-82040;YATO;Czesci_zamienne_YT-82040.pdf;matched_manifest;https://drive.google.com/file/d/1jgUBt_aO4peN81FadedYfmaY4yWMyhWV/preview;23452
ZUN-000033;ZY8204007;ŁOŻYSKO KULKOWE 6002 2RS;;6002 2RS;ø3,2x0,9;YT-82040;YATO;Czesci_zamienne_YT-82040.pdf;matched_manifest;https://drive.google.com/file/d/1jgUBt_aO4peN81FadedYfmaY4yWMyhWV/preview;23453
ZUN-000624;ZY8204015;PIERŚCIEŃ USTALAJĄCY;stal;a-11mm/ b-16mm/ c-1mm;0,1x1,4x1,6;YT-82040;YATO;Czesci_zamienne_YT-82040.pdf;matched_manifest;https://drive.google.com/file/d/1jgUBt_aO4peN81FadedYfmaY4yWMyhWV/preview;23460
ZUN-000005;ZY8204020;ŁOŻYSKO KULKOWE 608 2Z;;608 2Z;ø2,2x0,7;YT-82040;YATO;Czesci_zamienne_YT-82040.pdf;matched_manifest;https://drive.google.com/file/d/1jgUBt_aO4peN81FadedYfmaY4yWMyhWV/preview;23465
ZUN-000003;ZY8204022;ŁOŻYSKO KULKOWE 607 2Z;;607 2Z;ø1,9x0,6;YT-82040;YATO;Czesci_zamienne_YT-82040.pdf;matched_manifest;https://drive.google.com/file/d/1jgUBt_aO4peN81FadedYfmaY4yWMyhWV/preview;23467
ZUN-000254;ZY8204024;KULKA STALOWA;;ø4mm;ø0,4;YT-82040;YATO;Czesci_zamienne_YT-82040.pdf;matched_manifest;https://drive.google.com/file/d/1jgUBt_aO4peN81FadedYfmaY4yWMyhWV/preview;23469
ZUN-000003;ZY8204027;ŁOŻYSKO KULKOWE 607 2Z;;607 2Z;ø1,9x0,6;YT-82040;YATO;Czesci_zamienne_YT-82040.pdf;matched_manifest;https://drive.google.com/file/d/1jgUBt_aO4peN81FadedYfmaY4yWMyhWV/preview;23472
ZUN-000272;ZY8204035;KABEL ZASILAJACY Z WTYCZKĄ;;2x0,75mm/2m H05VV-F;3,5x6x25;YT-82040;YATO;Czesci_zamienne_YT-82040.pdf;matched_manifest;https://drive.google.com/file/d/1jgUBt_aO4peN81FadedYfmaY4yWMyhWV/preview;23477
ZUN-000652;ZY8204041;KONDENSATOR 0,33µF;tworzywo;0,33μF X2K+2X2200PF Y2M;1x1,8x2,6;YT-82040;YATO;Czesci_zamienne_YT-82040.pdf;matched_manifest;https://drive.google.com/file/d/1jgUBt_aO4peN81FadedYfmaY4yWMyhWV/preview;23482
ZUN-000133;ZY82044001;ŚRUBA M6 lewy gwint 22mm;stal;M6 lewy gwint 22mm;ø1,1x2,5;YT-82044;YATO;Czesci_zamienne_YT-82044.pdf;matched_manifest;https://drive.google.com/file/d/1_iLjHeLiobC9_HYD0izZ7x9x9wOBZAHT/preview;23485
ZUN-000138;ZY82044002;UCHWYT WIERTARSKI samo zacisk;;"13mm(1/2"") metalowy";ø4,3x6,2;YT-82044;YATO;Czesci_zamienne_YT-82044.pdf;matched_manifest;https://drive.google.com/file/d/1_iLjHeLiobC9_HYD0izZ7x9x9wOBZAHT/preview;23486
ZUN-000643;ZY82044004;USZCZELKA OLEJOWA simmering;tworzywo/stal;ø20/ø35/7mm;ø3,5x0,7;YT-82044;YATO;Czesci_zamienne_YT-82044.pdf;matched_manifest;https://drive.google.com/file/d/1_iLjHeLiobC9_HYD0izZ7x9x9wOBZAHT/preview;23487
ZUN-000035;ZY82044010;ŁOŻYSKO KULKOWE 6003 2RS;;6003 2RS;ø3,5x1;YT-82044;YATO;Czesci_zamienne_YT-82044.pdf;matched_manifest;https://drive.google.com/file/d/1_iLjHeLiobC9_HYD0izZ7x9x9wOBZAHT/preview;23491
ZUN-000255;ZY82044024;KULKA STALOWA;;ø5mm;ø0,5;YT-82044;YATO;Czesci_zamienne_YT-82044.pdf;matched_manifest;https://drive.google.com/file/d/1_iLjHeLiobC9_HYD0izZ7x9x9wOBZAHT/preview;23500
ZUN-000026;ZY82044030;ŁOŻYSKO KULKOWE 698 2Z;;698 2Z;ø1,9x0,6;YT-82044;YATO;Czesci_zamienne_YT-82044.pdf;matched_manifest;https://drive.google.com/file/d/1_iLjHeLiobC9_HYD0izZ7x9x9wOBZAHT/preview;23506
ZUN-000025;ZY82044033;ŁOŻYSKO KULKOWE 697 2Z;;697 2Z;ø1,7x0,5;YT-82044;YATO;Czesci_zamienne_YT-82044.pdf;matched_manifest;https://drive.google.com/file/d/1_iLjHeLiobC9_HYD0izZ7x9x9wOBZAHT/preview;23509
ZUN-000003;ZY82044038;ŁOŻYSKO KULKOWE 607 2Z;;607 2Z;ø1,9x0,6;YT-82044;YATO;Czesci_zamienne_YT-82044.pdf;matched_manifest;https://drive.google.com/file/d/1_iLjHeLiobC9_HYD0izZ7x9x9wOBZAHT/preview;23513
ZUN-000008;ZY82044044;ŁOŻYSKO KULKOWE 609 2RS;;609 2RS;ø2,4x0,7;YT-82044;YATO;Czesci_zamienne_YT-82044.pdf;matched_manifest;https://drive.google.com/file/d/1_iLjHeLiobC9_HYD0izZ7x9x9wOBZAHT/preview;23518
ZUN-000600;ZY82044047;OSŁONA ŁOŻYSKA 607;tworzywo;ø13/ø19/ø22,1/8mm;ø2,21x0,8;YT-82044;YATO;Czesci_zamienne_YT-82044.pdf;matched_manifest;https://drive.google.com/file/d/1_iLjHeLiobC9_HYD0izZ7x9x9wOBZAHT/preview;23520
ZUN-000281;ZY82044068;KABEL ZASILAJACY Z WTYCZKĄ;;2x1,0mm/3m guma H07RN-F ø8mm// H05RN-F ø7mm;3,5x6x32;YT-82044;YATO;Czesci_zamienne_YT-82044.pdf;matched_manifest;https://drive.google.com/file/d/1_iLjHeLiobC9_HYD0izZ7x9x9wOBZAHT/preview;23529
ZUN-000256;ZY82045-08;KULKA STALOWA ø5,5mm;;ø5,5mm;;YT-82045;YATO;Czesci_zamienne_YT-82045.pdf;matched_manifest;https://drive.google.com/file/d/1YXa9cigKBMcxCh-5WOg5QwwqdusuM6Og/preview;23536
ZUN-000099;ZY82045-15;ŁOŻYSKO IGIEŁKOWE HK0609;;HK0609 ø6/ø10/9mm;ø1x0,9;YT-82045;YATO;Czesci_zamienne_YT-82045.pdf;matched_manifest;https://drive.google.com/file/d/1YXa9cigKBMcxCh-5WOg5QwwqdusuM6Og/preview;23540
ZUN-000105;ZY82045-24;ŁOŻYSKO IGIEŁKOWE HK0810;;HK0810 ø8/ø12/10mm;ø1,2x1;YT-82045;YATO;Czesci_zamienne_YT-82045.pdf;matched_manifest;https://drive.google.com/file/d/1YXa9cigKBMcxCh-5WOg5QwwqdusuM6Og/preview;23546
ZUN-000255;ZY82045-30;KULKA STALOWA ø5mm;;ø5mm;;YT-82045;YATO;Czesci_zamienne_YT-82045.pdf;matched_manifest;https://drive.google.com/file/d/1YXa9cigKBMcxCh-5WOg5QwwqdusuM6Og/preview;23550
ZUN-000008;ZY82045-35;ŁOŻYSKO KULKOWE 609 2RS;;609 2RS;ø2,4x0,7;YT-82045;YATO;Czesci_zamienne_YT-82045.pdf;matched_manifest;https://drive.google.com/file/d/1YXa9cigKBMcxCh-5WOg5QwwqdusuM6Og/preview;23552
ZUN-000252;ZY82045-36;KULKA STALOWA ø3mm;;ø3mm;;YT-82045;YATO;Czesci_zamienne_YT-82045.pdf;matched_manifest;https://drive.google.com/file/d/1YXa9cigKBMcxCh-5WOg5QwwqdusuM6Og/preview;23553
ZUN-000281;ZY82045-70;KABEL Z WTYCZKĄ H05RN-F 2x1mm2 0,8x3m guma;;2x1,0mm/3m guma H07RN-F ø8mm// H05RN-F ø7mm;3,5x6x32;YT-82045;YATO;Czesci_zamienne_YT-82045.pdf;matched_manifest;https://drive.google.com/file/d/1YXa9cigKBMcxCh-5WOg5QwwqdusuM6Og/preview;23564
ZUN-000275;ZY82048-03;KABEL Z WTYCZKĄ;;2x0.75mm/3m guma H05RN-F ø7mm;3,7x7,4x31;YT-82048;YATO;Czesci_zamienne_YT-82048.pdf;matched_manifest;https://drive.google.com/file/d/12goZEAKOok8Ma83iJYDLLE6DfMqLq7wg/preview;23568
ZUN-000103;ZY82048-29;ŁOŻYSKO IGIEŁKOWE;;HK0709 ø7/11/9mm;ø1,1x0,9;YT-82048;YATO;Czesci_zamienne_YT-82048.pdf;matched_manifest;https://drive.google.com/file/d/12goZEAKOok8Ma83iJYDLLE6DfMqLq7wg/preview;23578
ZUN-000241;ZY82048-33;KLIN 3X10;;;0,3x0,4x0,9;YT-82048;YATO;Czesci_zamienne_YT-82048.pdf;matched_manifest;https://drive.google.com/file/d/12goZEAKOok8Ma83iJYDLLE6DfMqLq7wg/preview;23580
ZUN-000105;ZY82048-36;ŁOŻYSKO IGIEŁKOWE;;HK0810 ø8/ø12/10mm;ø1,2x1;YT-82048;YATO;Czesci_zamienne_YT-82048.pdf;matched_manifest;https://drive.google.com/file/d/12goZEAKOok8Ma83iJYDLLE6DfMqLq7wg/preview;23583
ZUN-000133;ZY82048-46;ŚRUBA Z LEWYM GWINTEM M6X22;;M6x22;ø1x2,5;YT-82048;YATO;Czesci_zamienne_YT-82048.pdf;matched_manifest;https://drive.google.com/file/d/12goZEAKOok8Ma83iJYDLLE6DfMqLq7wg/preview;23588
ZUN-000131;ZY8205001;ŚRUBA M5 lewy gwint 23mm;stal;M5 lewy gwint 23mm;ø0,8x2,2;YT-82050;YATO;Czesci_zamienne_YT-82050.pdf;matched_manifest;https://drive.google.com/file/d/11J4CNONmH8eOHDunJnZFWMxJKLHkGLgQ/preview;23591
ZUN-000141;ZY8205002;UCHWYT WIERTARSKI samo zacisk;;"0,8-10mm 3/8""-24UNF";ø4x5,1;YT-82050;YATO;Czesci_zamienne_YT-82050.pdf;matched_manifest;https://drive.google.com/file/d/11J4CNONmH8eOHDunJnZFWMxJKLHkGLgQ/preview;23592
ZUN-000631;ZY8205003;PIERŚCIEŃ USTALAJĄCY;stal;a-29,6mm/b-34,4mm/c-1,2mm;0,1x3,2x3,4;YT-82050;YATO;Czesci_zamienne_YT-82050.pdf;matched_manifest;https://drive.google.com/file/d/11J4CNONmH8eOHDunJnZFWMxJKLHkGLgQ/preview;23593
ZUN-000041;ZY8205004;ŁOŻYSKO KULKOWE 6201 2RS;;6201 2RS;ø3,2x1;YT-82050;YATO;Czesci_zamienne_YT-82050.pdf;matched_manifest;https://drive.google.com/file/d/11J4CNONmH8eOHDunJnZFWMxJKLHkGLgQ/preview;23594
ZUN-000241;ZY8205011;KLIN CZÓŁENKOWY;;;0,3x0,4x0,9;YT-82050;YATO;Czesci_zamienne_YT-82050.pdf;matched_manifest;https://drive.google.com/file/d/11J4CNONmH8eOHDunJnZFWMxJKLHkGLgQ/preview;23598
ZUN-000622;ZY8205013;PIERŚCIEŃ USTALAJĄCY;stal;a-9,2mm/ b-13,8mm/ c-1mm;0,1x1,1x1,4;YT-82050;YATO;Czesci_zamienne_YT-82050.pdf;matched_manifest;https://drive.google.com/file/d/11J4CNONmH8eOHDunJnZFWMxJKLHkGLgQ/preview;23600
ZUN-000003;ZY8205014;ŁOŻYSKO KULKOWE 607 2Z;;607 2Z;ø1,9x0,6;YT-82050;YATO;Czesci_zamienne_YT-82050.pdf;matched_manifest;https://drive.google.com/file/d/11J4CNONmH8eOHDunJnZFWMxJKLHkGLgQ/preview;23601
ZUN-000005;ZY8205020;ŁOŻYSKO KULKOWE 608 2Z;;608 2Z;ø2,2x0,7;YT-82050;YATO;Czesci_zamienne_YT-82050.pdf;matched_manifest;https://drive.google.com/file/d/11J4CNONmH8eOHDunJnZFWMxJKLHkGLgQ/preview;23604
ZUN-000003;ZY8205022;ŁOŻYSKO KULKOWE 607 2Z;;607 2Z;ø1,9x0,6;YT-82050;YATO;Czesci_zamienne_YT-82050.pdf;matched_manifest;https://drive.google.com/file/d/11J4CNONmH8eOHDunJnZFWMxJKLHkGLgQ/preview;23606
ZUN-000529;ZY8205035;O-RING;;ø25/ø29/ø2mm;ø2,9x0,2;YT-82050;YATO;Czesci_zamienne_YT-82050.pdf;matched_manifest;https://drive.google.com/file/d/11J4CNONmH8eOHDunJnZFWMxJKLHkGLgQ/preview;23612
ZUN-000652;ZY8205036;KONDENSATOR 0,33µF;tworzywo;0,33μF X2+2X2200PF Y2;1x1,8x2,6;YT-82050;YATO;Czesci_zamienne_YT-82050.pdf;matched_manifest;https://drive.google.com/file/d/11J4CNONmH8eOHDunJnZFWMxJKLHkGLgQ/preview;23613
ZUN-000272;ZY8205040;KABEL ZASILAJACY Z WTYCZKĄ;;2x0,75mm/2m H05VV-F;3,5x6x25;YT-82050;YATO;Czesci_zamienne_YT-82050.pdf;matched_manifest;https://drive.google.com/file/d/11J4CNONmH8eOHDunJnZFWMxJKLHkGLgQ/preview;23615
ZUN-000132;ZY8205101;ŚRUBA M5 lewy gwint 25mm;;M5 lewy gwint 25mm;ø0,9x2,4;YT-82051;YATO;Czesci_zamienne_YT-82051.pdf;matched_manifest;https://drive.google.com/file/d/1eF6B1t43GIspMrTE5Ghlj4dE3vb6mi5J/preview;23617
ZUN-000141;ZY8205102;UCHWYT WIERTARSKI samo zacisk;;"0,8-10mm 3/8""-24UNF";ø4x5,1;YT-82051;YATO;Czesci_zamienne_YT-82051.pdf;matched_manifest;https://drive.google.com/file/d/1eF6B1t43GIspMrTE5Ghlj4dE3vb6mi5J/preview;23618
ZUN-000631;ZY8205103;PIERŚCIEŃ USTALAJĄCY;stal;a-29,6mm/b-34,4mm/c-1,2mm;0,1x3,2x3,4;YT-82051;YATO;Czesci_zamienne_YT-82051.pdf;matched_manifest;https://drive.google.com/file/d/1eF6B1t43GIspMrTE5Ghlj4dE3vb6mi5J/preview;23619
ZUN-000041;ZY8205104;ŁOŻYSKO KULKOWE 6201 2RS;;6201 2RS;ø3,2x1;YT-82051;YATO;Czesci_zamienne_YT-82051.pdf;matched_manifest;https://drive.google.com/file/d/1eF6B1t43GIspMrTE5Ghlj4dE3vb6mi5J/preview;23620
ZUN-000624;ZY8205105;PIERŚCIEŃ USTALAJĄCY;stal;a-11mm/ b-16mm/ c-1mm;0,1x1,4x1,6;YT-82051;YATO;Czesci_zamienne_YT-82051.pdf;matched_manifest;https://drive.google.com/file/d/1eF6B1t43GIspMrTE5Ghlj4dE3vb6mi5J/preview;23621
ZUN-000241;ZY8205110;KLIN CZÓŁENKOWY;;;0,3x0,4x0,9;YT-82051;YATO;Czesci_zamienne_YT-82051.pdf;matched_manifest;https://drive.google.com/file/d/1eF6B1t43GIspMrTE5Ghlj4dE3vb6mi5J/preview;23624
ZUN-000622;ZY8205112;PIERŚCIEŃ USTALAJĄCY;stal;a-9,2mm/ b-13,8mm/ c-1mm;0,1x1,1x1,4;YT-82051;YATO;Czesci_zamienne_YT-82051.pdf;matched_manifest;https://drive.google.com/file/d/1eF6B1t43GIspMrTE5Ghlj4dE3vb6mi5J/preview;23626
ZUN-000003;ZY8205113;ŁOŻYSKO KULKOWE 607 2Z;;607 2Z;ø1,9x0,6;YT-82051;YATO;Czesci_zamienne_YT-82051.pdf;matched_manifest;https://drive.google.com/file/d/1eF6B1t43GIspMrTE5Ghlj4dE3vb6mi5J/preview;23627
ZUN-000005;ZY8205118;ŁOŻYSKO KULKOWE 608 2Z;;608 2Z;ø2,2x0,7;YT-82051;YATO;Czesci_zamienne_YT-82051.pdf;matched_manifest;https://drive.google.com/file/d/1eF6B1t43GIspMrTE5Ghlj4dE3vb6mi5J/preview;23631
ZUN-000003;ZY8205120;ŁOŻYSKO KULKOWE 607 2Z;;607 2Z;ø1,9x0,6;YT-82051;YATO;Czesci_zamienne_YT-82051.pdf;matched_manifest;https://drive.google.com/file/d/1eF6B1t43GIspMrTE5Ghlj4dE3vb6mi5J/preview;23633
ZUN-000101;ZY8205126;ŁOŻYSKO IGIEŁKOWE HK0608;;HK0608 ø6/ø10/8mm;ø1x0,8;YT-82051;YATO;Czesci_zamienne_YT-82051.pdf;matched_manifest;https://drive.google.com/file/d/1eF6B1t43GIspMrTE5Ghlj4dE3vb6mi5J/preview;23636
ZUN-000241;ZY8205130;KLIN CZÓŁENKOWY;;;0,3x0,4x0,9;YT-82051;YATO;Czesci_zamienne_YT-82051.pdf;matched_manifest;https://drive.google.com/file/d/1eF6B1t43GIspMrTE5Ghlj4dE3vb6mi5J/preview;23639
ZUN-000101;ZY8205132;ŁOŻYSKO IGIEŁKOWE HK0608;;HK0608 ø6/ø10/8mm;ø1x0,8;YT-82051;YATO;Czesci_zamienne_YT-82051.pdf;matched_manifest;https://drive.google.com/file/d/1eF6B1t43GIspMrTE5Ghlj4dE3vb6mi5J/preview;23640
ZUN-000529;ZY8205140;O-RING;;ø25/ø29/ø2mm;ø2,9x0,2;YT-82051;YATO;Czesci_zamienne_YT-82051.pdf;matched_manifest;https://drive.google.com/file/d/1eF6B1t43GIspMrTE5Ghlj4dE3vb6mi5J/preview;23644
ZUN-000272;ZY8205145;KABEL ZASILAJACY Z WTYCZKĄ;;2x0,75mm/2m H05VV-F;3,5x6x25;YT-82051;YATO;Czesci_zamienne_YT-82051.pdf;matched_manifest;https://drive.google.com/file/d/1eF6B1t43GIspMrTE5Ghlj4dE3vb6mi5J/preview;23647
ZUN-000105;ZY82055-14;ŁOŻYSKO IGIEŁKOWE HK081210;stal;HK0810 ø8/ø12/10mm;ø1,2x1;;;;unknown;;23653
ZUN-000281;ZY82055-49;KABEL ZASILAJACY Z WTYCZKĄ;tworzywo;2x1,0mm/3m guma H07RN-F ø8mm// H05RN-F ø7mm;3,5x6x32;;;;unknown;;23668
ZUN-000133;ZY82060-01;ŚRUBA M6 lewy gwint 22mm;stal;M6 lewy gwint 22mm;ø1,1x2,5;YT-82060;YATO;Czesci_zamienne_YT-82060.pdf;matched_manifest;https://drive.google.com/file/d/1lxHpSK9Wk17BmeOeo-qLbxYGSCyEBv_z/preview;23674
ZUN-000027;ZY82060-13;ŁOŻYSKO KULKOWE 699 2Z;;699 2Z;ø2x0,5;YT-82060;YATO;Czesci_zamienne_YT-82060.pdf;matched_manifest;https://drive.google.com/file/d/1lxHpSK9Wk17BmeOeo-qLbxYGSCyEBv_z/preview;23676
ZUN-000003;ZY82060-39;ŁOŻYSKO KULKOWE 607 2Z;;607 2Z;ø1,9x0,6;YT-82060;YATO;Czesci_zamienne_YT-82060.pdf;matched_manifest;https://drive.google.com/file/d/1lxHpSK9Wk17BmeOeo-qLbxYGSCyEBv_z/preview;23679
ZUN-000252;ZY8207011;KULKA STALOWA;;ø3mm;ø0,3;YT-82070;YATO;Czesci_zamienne_YT-82070.pdf;matched_manifest;https://drive.google.com/file/d/1ExFAqEh7PDGJEWoYYDOiKCOv-pEnIKjp/preview;23706
ZUN-000032;ZY8207016;ŁOŻYSKO KULKOWE 6002 2Z;;6002 2Z;ø3,2x0,9;YT-82070;YATO;Czesci_zamienne_YT-82070.pdf;matched_manifest;https://drive.google.com/file/d/1ExFAqEh7PDGJEWoYYDOiKCOv-pEnIKjp/preview;23711
ZUN-000103;ZY8207020;ŁOŻYSKO IGIEŁKOWE HK0709;;HK0709 ø7/11/9mm;ø1,1x0,9;YT-82070;YATO;Czesci_zamienne_YT-82070.pdf;matched_manifest;https://drive.google.com/file/d/1ExFAqEh7PDGJEWoYYDOiKCOv-pEnIKjp/preview;23715
ZUN-000103;ZY8207023;ŁOŻYSKO IGIEŁKOWE HK0709;;HK0709 ø7/11/9mm;ø1,1x0,9;YT-82070;YATO;Czesci_zamienne_YT-82070.pdf;matched_manifest;https://drive.google.com/file/d/1ExFAqEh7PDGJEWoYYDOiKCOv-pEnIKjp/preview;23718
ZUN-000101;ZY8207027;ŁOŻYSKO IGIEŁKOWE HK0608;;HK0608 ø6/ø10/8mm;ø1x0,8;YT-82070;YATO;Czesci_zamienne_YT-82070.pdf;matched_manifest;https://drive.google.com/file/d/1ExFAqEh7PDGJEWoYYDOiKCOv-pEnIKjp/preview;23721
ZUN-000005;ZY8207029;ŁOŻYSKO KULKOWE 608 2Z;;608 2Z;ø2,2x0,7;YT-82070;YATO;Czesci_zamienne_YT-82070.pdf;matched_manifest;https://drive.google.com/file/d/1ExFAqEh7PDGJEWoYYDOiKCOv-pEnIKjp/preview;23722
ZUN-000003;ZY8207031;ŁOŻYSKO KULKOWE 607 2Z;;607 2Z;ø1,9x0,6;YT-82070;YATO;Czesci_zamienne_YT-82070.pdf;matched_manifest;https://drive.google.com/file/d/1ExFAqEh7PDGJEWoYYDOiKCOv-pEnIKjp/preview;23724
ZUN-000652;ZY8207045;KONDENSATOR 0,33µF;tworzywo;0,33μF X2+2X2200PF Y2;1x1,8x2,6;YT-82070;YATO;Czesci_zamienne_YT-82070.pdf;matched_manifest;https://drive.google.com/file/d/1ExFAqEh7PDGJEWoYYDOiKCOv-pEnIKjp/preview;23732
ZUN-000104;ZY82071-116;ŁOŻYSKO IGIEŁKOWE HK0808;;HK0808 ø8/ø12/8mm;ø1,2x0,8;;;;unknown;;23744
ZUN-000601;ZY82071-127;OSŁONA ŁOŻYSKA;tworzywo;ø12,3/ø19/ø21,1/9mm;ø2,21x0,9;;;;unknown;;23749
ZUN-000275;ZY82071-137;KABEL ZASILAJĄCY;;2x0.75mm/3m H05RN-F ø7mm;3,5x6x30;;;;unknown;;23754
ZUN-000254;ZY82071-224;KULKA STALOWA;;ø4mm;ø0,4;;;;unknown;;23769
ZUN-000252;ZY82075-108;KULKA STALOWA;;ø3mm;ø0,3;YT-82075;YATO;Czesci_zamienne_YT-82075 YT-82076.pdf;matched_manifest;https://drive.google.com/file/d/1rmhwQdVzLfYSc717g1V6d3p2rJnB05mn/preview;23784
ZUN-000026;ZY82077-06;ŁOŻYSKO KULKOWE 698 2Z;;698 2Z na wirnik;;YT-82077;YATO;Czesci_zamienne_YT-82077.pdf;matched_manifest;https://drive.google.com/file/d/1rVoNfNolMrRLmwTrEmTSffzsF1QG2KFx/preview;23824
ZUN-000024;ZY82077-17;ŁOŻYSKO KULKOWE 696 2Z;;696 2Z na wirnik;;YT-82077;YATO;Czesci_zamienne_YT-82077.pdf;matched_manifest;https://drive.google.com/file/d/1rVoNfNolMrRLmwTrEmTSffzsF1QG2KFx/preview;23830
ZUN-000031;ZY82080-07;ŁOŻYSKO KULKOWE 6001 2RS;;6001 2RS;;YT-82080;YATO;Czesci_zamienne_YT-82080.pdf;matched_manifest;https://drive.google.com/file/d/12DCgBHzn4GfVRg6ewJJxtxvOudL7d0Si/preview;23835
ZUN-000019;ZY82080-11;ŁOŻYSKO KULKOWE 629 2RS;;629 2RS;ø2,6x0,8;YT-82080;YATO;Czesci_zamienne_YT-82080.pdf;matched_manifest;https://drive.google.com/file/d/12DCgBHzn4GfVRg6ewJJxtxvOudL7d0Si/preview;23837
ZUN-000004;ZY82080-19;ŁOŻYSKO KULKOWE 607 2RS;;607 2RS;ø1,9x0,6;YT-82080;YATO;Czesci_zamienne_YT-82080.pdf;matched_manifest;https://drive.google.com/file/d/12DCgBHzn4GfVRg6ewJJxtxvOudL7d0Si/preview;23843
ZUN-000562;ZY82080-32;WŁĄCZNIK bez elektroniki;;S125 6(6)A 250V// S130 8(6)/250V;2,53x2,83x3,05;YT-82080;YATO;Czesci_zamienne_YT-82080.pdf;matched_manifest;https://drive.google.com/file/d/12DCgBHzn4GfVRg6ewJJxtxvOudL7d0Si/preview;23848
ZUN-000275;ZY82080-43;KABEL ZASILAJĄCY;;2x0.75mm/3m guma H05RN-F ø7mm;3,5x6x30;YT-82080;YATO;Czesci_zamienne_YT-82080.pdf;matched_manifest;https://drive.google.com/file/d/12DCgBHzn4GfVRg6ewJJxtxvOudL7d0Si/preview;23853
ZUN-000041;ZY82089-09;ŁOŻYSKO KULKOWE 6201 2RS;;6201 2RS;ø3,2x1;YT-82089;YATO;Czesci_zamienne_YT-82089.pdf;matched_manifest;https://drive.google.com/file/d/17zSm1Dx_XuWo4-kuFQcbAEy2ECYV8cxd/preview;23885
ZUN-000105;ZY82089-13;ŁOŻYSKO IGIEŁKOWE HK0810;;HK0810 ø8/ø12/10mm;ø1,2x1;YT-82089;YATO;Czesci_zamienne_YT-82089.pdf;matched_manifest;https://drive.google.com/file/d/17zSm1Dx_XuWo4-kuFQcbAEy2ECYV8cxd/preview;23887
ZUN-000019;ZY82089-22;ŁOŻYSKO KULKOWE 629 2RS;;629 2RS;ø2,6x0,8;YT-82089;YATO;Czesci_zamienne_YT-82089.pdf;matched_manifest;https://drive.google.com/file/d/17zSm1Dx_XuWo4-kuFQcbAEy2ECYV8cxd/preview;23894
ZUN-000004;ZY82089-25;ŁOŻYSKO KULKOWE 607 2RS;;607 2RS;ø1,9x0,6;YT-82089;YATO;Czesci_zamienne_YT-82089.pdf;matched_manifest;https://drive.google.com/file/d/17zSm1Dx_XuWo4-kuFQcbAEy2ECYV8cxd/preview;23896
ZUN-000564;ZY82089-35;WŁĄCZNIK;;FA6 6/2W3 6(6)A 250V// HLT-125W-1 6(6) 250V 5E4// HT1006-2110 6(6)A 250V;2,6x2,9x3;YT-82089;YATO;Czesci_zamienne_YT-82089.pdf;matched_manifest;https://drive.google.com/file/d/17zSm1Dx_XuWo4-kuFQcbAEy2ECYV8cxd/preview;23899
ZUN-000274;ZY82089-37;KABEL ZASILAJĄCY Z WTYCZKĄ;tworzywo/miedź;2x0,75mm/3m H05RN-F;3x6,2x31,9;YT-82089;YATO;Czesci_zamienne_YT-82089.pdf;matched_manifest;https://drive.google.com/file/d/17zSm1Dx_XuWo4-kuFQcbAEy2ECYV8cxd/preview;23900
ZUN-000650;ZY8209005;KONDENSATOR 0,33µF;tworzywo;0,33μF M X2 TNS-2H 40/085/21/C 275V;0,8x1,75x2,56;;;;unknown;;23912
ZUN-000564;ZY8209014;WŁĄCZNIK bez elektroniki;;FA6 6/2W3 6(6)A 250V// HLT-125W-1 6(6) 250V 5E4// HT1006-2110 6(6)A 250V;2,5x2,85x2,96;;;;unknown;;23917
ZUN-000603;ZY8209018;OSŁONA ŁOŻYSKA 607 z kołnierzem;tworzywo/met;ø13,9/ø17,5/ø22/10,6mm;ø2,21x1,06;;;;unknown;;23920
ZUN-000003;ZY8209019;ŁOŻYSKO KULKOWE 607 2Z;;607 2Z;ø1,9x0,6;;;;unknown;;23921
ZUN-000018;ZY8209025;ŁOŻYSKO KULKOWE 629 2Z;;629 2Z;ø2,6x0,8;;;;unknown;;23923
ZUN-000450;ZY8209027;NAKRĘTKA SAMOKONTRUJĄCA M6;stal;;0,5x1x1,1;;;;unknown;;23925
ZUN-000608;ZY8209031;PIERŚCIEŃ USTALAJĄCY;stal;a-4,7mm/ b-9,8mm/ c-0,8mm;ø0,98x0,08;;;;unknown;;23929
ZUN-000105;ZY8209033;ŁOŻYSKO IGIEŁKOWE HK0810;;HK0810 ø8/ø12/10mm;ø1,2x1;;;;unknown;;23930
ZUN-000622;ZY8209034;PIERŚCIEŃ USTALAJĄCY;stal;a-9,2mm/ b-13,8mm/ c-1mm;0,1x1,1x1,4;;;;unknown;;23931
ZUN-000041;ZY8209036;ŁOŻYSKO KULKOWE 6201 2RS;;6201 2RS;ø3,2x1;;;;unknown;;23933
ZUN-000241;ZY8209041;KLIN CZÓŁENKOWY;;;0,3x0,4x0,9;;;;unknown;;23938
ZUN-000603;ZY8209101;OSŁONA ŁOŻYSKA 607 z kołnierzem;tworzywo/met;ø13,9/ø17,5/ø22/10mm;ø2,2x1;;;;unknown;;23944
ZUN-000004;ZY8209102;ŁOŻYSKO KULKOWE 607 2RS;;607 2RS;ø1,9x0,6;;;;unknown;;23945
ZUN-000529;ZY8209106;O-RING;;ø25/ø29/ø2mm;ø2,9x0,2;;;;unknown;;23949
ZUN-000019;ZY8209107;ŁOŻYSKO KULKOWE 629 2RS;;629 2RS;ø2,6x0,8;;;;unknown;;23950
ZUN-000451;ZY8209109;NAKRĘTKA;stal;M6;0,5x1x1,1;;;;unknown;;23952
ZUN-000105;ZY8209115;ŁOŻYSKO IGIEŁKOWE HK0810;;HK0810 ø8/ø12/10mm;ø1,2x1;;;;unknown;;23957
ZUN-000041;ZY8209120;ŁOŻYSKO KULKOWE 6201 2RS;;6201 2RS;ø3,2x1;;;;unknown;;23960
ZUN-000241;ZY8209125;KLIN CZÓŁENKOWY;;;0,3x0,4x0,9;;;;unknown;;23964
ZUN-000563;ZY8209135;WŁĄCZNIK z elektroniką;;FD29-1106 3<6(6)A 250V 5E4/ LBD23 8(8)A 250V FaDe / KR125-1 8(8)A 250V 5E4 ZLB;2,5x3x3,2;;;;unknown;;23971
ZUN-000271;ZY8209149;KABEL ZASILAJĄCY Z WTYCZKĄ;;2x0,75mm/2,5m guma;3,5x6x30;;;;unknown;;23979
ZUN-000004;ZY8209402;ŁOŻYSKO KULKOWE 607 2RS;;607 2RS;ø1,9x0,6;YT-82094;YATO;Czesci_zamienne_YT-82094.pdf;matched_manifest;https://drive.google.com/file/d/1Y7IK1MAkAbdCM6cmU_gFK-AzZWoSroEm/preview;23981
ZUN-000006;ZY8209406;ŁOŻYSKO KULKOWE 608 2RS;;608 2RS;ø2,2x0,7;YT-82094;YATO;Czesci_zamienne_YT-82094.pdf;matched_manifest;https://drive.google.com/file/d/1Y7IK1MAkAbdCM6cmU_gFK-AzZWoSroEm/preview;23985
ZUN-000104;ZY8209414;ŁOŻYSKO IGIEŁKOWE HK0808;;HK0808 ø8/ø12/8mm;ø1,2x0,8;YT-82094;YATO;Czesci_zamienne_YT-82094.pdf;matched_manifest;https://drive.google.com/file/d/1Y7IK1MAkAbdCM6cmU_gFK-AzZWoSroEm/preview;23992
ZUN-000041;ZY8209419;ŁOŻYSKO KULKOWE 6201 2RS;;6201 2RS;ø3,2x1;YT-82094;YATO;Czesci_zamienne_YT-82094.pdf;matched_manifest;https://drive.google.com/file/d/1Y7IK1MAkAbdCM6cmU_gFK-AzZWoSroEm/preview;23995
ZUN-000241;ZY8209421;KLIN CZÓŁENKOWY;;;0,3x0,4x0,9;YT-82094;YATO;Czesci_zamienne_YT-82094.pdf;matched_manifest;https://drive.google.com/file/d/1Y7IK1MAkAbdCM6cmU_gFK-AzZWoSroEm/preview;23997
ZUN-000563;ZY8209442;WŁĄCZNIK z elektroniką;;FD29-1106 3<6(6)A 250V 5E4/ LBD23 8(8)A 250V FaDe / KR125-1 8(8)A 250V 5E4 ZLB;2,5x3x3,2;YT-82094;YATO;Czesci_zamienne_YT-82094.pdf;matched_manifest;https://drive.google.com/file/d/1Y7IK1MAkAbdCM6cmU_gFK-AzZWoSroEm/preview;24012
ZUN-000650;ZY8209443;KONDENSATOR 0,33µF;tworzywo;0,33μF M X2 TNS-2H 40/085/21/C 275V;0,8x1,75x2,56;YT-82094;YATO;Czesci_zamienne_YT-82094.pdf;matched_manifest;https://drive.google.com/file/d/1Y7IK1MAkAbdCM6cmU_gFK-AzZWoSroEm/preview;24013
ZUN-000271;ZY8209446;KABEL ZASILAJĄCY Z WTYCZKĄ;;2x0,75mm/2,5m guma;3,5x6x30;YT-82094;YATO;Czesci_zamienne_YT-82094.pdf;matched_manifest;https://drive.google.com/file/d/1Y7IK1MAkAbdCM6cmU_gFK-AzZWoSroEm/preview;24015
ZUN-000040;ZY8209516;ŁOŻYSKO KULKOWE 6201 2Z;;6201 2Z;ø3,2x1;;;;unknown;;24027
ZUN-000622;ZY8209522;PIERŚCIEŃ USTALAJĄCY;stal;a-9,2mm/ b-13,8mm/ c-1mm;0,1x1,1x1,4;;;;unknown;;24031
ZUN-000105;ZY8209523;ŁOŻYSKO IGIEŁKOWE HK0810;;HK0810 ø8/ø12/10mm;ø1,2x1;;;;unknown;;24032
ZUN-000608;ZY8209526;PIERŚCIEŃ USTALAJĄCY;stal;a-4,7mm/ b-9,8mm/ c-0,8mm;ø0,98x0,08;;;;unknown;;24034
ZUN-000018;ZY8209531;ŁOŻYSKO KULKOWE 629 2Z;;629 2Z;ø2,6x0,8;;;;unknown;;24039
ZUN-000003;ZY8209536;ŁOŻYSKO KULKOWE 607 2Z;;607 2Z;ø1,9x0,6;;;;unknown;;24044
ZUN-000603;ZY8209537;OSŁONA ŁOŻYSKA 607 z kołnierzem;tworzywo/met;ø13,9/ø17,5/ø22/10mm;ø2,2x1;;;;unknown;;24045
ZUN-000648;ZY8209547;KONDENSATOR 0,22µF;tworzywo;0,22µF M X2 TNS-2H TNS-2;0,7x1,6x2,6;;;;unknown;;24050
ZUN-000041;ZY82096-16;ŁOŻYSKO KULKOWE 6201 2RS;;6201 2RS;ø3,2x1;YT-82096;YATO;Czesci_zamienne_YT-82096.pdf;matched_manifest;https://drive.google.com/file/d/1xQQMBzU9HdIr4NL5GncRekgjbKNolxyP/preview;24064
ZUN-000039;ZY82096-28;ŁOŻYSKO KULKOWE 6200 2RS;;6000 2RS;ø3x0,9;YT-82096;YATO;Czesci_zamienne_YT-82096.pdf;matched_manifest;https://drive.google.com/file/d/1xQQMBzU9HdIr4NL5GncRekgjbKNolxyP/preview;24070
ZUN-000006;ZY82096-33;ŁOŻYSKO KULKOWE 608 2RS;;608 2RS;ø2,2x0,7;YT-82096;YATO;Czesci_zamienne_YT-82096.pdf;matched_manifest;https://drive.google.com/file/d/1xQQMBzU9HdIr4NL5GncRekgjbKNolxyP/preview;24073
ZUN-000562;ZY82096-47;WŁĄCZNIK;;S125 6(6)A 250V~5E4;2,5x2,7x3;YT-82096;YATO;Czesci_zamienne_YT-82096.pdf;matched_manifest;https://drive.google.com/file/d/1xQQMBzU9HdIr4NL5GncRekgjbKNolxyP/preview;24077
ZUN-000041;ZY82097-08;ŁOŻYSKO KULKOWE 6201 2RS;;6201 2RS;ø3,2x1;YT-82097;YATO;Czesci_zamienne_YT-82097.pdf;matched_manifest;https://drive.google.com/file/d/17oBDDnb5ZiYJuCWvWqiQaTA6e4zh-p34/preview;24092
ZUN-000001;ZY82097-11;ŁOŻYSKO KULKOWE 606 2Z;;606 2Z;ø1,7x0,6;YT-82097;YATO;Czesci_zamienne_YT-82097.pdf;matched_manifest;https://drive.google.com/file/d/17oBDDnb5ZiYJuCWvWqiQaTA6e4zh-p34/preview;24094
ZUN-000665;ZY82097-14;TRZPIEŃ BLOKADY WRZECIONA;stal;;ø0,6x1,9;YT-82097;YATO;Czesci_zamienne_YT-82097.pdf;matched_manifest;https://drive.google.com/file/d/17oBDDnb5ZiYJuCWvWqiQaTA6e4zh-p34/preview;24096
ZUN-000006;ZY82097-20;ŁOŻYSKO KULKOWE 608 2RS;;608 2RS;ø2,2x0,7;YT-82097;YATO;Czesci_zamienne_YT-82097.pdf;matched_manifest;https://drive.google.com/file/d/17oBDDnb5ZiYJuCWvWqiQaTA6e4zh-p34/preview;24102
ZUN-000004;ZY82097-27;ŁOŻYSKO KULKOWE 607 2RS;;607 2RS;ø1,9x0,6;YT-82097;YATO;Czesci_zamienne_YT-82097.pdf;matched_manifest;https://drive.google.com/file/d/17oBDDnb5ZiYJuCWvWqiQaTA6e4zh-p34/preview;24107
ZUN-000603;ZY82097-28;OSŁONA ŁOŻYSKA 607 z kołnierzem;tworzywo/met;ø13,9/ø17,5/ø22/10mm;ø2,2x1;YT-82097;YATO;Czesci_zamienne_YT-82097.pdf;matched_manifest;https://drive.google.com/file/d/17oBDDnb5ZiYJuCWvWqiQaTA6e4zh-p34/preview;24108
ZUN-000563;ZY82097-36;WŁĄCZNIK z elektroniką;;FD29-1106 3<6(6)A 250V 5E4/ LBD23 8(8)A 250V FaDe / KR125-1 8(8)A 250V 5E4 ZLB;2,5x3x3,2;YT-82097;YATO;Czesci_zamienne_YT-82097.pdf;matched_manifest;https://drive.google.com/file/d/17oBDDnb5ZiYJuCWvWqiQaTA6e4zh-p34/preview;24112
ZUN-000271;ZY82097-44;KABEL ZASILAJĄCY Z WTYCZKĄ;;2x0,75mm/2,5m guma;3,5x6x30;YT-82097;YATO;Czesci_zamienne_YT-82097.pdf;matched_manifest;https://drive.google.com/file/d/17oBDDnb5ZiYJuCWvWqiQaTA6e4zh-p34/preview;24117
ZUN-000647;ZY82097-55;KONDENSATOR 0,22µF;tworzywo;0,22µF M X2 TNS-2H TNS-2;0,7x1,6x2,1;YT-82097;YATO;Czesci_zamienne_YT-82097.pdf;matched_manifest;https://drive.google.com/file/d/17oBDDnb5ZiYJuCWvWqiQaTA6e4zh-p34/preview;24118
ZUN-000003;ZY82098-14;ŁOŻYSKO KULKOWE 607 2Z;;607 2Z;ø1,9x0,6;YT-82098;YATO;Czesci_zamienne_YT-82098.pdf;matched_manifest;https://drive.google.com/file/d/1NgaKdKMrlAe-smQwqzqyI74bv0BZ-rx3/preview;24127
ZUN-000665;ZY82098-17;TRZPIEŃ BLOKADY WRZECIONA;stal;;ø0,6x1,9;YT-82098;YATO;Czesci_zamienne_YT-82098.pdf;matched_manifest;https://drive.google.com/file/d/1NgaKdKMrlAe-smQwqzqyI74bv0BZ-rx3/preview;24129
ZUN-000006;ZY82098-22;ŁOŻYSKO KULKOWE 608 2RS;;608 2RS;ø2,2x0,7;YT-82098;YATO;Czesci_zamienne_YT-82098.pdf;matched_manifest;https://drive.google.com/file/d/1NgaKdKMrlAe-smQwqzqyI74bv0BZ-rx3/preview;24133
ZUN-000019;ZY82098-30;ŁOŻYSKO KULKOWE 629 2RS;;629 2RS;ø2,6x0,8;YT-82098;YATO;Czesci_zamienne_YT-82098.pdf;matched_manifest;https://drive.google.com/file/d/1NgaKdKMrlAe-smQwqzqyI74bv0BZ-rx3/preview;24136
ZUN-000596;ZY82098-31;OSŁONA ŁOŻYSKA 608;tworzywo/met;ø18/ø21,8/ø25/9mm;ø2,5x0,9;YT-82098;YATO;Czesci_zamienne_YT-82098.pdf;matched_manifest;https://drive.google.com/file/d/1NgaKdKMrlAe-smQwqzqyI74bv0BZ-rx3/preview;24137
ZUN-000565;ZY82098-40;WŁĄCZNIK bez elektroniki;tworzywo/?;S125G 8(8)A 250V// FA6-5/1D-24 8(8)A 250V;2,5x2,85x2,96;YT-82098;YATO;Czesci_zamienne_YT-82098.pdf;matched_manifest;https://drive.google.com/file/d/1NgaKdKMrlAe-smQwqzqyI74bv0BZ-rx3/preview;24141
ZUN-000281;ZY82098-50;KABEL ZASILAJĄCY Z WTYCZKĄ;;2x1,0mm/3m guma H07RN-F ø8mm// H05RN-F ø7mm;3,5x6x32;YT-82098;YATO;Czesci_zamienne_YT-82098.pdf;matched_manifest;https://drive.google.com/file/d/1NgaKdKMrlAe-smQwqzqyI74bv0BZ-rx3/preview;24146
ZUN-000241;ZY82099-06;KLIN CZÓŁENKOWY;;;0,3x0,4x0,9;YT-82099;YATO;Czesci_zamienne_YT-82099.pdf;matched_manifest;https://drive.google.com/file/d/15JwkoU-FXeSTVMkK748mYQjQ-JqHbazq/preview;24153
ZUN-000665;ZY82099-16;TRZPIEŃ BLOKADY WRZECIONA;stal;;ø0,6x1,9;YT-82099;YATO;Czesci_zamienne_YT-82099.pdf;matched_manifest;https://drive.google.com/file/d/15JwkoU-FXeSTVMkK748mYQjQ-JqHbazq/preview;24157
ZUN-000596;ZY82099-31;OSŁONA ŁOŻYSKA 608;tworzywo/met;ø18/ø21,8/ø25/9mm;ø2,5x0,9;YT-82099;YATO;Czesci_zamienne_YT-82099.pdf;matched_manifest;https://drive.google.com/file/d/15JwkoU-FXeSTVMkK748mYQjQ-JqHbazq/preview;24164
ZUN-000281;ZY82099-57;KABEL ZASILAJĄCY Z WTYCZKĄ 2x1,0mm/3m gu;;2x1,0mm/3m guma H07RN-F ø8mm// H05RN-F ø7mm;3,5x9x30;YT-82099;YATO;Czesci_zamienne_YT-82099.pdf;matched_manifest;https://drive.google.com/file/d/15JwkoU-FXeSTVMkK748mYQjQ-JqHbazq/preview;24173
ZUN-000041;ZY8210008;ŁOŻYSKO KULKOWE 6201 2RS;;6201 2RS;ø3,2x1;YT-82100;YATO;Czesci_zamienne_YT-82100.pdf;matched_manifest;https://drive.google.com/file/d/1D6MLyTEx9i9MNYpXMejPL6bA0rSmoPo4/preview;24182
ZUN-000105;ZY8210011;ŁOŻYSKO IGIEŁKOWE HK0810;;HK0810 ø8/ø12/10mm;ø1,2x1;YT-82100;YATO;Czesci_zamienne_YT-82100.pdf;matched_manifest;https://drive.google.com/file/d/1D6MLyTEx9i9MNYpXMejPL6bA0rSmoPo4/preview;24184
ZUN-000006;ZY8210020;ŁOŻYSKO KULKOWE 608 2RS;;608 2RS;ø2,2x0,7;YT-82100;YATO;Czesci_zamienne_YT-82100.pdf;matched_manifest;https://drive.google.com/file/d/1D6MLyTEx9i9MNYpXMejPL6bA0rSmoPo4/preview;24192
ZUN-000004;ZY8210026;ŁOŻYSKO KULKOWE 607 2RS;;607 2RS;ø1,9x0,6;YT-82100;YATO;Czesci_zamienne_YT-82100.pdf;matched_manifest;https://drive.google.com/file/d/1D6MLyTEx9i9MNYpXMejPL6bA0rSmoPo4/preview;24197
ZUN-000563;ZY8210035;WŁĄCZNIK z elektroniką;Aluminium/tworzywo/?;FD29-1106 3<6(6)A 250V 5E4/ LBD23 8(8)A 250V FaDe / KR125-1 8(8)A 250V 5E4 ZLB;2,5x3x3,2;YT-82100;YATO;Czesci_zamienne_YT-82100.pdf;matched_manifest;https://drive.google.com/file/d/1D6MLyTEx9i9MNYpXMejPL6bA0rSmoPo4/preview;24203
ZUN-000271;ZY8210043;KABEL ZASILAJĄCY Z WTYCZKĄ;;2x0,75mm/2,5m guma;3,5x6x30;YT-82100;YATO;Czesci_zamienne_YT-82100.pdf;matched_manifest;https://drive.google.com/file/d/1D6MLyTEx9i9MNYpXMejPL6bA0rSmoPo4/preview;24208
ZUN-000647;ZY8210051;KONDENSATOR 0,22µF;tworzywo;0,22μF K X2 GPF40/085/21/C;0,7x1,6x2,1;YT-82100;YATO;Czesci_zamienne_YT-82100.pdf;matched_manifest;https://drive.google.com/file/d/1D6MLyTEx9i9MNYpXMejPL6bA0rSmoPo4/preview;24209
ZUN-000241;ZY82101-06;KLIN CZÓŁENKOWY;;;0,3x0,4x0,9;YT-82101;YATO;Czesci_zamienne_YT-82101.pdf;matched_manifest;https://drive.google.com/file/d/1b5cqlx3QHn7lLhDY8Y8aornTIzoE0_UZ/preview;24215
ZUN-000041;ZY82101-10;ŁOŻYSKO KULKOWE 6201 2RS;;6201 2RS;ø3,2x1;YT-82101;YATO;Czesci_zamienne_YT-82101.pdf;matched_manifest;https://drive.google.com/file/d/1b5cqlx3QHn7lLhDY8Y8aornTIzoE0_UZ/preview;24218
ZUN-000024;ZY82101-16;ŁOŻYSKO KULKOWE 696 2Z;;696 2Z;ø1,5x0,5;YT-82101;YATO;Czesci_zamienne_YT-82101.pdf;matched_manifest;https://drive.google.com/file/d/1b5cqlx3QHn7lLhDY8Y8aornTIzoE0_UZ/preview;24221
ZUN-000608;ZY82101-19;PIERŚCIEŃ USTALAJĄCY;stal;a-4,2mm/ b-9,7mm/ c-0,78mm;0,1x0,8x1;YT-82101;YATO;Czesci_zamienne_YT-82101.pdf;matched_manifest;https://drive.google.com/file/d/1b5cqlx3QHn7lLhDY8Y8aornTIzoE0_UZ/preview;24223
ZUN-000006;ZY82101-26;ŁOŻYSKO KULKOWE 608 2RS;;608 2RS;ø2,2x0,7;YT-82101;YATO;Czesci_zamienne_YT-82101.pdf;matched_manifest;https://drive.google.com/file/d/1b5cqlx3QHn7lLhDY8Y8aornTIzoE0_UZ/preview;24229
ZUN-000004;ZY82101-30;ŁOŻYSKO KULKOWE 607 2RS;;607 2RS;ø1,9x0,6;YT-82101;YATO;Czesci_zamienne_YT-82101.pdf;matched_manifest;https://drive.google.com/file/d/1b5cqlx3QHn7lLhDY8Y8aornTIzoE0_UZ/preview;24232
ZUN-000601;ZY82101-31;OSŁONA ŁOŻYSKA 607;tworzywo;ø12,3/ø19/ø21,1/9mm;ø2,21x0,9;YT-82101;YATO;Czesci_zamienne_YT-82101.pdf;matched_manifest;https://drive.google.com/file/d/1b5cqlx3QHn7lLhDY8Y8aornTIzoE0_UZ/preview;24233
ZUN-000564;ZY82101-41;WŁĄCZNIK bez elektroniki;;FA6 6/2W3 6(6)A 250V// HLT-125W-1 6(6) 250V 5E4// HT1006-2110 6(6)A 250V;2,5x2,85x2,96;YT-82101;YATO;Czesci_zamienne_YT-82101.pdf;matched_manifest;https://drive.google.com/file/d/1b5cqlx3QHn7lLhDY8Y8aornTIzoE0_UZ/preview;24239
ZUN-000317;ZY82101-52;KABEL ZASILAJĄCY Z WTYCZKĄ;;2x1,0mm/2,5m guma H07RN-F Ø8mm;3,5x5x22;YT-82101;YATO;Czesci_zamienne_YT-82101.pdf;matched_manifest;https://drive.google.com/file/d/1b5cqlx3QHn7lLhDY8Y8aornTIzoE0_UZ/preview;24245
ZUN-000247;ZY8210209;KLIN CZÓŁENKOWY;;;0,4x0,5x1,2;;;;unknown;;24250
ZUN-000044;ZY8210217;ŁOŻYSKO KULKOWE 6203 2Z;;6203 2Z;ø4x1,2;;;;unknown;;24256
ZUN-000215;ZY8210225;PIERŚCIEŃ USTALAJĄCY;stal;a-5,9mm/ b-11,9mm/ c-0,9mm;ø1,19x0,1;;;;unknown;;24262
ZUN-000042;ZY8210233;ŁOŻYSKO KULKOWE 6202 2Z;;6202 2Z;ø3,5x1,1;;;;unknown;;24268
ZUN-000019;ZY8210240;ŁOŻYSKO KULKOWE 629 2RS;;629 2RS;ø2,6x0,8;;;;unknown;;24274
ZUN-000604;ZY8210241;OSŁONA ŁOŻYSKA 629;tworzywo;ø20,5/ø26/ø30/10mm / gr dna 2,6mm;ø3x1;;;;unknown;;24275
ZUN-000284;ZY8210265;KABEL ZASILAJĄCY Z WTYCZKĄ;;2x1,5mm/2m guma;3,5x6x25;;;;unknown;;24289
ZUN-000105;ZY821023-19;TULEJA ŚLIZGOWA / ŁOŻYSKO IGIEŁKOWE HK0810;;HK0810 ø8/ø12/10mm;ø1,2x1;;;;unknown;;24297
ZUN-000029;ZY821023-28;ŁOŻYSKO KULKOWE 6000 2RS;;6000 2RS;;;;;unknown;;24304
ZUN-000006;ZY821023-33;ŁOŻYSKO KULKOWE 608 2RS;;608 2RS;;;;;unknown;;24306
ZUN-000041;ZY821024-14;ŁOŻYSKO KULKOWE 6201 2RS;;6201 2RS;ø3,2x1;;;;unknown;;24323
ZUN-000105;ZY821024-19;TULEJA ŚLIZGOWA / ŁOŻYSKO IGIEŁKOWE HK0810;;HK0810 ø8/ø12/10mm;ø1,2x1;;;;unknown;;24325
ZUN-000029;ZY821024-28;ŁOŻYSKO KULKOWE 6000 2RS;;6000 2RS;ø2,6x0,8;;;;unknown;;24332
ZUN-000006;ZY821024-33;ŁOŻYSKO KULKOWE 608 2RS;;608 2RS;ø2,2x0,7;;;;unknown;;24335
ZUN-000647;ZY821024-46;KONDENSATOR 0,22μF;tworzywo;0,22μF K X2 GPF40/085/21/C;;;;;unknown;;24339
ZUN-000029;ZY8210301;ŁOŻYSKO KULKOWE 6000 2RS;;6000 2RS;ø2,6x0,8;;;;unknown;;24347
ZUN-000057;ZY8210308;ŁOŻYSKO KULKOWE 6301 2RS;;6301 2RS;ø3,7x1,2;;;;unknown;;24353
ZUN-000454;ZY8210311;NAKRĘTKA drobnozwojowa M8;;M8;0,6x1,3x1,45;;;;unknown;;24356
ZUN-000112;ZY8210318;ŁOŻYSKO IGIEŁKOWE HK1212 / HK121812;;HK1212 HK121812 ø12/ø18/12mm;ø1,8x1,2;;;;unknown;;24362
ZUN-000059;ZY8210323;ŁOŻYSKO KULKOWE 6302 2RS;;6302 2RS;ø4x1,2;;;;unknown;;24365
ZUN-000317;ZY8210352;KABEL ZASILAJĄCY Z WTYCZKĄ;;2x1,0mm/2,5m guma H07RN-F Ø8mm;3,5x6x30;;;;unknown;;24387
ZUN-000247;ZY82104-05;KLIN;stal;;0,4x0,5x1,2;;;;unknown;;24395
ZUN-000043;ZY82104-11;ŁOŻYSKO KULKOWE 6202 2RS;stal;6202 2RS;ø3,5x1,1;;;;unknown;;24397
ZUN-000006;ZY82104-15;ŁOŻYSKO KULKOWE 608 2RS;stal;608 2RS;ø2,2x0,7;;;;unknown;;24399
ZUN-000041;ZY82104-24;ŁOŻYSKO KULKOWE 6201 2RS;;6201 2RS;ø3,2x1;;;;unknown;;24405
ZUN-000006;ZY82104-29;ŁOŻYSKO KULKOWE 608 2RS;stal;608 2RS;ø2,2x0,7;;;;unknown;;24408
ZUN-000596;ZY82104-30;OSŁONA ŁOŻYSKA 608;tworzywo/met;ø18/ø21,8/ø25/9mm;ø2,5x0,9;;;;unknown;;24409
ZUN-000281;ZY82104-52;KABEL ZASILAJĄCY Z WTYCZKĄ 2x1,0mm/3m gu;;2x1,0mm/3m guma H07RN-F ø8mm// H05RN-F ø7mm;3,5x6x32;;;;unknown;;24416
ZUN-000005;ZY82105-14;ŁOŻYSKO KULKOWE 608 2Z;stal;608 2Z;ø2,2x0,7;YT-82105;YATO;Czesci_zamienne_YT-82105.pdf;matched_manifest;https://drive.google.com/file/d/1egXj364vtM-f_QmAHMPvvTE76bBUsFT7/preview;24427
ZUN-000453;ZY82105-20;NAKRĘTKA drobnozwojowa M8;;M8 samokontrująca;0,6x1,3x1,45;YT-82105;YATO;Czesci_zamienne_YT-82105.pdf;matched_manifest;https://drive.google.com/file/d/1egXj364vtM-f_QmAHMPvvTE76bBUsFT7/preview;24431
ZUN-000285;ZY82105-44;KABEL ZASILAJĄCY 2x1,5mm/3m;;2x1,5mm/3m guma H07RN-F Ø9mm;3,6x7x34;YT-82105;YATO;Czesci_zamienne_YT-82105.pdf;matched_manifest;https://drive.google.com/file/d/1egXj364vtM-f_QmAHMPvvTE76bBUsFT7/preview;24443
ZUN-000045;ZY82106-14;ŁOŻYSKO KULKOWE 6203 2RS;;6203 2RS;ø4x1,2;YT-82106;YATO;Czesci_zamienne_YT-82106.pdf;matched_manifest;https://drive.google.com/file/d/1DvGGTqN-Oci-6Bre3_CK3YeeV6h6lBaJ/preview;24456
ZUN-000110;ZY82106-21;ŁOŻYSKO IGIEŁKOWE HK101610;;HK101610 ø10/ø16/10mm;ø1,6x1;YT-82106;YATO;Czesci_zamienne_YT-82106.pdf;matched_manifest;https://drive.google.com/file/d/1DvGGTqN-Oci-6Bre3_CK3YeeV6h6lBaJ/preview;24458
ZUN-000041;ZY82106-34;ŁOŻYSKO KULKOWE 6201 2RS;;6201 2RS;ø3,2x1;YT-82106;YATO;Czesci_zamienne_YT-82106.pdf;matched_manifest;https://drive.google.com/file/d/1DvGGTqN-Oci-6Bre3_CK3YeeV6h6lBaJ/preview;24464
ZUN-000019;ZY82106-39;ŁOŻYSKO KULKOWE 629 2RS;;629 2RS;ø2,4x0,8;YT-82106;YATO;Czesci_zamienne_YT-82106.pdf;matched_manifest;https://drive.google.com/file/d/1DvGGTqN-Oci-6Bre3_CK3YeeV6h6lBaJ/preview;24466
ZUN-000285;ZY82106-67;KABEL Z WTYCZKĄ;;2x1,5mm/3m H07RN-F Ø9mm;4,6x7,1x27;YT-82106;YATO;Czesci_zamienne_YT-82106.pdf;matched_manifest;https://drive.google.com/file/d/1DvGGTqN-Oci-6Bre3_CK3YeeV6h6lBaJ/preview;24476
ZUN-000247;ZY82110-07;KLIN CZÓŁENKOWY;;;0,4x0,5x1,2;YT-82110;YATO;Czesci_zamienne_YT-82110.pdf;matched_manifest;https://drive.google.com/file/d/1NWOwdg_ijIMXY5Avf91lFYkpywsvWQcS/preview;24482
ZUN-000045;ZY82110-10;ŁOŻYSKO KULKOWE 6203 2RS;;6203 2RS;ø4x1,2;YT-82110;YATO;Czesci_zamienne_YT-82110.pdf;matched_manifest;https://drive.google.com/file/d/1NWOwdg_ijIMXY5Avf91lFYkpywsvWQcS/preview;24485
ZUN-000006;ZY82110-14;ŁOŻYSKO KULKOWE 608 2RS;;608 2RS;ø2,2x0,7;YT-82110;YATO;Czesci_zamienne_YT-82110.pdf;matched_manifest;https://drive.google.com/file/d/1NWOwdg_ijIMXY5Avf91lFYkpywsvWQcS/preview;24487
ZUN-000621;ZY82110-16;PIERŚCIEŃ USTALAJĄCY;stal;a-7,3mm/ b-11,8mm/ c-0,8mm;0,08x1x1,2;YT-82110;YATO;Czesci_zamienne_YT-82110.pdf;matched_manifest;https://drive.google.com/file/d/1NWOwdg_ijIMXY5Avf91lFYkpywsvWQcS/preview;24488
ZUN-000055;ZY82110-23;ŁOŻYSKO KULKOWE 6300 2RS;;6300 2RS;ø3,5x1,1;YT-82110;YATO;Czesci_zamienne_YT-82110.pdf;matched_manifest;https://drive.google.com/file/d/1NWOwdg_ijIMXY5Avf91lFYkpywsvWQcS/preview;24495
ZUN-000029;ZY82110-29;ŁOŻYSKO KULKOWE 6000 2RS;;6000 2RS;ø2,6x0,8;YT-82110;YATO;Czesci_zamienne_YT-82110.pdf;matched_manifest;https://drive.google.com/file/d/1NWOwdg_ijIMXY5Avf91lFYkpywsvWQcS/preview;24500
ZUN-000285;ZY82110-51;KABEL ZASILAJĄCY Z WTYCZKĄ;;2x1,5mm/3m guma H07RN-7 ø9mm;3,6x7x34;YT-82110;YATO;Czesci_zamienne_YT-82110.pdf;matched_manifest;https://drive.google.com/file/d/1NWOwdg_ijIMXY5Avf91lFYkpywsvWQcS/preview;24511
ZUN-000613;ZY82115002;PIERŚCIEŃ ZABEZPIECZAJĄCY drut;stal;a-19/b-23/c-2mm;ø2,3x0,2;YT-82115;YATO;Czesci_zamienne_YT-82115.pdf;matched_manifest;https://drive.google.com/file/d/1AxSKYzpaQyttpDRWuCPHw156XFlMG0EM/preview;24514
ZUN-000260;ZY82115005;KULKA STALOWA;;ø7,14mm;ø0,714;YT-82115;YATO;Czesci_zamienne_YT-82115.pdf;matched_manifest;https://drive.google.com/file/d/1AxSKYzpaQyttpDRWuCPHw156XFlMG0EM/preview;24517
ZUN-000643;ZY82115010;USZCZELKA OLEJOWA simmering;tworzywo/stal;ø20/ø35/7mm;ø3,5x0,7;YT-82115;YATO;Czesci_zamienne_YT-82115.pdf;matched_manifest;https://drive.google.com/file/d/1AxSKYzpaQyttpDRWuCPHw156XFlMG0EM/preview;24521
ZUN-000103;ZY82115012;ŁOŻYSKO IGIEŁKOWE HK0709;;HK0709 ø7/11/9mm;ø1,1x0,9;YT-82115;YATO;Czesci_zamienne_YT-82115.pdf;matched_manifest;https://drive.google.com/file/d/1AxSKYzpaQyttpDRWuCPHw156XFlMG0EM/preview;24523
ZUN-000618;ZY82115015;PIERŚCIEŃ USTALAJĄCY drut;stal;a-27,6/b-32,6/c-2,5mm;ø3,3x0,25;YT-82115;YATO;Czesci_zamienne_YT-82115.pdf;matched_manifest;https://drive.google.com/file/d/1AxSKYzpaQyttpDRWuCPHw156XFlMG0EM/preview;24525
ZUN-000655;ZY82115027;TRZPIEŃ;stal;;ø0,248x1,172;YT-82115;YATO;Czesci_zamienne_YT-82115.pdf;matched_manifest;https://drive.google.com/file/d/1AxSKYzpaQyttpDRWuCPHw156XFlMG0EM/preview;24531
ZUN-000617;ZY82115029;PIERŚCIEŃ USTALAJĄCY drut;stal;a-28,3/b-31,3/c-1,5mm;ø3,1x0,15;YT-82115;YATO;Czesci_zamienne_YT-82115.pdf;matched_manifest;https://drive.google.com/file/d/1AxSKYzpaQyttpDRWuCPHw156XFlMG0EM/preview;24533
ZUN-000520;ZY82115038;O-RING;;ø15/ø21/ø3mm;ø2,1x0,3;YT-82115;YATO;Czesci_zamienne_YT-82115.pdf;matched_manifest;https://drive.google.com/file/d/1AxSKYzpaQyttpDRWuCPHw156XFlMG0EM/preview;24542
ZUN-000659;ZY82115041;TRZPIEŃ CYLINDRA;stal;cylinder ø2,4x6,7;ø1,19x1,92otwórø7;YT-82115;YATO;Czesci_zamienne_YT-82115.pdf;matched_manifest;https://drive.google.com/file/d/1AxSKYzpaQyttpDRWuCPHw156XFlMG0EM/preview;24545
ZUN-000528;ZY82115046;O-RING;;ø23,1/ø27,7/ø2,3mm;ø2,77x0,23;YT-82115;YATO;Czesci_zamienne_YT-82115.pdf;matched_manifest;https://drive.google.com/file/d/1AxSKYzpaQyttpDRWuCPHw156XFlMG0EM/preview;24550
ZUN-000099;ZY82115052;ŁOŻYSKO IGIEŁKOWE HK0609;;HK0609 ø6/ø10/9mm;ø1x0,9;YT-82115;YATO;Czesci_zamienne_YT-82115.pdf;matched_manifest;https://drive.google.com/file/d/1AxSKYzpaQyttpDRWuCPHw156XFlMG0EM/preview;24555
ZUN-000027;ZY82115059;ŁOŻYSKO KULKOWE 699 2Z;;699 2Z;ø2x0,5;YT-82115;YATO;Czesci_zamienne_YT-82115.pdf;matched_manifest;https://drive.google.com/file/d/1AxSKYzpaQyttpDRWuCPHw156XFlMG0EM/preview;24563
ZUN-000009;ZY82115061;ŁOŻYSKO KULKOWE 609 2RS;;609 2RS osłona metalowa;ø2,4x0,75;YT-82115;YATO;Czesci_zamienne_YT-82115.pdf;matched_manifest;https://drive.google.com/file/d/1AxSKYzpaQyttpDRWuCPHw156XFlMG0EM/preview;24565
ZUN-000004;ZY82115063;ŁOŻYSKO KULKOWE 607 2RS;;607 2RS;ø1,9x0,6;YT-82115;YATO;Czesci_zamienne_YT-82115.pdf;matched_manifest;https://drive.google.com/file/d/1AxSKYzpaQyttpDRWuCPHw156XFlMG0EM/preview;24567
ZUN-000602;ZY82115067;OSŁONA ŁOŻYSKA 607;tworzywo;ø13,4/ø19/ø22,3/10,5mm;ø2,23x1,05;YT-82115;YATO;Czesci_zamienne_YT-82115.pdf;matched_manifest;https://drive.google.com/file/d/1AxSKYzpaQyttpDRWuCPHw156XFlMG0EM/preview;24569
ZUN-000582;ZY82115078;WŁĄCZNIK;;RG602 4(4)A 250V 5E4 RUIGU;3,62x6,93x9,32;YT-82115;YATO;Czesci_zamienne_YT-82115.pdf;matched_manifest;https://drive.google.com/file/d/1AxSKYzpaQyttpDRWuCPHw156XFlMG0EM/preview;24574
ZUN-000275;ZY82115082;KABEL ZASILAJĄCY Z WTYCZKĄ;;2x0.75mm/3m guma H05RN-F ø7mm;3,5x6x30;YT-82115;YATO;Czesci_zamienne_YT-82115.pdf;matched_manifest;https://drive.google.com/file/d/1AxSKYzpaQyttpDRWuCPHw156XFlMG0EM/preview;24577
ZUN-000260;ZY82116-015;KULKA STALOWA;;;ø0,714;YT-82116;YATO;Czesci_zamienne_YT-82116.pdf;matched_manifest;https://drive.google.com/file/d/1_u8H1l4l9gMf0nxesFvY1NpVM3txc98n/preview;24590
ZUN-000261;ZY82116-020;KULA STALOWA;;;ø0,793;YT-82116;YATO;Czesci_zamienne_YT-82116.pdf;matched_manifest;https://drive.google.com/file/d/1_u8H1l4l9gMf0nxesFvY1NpVM3txc98n/preview;24595
ZUN-000281;ZY82116-078;KABEL Z WTYCZKĄ;;2x1,0mm/3,2m H07RN-F;3,6x6,2x35,7;YT-82116;YATO;Czesci_zamienne_YT-82116.pdf;matched_manifest;https://drive.google.com/file/d/1_u8H1l4l9gMf0nxesFvY1NpVM3txc98n/preview;24628
ZUN-000260;ZY82117-013;KULKA STALOWA ø7,14mm;;;ø0,714;YT-82117;YATO;Czesci_zamienne_YT-82117.pdf;matched_manifest;https://drive.google.com/file/d/1Wh0dYxKAqPFMK_vSAdknx3aFrbG0RN-T/preview;24658
ZUN-000263;ZY82117-017;KULKA STALOWA ø8mm;;;ø0,8;YT-82117;YATO;Czesci_zamienne_YT-82117.pdf;matched_manifest;https://drive.google.com/file/d/1Wh0dYxKAqPFMK_vSAdknx3aFrbG0RN-T/preview;24662
ZUN-000281;ZY82117-078;KABEL Z WTYCZKĄ;;2x1,0mm/3,2m H07RN-F;4,7x6,5x38,7;YT-82117;YATO;Czesci_zamienne_YT-82117.pdf;matched_manifest;https://drive.google.com/file/d/1Wh0dYxKAqPFMK_vSAdknx3aFrbG0RN-T/preview;24698
ZUN-000249;ZY82117-094;KLIN;;;0,5x0,5x2,2;YT-82117;YATO;Czesci_zamienne_YT-82117.pdf;matched_manifest;https://drive.google.com/file/d/1Wh0dYxKAqPFMK_vSAdknx3aFrbG0RN-T/preview;24708
ZUN-000646;ZY82118-008;USZCZELKA OLEJOWA uszczelniacz;tworzywo/stal;ø35/ø51/6mm;ø5,1x0,6;YT-82118;YATO;Czesci_zamienne_YT-82118.pdf;matched_manifest;https://drive.google.com/file/d/1aoTiPplUnN6QkIsAlfH3W6cjcjULdcCT/preview;24723
ZUN-000260;ZY82118-012;KULKA STALOWA Φ7.14;stal;ø7,14mm;ø0,714;YT-82118;YATO;Czesci_zamienne_YT-82118.pdf;matched_manifest;https://drive.google.com/file/d/1aoTiPplUnN6QkIsAlfH3W6cjcjULdcCT/preview;24724
ZUN-000261;ZY82118-017;KULKA STALOWA Φ7.938;stal;ø7,93mm;ø0,793;YT-82118;YATO;Czesci_zamienne_YT-82118.pdf;matched_manifest;https://drive.google.com/file/d/1aoTiPplUnN6QkIsAlfH3W6cjcjULdcCT/preview;24729
ZUN-000244;ZY82118-019;KLIN PŁASKI;stal;;0,3x0,3x1,76;YT-82118;YATO;Czesci_zamienne_YT-82118.pdf;matched_manifest;https://drive.google.com/file/d/1aoTiPplUnN6QkIsAlfH3W6cjcjULdcCT/preview;24731
ZUN-000281;ZY82118-077;KABEL ZASILAJĄCY Z WTYCZKĄ;;2x1,0mm/3m guma H07RN-F ø8mm;3,5x6x32;YT-82118;YATO;Czesci_zamienne_YT-82118.pdf;matched_manifest;https://drive.google.com/file/d/1aoTiPplUnN6QkIsAlfH3W6cjcjULdcCT/preview;24764
ZUN-000643;ZY82120010;USZCZELKA OLEJOWA simmering;tworzywo/stal;ø20/ø35/7mm;ø3,5x0,7;YT-82120;YATO;Czesci_zamienne_YT-82120.pdf;matched_manifest;https://drive.google.com/file/d/1W1HZkMSq20Y0CPdDj8tU4quEw9iMDhKY/preview;24784
ZUN-000069;ZY82120011;ŁOŻYSKO KULKOWE 6905 2RS;;6905 2RS;ø4,2x0,9;YT-82120;YATO;Czesci_zamienne_YT-82120.pdf;matched_manifest;https://drive.google.com/file/d/1W1HZkMSq20Y0CPdDj8tU4quEw9iMDhKY/preview;24785
ZUN-000012;ZY82120012;ŁOŻYSKO KULKOWE 626 2Z;;626 2Z;ø1,9x0,6;YT-82120;YATO;Czesci_zamienne_YT-82120.pdf;matched_manifest;https://drive.google.com/file/d/1W1HZkMSq20Y0CPdDj8tU4quEw9iMDhKY/preview;24786
ZUN-000615;ZY82120013;PIERŚCIEŃ USTALAJĄCY drut;stal;a-26,9/b-29,9/c-1,6mm;ø3x0,15;YT-82120;YATO;Czesci_zamienne_YT-82120.pdf;matched_manifest;https://drive.google.com/file/d/1W1HZkMSq20Y0CPdDj8tU4quEw9iMDhKY/preview;24787
ZUN-000260;ZY82120017;KULKA STALOWA;;ø7,14mm;ø0,714;YT-82120;YATO;Czesci_zamienne_YT-82120.pdf;matched_manifest;https://drive.google.com/file/d/1W1HZkMSq20Y0CPdDj8tU4quEw9iMDhKY/preview;24791
ZUN-000252;ZY82120019;KULKA STALOWA;;ø3mm;ø0,3;YT-82120;YATO;Czesci_zamienne_YT-82120.pdf;matched_manifest;https://drive.google.com/file/d/1W1HZkMSq20Y0CPdDj8tU4quEw9iMDhKY/preview;24793
ZUN-000616;ZY82120029;PIERŚCIEŃ USTALAJĄCY;stal;a-27,6/b-31,6/c-2mm;ø3,1x0,2;YT-82120;YATO;Czesci_zamienne_YT-82120.pdf;matched_manifest;https://drive.google.com/file/d/1W1HZkMSq20Y0CPdDj8tU4quEw9iMDhKY/preview;24803
ZUN-000659;ZY82120033;TRZPIEŃ CYLINDRA;stal;cylinder ø2,4x6,7;ø1,19x1,92otwórø7;YT-82120;YATO;Czesci_zamienne_YT-82120.pdf;matched_manifest;https://drive.google.com/file/d/1W1HZkMSq20Y0CPdDj8tU4quEw9iMDhKY/preview;24807
ZUN-000634;ZY82120034;PODKŁADKA;stal;ø12,2/ø18/1,2mm;ø1,8x0,12;YT-82120;YATO;Czesci_zamienne_YT-82120.pdf;matched_manifest;https://drive.google.com/file/d/1W1HZkMSq20Y0CPdDj8tU4quEw9iMDhKY/preview;24808
ZUN-000004;ZY82120046;ŁOŻYSKO KULKOWE 607 2RS;;607 2RS;ø1,9x0,6;YT-82120;YATO;Czesci_zamienne_YT-82120.pdf;matched_manifest;https://drive.google.com/file/d/1W1HZkMSq20Y0CPdDj8tU4quEw9iMDhKY/preview;24820
ZUN-000009;ZY82120049;ŁOŻYSKO KULKOWE 609 2RS;;609 2RS osłona metalowa;ø2,4x0,75;YT-82120;YATO;Czesci_zamienne_YT-82120.pdf;matched_manifest;https://drive.google.com/file/d/1W1HZkMSq20Y0CPdDj8tU4quEw9iMDhKY/preview;24823
ZUN-000005;ZY82120051;ŁOŻYSKO KULKOWE 608 2Z;;608 2Z;ø2,2x0,7;YT-82120;YATO;Czesci_zamienne_YT-82120.pdf;matched_manifest;https://drive.google.com/file/d/1W1HZkMSq20Y0CPdDj8tU4quEw9iMDhKY/preview;24825
ZUN-000650;ZY82120069;KONDENSATOR 0,33µF;tworzywo;0,33μF M X2 TNS-2H 40/085/21/C 275V;0,8x1,75x2,56;YT-82120;YATO;Czesci_zamienne_YT-82120.pdf;matched_manifest;https://drive.google.com/file/d/1W1HZkMSq20Y0CPdDj8tU4quEw9iMDhKY/preview;24838
ZUN-000279;ZY82120075;KABEL ZASILAJĄCY Z WTYCZKĄ;;2x1,0mm/2m guma H07RN-F Ø8mm;3,5x6x30;YT-82120;YATO;Czesci_zamienne_YT-82120.pdf;matched_manifest;https://drive.google.com/file/d/1W1HZkMSq20Y0CPdDj8tU4quEw9iMDhKY/preview;24841
ZUN-000258;ZY821210-05;KULKA STALOWA ø7mm;;ø7mm;ø0,7;;;;unknown;;24854
ZUN-000613;ZY82122005;PIERŚCIEŃ USTALAJĄCY drut;stal;a-19/b-23/c-2mm;ø2,3x0,2;YT-82122;YATO;Czesci_zamienne_YT-82122.pdf;matched_manifest;https://drive.google.com/file/d/1LVtoCgch5qYVdj6TSaBhMiMw5xa-ARAl/preview;24909
ZUN-000260;ZY82122008;KULKA STALOWA ø7,14mm;;ø7,14mm;ø0,714;YT-82122;YATO;Czesci_zamienne_YT-82122.pdf;matched_manifest;https://drive.google.com/file/d/1LVtoCgch5qYVdj6TSaBhMiMw5xa-ARAl/preview;24912
ZUN-000258;ZY82122013;KULKA STALOWA ø7mm;;ø7mm;ø0,7;YT-82122;YATO;Czesci_zamienne_YT-82122.pdf;matched_manifest;https://drive.google.com/file/d/1LVtoCgch5qYVdj6TSaBhMiMw5xa-ARAl/preview;24917
ZUN-000139;ZY82122014;UCHWYT WIERTARSKI samo zacisk;;2-13mm 1/2-20UNF;ø4,3x6,2;YT-82122;YATO;Czesci_zamienne_YT-82122.pdf;matched_manifest;https://drive.google.com/file/d/1LVtoCgch5qYVdj6TSaBhMiMw5xa-ARAl/preview;24918
ZUN-000103;ZY82122029;ŁOŻYSKO IGIEŁKOWE HK0709;;HK0709 ø7/11/9mm;ø1,1x0,9;YT-82122;YATO;Czesci_zamienne_YT-82122.pdf;matched_manifest;https://drive.google.com/file/d/1LVtoCgch5qYVdj6TSaBhMiMw5xa-ARAl/preview;24932
ZUN-000655;ZY82122042;TRZPIEŃ;stal;;ø0,248x1,172;YT-82122;YATO;Czesci_zamienne_YT-82122.pdf;matched_manifest;https://drive.google.com/file/d/1LVtoCgch5qYVdj6TSaBhMiMw5xa-ARAl/preview;24941
ZUN-000520;ZY82122054;O-RING;;ø15/ø21/ø3mm;ø2,1x0,3;YT-82122;YATO;Czesci_zamienne_YT-82122.pdf;matched_manifest;https://drive.google.com/file/d/1LVtoCgch5qYVdj6TSaBhMiMw5xa-ARAl/preview;24953
ZUN-000634;ZY82122056;PODKŁADKA;;ø12,2/ø18/1,2mm;;YT-82122;YATO;Czesci_zamienne_YT-82122.pdf;matched_manifest;https://drive.google.com/file/d/1LVtoCgch5qYVdj6TSaBhMiMw5xa-ARAl/preview;24955
ZUN-000659;ZY82122057;TRZPIEŃ CYLINDRA;stal;cylinder ø2,4x6,7;ø1,19x1,92otwórø7;YT-82122;YATO;Czesci_zamienne_YT-82122.pdf;matched_manifest;https://drive.google.com/file/d/1LVtoCgch5qYVdj6TSaBhMiMw5xa-ARAl/preview;24956
ZUN-000528;ZY82122062;O-RING;;ø23,1/ø27,7/ø2,3mm;ø2,77x0,23;YT-82122;YATO;Czesci_zamienne_YT-82122.pdf;matched_manifest;https://drive.google.com/file/d/1LVtoCgch5qYVdj6TSaBhMiMw5xa-ARAl/preview;24961
ZUN-000009;ZY82122063;ŁOŻYSKO KULKOWE 609 2RS;;609 2RS osłona metalowa;ø2,4x0,75;YT-82122;YATO;Czesci_zamienne_YT-82122.pdf;matched_manifest;https://drive.google.com/file/d/1LVtoCgch5qYVdj6TSaBhMiMw5xa-ARAl/preview;24962
ZUN-000093;ZY82122067;ŁOŻYSKO KULKOWE 699 bez osłon;;699 bez osłon;ø2x0,5;YT-82122;YATO;Czesci_zamienne_YT-82122.pdf;matched_manifest;https://drive.google.com/file/d/1LVtoCgch5qYVdj6TSaBhMiMw5xa-ARAl/preview;24965
ZUN-000107;ZY82122070;ŁOŻYSKO IGIEŁKOWE HK0910;;HK0910 ø9/ø13/10mm;ø1,3x1;YT-82122;YATO;Czesci_zamienne_YT-82122.pdf;matched_manifest;https://drive.google.com/file/d/1LVtoCgch5qYVdj6TSaBhMiMw5xa-ARAl/preview;24969
ZUN-000004;ZY82122079;ŁOŻYSKO KULKOWE 607 2RS;;607 2RS;ø1,9x0,6;YT-82122;YATO;Czesci_zamienne_YT-82122.pdf;matched_manifest;https://drive.google.com/file/d/1LVtoCgch5qYVdj6TSaBhMiMw5xa-ARAl/preview;24977
ZUN-000582;ZY82122091;WŁĄCZNIK;;RG602 4(4)A 250V 5E4//FA2-4/1 BEK 8(6)A 250V RUIGU;3,62x6,93x9,32;YT-82122;YATO;Czesci_zamienne_YT-82122.pdf;matched_manifest;https://drive.google.com/file/d/1LVtoCgch5qYVdj6TSaBhMiMw5xa-ARAl/preview;24985
ZUN-000281;ZY82122092;KABEL ZASILAJĄCY Z WTYCZKĄ;;2x1,0mm/3m guma H07RN-F ø8mm// H05RN-F ø7mm;3,5x6x32;YT-82122;YATO;Czesci_zamienne_YT-82122.pdf;matched_manifest;https://drive.google.com/file/d/1LVtoCgch5qYVdj6TSaBhMiMw5xa-ARAl/preview;24986
ZUN-000260;ZY82123-008;KULKA STALOWA ø7,14mm;;ø7,14mm;ø0,714;YT-82123;YATO;Czesci_zamienne_YT-82123.pdf;matched_manifest;https://drive.google.com/file/d/1ahHAtk-Ss7KWoIDKt0YYrij8oaG8HVMK/preview;24995
ZUN-000513;ZY82123-010;O-RING;;ø11,2/ø14,8/ø1,8mm;ø1,48x0,18;YT-82123;YATO;Czesci_zamienne_YT-82123.pdf;matched_manifest;https://drive.google.com/file/d/1ahHAtk-Ss7KWoIDKt0YYrij8oaG8HVMK/preview;24997
ZUN-000525;ZY82123-013;O-RING;;ø19,2/ø25,2/ø3mm;ø2,52x0,3;YT-82123;YATO;Czesci_zamienne_YT-82123.pdf;matched_manifest;https://drive.google.com/file/d/1ahHAtk-Ss7KWoIDKt0YYrij8oaG8HVMK/preview;24999
ZUN-000071;ZY82123-018;ŁOŻYSKO KULKOWE 6907 2RS;;6907 2RS/61907rs/1000907rs;ø5,5x1;YT-82123;YATO;Czesci_zamienne_YT-82123.pdf;matched_manifest;https://drive.google.com/file/d/1ahHAtk-Ss7KWoIDKt0YYrij8oaG8HVMK/preview;25001
ZUN-000263;ZY82123-020;KULKA STALOWA ø8mm;;ø8mm;ø0,8;YT-82123;YATO;Czesci_zamienne_YT-82123.pdf;matched_manifest;https://drive.google.com/file/d/1ahHAtk-Ss7KWoIDKt0YYrij8oaG8HVMK/preview;25003
ZUN-000525;ZY82123-045;O-RING;tworzywo;ø19,2/ø25,2/ø3mm;ø2,52x0,3;YT-82123;YATO;Czesci_zamienne_YT-82123.pdf;matched_manifest;https://drive.google.com/file/d/1ahHAtk-Ss7KWoIDKt0YYrij8oaG8HVMK/preview;25012
ZUN-000105;ZY82123-048B;ŁOŻYSKO IGIEŁKOWE HK0810;stal;HK0810 ø8/ø12/10mm;ø1,2x1;YT-82123;YATO;Czesci_zamienne_YT-82123.pdf;matched_manifest;https://drive.google.com/file/d/1ahHAtk-Ss7KWoIDKt0YYrij8oaG8HVMK/preview;25018
ZUN-000246;ZY82123-050;KLIN PŁASKI;;;0,4x0,4x1,2;YT-82123;YATO;Czesci_zamienne_YT-82123.pdf;matched_manifest;https://drive.google.com/file/d/1ahHAtk-Ss7KWoIDKt0YYrij8oaG8HVMK/preview;25020
ZUN-000043;ZY82123-051;ŁOŻYSKO KULKOWE 6202 2RS;;6202 2RS;ø3,5x1,1;YT-82123;YATO;Czesci_zamienne_YT-82123.pdf;matched_manifest;https://drive.google.com/file/d/1ahHAtk-Ss7KWoIDKt0YYrij8oaG8HVMK/preview;25021
ZUN-000026;ZY82123-056;ŁOŻYSKO KULKOWE 698 2Z;;698 2Z;ø1,9x0,6;YT-82123;YATO;Czesci_zamienne_YT-82123.pdf;matched_manifest;https://drive.google.com/file/d/1ahHAtk-Ss7KWoIDKt0YYrij8oaG8HVMK/preview;25024
ZUN-000031;ZY82123-072;ŁOŻYSKO KULKOWE 6001 2RS;;6001 2RS;ø2,8x0,8;YT-82123;YATO;Czesci_zamienne_YT-82123.pdf;matched_manifest;https://drive.google.com/file/d/1ahHAtk-Ss7KWoIDKt0YYrij8oaG8HVMK/preview;25029
ZUN-000006;ZY82123-075;ŁOŻYSKO KULKOWE 608 2RS;;608 2RS;ø2,2x0,7;YT-82123;YATO;Czesci_zamienne_YT-82123.pdf;matched_manifest;https://drive.google.com/file/d/1ahHAtk-Ss7KWoIDKt0YYrij8oaG8HVMK/preview;25032
ZUN-000271;ZY82123-097;KABEL ZASILAJĄCY Z WTYCZKĄ;;2x0,75mm/2,5m guma // ma być 2x1,0mm/ 3m;3,5x6x30;YT-82123;YATO;Czesci_zamienne_YT-82123.pdf;matched_manifest;https://drive.google.com/file/d/1ahHAtk-Ss7KWoIDKt0YYrij8oaG8HVMK/preview;25043
ZUN-000612;ZY82125002;PIERŚCIEŃ USTALAJĄCY drut;stal;a-18,1/b-22/c-2mm;ø2,2x0,2;YT-82125;YATO;Czesci_zamienne_YT-82125.pdf;matched_manifest;https://drive.google.com/file/d/1gfybtzRiwtmLe_EzLxW6m6Fl3vuq9Xt8/preview;25045
ZUN-000646;ZY82125009;USZCZELKA OLEJOWA simmering;tworzywo/stal;ø35/ø51/6mm;ø5,1x0,6;YT-82125;YATO;Czesci_zamienne_YT-82125.pdf;matched_manifest;https://drive.google.com/file/d/1gfybtzRiwtmLe_EzLxW6m6Fl3vuq9Xt8/preview;25049
ZUN-000071;ZY82125012;ŁOŻYSKO KULKOWE 6907 2RS;;6907 2RS/61907rs/1000907rs;ø5,5x1;YT-82125;YATO;Czesci_zamienne_YT-82125.pdf;matched_manifest;https://drive.google.com/file/d/1gfybtzRiwtmLe_EzLxW6m6Fl3vuq9Xt8/preview;25052
ZUN-000260;ZY82125013;KULKA STALOWA;;ø7,14mm;ø0,714;YT-82125;YATO;Czesci_zamienne_YT-82125.pdf;matched_manifest;https://drive.google.com/file/d/1gfybtzRiwtmLe_EzLxW6m6Fl3vuq9Xt8/preview;25053
ZUN-000515;ZY82125016;O-RING;;ø11/ø15/ø2mm;ø1,5x0,2;YT-82125;YATO;Czesci_zamienne_YT-82125.pdf;matched_manifest;https://drive.google.com/file/d/1gfybtzRiwtmLe_EzLxW6m6Fl3vuq9Xt8/preview;25056
ZUN-000262;ZY82125018;KULKA STALOWA;;ø7,94mm;ø0,794;YT-82125;YATO;Czesci_zamienne_YT-82125.pdf;matched_manifest;https://drive.google.com/file/d/1gfybtzRiwtmLe_EzLxW6m6Fl3vuq9Xt8/preview;25058
ZUN-000244;ZY82125020;KLIN PŁASKI;;3/3/18mm;0,3x0,3x1,8;YT-82125;YATO;Czesci_zamienne_YT-82125.pdf;matched_manifest;https://drive.google.com/file/d/1gfybtzRiwtmLe_EzLxW6m6Fl3vuq9Xt8/preview;25060
ZUN-000615;ZY82125026;PIERŚCIEŃ USTALAJĄCY;stal;a-26,9/b-29,9/c-1,6mm;ø3x0,15;YT-82125;YATO;Czesci_zamienne_YT-82125.pdf;matched_manifest;https://drive.google.com/file/d/1gfybtzRiwtmLe_EzLxW6m6Fl3vuq9Xt8/preview;25066
ZUN-000525;ZY82125028;O-RING;;ø19,2/ø25,2/ø3mm;ø2,52x0,3;YT-82125;YATO;Czesci_zamienne_YT-82125.pdf;matched_manifest;https://drive.google.com/file/d/1gfybtzRiwtmLe_EzLxW6m6Fl3vuq9Xt8/preview;25068
ZUN-000014;ZY82125057;ŁOŻYSKO KULKOWE 627 2Z;;627 2Z;ø2,2x0,7;YT-82125;YATO;Czesci_zamienne_YT-82125.pdf;matched_manifest;https://drive.google.com/file/d/1gfybtzRiwtmLe_EzLxW6m6Fl3vuq9Xt8/preview;25083
ZUN-000034;ZY82125058;ŁOŻYSKO KULKOWE 6003 2Z;;6003 2Z;ø3,5x1;YT-82125;YATO;Czesci_zamienne_YT-82125.pdf;matched_manifest;https://drive.google.com/file/d/1gfybtzRiwtmLe_EzLxW6m6Fl3vuq9Xt8/preview;25084
ZUN-000632;ZY82125059;PIERŚCIEŃ USTALAJĄCY;stal;a-32,6mm/b-38mm/c-1,5mm;0,15x3,6x3,8;YT-82125;YATO;Czesci_zamienne_YT-82125.pdf;matched_manifest;https://drive.google.com/file/d/1gfybtzRiwtmLe_EzLxW6m6Fl3vuq9Xt8/preview;25085
ZUN-000627;ZY82125060;PIERŚCIEŃ USTALAJĄCY;stal;a-15,8mm/ b-21,9mm/ c-1mm;0,1x1,9x2,2;YT-82125;YATO;Czesci_zamienne_YT-82125.pdf;matched_manifest;https://drive.google.com/file/d/1gfybtzRiwtmLe_EzLxW6m6Fl3vuq9Xt8/preview;25086
ZUN-000245;ZY82125061;KLIN PŁASKI;;;0,4x0,4x0,8;YT-82125;YATO;Czesci_zamienne_YT-82125.pdf;matched_manifest;https://drive.google.com/file/d/1gfybtzRiwtmLe_EzLxW6m6Fl3vuq9Xt8/preview;25087
ZUN-000111;ZY82125064;ŁOŻYSKO IGIEŁKOWE HK1210;;HK1210 ø12/ø16/10mm;ø1,6x1;YT-82125;YATO;Czesci_zamienne_YT-82125.pdf;matched_manifest;https://drive.google.com/file/d/1gfybtzRiwtmLe_EzLxW6m6Fl3vuq9Xt8/preview;25090
ZUN-000031;ZY82125067;ŁOŻYSKO KULKOWE 6001 2RS;;6001 2RS;ø2,8x0,8;YT-82125;YATO;Czesci_zamienne_YT-82125.pdf;matched_manifest;https://drive.google.com/file/d/1gfybtzRiwtmLe_EzLxW6m6Fl3vuq9Xt8/preview;25093
ZUN-000005;ZY82125069;ŁOŻYSKO KULKOWE 608 2Z;;608 2Z;ø2,2x0,7;YT-82125;YATO;Czesci_zamienne_YT-82125.pdf;matched_manifest;https://drive.google.com/file/d/1gfybtzRiwtmLe_EzLxW6m6Fl3vuq9Xt8/preview;25095
ZUN-000648;ZY82125084;KONDENSATOR 0,22µF;tworzywo;0,22µF M X2 TNS-2H TNS-2;0,7x1,6x2,6;YT-82125;YATO;Czesci_zamienne_YT-82125.pdf;matched_manifest;https://drive.google.com/file/d/1gfybtzRiwtmLe_EzLxW6m6Fl3vuq9Xt8/preview;25105
ZUN-000279;ZY82125088;KABEL ZASILAJĄCY Z WTYCZKĄ;;2x1,0mm/2,5m guma;3,5x6x30;YT-82125;YATO;Czesci_zamienne_YT-82125.pdf;matched_manifest;https://drive.google.com/file/d/1gfybtzRiwtmLe_EzLxW6m6Fl3vuq9Xt8/preview;25107
ZUN-000612;ZY82127002;PIERŚCIEŃ USTALAJĄCY drut 18*2;stal;a-18,1/b-22/c-2mm;ø2,2x0,2;YT-82127;YATO;Czesci_zamienne_YT-82127.pdf;matched_manifest;https://drive.google.com/file/d/1n2H8MOnK5q8Tp1mQfxw44xCpnS2nW5Xr/preview;25119
ZUN-000646;ZY82127006;USZCZELKA OLEJOWA simmering;tworzywo/stal;ø35/ø51/6mm;ø5,1x0,6;YT-82127;YATO;Czesci_zamienne_YT-82127.pdf;matched_manifest;https://drive.google.com/file/d/1n2H8MOnK5q8Tp1mQfxw44xCpnS2nW5Xr/preview;25123
ZUN-000628;ZY82127008;PIERŚCIEŃ USTALAJĄCY;stal;a-32,1mm/ b-41,3mm/ c-1,4mm;0,14x3,8x4,13;YT-82127;YATO;Czesci_zamienne_YT-82127.pdf;matched_manifest;https://drive.google.com/file/d/1n2H8MOnK5q8Tp1mQfxw44xCpnS2nW5Xr/preview;25125
ZUN-000071;ZY82127009;ŁOŻYSKO KULKOWE 6907 2RS;;6907 2RS/61907rs/1000907rs;ø5,5x1;YT-82127;YATO;Czesci_zamienne_YT-82127.pdf;matched_manifest;https://drive.google.com/file/d/1n2H8MOnK5q8Tp1mQfxw44xCpnS2nW5Xr/preview;25126
ZUN-000260;ZY82127010;KULKA STALOWA;;ø7,14mm;ø0,714;YT-82127;YATO;Czesci_zamienne_YT-82127.pdf;matched_manifest;https://drive.google.com/file/d/1n2H8MOnK5q8Tp1mQfxw44xCpnS2nW5Xr/preview;25127
ZUN-000514;ZY82127013;O-RING 11*1,9;;ø11,2/ø15/ø1,9mm;ø1,5x0,19;YT-82127;YATO;Czesci_zamienne_YT-82127.pdf;matched_manifest;https://drive.google.com/file/d/1n2H8MOnK5q8Tp1mQfxw44xCpnS2nW5Xr/preview;25130
ZUN-000262;ZY82127015;KULKA STALOWA;;ø7,94mm;ø0,794;YT-82127;YATO;Czesci_zamienne_YT-82127.pdf;matched_manifest;https://drive.google.com/file/d/1n2H8MOnK5q8Tp1mQfxw44xCpnS2nW5Xr/preview;25132
ZUN-000244;ZY82127017;KLIN PŁASKI;;3/3/18mm;0,3x0,3x1,8;YT-82127;YATO;Czesci_zamienne_YT-82127.pdf;matched_manifest;https://drive.google.com/file/d/1n2H8MOnK5q8Tp1mQfxw44xCpnS2nW5Xr/preview;25134
ZUN-000615;ZY82127025;PIERŚCIEŃ USTALAJĄCY;stal;a-26,9/b-29,9/c-1,6mm;ø3x0,15;YT-82127;YATO;Czesci_zamienne_YT-82127.pdf;matched_manifest;https://drive.google.com/file/d/1n2H8MOnK5q8Tp1mQfxw44xCpnS2nW5Xr/preview;25142
ZUN-000525;ZY82127027;O-RING 19,2*3;;ø19,2/ø25,2/ø3mm;ø2,52x0,3;YT-82127;YATO;Czesci_zamienne_YT-82127.pdf;matched_manifest;https://drive.google.com/file/d/1n2H8MOnK5q8Tp1mQfxw44xCpnS2nW5Xr/preview;25144
ZUN-000245;ZY82127039;KLIN PŁASKI;;;0,4x0,4x0,8;YT-82127;YATO;Czesci_zamienne_YT-82127.pdf;matched_manifest;https://drive.google.com/file/d/1n2H8MOnK5q8Tp1mQfxw44xCpnS2nW5Xr/preview;25152
ZUN-000014;ZY82127060;ŁOŻYSKO KULKOWE 627 2Z;;627 2Z;ø2,2x0,7;YT-82127;YATO;Czesci_zamienne_YT-82127.pdf;matched_manifest;https://drive.google.com/file/d/1n2H8MOnK5q8Tp1mQfxw44xCpnS2nW5Xr/preview;25159
ZUN-000034;ZY82127061;ŁOŻYSKO KULKOWE 6003 2Z;;6003 2Z;ø3,5x1;YT-82127;YATO;Czesci_zamienne_YT-82127.pdf;matched_manifest;https://drive.google.com/file/d/1n2H8MOnK5q8Tp1mQfxw44xCpnS2nW5Xr/preview;25160
ZUN-000632;ZY82127062;PIERŚCIEŃ USTALAJĄCY;stal;a-32,6mm/b-38mm/c-1,5mm;0,15x3,6x3,8;YT-82127;YATO;Czesci_zamienne_YT-82127.pdf;matched_manifest;https://drive.google.com/file/d/1n2H8MOnK5q8Tp1mQfxw44xCpnS2nW5Xr/preview;25161
ZUN-000627;ZY82127063;PIERŚCIEŃ USTALAJĄCY;stal;a-15,8mm/ b-21,9mm/ c-1mm;0,1x1,9x2,2;YT-82127;YATO;Czesci_zamienne_YT-82127.pdf;matched_manifest;https://drive.google.com/file/d/1n2H8MOnK5q8Tp1mQfxw44xCpnS2nW5Xr/preview;25162
ZUN-000111;ZY82127066;ŁOŻYSKO IGIEŁKOWE HK1210;;HK1210 ø12/ø16/10mm;ø1,6x1;YT-82127;YATO;Czesci_zamienne_YT-82127.pdf;matched_manifest;https://drive.google.com/file/d/1n2H8MOnK5q8Tp1mQfxw44xCpnS2nW5Xr/preview;25165
ZUN-000031;ZY82127070;ŁOŻYSKO KULKOWE 6001 2RS;;6001 2RS;ø2,8x0,8;YT-82127;YATO;Czesci_zamienne_YT-82127.pdf;matched_manifest;https://drive.google.com/file/d/1n2H8MOnK5q8Tp1mQfxw44xCpnS2nW5Xr/preview;25169
ZUN-000005;ZY82127072;ŁOŻYSKO KULKOWE 608 2Z;;608 2Z;ø2,2x0,7;YT-82127;YATO;Czesci_zamienne_YT-82127.pdf;matched_manifest;https://drive.google.com/file/d/1n2H8MOnK5q8Tp1mQfxw44xCpnS2nW5Xr/preview;25171
ZUN-000595;ZY82127073;OSŁONA ŁOŻYSKA 608;tworzywo/met;ø18/ø21/ø25,2/10mm;ø2,52x1;YT-82127;YATO;Czesci_zamienne_YT-82127.pdf;matched_manifest;https://drive.google.com/file/d/1n2H8MOnK5q8Tp1mQfxw44xCpnS2nW5Xr/preview;25172
ZUN-000650;ZY82127085;KONDENSATOR 0,33µF;tworzywo;0,33μF M X2 TNS-2H 40/085/21/C 275V;0,8x1,75x2,56;YT-82127;YATO;Czesci_zamienne_YT-82127.pdf;matched_manifest;https://drive.google.com/file/d/1n2H8MOnK5q8Tp1mQfxw44xCpnS2nW5Xr/preview;25181
ZUN-000279;ZY82127088;KABEL ZASILAJĄCY Z WTYCZKĄ;tworzywo/miedź/stal;2x1,0mm/2m guma;3,5x6x30;YT-82127;YATO;Czesci_zamienne_YT-82127.pdf;matched_manifest;https://drive.google.com/file/d/1n2H8MOnK5q8Tp1mQfxw44xCpnS2nW5Xr/preview;25183
ZUN-000614;ZY82130002;PIERŚCIEŃ USTALAJĄCY drut;stal;a-23/b-27/c-2mm;ø2,7x0,2;YT-82130;YATO;Czesci_zamienne_YT-82130.pdf;matched_manifest;https://drive.google.com/file/d/1AyHTr92mLgJHfWaBXLn_ZTMJrLXHNNC0/preview;25202
ZUN-000260;ZY82130014;KULKA STALOWA;;ø7,14mm;ø0,714;YT-82130;YATO;Czesci_zamienne_YT-82130.pdf;matched_manifest;https://drive.google.com/file/d/1AyHTr92mLgJHfWaBXLn_ZTMJrLXHNNC0/preview;25212
ZUN-000264;ZY82130018;KULKA STALOWA;;ø9mm;ø0,9;YT-82130;YATO;Czesci_zamienne_YT-82130.pdf;matched_manifest;https://drive.google.com/file/d/1AyHTr92mLgJHfWaBXLn_ZTMJrLXHNNC0/preview;25216
ZUN-000109;ZY82130037;ŁOŻYSKO IGIEŁKOWE HK1012;;HK1012 ø10/ø16/12mm;ø1,6x1,2;YT-82130;YATO;Czesci_zamienne_YT-82130.pdf;matched_manifest;https://drive.google.com/file/d/1AyHTr92mLgJHfWaBXLn_ZTMJrLXHNNC0/preview;25235
ZUN-000246;ZY82130044;KLIN PŁASKI;;;0,4x0,4x1,2;YT-82130;YATO;Czesci_zamienne_YT-82130.pdf;matched_manifest;https://drive.google.com/file/d/1AyHTr92mLgJHfWaBXLn_ZTMJrLXHNNC0/preview;25240
ZUN-000034;ZY82130050;ŁOŻYSKO KULKOWE 6003 2Z;;6003 2Z;ø3,5x1;YT-82130;YATO;Czesci_zamienne_YT-82130.pdf;matched_manifest;https://drive.google.com/file/d/1AyHTr92mLgJHfWaBXLn_ZTMJrLXHNNC0/preview;25246
ZUN-000632;ZY82130051;PIERŚCIEŃ USTALAJĄCY;stal;a-32,6mm/b-38mm/c-1,5mm;0,15x3,6x3,8;YT-82130;YATO;Czesci_zamienne_YT-82130.pdf;matched_manifest;https://drive.google.com/file/d/1AyHTr92mLgJHfWaBXLn_ZTMJrLXHNNC0/preview;25247
ZUN-000627;ZY82130052;PIERŚCIEŃ USTALAJĄCY;stal;a-15,8mm/ b-21,9mm/ c-1mm;0,1x1,9x2,2;YT-82130;YATO;Czesci_zamienne_YT-82130.pdf;matched_manifest;https://drive.google.com/file/d/1AyHTr92mLgJHfWaBXLn_ZTMJrLXHNNC0/preview;25248
ZUN-000626;ZY82130054;PIERŚCIEŃ USTALAJĄCY;stal;a-13,8mm/ b-19,2mm/ c-1mm;0,1x1,7x1,9;YT-82130;YATO;Czesci_zamienne_YT-82130.pdf;matched_manifest;https://drive.google.com/file/d/1AyHTr92mLgJHfWaBXLn_ZTMJrLXHNNC0/preview;25250
ZUN-000111;ZY82130055;ŁOŻYSKO IGIEŁKOWE HK1210;;HK1210 ø12/ø16/10mm;ø1,6x1;YT-82130;YATO;Czesci_zamienne_YT-82130.pdf;matched_manifest;https://drive.google.com/file/d/1AyHTr92mLgJHfWaBXLn_ZTMJrLXHNNC0/preview;25251
ZUN-000005;ZY82130068;ŁOŻYSKO KULKOWE 608 2Z;;608 2Z;ø2,2x0,7;YT-82130;YATO;Czesci_zamienne_YT-82130.pdf;matched_manifest;https://drive.google.com/file/d/1AyHTr92mLgJHfWaBXLn_ZTMJrLXHNNC0/preview;25252
ZUN-000031;ZY82130071;ŁOŻYSKO KULKOWE 6001 2RS;;6001 2RS;ø2,8x0,8;YT-82130;YATO;Czesci_zamienne_YT-82130.pdf;matched_manifest;https://drive.google.com/file/d/1AyHTr92mLgJHfWaBXLn_ZTMJrLXHNNC0/preview;25255
ZUN-000597;ZY82130075;OSŁONA ŁOŻYSKA 608;tworzywo/met;ø18/ø21/ø25/10mm;ø2,5x1;YT-82130;YATO;Czesci_zamienne_YT-82130.pdf;matched_manifest;https://drive.google.com/file/d/1AyHTr92mLgJHfWaBXLn_ZTMJrLXHNNC0/preview;25258
ZUN-000650;ZY82130100;KONDENSATOR 0,33µF;tworzywo;0,33μF M X2 TNS-2H 40/085/21/C 275V;0,8x1,75x2,56;YT-82130;YATO;Czesci_zamienne_YT-82130.pdf;matched_manifest;https://drive.google.com/file/d/1AyHTr92mLgJHfWaBXLn_ZTMJrLXHNNC0/preview;25273
ZUN-000279;ZY82130104;KABEL ZASILAJĄCY Z WTYCZKĄ;;2x1,0mm/2m guma;3,5x6x30;YT-82130;YATO;Czesci_zamienne_YT-82130.pdf;matched_manifest;https://drive.google.com/file/d/1AyHTr92mLgJHfWaBXLn_ZTMJrLXHNNC0/preview;25276
ZUN-000261;ZY82131-008;KULKA STALOWA;stal;ø7,93mm;ø0,793;YT-82131;YATO;Czesci_zamienne_YT-82131.pdf;matched_manifest;https://drive.google.com/file/d/1A8Bxv9Z7mwYaqXzl9N2YN1AmuGFZJQxD/preview;25296
ZUN-000071;ZY82131-019;ŁOŻYSKO KULKOWE 6907 2RS;;6907 2RS/61907rs/1000907rs;ø5,5x1;YT-82131;YATO;Czesci_zamienne_YT-82131.pdf;matched_manifest;https://drive.google.com/file/d/1A8Bxv9Z7mwYaqXzl9N2YN1AmuGFZJQxD/preview;25303
ZUN-000033;ZY82131-046;ŁOŻYSKO KULKOWE 6002 2RS;stal;6002 2RS;ø3,2x0,9;YT-82131;YATO;Czesci_zamienne_YT-82131.pdf;matched_manifest;https://drive.google.com/file/d/1A8Bxv9Z7mwYaqXzl9N2YN1AmuGFZJQxD/preview;25319
ZUN-000255;ZY82131-049;KULKA STALOWA ø5mm;stal;ø5mm;ø0,5;YT-82131;YATO;Czesci_zamienne_YT-82131.pdf;matched_manifest;https://drive.google.com/file/d/1A8Bxv9Z7mwYaqXzl9N2YN1AmuGFZJQxD/preview;25322
ZUN-000625;ZY82131-054;PIERŚCIEŃ USTALAJĄCY;stal;a-12,9mm/ b-18,2mm/ c-1mm;0,1x1,6x1,8;YT-82131;YATO;Czesci_zamienne_YT-82131.pdf;matched_manifest;https://drive.google.com/file/d/1A8Bxv9Z7mwYaqXzl9N2YN1AmuGFZJQxD/preview;25327
ZUN-000005;ZY82131-055;ŁOŻYSKO KULKOWE 608 2Z;;608 2Z;ø2,2x0,7;YT-82131;YATO;Czesci_zamienne_YT-82131.pdf;matched_manifest;https://drive.google.com/file/d/1A8Bxv9Z7mwYaqXzl9N2YN1AmuGFZJQxD/preview;25328
ZUN-000255;ZY82131-066;KULKA STALOWA ø5mm;;ø5mm;ø0,5;YT-82131;YATO;Czesci_zamienne_YT-82131.pdf;matched_manifest;https://drive.google.com/file/d/1A8Bxv9Z7mwYaqXzl9N2YN1AmuGFZJQxD/preview;25334
ZUN-000041;ZY82131-087;ŁOŻYSKO KULKOWE 6201 2RS;;6201 2RS;ø3,2x1;YT-82131;YATO;Czesci_zamienne_YT-82131.pdf;matched_manifest;https://drive.google.com/file/d/1A8Bxv9Z7mwYaqXzl9N2YN1AmuGFZJQxD/preview;25345
ZUN-000005;ZY82131-090;ŁOŻYSKO KULKOWE 608 2Z;;608 2Z;ø2,2x0,7;YT-82131;YATO;Czesci_zamienne_YT-82131.pdf;matched_manifest;https://drive.google.com/file/d/1A8Bxv9Z7mwYaqXzl9N2YN1AmuGFZJQxD/preview;25350
ZUN-000560;ZY82131-102;WŁĄCZNIK;tworzywo/?;KR1040 12(12)A 250V ZLB;1,95x3,4x4,1;YT-82131;YATO;Czesci_zamienne_YT-82131.pdf;matched_manifest;https://drive.google.com/file/d/1A8Bxv9Z7mwYaqXzl9N2YN1AmuGFZJQxD/preview;25357
ZUN-000281;ZY82131-111;KABEL ZASILAJĄCY Z WTYCZKĄ;tworzywo/stal/miedź;2x1,0mm/3m guma H07RN-F ø8mm// H05RN-F ø7mm;3,5x6x32;YT-82131;YATO;Czesci_zamienne_YT-82131.pdf;matched_manifest;https://drive.google.com/file/d/1A8Bxv9Z7mwYaqXzl9N2YN1AmuGFZJQxD/preview;25361
ZUN-000263;ZY82132-020;KULKA STALOWA;;;ø0,8;YT-82132;YATO;Czesci_zamienne_YT-82132.pdf;matched_manifest;https://drive.google.com/file/d/1E46FgMR8TDxKRQpHl_wE5Ct7WgL7A0kT/preview;25384
ZUN-000244;ZY82132-030;KLIN;;;0,3x0,3x1,8;YT-82132;YATO;Czesci_zamienne_YT-82132.pdf;matched_manifest;https://drive.google.com/file/d/1E46FgMR8TDxKRQpHl_wE5Ct7WgL7A0kT/preview;25391
ZUN-000246;ZY82132-059;KLIN;;;0,4x0,4x1,2;YT-82132;YATO;Czesci_zamienne_YT-82132.pdf;matched_manifest;https://drive.google.com/file/d/1E46FgMR8TDxKRQpHl_wE5Ct7WgL7A0kT/preview;25407
ZUN-000515;ZY82132-093;O-RING;;ø11/ø15/ø2mm;ø1,5x0,2;YT-82132;YATO;Czesci_zamienne_YT-82132.pdf;matched_manifest;https://drive.google.com/file/d/1E46FgMR8TDxKRQpHl_wE5Ct7WgL7A0kT/preview;25425
ZUN-000279;ZY82132-116;KABEL Z WTYCZKĄ;;2x1,0mm/2m guma H07RN-F Ø8mm;3,6x5,9x33,5;YT-82132;YATO;Czesci_zamienne_YT-82132.pdf;matched_manifest;https://drive.google.com/file/d/1E46FgMR8TDxKRQpHl_wE5Ct7WgL7A0kT/preview;25440
ZUN-000616;ZY82133-02;PIERŚCIEŃ USTALAJĄCY drut;stal;a-27,6/b-31,6/c-2mm;ø3,1x0,2;YT-82133;YATO;Czesci_zamienne_YT-82133.pdf;matched_manifest;https://drive.google.com/file/d/12mwfJM4JbQ6J-eCCHo5597ytFedIWhmL/preview;25443
ZUN-000618;ZY82133-07;PIERŚCIEŃ USTALAJĄCY drut;stal;a-27,6/b-32,6/c-2,5mm;ø3,3x0,25;YT-82133;YATO;Czesci_zamienne_YT-82133.pdf;matched_manifest;https://drive.google.com/file/d/12mwfJM4JbQ6J-eCCHo5597ytFedIWhmL/preview;25447
ZUN-000262;ZY82133-09;KULKA STALOWA;;ø7,94mm;ø0,794;YT-82133;YATO;Czesci_zamienne_YT-82133.pdf;matched_manifest;https://drive.google.com/file/d/12mwfJM4JbQ6J-eCCHo5597ytFedIWhmL/preview;25449
ZUN-000520;ZY82133-17;O-RING 15*3;;ø15/ø21/ø3mm;ø2,1x0,3;YT-82133;YATO;Czesci_zamienne_YT-82133.pdf;matched_manifest;https://drive.google.com/file/d/12mwfJM4JbQ6J-eCCHo5597ytFedIWhmL/preview;25456
ZUN-000111;ZY82133-27;ŁOŻYSKO IGIEŁKOWE HK1210;;HK1210 ø12/ø16/10mm;ø1,6x1;YT-82133;YATO;Czesci_zamienne_YT-82133.pdf;matched_manifest;https://drive.google.com/file/d/12mwfJM4JbQ6J-eCCHo5597ytFedIWhmL/preview;25466
ZUN-000059;ZY82133-33;ŁOŻYSKO KULKOWE 6302 2RS;;6302 2RS;ø4,2x1,3;YT-82133;YATO;Czesci_zamienne_YT-82133.pdf;matched_manifest;https://drive.google.com/file/d/12mwfJM4JbQ6J-eCCHo5597ytFedIWhmL/preview;25470
ZUN-000023;ZY82133-36;ŁOŻYSKO KULKOWE 688 2Z;;688 2Z;ø1,6x0,5;YT-82133;YATO;Czesci_zamienne_YT-82133.pdf;matched_manifest;https://drive.google.com/file/d/12mwfJM4JbQ6J-eCCHo5597ytFedIWhmL/preview;25472
ZUN-000077;ZY82133-42;ŁOŻYSKO KULKOWE 6201 2RS Y125LFK;;6201 2RS Y125LFK szerszy pierścień wewnętrzny;ø3,2x1,5;YT-82133;YATO;Czesci_zamienne_YT-82133.pdf;matched_manifest;https://drive.google.com/file/d/12mwfJM4JbQ6J-eCCHo5597ytFedIWhmL/preview;25476
ZUN-000006;ZY82133-45;ŁOŻYSKO KULKOWE 608 2RS;;608 2RS;ø2,2x0,7;YT-82133;YATO;Czesci_zamienne_YT-82133.pdf;matched_manifest;https://drive.google.com/file/d/12mwfJM4JbQ6J-eCCHo5597ytFedIWhmL/preview;25478
ZUN-000595;ZY82133-46;OSŁONA ŁOŻYSKA 608;tworzywo/met;ø18/ø21/ø25,2/10mm;ø2,52x1;YT-82133;YATO;Czesci_zamienne_YT-82133.pdf;matched_manifest;https://drive.google.com/file/d/12mwfJM4JbQ6J-eCCHo5597ytFedIWhmL/preview;25479
ZUN-000317;ZY82133-66;KABEL ZASILAJĄCY Z WTYCZKĄ;;2x1,0mm/2,5m guma H07RN-F Ø8mm;3,5x6x30;YT-82133;YATO;Czesci_zamienne_YT-82133.pdf;matched_manifest;https://drive.google.com/file/d/12mwfJM4JbQ6J-eCCHo5597ytFedIWhmL/preview;25492
ZUN-000281;ZY82134-090;KABEL ZASILAJĄCY Z WTYCZKĄ;tworzywo/miedź/stal;2x1,0mm/3m guma H07RN-F ø8mm;3,6x7,3x28;YT-82134;YATO;Czesci_zamienne_YT-82134.pdf;matched_manifest;https://drive.google.com/file/d/15UsmnZYzzRlqykLi5DmGkys5DPwaV8q4/preview;25552
ZUN-000614;ZY82135002;PIERŚCIEŃ USTALAJĄCY drut;stal;a-23/b-27/c-2mm;ø2,7x0,2;YT-82135;YATO;Czesci_zamienne_YT-82135.pdf;matched_manifest;https://drive.google.com/file/d/1x7i5pEBGG10I2Cps21aE06fydJgoUmdb/preview;25555
ZUN-000255;ZY82135012;KULKA STALOWA;stal;ø5mm;ø0,5;YT-82135;YATO;Czesci_zamienne_YT-82135.pdf;matched_manifest;https://drive.google.com/file/d/1x7i5pEBGG10I2Cps21aE06fydJgoUmdb/preview;25565
ZUN-000403;ZY82135013;O-RING;tworzywo;ø36/ø40/ø2mm;ø4,0x0,2;YT-82135;YATO;Czesci_zamienne_YT-82135.pdf;matched_manifest;https://drive.google.com/file/d/1x7i5pEBGG10I2Cps21aE06fydJgoUmdb/preview;25566
ZUN-000525;ZY82135014;O-RING;tworzywo;ø19,2/ø25,2/ø3mm;ø2,52x0,3;YT-82135;YATO;Czesci_zamienne_YT-82135.pdf;matched_manifest;https://drive.google.com/file/d/1x7i5pEBGG10I2Cps21aE06fydJgoUmdb/preview;25567
ZUN-000072;ZY82135018;ŁOŻYSKO KULKOWE 6910 2Z;stal;6910 2Z;ø7,2x1,2;YT-82135;YATO;Czesci_zamienne_YT-82135.pdf;matched_manifest;https://drive.google.com/file/d/1x7i5pEBGG10I2Cps21aE06fydJgoUmdb/preview;25571
ZUN-000249;ZY82135022;KLIN;stal;;0,5x0,5x2,2;YT-82135;YATO;Czesci_zamienne_YT-82135.pdf;matched_manifest;https://drive.google.com/file/d/1x7i5pEBGG10I2Cps21aE06fydJgoUmdb/preview;25575
ZUN-000114;ZY82135040;ŁOŻYSKO IGIEŁKOWE HK1420;stal;HK1420 ø14/ø20/20mm;ø2x2;YT-82135;YATO;Czesci_zamienne_YT-82135.pdf;matched_manifest;https://drive.google.com/file/d/1x7i5pEBGG10I2Cps21aE06fydJgoUmdb/preview;25591
ZUN-000121;ZY82135042;ŁOŻYSKO IGIEŁKOWE RNA 4908;stal;(R) NA4908 ø48/ø62/22mm;ø6,2x2,3;YT-82135;YATO;Czesci_zamienne_YT-82135.pdf;matched_manifest;https://drive.google.com/file/d/1x7i5pEBGG10I2Cps21aE06fydJgoUmdb/preview;25593
ZUN-000119;ZY82135047;ŁOŻYSKO IGIEŁKOWE NK12/12;stal;NK12/12 ø12/ø19/12mm;ø1,9x1,2;YT-82135;YATO;Czesci_zamienne_YT-82135.pdf;matched_manifest;https://drive.google.com/file/d/1x7i5pEBGG10I2Cps21aE06fydJgoUmdb/preview;25598
ZUN-000630;ZY82135050;PIERŚCIEŃ USTALAJĄCY;stal;a-25,6mm/b-30,3mm/c-1,2mm;0,1x2,8x3,1;YT-82135;YATO;Czesci_zamienne_YT-82135.pdf;matched_manifest;https://drive.google.com/file/d/1x7i5pEBGG10I2Cps21aE06fydJgoUmdb/preview;25601
ZUN-000049;ZY82135066;ŁOŻYSKO KULKOWE 6205 2RS;stal/tworzywo;6205 2RS;ø5,2x1,5;YT-82135;YATO;Czesci_zamienne_YT-82135.pdf;matched_manifest;https://drive.google.com/file/d/1x7i5pEBGG10I2Cps21aE06fydJgoUmdb/preview;25608
ZUN-000113;ZY82135070;ŁOŻYSKO IGIEŁKOWE HK1412;stal;NK14/12 ø14/ø22/12;ø2,2x1,2;YT-82135;YATO;Czesci_zamienne_YT-82135.pdf;matched_manifest;https://drive.google.com/file/d/1x7i5pEBGG10I2Cps21aE06fydJgoUmdb/preview;25611
ZUN-000057;ZY82135072;ŁOŻYSKO KULKOWE 6301 2RS;stal/tworzywo;6301 2RS;ø3,7x1,2;YT-82135;YATO;Czesci_zamienne_YT-82135.pdf;matched_manifest;https://drive.google.com/file/d/1x7i5pEBGG10I2Cps21aE06fydJgoUmdb/preview;25613
ZUN-000017;ZY82135075;ŁOŻYSKO KULKOWE 629 2RS;stal/tworzywo;628 2RS;ø2,4x0,8;YT-82135;YATO;Czesci_zamienne_YT-82135.pdf;matched_manifest;https://drive.google.com/file/d/1x7i5pEBGG10I2Cps21aE06fydJgoUmdb/preview;25616
ZUN-000284;ZY82135103;KABEL ZASILAJACY Z WTYCZKĄ;tworzywo/miedź/stal;2x1,5mm/2m guma;3,5x6x25;YT-82135;YATO;Czesci_zamienne_YT-82135.pdf;matched_manifest;https://drive.google.com/file/d/1x7i5pEBGG10I2Cps21aE06fydJgoUmdb/preview;25637
ZUN-000614;ZY82138-002;PIERŚCIEŃ USTALAJĄCY drut;stal;a-23/b-27/c-2mm;ø2,7x0,2;YT-82138;YATO;Czesci_zamienne_YT-82138.pdf;matched_manifest;https://drive.google.com/file/d/1faZ6TNCaOJLSCfEhXZ1SrUYaLVC-1S9Y/preview;25651
ZUN-000258;ZY82138-013;KULKA STALOWA Φ7;;;ø0,7;YT-82138;YATO;Czesci_zamienne_YT-82138.pdf;matched_manifest;https://drive.google.com/file/d/1faZ6TNCaOJLSCfEhXZ1SrUYaLVC-1S9Y/preview;25659
ZUN-000264;ZY82138-021;KULKA STALOWA Φ9;;ø9mm;ø0,9;YT-82138;YATO;Czesci_zamienne_YT-82138.pdf;matched_manifest;https://drive.google.com/file/d/1faZ6TNCaOJLSCfEhXZ1SrUYaLVC-1S9Y/preview;25664
ZUN-000244;ZY82138-023;KLIN;;3/3/18mm;0,3x0,3x1,8;YT-82138;YATO;Czesci_zamienne_YT-82138.pdf;matched_manifest;https://drive.google.com/file/d/1faZ6TNCaOJLSCfEhXZ1SrUYaLVC-1S9Y/preview;25666
ZUN-000162;ZY82138-S21;KLIN CZÓŁENKOWY;;3/5/12mm;0,3x0,5x1,2;YT-82138;YATO;Czesci_zamienne_YT-82138.pdf;matched_manifest;https://drive.google.com/file/d/1faZ6TNCaOJLSCfEhXZ1SrUYaLVC-1S9Y/preview;25718
ZUN-000117;ZY82138-S37;ŁOŻYSKO IGIEŁKOWE KBK 10/13/15.5 bez osłon;;ø10/ø14/15,5mm;ø1,9x1,5;YT-82138;YATO;Czesci_zamienne_YT-82138.pdf;matched_manifest;https://drive.google.com/file/d/1faZ6TNCaOJLSCfEhXZ1SrUYaLVC-1S9Y/preview;25723
ZUN-000606;ZY82138-S38;PIERŚCIEŃ ZABEZPIECZAJĄCY;;b-15mm/ c-1mm;0,1x1,3x1,5;YT-82138;YATO;Czesci_zamienne_YT-82138.pdf;matched_manifest;https://drive.google.com/file/d/1faZ6TNCaOJLSCfEhXZ1SrUYaLVC-1S9Y/preview;25724
ZUN-000662;ZY82138-S40;TRZPIEŃ TŁOKA sworzeń;stal;ø6,6/ø10/35,8mm / tłok ø4,3x4,1;ø1x3,6;YT-82138;YATO;Czesci_zamienne_YT-82138.pdf;matched_manifest;https://drive.google.com/file/d/1faZ6TNCaOJLSCfEhXZ1SrUYaLVC-1S9Y/preview;25726
ZUN-000594;ZY82138-S46;ŚWIECA ZAPŁONOWA;;L8RTC LD NHSP;1,9x2,1x5,6;YT-82138;YATO;Czesci_zamienne_YT-82138.pdf;matched_manifest;https://drive.google.com/file/d/1faZ6TNCaOJLSCfEhXZ1SrUYaLVC-1S9Y/preview;25730
ZUN-000029;ZY8214006;ŁOŻYSKO KULKOWE 6000 2RS;;6000 2RS;ø2,6x0,8;;;;unknown;;25744
ZUN-000029;ZY8214019;ŁOŻYSKO KULKOWE 6000 2RS;;6000 2RS;ø2,6x0,8;;;;unknown;;25752
ZUN-000006;ZY8214022;ŁOŻYSKO KULKOWE 608 2RS;;608 2RS;ø2,2x0,7;;;;unknown;;25756
ZUN-000598;ZY8214023;OSŁONA ŁOŻYSKA;tworzywo;ø17/ø21,8/ø25/8mm;ø2,5x0,8;;;;unknown;;25757
ZUN-000004;ZY8214042;ŁOŻYSKO KULKOWE 607 2RS;;607 2RS;ø1,9x0,6;;;;unknown;;25775
ZUN-000650;ZY8214065;KONDENSATOR 0,33µF;tworzywo;0,33μF M X2 TNS-2H 40/085/21/C 275V;0,8x1,75x2,56;;;;unknown;;25786
ZUN-000273;ZY8214069;KABEL ZASILAJĄCY Z WTYCZKĄ;;2x0,75mm/2m guma;3,5x6x30;;;;unknown;;25788
ZUN-000272;ZY8214111;KABEL ZASILAJĄCY Z WTYCZKĄ;;2x0,75mm/2m H05VV-F;3,5x6x25;YT-82141;YATO;Czesci_zamienne_YT-82141.pdf;matched_manifest;https://drive.google.com/file/d/1OXWVakb75yFWsaOpqsYyCJhvw0BKqCxf/preview;25796
ZUN-000550;ZY8214113;WŁĄCZNIK;;DA7-10/1 10(10)A 250V JIABEN;1x2,15x3,75;YT-82141;YATO;Czesci_zamienne_YT-82141.pdf;matched_manifest;https://drive.google.com/file/d/1OXWVakb75yFWsaOpqsYyCJhvw0BKqCxf/preview;25797
ZUN-000004;ZY8214125;ŁOŻYSKO KULKOWE 607 2RS;;607 2RS;ø1,9x0,6;YT-82141;YATO;Czesci_zamienne_YT-82141.pdf;matched_manifest;https://drive.google.com/file/d/1OXWVakb75yFWsaOpqsYyCJhvw0BKqCxf/preview;25801
ZUN-000006;ZY8214152;ŁOŻYSKO KULKOWE 608 2RS;;608 2RS;ø2,2x0,7;YT-82141;YATO;Czesci_zamienne_YT-82141.pdf;matched_manifest;https://drive.google.com/file/d/1OXWVakb75yFWsaOpqsYyCJhvw0BKqCxf/preview;25813
ZUN-000029;ZY8214161;ŁOŻYSKO KULKOWE 6000 2RS;;6000 2RS;ø2,6x0,8;YT-82141;YATO;Czesci_zamienne_YT-82141.pdf;matched_manifest;https://drive.google.com/file/d/1OXWVakb75yFWsaOpqsYyCJhvw0BKqCxf/preview;25820
ZUN-000280;ZY82144-10;KABEL ZASILAJĄCY Z WTYCZKĄ;;2x1,0mm/3,2m H07RN-F;3,5x8x26;YT-82144;YATO;Czesci_zamienne_YT-82144.pdf;matched_manifest;https://drive.google.com/file/d/1L4PaDi_3tt6lVubsjrox4XKs13kvDHfy/preview;25824
ZUN-000006;ZY82144-24;ŁOŻYSKO KULKOWE 608 2RS;;608 2RS 608RZ;ø2,2x0,7;YT-82144;YATO;Czesci_zamienne_YT-82144.pdf;matched_manifest;https://drive.google.com/file/d/1L4PaDi_3tt6lVubsjrox4XKs13kvDHfy/preview;25829
ZUN-000015;ZY82144-38;ŁOŻYSKO KULKOWE 627 2RS;;627 2RS;ø2,2x0,7;YT-82144;YATO;Czesci_zamienne_YT-82144.pdf;matched_manifest;https://drive.google.com/file/d/1L4PaDi_3tt6lVubsjrox4XKs13kvDHfy/preview;25834
ZUN-000029;ZY82144-45;ŁOŻYSKO KULKOWE 6000 2RS;;6000 2RS;ø2,6x0,8;YT-82144;YATO;Czesci_zamienne_YT-82144.pdf;matched_manifest;https://drive.google.com/file/d/1L4PaDi_3tt6lVubsjrox4XKs13kvDHfy/preview;25836
ZUN-000277;ZY8215007;KABEL ZASILAJĄCY Z WTYCZKĄ;;2x1,0mm/2,5m;3,5x6x30;;;;unknown;;25919
ZUN-000031;ZY8215018;ŁOŻYSKO KULKOWE 6001 2RS;;6001 2RS;ø2,8x0,8;;;;unknown;;25924
ZUN-000006;ZY8215023;ŁOŻYSKO KULKOWE 608 2RS;;608 2RS;ø2,2x0,7;;;;unknown;;25928
ZUN-000247;ZY8215051;KLIN CZÓŁENKOWY;;;0,4x0,5x1,2;;;;unknown;;25945
ZUN-000041;ZY8215053;ŁOŻYSKO KULKOWE 6201 2RS;;6201 2RS;ø3,2x1;;;;unknown;;25946
ZUN-000631;ZY8215055;PIERŚCIEŃ USTALAJĄCY;stal;a-29,6mm/b-34,4mm/c-1,2mm;0,1x3,2x3,4;;;;unknown;;25948
ZUN-000624;ZY8215058;PIERŚCIEŃ USTALAJĄCY;stal;a-11mm/ b-16mm/ c-1mm;0,1x1,4x1,6;;;;unknown;;25951
ZUN-000004;ZY8215059;ŁOŻYSKO KULKOWE 607 2RS;;607 2RS;ø1,9x0,6;;;;unknown;;25952
ZUN-000183;ZY8215101;TULEJA MOSIĘŻNA;mosiądz;ø8/ø12/10mm;ø1,2x1;YT-82151;YATO;Czesci_zamienne_YT-82151.pdf;matched_manifest;https://drive.google.com/file/d/18cV6ZD40RW5XEhTncWTs1odM7c6TJNoU/preview;25956
ZUN-000241;ZY8215103;KLIN CZÓŁENKOWY;stal;;0,3x0,4x0,9;YT-82151;YATO;Czesci_zamienne_YT-82151.pdf;matched_manifest;https://drive.google.com/file/d/18cV6ZD40RW5XEhTncWTs1odM7c6TJNoU/preview;25958
ZUN-000031;ZY8215107;ŁOŻYSKO KULKOWE 6001 2RS;;6001 2RS;ø2,8x0,8;YT-82151;YATO;Czesci_zamienne_YT-82151.pdf;matched_manifest;https://drive.google.com/file/d/18cV6ZD40RW5XEhTncWTs1odM7c6TJNoU/preview;25960
ZUN-000599;ZY8215138;OSŁONA ŁOŻYSKA 627;tworzywo;ø13/ø21,8/ø25/10mm;ø2,5x1;YT-82151;YATO;Czesci_zamienne_YT-82151.pdf;matched_manifest;https://drive.google.com/file/d/18cV6ZD40RW5XEhTncWTs1odM7c6TJNoU/preview;25974
ZUN-000014;ZY8215143;ŁOŻYSKO KULKOWE 627 2Z;;627 2Z;ø2,2x0,7;YT-82151;YATO;Czesci_zamienne_YT-82151.pdf;matched_manifest;https://drive.google.com/file/d/18cV6ZD40RW5XEhTncWTs1odM7c6TJNoU/preview;25976
ZUN-000028;ZY8215147;ŁOŻYSKO KULKOWE 6000 2Z;;6000 2Z;ø2,6x0,8;YT-82151;YATO;Czesci_zamienne_YT-82151.pdf;matched_manifest;https://drive.google.com/file/d/18cV6ZD40RW5XEhTncWTs1odM7c6TJNoU/preview;25979
ZUN-000285;ZY8215176;KABEL ZASILAJĄCY Z WTYCZKĄ;;2x1,5mm/3m guma;3,6x7x34;YT-82151;YATO;Czesci_zamienne_YT-82151.pdf;matched_manifest;https://drive.google.com/file/d/18cV6ZD40RW5XEhTncWTs1odM7c6TJNoU/preview;25986
ZUN-000247;ZY82152-17;KLIN;;;0,4x0,5x1,2;YT-82152;YATO;Czesci_zamienne_YT-82152.pdf;matched_manifest;https://drive.google.com/file/d/1-pyizv5DQKpOJ3-CwXIKAN4liRLrPYT4/preview;26001
ZUN-000596;ZY82152-39;OSŁONA ŁOŻYSKA 608;tworzywo/met;ø18/ø21,8/ø25/9mm;ø2,5x0,9;YT-82152;YATO;Czesci_zamienne_YT-82152.pdf;matched_manifest;https://drive.google.com/file/d/1-pyizv5DQKpOJ3-CwXIKAN4liRLrPYT4/preview;26008
ZUN-000281;ZY82152-58;KABEL ZASILAJĄCY Z WTYCZKĄ;;2x1,0mm/3m guma H07RN-F ø8mm// H05RN-F ø7mm;3,5x6x32;YT-82152;YATO;Czesci_zamienne_YT-82152.pdf;matched_manifest;https://drive.google.com/file/d/1-pyizv5DQKpOJ3-CwXIKAN4liRLrPYT4/preview;26016
ZUN-000277;ZY8215301;KABEL ZASILAJĄCY Z WTYCZKĄ;;2x1,0mm/2,5m;3,5x6x30;;;;unknown;;26018
ZUN-000650;ZY8215309;KONDENSATOR 0,33µF;tworzywo;0,33μF M X2 TNS-2H 40/085/21/C 275V;0,8x1,75x2,56;;;;unknown;;26021
ZUN-000041;ZY8215316;ŁOŻYSKO KULKOWE 6201 2RS;;6201 2RS;ø3,2x1;;;;unknown;;26024
ZUN-000029;ZY8215320;ŁOŻYSKO KULKOWE 6000 2RS;;6000 2RS;ø2,6x0,8;;;;unknown;;26028
ZUN-000604;ZY8215321;OSŁONA ŁOŻYSKA 629;tworzywo;ø22/ø26/ø30/12,7mm / gr dna 3mm;ø3x1,27;;;;unknown;;26029
ZUN-000045;ZY8215347;ŁOŻYSKO KULKOWE 6203 2RS;;6203 2RS;ø4x1,2;;;;unknown;;26045
ZUN-000627;ZY8215352;PIERŚCIEŃ USTALAJĄCY;stal;a-15,8mm/ b-21,9mm/ c-1mm;0,1x1,9x2,2;;;;unknown;;26049
ZUN-000006;ZY8215353;ŁOŻYSKO KULKOWE 608 2RS;;608 2RS;ø2,2x0,7;;;;unknown;;26050
ZUN-000246;ZY8215356;KLIN PŁASKI;;;0,4x0,4x1,2;;;;unknown;;26052
ZUN-000031;ZY821533-10;ŁOŻYSKO KULKOWE 6001 2RS;stal;6001 2RS;ø2,8x0,8;;;;unknown;;26059
ZUN-000041;ZY821533-22;ŁOŻYSKO KULKOWE 6201 2RS;stal;6201 2RS;ø3,2x1;;;;unknown;;26064
ZUN-000006;ZY821533-24;ŁOŻYSKO KULKOWE 608 2RS;stal;608 2RS;ø2,2x0,7;;;;unknown;;26066
ZUN-000670;ZY821533-50;KABEL Z WTYCZKĄ;;2x1,0mm/3m guma H05RN-F ø7mm;3,6x6,5x32;;;;unknown;;26077
ZUN-000284;ZY82154-58;KABEL ZASILAJĄCY;;2x1,5mm/2m guma;3,5x6x25;YT-82154;YATO;Czesci_zamienne_YT-82154.pdf;matched_manifest;https://drive.google.com/file/d/1xf2PGQwXtANmM6oTlPj6ayPvZKA63JZv/preview;26101
ZUN-000047;ZY82155-14;ŁOŻYSKO KULKOWE 6204 2RS;;6204 2RS;;YT-82155;YATO;Czesci_zamienne_YT-82155.pdf;matched_manifest;https://drive.google.com/file/d/1YxjomYGmjlBYcMcbBSqxQB-CobjWpbhz/preview;26109
ZUN-000670;ZY82155-62;KABEL ZASILAJĄCY Z WTYCZKĄ;;2x1,0mm/3m guma H05RN-F ø7mm;3,7x8,3x28,5;YT-82155;YATO;Czesci_zamienne_YT-82155.pdf;matched_manifest;https://drive.google.com/file/d/1YxjomYGmjlBYcMcbBSqxQB-CobjWpbhz/preview;26124
ZUN-000281;ZY82157-43;KABEL Z WTYCZKĄ;;2x1,0mm/3m guma H07RN-F ø8mm;3,7x6,7x26,7;YT-82157;YATO;Czesci_zamienne_YT-82157.pdf;matched_manifest;https://drive.google.com/file/d/1lnYn8jwur6707XznBOTTrrrE2kyti5BI/preview;26146
ZUN-000564;ZY82157-51;WŁĄCZNIK;;FA6-6/2W3 6(6)A 250VAC;2,5x2,9x3;YT-82157;YATO;Czesci_zamienne_YT-82157.pdf;matched_manifest;https://drive.google.com/file/d/1lnYn8jwur6707XznBOTTrrrE2kyti5BI/preview;26148
ZUN-000247;ZY82158-028;KLIN CZÓŁENKOWY;;;0,4x0,5x1,2;YT-82158;YATO;Czesci_zamienne_YT-82158.pdf;matched_manifest;https://drive.google.com/file/d/1lf1jtQ6ZnRlhg0DIj35WMCrMpvNv25jS/preview;26164
ZUN-000028;ZY82158-045;ŁOŻYSKO KULKOWE 6000 2Z;;6000 2Z;ø2,6x0,8;YT-82158;YATO;Czesci_zamienne_YT-82158.pdf;matched_manifest;https://drive.google.com/file/d/1lf1jtQ6ZnRlhg0DIj35WMCrMpvNv25jS/preview;26174
ZUN-000043;ZY82158-062;ŁOŻYSKO KULKOWE 6202 2RS;;6202 2RS;ø3,5x1,1;YT-82158;YATO;Czesci_zamienne_YT-82158.pdf;matched_manifest;https://drive.google.com/file/d/1lf1jtQ6ZnRlhg0DIj35WMCrMpvNv25jS/preview;26178
ZUN-000019;ZY82158-066;ŁOŻYSKO KULKOWE 629 2RS;;629 2RS;ø2,6x0,8;YT-82158;YATO;Czesci_zamienne_YT-82158.pdf;matched_manifest;https://drive.google.com/file/d/1lf1jtQ6ZnRlhg0DIj35WMCrMpvNv25jS/preview;26180
ZUN-000604;ZY82158-067;OSŁONA ŁOŻYSKA 629;tworzywo;ø20,5/ø26/ø30/12,7mm;ø3x1,27;YT-82158;YATO;Czesci_zamienne_YT-82158.pdf;matched_manifest;https://drive.google.com/file/d/1lf1jtQ6ZnRlhg0DIj35WMCrMpvNv25jS/preview;26181
ZUN-000595;ZY82159-20;OSŁONA ŁOŻYSKA 608;tworzywo/met;ø18/ø21/ø25,2/10mm;ø2,52x1;YT-82159;YATO;Czesci_zamienne_YT-82159.pdf;matched_manifest;https://drive.google.com/file/d/1iB41eUS8mympnaHgzFbr9tpHShBqnx8k/preview;26201
ZUN-000247;ZY82159-38;KLIN CZÓŁENKOWY;;;0,4x0,5x1,2;YT-82159;YATO;Czesci_zamienne_YT-82159.pdf;matched_manifest;https://drive.google.com/file/d/1iB41eUS8mympnaHgzFbr9tpHShBqnx8k/preview;26208
ZUN-000006;ZY821591-22;ŁOŻYSKO KULKOWE 608 2RS;;608 2RS;ø2,2x0,7;YT-82159;YATO;Czesci_zamienne_YT-82159.pdf;matched_manifest;https://drive.google.com/file/d/1iB41eUS8mympnaHgzFbr9tpHShBqnx8k/preview;26227
ZUN-000017;ZY821591-27;ŁOŻYSKO KULKOWE 629 2RS;;628 2RS;ø2,4x0,8;YT-82159;YATO;Czesci_zamienne_YT-82159.pdf;matched_manifest;https://drive.google.com/file/d/1iB41eUS8mympnaHgzFbr9tpHShBqnx8k/preview;26230
ZUN-000002;ZY821591-40;ŁOŻYSKO KULKOWE 606 2RS;;606 2RS;ø1,7x0,6;YT-82159;YATO;Czesci_zamienne_YT-82159.pdf;matched_manifest;https://drive.google.com/file/d/1iB41eUS8mympnaHgzFbr9tpHShBqnx8k/preview;26235
ZUN-000040;ZY821591-45;ŁOŻYSKO KULKOWE 6201 2Z;;6201 2Z;ø3,2x1;YT-82159;YATO;Czesci_zamienne_YT-82159.pdf;matched_manifest;https://drive.google.com/file/d/1iB41eUS8mympnaHgzFbr9tpHShBqnx8k/preview;26237
ZUN-000247;ZY82161-09;KLIN;;;;YT-82161;YATO;Czesci_zamienne_YT-82161.pdf;matched_manifest;https://drive.google.com/file/d/18ua3LbtH942-YbTt03KYMnotVzXw3EjX/preview;26280
ZUN-000105;ZY82161-19;TULEJA ŚLIZGOWA;;HK0810 ø8/ø12/10mm;ø1,2x1;YT-82161;YATO;Czesci_zamienne_YT-82161.pdf;matched_manifest;https://drive.google.com/file/d/18ua3LbtH942-YbTt03KYMnotVzXw3EjX/preview;26285
ZUN-000035;ZY82163-03;ŁOŻYSKO KULKOWE 6003 2RS;;6003 2RS;ø3,5x1;YT-82163;YATO;Czesci_zamienne_YT-82163.pdf;matched_manifest;https://drive.google.com/file/d/1rSemWEOrWQHnfD2RQ7G4hxGx-k6bvtrq/preview;26311
ZUN-000005;ZY82163-06;ŁOŻYSKO KULKOWE 608 2Z;;608 2Z;ø2,2x0,7;YT-82163;YATO;Czesci_zamienne_YT-82163.pdf;matched_manifest;https://drive.google.com/file/d/1rSemWEOrWQHnfD2RQ7G4hxGx-k6bvtrq/preview;26313
ZUN-000005;ZY82163-10;ŁOŻYSKO KULKOWE 608 2Z;;608 2Z;ø2,2x0,7;YT-82163;YATO;Czesci_zamienne_YT-82163.pdf;matched_manifest;https://drive.google.com/file/d/1rSemWEOrWQHnfD2RQ7G4hxGx-k6bvtrq/preview;26315
ZUN-000005;ZY82163-13;ŁOŻYSKO KULKOWE 608 2Z;;608 2Z;ø2,2x0,7;YT-82163;YATO;Czesci_zamienne_YT-82163.pdf;matched_manifest;https://drive.google.com/file/d/1rSemWEOrWQHnfD2RQ7G4hxGx-k6bvtrq/preview;26318
ZUN-000029;ZY82163-17;ŁOŻYSKO KULKOWE 6000 2RS;;6000 2RS;ø2,6x0,8;YT-82163;YATO;Czesci_zamienne_YT-82163.pdf;matched_manifest;https://drive.google.com/file/d/1rSemWEOrWQHnfD2RQ7G4hxGx-k6bvtrq/preview;26321
ZUN-000005;ZY82163-20;ŁOŻYSKO KULKOWE 608 2Z;;608 2Z;ø2,2x0,7;YT-82163;YATO;Czesci_zamienne_YT-82163.pdf;matched_manifest;https://drive.google.com/file/d/1rSemWEOrWQHnfD2RQ7G4hxGx-k6bvtrq/preview;26324
ZUN-000670;ZY82164-57;KABEL ZASILAJĄCY Z WTYCZKĄ;;2x1,0mm/3m guma H05RN-F ø7mm;4,2x6,4x31,6;YT-82164;YATO;Czesci_zamienne_YT-82164.pdf;matched_manifest;https://drive.google.com/file/d/1ZY9SJ5lmA4aG4uKIZez7uapvTJmWdBc7/preview;26366
ZUN-000599;ZY82165-044;OSŁONA ŁOŻYSKA;tworzywo;ø13/ø21,8/ø25/10mm;ø2,5x1;YT-82165;YATO;Czesci_zamienne_YT-82165.pdf;matched_manifest;https://drive.google.com/file/d/18oMxyWRteMGMQ-TtClw4ezRxPFgxiyAz/preview;26372
ZUN-000005;ZY82165-045;ŁOŻYSKO KULKOWE 608 2Z;;608 2Z;ø2,2x0,7;YT-82165;YATO;Czesci_zamienne_YT-82165.pdf;matched_manifest;https://drive.google.com/file/d/18oMxyWRteMGMQ-TtClw4ezRxPFgxiyAz/preview;26373
ZUN-000041;ZY82165-049;ŁOŻYSKO KULKOWE 6201 2RS;;6201 2RS;ø3,2x1;YT-82165;YATO;Czesci_zamienne_YT-82165.pdf;matched_manifest;https://drive.google.com/file/d/18oMxyWRteMGMQ-TtClw4ezRxPFgxiyAz/preview;26376
ZUN-000033;ZY82165-055;ŁOŻYSKO KULKOWE 6002 2RS;;6002 2RS;ø3,2x0,9;YT-82165;YATO;Czesci_zamienne_YT-82165.pdf;matched_manifest;https://drive.google.com/file/d/18oMxyWRteMGMQ-TtClw4ezRxPFgxiyAz/preview;26378
ZUN-000246;ZY82165-058;KLIN;;;0,4x0,4x1,2;YT-82165;YATO;Czesci_zamienne_YT-82165.pdf;matched_manifest;https://drive.google.com/file/d/18oMxyWRteMGMQ-TtClw4ezRxPFgxiyAz/preview;26381
ZUN-000596;ZY82168-037;OSŁONA ŁOŻYSKA 608;tworzywo/met;ø17/ø21,8/ø25/7,5mm;ø2,5x0,7;YT-82168;YATO;Czesci_zamienne_YT-82168.pdf;matched_manifest;https://drive.google.com/file/d/1BbJG31rX40pYyVo3pyoU6N5c51dLjLFA/preview;26397
ZUN-000104;ZY82168-075;ŁOŻYSKO IGIEŁKOWE HK081208;;;ø1,2x0,8;YT-82168;YATO;Czesci_zamienne_YT-82168.pdf;matched_manifest;https://drive.google.com/file/d/1BbJG31rX40pYyVo3pyoU6N5c51dLjLFA/preview;26408
ZUN-000241;ZY82168-078;KLIN CZÓŁENKOWY;;;0,3x0,4x0,9;YT-82168;YATO;Czesci_zamienne_YT-82168.pdf;matched_manifest;https://drive.google.com/file/d/1BbJG31rX40pYyVo3pyoU6N5c51dLjLFA/preview;26410
ZUN-000247;ZY82170068;KLIN CZÓŁENKOWY;stal;;0,4x0,5x1,2;;;;unknown;;26431
ZUN-000045;ZY82170071;ŁOŻYSKO KULKOWE 6203 2RS;stal/tworzywo;6203 2RS;ø4x1,2;;;;unknown;;26433
ZUN-000627;ZY82170074;PIERŚĆIEŃ USTALAJĄCY;stal;a-15,8mm/ b-21,9mm/ c-1mm;0,1x1,9x2,2;;;;unknown;;26436
ZUN-000111;ZY82170075;ŁOŻYSKO IGIEŁKOWE HK1210;stal;HK1210 ø12/ø16/10mm;ø1,6x1;;;;unknown;;26437
ZUN-000028;ZY82170086;ŁOŻYSKO KULKOWE 6000 2Z;stal;6000 2Z;ø2,6x0,8;;;;unknown;;26443
ZUN-000043;ZY82170094;ŁOŻYSKO KULKOWE 6202 2RS;stal/tworzywo;6202 2RS;ø3,5x1,1;;;;unknown;;26448
ZUN-000560;ZY82170107;WŁĄCZNIK;tworzywo/?;KR1040 12(12)A 250V ZLB;1,95x3,4x4,1;;;;unknown;;26452
ZUN-000651;ZY82170112;KONDENSATOR 0,33µF;tworzywo;0,33μF K X2 GPF40/085/21/C 275V;0,8x1,75x2,56;;;;unknown;;26454
ZUN-000450;ZY82171009;NAKRĘTKA SAMOKONTRUJĄCA M6;;M6;0,6x1x1,1;YT-82171;YATO;Czesci_zamienne_YT-82171.pdf;matched_manifest;https://drive.google.com/file/d/1Bx3o-mbL0cbWunrFBM2FwRt5wIVrwc4o/preview;26480
ZUN-000451;ZY82171046;NAKRĘTKA M6;;M6;0,5x1x1,1;YT-82171;YATO;Czesci_zamienne_YT-82171.pdf;matched_manifest;https://drive.google.com/file/d/1Bx3o-mbL0cbWunrFBM2FwRt5wIVrwc4o/preview;26517
ZUN-000247;ZY82171100;KLIN CZÓŁENKOWY;;;0,4x0,5x1,2;YT-82171;YATO;Czesci_zamienne_YT-82171.pdf;matched_manifest;https://drive.google.com/file/d/1Bx3o-mbL0cbWunrFBM2FwRt5wIVrwc4o/preview;26571
ZUN-000045;ZY82171103;ŁOŻYSKO KULKOWE 6203 2RS;;6203 2RS;ø4x1,2;YT-82171;YATO;Czesci_zamienne_YT-82171.pdf;matched_manifest;https://drive.google.com/file/d/1Bx3o-mbL0cbWunrFBM2FwRt5wIVrwc4o/preview;26574
ZUN-000627;ZY82171106;PIERŚCIEŃ USTALAJĄCY;stal;a-15,8mm/ b-21,9mm/ c-1mm;0,1x1,9x2,2;YT-82171;YATO;Czesci_zamienne_YT-82171.pdf;matched_manifest;https://drive.google.com/file/d/1Bx3o-mbL0cbWunrFBM2FwRt5wIVrwc4o/preview;26577
ZUN-000111;ZY82171107;ŁOŻYSKO IGIEŁKOWE HK1210;;HK1210 ø12/ø16/10mm;ø1,6x1;YT-82171;YATO;Czesci_zamienne_YT-82171.pdf;matched_manifest;https://drive.google.com/file/d/1Bx3o-mbL0cbWunrFBM2FwRt5wIVrwc4o/preview;26578
ZUN-000028;ZY82171114;ŁOŻYSKO KULKOWE 6000 2Z;;6000 2Z;ø2,6x0,8;YT-82171;YATO;Czesci_zamienne_YT-82171.pdf;matched_manifest;https://drive.google.com/file/d/1Bx3o-mbL0cbWunrFBM2FwRt5wIVrwc4o/preview;26585
ZUN-000043;ZY82171126;ŁOŻYSKO KULKOWE 6202 2RS;;6202 2RS;ø3,5x1,1;YT-82171;YATO;Czesci_zamienne_YT-82171.pdf;matched_manifest;https://drive.google.com/file/d/1Bx3o-mbL0cbWunrFBM2FwRt5wIVrwc4o/preview;26597
ZUN-000651;ZY82171145;KONDENSATOR 0,33µF;tworzywo;0,33μF K X2 GPF40/085/21/C 275V;0,8x1,8x2,5;YT-82171;YATO;Czesci_zamienne_YT-82171.pdf;matched_manifest;https://drive.google.com/file/d/1Bx3o-mbL0cbWunrFBM2FwRt5wIVrwc4o/preview;26616
ZUN-000560;ZY82171149;WŁĄCZNIK;;KR1040 12(12)A 250V ZLB;1,95x3,4x4,1;YT-82171;YATO;Czesci_zamienne_YT-82171.pdf;matched_manifest;https://drive.google.com/file/d/1Bx3o-mbL0cbWunrFBM2FwRt5wIVrwc4o/preview;26620
ZUN-000291;ZY82171153;KABEL ZASILAJĄCY Z WTYCZKĄ;;3x1,0mm/2m guma;3,5x6x26;YT-82171;YATO;Czesci_zamienne_YT-82171.pdf;matched_manifest;https://drive.google.com/file/d/1Bx3o-mbL0cbWunrFBM2FwRt5wIVrwc4o/preview;26624
ZUN-000601;ZY82172005;OSŁONA ŁOŻYSKA;tworzywo;ø12,3/ø19/ø21,1/9mm;ø2,21x0,9;YT-82172;YATO;Czesci_zamienne_YT-82172.pdf;matched_manifest;https://drive.google.com/file/d/1xfRkuuAnsxWiT_uxcA_0HYUrTeLprDkV/preview;26631
ZUN-000280;ZY82172008;KABEL ZASILAJĄCY Z WTYCZKĄ;;2x1,0mm/3,2m;3,5x8x26;YT-82172;YATO;Czesci_zamienne_YT-82172.pdf;matched_manifest;https://drive.google.com/file/d/1xfRkuuAnsxWiT_uxcA_0HYUrTeLprDkV/preview;26633
ZUN-000213;ZY82172023;ŚRUBA;;M8 lewy gwint z kołnierzem;ø2,4x2,4;YT-82172;YATO;Czesci_zamienne_YT-82172.pdf;matched_manifest;https://drive.google.com/file/d/1xfRkuuAnsxWiT_uxcA_0HYUrTeLprDkV/preview;26642
ZUN-000624;ZY82172034;PIERŚCIEŃ USTALAJĄCY;stal;a-11mm/ b-16mm/ c-1mm;0,1x1,4x1,6;YT-82172;YATO;Czesci_zamienne_YT-82172.pdf;matched_manifest;https://drive.google.com/file/d/1xfRkuuAnsxWiT_uxcA_0HYUrTeLprDkV/preview;26650
ZUN-000215;ZY82172037;PIERŚCIEŃ USTALAJĄCY;stal;a-5,9mm/ b-11,9mm/ c-0,9mm;ø1,19x0,1;YT-82172;YATO;Czesci_zamienne_YT-82172.pdf;matched_manifest;https://drive.google.com/file/d/1xfRkuuAnsxWiT_uxcA_0HYUrTeLprDkV/preview;26653
ZUN-000029;ZY82172045;ŁOŻYSKO KULKOWE 6000 2RS;;6000 2RS;ø2,6x0,8;YT-82172;YATO;Czesci_zamienne_YT-82172.pdf;matched_manifest;https://drive.google.com/file/d/1xfRkuuAnsxWiT_uxcA_0HYUrTeLprDkV/preview;26657
ZUN-000004;ZY82172047;ŁOŻYSKO KULKOWE 607 2RS;;607 2RS;ø1,9x0,6;YT-82172;YATO;Czesci_zamienne_YT-82172.pdf;matched_manifest;https://drive.google.com/file/d/1xfRkuuAnsxWiT_uxcA_0HYUrTeLprDkV/preview;26659
ZUN-000214;ZY82172148;TRANSFORMATOR;;B 03 RoHS 240V/ 3V;2,2x2,7x3,9;YT-82172;YATO;Czesci_zamienne_YT-82172.pdf;matched_manifest;https://drive.google.com/file/d/1xfRkuuAnsxWiT_uxcA_0HYUrTeLprDkV/preview;26711
ZUN-000649;ZY82172149;KONDENSATOR 0,22µF;tworzywo;0,22μF K X2 GPF40/085/21/C;0,7x1,7x2,6;YT-82172;YATO;Czesci_zamienne_YT-82172.pdf;matched_manifest;https://drive.google.com/file/d/1xfRkuuAnsxWiT_uxcA_0HYUrTeLprDkV/preview;26712
ZUN-000216;ZY82172150;WŁĄCZNIK LASERA;tworzywo/stal/?;KND1-6/1 6(6)A 250V T85/55;1,5x2,1x2,6;YT-82172;YATO;Czesci_zamienne_YT-82172.pdf;matched_manifest;https://drive.google.com/file/d/1xfRkuuAnsxWiT_uxcA_0HYUrTeLprDkV/preview;26713
ZUN-000217;ZY82173012;PRZEŁĄCZNIK;;MSB-1210A 10(10)A 190455;1x2,2x3,8;YT-82173;YATO;Czesci_zamienne_YT-82173.pdf;matched_manifest;https://drive.google.com/file/d/1A8dcOfeJdtM0djOGCh9Jpn02LImcPHVz/preview;26717
ZUN-000280;ZY82173025;KABEL ZASILAJĄCY Z WTYCZKĄ;;2x1,0mm/3,2m;3,5x8x26;YT-82173;YATO;Czesci_zamienne_YT-82173.pdf;matched_manifest;https://drive.google.com/file/d/1A8dcOfeJdtM0djOGCh9Jpn02LImcPHVz/preview;26720
ZUN-000033;ZY82173030;ŁOŻYSKO KULKOWE 6002 2RS;;6002 2RS;ø3,2x0,9;YT-82173;YATO;Czesci_zamienne_YT-82173.pdf;matched_manifest;https://drive.google.com/file/d/1A8dcOfeJdtM0djOGCh9Jpn02LImcPHVz/preview;26725
ZUN-000005;ZY82173036;ŁOŻYSKO KULKOWE 608 2Z;;608 2Z;ø2,2x0,7;YT-82173;YATO;Czesci_zamienne_YT-82173.pdf;matched_manifest;https://drive.google.com/file/d/1A8dcOfeJdtM0djOGCh9Jpn02LImcPHVz/preview;26730
ZUN-000215;ZY82173038;PIERŚCIEŃ USTALAJĄCY;stal;a-5,9mm/ b-11,9mm/ c-0,9mm;ø1,19x0,1;YT-82173;YATO;Czesci_zamienne_YT-82173.pdf;matched_manifest;https://drive.google.com/file/d/1A8dcOfeJdtM0djOGCh9Jpn02LImcPHVz/preview;26731
ZUN-000041;ZY82173042;ŁOŻYSKO KULKOWE 6201 2RS;;6201 2RS;ø3,2x1;YT-82173;YATO;Czesci_zamienne_YT-82173.pdf;matched_manifest;https://drive.google.com/file/d/1A8dcOfeJdtM0djOGCh9Jpn02LImcPHVz/preview;26734
ZUN-000599;ZY82173052;OSŁONA ŁOŻYSKA;tworzywo;ø18/ø21,8/ø25/10,5mm;ø2,5x1,1;YT-82173;YATO;Czesci_zamienne_YT-82173.pdf;matched_manifest;https://drive.google.com/file/d/1A8dcOfeJdtM0djOGCh9Jpn02LImcPHVz/preview;26738
ZUN-000213;ZY82173071;ŚRUBA;;M8 lewy gwint z kołnierzem;ø2,4x2,4;YT-82173;YATO;Czesci_zamienne_YT-82173.pdf;matched_manifest;https://drive.google.com/file/d/1A8dcOfeJdtM0djOGCh9Jpn02LImcPHVz/preview;26747
ZUN-000649;ZY82173144;KONDENSATOR 0,22µF;tworzywo;0,22μF K X2 GPF40/085/21/C;0,7x1,7x2,6;YT-82173;YATO;Czesci_zamienne_YT-82173.pdf;matched_manifest;https://drive.google.com/file/d/1A8dcOfeJdtM0djOGCh9Jpn02LImcPHVz/preview;26768
ZUN-000214;ZY82173145;TRANSFORMATOR;;B 03 RoHS 240V/ 3V;2,2x2,7x3,9;YT-82173;YATO;Czesci_zamienne_YT-82173.pdf;matched_manifest;https://drive.google.com/file/d/1A8dcOfeJdtM0djOGCh9Jpn02LImcPHVz/preview;26769
ZUN-000216;ZY82173146;WŁĄCZNIK LASERA;tworzywo/stal/?;KND1-6/1 6(6)A 250V T85/55;1,5x2,1x2,6;YT-82173;YATO;Czesci_zamienne_YT-82173.pdf;matched_manifest;https://drive.google.com/file/d/1A8dcOfeJdtM0djOGCh9Jpn02LImcPHVz/preview;26770
ZUN-000217;ZY82174012;PRZEŁĄCZNIK;;MSB-1210A 10(10)A 190455;1x2,2x3,8;YT-82174;YATO;Czesci_zamienne_YT-82174.pdf;matched_manifest;https://drive.google.com/file/d/1IWvpuBAnqV5w_h53G11Y6uZv6lUi0jWh/preview;26778
ZUN-000280;ZY82174025;KABEL ZASILAJĄCY Z WTYCZKĄ;;2x1,0mm/3,2m;3,5x8x26;YT-82174;YATO;Czesci_zamienne_YT-82174.pdf;matched_manifest;https://drive.google.com/file/d/1IWvpuBAnqV5w_h53G11Y6uZv6lUi0jWh/preview;26781
ZUN-000215;ZY82174038;PIERŚCIEŃ USTALAJĄCY;stal;a-5,9mm/ b-11,9mm/ c-0,9mm;ø1,19x0,1;YT-82174;YATO;Czesci_zamienne_YT-82174.pdf;matched_manifest;https://drive.google.com/file/d/1IWvpuBAnqV5w_h53G11Y6uZv6lUi0jWh/preview;26790
ZUN-000599;ZY82174052;OSŁONA ŁOŻYSKA;tworzywo;ø18/ø21,8/ø25/11mm;ø2,5x1,1;YT-82174;YATO;Czesci_zamienne_YT-82174.pdf;matched_manifest;https://drive.google.com/file/d/1IWvpuBAnqV5w_h53G11Y6uZv6lUi0jWh/preview;26796
ZUN-000213;ZY82174071;ŚRUBA;;M8 lewy gwint z kołnierzem;ø2,4x2,4;YT-82174;YATO;Czesci_zamienne_YT-82174.pdf;matched_manifest;https://drive.google.com/file/d/1IWvpuBAnqV5w_h53G11Y6uZv6lUi0jWh/preview;26804
ZUN-000649;ZY82174145;KONDENSATOR 0,22µF;tworzywo;0,22μF K X2 GPF40/085/21/C;0,7x1,7x2,6;YT-82174;YATO;Czesci_zamienne_YT-82174.pdf;matched_manifest;https://drive.google.com/file/d/1IWvpuBAnqV5w_h53G11Y6uZv6lUi0jWh/preview;26819
ZUN-000214;ZY82174146;TRANSFORMATOR;;B 03 RoHS 240V/ 3V;2,2x2,7x3,9;YT-82174;YATO;Czesci_zamienne_YT-82174.pdf;matched_manifest;https://drive.google.com/file/d/1IWvpuBAnqV5w_h53G11Y6uZv6lUi0jWh/preview;26820
ZUN-000216;ZY82174147;WŁĄCZNIK LASERA;tworzywo/stal/?;KND1-6/1 6(6)A 250V T85/55;1,5x2,1x2,6;YT-82174;YATO;Czesci_zamienne_YT-82174.pdf;matched_manifest;https://drive.google.com/file/d/1IWvpuBAnqV5w_h53G11Y6uZv6lUi0jWh/preview;26821
ZUN-000217;ZY82175005;PRZEŁĄCZNIK;;MSB-1210A 10(10)A 190455;1x2,2x3,8;YT-82175;YATO;Czesci_zamienne_YT-82175.pdf;matched_manifest;https://drive.google.com/file/d/1Jsl1kcyY2MOGHFLjZ7Z0EmVjmIAj4s91/preview;26825
ZUN-000280;ZY82175008;KABEL ZASILAJĄCY Z WTYCZKĄ;;2x1,0mm/3,2m;3,5x8x26;YT-82175;YATO;Czesci_zamienne_YT-82175.pdf;matched_manifest;https://drive.google.com/file/d/1Jsl1kcyY2MOGHFLjZ7Z0EmVjmIAj4s91/preview;26828
ZUN-000043;ZY82175022;ŁOŻYSKO KULKOWE 6202 2RS;;6202 2RS;ø3,5x1,1;YT-82175;YATO;Czesci_zamienne_YT-82175.pdf;matched_manifest;https://drive.google.com/file/d/1Jsl1kcyY2MOGHFLjZ7Z0EmVjmIAj4s91/preview;26835
ZUN-000599;ZY82175025;OSŁONA ŁOŻYSKA;tworzywo;ø18/ø21,8/ø25/10mm;ø2,5x1;YT-82175;YATO;Czesci_zamienne_YT-82175.pdf;matched_manifest;https://drive.google.com/file/d/1Jsl1kcyY2MOGHFLjZ7Z0EmVjmIAj4s91/preview;26837
ZUN-000608;ZY82175049;PIERŚCIEŃ USTALAJĄCY;stal;a-4,7mm/ b-9,8mm/ c-0,8mm;ø0,98x0,08;YT-82175;YATO;Czesci_zamienne_YT-82175.pdf;matched_manifest;https://drive.google.com/file/d/1Jsl1kcyY2MOGHFLjZ7Z0EmVjmIAj4s91/preview;26846
ZUN-000626;ZY82175053;PIERŚCIEŃ OSADCZY WAŁU;stal;a-13,8mm/ b-19,2mm/ c-1mm;0,1x1,7x1,9;YT-82175;YATO;Czesci_zamienne_YT-82175.pdf;matched_manifest;https://drive.google.com/file/d/1Jsl1kcyY2MOGHFLjZ7Z0EmVjmIAj4s91/preview;26848
ZUN-000246;ZY82175056;KLIN PŁASKI;;;0,4x0,4x1,2;YT-82175;YATO;Czesci_zamienne_YT-82175.pdf;matched_manifest;https://drive.google.com/file/d/1Jsl1kcyY2MOGHFLjZ7Z0EmVjmIAj4s91/preview;26851
ZUN-000213;ZY82175063;ŚRUBA;;M8 lewy gwint z kołnierzem;ø2,4x2,4;YT-82175;YATO;Czesci_zamienne_YT-82175.pdf;matched_manifest;https://drive.google.com/file/d/1Jsl1kcyY2MOGHFLjZ7Z0EmVjmIAj4s91/preview;26855
ZUN-000214;ZY82175165;TRANSFORMATOR;;B 03 RoHS 240V/ 3V;2,2x2,7x3,9;YT-82175;YATO;Czesci_zamienne_YT-82175.pdf;matched_manifest;https://drive.google.com/file/d/1Jsl1kcyY2MOGHFLjZ7Z0EmVjmIAj4s91/preview;26893
ZUN-000216;ZY82175167;WŁĄCZNIK LASERA;tworzywo/stal/?;KND1-6/1 6(6)A 250V T85/55;1,5x2,1x2,6;YT-82175;YATO;Czesci_zamienne_YT-82175.pdf;matched_manifest;https://drive.google.com/file/d/1Jsl1kcyY2MOGHFLjZ7Z0EmVjmIAj4s91/preview;26895
ZUN-000019;ZY8218012;ŁOŻYSKO KULKOWE 629 2RS;;629 2RS;ø2,6x0,8;;;;unknown;;26904
ZUN-000043;ZY8218017;ŁOŻYSKO KULKOWE 6202 2RS;;6202 2RS;ø3,5x1,1;;;;unknown;;26906
ZUN-000028;ZY8218023;ŁOŻYSKO KULKOWE 6000 2Z;;6000 2Z;ø2,6x0,8;;;;unknown;;26909
ZUN-000247;ZY8218024;KLIN CZÓŁENKOWY;;;0,4x0,5x1,2;;;;unknown;;26910
ZUN-000045;ZY8218029;ŁOŻYSKO KULKOWE 6203 2RS;;6203 2RS;ø4x1,2;;;;unknown;;26915
ZUN-000604;ZY8218035;OSŁONA ŁOŻYSKA 629;tworzywo;ø22/ø26/ø30/12,7mm / gr dna 3mm;ø3x1,27;;;;unknown;;26917
ZUN-000019;ZY82181-21;ŁOŻYSKO KULKOWE 629 2RS;;629 2RS;ø2,6x0,8;YT-82181;YATO;Czesci_zamienne_YT-82181.pdf;matched_manifest;https://drive.google.com/file/d/1dteAGGD3b6xQSIziSEPP9dr6ltQdRYi1/preview;26936
ZUN-000043;ZY82181-23;ŁOŻYSKO KULKOWE 6202 2RS;;6202 2RS;ø3,5x1,1;YT-82181;YATO;Czesci_zamienne_YT-82181.pdf;matched_manifest;https://drive.google.com/file/d/1dteAGGD3b6xQSIziSEPP9dr6ltQdRYi1/preview;26938
ZUN-000045;ZY82181-76;ŁOŻYSKO KULKOWE 6203 2RS;;6203 2RS;ø4x1,2;YT-82181;YATO;Czesci_zamienne_YT-82181.pdf;matched_manifest;https://drive.google.com/file/d/1dteAGGD3b6xQSIziSEPP9dr6ltQdRYi1/preview;26954
ZUN-000247;ZY82181-79;KLIN CZÓŁENKOWY;;;0,4x0,5x1,2;YT-82181;YATO;Czesci_zamienne_YT-82181.pdf;matched_manifest;https://drive.google.com/file/d/1dteAGGD3b6xQSIziSEPP9dr6ltQdRYi1/preview;26957
ZUN-000029;ZY82181-81;ŁOŻYSKO KULKOWE 6000 2RS;;6000 2RS;ø2,6x0,8;YT-82181;YATO;Czesci_zamienne_YT-82181.pdf;matched_manifest;https://drive.google.com/file/d/1dteAGGD3b6xQSIziSEPP9dr6ltQdRYi1/preview;26959
ZUN-000281;ZY82185-017;KABEL ZASILAJĄCY Z WTYCZKĄ;;2x1,0mm/3m guma H07RN-F ø8mm// H05RN-F ø7mm;3,5x6x32;YT-82185;YATO;Czesci_zamienne_YT-82185.pdf;matched_manifest;https://drive.google.com/file/d/15eoPlqxyGy8SB6J8t0qwK94wjcZR_ReU/preview;26968
ZUN-000597;ZY82185-038;OSŁONA ŁOŻYSKA;tworzywo/met;ø18/ø21/ø25/10mm;ø2,5x1;YT-82185;YATO;Czesci_zamienne_YT-82185.pdf;matched_manifest;https://drive.google.com/file/d/15eoPlqxyGy8SB6J8t0qwK94wjcZR_ReU/preview;26979
ZUN-000005;ZY82185-039;ŁOŻYSKO KULKOWE 608 2Z;;608 2Z;ø2,2x0,7;YT-82185;YATO;Czesci_zamienne_YT-82185.pdf;matched_manifest;https://drive.google.com/file/d/15eoPlqxyGy8SB6J8t0qwK94wjcZR_ReU/preview;26980
ZUN-000526;ZY82185-042;O-RING;tworzywo;ø22/ø25/ø1,5mm;ø2,5x0,15;YT-82185;YATO;Czesci_zamienne_YT-82185.pdf;matched_manifest;https://drive.google.com/file/d/15eoPlqxyGy8SB6J8t0qwK94wjcZR_ReU/preview;26982
ZUN-000101;ZY82185-044;ŁOŻYSKO IGIEŁKOWE HK0608;;HK0608 ø6/ø10/8mm;ø1x0,8;YT-82185;YATO;Czesci_zamienne_YT-82185.pdf;matched_manifest;https://drive.google.com/file/d/15eoPlqxyGy8SB6J8t0qwK94wjcZR_ReU/preview;26984
ZUN-000012;ZY82185-047;ŁOŻYSKO KULKOWE 626 2Z;;626 2Z;ø1,9x0,6;YT-82185;YATO;Czesci_zamienne_YT-82185.pdf;matched_manifest;https://drive.google.com/file/d/15eoPlqxyGy8SB6J8t0qwK94wjcZR_ReU/preview;26987
ZUN-000029;ZY82185-050;ŁOŻYSKO KULKOWE 6000 2RS;;6000 2RS;ø2,6x0,8;YT-82185;YATO;Czesci_zamienne_YT-82185.pdf;matched_manifest;https://drive.google.com/file/d/15eoPlqxyGy8SB6J8t0qwK94wjcZR_ReU/preview;26990
ZUN-000104;ZY82185-071;ŁOŻYSKO IGIEŁKOWE HK0808;;HK0808 ø8/ø12/8mm;ø1,2x0,8;YT-82185;YATO;Czesci_zamienne_YT-82185.pdf;matched_manifest;https://drive.google.com/file/d/15eoPlqxyGy8SB6J8t0qwK94wjcZR_ReU/preview;27005
ZUN-000035;ZY82185-076;ŁOŻYSKO KULKOWE 6003 2RS;;6003 2RS;ø3,5x1;YT-82185;YATO;Czesci_zamienne_YT-82185.pdf;matched_manifest;https://drive.google.com/file/d/15eoPlqxyGy8SB6J8t0qwK94wjcZR_ReU/preview;27009
ZUN-000024;ZY82185-089;ŁOŻYSKO KULKOWE 696 2Z;;696 2Z;ø1,5x0,5;YT-82185;YATO;Czesci_zamienne_YT-82185.pdf;matched_manifest;https://drive.google.com/file/d/15eoPlqxyGy8SB6J8t0qwK94wjcZR_ReU/preview;27018
ZUN-000005;ZY8219512;ŁOŻYSKO KULKOWE 608 2Z;;608 2Z;ø2,2x0,7;;;;unknown;;27105
ZUN-000040;ZY8219516;ŁOŻYSKO KULKOWE 6201 2Z;;6201 2Z;ø3,2x1;;;;unknown;;27108
ZUN-000105;ZY8219525;ŁOŻYSKO IGIEŁKOWE HK0810;;HK0810 ø8/ø12/10mm;ø1,2x1;;;;unknown;;27113
ZUN-000041;ZY8219529;ŁOŻYSKO KULKOWE 6201 2RS;;6201 2RS;ø3,2x1;;;;unknown;;27115
ZUN-000247;ZY8219532;KLIN CZÓŁENKOWY;;;0,4x0,5x1,2;;;;unknown;;27118
ZUN-000650;ZY8219542;KONDENSATOR 0,33µF;tworzywo;0,33μF M X2 TNS-2H 40/085/21/C 275V;0,8x1,75x2,56;;;;unknown;;27125
ZUN-000041;ZY82196-05;ŁOŻYSKO KULKOWE 6201 2RS;;6201 2RS;ø3,2x1;YT-82196;YATO;Czesci_zamienne_YT-82196.pdf;matched_manifest;https://drive.google.com/file/d/1Mc46IytAfjtaZBy7rCVsWyAWVo2BoQo_/preview;27132
ZUN-000247;ZY82196-07;KLIN;;;0,4x0,5x1,2;YT-82196;YATO;Czesci_zamienne_YT-82196.pdf;matched_manifest;https://drive.google.com/file/d/1Mc46IytAfjtaZBy7rCVsWyAWVo2BoQo_/preview;27133
ZUN-000624;ZY82196-10;PIERŚCIEŃ USTALAJĄCY;stal;a-11mm/ b-16mm/ c-1mm;0,1x1,4x1,6;YT-82196;YATO;Czesci_zamienne_YT-82196.pdf;matched_manifest;https://drive.google.com/file/d/1Mc46IytAfjtaZBy7rCVsWyAWVo2BoQo_/preview;27136
ZUN-000105;ZY82196-11;ŁOŻYSKO IGIEŁKOWE HK0810;;HK0810 ø8/ø12/10mm;ø1,2x1;YT-82196;YATO;Czesci_zamienne_YT-82196.pdf;matched_manifest;https://drive.google.com/file/d/1Mc46IytAfjtaZBy7rCVsWyAWVo2BoQo_/preview;27137
ZUN-000005;ZY82196-24;ŁOŻYSKO KULKOWE 608 2Z;;608 2Z;ø2,2x0,7;YT-82196;YATO;Czesci_zamienne_YT-82196.pdf;matched_manifest;https://drive.google.com/file/d/1Mc46IytAfjtaZBy7rCVsWyAWVo2BoQo_/preview;27146
ZUN-000595;ZY82196-25;OSŁONA ŁOŻYSKA 608/627;tworzywo/met;ø18/ø21/ø25,2/10mm;ø2,52x1;YT-82196;YATO;Czesci_zamienne_YT-82196.pdf;matched_manifest;https://drive.google.com/file/d/1Mc46IytAfjtaZBy7rCVsWyAWVo2BoQo_/preview;27147
ZUN-000247;ZY82198-03;KLIN;;;0,4x0,5x1,2;YT-82198;YATO;Czesci_zamienne_YT-82198.pdf;matched_manifest;https://drive.google.com/file/d/1QK2NoLMCYRxi3fTwAFbQKZoz1OF-KVxV/preview;27169
ZUN-000565;ZY82198-49;WŁĄCZNIK;;S125G 8(8)A 250V~;2,5x2,9x2,9;YT-82198;YATO;Czesci_zamienne_YT-82198.pdf;matched_manifest;https://drive.google.com/file/d/1QK2NoLMCYRxi3fTwAFbQKZoz1OF-KVxV/preview;27185
ZUN-000031;ZY8220006;ŁOŻYSKO KULKOWE 6001 2RS;;6001 2RS;ø2,8x0,8;YT-82200;YATO;Czesci_zamienne_YT-82200.pdf;matched_manifest;https://drive.google.com/file/d/1EIgrbkm1P63569i1m2B-23LZt-GiDJDU/preview;27195
ZUN-000252;ZY8220011;KULKA STALOWA;;ø3mm;ø0,3;YT-82200;YATO;Czesci_zamienne_YT-82200.pdf;matched_manifest;https://drive.google.com/file/d/1EIgrbkm1P63569i1m2B-23LZt-GiDJDU/preview;27197
ZUN-000041;ZY8220026;ŁOŻYSKO KULKOWE 6201 2RS;;6201 2RS;ø3,2x1;YT-82200;YATO;Czesci_zamienne_YT-82200.pdf;matched_manifest;https://drive.google.com/file/d/1EIgrbkm1P63569i1m2B-23LZt-GiDJDU/preview;27207
ZUN-000024;ZY8220029;ŁOŻYSKO KULKOWE 696 2Z;;696 2Z;ø1,5x0,5;YT-82200;YATO;Czesci_zamienne_YT-82200.pdf;matched_manifest;https://drive.google.com/file/d/1EIgrbkm1P63569i1m2B-23LZt-GiDJDU/preview;27209
ZUN-000607;ZY8220033;PIERŚCIEŃ USTALAJĄCY;stal;a-3,8mm/ b-8,8mm/ c-0,75mm;0,07x0,8x0,9;YT-82200;YATO;Czesci_zamienne_YT-82200.pdf;matched_manifest;https://drive.google.com/file/d/1EIgrbkm1P63569i1m2B-23LZt-GiDJDU/preview;27212
ZUN-000003;ZY8220039;ŁOŻYSKO KULKOWE 607 2Z;;607 2Z;ø1,9x0,6;YT-82200;YATO;Czesci_zamienne_YT-82200.pdf;matched_manifest;https://drive.google.com/file/d/1EIgrbkm1P63569i1m2B-23LZt-GiDJDU/preview;27217
ZUN-000603;ZY8220040;OSŁONA ŁOŻYSKA 607;tworzywo/met;ø13,9/ø18/ø22,1/9mm;ø2,21x0,9;YT-82200;YATO;Czesci_zamienne_YT-82200.pdf;matched_manifest;https://drive.google.com/file/d/1EIgrbkm1P63569i1m2B-23LZt-GiDJDU/preview;27218
ZUN-000564;ZY8220054;WŁĄCZNIK bez elektroniki;tworzywo/?;FA6 6/2W3 6(6)A 250V// HLT-125W-1 6(6) 250V 5E4// HT1006-2110 6(6)A 250V;2,5x2,85x2,96;YT-82200;YATO;Czesci_zamienne_YT-82200.pdf;matched_manifest;https://drive.google.com/file/d/1EIgrbkm1P63569i1m2B-23LZt-GiDJDU/preview;27228
ZUN-000650;ZY8220058;KONDENSATOR 0,33µF;tworzywo;0,33μF M X2 TNS-2H 40/085/21/C 275V;0,8x1,75x2,56;YT-82200;YATO;Czesci_zamienne_YT-82200.pdf;matched_manifest;https://drive.google.com/file/d/1EIgrbkm1P63569i1m2B-23LZt-GiDJDU/preview;27233
ZUN-000282;ZY8220065;KABEL ZASILAJĄCY Z WTYCZKĄ;;2x1,0mm/4m;3,5x9x30;YT-82200;YATO;Czesci_zamienne_YT-82200.pdf;matched_manifest;https://drive.google.com/file/d/1EIgrbkm1P63569i1m2B-23LZt-GiDJDU/preview;27236
ZUN-000274;ZY82206-19;KABEL ZASILAJĄCY Z WTYCZKĄ;;2x0,75mm/3m H05RN-F;3,5x6x30;YT-82206;YATO;Czesci_zamienne_YT-82206.pdf;matched_manifest;https://drive.google.com/file/d/1CGc6ieQ8dEtv0WU7Q20geQoCIlrueRU-/preview;27245
ZUN-000006;ZY82207-06;ŁOŻYSKO KULKOWE 608 2RS;;608 2RS;ø2,2x0,7;YT-82207;YATO;Czesci_zamienne_YT-82207.pdf;matched_manifest;https://drive.google.com/file/d/1jV2oVbzBi3ViTQeB_9gemgkFJ-eXN0m4/preview;27255
ZUN-000019;ZY82207-09;ŁOŻYSKO KULKOWE 629 2RS;;629 2RS;ø2,6x0,8;YT-82207;YATO;Czesci_zamienne_YT-82207.pdf;matched_manifest;https://drive.google.com/file/d/1jV2oVbzBi3ViTQeB_9gemgkFJ-eXN0m4/preview;27258
ZUN-000033;ZY82207-17;ŁOŻYSKO KULKOWE 6002 2RS;;6002 2RS;ø3,2x0,9;YT-82207;YATO;Czesci_zamienne_YT-82207.pdf;matched_manifest;https://drive.google.com/file/d/1jV2oVbzBi3ViTQeB_9gemgkFJ-eXN0m4/preview;27262
ZUN-000275;ZY82207-27;KABEL ZASILAJĄCY Z WTYCZKĄ;;2x0.75mm/3m guma H05RN-F ø7mm;3,5x6x30;YT-82207;YATO;Czesci_zamienne_YT-82207.pdf;matched_manifest;https://drive.google.com/file/d/1jV2oVbzBi3ViTQeB_9gemgkFJ-eXN0m4/preview;27268
ZUN-000274;ZY82208-07;KABEL Z WTYCZKĄ;tworzywo/miedź;2x0,75mm/3m H05RN-F;3,6x7,8x24,7;YT-82208;YATO;Czesci_zamienne_YT-82208.pdf;matched_manifest;https://drive.google.com/file/d/11iFHd0rH5c7iUaEC8fiMwh445kimUvSP/preview;27272
ZUN-000630;ZY8222004;PIERŚCIEŃ USTALAJĄCY;stal;a-25,6mm/b-30,3mm/c-1,2mm;0,1x2,8x3,1;YT-82220;YATO;Czesci_zamienne_YT-82220.pdf;matched_manifest;https://drive.google.com/file/d/1TzjQdUUT4gEEGwuGb_Sdp6Pdj4KHAFyc/preview;27290
ZUN-000030;ZY8222006;ŁOŻYSKO KULKOWE 6001 2Z;;6001 2Z;ø2,8x0,8;YT-82220;YATO;Czesci_zamienne_YT-82220.pdf;matched_manifest;https://drive.google.com/file/d/1TzjQdUUT4gEEGwuGb_Sdp6Pdj4KHAFyc/preview;27291
ZUN-000607;ZY8222020;PIERŚCIEŃ USTALAJĄCY;stal;a-3,8mm/ b-8,8mm/ c-0,7mm;0,07x0,8x0,9;YT-82220;YATO;Czesci_zamienne_YT-82220.pdf;matched_manifest;https://drive.google.com/file/d/1TzjQdUUT4gEEGwuGb_Sdp6Pdj4KHAFyc/preview;27304
ZUN-000011;ZY8222021;ŁOŻYSKO KULKOWE 625 1RS;;ø5/ø16/5mm 625 1rs zaokrąglony zewnętrzny pierścień;ø1,6x0,5;YT-82220;YATO;Czesci_zamienne_YT-82220.pdf;matched_manifest;https://drive.google.com/file/d/1TzjQdUUT4gEEGwuGb_Sdp6Pdj4KHAFyc/preview;27305
ZUN-000005;ZY8222024;ŁOŻYSKO KULKOWE 608 2Z;;608 2Z;ø2,2x0,7;YT-82220;YATO;Czesci_zamienne_YT-82220.pdf;matched_manifest;https://drive.google.com/file/d/1TzjQdUUT4gEEGwuGb_Sdp6Pdj4KHAFyc/preview;27307
ZUN-000003;ZY8222026;ŁOŻYSKO KULKOWE 607 2Z;;607 2Z;ø1,9x0,6;YT-82220;YATO;Czesci_zamienne_YT-82220.pdf;matched_manifest;https://drive.google.com/file/d/1TzjQdUUT4gEEGwuGb_Sdp6Pdj4KHAFyc/preview;27309
ZUN-000600;ZY8222027;OSŁONA ŁOŻYSKA 607;tworzywo;ø12/ø19/ø22,2/9mm / grubość dna 1mm;ø2,22x0,9;YT-82220;YATO;Czesci_zamienne_YT-82220.pdf;matched_manifest;https://drive.google.com/file/d/1TzjQdUUT4gEEGwuGb_Sdp6Pdj4KHAFyc/preview;27310
ZUN-000216;ZY8222040;WŁĄCZNIK;tworzywo/stal/?;JD02-A 6(6)A 250V 5E4 JIN DING;1,5x2,1x2,6;YT-82220;YATO;Czesci_zamienne_YT-82220.pdf;matched_manifest;https://drive.google.com/file/d/1TzjQdUUT4gEEGwuGb_Sdp6Pdj4KHAFyc/preview;27317
ZUN-000272;ZY8222049;KABEL ZASILAJĄCY Z WTYCZKĄ;;2x0,75mm/2m H05VV-F;3,5x6x25;YT-82220;YATO;Czesci_zamienne_YT-82220.pdf;matched_manifest;https://drive.google.com/file/d/1TzjQdUUT4gEEGwuGb_Sdp6Pdj4KHAFyc/preview;27320
ZUN-000116;ZY8222309;ŁOŻYSKO IGIEŁKOWE HK2520;;HK2520 ø25/ø32/20mm;ø3,2x2;YT-82223;YATO;Czesci_zamienne_YT-82223.pdf;matched_manifest;https://drive.google.com/file/d/1bHltSxW72G2E1KZCobBVFabJriGug4mY/preview;27333
ZUN-000065;ZY8222312;ŁOŻYSKO KULKOWE 6900 2RS;;6900 2RS (61900 2RS) ø10/ ø22/ 6mm;ø2,2x0,6;YT-82223;YATO;Czesci_zamienne_YT-82223.pdf;matched_manifest;https://drive.google.com/file/d/1bHltSxW72G2E1KZCobBVFabJriGug4mY/preview;27335
ZUN-000011;ZY8222323;ŁOŻYSKO KULKOWE 625 1RS;;ø5/ø16/5mm 625 1rs zaokrąglony zewnętrzny pierścień;ø1,6x0,5;YT-82223;YATO;Czesci_zamienne_YT-82223.pdf;matched_manifest;https://drive.google.com/file/d/1bHltSxW72G2E1KZCobBVFabJriGug4mY/preview;27344
ZUN-000005;ZY8222326;ŁOŻYSKO KULKOWE 608 2Z;;608 2Z;ø2,2x0,7;YT-82223;YATO;Czesci_zamienne_YT-82223.pdf;matched_manifest;https://drive.google.com/file/d/1bHltSxW72G2E1KZCobBVFabJriGug4mY/preview;27347
ZUN-000003;ZY8222329;ŁOŻYSKO KULKOWE 607 2Z;;607 2Z;ø1,9x0,6;YT-82223;YATO;Czesci_zamienne_YT-82223.pdf;matched_manifest;https://drive.google.com/file/d/1bHltSxW72G2E1KZCobBVFabJriGug4mY/preview;27350
ZUN-000004;ZY8223003;ŁOŻYSKO KULKOWE 607 2RS;stal;607 2RS;ø1,9x0,6;YT-82230;YATO;Czesci_zamienne_YT-82230.pdf;matched_manifest;https://drive.google.com/file/d/1Er5YsisfP7aETo-G_DttDBEPZ9HcZXVH/preview;27370
ZUN-000006;ZY8223017;ŁOŻYSKO KULKOWE 608 2RS;stal;608 2RS;ø2,2x0,7;YT-82230;YATO;Czesci_zamienne_YT-82230.pdf;matched_manifest;https://drive.google.com/file/d/1Er5YsisfP7aETo-G_DttDBEPZ9HcZXVH/preview;27382
ZUN-000008;ZY8223022;ŁOŻYSKO KULKOWE 609 2RS;stal;609 2RS;ø2,4x0,7;YT-82230;YATO;Czesci_zamienne_YT-82230.pdf;matched_manifest;https://drive.google.com/file/d/1Er5YsisfP7aETo-G_DttDBEPZ9HcZXVH/preview;27386
ZUN-000523;ZY8223025;O-RING;tworzywo;ø20/ø24/ø2mm;ø2,4x0,2;YT-82230;YATO;Czesci_zamienne_YT-82230.pdf;matched_manifest;https://drive.google.com/file/d/1Er5YsisfP7aETo-G_DttDBEPZ9HcZXVH/preview;27388
ZUN-000272;ZY8223033;KABEL ZASILAJACY Z WTYCZKĄ;;2x0,75mm/2m H05VV-F;3,5x6x25;YT-82230;YATO;Czesci_zamienne_YT-82230.pdf;matched_manifest;https://drive.google.com/file/d/1Er5YsisfP7aETo-G_DttDBEPZ9HcZXVH/preview;27392
ZUN-000561;ZY82234-010;WŁĄCZNIK;;FA2-6/1BDW 6(6)A 250V FaDe// FA2-6A-2108 8(8)A 250V 5E4 JIABEN;2,61x5x5;YT-82234;YATO;Czesci_zamienne_YT-82234.pdf;matched_manifest;https://drive.google.com/file/d/1FgSc8XugxGVdhfJ5EUg0LhNWKA_KUl40/preview;27401
ZUN-000280;ZY82240-10;KABEL ZASILAJĄCY Z WTYCZKĄ;;2x1,0mm/3,2m;3,5x8x26;YT-82240;YATO;Czesci_zamienne_YT-82240.pdf;matched_manifest;https://drive.google.com/file/d/1fmLPahNTD5O_fWrntIh9IRojQz6w2SqF/preview;27424
ZUN-000006;ZY82240-25;ŁOŻYSKO KULKOWE 608 2RS;;608 2RS 608RZ;ø2,2x0,7;YT-82240;YATO;Czesci_zamienne_YT-82240.pdf;matched_manifest;https://drive.google.com/file/d/1fmLPahNTD5O_fWrntIh9IRojQz6w2SqF/preview;27429
ZUN-000099;ZY82240-42;ŁOŻYSKO IGIEŁKOWE HK0609;;HK0609 ø6/ø10/9mm;ø1x0,9;YT-82240;YATO;Czesci_zamienne_YT-82240.pdf;matched_manifest;https://drive.google.com/file/d/1fmLPahNTD5O_fWrntIh9IRojQz6w2SqF/preview;27436
ZUN-000013;ZY82240-55;ŁOŻYSKO KULKOWE 626 2RS;;626 2RS;ø1,9x0,6;YT-82240;YATO;Czesci_zamienne_YT-82240.pdf;matched_manifest;https://drive.google.com/file/d/1fmLPahNTD5O_fWrntIh9IRojQz6w2SqF/preview;27439
ZUN-000002;ZY82240-65;ŁOŻYSKO KULKOWE 606Z 606 2RS;;606 2RS;ø1,7x0,6;YT-82240;YATO;Czesci_zamienne_YT-82240.pdf;matched_manifest;https://drive.google.com/file/d/1fmLPahNTD5O_fWrntIh9IRojQz6w2SqF/preview;27446
ZUN-000015;ZY82240-67;ŁOŻYSKO KULKOWE 627 2RS;;627 2RS;ø2,2x0,7;YT-82240;YATO;Czesci_zamienne_YT-82240.pdf;matched_manifest;https://drive.google.com/file/d/1fmLPahNTD5O_fWrntIh9IRojQz6w2SqF/preview;27448
ZUN-000029;ZY82242-22;ŁOŻYSKO KULKOWE 6000 2RS;;6000 2RS;ø2,6x0,8;YT-82242;YATO;Czesci_zamienne_YT-82242.pdf;matched_manifest;https://drive.google.com/file/d/1FdGDeiOOJCaVtJadaue2UhR65gTzQcA_/preview;27459
ZUN-000039;ZY82242-45;ŁOŻYSKO KULKOWE 6200 2RS;;6200 2RS;ø3x0,9;YT-82242;YATO;Czesci_zamienne_YT-82242.pdf;matched_manifest;https://drive.google.com/file/d/1FdGDeiOOJCaVtJadaue2UhR65gTzQcA_/preview;27467
ZUN-000097;ZY82242-47;ŁOŻYSKO IGIEŁKOWE BK0810;;BK0810 // jednostronnie zamknięte;ø1,2x1;YT-82242;YATO;Czesci_zamienne_YT-82242.pdf;matched_manifest;https://drive.google.com/file/d/1FdGDeiOOJCaVtJadaue2UhR65gTzQcA_/preview;27469
ZUN-000241;ZY82242-60;KLIN CZÓŁENKOWY;;;0,3x0,4x0,9;YT-82242;YATO;Czesci_zamienne_YT-82242.pdf;matched_manifest;https://drive.google.com/file/d/1FdGDeiOOJCaVtJadaue2UhR65gTzQcA_/preview;27471
ZUN-000096;ZY82242-62;ŁOŻYSKO IGIEŁKOWE HK1514;;HK1514;ø2,1x1,4;YT-82242;YATO;Czesci_zamienne_YT-82242.pdf;matched_manifest;https://drive.google.com/file/d/1FdGDeiOOJCaVtJadaue2UhR65gTzQcA_/preview;27473
ZUN-000112;ZY82242-74;ŁOŻYSKO IGIEŁKOWE HK1212 / HK121812;;HK1212 HK121812 ø12/ø18/12mm;ø1,8x1,2;YT-82242;YATO;Czesci_zamienne_YT-82242.pdf;matched_manifest;https://drive.google.com/file/d/1FdGDeiOOJCaVtJadaue2UhR65gTzQcA_/preview;27477
ZUN-000004;ZY82265-05;ŁOŻYSKO KULKOWE 607 2RS;;607 2RS;;YT-82265;YATO;Czesci_zamienne_YT-82265.pdf;matched_manifest;https://drive.google.com/file/d/1qjxHBo-1EqzOCkO_BhTkERSoDS3LQr6H/preview;27500
ZUN-000006;ZY82265-10;ŁOŻYSKO KULKOWE 608 2RS;;608 2RS;;YT-82265;YATO;Czesci_zamienne_YT-82265.pdf;matched_manifest;https://drive.google.com/file/d/1qjxHBo-1EqzOCkO_BhTkERSoDS3LQr6H/preview;27504
ZUN-000656;ZY8227017;TRZPIEŃ;stal;;ø0,5x1,7;;;;unknown;;27560
ZUN-000005;ZY8227032;ŁOŻYSKO KULKOWE 608 2Z;;608 2Z;ø2,2x0,7;;;;unknown;;27572
ZUN-000003;ZY8227034;ŁOŻYSKO KULKOWE 607 2Z;;607 2Z;ø1,9x0,6;;;;unknown;;27574
ZUN-000254;ZY8227044;KULKA STALOWA;;ø4mm;ø0,4;;;;unknown;;27582
ZUN-000273;ZY8227070;KABEL ZASILAJĄCY Z WTYCZKĄ;;2x0,75mm/2m guma;3,5x6x30;;;;unknown;;27595
ZUN-000029;ZY8227132;ŁOŻYSKO KULKOWE 6000 2RS;;6000 2RS;ø2,6x0,8;;;;unknown;;27624
ZUN-000003;ZY8227137;ŁOŻYSKO KULKOWE 607 2Z;;607 2Z;ø1,9x0,6;;;;unknown;;27628
ZUN-000254;ZY8227150;KULKA STALOWA;;ø4mm;ø0,4;;;;unknown;;27635
ZUN-000656;ZY8227153;TRZPIEŃ;stal;;ø0,5x1,7;;;;unknown;;27638
ZUN-000273;ZY8227168;KABEL ZASILAJĄCY Z WTYCZKĄ;;2x0,75mm/2m guma;3,5x6x30;;;;unknown;;27645
ZUN-000656;ZY8227235;TRZPIEŃ;stal;;ø0,5x1,7;;;;unknown;;27671
ZUN-000028;ZY8227252;ŁOŻYSKO KULKOWE 6000 2Z;;6000 2Z;ø2,6x0,8;;;;unknown;;27678
ZUN-000003;ZY8227256;ŁOŻYSKO KULKOWE 607 2Z;;607 2Z;ø1,9x0,6;;;;unknown;;27682
ZUN-000603;ZY8227257;OSŁONA ŁOŻYSKA 607 z kołnierzem;tworzywo/met;ø13,9/ø17,5/ø22/10,6mm;ø2,21x1,06;;;;unknown;;27683
ZUN-000273;ZY8227259;KABEL ZASILAJĄCY Z WTYCZKĄ;;2x0,75mm/2m guma;3,5x6x30;;;;unknown;;27685
ZUN-000564;ZY8227270;WŁĄCZNIK bez elektroniki;;FA6 6/2W3 6(6)A 250V// HLT-125W-1 6(6) 250V 5E4// HT1006-2110 6(6)A 250V;2,5x2,85x2,96;;;;unknown;;27690
ZUN-000255;ZY8227284;KULKA STALOWA;;ø5mm;ø0,5;;;;unknown;;27697
ZUN-000621;ZY8227287;PIERŚCIEŃ USTALAJĄCY;stal;a-7,3mm/ b-11,8mm/ c-0,8mm;0,08x1x1,2;;;;unknown;;27700
ZUN-000105;ZY82273-027;ŁOŻYSKO IGIEŁKOWE HK0810;;HK0810 ø8/ø12/10mm;ø1,2x1;YT-82273;YATO;Czesci_zamienne_YT-82273.pdf;matched_manifest;https://drive.google.com/file/d/1rNNl3LQGL9PJ5R3eNBIYH9jKZcAzT0-d/preview;27716
ZUN-000561;ZY82273-073;WŁĄCZNIK;;FA2-6/1BDW 6(6)A 250V FaDe// FA2-6A-2108 8(8)A 250V 5E4 JIABEN;2,61x5x5;YT-82273;YATO;Czesci_zamienne_YT-82273.pdf;matched_manifest;https://drive.google.com/file/d/1rNNl3LQGL9PJ5R3eNBIYH9jKZcAzT0-d/preview;27735
ZUN-000275;ZY82273-080;KABEL ZASILAJĄCY Z WTYCZKĄ;;2x0.75mm/3m guma H05RN-F ø7mm;3,5x6x30;YT-82273;YATO;Czesci_zamienne_YT-82273.pdf;matched_manifest;https://drive.google.com/file/d/1rNNl3LQGL9PJ5R3eNBIYH9jKZcAzT0-d/preview;27737
ZUN-000561;ZY82274-06;WŁĄCZNIK blokada wyłączenia;;FA2-6/1BDW 6(6)A 250V FaDe// FA2-6A-2108 8(8)A 250V 5E4 JIABEN;2,61x5x5;YT-82274;YATO;Czesci_zamienne_YT-82274.pdf;matched_manifest;https://drive.google.com/file/d/1B1h69IB7vV3HRtV0In-3JzJssalQEjPV/preview;27749
ZUN-000018;ZY82280043;ŁOŻYSKO KULKOWE 629 2Z;;629 2Z;ø2,6x0,8;YT-82280;YATO;Czesci_zamienne_YT-82280.pdf;matched_manifest;https://drive.google.com/file/d/1tJbQlMvcAiveGph9VZ4Gf7e_gWdoxsc7/preview;27810
ZUN-000245;ZY82280048;KLIN PŁASKI;;;0,4x0,4x0,8;YT-82280;YATO;Czesci_zamienne_YT-82280.pdf;matched_manifest;https://drive.google.com/file/d/1tJbQlMvcAiveGph9VZ4Gf7e_gWdoxsc7/preview;27813
ZUN-000631;ZY82280050;PIERŚCIEŃ SPRĘŻYNOWY;stal;a-29,6mm/b-34,4mm/c-1,2mm;0,1x3,2x3,4;YT-82280;YATO;Czesci_zamienne_YT-82280.pdf;matched_manifest;https://drive.google.com/file/d/1tJbQlMvcAiveGph9VZ4Gf7e_gWdoxsc7/preview;27815
ZUN-000033;ZY82280052;ŁOŻYSKO KULKOWE 6002 2RS;;6002 2RS;ø3,2x0,9;YT-82280;YATO;Czesci_zamienne_YT-82280.pdf;matched_manifest;https://drive.google.com/file/d/1tJbQlMvcAiveGph9VZ4Gf7e_gWdoxsc7/preview;27817
ZUN-000041;ZY82280055;ŁOŻYSKO KULKOWE 6201 2RS;;6201 2RS;ø3,2x1;YT-82280;YATO;Czesci_zamienne_YT-82280.pdf;matched_manifest;https://drive.google.com/file/d/1tJbQlMvcAiveGph9VZ4Gf7e_gWdoxsc7/preview;27819
ZUN-000279;ZY82280065;KABEL ZASILAJĄCY Z WTYCZKĄ;;2x1,0mm/2m guma;3,5x6x30;YT-82280;YATO;Czesci_zamienne_YT-82280.pdf;matched_manifest;https://drive.google.com/file/d/1tJbQlMvcAiveGph9VZ4Gf7e_gWdoxsc7/preview;27827
ZUN-000005;ZY82280079;ŁOŻYSKO KULKOWE 608 2Z;;608 2Z;ø2,2x0,7;YT-82280;YATO;Czesci_zamienne_YT-82280.pdf;matched_manifest;https://drive.google.com/file/d/1tJbQlMvcAiveGph9VZ4Gf7e_gWdoxsc7/preview;27833
ZUN-000040;ZY82281-27;ŁOŻYSKO KULKOWE 6201 2Z;;6201 2Z;ø3,2x1;YT-82281;YATO;Czesci_zamienne_YT-82281.pdf;matched_manifest;https://drive.google.com/file/d/16ug598we60VAl1M3eL5f43PnRKi9XTWQ/preview;27872
ZUN-000629;ZY82281-28;PIERŚCIEŃ USTALAJĄCY;stal;a-23,6mm/b-28mm/c-0,9mm;0,1x2,6x2,8;YT-82281;YATO;Czesci_zamienne_YT-82281.pdf;matched_manifest;https://drive.google.com/file/d/16ug598we60VAl1M3eL5f43PnRKi9XTWQ/preview;27873
ZUN-000028;ZY82281-29;ŁOŻYSKO KULKOWE 6000 2Z;;6000 2Z;ø2,6x0,8;YT-82281;YATO;Czesci_zamienne_YT-82281.pdf;matched_manifest;https://drive.google.com/file/d/16ug598we60VAl1M3eL5f43PnRKi9XTWQ/preview;27874
ZUN-000005;ZY82281-44;ŁOŻYSKO KULKOWE 608 2Z;;608 2Z;ø2,2x0,7;YT-82281;YATO;Czesci_zamienne_YT-82281.pdf;matched_manifest;https://drive.google.com/file/d/16ug598we60VAl1M3eL5f43PnRKi9XTWQ/preview;27881
ZUN-000598;ZY82281-45;OSŁONA ŁOŻYSKA;tworzywo;ø17/ø21,8/ø25/8mm;ø2,5x0,8;YT-82281;YATO;Czesci_zamienne_YT-82281.pdf;matched_manifest;https://drive.google.com/file/d/16ug598we60VAl1M3eL5f43PnRKi9XTWQ/preview;27882
ZUN-000316;ZY8228819;KABEL ZASILAJĄCY Z WTYCZKĄ + odgiętka;;2x1,0mm/2m guma z odgiętk;3,5x6x30;YT-82288;YATO;Czesci_zamienne_YT-82288.pdf;matched_manifest;https://drive.google.com/file/d/1R8r0aqlFFPJP6Mg-QeH38CPk0S8eBmhd/preview;27939
ZUN-000316;ZY8229119;KABEL ZASILAJĄCY Z WTYCZKĄ + odgiętka;;2x1,0mm/2m guma;3,5x6x30;YT-82291;YATO;Czesci_zamienne_YT-82291.pdf;matched_manifest;https://drive.google.com/file/d/1bs48LB3MMXUQwBY4cu_PlIV-MIrEhOvf/preview;27950
ZUN-000316;ZY8229220;KABEL ZASILAJĄCY Z WTYCZKĄ + odgiętka;;;;YT-82292;YATO;Czesci_zamienne_YT-82292.pdf;matched_manifest;https://drive.google.com/file/d/1eDbemaH9-CxClUvAFILwB1n9b2T-2msM/preview;27962
ZUN-000316;ZY8229320;KABEL ZASILAJĄCY Z WTYCZKĄ + odgiętka;;;;YT-82293;YATO;Czesci_zamienne_YT-82293.pdf;matched_manifest;https://drive.google.com/file/d/1K7cVRzNFLjbWnDsxrgiueaZsTr8lo9-j/preview;27973
ZUN-000105;ZY82330-10;ŁOZYSKO IGIEŁKOWE HK0810;;HK0810 ø8/ø12/10mm;;YT-82330;YATO;Czesci_zamienne_YT-82330.pdf;matched_manifest;https://drive.google.com/file/d/1MUgyCKV4N8FcHJGguAw6oPAoWOZTRP6d/preview;28110
ZUN-000035;ZY82330-13;ŁOZYSKO KULKOWE 6003 2RS;;6003 2RS;;YT-82330;YATO;Czesci_zamienne_YT-82330.pdf;matched_manifest;https://drive.google.com/file/d/1MUgyCKV4N8FcHJGguAw6oPAoWOZTRP6d/preview;28113
ZUN-000257;ZY82330-16;KULKA STALOWA ø6mm;;ø6mm;;YT-82330;YATO;Czesci_zamienne_YT-82330.pdf;matched_manifest;https://drive.google.com/file/d/1MUgyCKV4N8FcHJGguAw6oPAoWOZTRP6d/preview;28116
ZUN-000031;ZY82330-17;ŁOZYSKO KULKOWE 6001 2RS;;6001 2RS;;YT-82330;YATO;Czesci_zamienne_YT-82330.pdf;matched_manifest;https://drive.google.com/file/d/1MUgyCKV4N8FcHJGguAw6oPAoWOZTRP6d/preview;28117
ZUN-000108;ZY82330-18;ŁOZYSKO IGIEŁKOWE HK1010;;HK1010;;YT-82330;YATO;Czesci_zamienne_YT-82330.pdf;matched_manifest;https://drive.google.com/file/d/1MUgyCKV4N8FcHJGguAw6oPAoWOZTRP6d/preview;28118
ZUN-000028;ZY82330-23;ŁOZYSKO KULKOWE 6000 ZZ;;6000 2Z;;YT-82330;YATO;Czesci_zamienne_YT-82330.pdf;matched_manifest;https://drive.google.com/file/d/1MUgyCKV4N8FcHJGguAw6oPAoWOZTRP6d/preview;28121
ZUN-000019;ZY82330-24;ŁOZYSKO KULKOWE 629 2RS;;629 2RS;;YT-82330;YATO;Czesci_zamienne_YT-82330.pdf;matched_manifest;https://drive.google.com/file/d/1MUgyCKV4N8FcHJGguAw6oPAoWOZTRP6d/preview;28122
ZUN-000004;ZY82330-29;ŁOZYSKO KULKOWE 607 2RS;;607 2RS;;YT-82330;YATO;Czesci_zamienne_YT-82330.pdf;matched_manifest;https://drive.google.com/file/d/1MUgyCKV4N8FcHJGguAw6oPAoWOZTRP6d/preview;28125
ZUN-000243;ZY8234004;KLIN;;3/3/8mm;0,3x0,3x0,8;YT-82340;YATO;Czesci_zamienne_YT-82340.pdf;matched_manifest;https://drive.google.com/file/d/1egD6bqQhFE6nrnV3d1n9CbnIJUPDMMM0/preview;28131
ZUN-000637;ZY8234006;USZCZELKA OLEJOWA simmering;tworzywo/stal;ø18/ø24/3mm / ø22/ø32/7mm złe;ø2,4x0,3;YT-82340;YATO;Czesci_zamienne_YT-82340.pdf;matched_manifest;https://drive.google.com/file/d/1egD6bqQhFE6nrnV3d1n9CbnIJUPDMMM0/preview;28133
ZUN-000065;ZY8234008;ŁOŻYSKO KULKOWE 6900 2RS;;6900 2RS (61900 2RS) ø10/ ø22/ 6mm;ø2,2x0,6;YT-82340;YATO;Czesci_zamienne_YT-82340.pdf;matched_manifest;https://drive.google.com/file/d/1egD6bqQhFE6nrnV3d1n9CbnIJUPDMMM0/preview;28135
ZUN-000254;ZY8234014;KULKA STALOWA;;ø4mm;ø0,4;YT-82340;YATO;Czesci_zamienne_YT-82340.pdf;matched_manifest;https://drive.google.com/file/d/1egD6bqQhFE6nrnV3d1n9CbnIJUPDMMM0/preview;28140
ZUN-000001;ZY8234023;ŁOŻYSKO KULKOWE 606 2Z;;606 2Z;ø1,7x0,6;YT-82340;YATO;Czesci_zamienne_YT-82340.pdf;matched_manifest;https://drive.google.com/file/d/1egD6bqQhFE6nrnV3d1n9CbnIJUPDMMM0/preview;28147
ZUN-000006;ZY8234026;ŁOŻYSKO KULKOWE 608 2RS;;608 2RS;ø2,2x0,7;YT-82340;YATO;Czesci_zamienne_YT-82340.pdf;matched_manifest;https://drive.google.com/file/d/1egD6bqQhFE6nrnV3d1n9CbnIJUPDMMM0/preview;28149
ZUN-000004;ZY8234032;ŁOŻYSKO KULKOWE 607 2RS;;607 2RS;ø1,9x0,6;YT-82340;YATO;Czesci_zamienne_YT-82340.pdf;matched_manifest;https://drive.google.com/file/d/1egD6bqQhFE6nrnV3d1n9CbnIJUPDMMM0/preview;28153
ZUN-000650;ZY8234047;KONDENSATOR 0,33µF;tworzywo;0,33μF M X2 TNS-2H 40/085/21/C 275V;0,8x1,75x2,56;YT-82340;YATO;Czesci_zamienne_YT-82340.pdf;matched_manifest;https://drive.google.com/file/d/1egD6bqQhFE6nrnV3d1n9CbnIJUPDMMM0/preview;28163
ZUN-000282;ZY8234050;KABEL ZASILAJĄCY Z WTYCZKĄ;;2x1,0mm/4m;3,5x9x30;YT-82340;YATO;Czesci_zamienne_YT-82340.pdf;matched_manifest;https://drive.google.com/file/d/1egD6bqQhFE6nrnV3d1n9CbnIJUPDMMM0/preview;28165
ZUN-000526;ZY8234055;O-RING;;ø22/ø25/ø1,5mm;ø2,5x0,15;YT-82340;YATO;Czesci_zamienne_YT-82340.pdf;matched_manifest;https://drive.google.com/file/d/1egD6bqQhFE6nrnV3d1n9CbnIJUPDMMM0/preview;28168
ZUN-000033;ZY82341-17;ŁOŻYSKO KULKOWE 6002 2RS;;6002 2RS;ø3,2x0,9;YT-82341;YATO;Czesci_zamienne_YT-82341.pdf;matched_manifest;https://drive.google.com/file/d/1prZfVQUOyiew2UYbP2j_BpvUGRJm6f_f/preview;28174
ZUN-000245;ZY82341-18;KLIN PŁASKI;;;0,4x0,4x0,8;YT-82341;YATO;Czesci_zamienne_YT-82341.pdf;matched_manifest;https://drive.google.com/file/d/1prZfVQUOyiew2UYbP2j_BpvUGRJm6f_f/preview;28175
ZUN-000004;ZY82341-23;ŁOŻYSKO KULKOWE 607 2RS;;607 2RS;ø1,9x0,6;YT-82341;YATO;Czesci_zamienne_YT-82341.pdf;matched_manifest;https://drive.google.com/file/d/1prZfVQUOyiew2UYbP2j_BpvUGRJm6f_f/preview;28179
ZUN-000252;ZY82341-26;KULKA STALOWA;;ø3mm;ø0,3;YT-82341;YATO;Czesci_zamienne_YT-82341.pdf;matched_manifest;https://drive.google.com/file/d/1prZfVQUOyiew2UYbP2j_BpvUGRJm6f_f/preview;28181
ZUN-000105;ZY82341-28;ŁOŻYSKO IGIEŁKOWE HK0810;;HK0810 ø8/ø12/10mm;ø1,2x1;YT-82341;YATO;Czesci_zamienne_YT-82341.pdf;matched_manifest;https://drive.google.com/file/d/1prZfVQUOyiew2UYbP2j_BpvUGRJm6f_f/preview;28183
ZUN-000526;ZY82341-37;O-RING;;ø22/ø25/ø1,5mm;ø2,5x0,15;YT-82341;YATO;Czesci_zamienne_YT-82341.pdf;matched_manifest;https://drive.google.com/file/d/1prZfVQUOyiew2UYbP2j_BpvUGRJm6f_f/preview;28185
ZUN-000006;ZY82341-38;ŁOŻYSKO KULKOWE 608 2RS;;608 2RS;ø2,2x0,7;YT-82341;YATO;Czesci_zamienne_YT-82341.pdf;matched_manifest;https://drive.google.com/file/d/1prZfVQUOyiew2UYbP2j_BpvUGRJm6f_f/preview;28186
ZUN-000004;ZY82341-46;ŁOŻYSKO KULKOWE 607 2RS;;607 2RS;ø1,9x0,6;YT-82341;YATO;Czesci_zamienne_YT-82341.pdf;matched_manifest;https://drive.google.com/file/d/1prZfVQUOyiew2UYbP2j_BpvUGRJm6f_f/preview;28190
ZUN-000283;ZY82341-70;KABEL ZASILAJĄCY Z WTYCZKĄ;;2x1,0mm/4m guma;3,5x9x30;YT-82341;YATO;Czesci_zamienne_YT-82341.pdf;matched_manifest;https://drive.google.com/file/d/1prZfVQUOyiew2UYbP2j_BpvUGRJm6f_f/preview;28200
ZUN-000241;ZY82350-002;KLIN CZÓŁENKOWY;;;0,3x0,4x0,9;YT-82350;YATO;Czesci_zamienne_YT-82350.pdf;matched_manifest;https://drive.google.com/file/d/1m5df0dqG4sHsRqRyfGm182EK_CPXGKlm/preview;28227
ZUN-000637;ZY82350-003;USZCZELKA OLEJOWA simmering;tworzywo/stal;ø18/ø24/3mm;ø2,4x0,3;YT-82350;YATO;Czesci_zamienne_YT-82350.pdf;matched_manifest;https://drive.google.com/file/d/1m5df0dqG4sHsRqRyfGm182EK_CPXGKlm/preview;28228
ZUN-000066;ZY82350-007;ŁOŻYSKO KULKOWE 6901 2Z;;6901 2Z;ø2,4x0,6;YT-82350;YATO;Czesci_zamienne_YT-82350.pdf;matched_manifest;https://drive.google.com/file/d/1m5df0dqG4sHsRqRyfGm182EK_CPXGKlm/preview;28231
ZUN-000523;ZY82350-010;O-RING Φ24*Φ20*2;tworzywo;ø20/ø24/ø2mm;ø2,4x0,2;YT-82350;YATO;Czesci_zamienne_YT-82350.pdf;matched_manifest;https://drive.google.com/file/d/1m5df0dqG4sHsRqRyfGm182EK_CPXGKlm/preview;28234
ZUN-000004;ZY82350-025;ŁOŻYSKO KULKOWE 607 2RS;;607 2RS;ø1,9x0,6;YT-82350;YATO;Czesci_zamienne_YT-82350.pdf;matched_manifest;https://drive.google.com/file/d/1m5df0dqG4sHsRqRyfGm182EK_CPXGKlm/preview;28247
ZUN-000637;ZY82350-044;USZCZELKA OLEJOWA simmering;tworzywo/stal;ø18/ø24/3mm;ø2,4x0,3;YT-82350;YATO;Czesci_zamienne_YT-82350.pdf;matched_manifest;https://drive.google.com/file/d/1m5df0dqG4sHsRqRyfGm182EK_CPXGKlm/preview;28258
ZUN-000065;ZY82350-046;ŁOŻYSKO KULKOWE 6900 2RS;;6900 2RS (61900 2RS) ø10/ ø22/ 6mm;ø2,2x0,6;YT-82350;YATO;Czesci_zamienne_YT-82350.pdf;matched_manifest;https://drive.google.com/file/d/1m5df0dqG4sHsRqRyfGm182EK_CPXGKlm/preview;28259
ZUN-000001;ZY82350-062;ŁOŻYSKO KULKOWE 606 2Z;;606 2Z;ø1,7x0,6;YT-82350;YATO;Czesci_zamienne_YT-82350.pdf;matched_manifest;https://drive.google.com/file/d/1m5df0dqG4sHsRqRyfGm182EK_CPXGKlm/preview;28269
ZUN-000254;ZY82350-064A;KULKA STALOWA ø4mm;;ø4mm;ø0,4;YT-82350;YATO;Czesci_zamienne_YT-82350.pdf;matched_manifest;https://drive.google.com/file/d/1m5df0dqG4sHsRqRyfGm182EK_CPXGKlm/preview;28271
ZUN-000093;ZY82350-066;ŁOŻYSKO KULKOWE 699 bez osłon;;699 bez osłon;ø2x0,5;YT-82350;YATO;Czesci_zamienne_YT-82350.pdf;matched_manifest;https://drive.google.com/file/d/1m5df0dqG4sHsRqRyfGm182EK_CPXGKlm/preview;28273
ZUN-000029;ZY82350-073;ŁOŻYSKO KULKOWE 6000 2RS;;6000 2RS;ø2,6x0,8;YT-82350;YATO;Czesci_zamienne_YT-82350.pdf;matched_manifest;https://drive.google.com/file/d/1m5df0dqG4sHsRqRyfGm182EK_CPXGKlm/preview;28279
ZUN-000243;ZY82350-075;KLIN;stal;3/3/8mm;0,3x0,3x0,8;YT-82350;YATO;Czesci_zamienne_YT-82350.pdf;matched_manifest;https://drive.google.com/file/d/1m5df0dqG4sHsRqRyfGm182EK_CPXGKlm/preview;28281
ZUN-000637;ZY82350-096;USZCZELKA OLEJOWA simmering;tworzywo/stal;ø18/ø24/3mm;ø2,4x0,3;YT-82350;YATO;Czesci_zamienne_YT-82350.pdf;matched_manifest;https://drive.google.com/file/d/1m5df0dqG4sHsRqRyfGm182EK_CPXGKlm/preview;28292
ZUN-000065;ZY82350-098;ŁOŻYSKO KULKOWE 6900 2RS;;6900 2RS (61900 2RS) ø10/ ø22/ 6mm;ø2,2x0,6;YT-82350;YATO;Czesci_zamienne_YT-82350.pdf;matched_manifest;https://drive.google.com/file/d/1m5df0dqG4sHsRqRyfGm182EK_CPXGKlm/preview;28293
ZUN-000027;ZY82350-106;ŁOŻYSKO KULKOWE 699 2Z;;699 2Z;ø2x0,5;YT-82350;YATO;Czesci_zamienne_YT-82350.pdf;matched_manifest;https://drive.google.com/file/d/1m5df0dqG4sHsRqRyfGm182EK_CPXGKlm/preview;28299
ZUN-000001;ZY82350-107;ŁOŻYSKO KULKOWE 606 2Z;;606 2Z;ø1,7x0,6;YT-82350;YATO;Czesci_zamienne_YT-82350.pdf;matched_manifest;https://drive.google.com/file/d/1m5df0dqG4sHsRqRyfGm182EK_CPXGKlm/preview;28300
ZUN-000282;ZY82350-127;KABEL ZASILAJĄCY Z WTYCZKĄ;;2x1,0mm/4m;3,5x9x30;YT-82350;YATO;Czesci_zamienne_YT-82350.pdf;matched_manifest;https://drive.google.com/file/d/1m5df0dqG4sHsRqRyfGm182EK_CPXGKlm/preview;28312
ZUN-000534;ZY82350-137;O-RING;;ø28,2/ø35/ø3,4mm;ø3,5x0,34;YT-82350;YATO;Czesci_zamienne_YT-82350.pdf;matched_manifest;https://drive.google.com/file/d/1m5df0dqG4sHsRqRyfGm182EK_CPXGKlm/preview;28318
ZUN-000564;ZY82350-149;WŁĄCZNIK bez elektroniki;;FA6 6/2W3 6(6)A 250V// HLT-125W-1 6(6) 250V 5E4// HT1006-2110 6(6)A 250V;2,5x2,85x2,96;YT-82350;YATO;Czesci_zamienne_YT-82350.pdf;matched_manifest;https://drive.google.com/file/d/1m5df0dqG4sHsRqRyfGm182EK_CPXGKlm/preview;28325
ZUN-000243;ZY82355-005;KLIN;stal;;0,3x0,3x0,8;YT-82355;YATO;Czesci_zamienne_YT-82355.pdf;matched_manifest;https://drive.google.com/file/d/1_y2LzQOEaVJ66xUTnHZzuBEGblDFN_kj/preview;28335
ZUN-000637;ZY82355-006;USZCZELKA OLEJOWA simmering;tworzywo/stal;ø18/ø24/3mm;ø2,4x0,3;YT-82355;YATO;Czesci_zamienne_YT-82355.pdf;matched_manifest;https://drive.google.com/file/d/1_y2LzQOEaVJ66xUTnHZzuBEGblDFN_kj/preview;28336
ZUN-000065;ZY82355-008;ŁOŻYSKO KULKOWE 6900 2RS;;6900 2RS (61900 2RS) ø10/ ø22/ 6mm;ø2,2x0,6;YT-82355;YATO;Czesci_zamienne_YT-82355.pdf;matched_manifest;https://drive.google.com/file/d/1_y2LzQOEaVJ66xUTnHZzuBEGblDFN_kj/preview;28337
ZUN-000002;ZY82355-013;ŁOŻYSKO KULKOWE 606 2RS;;606 2RS;ø1,7x0,6;YT-82355;YATO;Czesci_zamienne_YT-82355.pdf;matched_manifest;https://drive.google.com/file/d/1_y2LzQOEaVJ66xUTnHZzuBEGblDFN_kj/preview;28340
ZUN-000019;ZY82355-034;ŁOŻYSKO KULKOWE 629 2RS;;629 2RS;ø2,6x0,8;YT-82355;YATO;Czesci_zamienne_YT-82355.pdf;matched_manifest;https://drive.google.com/file/d/1_y2LzQOEaVJ66xUTnHZzuBEGblDFN_kj/preview;28346
ZUN-000013;ZY82355-043;ŁOŻYSKO KULKOWE 626 2RS;;626 2RS;ø1,9x0,6;YT-82355;YATO;Czesci_zamienne_YT-82355.pdf;matched_manifest;https://drive.google.com/file/d/1_y2LzQOEaVJ66xUTnHZzuBEGblDFN_kj/preview;28352
ZUN-000495;ZY82355-047;O-RING;;ø4/ø8/ø2mm;ø0,8x0,2;YT-82355;YATO;Czesci_zamienne_YT-82355.pdf;matched_manifest;https://drive.google.com/file/d/1_y2LzQOEaVJ66xUTnHZzuBEGblDFN_kj/preview;28355
ZUN-000029;ZY82355-049;ŁOŻYSKO KULKOWE 6000 2RS;;6000 2RS;ø2,6x0,8;YT-82355;YATO;Czesci_zamienne_YT-82355.pdf;matched_manifest;https://drive.google.com/file/d/1_y2LzQOEaVJ66xUTnHZzuBEGblDFN_kj/preview;28357
ZUN-000004;ZY82355-052;ŁOŻYSKO KULKOWE 607 2RS;;607 2RS;ø1,9x0,6;YT-82355;YATO;Czesci_zamienne_YT-82355.pdf;matched_manifest;https://drive.google.com/file/d/1_y2LzQOEaVJ66xUTnHZzuBEGblDFN_kj/preview;28359
ZUN-000564;ZY82355-070;WŁĄCZNIK bez elektroniki;;FA6 6/2W3 6(6)A 250V// HLT-125W-1 6(6) 250V 5E4// HT1006-2110 6(6)A 250V;2,5x2,85x2,96;YT-82355;YATO;Czesci_zamienne_YT-82355.pdf;matched_manifest;https://drive.google.com/file/d/1_y2LzQOEaVJ66xUTnHZzuBEGblDFN_kj/preview;28364
ZUN-000526;ZY82360-20;O-RING;tworzywo;ø22/ø25/ø1,5mm;ø2,5x0,15;;;;unknown;;28383
ZUN-000603;ZY82360-30;OSŁONA ŁOŻYSKA;tworzywo/stal;;ø2,2x0,9;;;;unknown;;28391
ZUN-000004;ZY82375-40;ŁOŻYSKO KULKOWE 607 2RS;;607 2RS / na wirnik;;YT-82375;YATO;Czesci_zamienne_YT-82375.pdf;matched_manifest;https://drive.google.com/file/d/1fQhWjrzzKHUFuCTthDD63vpcJMtf8QZ-/preview;28414
ZUN-000562;ZY82375-56;WŁĄCZNIK;;S125 6(6)A 250V// S130 8(6)/250V;2,5x2,9x3,1;YT-82375;YATO;Czesci_zamienne_YT-82375.pdf;matched_manifest;https://drive.google.com/file/d/1fQhWjrzzKHUFuCTthDD63vpcJMtf8QZ-/preview;28419
ZUN-000274;ZY82375-63;KABEL ZASILAJĄCY Z WTYCZKĄ;tworzywo/miedź;2x0,75mm/3m H05RN-F;4,1x6,7x31,5;YT-82375;YATO;Czesci_zamienne_YT-82375.pdf;matched_manifest;https://drive.google.com/file/d/1fQhWjrzzKHUFuCTthDD63vpcJMtf8QZ-/preview;28424
ZUN-000281;ZY82380-01;KABEL ZASILAJĄCY Z WTYCZKĄ 2x1,0mm/3m gu;;2x1,0mm/3m guma H07RN-F ø8mm// H05RN-F ø7mm;3,5x6x32;YT-82380;YATO;Czesci_zamienne_YT-82380.pdf;matched_manifest;https://drive.google.com/file/d/1q9FP529_0-EJMp0MZCnCgHpyMOIGehPa/preview;28425
ZUN-000604;ZY82380-40;OSŁONA ŁOŻYSKA 6000;tworzywo;ø16,3/ø26/ø30/10mm / gr dna 2,8mm;ø3x1;YT-82380;YATO;Czesci_zamienne_YT-82380.pdf;matched_manifest;https://drive.google.com/file/d/1q9FP529_0-EJMp0MZCnCgHpyMOIGehPa/preview;28443
ZUN-000255;ZY82385-16;KULKA STALOWA ø5mm;stal;ø5mm;;YT-82385;YATO;Czesci_zamienne_YT-82385.pdf;matched_manifest;https://drive.google.com/file/d/1bD3AF8uArnLmZ3KTY0JlJY83Zp6W0a9V/preview;28451
ZUN-000029;ZY82385-61;ŁOŻYSKO KULKOWE 6000 2RS;;6000 2RS / na wirnik;;YT-82385;YATO;Czesci_zamienne_YT-82385.pdf;matched_manifest;https://drive.google.com/file/d/1bD3AF8uArnLmZ3KTY0JlJY83Zp6W0a9V/preview;28468
ZUN-000274;ZY82389-027;KABEL Z WTYCZKĄ;tworzywo/miedź;2x0,75mm/3m H05RN-F;3,6x7,5x23,1;YT-82389;YATO;Czesci_zamienne_YT-82389.pdf;matched_manifest;https://drive.google.com/file/d/14SXTxOvxXRGQSfCeRnqwIEBkKNgr4PzK/preview;28486
ZUN-000015;ZY82390-16;ŁOŻYSKO KULKOWE 627 2RS;;627 2RS;ø2,2x0,7;YT-82390;YATO;Czesci_zamienne_YT-82390.pdf;matched_manifest;https://drive.google.com/file/d/1_nQI5hw6JVdA0GyOKOQkGbg4C7s8558H/preview;28502
ZUN-000035;ZY82390-21;ŁOŻYSKO KULKOWE 6003 2RS;;6003 2RS;ø3,5x1;YT-82390;YATO;Czesci_zamienne_YT-82390.pdf;matched_manifest;https://drive.google.com/file/d/1_nQI5hw6JVdA0GyOKOQkGbg4C7s8558H/preview;28504
ZUN-000562;ZY82395-50;WŁĄCZNIK;tworzywo/?;S125 6(6)A 250V// S130 8(6)/250V;;YT-82395;YATO;Czesci_zamienne_YT-82395.pdf;matched_manifest;https://drive.google.com/file/d/1bnuAa1sWu6FoJGwJe7Ry0dG5QyfV9JXp/preview;28537
ZUN-000281;ZY82395-57;KABEL ZASILAJĄCY Z WTYCZKĄ;;2x1,0mm/3m guma H07RN-F ø8mm// H05RN-F ø7mm;3,5x6x32;YT-82395;YATO;Czesci_zamienne_YT-82395.pdf;matched_manifest;https://drive.google.com/file/d/1bnuAa1sWu6FoJGwJe7Ry0dG5QyfV9JXp/preview;28541
ZUN-000241;ZY82398-16;KLIN CZÓŁENKOWY;;;0,3x0,4x0,9;YT-82398;YATO;Czesci_zamienne_YT-82398 YT-82399.pdf;matched_manifest;https://drive.google.com/file/d/1PFkcq57wuMNvqQ9OW_yFHboX73ZvYteK/preview;28555
ZUN-000105;ZY82398-19;ŁOŻYSKO IGIEŁKOWE HK0810;;HK0810 ø8/ø12/10mm;ø1,2x1;YT-82398;YATO;Czesci_zamienne_YT-82398 YT-82399.pdf;matched_manifest;https://drive.google.com/file/d/1PFkcq57wuMNvqQ9OW_yFHboX73ZvYteK/preview;28557
ZUN-000099;ZY82398-23;ŁOŻYSKO IGIEŁKOWE HK0609;;HK0609 ø6/ø10/9mm;ø1x0,9;YT-82398;YATO;Czesci_zamienne_YT-82398 YT-82399.pdf;matched_manifest;https://drive.google.com/file/d/1PFkcq57wuMNvqQ9OW_yFHboX73ZvYteK/preview;28559
ZUN-000006;ZY82398-32;ŁOŻYSKO KULKOWE 608 2RS;;608 2RS;ø2,2x0,7;YT-82398;YATO;Czesci_zamienne_YT-82398 YT-82399.pdf;matched_manifest;https://drive.google.com/file/d/1PFkcq57wuMNvqQ9OW_yFHboX73ZvYteK/preview;28564
ZUN-000004;ZY82398-34;ŁOŻYSKO KULKOWE 607 2RS;;607 2RS;ø1,9x0,6;YT-82398;YATO;Czesci_zamienne_YT-82398 YT-82399.pdf;matched_manifest;https://drive.google.com/file/d/1PFkcq57wuMNvqQ9OW_yFHboX73ZvYteK/preview;28566
ZUN-000544;ZY824513;WŁĄCZNIK;;JS20 1(1)A 250V T85;0,7x1,6x4,3;;;;unknown;;28632
ZUN-000544;ZY82451-14;WŁĄCZNIK;;JS20 1(1)A 250V T85;0,7x1,6x4,3;;;;unknown;;28640
ZUN-000216;ZY82455A10;WŁĄCZNIK;tworzywo/stal/?;RL.3 6(2)A 250V RLEIL;1,5x2,1x2,5;YT-82455;YATO;Czesci_zamienne_YT-82455.pdf;matched_manifest;https://drive.google.com/file/d/1aGSIH1Lk-36MlLbstUDBCc_S6QrJwzlg/preview;28642
ZUN-000216;ZY82456-001;WŁACZNIK;tworzywo/stal/?;KCD1-B3 6(4)A 250V;1,5x2,2x2,4;YT-82456;YATO;Czesci_zamienne_YT-82456.pdf;matched_manifest;https://drive.google.com/file/d/1BNQLMULvrm48ZIG-DySvHU50YbHDESZh/preview;28653
ZUN-000216;ZY82457-01;WŁACZNIK;tworzywo/stal/?;KCD1-B3 6(4)A 250V;1,5x2,2x2,4;YT-82457;YATO;Czesci_zamienne_YT-82457.pdf;matched_manifest;https://drive.google.com/file/d/1WyD6wsigJpzouq7uHBTPHHLMvplblZDm/preview;28662
ZUN-000216;ZY82458-001;WŁACZNIK;tworzywo/stal/?;KCD1-B3 6(4)A 250V;1,5x2,2x2,4;YT-82458;YATO;Czesci_zamienne_YT-82458.pdf;matched_manifest;https://drive.google.com/file/d/1NCt7kP7pG8FoBSAyaAK_DU2iZK1Sqcbu/preview;28669
ZUN-000272;ZY82550-22;PRZEWÓD ZASILAJĄCY Z WTYCZKĄ;;2x0,75mm/2m H05VV-F;3,5x6x25;YT-82550;YATO;Czesci_zamienne_YT-82550.pdf;matched_manifest;https://drive.google.com/file/d/1UbeXOVGkIi-RC_LEZK3D8RbKnoQQxePj/preview;28731
ZUN-000499;ZY82553-18;O-RING 10X1,8;;ø6,4/ø10/ø1,8mm;ø1x0,18;YT-82553;YATO;Czesci_zamienne_YT-82553.pdf;matched_manifest;https://drive.google.com/file/d/1qq4HdFemgKQ5-wLQDT89K7G0MFZQh34R/preview;28744
ZUN-000257;ZY82560-050;KULKA STALOWA ø6mm;;ø6mm;ø0,6;YT-82560;YATO;Czesci_zamienne_YT-82560.pdf;matched_manifest;https://drive.google.com/file/d/1asooiVMoym68aGslvcUTdpJhATGjp_zV/preview;28801
ZUN-000487;ZY82560-054;O-RING 2.6x1.8;tworzywo;ø2,4/ø6/ø1,8mm;ø0,6x0,18;YT-82560;YATO;Czesci_zamienne_YT-82560.pdf;matched_manifest;https://drive.google.com/file/d/1asooiVMoym68aGslvcUTdpJhATGjp_zV/preview;28804
ZUN-000254;ZY82560-063;KULKA STALOWA ø4mm;;ø4mm;ø0,4;YT-82560;YATO;Czesci_zamienne_YT-82560.pdf;matched_manifest;https://drive.google.com/file/d/1asooiVMoym68aGslvcUTdpJhATGjp_zV/preview;28813
ZUN-000267;ZY82560-076;KULKA STALOWA ø12,7mm;;ø12.7mm;ø1,27;YT-82560;YATO;Czesci_zamienne_YT-82560.pdf;matched_manifest;https://drive.google.com/file/d/1asooiVMoym68aGslvcUTdpJhATGjp_zV/preview;28826
ZUN-000527;ZY82560-112;O-RING 22.4x1.8;tworzywo;ø22,6/ø26/ø1,7mm;ø2,6x0,17;YT-82560;YATO;Czesci_zamienne_YT-82560.pdf;matched_manifest;https://drive.google.com/file/d/1asooiVMoym68aGslvcUTdpJhATGjp_zV/preview;28850
ZUN-000267;ZY82562-066;KULKA STALOWA;;ø12.7mm;ø1,27;;;;unknown;;28882
ZUN-000039;ZY82600-02;ŁOŻYSKO KULKOWE 6200 2RS;;6200 2RS;ø3x0,9;YT-82600;YATO;Czesci_zamienne_YT-82600.pdf;matched_manifest;https://drive.google.com/file/d/1AxU-tKugeTH9Qxp0i6_EBdh6WiAgc-WN/preview;28901
ZUN-000006;ZY82600-05;ŁOŻYSKO KULKOWE 608 2RS;;608 2RS;ø2,2x0,7;YT-82600;YATO;Czesci_zamienne_YT-82600.pdf;matched_manifest;https://drive.google.com/file/d/1AxU-tKugeTH9Qxp0i6_EBdh6WiAgc-WN/preview;28904
ZUN-000039;ZY82600-07;ŁOŻYSKO KULKOWE 6200 2RS;;6200 2RS;ø3x0,9;YT-82600;YATO;Czesci_zamienne_YT-82600.pdf;matched_manifest;https://drive.google.com/file/d/1AxU-tKugeTH9Qxp0i6_EBdh6WiAgc-WN/preview;28906
ZUN-000006;ZY82600-09;ŁOŻYSKO KULKOWE 608 2RS;;608 2RS;ø2,2x0,7;YT-82600;YATO;Czesci_zamienne_YT-82600.pdf;matched_manifest;https://drive.google.com/file/d/1AxU-tKugeTH9Qxp0i6_EBdh6WiAgc-WN/preview;28908
ZUN-000241;ZY82600-16;KLIN CZÓŁENKOWY;;;0,3x0,4x0,9;YT-82600;YATO;Czesci_zamienne_YT-82600.pdf;matched_manifest;https://drive.google.com/file/d/1AxU-tKugeTH9Qxp0i6_EBdh6WiAgc-WN/preview;28911
ZUN-000039;ZY82601-15;ŁOŻYSKO KULKOWE 6200 2RS;;6200 2RS;ø3x0,9;YT-82601;YATO;Czesci_zamienne_YT-82601.pdf;matched_manifest;https://drive.google.com/file/d/1kXe-P_AvJycmVryOOROXcuN9gUweezpN/preview;28926
ZUN-000033;ZY82601-23;ŁOŻYSKO KULKOWE 6002 2RS;;6002 2RS;ø3,2x0,9;YT-82601;YATO;Czesci_zamienne_YT-82601.pdf;matched_manifest;https://drive.google.com/file/d/1kXe-P_AvJycmVryOOROXcuN9gUweezpN/preview;28931
ZUN-000067;ZY82601-26;ŁOŻYSKO KULKOWE 6901 2RS;;6901 2RS;ø2,4x0,6;YT-82601;YATO;Czesci_zamienne_YT-82601.pdf;matched_manifest;https://drive.google.com/file/d/1kXe-P_AvJycmVryOOROXcuN9gUweezpN/preview;28933
ZUN-000037;ZY82601-30;ŁOŻYSKO KULKOWE 6005 2RS;;6005 2RS;ø4,7x1,2;YT-82601;YATO;Czesci_zamienne_YT-82601.pdf;matched_manifest;https://drive.google.com/file/d/1kXe-P_AvJycmVryOOROXcuN9gUweezpN/preview;28937
ZUN-000291;ZY82601-48;KABEL ZASILAJĄCY Z WTYCZKĄ;;3x1,0mm/2m guma;3,5x6x26;YT-82601;YATO;Czesci_zamienne_YT-82601.pdf;matched_manifest;https://drive.google.com/file/d/1kXe-P_AvJycmVryOOROXcuN9gUweezpN/preview;28946
ZUN-000037;ZY82601V2-06;ŁOŻYSKO KULKOWE 6005 2RS;;6005 2RS;ø4,7x1,2;YT-82601;YATO;Czesci_zamienne_YT-82601.pdf;matched_manifest;https://drive.google.com/file/d/1kXe-P_AvJycmVryOOROXcuN9gUweezpN/preview;28949
ZUN-000067;ZY82601V2-12;ŁOŻYSKO KULKOWE 6901 2RS;;6901 2RS;ø2,4x0,6;YT-82601;YATO;Czesci_zamienne_YT-82601.pdf;matched_manifest;https://drive.google.com/file/d/1kXe-P_AvJycmVryOOROXcuN9gUweezpN/preview;28954
ZUN-000033;ZY82601V2-16;ŁOŻYSKO KULKOWE 6002 2RS;;6002 2RS;ø3,2x0,9;YT-82601;YATO;Czesci_zamienne_YT-82601.pdf;matched_manifest;https://drive.google.com/file/d/1kXe-P_AvJycmVryOOROXcuN9gUweezpN/preview;28957
ZUN-000291;ZY82601V2-22;KABEL ZASILAJĄCY Z WTYCZKĄ;;3x1,0mm/2m guma;3,5x6x26;YT-82601;YATO;Czesci_zamienne_YT-82601.pdf;matched_manifest;https://drive.google.com/file/d/1kXe-P_AvJycmVryOOROXcuN9gUweezpN/preview;28962
ZUN-000432;ZY82601V2-27;WŁĄCZNIK;tworzywo/?;LY606 16A 250V T125 LYADZ;2,95x3,6x3,86;YT-82601;YATO;Czesci_zamienne_YT-82601.pdf;matched_manifest;https://drive.google.com/file/d/1kXe-P_AvJycmVryOOROXcuN9gUweezpN/preview;28964
ZUN-000039;ZY82601V2-40;ŁOŻYSKO KULKOWE 6200 2RS;;6200 2RS;ø3x0,9;YT-82601;YATO;Czesci_zamienne_YT-82601.pdf;matched_manifest;https://drive.google.com/file/d/1kXe-P_AvJycmVryOOROXcuN9gUweezpN/preview;28972
ZUN-000247;ZY82605-06;KLIN;Stal;;0,4x0,5x1,2;YT-82605;YATO;Czesci_zamienne_YT-82605.pdf;matched_manifest;https://drive.google.com/file/d/1Sh-1UrBnRVyFnhkNwy8VFXWtpBUtUPLa/preview;28992
ZUN-000028;ZY82605-11;ŁOŻYSKO KULKOWE 6000 2Z;;6000 2Z;ø2,6x0,8;YT-82605;YATO;Czesci_zamienne_YT-82605.pdf;matched_manifest;https://drive.google.com/file/d/1Sh-1UrBnRVyFnhkNwy8VFXWtpBUtUPLa/preview;28995
ZUN-000105;ZY82605-14;ŁOŻYSKO IGIEŁKOWE HK0810;;HK0810 ø8/ø12/10mm;ø1,2x1;YT-82605;YATO;Czesci_zamienne_YT-82605.pdf;matched_manifest;https://drive.google.com/file/d/1Sh-1UrBnRVyFnhkNwy8VFXWtpBUtUPLa/preview;28997
ZUN-000026;ZY82605-19;ŁOŻYSKO KULKOWE 698 2Z;;698 2Z;ø1,9x0,6;YT-82605;YATO;Czesci_zamienne_YT-82605.pdf;matched_manifest;https://drive.google.com/file/d/1Sh-1UrBnRVyFnhkNwy8VFXWtpBUtUPLa/preview;29001
ZUN-000005;ZY82605-20;ŁOŻYSKO KULKOWE 608 2Z;;608 2Z;ø2,2x0,7;YT-82605;YATO;Czesci_zamienne_YT-82605.pdf;matched_manifest;https://drive.google.com/file/d/1Sh-1UrBnRVyFnhkNwy8VFXWtpBUtUPLa/preview;29002
ZUN-000254;ZY82605-31;KULKA STALOWA Ø4;;ø4mm;;YT-82605;YATO;Czesci_zamienne_YT-82605.pdf;matched_manifest;https://drive.google.com/file/d/1Sh-1UrBnRVyFnhkNwy8VFXWtpBUtUPLa/preview;29009
ZUN-000029;ZY82605-34;ŁOŻYSKO KULKOWE 6000 2RS;;6000 2RS;ø2,6x0,8;YT-82605;YATO;Czesci_zamienne_YT-82605.pdf;matched_manifest;https://drive.google.com/file/d/1Sh-1UrBnRVyFnhkNwy8VFXWtpBUtUPLa/preview;29010
ZUN-000247;ZY82606-06;KLIN;stal;;0,4x0,5x1,2;YT-82606;YATO;Czesci_zamienne_YT-82606.pdf;matched_manifest;https://drive.google.com/file/d/1D2k5SkuJ4vIt3UEBOhiXezc9-1iggsvU/preview;29026
ZUN-000028;ZY82606-11;ŁOŻYSKO KULKOWE 6000 2Z;;6000 2Z;ø2,6x0,8;YT-82606;YATO;Czesci_zamienne_YT-82606.pdf;matched_manifest;https://drive.google.com/file/d/1D2k5SkuJ4vIt3UEBOhiXezc9-1iggsvU/preview;29029
ZUN-000105;ZY82606-14;ŁOŻYSKO IGIEŁKOWE HK0810;;HK0810 ø8/ø12/10mm;ø1,2x1;YT-82606;YATO;Czesci_zamienne_YT-82606.pdf;matched_manifest;https://drive.google.com/file/d/1D2k5SkuJ4vIt3UEBOhiXezc9-1iggsvU/preview;29031
ZUN-000241;ZY82606-16;KLIN CZÓŁENKOWY;stal;;0,3x0,4x0,9;YT-82606;YATO;Czesci_zamienne_YT-82606.pdf;matched_manifest;https://drive.google.com/file/d/1D2k5SkuJ4vIt3UEBOhiXezc9-1iggsvU/preview;29033
ZUN-000026;ZY82606-19;ŁOŻYSKO KULKOWE 698 2Z;;698 2Z;ø1,9x0,6;YT-82606;YATO;Czesci_zamienne_YT-82606.pdf;matched_manifest;https://drive.google.com/file/d/1D2k5SkuJ4vIt3UEBOhiXezc9-1iggsvU/preview;29035
ZUN-000005;ZY82606-20;ŁOŻYSKO KULKOWE 608 2Z;;608 2Z;ø2,2x0,7;YT-82606;YATO;Czesci_zamienne_YT-82606.pdf;matched_manifest;https://drive.google.com/file/d/1D2k5SkuJ4vIt3UEBOhiXezc9-1iggsvU/preview;29036
ZUN-000254;ZY82606-31;KULKA STALOWA ø4mm;;ø4mm;;YT-82606;YATO;Czesci_zamienne_YT-82606.pdf;matched_manifest;https://drive.google.com/file/d/1D2k5SkuJ4vIt3UEBOhiXezc9-1iggsvU/preview;29043
ZUN-000029;ZY82606-34;ŁOŻYSKO KULKOWE 6000 2RS;;6000 2RS;ø2,6x0,8;YT-82606;YATO;Czesci_zamienne_YT-82606.pdf;matched_manifest;https://drive.google.com/file/d/1D2k5SkuJ4vIt3UEBOhiXezc9-1iggsvU/preview;29044
ZUN-000008;ZY82607-34;ŁOŻYSKO KULKOWE 609 2RS;;609 2RS;ø2,4x0,7;YT-82607;YATO;Czesci_zamienne_YT-82607.pdf;matched_manifest;https://drive.google.com/file/d/14JmXkN_lATvyBcYKA2RSPNnYRguD9cXx/preview;29080
ZUN-000005;ZY82607-38;ŁOŻYSKO KULKOWE 608 2Z;;608 2Z;ø2,2x0,7;YT-82607;YATO;Czesci_zamienne_YT-82607.pdf;matched_manifest;https://drive.google.com/file/d/14JmXkN_lATvyBcYKA2RSPNnYRguD9cXx/preview;29083
ZUN-000598;ZY82607-39;OSŁONA ŁOŻYSKA;tworzywo;ø17/ø21,8/ø25/8mm;ø2,5x0,8;YT-82607;YATO;Czesci_zamienne_YT-82607.pdf;matched_manifest;https://drive.google.com/file/d/14JmXkN_lATvyBcYKA2RSPNnYRguD9cXx/preview;29084
ZUN-000280;ZY82607-46;KABEL Z WYCZKĄ 2x1,0mm/3,2m;tworzywo/miedź/stal;2x1,0mm/3,2m H05RN-F;3,5x8x26;YT-82607;YATO;Czesci_zamienne_YT-82607.pdf;matched_manifest;https://drive.google.com/file/d/14JmXkN_lATvyBcYKA2RSPNnYRguD9cXx/preview;29086
ZUN-000283;ZY82608-16;KABEL Z WTYCZKĄ;;2x1,0mm/4m H07RN-F ø8mm;6,2x8,2x36,3;YT-82608;YATO;Czesci_zamienne_YT-82608.pdf;matched_manifest;https://drive.google.com/file/d/1c15hjEeT7t-0W9G1lVQu0qQJ9JCcB-59/preview;29100
ZUN-000247;ZY82608-25;KLIN;stal;;0,4x0,5x1,2;YT-82608;YATO;Czesci_zamienne_YT-82608.pdf;matched_manifest;https://drive.google.com/file/d/1c15hjEeT7t-0W9G1lVQu0qQJ9JCcB-59/preview;29105
ZUN-000028;ZY82608-30;ŁOŻYSKO KULKOWE 6000 2Z;;6000 2Z;ø2,6x0,8;YT-82608;YATO;Czesci_zamienne_YT-82608.pdf;matched_manifest;https://drive.google.com/file/d/1c15hjEeT7t-0W9G1lVQu0qQJ9JCcB-59/preview;29108
ZUN-000031;ZY82608-33;ŁOŻYSKO KULKOWE 6001 2RS;;6001 2RS;ø2,8x0,8;YT-82608;YATO;Czesci_zamienne_YT-82608.pdf;matched_manifest;https://drive.google.com/file/d/1c15hjEeT7t-0W9G1lVQu0qQJ9JCcB-59/preview;29110
ZUN-000005;ZY82608-36;ŁOŻYSKO KULKOWE 608 2Z;;608 2Z;ø2,2x0,7;YT-82608;YATO;Czesci_zamienne_YT-82608.pdf;matched_manifest;https://drive.google.com/file/d/1c15hjEeT7t-0W9G1lVQu0qQJ9JCcB-59/preview;29112
ZUN-000105;ZY82608-37;ŁOŻYSKO IGIEŁKOWE HK0810;;HK0810 ø8/ø12/10mm;ø1,2x1;YT-82608;YATO;Czesci_zamienne_YT-82608.pdf;matched_manifest;https://drive.google.com/file/d/1c15hjEeT7t-0W9G1lVQu0qQJ9JCcB-59/preview;29113
ZUN-000026;ZY82608-42;ŁOŻYSKO KULKOWE 698 2Z;;698 2Z;ø1,9x0,6;YT-82608;YATO;Czesci_zamienne_YT-82608.pdf;matched_manifest;https://drive.google.com/file/d/1c15hjEeT7t-0W9G1lVQu0qQJ9JCcB-59/preview;29117
ZUN-000254;ZY82608-51;KULKA STALOWA Ø4mm;;ø4mm;;YT-82608;YATO;Czesci_zamienne_YT-82608.pdf;matched_manifest;https://drive.google.com/file/d/1c15hjEeT7t-0W9G1lVQu0qQJ9JCcB-59/preview;29124
ZUN-000283;ZY82609-16;KABEL Z WTYCZKĄ;;2x1,0mm/4m H07RN-F ø8mm;5,6x9,7x30,3;YT-82609;YATO;Czesci_zamienne_YT-82609.pdf;matched_manifest;https://drive.google.com/file/d/1mBGAD3A6IAzuBjIqTL9MSGRD5O4rfl_D/preview;29138
ZUN-000044;ZY82609-21;ŁOŻYSKO KULKOWE 6203 2Z;;6203 2Z;ø4x1,2;YT-82609;YATO;Czesci_zamienne_YT-82609.pdf;matched_manifest;https://drive.google.com/file/d/1mBGAD3A6IAzuBjIqTL9MSGRD5O4rfl_D/preview;29142
ZUN-000241;ZY82609-25;KLIN CZÓŁENKOWY;stal;;0,3x0,4x0,9;YT-82609;YATO;Czesci_zamienne_YT-82609.pdf;matched_manifest;https://drive.google.com/file/d/1mBGAD3A6IAzuBjIqTL9MSGRD5O4rfl_D/preview;29145
ZUN-000032;ZY82609-26;ŁOŻYSKO KULKOWE 6002 2Z;;6002 2Z;ø3,2x0,9;YT-82609;YATO;Czesci_zamienne_YT-82609.pdf;matched_manifest;https://drive.google.com/file/d/1mBGAD3A6IAzuBjIqTL9MSGRD5O4rfl_D/preview;29146
ZUN-000031;ZY82609-32;ŁOŻYSKO KULKOWE 6001 2RS;;6001 2RS;ø2,8x0,8;YT-82609;YATO;Czesci_zamienne_YT-82609.pdf;matched_manifest;https://drive.google.com/file/d/1mBGAD3A6IAzuBjIqTL9MSGRD5O4rfl_D/preview;29149
ZUN-000005;ZY82609-35;ŁOŻYSKO KULKOWE 608 2Z;;608 2Z;ø2,2x0,7;YT-82609;YATO;Czesci_zamienne_YT-82609.pdf;matched_manifest;https://drive.google.com/file/d/1mBGAD3A6IAzuBjIqTL9MSGRD5O4rfl_D/preview;29151
ZUN-000028;ZY82609-41;ŁOŻYSKO KULKOWE 6000 2Z;;6000 2Z;ø2,6x0,8;YT-82609;YATO;Czesci_zamienne_YT-82609.pdf;matched_manifest;https://drive.google.com/file/d/1mBGAD3A6IAzuBjIqTL9MSGRD5O4rfl_D/preview;29154
ZUN-000105;ZY82609-42;ŁOŻYSKO IGIEŁKOWE HK0810;;HK0810 ø8/ø12/10mm;ø1,2x1;YT-82609;YATO;Czesci_zamienne_YT-82609.pdf;matched_manifest;https://drive.google.com/file/d/1mBGAD3A6IAzuBjIqTL9MSGRD5O4rfl_D/preview;29155
ZUN-000026;ZY82609-47;ŁOŻYSKO KULKOWE 698 2Z;;698 2Z;ø1,9x0,6;YT-82609;YATO;Czesci_zamienne_YT-82609.pdf;matched_manifest;https://drive.google.com/file/d/1mBGAD3A6IAzuBjIqTL9MSGRD5O4rfl_D/preview;29159
ZUN-000104;ZY82609-52;ŁOŻYSKO IGIEŁKOWE HK0808;;HK0808 ø8/ø12/8mm;ø1,2x0,8;YT-82609;YATO;Czesci_zamienne_YT-82609.pdf;matched_manifest;https://drive.google.com/file/d/1mBGAD3A6IAzuBjIqTL9MSGRD5O4rfl_D/preview;29163
ZUN-000254;ZY82609-56;KULKA STALOWA Ø4;;ø4mm;;YT-82609;YATO;Czesci_zamienne_YT-82609.pdf;matched_manifest;https://drive.google.com/file/d/1mBGAD3A6IAzuBjIqTL9MSGRD5O4rfl_D/preview;29167
ZUN-000029;ZY82753-14;ŁOŻYSKO KULKOWE 6000 2RS;;6000 2RS;ø2,6x0,8;;;;unknown;;29238
ZUN-000033;ZY82753-21;ŁOŻYSKO KULKOWE 6002 2RS;;6002 2RS;ø3,2x0,9;;;;unknown;;29244
ZUN-000062;ZY82770-10;ŁOŻYSKO KULKOWE 6805 2Z;;6805 2Z;ø3,7x0,7;YT-82770;YATO;Czesci_zamienne_YT-82770.pdf;matched_manifest;https://drive.google.com/file/d/1onRGSADiwM4o7s8HE5DsuaUSG7bhTVab/preview;29317
ZUN-000260;ZY82770-22;KULKA STALOWA;stal;ø7,14mm;ø0,714;YT-82770;YATO;Czesci_zamienne_YT-82770.pdf;matched_manifest;https://drive.google.com/file/d/1onRGSADiwM4o7s8HE5DsuaUSG7bhTVab/preview;29328
ZUN-000655;ZY82770-24;TRZPIEŃ;stal;;ø0,248x1,172;YT-82770;YATO;Czesci_zamienne_YT-82770.pdf;matched_manifest;https://drive.google.com/file/d/1onRGSADiwM4o7s8HE5DsuaUSG7bhTVab/preview;29330
ZUN-000252;ZY82770-50;KULKA STALOWA;stal;ø3mm;ø0,3;YT-82770;YATO;Czesci_zamienne_YT-82770.pdf;matched_manifest;https://drive.google.com/file/d/1onRGSADiwM4o7s8HE5DsuaUSG7bhTVab/preview;29352
ZUN-000003;ZY82770-55;ŁOŻYSKO KULKOWE 607 2Z;stal;607 2Z;ø1,9x0,6;YT-82770;YATO;Czesci_zamienne_YT-82770.pdf;matched_manifest;https://drive.google.com/file/d/1onRGSADiwM4o7s8HE5DsuaUSG7bhTVab/preview;29356
ZUN-000613;ZY82772-02;PIERŚCIEŃ drut;stal;a-19/b-23/c-2mm;ø2,3x0,2;YT-82772;YATO;Czesci_zamienne_YT-82772.pdf;matched_manifest;https://drive.google.com/file/d/1P67XFuci8Sqt5SoH5MKt80r0rj7dM1wB/preview;29371
ZUN-000260;ZY82772-04;KULKA STALOWA;stal;ø7,14mm;ø0,714;YT-82772;YATO;Czesci_zamienne_YT-82772.pdf;matched_manifest;https://drive.google.com/file/d/1P67XFuci8Sqt5SoH5MKt80r0rj7dM1wB/preview;29373
ZUN-000103;ZY82772-25;ŁOŻYSKO IGIEŁKOWE HK0709;stal;HK0709 ø7/11/9mm;ø1,1x0,9;YT-82772;YATO;Czesci_zamienne_YT-82772.pdf;matched_manifest;https://drive.google.com/file/d/1P67XFuci8Sqt5SoH5MKt80r0rj7dM1wB/preview;29392
ZUN-000655;ZY82772-33;TRZPIEŃ;stal;;ø0,248x1,172;YT-82772;YATO;Czesci_zamienne_YT-82772.pdf;matched_manifest;https://drive.google.com/file/d/1P67XFuci8Sqt5SoH5MKt80r0rj7dM1wB/preview;29394
ZUN-000520;ZY82772-41;O-RING;tworzywo;ø15/ø21/ø3mm;ø2,1x0,3;YT-82772;YATO;Czesci_zamienne_YT-82772.pdf;matched_manifest;https://drive.google.com/file/d/1P67XFuci8Sqt5SoH5MKt80r0rj7dM1wB/preview;29401
ZUN-000659;ZY82772-43;TRZPIEŃ CYLINDRA;stal;cylinder ø2,4x6,7;ø1,19x1,92otwórø7;YT-82772;YATO;Czesci_zamienne_YT-82772.pdf;matched_manifest;https://drive.google.com/file/d/1P67XFuci8Sqt5SoH5MKt80r0rj7dM1wB/preview;29403
ZUN-000634;ZY82772-44;PODKŁADKA;stal;ø12,2/ø18/1,2mm;ø1,8x0,12;YT-82772;YATO;Czesci_zamienne_YT-82772.pdf;matched_manifest;https://drive.google.com/file/d/1P67XFuci8Sqt5SoH5MKt80r0rj7dM1wB/preview;29404
ZUN-000530;ZY82772-49;O-RING;tworzywo;ø24/ø29/ø2,5mm;ø2,9x0,25;YT-82772;YATO;Czesci_zamienne_YT-82772.pdf;matched_manifest;https://drive.google.com/file/d/1P67XFuci8Sqt5SoH5MKt80r0rj7dM1wB/preview;29409
ZUN-000519;ZY827721-29;O-RING 21*2;;ø17/ø21/ø2mm;ø2,1x0,2;YT-82772;YATO;Czesci_zamienne_YT-82772.pdf;matched_manifest;https://drive.google.com/file/d/1P67XFuci8Sqt5SoH5MKt80r0rj7dM1wB/preview;29446
ZUN-000734;ZY827788-13;WŁĄCZNIK;;JC15-6 42V DC 0,2A JINYUAN;1,6x2,9x6;;;;unknown;;29481
ZUN-000133;ZY827791-01;ŚRUBA LEWOSKRĘTNA;;M6x22;;;;;unknown;;29484
ZUN-000011;ZY827791-08;ŁOŻYSKO KULKOWE 625 1RS;;ø5/ø16/5mm 625 1rs zaokrąglony zewnętrzny pierścień;ø1,6x0,5;;;;unknown;;29490
ZUN-000011;ZY827791-10;ŁOŻYSKO KULKOWE 625 1RS;;ø5/ø16/5mm 625 1rs zaokrąglony zewnętrzny pierścień;ø1,6x0,5;;;;unknown;;29493
ZUN-000734;ZY827791-15;WŁĄCZNIK;;JC15-6 42V DC 0,2A JINYUAN;1,6x2,9x6;;;;unknown;;29495
ZUN-000011;ZY827792-19;ŁOŻYSKO KULKOWE 625 1RS;;ø5/ø16/5mm 625 1rs zaokrąglony zewnętrzny pierścień;ø1,6x0,5;;;;unknown;;29508
ZUN-000011;ZY827792-21;ŁOŻYSKO KULKOWE 625 1RS;;ø5/ø16/5mm 625 1rs zaokrąglony zewnętrzny pierścień;ø1,6x0,5;;;;unknown;;29511
ZUN-000734;ZY827792-28;WŁĄCZNIK;;JC15-6 42V DC 0,2A JINYUAN;1,6x2,9x6;;;;unknown;;29515
ZUN-000063;ZY827793-06;ŁOŻYSKO KULKOWE 6805 2RS;;6805 2RS;;;;;unknown;;29520
ZUN-000734;ZY827793-14;WŁĄCZNIK;;JC15-6 42V DC 0,2A JINYUAN;1,6x2,9x6;;;;unknown;;29522
ZUN-000133;ZY8278001;ŚRUBA M6 lewy gwint 22mm;stal;M6 lewy gwint 22mm;ø1,1x2,5;YT-82780;YATO;Czesci_zamienne_YT-82780.pdf;matched_manifest;https://drive.google.com/file/d/1AaQYj9fdlaeCbvPU6HtTgxUVoK9_XCeW/preview;29530
ZUN-000136;ZY8278002;UCHWYT WIERTARSKI samo zacisk;;"13mm(1/2"")";ø4,3x5,4;YT-82780;YATO;Czesci_zamienne_YT-82780.pdf;matched_manifest;https://drive.google.com/file/d/1AaQYj9fdlaeCbvPU6HtTgxUVoK9_XCeW/preview;29531
ZUN-000554;ZY8278047;ZESPÓŁ WŁĄCZNIKA;;EA-25/Z1 DC 36V 25A 5E4 JIN DING;1,73x4,86x6,19;YT-82780;YATO;Czesci_zamienne_YT-82780.pdf;matched_manifest;https://drive.google.com/file/d/1AaQYj9fdlaeCbvPU6HtTgxUVoK9_XCeW/preview;29538
ZUN-000133;ZY8278201;ŚRUBA M6 lewy gwint 22mm;stal;M6 lewy gwint 22mm;ø1,1x2,5;YT-82782;YATO;Czesci_zamienne_YT-82782.pdf;matched_manifest;https://drive.google.com/file/d/1SqgCGrlbXwi07yVE8TsSlE5o46cWzxw1/preview;29542
ZUN-000136;ZY8278202;UCHWYT WIERTARSKI samo zacisk;;"13mm(1/2"")";ø4,3x5,4;YT-82782;YATO;Czesci_zamienne_YT-82782.pdf;matched_manifest;https://drive.google.com/file/d/1SqgCGrlbXwi07yVE8TsSlE5o46cWzxw1/preview;29543
ZUN-000554;ZY8278247;ZESPÓŁ WŁĄCZNIKA;tworzywo/Aluminium/?;EA-25/Z1 DC 36V 25A 5E4 JIN DING;1,73x4,86x6,19;YT-82782;YATO;Czesci_zamienne_YT-82782.pdf;matched_manifest;https://drive.google.com/file/d/1SqgCGrlbXwi07yVE8TsSlE5o46cWzxw1/preview;29550
ZUN-000133;ZY8278601;ŚRUBA M6 lewy gwint 22mm;stal;M6 lewy gwint 22mm;ø1,1x2,5;YT-82786;YATO;Czesci_zamienne_YT-82786.pdf;matched_manifest;https://drive.google.com/file/d/1Ir3f1gtIwz8fSlNLdgszBbrBTaMgXQ5F/preview;29554
ZUN-000135;ZY8278602;UCHWYT WIERTARSKI samo zacisk;;1,5-13mm (1/2-20UNF) 1/16-1/2;ø4,3x5,9;YT-82786;YATO;Czesci_zamienne_YT-82786.pdf;matched_manifest;https://drive.google.com/file/d/1Ir3f1gtIwz8fSlNLdgszBbrBTaMgXQ5F/preview;29555
ZUN-000554;ZY8278652;ZESPÓŁ WŁĄCZNIKA;tworzywo/Aluminium/?;EA-25/Z1 DC 36V 25A 5E4 JIN DING;1,73x4,86x6,19;YT-82786;YATO;Czesci_zamienne_YT-82786.pdf;matched_manifest;https://drive.google.com/file/d/1Ir3f1gtIwz8fSlNLdgszBbrBTaMgXQ5F/preview;29562
ZUN-000133;ZY8278801;ŚRUBA M6 lewy gwint 22mm;stal;M6 lewy gwint 22mm;ø1,1x2,5;YT-82788;YATO;Czesci_zamienne_YT-82788.pdf;matched_manifest;https://drive.google.com/file/d/1Z6sp_eLycD0eRBqMLLj3vmYjAsJENKgP/preview;29566
ZUN-000135;ZY8278802;UCHWYT WIERTARSKI samo zacisk;;1,5-13mm (1/2-20UNF) 1/16-1/2;ø4,3x5,9;YT-82788;YATO;Czesci_zamienne_YT-82788.pdf;matched_manifest;https://drive.google.com/file/d/1Z6sp_eLycD0eRBqMLLj3vmYjAsJENKgP/preview;29567
ZUN-000554;ZY8278852;ZESPÓŁ WŁĄCZNIKA;tworzywo/Aluminium/?;EA-25/Z1 DC 36V 25A 5E4 JIN DING;1,73x4,86x6,19;YT-82788;YATO;Czesci_zamienne_YT-82788.pdf;matched_manifest;https://drive.google.com/file/d/1Z6sp_eLycD0eRBqMLLj3vmYjAsJENKgP/preview;29575
ZUN-000133;ZY82790-01;ŚRUBA M6 lewy gwint 22mm;stal;M6 lewy gwint 22mm;ø1,1x2,5;;;;unknown;;29579
ZUN-000318;ZY82790-02;UCHWYT WIERTARSKI;;;ø4,2x5,3;;;;unknown;;29580
ZUN-000252;ZY82790-16;KULKA STALOWA ø3mm;;ø3mm;;;;;unknown;;29582
ZUN-000254;ZY82790-19;KULKA STALOWA ø4mm;;ø4mm;;;;;unknown;;29583
ZUN-000254;ZY82790-21;KULKA STALOWA ø4mm;;ø4mm;;;;;unknown;;29585
ZUN-000133;ZY8279401;ŚRUBA M6 lewy gwint 22mm;stal;M6 lewy gwint 22mm;ø1,1x2,5;YT-82794;YATO;Czesci_zamienne_YT-82794.pdf;matched_manifest;https://drive.google.com/file/d/1Ot8Phcy_9uwSGH97qBKFtXkmQGjy8VR8/preview;29596
ZUN-000136;ZY8279402;UCHWYT WIERTARSKI samo zacisk;;"13mm(1/2"")";ø4,3x5,4;YT-82794;YATO;Czesci_zamienne_YT-82794.pdf;matched_manifest;https://drive.google.com/file/d/1Ot8Phcy_9uwSGH97qBKFtXkmQGjy8VR8/preview;29597
ZUN-000133;ZY8279601;ŚRUBA M6 lewy gwint 22mm;stal;M6 lewy gwint 22mm;ø1,1x2,5;YT-82796;YATO;Czesci_zamienne_YT-82796.pdf;matched_manifest;https://drive.google.com/file/d/1IG-5DIJiW39IAClm8peVvJxNR0aQSSZV/preview;29609
ZUN-000135;ZY8279602;UCHWYT WIERTARSKI samo zacisk;;1,5-13mm (1/2-20UNF) 1/16-1/2;ø4,3x5,9/ø4,3x5,4;YT-82796;YATO;Czesci_zamienne_YT-82796.pdf;matched_manifest;https://drive.google.com/file/d/1IG-5DIJiW39IAClm8peVvJxNR0aQSSZV/preview;29610
ZUN-000734;ZY82798-33;WŁĄCZNIK;;JC15-6 42V DC 0,2A JINYUAN;1,6x3,4x6;YT-82798;YATO;Czesci_zamienne_YT-82798.pdf;matched_manifest;https://drive.google.com/file/d/1rzqrbA8GJuGsFXYfFxfXsIttAwC1J9uW/preview;29631
ZUN-000094;ZY8280028;ŁOŻYSKO KULKOWE 6902 2Z;stal;6902 2Z ø15/ø28/7mm;ø2,8x0,7;YT-82800;YATO;Czesci_zamienne_YT-82800.pdf;matched_manifest;https://drive.google.com/file/d/1R4RvX6N4VdKH0ZfBfumINxaxzgg8a-QI/preview;29642
ZUN-000554;ZY8280040;ZESPÓŁ WŁĄCZNIKA;tworzywo/?;EA-25/Z1 DC 36V 25A 5E4 JIN DING;1,73x4,86x6,19;YT-82800;YATO;Czesci_zamienne_YT-82800.pdf;matched_manifest;https://drive.google.com/file/d/1R4RvX6N4VdKH0ZfBfumINxaxzgg8a-QI/preview;29648
ZUN-000734;ZY82802-29;WŁĄCZNIK;;;;YT-82802;YATO;Czesci_zamienne_YT-82802.pdf;matched_manifest;https://drive.google.com/file/d/13WAUxuTodc_65LTLO7T1Jy3mgypowF1P/preview;29662
ZUN-000524;ZY8280406;O-RING;;ø18/ø24/ø3mm;ø2,4x0,3;YT-82804;YATO;Czesci_zamienne_YT-82804.pdf;matched_manifest;https://drive.google.com/file/d/1JKHWJNQJ10ZU4SLqDI_OGowmbzN-OOWA/preview;29669
ZUN-000254;ZY8280412;KULKA STALOWA ø4mm;;ø4mm;;YT-82804;YATO;Czesci_zamienne_YT-82804.pdf;matched_manifest;https://drive.google.com/file/d/1JKHWJNQJ10ZU4SLqDI_OGowmbzN-OOWA/preview;29673
ZUN-000033;ZY8280419;ŁOŻYSKO KULKOWE 6002 2RS;;6002 2RS;ø3,2x0,9;YT-82804;YATO;Czesci_zamienne_YT-82804.pdf;matched_manifest;https://drive.google.com/file/d/1JKHWJNQJ10ZU4SLqDI_OGowmbzN-OOWA/preview;29674
ZUN-000554;ZY8280429;ZESPÓŁ WŁĄCZNIKA;tworzywo/?;EA-25/Z1 DC 36V 25A 5E4 JIN DING;1,73x4,86x6,19;YT-82804;YATO;Czesci_zamienne_YT-82804.pdf;matched_manifest;https://drive.google.com/file/d/1JKHWJNQJ10ZU4SLqDI_OGowmbzN-OOWA/preview;29678
ZUN-000252;ZY82806-03;KULKA STALOWA ø3mm;;ø3mm;;YT-82806;YATO;Czesci_zamienne_YT-82806.pdf;matched_manifest;https://drive.google.com/file/d/1Axwhy_phQDTg_koleDdMPFugFhZEXjr6/preview;29683
ZUN-000254;ZY82806-08;KULKA STALOWA ø4mm;;ø4mm;;YT-82806;YATO;Czesci_zamienne_YT-82806.pdf;matched_manifest;https://drive.google.com/file/d/1Axwhy_phQDTg_koleDdMPFugFhZEXjr6/preview;29684
ZUN-000006;ZY82806-20;ŁOŻYSKO KULKOWE 608 2RS;;608 2RS;ø2,2x0,7;YT-82806;YATO;Czesci_zamienne_YT-82806.pdf;matched_manifest;https://drive.google.com/file/d/1Axwhy_phQDTg_koleDdMPFugFhZEXjr6/preview;29691
ZUN-000015;ZY82806-38;ŁOŻYSKO KULKOWE 627 2RS;;627 2RS;ø2,2x0,7;YT-82806;YATO;Czesci_zamienne_YT-82806.pdf;matched_manifest;https://drive.google.com/file/d/1Axwhy_phQDTg_koleDdMPFugFhZEXjr6/preview;29701
ZUN-000260;ZY828075-11;KULKA STALOWA ø7,14mm;stal;ø7,14mm;;;;;unknown;;29733
ZUN-000254;ZY828075-13;KULKA STALOWA ø4mm;;ø4mm;;;;;unknown;;29735
ZUN-000008;ZY828075-27;ŁOŻYSKO KULKOWE 609 2RS;;609 2RS;ø2,4x0,7;;;;unknown;;29738
ZUN-000003;ZY828075-29;ŁOŻYSKO KULKOWE 607 2Z;;607 2Z;ø1,9x0,6;;;;unknown;;29740
ZUN-000104;ZY8281021;ŁOŻYSKO IGIEŁKOWE HK0808;;HK0808 ø8/ø12/8mm;ø1,2x0,8;YT-82810;YATO;Czesci_zamienne_YT-82810.pdf;matched_manifest;https://drive.google.com/file/d/1QYMIXRxGfxB6zAtdeNaeVWqamf1cmmKG/preview;29773
ZUN-000064;ZY8281028;ŁOŻYSKO KULKOWE 6900 2Z;;6900 2Z;ø2,2x0,6;YT-82810;YATO;Czesci_zamienne_YT-82810.pdf;matched_manifest;https://drive.google.com/file/d/1QYMIXRxGfxB6zAtdeNaeVWqamf1cmmKG/preview;29778
ZUN-000104;ZY8281040;ŁOŻYSKO IGIEŁKOWE HK0808;;HK0808 ø8/ø12/8mm;ø1,2x0,8;YT-82810;YATO;Czesci_zamienne_YT-82810.pdf;matched_manifest;https://drive.google.com/file/d/1QYMIXRxGfxB6zAtdeNaeVWqamf1cmmKG/preview;29784
ZUN-000064;ZY8281042;ŁOŻYSKO KULKOWE 6900 2Z;;6900 2Z;ø2,2x0,6;YT-82810;YATO;Czesci_zamienne_YT-82810.pdf;matched_manifest;https://drive.google.com/file/d/1QYMIXRxGfxB6zAtdeNaeVWqamf1cmmKG/preview;29785
ZUN-000573;ZY82812-035;WŁĄCZNIK;;KR50/1 13(13)A 250V 16A 36CDC;1x2,2x3,75;YT-82812;YATO;Czesci_zamienne_YT-82812.pdf;matched_manifest;https://drive.google.com/file/d/1oU9x31rtEbs4RDgd_AIBpwFd_QJkgpdU/preview;29821
ZUN-000573;ZY82812-125;WŁĄCZNIK;;KR50/1 13(13)A 250V 16A 36CDC;1x2,2x3,75;YT-82812;YATO;Czesci_zamienne_YT-82812.pdf;matched_manifest;https://drive.google.com/file/d/1oU9x31rtEbs4RDgd_AIBpwFd_QJkgpdU/preview;29828
ZUN-000243;ZY82812-129;KLIN;stal;3/3/8mm;0,3x0,3x0,8;YT-82812;YATO;Czesci_zamienne_YT-82812.pdf;matched_manifest;https://drive.google.com/file/d/1oU9x31rtEbs4RDgd_AIBpwFd_QJkgpdU/preview;29831
ZUN-000065;ZY828133-02;ŁOŻYSKO KULKOWE 6900 2RS;;6900 2RS (61900 2RS) ø10/ ø22/ 6mm;ø2,2x0,6;YT-82813;YATO;Czesci_zamienne_YT-82813.pdf;matched_manifest;https://drive.google.com/file/d/1jhRArf6VNtCS9zt9O13YihqQrAwyfz80/preview;29854
ZUN-000029;ZY828133-03;ŁOŻYSKO KULKOWE 6000 2RS;;6000 2RS;ø2,6x0,8;YT-82813;YATO;Czesci_zamienne_YT-82813.pdf;matched_manifest;https://drive.google.com/file/d/1jhRArf6VNtCS9zt9O13YihqQrAwyfz80/preview;29855
ZUN-000028;ZY828135-14;ŁOŻYSKO KULKOWE 6000 2Z;;6000 2Z;ø2,6x0,8;YT-82813;YATO;Czesci_zamienne_YT-82813.pdf;matched_manifest;https://drive.google.com/file/d/1jhRArf6VNtCS9zt9O13YihqQrAwyfz80/preview;29881
ZUN-000241;ZY828135-15;KLIN CZÓŁENKOWY;;;0,3x0,4x0,9;YT-82813;YATO;Czesci_zamienne_YT-82813.pdf;matched_manifest;https://drive.google.com/file/d/1jhRArf6VNtCS9zt9O13YihqQrAwyfz80/preview;29882
ZUN-000005;ZY828135-18;ŁOŻYSKO KULKOWE 608 2Z;;608 2Z;ø2,2x0,7;YT-82813;YATO;Czesci_zamienne_YT-82813.pdf;matched_manifest;https://drive.google.com/file/d/1jhRArf6VNtCS9zt9O13YihqQrAwyfz80/preview;29885
ZUN-000005;ZY828135-41;ŁOŻYSKO KULKOWE 608 2Z;;608 2Z;ø2,2x0,7;YT-82813;YATO;Czesci_zamienne_YT-82813.pdf;matched_manifest;https://drive.google.com/file/d/1jhRArf6VNtCS9zt9O13YihqQrAwyfz80/preview;29891
ZUN-000028;ZY8281413;ŁOŻYSKO KULKOWE 6000 2Z;;6000 2Z;ø2,6x0,8;YT-82814;YATO;Czesci_zamienne_YT-82814.pdf;matched_manifest;https://drive.google.com/file/d/1lqqdS-MHBKAMYwmz-fGR57o-vqCC-xps/preview;29928
ZUN-000064;ZY8281425;ŁOŻYSKO KULKOWE 6900 2Z;;6900 2Z;ø2,2x0,6;YT-82814;YATO;Czesci_zamienne_YT-82814.pdf;matched_manifest;https://drive.google.com/file/d/1lqqdS-MHBKAMYwmz-fGR57o-vqCC-xps/preview;29936
ZUN-000554;ZY8281439;WŁĄCZNIK;;;;YT-82814;YATO;Czesci_zamienne_YT-82814.pdf;matched_manifest;https://drive.google.com/file/d/1lqqdS-MHBKAMYwmz-fGR57o-vqCC-xps/preview;29947
ZUN-000031;ZY82816-032;ŁOŻYSKO KULKOWE 6001 2RS;;6001 2RS;ø3,2x0,9;YT-82816;YATO;Czesci_zamienne_YT-82816.pdf;matched_manifest;https://drive.google.com/file/d/1ydCkfzNtphjfzoQs9jsJtI5sNLiJ8ztW/preview;29956
ZUN-000183;ZY82816-037;TULEJA MOSIĘŻNA;mosiądz;ø8/ø12/10mm;ø1,2x1;YT-82816;YATO;Czesci_zamienne_YT-82816.pdf;matched_manifest;https://drive.google.com/file/d/1ydCkfzNtphjfzoQs9jsJtI5sNLiJ8ztW/preview;29960
ZUN-000029;ZY82816-043;ŁOŻYSKO KULKOWE 6000 2RS;;6000 2RS;ø2,6x0,8;YT-82816;YATO;Czesci_zamienne_YT-82816.pdf;matched_manifest;https://drive.google.com/file/d/1ydCkfzNtphjfzoQs9jsJtI5sNLiJ8ztW/preview;29962
ZUN-000004;ZY82816-046;ŁOŻYSKO KULKOWE 607 2RS;;607 2RS;ø1,9x0,6;YT-82816;YATO;Czesci_zamienne_YT-82816.pdf;matched_manifest;https://drive.google.com/file/d/1ydCkfzNtphjfzoQs9jsJtI5sNLiJ8ztW/preview;29964
ZUN-000601;ZY82816-047;OSŁONA ŁOŻYSKA;tworzywo;ø12,3/ø19/ø21,1/9mm;ø2,21x0,9;YT-82816;YATO;Czesci_zamienne_YT-82816.pdf;matched_manifest;https://drive.google.com/file/d/1ydCkfzNtphjfzoQs9jsJtI5sNLiJ8ztW/preview;29965
ZUN-000254;ZY8281817;KULKA STALOWA;;ø4mm;ø0,4;YT-82818;YATO;Czesci_zamienne_YT-82818.pdf;matched_manifest;https://drive.google.com/file/d/1jb6xZUpNroF4sxXoshSmx7wwGcKMq7Im/preview;29983
ZUN-000060;ZY8281819;ŁOŻYSKO KULKOWE 6804 2Z;;6804 2Z;ø3,2x0,7;YT-82818;YATO;Czesci_zamienne_YT-82818.pdf;matched_manifest;https://drive.google.com/file/d/1jb6xZUpNroF4sxXoshSmx7wwGcKMq7Im/preview;29985
ZUN-000631;ZY8281820;PIERŚCIEŃ USTALAJĄCY;stal;a-29,6mm/b-34,4mm/c-1,2mm;0,1x3,2x3,4;YT-82818;YATO;Czesci_zamienne_YT-82818.pdf;matched_manifest;https://drive.google.com/file/d/1jb6xZUpNroF4sxXoshSmx7wwGcKMq7Im/preview;29986
ZUN-000064;ZY8281825;ŁOŻYSKO KULKOWE 6900 2Z;;6900 2Z;ø2,2x0,6;YT-82818;YATO;Czesci_zamienne_YT-82818.pdf;matched_manifest;https://drive.google.com/file/d/1jb6xZUpNroF4sxXoshSmx7wwGcKMq7Im/preview;29991
ZUN-000021;ZY8281828;ŁOŻYSKO KULKOWE 684 2Z;;684 2Z ø4/ø9/4mm;ø0,9x0,4;YT-82818;YATO;Czesci_zamienne_YT-82818.pdf;matched_manifest;https://drive.google.com/file/d/1jb6xZUpNroF4sxXoshSmx7wwGcKMq7Im/preview;29994
ZUN-000092;ZY8281830;ŁOŻYSKO KULKOWE zaokrąglone brzegi;;ø0,7/ø1,9/6;ø1,9x0,6;YT-82818;YATO;Czesci_zamienne_YT-82818.pdf;matched_manifest;https://drive.google.com/file/d/1jb6xZUpNroF4sxXoshSmx7wwGcKMq7Im/preview;29995
ZUN-000254;ZY8282224;KULKA STALOWA;;ø4mm;ø0,4;YT-82822;YATO;Czesci_zamienne_YT-82822.pdf;matched_manifest;https://drive.google.com/file/d/1SFwR-AoUlLd11UvgV0MmFVjHkbOFmTeO/preview;30022
ZUN-000040;ZY8282610;ŁOŻYSKO KULKOWE 6201 2Z;stal;6201 2Z;ø3,2x1;YT-82826;YATO;Czesci_zamienne_YT-82826.pdf;matched_manifest;https://drive.google.com/file/d/1nqc2kW4SR4S5WWZpmzWtYagCZ7t7yaCq/preview;30065
ZUN-000105;ZY8282613;ŁOŻYSKO IGIEŁKOWE HK0810;stal;HK0810 ø8/ø12/10mm;ø1,2x1;YT-82826;YATO;Czesci_zamienne_YT-82826.pdf;matched_manifest;https://drive.google.com/file/d/1nqc2kW4SR4S5WWZpmzWtYagCZ7t7yaCq/preview;30067
ZUN-000100;ZY8282619;ŁOŻYSKO IGIEŁKOWE HK0607;stal;HK0607 ø6/ø10/7mm;ø1x0,7;YT-82826;YATO;Czesci_zamienne_YT-82826.pdf;matched_manifest;https://drive.google.com/file/d/1nqc2kW4SR4S5WWZpmzWtYagCZ7t7yaCq/preview;30072
ZUN-000028;ZY8282622;ŁOŻYSKO KULKOWE 6000 2Z;;6000 2Z;ø2,6x0,8;YT-82826;YATO;Czesci_zamienne_YT-82826.pdf;matched_manifest;https://drive.google.com/file/d/1nqc2kW4SR4S5WWZpmzWtYagCZ7t7yaCq/preview;30075
ZUN-000241;ZY82829-05;KLIN CZÓŁENKOWY;;;0,3x0,4x0,9;YT-82829;YATO;Czesci_zamienne_YT-82829.pdf;matched_manifest;https://drive.google.com/file/d/1BBW6gYdjwnWIIrbhrVStJZLCtJlYyxQ2/preview;30098
ZUN-000105;ZY82829-14;ŁOŻYSKO IGIEŁKOWE HK0810;;HK0810 ø8/ø12/10mm;ø1,2x1;YT-82829;YATO;Czesci_zamienne_YT-82829.pdf;matched_manifest;https://drive.google.com/file/d/1BBW6gYdjwnWIIrbhrVStJZLCtJlYyxQ2/preview;30101
ZUN-000041;ZY828294-06;ŁOŻYSKO KULKOWE 6201 2RS;;6201 2RS;ø3,2x1;YT-82829;YATO;Czesci_zamienne_YT-82829.pdf;matched_manifest;https://drive.google.com/file/d/1BBW6gYdjwnWIIrbhrVStJZLCtJlYyxQ2/preview;30122
ZUN-000104;ZY828294-11;ŁOŻYSKO IGIEŁKOWE HK0808;;HK0808 ø8/ø12/8mm;ø1,2x0,8;YT-82829;YATO;Czesci_zamienne_YT-82829.pdf;matched_manifest;https://drive.google.com/file/d/1BBW6gYdjwnWIIrbhrVStJZLCtJlYyxQ2/preview;30125
ZUN-000006;ZY828294-20;ŁOŻYSKO KULKOWE 608 2RS;;608 2RS;ø2,2x0,7;YT-82829;YATO;Czesci_zamienne_YT-82829.pdf;matched_manifest;https://drive.google.com/file/d/1BBW6gYdjwnWIIrbhrVStJZLCtJlYyxQ2/preview;30131
ZUN-000004;ZY828294-24;ŁOŻYSKO KULKOWE 607 2RS;;607 2RS;ø1,9x0,6;YT-82829;YATO;Czesci_zamienne_YT-82829.pdf;matched_manifest;https://drive.google.com/file/d/1BBW6gYdjwnWIIrbhrVStJZLCtJlYyxQ2/preview;30134
ZUN-000099;ZY8283245;ŁOŻYSKO IGIEŁKOWE HK0609;;HK0609 ø6/ø10/9mm;ø1x0,9;YT-82832;YATO;Czesci_zamienne_YT-82832.pdf;matched_manifest;https://drive.google.com/file/d/1nQMy8e7E8iw4y2NSvBvxwsLWKT5IlFbc/preview;30192
ZUN-000064;ZY8283603;ŁOŻYSKO KULKOWE 6900 2Z;;6900 2Z;ø2,2x0,6;;;;unknown;;30276
ZUN-000064;ZY828377-25;ŁOŻYSKO KULKOWE 6900 2Z;;6900 2Z;ø2,2x0,6;;;;unknown;;30324
ZUN-000001;ZY828377-30;ŁOŻYSKO KULKOWE 606 2Z;;606 2Z;ø1,7x0,6;;;;unknown;;30327
ZUN-000177;ZY8285111;WŁĄCZNIK;;FA05-16/1 WEK 16A 5E4 RongDa //FA05-16/1 WEK 16A 5E4 Hao Qiang// FA021A-56 7.2-24V Jlevel;2,2x3,62x6,05;;;;unknown;;30422
ZUN-000295;ZY8285113;AKUMULATOR;;10,8V 1500mAh Li-jon (yt-82857 sklep);4,7x5x8;;;;unknown;;30423
ZUN-000252;ZY8285116;KULKA STALOWA;;ø3mm;ø0,3;;;;unknown;;30426
ZUN-000132;ZY8285301;ŚRUBA M5 lewy gwint 25mm;;M5 lewy gwint 25mm;ø0,9x2,4;YT-82853;YATO;Czesci_zamienne_YT-82853.pdf;matched_manifest;https://drive.google.com/file/d/1IaSSvtR-CL1GMQdcM3TdRKOmWhH13iFJ/preview;30430
ZUN-000541;ZY82854-30;MIKROWŁĄCZNIK;;JHWD-1 5(2)A 250VT85;0,65x1,55x1,97;YT-82854;YATO;Czesci_zamienne_YT-82854.pdf;matched_manifest;https://drive.google.com/file/d/1k8fNQNL1_WNUEfIGqvsX33G7TqQ0napQ/preview;30456
ZUN-000132;ZY8285501;ŚRUBA M5 lewy gwint 25mm;;M5 lewy gwint 25mm;ø0,9x2,4;YT-82855;YATO;Czesci_zamienne_YT-82855.pdf;matched_manifest;https://drive.google.com/file/d/1K-9aZ83FrCFkKjsFz1bEqEX4MiX3n52I/preview;30457
ZUN-000644;ZY82880-02;USZCZELKA OLEJOWA simmering;tworzywo/stal;ø22/ø32/7mm;ø3,2x0,7;YT-82880;YATO;Czesci_zamienne_YT-82880.pdf;matched_manifest;https://drive.google.com/file/d/1Vob69gUtFDErxcgnHxaS8LCjnXY7dxJ8/preview;30470
ZUN-000033;ZY82880-03;ŁOŻYSKO KULKOWE 6002 2RS;;6002 2RS;ø3,2x0,9;YT-82880;YATO;Czesci_zamienne_YT-82880.pdf;matched_manifest;https://drive.google.com/file/d/1Vob69gUtFDErxcgnHxaS8LCjnXY7dxJ8/preview;30471
ZUN-000105;ZY82880-09;ŁOŻYSKO IGIEŁKOWE HK0810;;HK0810 ø8/ø12/10mm;ø1,2x1;YT-82880;YATO;Czesci_zamienne_YT-82880.pdf;matched_manifest;https://drive.google.com/file/d/1Vob69gUtFDErxcgnHxaS8LCjnXY7dxJ8/preview;30473
ZUN-000012;ZY82880-21;ŁOŻYSKO KULKOWE 626 2Z;;626 2Z;ø1,9x0,6;YT-82880;YATO;Czesci_zamienne_YT-82880.pdf;matched_manifest;https://drive.google.com/file/d/1Vob69gUtFDErxcgnHxaS8LCjnXY7dxJ8/preview;30479
ZUN-000003;ZY82880-27;ŁOŻYSKO KULKOWE 607 2Z;;607 2Z;ø1,9x0,6;YT-82880;YATO;Czesci_zamienne_YT-82880.pdf;matched_manifest;https://drive.google.com/file/d/1Vob69gUtFDErxcgnHxaS8LCjnXY7dxJ8/preview;30482
ZUN-000543;ZY82888-20;MIKROPRZEŁĄCZNIK;;MSU-1210 5(2)A 250V JIABEN;0,65x1,6x1,98;YT-82888;YATO;Czesci_zamienne_YT-82888.pdf;matched_manifest;https://drive.google.com/file/d/1sriFcx-7jgp2ZkwU7xhY6z3GDSTKudpf/preview;30496
ZUN-000060;ZY8290004;ŁOŻYSKO KULKOWE 6804 2Z;;6804 2Z;ø3,2x0,7;YT-82900;YATO;Czesci_zamienne_YT-82900.pdf;matched_manifest;https://drive.google.com/file/d/10Dzbh8F8jtMOC9LP0UFrdFi8K6z1iHaN/preview;30535
ZUN-000115;ZY8290009;ŁOŻYSKO IGIEŁKOWE HK162210;;HK162210 ø16/ø22/10mm;ø2,2x1;YT-82900;YATO;Czesci_zamienne_YT-82900.pdf;matched_manifest;https://drive.google.com/file/d/10Dzbh8F8jtMOC9LP0UFrdFi8K6z1iHaN/preview;30540
ZUN-000092;ZY8290017;ŁOŻYSKO KULKOWE zaokrąglone brzegi;;ø0,7/ø1,9/6;ø1,9x0,6;YT-82900;YATO;Czesci_zamienne_YT-82900.pdf;matched_manifest;https://drive.google.com/file/d/10Dzbh8F8jtMOC9LP0UFrdFi8K6z1iHaN/preview;30543
ZUN-000295;ZY8290025;AKUMULATOR;;10,8V 1500mAh Li-jon (yt-82857 sklep);4,7x5x8;YT-82900;YATO;Czesci_zamienne_YT-82900.pdf;matched_manifest;https://drive.google.com/file/d/10Dzbh8F8jtMOC9LP0UFrdFi8K6z1iHaN/preview;30549
ZUN-000127;ZY82901-18;ŁADOWARKA;;12V 1500mA 230V 25W / yt-82912;7x10x12;YT-82901;YATO;Czesci_zamienne_YT-82901.pdf;matched_manifest;https://drive.google.com/file/d/1q11dVr7zr6s4V_JFuuCsmQj8z7dLBcGd/preview;30560
ZUN-000127;ZY82902-16;ŁADOWARKA;;12V 1500mA 230V 25W / yt-82912;7x10x12;YT-82902;YATO;Czesci_zamienne_YT-82902.pdf;matched_manifest;https://drive.google.com/file/d/1K5tgXC-ogVju-enXG9xoZ3dr48utMYuN/preview;30571
ZUN-000127;ZY82903-13;ŁADOWARKA;;12V 1500mA 230V 25W / yt-82912;7x10x12;YT-82903;YATO;Czesci_zamienne_YT-82903.pdf;matched_manifest;https://drive.google.com/file/d/1rt1soBZBKC2Glm-UHbIZcNNru_Z3A4Om/preview;30580
ZUN-000005;ZY82904-04;ŁOŻYSKO KULKOWE 608 2Z;;608 2Z;ø2,2x0,7;YT-82904;YATO;Czesci_zamienne_YT-82904.pdf;matched_manifest;https://drive.google.com/file/d/1QMHQ-LO-4Qign9-X8avXzdxlTWz1Yt8n/preview;30585
ZUN-000033;ZY82904-13;ŁOŻYSKO KULKOWE 6002 2RS;;6002 2RS;ø3,2x0,9;YT-82904;YATO;Czesci_zamienne_YT-82904.pdf;matched_manifest;https://drive.google.com/file/d/1QMHQ-LO-4Qign9-X8avXzdxlTWz1Yt8n/preview;30593
ZUN-000127;ZY82904-1A;ŁADOWARKA;;12V 1500mA 230V 25W / yt-82912;7x10x12;YT-82904;YATO;Czesci_zamienne_YT-82904.pdf;matched_manifest;https://drive.google.com/file/d/1QMHQ-LO-4Qign9-X8avXzdxlTWz1Yt8n/preview;30597
ZUN-000241;ZY82920-12;KLIN CZÓŁENKOWY;;;0,3x0,4x0,9;YT-82920;YATO;Czesci_zamienne_YT-82920.pdf;matched_manifest;https://drive.google.com/file/d/1Ya20OEdUIP-IOdAW_PtjVwokKw7RGskq/preview;30618
ZUN-000105;ZY82920-21;ŁOŻYSKO IGIEŁKOWE HK0810;;HK0810 ø8/ø12/10mm;ø1,2x1;YT-82920;YATO;Czesci_zamienne_YT-82920.pdf;matched_manifest;https://drive.google.com/file/d/1Ya20OEdUIP-IOdAW_PtjVwokKw7RGskq/preview;30623
ZUN-000621;ZY82922-14;PIERŚCIEŃ USTALAJĄCY Seger zewnętrzny;stal;a-7,3mm/ b-11,8mm/ c-0,8mm;0,08x1x1,2;YT-82922;YATO;Czesci_zamienne_YT-82922.pdf;matched_manifest;https://drive.google.com/file/d/1GZS4IZeUBPR6u1yyLla8_GkPFujKjRpt/preview;30655
ZUN-000005;ZY82922-15;ŁOŻYSKO KULKOWE 608 2Z;;608 2Z;ø2,2x0,7;YT-82922;YATO;Czesci_zamienne_YT-82922.pdf;matched_manifest;https://drive.google.com/file/d/1GZS4IZeUBPR6u1yyLla8_GkPFujKjRpt/preview;30656
ZUN-000037;ZY82922-26;ŁOŻYSKO KULKOWE 6005 2RS;;6005 2RS;ø4,7x1,2;YT-82922;YATO;Czesci_zamienne_YT-82922.pdf;matched_manifest;https://drive.google.com/file/d/1GZS4IZeUBPR6u1yyLla8_GkPFujKjRpt/preview;30660
ZUN-000251;ZY82924-10;KLIN;stal;;0,3x0,3x1,2;;;;unknown;;30669
ZUN-000297;ZY8293015;AKUMULATOR;;18V 3000mAh Li-jon (YT-82932 sklep);7,5x8,5x11,5;YT-82930;YATO;Czesci_zamienne_YT-82930.pdf;matched_manifest;https://drive.google.com/file/d/1XQ7MNekBbkoiKhvleW-YHeEETGzf_Ifb/preview;30694
ZUN-000524;ZY8293103;O-RING;;ø18/ø24/ø3mm;ø2,4x0,3;;;;unknown;;30698
ZUN-000297;ZY8293115;AKUMULATOR;;18V 3000mAh Li-jon (YT-82932 sklep);7,5x8,5x11,5;;;;unknown;;30708
ZUN-000108;ZY82955-07-05;ŁOŻYSKO IGIEŁKOWE HK1010;;HK1010;ø1,4x1;YT-82955;YATO;Czesci_zamienne_YT-82955.pdf;matched_manifest;https://drive.google.com/file/d/1toxo1ZYJk8-dJ4xWQdRSengMMYPsXKFX/preview;30739
ZUN-000252;ZY82955-27;KULKA Φ3;;;;YT-82955;YATO;Czesci_zamienne_YT-82955.pdf;matched_manifest;https://drive.google.com/file/d/1toxo1ZYJk8-dJ4xWQdRSengMMYPsXKFX/preview;30758
ZUN-000567;ZY8304A07;WŁĄCZNIK z podświetleniem;;RK1-01 16(6)A 250V T100/55 SOKEN;2,5x3,2x3,8;;;;unknown;;30799
ZUN-000547;ZY8304A08;PRZEŁĄCZNIK;;RK1-11 16(6)A T100/55 SOKEN;1,36x3,05x3,65;;;;unknown;;30800
ZUN-000567;ZY8305A07;WŁĄCZNIK z podświetleniem;;RK1-01 16(6)A 250V T100/55 SOKEN;2,5x3,2x3,8;;;;unknown;;30810
ZUN-000547;ZY8305A08;PRZEŁĄCZNIK;;RK1-11 16(6)A T100/55 SOKEN;1,36x3,05x3,65;;;;unknown;;30811
ZUN-000547;ZY8305A09;PRZEŁĄCZNIK;;RK1-11 16(6)A T100/55 SOKEN;1,36x3,05x3,65;;;;unknown;;30812
ZUN-000699;ZY8305139;MOSTEK PROSTOWNICZY;aluminium;KBPC3510;2,2x2,8x2,8;;;;unknown;;30827
ZUN-000699;ZY8305239;MOSTEK PROSTOWNICZY;aluminium;KBPC3510;2,2x2,8x2,8;;;;unknown;;30836
ZUN-000567;ZY8306010;WŁĄCZNIK z podświetleniem;;JD03-A1 25A lub 16A 250V T85/55 1E4 JIN DING;2,5x3,2x3,8;YT-83060;YATO;Czesci_zamienne_YT-83060.pdf;matched_manifest;https://drive.google.com/file/d/1YqQmAWbJSKhlu8UV6gS-jPF4TLUwnFYS/preview;30844
ZUN-000163;ZY84660-A05;ŚWIECA ZAPŁONOWA;stal/porcelana;L8RTF LD NHSP;1,9x2,1x5,35;;;;unknown;;30892
ZUN-000662;ZY84660-A06-05;TRZPIEŃ TŁOKA sworzeń;stal;ø6,6/ø10/35,8mm;ø1x3,6;;;;unknown;;30895
ZUN-000605;ZY84660-A06-06;PIERŚCIEŃ ZABEZPIECZAJĄCY;stal;b-11,5mm/ c-1mm;0,1x1x1,15;;;;unknown;;30896
ZUN-000157;ZY84660-A12;USZCZELKA OLEJOWA simmering;stal/tworzywo;ø12/ø22/7mm;ø2,2x0,7;;;;unknown;;30901
ZUN-000156;ZY84660-A14;USZCZELKA OLEJOWA simmering;tworzywo/stal;ø15/ø30/7mm;ø3x0,7;;;;unknown;;30906
ZUN-000169;ZY84660-B04;PODKŁADKA STARTERA;Aluminium;;0,1x8,2x9,5;;;;unknown;;30912
ZUN-000003;ZY84790-09;ŁOŻYSKO KULKOWE 607 2Z;;607 2Z;ø1,9x0,6;YT-84790;YATO;Czesci_zamienne_YT-84790.pdf;matched_manifest;https://drive.google.com/file/d/1LZUBRVJF_aATWR-rCyHnYawz6xe0zotJ/preview;30945
ZUN-000005;ZY84790-15;ŁOŻYSKO KULKOWE 608 2Z;;608 2Z;ø2,2x0,7;YT-84790;YATO;Czesci_zamienne_YT-84790.pdf;matched_manifest;https://drive.google.com/file/d/1LZUBRVJF_aATWR-rCyHnYawz6xe0zotJ/preview;30949
ZUN-000005;ZY84800-18;ŁOŻYSKO KULKOWE 608 2Z;;608 2Z;ø2,2x0,7;YT-84800;YATO;Czesci_zamienne_YT-84800.pdf;matched_manifest;https://drive.google.com/file/d/1rWd42FhIVO70nHvaP1K6fF5BjvUfD8-n/preview;30966
ZUN-000245;ZY84800-20;KLIN;;;;YT-84800;YATO;Czesci_zamienne_YT-84800.pdf;matched_manifest;https://drive.google.com/file/d/1rWd42FhIVO70nHvaP1K6fF5BjvUfD8-n/preview;30968
ZUN-000028;ZY84800-22;ŁOŻYSKO KULKOWE 6000 2Z;;6000 2Z;ø2,6x0,8;YT-84800;YATO;Czesci_zamienne_YT-84800.pdf;matched_manifest;https://drive.google.com/file/d/1rWd42FhIVO70nHvaP1K6fF5BjvUfD8-n/preview;30970
ZUN-000003;ZY84800-30;ŁOŻYSKO KULKOWE 607 2Z;;607 2Z;ø1,9x0,6;YT-84800;YATO;Czesci_zamienne_YT-84800.pdf;matched_manifest;https://drive.google.com/file/d/1rWd42FhIVO70nHvaP1K6fF5BjvUfD8-n/preview;30975
ZUN-000084;ZY84820-A02;ŁOŻYSKO KULKOWE 6203 bez osłon;;6203 bez osłon;ø4x1,2;YT-84820;YATO;Czesci_zamienne_YT-84820.pdf;matched_manifest;https://drive.google.com/file/d/1NSBfjcM8KKQta2yljmm7WsquIy68rJ8U/preview;30982
ZUN-000548;ZY84820-A07;WŁĄCZNIK 0 zwarty;tworzywo/stal/?;KCD3 6(3)A 250V T85;1,5x2,13x2,67;YT-84820;YATO;Czesci_zamienne_YT-84820.pdf;matched_manifest;https://drive.google.com/file/d/1NSBfjcM8KKQta2yljmm7WsquIy68rJ8U/preview;30985
ZUN-000606;ZY84820-B02;PIERŚCIEŃ ZABEZPIECZAJĄCY;stal;b-15mm/ c-1mm;0,1x1,3x1,5;YT-84820;YATO;Czesci_zamienne_YT-84820.pdf;matched_manifest;https://drive.google.com/file/d/1NSBfjcM8KKQta2yljmm7WsquIy68rJ8U/preview;30988
ZUN-000043;ZY84820-L10;ŁOŻYSKO KULKOWE 6202 2RS;;6202 2RS;ø3,5x1,1;YT-84820;YATO;Czesci_zamienne_YT-84820.pdf;matched_manifest;https://drive.google.com/file/d/1NSBfjcM8KKQta2yljmm7WsquIy68rJ8U/preview;31037
ZUN-000006;ZY84840-110;ŁOŻYSKO KULKOWE 608 2RS;;608 2RS;ø2,2x0,7;YT-84840;YATO;Czesci_zamienne_YT-84840.pdf;matched_manifest;https://drive.google.com/file/d/1qBh26sCCdkcE7b2OzEdq9NuqQxVB_CxF/preview;31059
ZUN-000065;ZY84840-112;ŁOŻYSKO KULKOWE 6900 2RS;;6900 2RS (61900 2RS) ø10/ ø22/ 6mm;ø2,2x0,6;YT-84840;YATO;Czesci_zamienne_YT-84840.pdf;matched_manifest;https://drive.google.com/file/d/1qBh26sCCdkcE7b2OzEdq9NuqQxVB_CxF/preview;31061
ZUN-000101;ZY84840-116;ŁOŻYSKO IGIEŁKOWE HK0608;;HK0608 ø6/ø10/8mm;ø1x0,8;YT-84840;YATO;Czesci_zamienne_YT-84840.pdf;matched_manifest;https://drive.google.com/file/d/1qBh26sCCdkcE7b2OzEdq9NuqQxVB_CxF/preview;31062
ZUN-000005;ZY84840-119;ŁOŻYSKO KULKOWE 608 2Z;;608 2Z;ø2,2x0,7;YT-84840;YATO;Czesci_zamienne_YT-84840.pdf;matched_manifest;https://drive.google.com/file/d/1qBh26sCCdkcE7b2OzEdq9NuqQxVB_CxF/preview;31064
ZUN-000029;ZY84840-127;ŁOŻYSKO KULKOWE 6000 2RS;;6000 2RS;ø2,6x0,8;YT-84840;YATO;Czesci_zamienne_YT-84840.pdf;matched_manifest;https://drive.google.com/file/d/1qBh26sCCdkcE7b2OzEdq9NuqQxVB_CxF/preview;31068
ZUN-000033;ZY84840-129;ŁOŻYSKO KULKOWE 6002 2RS;;6002 2RS;ø3,2x0,9;YT-84840;YATO;Czesci_zamienne_YT-84840.pdf;matched_manifest;https://drive.google.com/file/d/1qBh26sCCdkcE7b2OzEdq9NuqQxVB_CxF/preview;31071
ZUN-000452;ZY84850-004;NAKRĘTKA SAMOKONTRUJĄCA M8;;M8 samokontrująca;0,7x1,3x1,5;;;;unknown;;31085
ZUN-000005;ZY84850-109;ŁOŻYSKO KULKOWE 608 2Z;;608 2Z;ø2,2x0,7;;;;unknown;;31094
ZUN-000028;ZY84850-119;ŁOŻYSKO KULKOWE 6000 2Z;;6000 2Z;ø2,6x0,8;;;;unknown;;31098
ZUN-000660;ZY84860-018;TRZPIEŃ TŁOKA sworzeń;stal;ø13,8/ø18/53,8mm;ø1,8x5,38;YT-84860;YATO;Czesci_zamienne_YT-84860.pdf;matched_manifest;https://drive.google.com/file/d/1dNAtL2PnFEBGezzAyPYlgxrr7P_odxRU/preview;31117
ZUN-000611;ZY84860-019;ZABEZPIECZENIE TRZPIEŃIA;stal;a-18/b-20/c-1mm;ø1,96x0,01;YT-84860;YATO;Czesci_zamienne_YT-84860.pdf;matched_manifest;https://drive.google.com/file/d/1dNAtL2PnFEBGezzAyPYlgxrr7P_odxRU/preview;31118
ZUN-000593;ZY84860-078;ŚWIECA ZAPŁONOWA;stal/porcelana;F7RTC;2x2,3x8;YT-84860;YATO;Czesci_zamienne_YT-84860.pdf;matched_manifest;https://drive.google.com/file/d/1dNAtL2PnFEBGezzAyPYlgxrr7P_odxRU/preview;31132
ZUN-000690;ZY84860-36;KLIN CZÓŁENKOWY;stal;;0,4x0,6x1,5;YT-84860;YATO;Czesci_zamienne_YT-84860.pdf;matched_manifest;https://drive.google.com/file/d/1dNAtL2PnFEBGezzAyPYlgxrr7P_odxRU/preview;31147
ZUN-000217;ZY84877-107;MIKRO PRZEŁĄCZNIK;;MSB-1210A 10(10)A 190455;1x2,2x3,8;YT-84877;YATO;Czesci_zamienne_YT-84877.pdf;matched_manifest;https://drive.google.com/file/d/1FZwZh20jllg8h16oY0oPudlqI3yN_26R/preview;31248
ZUN-000251;ZY84877-136;KLIN;;;0,3x0,3x1,2;YT-84877;YATO;Czesci_zamienne_YT-84877.pdf;matched_manifest;https://drive.google.com/file/d/1FZwZh20jllg8h16oY0oPudlqI3yN_26R/preview;31254
ZUN-000163;ZY84893-022;ŚWIECA ZAPŁONOWA;stal/porcelana;L8RTF LD NHSP;1,9x2,1x5,35;YT-84893;YATO;Czesci_zamienne_YT-84893.pdf;matched_manifest;https://drive.google.com/file/d/1EFKAL9JPB7qzQ-e2LPiyjoqNxi9npFWU/preview;31277
ZUN-000700;ZY84895-A22;FILTR PALIWA;;;ø1,4x3,1;;;;unknown;;31329
ZUN-000570;ZY84895-A26;WŁĄCZNIK 0 zwarty;;KCD8 6(3)A 250V T85;ø2,34x2,86;;;;unknown;;31331
ZUN-000701;ZY84895-B19;NAPINACZ;;;ø0,8x1,7;;;;unknown;;31333
ZUN-000704;ZY84895-B20;ŚRUBA NAPINACZA;;;ø1x5,8;;;;unknown;;31335
ZUN-000702;ZY84895-B21;PRZEKŁADNIA NAPINACZA;;;ø1,1x2;;;;unknown;;31336
ZUN-000163;ZY84895-G07;ŚWIECA ZAPŁONOWA;stal/porcelana;L8RTF LD NHSP;1,9x2,1x5,35;;;;unknown;;31351
ZUN-000523;ZY84895-G17;O-RING;;ø20/ø24/ø2mm;ø2,4x0,2;;;;unknown;;31356
ZUN-000241;ZY84895-H02;KLIN CZÓŁENKOWY;;;0,3x0,4x0,9;;;;unknown;;31358
ZUN-000661;ZY84895-H07;TRZPIEŃ TŁOKA sworzeń;stal;ø5,9/ø10/32mm;ø1x3,2;;;;unknown;;31362
ZUN-000157;ZY84895-J01;USZCZELKA OLEJOWA simmering;stal/tworzywo;ø12/ø22/7mm;ø2,2x0,7;;;;unknown;;31364
ZUN-000080;ZY84895-J03;ŁOŻYSKO KULKOWE 6201 bez osłon;;6201 bez osłon;ø3,2x1;;;;unknown;;31366
ZUN-000130;ZY84895-J11;SZPILKA M8/42mm;stal;M8/42mm;ø0,8x4,2;;;;unknown;;31368
ZUN-000308;ZY84900042;AMORTYZATOR;;;ø2,6x2,7;;;;unknown;;31379
ZUN-000706;ZY84900081;USZCZELKA TŁUMIKA;papier;;0,2x2,6x5,5;;;;unknown;;31389
ZUN-000590;ZY84900084;ŚWIECA ZAPŁONOWA;stal/porcelana;BM6A TORCH;1,9x2,2x5,4;;;;unknown;;31390
ZUN-000705;ZY84900089;USZCZELKA CYLINDRA;papier;;0,05x6x6,6;;;;unknown;;31393
ZUN-000129;ZY84900092;PIERŚCIEŃ ZABEZPIECZAJĄCY;stal;b-12,3mm/ c-1,2mm;0,1x1,1x1,3;;;;unknown;;31396
ZUN-000658;ZY84900093;TRZPIEŃ TŁOKA sworzeń;stal;ø6,94/ø11/35,4mm / tłok ø4,3x3,7;ø1,1x3,54;;;;unknown;;31397
ZUN-000241;ZY84900097;KLIN CZÓŁENKOWY;;;0,3x0,4x0,9;;;;unknown;;31401
ZUN-000641;ZY84900108;USZCZELKA OLEJOWA simmering;tworzywo/stal;ø15/ø35/4,5mm;ø3,5x0,45;;;;unknown;;31404
ZUN-000078;ZY84900110;ŁOŻYSKO KULKOWE 6202 bez osłon;;6202 bez osłon;ø3,5x1,1;;;;unknown;;31405
ZUN-000309;ZY84900111;AMORTYZATOR;;;ø2,5x2,2;;;;unknown;;31406
ZUN-000639;ZY84900138;USZCZELKA OLEJOWA simmering;tworzywo/stal;ø15/ø28/4,5mm;ø2,8x4,5;;;;unknown;;31411
ZUN-000125;ZY84900143;ŁOŻYSKO IGIEŁKOWE bez osłony;;ø12/ø15/14,5mm bez osłon;ø1,5x1,4;;;;unknown;;31413
ZUN-000128;ZY84900148;POMPKA OLEJU;;;2x4,8x6,7;;;;unknown;;31416
ZUN-000130;ZY84900154;SZPILKA M8/42mm;;M8/42mm;ø0,8x4,2;;;;unknown;;31417
ZUN-000706;ZY84901-A03-03;USZCZELKA TŁUMIKA;papier;;0,2x2,6x5,5;YT-84901;YATO;Czesci_zamienne_YT-84901.pdf;matched_manifest;https://drive.google.com/file/d/1Cz1Sp_6bpEpJknDfCjCIooiIlYfy79wd/preview;31421
ZUN-000705;ZY84901-A06-02;USZCZELKA CYLINDRA;papier;;0,1x6x6,6;YT-84901;YATO;Czesci_zamienne_YT-84901.pdf;matched_manifest;https://drive.google.com/file/d/1Cz1Sp_6bpEpJknDfCjCIooiIlYfy79wd/preview;31423
ZUN-000129;ZY84901-A06-05;PIERŚCIEŃ USTALAJĄCY TŁOKA;stal;b-12,3mm/ c-1,2mm;0,1x1,1x1,3;YT-84901;YATO;Czesci_zamienne_YT-84901.pdf;matched_manifest;https://drive.google.com/file/d/1Cz1Sp_6bpEpJknDfCjCIooiIlYfy79wd/preview;31426
ZUN-000658;ZY84901-A06-06;TRZPIEŃ TŁOKA sworzeń;stal;ø6,94/ø11/34mm / tłok ø4,3x3,7;ø1,1x3,4;YT-84901;YATO;Czesci_zamienne_YT-84901.pdf;matched_manifest;https://drive.google.com/file/d/1Cz1Sp_6bpEpJknDfCjCIooiIlYfy79wd/preview;31427
ZUN-000241;ZY84901-A08;KLIN CZÓŁENKOWY;;;0,3x0,4x0,9;YT-84901;YATO;Czesci_zamienne_YT-84901.pdf;matched_manifest;https://drive.google.com/file/d/1Cz1Sp_6bpEpJknDfCjCIooiIlYfy79wd/preview;31430
ZUN-000163;ZY84901-A09;ŚWIECA ZAPŁONOWA;stal/porcelana;L8RTF LD NHSP;1,9x2,1x5,35;YT-84901;YATO;Czesci_zamienne_YT-84901.pdf;matched_manifest;https://drive.google.com/file/d/1Cz1Sp_6bpEpJknDfCjCIooiIlYfy79wd/preview;31431
ZUN-000130;ZY84901-A22-01;SZPILKA M8/42mm;;M8/42mm;ø0,8x4,2;YT-84901;YATO;Czesci_zamienne_YT-84901.pdf;matched_manifest;https://drive.google.com/file/d/1Cz1Sp_6bpEpJknDfCjCIooiIlYfy79wd/preview;31432
ZUN-000640;ZY84901-A27;USZCZELKA OLEJOWA simmering;tworzywo/stal;ø15/ø28/5mm;ø2,8x0,5;YT-84901;YATO;Czesci_zamienne_YT-84901.pdf;matched_manifest;https://drive.google.com/file/d/1Cz1Sp_6bpEpJknDfCjCIooiIlYfy79wd/preview;31436
ZUN-000078;ZY84901-A28;ŁOŻYSKO KULKOWE 6202 bez osłon;;6202 bez osłon;ø3,5x1,1;YT-84901;YATO;Czesci_zamienne_YT-84901.pdf;matched_manifest;https://drive.google.com/file/d/1Cz1Sp_6bpEpJknDfCjCIooiIlYfy79wd/preview;31437
ZUN-000642;ZY84901-A38;USZCZELKA OLEJOWA simmering;tworzywo/stal;ø15/ø35/5mm;ø3,5x0,5;YT-84901;YATO;Czesci_zamienne_YT-84901.pdf;matched_manifest;https://drive.google.com/file/d/1Cz1Sp_6bpEpJknDfCjCIooiIlYfy79wd/preview;31439
ZUN-000123;ZY84901-A41;ŁOŻYSKO IGIEŁKOWE;;ø11,3/ø14,8/12,2mm bez osłon;ø1,5x1,2;YT-84901;YATO;Czesci_zamienne_YT-84901.pdf;matched_manifest;https://drive.google.com/file/d/1Cz1Sp_6bpEpJknDfCjCIooiIlYfy79wd/preview;31440
ZUN-000704;ZY84901-B01-23;ŚRUBA NAPINACZA;;;ø1x5,8;YT-84901;YATO;Czesci_zamienne_YT-84901.pdf;matched_manifest;https://drive.google.com/file/d/1Cz1Sp_6bpEpJknDfCjCIooiIlYfy79wd/preview;31442
ZUN-000701;ZY84901-B01-24;NAPINACZ;;;ø0,8x1,7;YT-84901;YATO;Czesci_zamienne_YT-84901.pdf;matched_manifest;https://drive.google.com/file/d/1Cz1Sp_6bpEpJknDfCjCIooiIlYfy79wd/preview;31443
ZUN-000702;ZY84901-B01-25;PRZEKŁADNIA NAPINACZA;;;ø1x2;YT-84901;YATO;Czesci_zamienne_YT-84901.pdf;matched_manifest;https://drive.google.com/file/d/1Cz1Sp_6bpEpJknDfCjCIooiIlYfy79wd/preview;31444
ZUN-000703;ZY84901-B03;ZESPÓŁ SPRZĘGŁA;stal;;ø6,6x1,1;YT-84901;YATO;Czesci_zamienne_YT-84901.pdf;matched_manifest;https://drive.google.com/file/d/1Cz1Sp_6bpEpJknDfCjCIooiIlYfy79wd/preview;31445
ZUN-000126;ZY84901-B07;ŁOŻYSKO IGIEŁKOWE bez osłony;;ø12/ø15/14,2 bez osłon;ø1,5x1,4;YT-84901;YATO;Czesci_zamienne_YT-84901.pdf;matched_manifest;https://drive.google.com/file/d/1Cz1Sp_6bpEpJknDfCjCIooiIlYfy79wd/preview;31447
ZUN-000128;ZY84901-B14;POMPKA OLEJU;;;2x4,8x6,7;YT-84901;YATO;Czesci_zamienne_YT-84901.pdf;matched_manifest;https://drive.google.com/file/d/1Cz1Sp_6bpEpJknDfCjCIooiIlYfy79wd/preview;31450
ZUN-000700;ZY84901-E01-04;FILTR PALIWA;;;ø1,4x3,2;YT-84901;YATO;Czesci_zamienne_YT-84901.pdf;matched_manifest;https://drive.google.com/file/d/1Cz1Sp_6bpEpJknDfCjCIooiIlYfy79wd/preview;31459
ZUN-000570;ZY84901-E01-16;WŁĄCZNIK 0 zwarty;;;ø2,34x2,86;YT-84901;YATO;Czesci_zamienne_YT-84901.pdf;matched_manifest;https://drive.google.com/file/d/1Cz1Sp_6bpEpJknDfCjCIooiIlYfy79wd/preview;31460
ZUN-000308;ZY84901-E01-18;AMORTYZATOR;tworzywo;;ø2,6x2,7;YT-84901;YATO;Czesci_zamienne_YT-84901.pdf;matched_manifest;https://drive.google.com/file/d/1Cz1Sp_6bpEpJknDfCjCIooiIlYfy79wd/preview;31462
ZUN-000703;ZY8490501A;SPRZĘGŁO;stal;;ø6,7x1,1;;;;unknown;;31468
ZUN-000308;ZY84905042;AMORTYZATOR;;;ø2,6x2,7;;;;unknown;;31469
ZUN-000706;ZY84905081;USZCZELKA TŁUMIKA;;;0,2x2,6x5,5;;;;unknown;;31479
ZUN-000590;ZY84905084;ŚWIECA ZAPŁONOWA;stal/porcelana;BM6A TORCH;1,9x2,2x5,4;;;;unknown;;31480
ZUN-000129;ZY84905092;PIERŚCIEŃ ZABEZPIECZAJĄCY;stal;b-12,3mm/ c-1,2mm;0,1x1,1x1,3;;;;unknown;;31486
ZUN-000658;ZY84905093;TRZPIEŃ TŁOKA sworzeń;stal;ø6,94/ø11/35,4mm / tłok ø4,5x3,7;ø1,1x3,54;;;;unknown;;31487
ZUN-000241;ZY84905097;KLIN CZÓŁENKOWY;;;0,3x0,4x0,9;;;;unknown;;31491
ZUN-000641;ZY84905108;USZCZELKA OLEJOWA simmering;tworzywo/stal;ø15/ø35/4,5mm;ø3,5x0,45;;;;unknown;;31494
ZUN-000078;ZY84905110;ŁOŻYSKO KULKOWE 6202 bez osłon;;6202 bez osłon;ø3,5x1,1;;;;unknown;;31495
ZUN-000309;ZY84905111;AMORTYZATOR;;;ø2,5x2,2;;;;unknown;;31496
ZUN-000548;ZY84905114;WŁĄCZNIK 0 zwarty;tworzywo/stal/?;KCD3 6(3)A 250V T85;1,5x2,13x2,67;;;;unknown;;31497
ZUN-000639;ZY84905138;USZCZELKA OLEJOWA simmering;tworzywo/stal;ø15/ø28/4,5mm;ø2,8x4,5;;;;unknown;;31502
ZUN-000125;ZY84905143;ŁOŻYSKO IGIEŁKOWE bez osłony;;ø12/ø15/14,5mm bez osłon;ø1,5x1,4;;;;unknown;;31504
ZUN-000128;ZY84905148;POMPKA OLEJU;;;2x4,8x6,7;;;;unknown;;31507
ZUN-000130;ZY84905154;SZPILKA M8/42mm;;M8/42mm;ø0,8x4,2;;;;unknown;;31508
ZUN-000706;ZY84910-A03-03;USZCZELKA TŁUMIKA;;;0,2x2,6x5,5;YT-84910;YATO;Czesci_zamienne_YT-84910.pdf;matched_manifest;https://drive.google.com/file/d/1iaKz9fXlygKLB0WAjhKNjBcruwCxqavS/preview;31512
ZUN-000705;ZY84910-A06-02;USZCZELKA CYLINDRA;;;0,1x6x6,6;YT-84910;YATO;Czesci_zamienne_YT-84910.pdf;matched_manifest;https://drive.google.com/file/d/1iaKz9fXlygKLB0WAjhKNjBcruwCxqavS/preview;31514
ZUN-000129;ZY84910-A06-05;PIERŚCIEŃ USTALAJĄCY TŁOKA;stal;b-12,3mm/ c-1,2mm;0,1x1,1x1,3;YT-84910;YATO;Czesci_zamienne_YT-84910.pdf;matched_manifest;https://drive.google.com/file/d/1iaKz9fXlygKLB0WAjhKNjBcruwCxqavS/preview;31517
ZUN-000658;ZY84910-A06-06;TRZPIEŃ TŁOKA sworzeń;stal;ø6,94/ø11/35,4mm / tłok ø4,3x3,7;ø1,1x3,54;YT-84910;YATO;Czesci_zamienne_YT-84910.pdf;matched_manifest;https://drive.google.com/file/d/1iaKz9fXlygKLB0WAjhKNjBcruwCxqavS/preview;31518
ZUN-000241;ZY84910-A08;KLIN CZÓŁENKOWY;;;0,3x0,4x0,9;YT-84910;YATO;Czesci_zamienne_YT-84910.pdf;matched_manifest;https://drive.google.com/file/d/1iaKz9fXlygKLB0WAjhKNjBcruwCxqavS/preview;31521
ZUN-000163;ZY84910-A09;ŚWIECA ZAPŁONOWA;stal/porcelana;L8RTF LD NHSP;1,9x2,1x5,35;YT-84910;YATO;Czesci_zamienne_YT-84910.pdf;matched_manifest;https://drive.google.com/file/d/1iaKz9fXlygKLB0WAjhKNjBcruwCxqavS/preview;31522
ZUN-000130;ZY84910-A22-01;SZPILKA M8/42mm;stal;M8/42mm;ø0,8x4,2;YT-84910;YATO;Czesci_zamienne_YT-84910.pdf;matched_manifest;https://drive.google.com/file/d/1iaKz9fXlygKLB0WAjhKNjBcruwCxqavS/preview;31523
ZUN-000640;ZY84910-A27;USZCZELKA OLEJOWA simmering;tworzywo/stal;ø15/ø28/5mm;ø2,8x0,5;YT-84910;YATO;Czesci_zamienne_YT-84910.pdf;matched_manifest;https://drive.google.com/file/d/1iaKz9fXlygKLB0WAjhKNjBcruwCxqavS/preview;31527
ZUN-000078;ZY84910-A28;ŁOŻYSKO KULKOWE 6202 bez osłon;;6202 bez osłon;ø3,5x1,1;YT-84910;YATO;Czesci_zamienne_YT-84910.pdf;matched_manifest;https://drive.google.com/file/d/1iaKz9fXlygKLB0WAjhKNjBcruwCxqavS/preview;31528
ZUN-000642;ZY84910-A38;USZCZELKA OLEJOWA simmering;tworzywo/stal;ø15/ø35/5mm;ø3,5x0,5;YT-84910;YATO;Czesci_zamienne_YT-84910.pdf;matched_manifest;https://drive.google.com/file/d/1iaKz9fXlygKLB0WAjhKNjBcruwCxqavS/preview;31530
ZUN-000123;ZY84910-A41;ŁOŻYSKO IGIEŁKOWE;;ø11,3/ø14,8/12,2mm bez osłon;ø1,5x1,2;YT-84910;YATO;Czesci_zamienne_YT-84910.pdf;matched_manifest;https://drive.google.com/file/d/1iaKz9fXlygKLB0WAjhKNjBcruwCxqavS/preview;31531
ZUN-000704;ZY84910-B01-23;ŚRUBA NAPINACZA;;;ø1x5,8;YT-84910;YATO;Czesci_zamienne_YT-84910.pdf;matched_manifest;https://drive.google.com/file/d/1iaKz9fXlygKLB0WAjhKNjBcruwCxqavS/preview;31533
ZUN-000701;ZY84910-B01-24;NAPINACZ;;;ø0,8x1,7;YT-84910;YATO;Czesci_zamienne_YT-84910.pdf;matched_manifest;https://drive.google.com/file/d/1iaKz9fXlygKLB0WAjhKNjBcruwCxqavS/preview;31534
ZUN-000702;ZY84910-B01-25;PRZEKŁADNIA NAPINACZA;;;ø1,1x2;YT-84910;YATO;Czesci_zamienne_YT-84910.pdf;matched_manifest;https://drive.google.com/file/d/1iaKz9fXlygKLB0WAjhKNjBcruwCxqavS/preview;31535
ZUN-000703;ZY84910-B03;ZESPÓŁ SPRZĘGŁA;;;ø6,2x1,1;YT-84910;YATO;Czesci_zamienne_YT-84910.pdf;matched_manifest;https://drive.google.com/file/d/1iaKz9fXlygKLB0WAjhKNjBcruwCxqavS/preview;31536
ZUN-000126;ZY84910-B07;ŁOŻYSKO IGIEŁKOWE bez osłony;;ø12/ø15/14,2mm bez osłon;ø1,5x1,4;YT-84910;YATO;Czesci_zamienne_YT-84910.pdf;matched_manifest;https://drive.google.com/file/d/1iaKz9fXlygKLB0WAjhKNjBcruwCxqavS/preview;31538
ZUN-000700;ZY84910-E01-04;FILTR PALIWA;;;ø1,4x3,2;YT-84910;YATO;Czesci_zamienne_YT-84910.pdf;matched_manifest;https://drive.google.com/file/d/1iaKz9fXlygKLB0WAjhKNjBcruwCxqavS/preview;31551
ZUN-000570;ZY84910-E01-16;WŁĄCZNIK 0 zwarty;;KCD8 6(3)A 250V T85;ø2,34x2,86;YT-84910;YATO;Czesci_zamienne_YT-84910.pdf;matched_manifest;https://drive.google.com/file/d/1iaKz9fXlygKLB0WAjhKNjBcruwCxqavS/preview;31552
ZUN-000455;ZY849200701;NAKRĘTKA SAMOKONTRUJĄCA z kołnierzem;;M8;ø1,7x1,1;;;;unknown;;31565
ZUN-000028;ZY849200710;ŁOŻYSKO KULKOWE 6000 2Z;;6000 2Z;ø2,6x0,8;;;;unknown;;31568
ZUN-000014;ZY849200713;ŁOŻYSKO KULKOWE 627 2Z;;627 2Z;ø2,2x0,7;;;;unknown;;31571
ZUN-000005;ZY849200805;ŁOŻYSKO KULKOWE 608 2Z;;608 2Z;ø2,2x0,7;;;;unknown;;31580
ZUN-000551;ZY8492035;WŁĄCZNIK;;DA7-14/1X2 14(14)A 250V JIABEN;1x2,15x3,75;;;;unknown;;31603
ZUN-000651;ZY8492039;KONDENSATOR 0,33µF;tworzywo;0,33μF K X2 GPF40/085/21/C 275V;0,8x1,75x2,56;;;;unknown;;31605
ZUN-000168;ZY85000010;SZPULA Z ŻYŁKĄ;;;ø12,8x7,7;;;;unknown;;31629
ZUN-000160;ZY85000011;OSTRZE TRÓJRAMIENNE;;1,6xø255mm/1,4xø255mm;0,14x21x24;;;;unknown;;31630
ZUN-000167;ZY85000012;ZESPÓŁ PRZEKŁADNI;;;7,1x8x13;;;;unknown;;31631
ZUN-000158;ZY85000023;OSŁONA ŁOŻYSKA WAŁU NAPĘDOWEGO;;;2x2,2x2,3;;;;unknown;;31635
ZUN-000161;ZY8500003;SPRZĘGŁO;;;ø7,6x1,4;;;;unknown;;31638
ZUN-000156;ZY8500017;USZCZELKA OLEJOWA simmering;tworzywo/stal;ø15/ø30/7mm;ø3x0,7;;;;unknown;;31643
ZUN-000078;ZY8500018;ŁOŻYSKO KULKOWE 6202 bez osłon;;6202 bez osłon;ø3,5x1,1;;;;unknown;;31644
ZUN-000162;ZY8500020;KLIN CZÓŁENKOWY;;3/5/12mm;0,3x0,5x1,2;;;;unknown;;31646
ZUN-000159;ZY8500022;USZCZELKA OBUDOWY PRZEKŁADNI;;;0,05x7,9x8,4;;;;unknown;;31648
ZUN-000171;ZY8500024;CHWYTAK STARTERA;;;1,7x3,9x5,9;;;;unknown;;31650
ZUN-000169;ZY8500025;PODKŁADKA STARTERA;;;0,1x8,2x9,4;;;;unknown;;31651
ZUN-000117;ZY8500027;ŁOŻYSKO IGIEŁKOWE KBK 10/13/15.5 bez osłon;;ø10/ø14/15,5mm;ø1,4x1,5;;;;unknown;;31653
ZUN-000605;ZY8500028;PIERŚCIEŃ ZABEZPIECZAJĄCY;stal;b-11,5mm/ c-1mm;0,1x1x1,15;;;;unknown;;31654
ZUN-000661;ZY8500029;TRZPIEŃ TŁOKA sworzeń;stal;ø6/ø10/32,8mm;ø1x3,3;;;;unknown;;31655
ZUN-000619;ZY8500031;PIERŚCIEŃ TŁOKA;stal;a-38,3mm/b-41,5mm/1,5mm;ø4,1x0,15;;;;unknown;;31657
ZUN-000166;ZY8500032;USZCZELKA GŁOWICY CYLINDRA;;;0,05x7,1x7,5;;;;unknown;;31658
ZUN-000594;ZY8500034;ŚWIECA ZAPŁONOWA;stal/porcelana;L8RTC TORCH;1,9x2,2x5,3;;;;unknown;;31660
ZUN-000165;ZY8500046;USZCZELKA PRZEWODU DOLOTOWEGO;;;0,05x3,2x4,6;;;;unknown;;31663
ZUN-000164;ZY8500049;USZCZELKA GAŹNIKA;;;0,05x3,2x4,2;;;;unknown;;31664
ZUN-000157;ZY8500056;USZCZELKA OLEJOWA simmering;stal/tworzywo;ø12/ø22/7mm;ø2,2x0,7;;;;unknown;;31668
ZUN-000163;ZY85001-A04;ŚWIECA ZAPŁONOWA;stal/porcelana;L8RTF LD NHSP;1,9x2,1x5,35;YT-85001;YATO;Czesci_zamienne_YT-85001.pdf;matched_manifest;https://drive.google.com/file/d/1TD68n1PbaU0fLv077uSaH70xpVv89bR1/preview;31671
ZUN-000162;ZY85001-A13;KLIN CZÓŁENKOWY;;3/5/12mm;0,3x0,5x1,2;YT-85001;YATO;Czesci_zamienne_YT-85001.pdf;matched_manifest;https://drive.google.com/file/d/1TD68n1PbaU0fLv077uSaH70xpVv89bR1/preview;31681
ZUN-000091;ZY85001-A14;ŁOŻYSKO KULKOWE 6001 bez osłon;;6001 bez osłon;ø2,8x0,8;YT-85001;YATO;Czesci_zamienne_YT-85001.pdf;matched_manifest;https://drive.google.com/file/d/1TD68n1PbaU0fLv077uSaH70xpVv89bR1/preview;31682
ZUN-000157;ZY85001-A16;USZCZELKA OLEJOWA simmering;stal/tworzywo;ø12/ø22/7mm;ø2,2x0,7;YT-85001;YATO;Czesci_zamienne_YT-85001.pdf;matched_manifest;https://drive.google.com/file/d/1TD68n1PbaU0fLv077uSaH70xpVv89bR1/preview;31686
ZUN-000548;ZY85001-D15;WŁĄCZNIK 0 zwarty;tworzywo/stal/?;KCD3 6(3)A 250V T85;1,5x2,13x2,67;YT-85001;YATO;Czesci_zamienne_YT-85001.pdf;matched_manifest;https://drive.google.com/file/d/1TD68n1PbaU0fLv077uSaH70xpVv89bR1/preview;31700
ZUN-000158;ZY85001-D35;TULEJA WAŁU;;;2x2,2x2,3;YT-85001;YATO;Czesci_zamienne_YT-85001.pdf;matched_manifest;https://drive.google.com/file/d/1TD68n1PbaU0fLv077uSaH70xpVv89bR1/preview;31705
ZUN-000160;ZY85001-E10;OSTRZE TRÓJRAMIENNE;;1,6xø255mm/1,4xø255mm;0,14x21x24;YT-85001;YATO;Czesci_zamienne_YT-85001.pdf;matched_manifest;https://drive.google.com/file/d/1TD68n1PbaU0fLv077uSaH70xpVv89bR1/preview;31710
ZUN-000168;ZY85002010;SZPULA Z ŻYŁKĄ;;;ø12,8x7,7;;;;unknown;;31714
ZUN-000160;ZY85002011;OSTRZE TRÓJRAMIENNE;;1,6xø255mm/1,4xø255mm;0,14x21x24;;;;unknown;;31715
ZUN-000167;ZY85002012;ZESPÓŁ PRZEKŁADNI;;;7,1x8x13;;;;unknown;;31716
ZUN-000161;ZY8500203;SPRZĘGŁO;;;ø7,6x1,4;;;;unknown;;31723
ZUN-000156;ZY8500217;USZCZELKA OLEJOWA simmering;tworzywo/stal;ø15/ø30/7mm;ø3x0,7;;;;unknown;;31728
ZUN-000078;ZY8500218;ŁOŻYSKO KULKOWE 6202 bez osłon;;6202 bez osłon;ø3,5x1,1;;;;unknown;;31729
ZUN-000162;ZY8500220;KLIN CZÓŁENKOWY;;3/5/12mm;0,3x0,5x1,2;;;;unknown;;31731
ZUN-000159;ZY8500222;USZCZELKA OBUDOWY PRZEKŁADNI;;;0,05x7,9x8,4;;;;unknown;;31733
ZUN-000171;ZY8500224;CHWYTAK STARTERA;;;1,7x3,9x5,9;;;;unknown;;31735
ZUN-000169;ZY8500225;PODKŁADKA STARTERA;;;0,1x8,2x9,4;;;;unknown;;31736
ZUN-000117;ZY8500227;ŁOŻYSKO IGIEŁKOWE KBK 10/13/15.5 bez osłon;;ø10/ø14/15,5mm;ø1,4x1,5;;;;unknown;;31738
ZUN-000605;ZY8500228;PIERŚCIEŃ ZABEZPIECZAJĄCY;stal;b-11,5mm/ c-1mm;0,1x1x1,15;;;;unknown;;31739
ZUN-000662;ZY8500229;TRZPIEŃ TŁOKA sworzeń;stal;ø5,8/ø10/35,8mm;ø1x3,6;;;;unknown;;31740
ZUN-000166;ZY8500232;USZCZELKA GŁOWICY CYLINDRA;;;0,05x7,1x7,5;;;;unknown;;31743
ZUN-000594;ZY8500234;ŚWIECA ZAPŁONOWA;stal/porcelana;L8RTC TORCH;1,9x2,2x5,3;;;;unknown;;31745
ZUN-000165;ZY8500246;USZCZELKA PRZEWODU DOLOTOWEGO;;;0,05x3,2x4,6;;;;unknown;;31748
ZUN-000164;ZY8500249;USZCZELKA GAŹNIKA;;;0,05x3,2x4,2;;;;unknown;;31749
ZUN-000157;ZY8500256;USZCZELKA OLEJOWA simmering;stal/tworzywo;ø12/ø22/7mm;ø2,2x0,7;;;;unknown;;31753
ZUN-000157;ZY85003-A01;USZCZELKA OLEJOWA simmering;stal/tworzywo;ø12/ø22/7mm;ø2,2x0,7;YT-85003;YATO;Czesci_zamienne_YT-85003.pdf;matched_manifest;https://drive.google.com/file/d/1kD1TubPre2j4vjOSblvq5nx3FmulMozB/preview;31754
ZUN-000078;ZY85003-A03;ŁOŻYSKO KULKOWE 6202 bez osłon;;6202 bez osłon;ø3,5x1,1;YT-85003;YATO;Czesci_zamienne_YT-85003.pdf;matched_manifest;https://drive.google.com/file/d/1kD1TubPre2j4vjOSblvq5nx3FmulMozB/preview;31756
ZUN-000159;ZY85003-A04;USZCZELKA OBUDOWY PRZEKŁADNI;;;0,05x8x8,3;YT-85003;YATO;Czesci_zamienne_YT-85003.pdf;matched_manifest;https://drive.google.com/file/d/1kD1TubPre2j4vjOSblvq5nx3FmulMozB/preview;31757
ZUN-000156;ZY85003-A07;USZCZELKA OLEJOWA simmering;tworzywo/stal;ø15/ø30/7mm;ø3x0,7;YT-85003;YATO;Czesci_zamienne_YT-85003.pdf;matched_manifest;https://drive.google.com/file/d/1kD1TubPre2j4vjOSblvq5nx3FmulMozB/preview;31759
ZUN-000661;ZY85003-B04;TRZPIEŃ TŁOKA sworzeń;stal;ø5,8/ø10/33mm;ø1x3,3;YT-85003;YATO;Czesci_zamienne_YT-85003.pdf;matched_manifest;https://drive.google.com/file/d/1kD1TubPre2j4vjOSblvq5nx3FmulMozB/preview;31763
ZUN-000619;ZY85003-B06;PIERŚCIEŃ TŁOKA;stal;a-38,3mm/b-41,5mm/1,5mm;ø4,1x0,15;YT-85003;YATO;Czesci_zamienne_YT-85003.pdf;matched_manifest;https://drive.google.com/file/d/1kD1TubPre2j4vjOSblvq5nx3FmulMozB/preview;31765
ZUN-000164;ZY85003-C02;USZCZELKA GAŹNIKA;;;0,05x3,2x4,2;YT-85003;YATO;Czesci_zamienne_YT-85003.pdf;matched_manifest;https://drive.google.com/file/d/1kD1TubPre2j4vjOSblvq5nx3FmulMozB/preview;31767
ZUN-000165;ZY85003-C05;USZCZELKA PRZEWODU DOLOTOWEGO;;;0,05x3,2x4,6;YT-85003;YATO;Czesci_zamienne_YT-85003.pdf;matched_manifest;https://drive.google.com/file/d/1kD1TubPre2j4vjOSblvq5nx3FmulMozB/preview;31768
ZUN-000163;ZY85003-C07;ŚWIECA ZAPŁONOWA;stal/porcelana;L8RTF LD NHSP;1,9x2,1x5,35;YT-85003;YATO;Czesci_zamienne_YT-85003.pdf;matched_manifest;https://drive.google.com/file/d/1kD1TubPre2j4vjOSblvq5nx3FmulMozB/preview;31770
ZUN-000166;ZY85003-C21;USZCZELKA GŁOWICY CYLINDRA;;;0,05x7,1x7,5;YT-85003;YATO;Czesci_zamienne_YT-85003.pdf;matched_manifest;https://drive.google.com/file/d/1kD1TubPre2j4vjOSblvq5nx3FmulMozB/preview;31774
ZUN-000161;ZY85003-D03;SPRZĘGŁO;;;ø7,6x1,4;YT-85003;YATO;Czesci_zamienne_YT-85003.pdf;matched_manifest;https://drive.google.com/file/d/1kD1TubPre2j4vjOSblvq5nx3FmulMozB/preview;31775
ZUN-000162;ZY85003-D08;KLIN CZÓŁENKOWY;;3/5/12mm;0,3x0,5x1,2;YT-85003;YATO;Czesci_zamienne_YT-85003.pdf;matched_manifest;https://drive.google.com/file/d/1kD1TubPre2j4vjOSblvq5nx3FmulMozB/preview;31777
ZUN-000043;ZY85003-H03;ŁOŻYSKO KULKOWE 6202 2RS;;6202 2RS;ø3,5x1,1;YT-85003;YATO;Czesci_zamienne_YT-85003.pdf;matched_manifest;https://drive.google.com/file/d/1kD1TubPre2j4vjOSblvq5nx3FmulMozB/preview;31787
ZUN-000158;ZY85003-I02;TULEJA WAŁU;;;2x2,2x2,3;YT-85003;YATO;Czesci_zamienne_YT-85003.pdf;matched_manifest;https://drive.google.com/file/d/1kD1TubPre2j4vjOSblvq5nx3FmulMozB/preview;31790
ZUN-000548;ZY85003-K04;WŁĄCZNIK 0 zwarty;tworzywo/stal/?;KCD3 6(3)A 250V T85;1,5x2,13x2,67;YT-85003;YATO;Czesci_zamienne_YT-85003.pdf;matched_manifest;https://drive.google.com/file/d/1kD1TubPre2j4vjOSblvq5nx3FmulMozB/preview;31797
ZUN-000160;ZY85003-P01;OSTRZE TRÓJRAMIENNE;;1,6xø255mm/1,4xø255mm;0,14x21x24;YT-85003;YATO;Czesci_zamienne_YT-85003.pdf;matched_manifest;https://drive.google.com/file/d/1kD1TubPre2j4vjOSblvq5nx3FmulMozB/preview;31802
ZUN-000160;ZY85010-36;OSTRZE TRÓJRAMIENNE;;1,6xø255mm/1,4xø255mm;0,15x21,3x24;YT-85010;YATO;Czesci_zamienne_YT-85010.pdf;matched_manifest;https://drive.google.com/file/d/19hAA6gTOm16rUpLRnqsOXhyIxiBKoUYf/preview;31809
ZUN-000573;ZY85010-61;WŁĄCZNIK;;KR50/1 13(13)A 250V 16A 36CDC;1x2,3x3,7;YT-85010;YATO;Czesci_zamienne_YT-85010.pdf;matched_manifest;https://drive.google.com/file/d/19hAA6gTOm16rUpLRnqsOXhyIxiBKoUYf/preview;31813
ZUN-000062;ZY85021006;ŁOŻYSKO KULKOWE 6805 2Z;stal;6805 2Z;ø3,7x0,7;;;;unknown;;31837
ZUN-000062;ZY85021010;ŁOŻYSKO KULKOWE 6805 2Z;stal;6805 2Z;ø3,7x0,7;;;;unknown;;31841
ZUN-000157;ZY8502105;USZCZELKA OLEJOWA simmering;stal/tworzywo;ø12/ø22/7mm;ø2,2x0,7;;;;unknown;;31855
ZUN-000091;ZY8502106;ŁOŻYSKO KULKOWE 6001 bez osłon;stal;6001 bez osłon;ø2,8x0,8;;;;unknown;;31856
ZUN-000241;ZY8502124;KLIN CZÓŁENKOWY;stal;;0,3x0,4x0,9;;;;unknown;;31866
ZUN-000118;ZY8502128;ŁOŻYSKO IGIEŁKOWE KBK8119;;KBK8119 ø8/ø11/9mm;ø1,1x0,9;;;;unknown;;31870
ZUN-000594;ZY8502142;ŚWIECA ZAPŁONOWA;stal/porcelana;L8RTC TORCH;1,9x2,2x5,3;;;;unknown;;31880
ZUN-000298;ZY8508001;AKUMULATOR;;18V 3Ah 54Wh Li-Jon (YT-85130sklep);6,8x8x14,5;;;;unknown;;31883
ZUN-000551;ZY8508008;WŁĄCZNIK;;DA7-14/1X2 14(14)A 250V JIABEN;1x2,15x3,75;;;;unknown;;31886
ZUN-000005;ZY850802402;ŁOŻYSKO KULKOWE 608 2Z;;608 2Z;ø2,2x0,7;;;;unknown;;31920
ZUN-000064;ZY850802407;ŁOŻYSKO KULKOWE 6900 2Z;;6900 2Z;ø2,2x0,6;;;;unknown;;31924
ZUN-000028;ZY8509035;ŁOŻYSKO KULKOWE 6000 2Z;;6000 2Z;ø2,6x0,8;;;;unknown;;31948
ZUN-000217;ZY8510007;PRZEŁĄCZNIK;;DA7-10/1 10(10)A 250V JIABEN;1x2,2x3,8;;;;unknown;;31980
ZUN-000298;ZY8510027;AKUMULATOR;;18V 3Ah 54Wh Li-Jon (YT-85130sklep);6,8x8x14,5;;;;unknown;;31991
ZUN-000101;ZY851001507;ŁOŻYSKO IGIEŁKOWE HK0608;;HK0608 ø6/ø10/8mm;ø1x0,8;;;;unknown;;31997
ZUN-000012;ZY851001520;ŁOŻYSKO KULKOWE 626 2Z;;626 2Z;ø1,9x0,6;;;;unknown;;32006
ZUN-000298;ZY8511038;AKUMULATOR;;18V 3Ah 54Wh Li-Jon (YT-85130sklep);6,8x8x14,5;;;;unknown;;32030
ZUN-000298;ZY8512001;AKUMULATOR;;18V 3Ah 54Wh Li-Jon (YT-85130sklep);6,8x8x14,5;;;;unknown;;32033
ZUN-000064;ZY851202909;ŁOŻYSKO KULKOWE 6900 2Z;;6900 2Z;ø2,2x0,6;;;;unknown;;32069
ZUN-000078;ZY85140027;ŁOŻYSKO KULKOWE 6202 bez osłon;;6202 bez osłon;ø3,5x1,1;;;;unknown;;32102
ZUN-000247;ZY85140034;KLIN;;;0,4x0,5x1,2;;;;unknown;;32109
ZUN-000124;ZY85140036;ŁOŻYSKO IGIEŁKOWE bez osłony;;ø11/ø15/15 bez osłon;ø1,5x1,5;;;;unknown;;32111
ZUN-000129;ZY85140037;PIERŚCIEŃ ZABEZPIECZAJĄCY;stal;b-12,3mm/ c-1,2mm;0,1x1,1x1,3;;;;unknown;;32112
ZUN-000657;ZY85140038;TRZPIEŃ TŁOKA sworzeń;stal;ø7,5/ø11/33,3mm / tłok ø4x4;ø1,1x3,3;;;;unknown;;32113
ZUN-000619;ZY85140040;PIERŚCIEŃ TŁOKA;stal;a-38,3mm/b-41,5mm/1,5mm;ø4,1x0,15;;;;unknown;;32116
ZUN-000589;ZY85140052;ŚWIECA ZAPŁONOWA;stal/porcelana;4106J TORCH//4106J CDK//4106J Vicita;2x2,3x6,8;;;;unknown;;32125
ZUN-000588;ZY85140163;RURA ELASTYCZNA;;;ø10x33;;;;unknown;;32144
ZUN-000272;ZY85170-29;KABEL ZASILAJĄCY Z WTYCZKĄ;tworzywo/miedź;2x0,75mm/2m H05VV-F;3,5x6x25;YT-85170;YATO;Czesci_zamienne_YT-85170.pdf;matched_manifest;https://drive.google.com/file/d/1AtT0mB-d-zyZ4Il60ukXKbG8Mvt1HjQz/preview;32155
ZUN-000573;ZY85176-12;MIKROWŁĄCZNIK;;;1x2,2x3,7;YT-85176;YATO;Czesci_zamienne_YT-85176.pdf;matched_manifest;https://drive.google.com/file/d/1B9m2ufz7d_0D9T0losMYjEQQT6Fh5dpb/preview;32170
ZUN-000566;ZY85200-09;WŁĄCZNIK bistabilny;;KND2-12/2 12(10)A 250V 5E4 JIABEN;2,4x3,1x3,7;YT-85200;YATO;Czesci_zamienne_YT-85200.pdf;matched_manifest;https://drive.google.com/file/d/1TG2ly3KHknbu4IaxkrsCpuHs3Dlg9JKU/preview;32190
ZUN-000006;ZY85200-43;ŁOŻYSKO KULKOWE 608 2RS;;608 2RS;ø2,2x0,7;YT-85200;YATO;Czesci_zamienne_YT-85200.pdf;matched_manifest;https://drive.google.com/file/d/1TG2ly3KHknbu4IaxkrsCpuHs3Dlg9JKU/preview;32207
ZUN-000029;ZY85200-46;ŁOŻYSKO KULKOWE 6000 2RS;;6000 2RS;ø2,6x0,8;YT-85200;YATO;Czesci_zamienne_YT-85200.pdf;matched_manifest;https://drive.google.com/file/d/1TG2ly3KHknbu4IaxkrsCpuHs3Dlg9JKU/preview;32211
ZUN-000017;ZY85200-48;ŁOŻYSKO KULKOWE 628 2RS;;628 2RS;ø2,4x0,8;YT-85200;YATO;Czesci_zamienne_YT-85200.pdf;matched_manifest;https://drive.google.com/file/d/1TG2ly3KHknbu4IaxkrsCpuHs3Dlg9JKU/preview;32213
ZUN-000033;ZY85200-51;ŁOŻYSKO KULKOWE 6002 2RS;;6002 2RS;ø3,2x0,9;YT-85200;YATO;Czesci_zamienne_YT-85200.pdf;matched_manifest;https://drive.google.com/file/d/1TG2ly3KHknbu4IaxkrsCpuHs3Dlg9JKU/preview;32214
ZUN-000006;ZY85205-70;ŁOŻYSKO KULKOWE 608 2RS;;608 2RS;ø2,2x0,7;YT-85205;YATO;Czesci_zamienne_YT-85205.pdf;matched_manifest;https://drive.google.com/file/d/1o3LtJUD3h3akSnz0wGOY6FGCNRbgpcIn/preview;32250
ZUN-000029;ZY85205-72;ŁOŻYSKO KULKOWE 6000 2RS;;6000 2RS;ø2,6x0,8;YT-85205;YATO;Czesci_zamienne_YT-85205.pdf;matched_manifest;https://drive.google.com/file/d/1o3LtJUD3h3akSnz0wGOY6FGCNRbgpcIn/preview;32253
ZUN-000017;ZY85205-74;ŁOŻYSKO KULKOWE 628 2RS;;628 2RS;ø2,4x0,8;YT-85205;YATO;Czesci_zamienne_YT-85205.pdf;matched_manifest;https://drive.google.com/file/d/1o3LtJUD3h3akSnz0wGOY6FGCNRbgpcIn/preview;32255
ZUN-000033;ZY85205-80;ŁOŻYSKO KULKOWE 6002 2RS;;6002 2RS;ø3,2x0,9;YT-85205;YATO;Czesci_zamienne_YT-85205.pdf;matched_manifest;https://drive.google.com/file/d/1o3LtJUD3h3akSnz0wGOY6FGCNRbgpcIn/preview;32261
ZUN-000006;ZY85208-070;ŁOŻYSKO KULKOWE 608 2RS;;608 2RS;ø2,2x0,7;YT-85208;YATO;Czesci_zamienne_YT-85208.pdf;matched_manifest;https://drive.google.com/file/d/1Mco0OUhCeARE8WvGzBjoVA_M3n5lKmdY/preview;32301
ZUN-000029;ZY85208-072;ŁOŻYSKO KULKOWE 6000 2RS;;6000 2RS;ø2,6x0,8;YT-85208;YATO;Czesci_zamienne_YT-85208.pdf;matched_manifest;https://drive.google.com/file/d/1Mco0OUhCeARE8WvGzBjoVA_M3n5lKmdY/preview;32304
ZUN-000017;ZY85208-074;ŁOŻYSKO KULKOWE 628 2RS;;628 2RS;ø2,4x0,8;YT-85208;YATO;Czesci_zamienne_YT-85208.pdf;matched_manifest;https://drive.google.com/file/d/1Mco0OUhCeARE8WvGzBjoVA_M3n5lKmdY/preview;32306
ZUN-000033;ZY85208-080;ŁOŻYSKO KULKOWE 6002 2RS;;6002 2RS;ø3,2x0,9;YT-85208;YATO;Czesci_zamienne_YT-85208.pdf;matched_manifest;https://drive.google.com/file/d/1Mco0OUhCeARE8WvGzBjoVA_M3n5lKmdY/preview;32312
ZUN-000573;ZY85220-063;WŁĄCZNIK;;KR50/1 13(13)A 250V 16A 36VDC;1x2,2x3,75;YT-85220;YATO;Czesci_zamienne_YT-85220.pdf;matched_manifest;https://drive.google.com/file/d/1v0YiyGSL1ysWpoZxQziWm66jzdvRHRYS/preview;32347
ZUN-000624;ZY85287-029;PODKŁADKA SPRĘŻYSTA;;a-11mm/ b-16mm/ c-1mm;0,1x1,4x1,6;YT-85287;YATO;Czesci_zamienne_YT-85287.pdf;matched_manifest;https://drive.google.com/file/d/1O5lqWf9sdR345lErUjE9BmYpvfkAMT4F/preview;32501
ZUN-000508;ZY85300-28;O-RING;;ø7/ø13/ø3mm;ø1,3x0,3;YT-85300;YATO;Czesci_zamienne_YT-85300.pdf;matched_manifest;https://drive.google.com/file/d/1NoUeXbXp72QaU7tX843dWUni5MVAUTIK/preview;32536
ZUN-000508;ZY85301-28;O-RING;;ø7/ø13/ø3mm;ø1,3x0,3;YT-85301;YATO;Czesci_zamienne_YT-85301.pdf;matched_manifest;https://drive.google.com/file/d/1T-xIeNQyPlZArSJri9KLbHM2tvIU0uR0/preview;32566
ZUN-000218;ZY85330-01;KABEL ZASILAJĄCY Z WTYCZKĄ;;3x0,75mm/10m guma;4x10x34;YT-85330;YATO;Czesci_zamienne_YT-85330.pdf;matched_manifest;https://drive.google.com/file/d/1nGQ829jI31V9u4p4umXp_mMIKJqhdmJJ/preview;32577
ZUN-000219;ZY85330-02;ODGIĘTKA KABLA;;;ø2x7;YT-85330;YATO;Czesci_zamienne_YT-85330.pdf;matched_manifest;https://drive.google.com/file/d/1nGQ829jI31V9u4p4umXp_mMIKJqhdmJJ/preview;32578
ZUN-000220;ZY85330-03;WŁĄCZNIK PŁYWAKOWY;;;4,5x8,1x49;YT-85330;YATO;Czesci_zamienne_YT-85330.pdf;matched_manifest;https://drive.google.com/file/d/1nGQ829jI31V9u4p4umXp_mMIKJqhdmJJ/preview;32579
ZUN-000221;ZY85330-04;ZACISK WŁĄCZNIKA PŁYWAKOWEGO;;;2,9x2,9x2,9;YT-85330;YATO;Czesci_zamienne_YT-85330.pdf;matched_manifest;https://drive.google.com/file/d/1nGQ829jI31V9u4p4umXp_mMIKJqhdmJJ/preview;32580
ZUN-000222;ZY85330-06;RĄCZKA OKRĄGŁA;;;ø15,8x4,8;YT-85330;YATO;Czesci_zamienne_YT-85330.pdf;matched_manifest;https://drive.google.com/file/d/1nGQ829jI31V9u4p4umXp_mMIKJqhdmJJ/preview;32581
ZUN-000223;ZY85330-10;OBUDOWA GÓRNA;;;13,5x14,7x16,2;YT-85330;YATO;Czesci_zamienne_YT-85330.pdf;matched_manifest;https://drive.google.com/file/d/1nGQ829jI31V9u4p4umXp_mMIKJqhdmJJ/preview;32582
ZUN-000224;ZY85330-12;ZACISK KABLA;;;ø1,9x1;YT-85330;YATO;Czesci_zamienne_YT-85330.pdf;matched_manifest;https://drive.google.com/file/d/1nGQ829jI31V9u4p4umXp_mMIKJqhdmJJ/preview;32583
ZUN-000225;ZY85330-13;UCHWYT KONDENSATORA;;;2,6x6,2x6,5;YT-85330;YATO;Czesci_zamienne_YT-85330.pdf;matched_manifest;https://drive.google.com/file/d/1nGQ829jI31V9u4p4umXp_mMIKJqhdmJJ/preview;32584
ZUN-000226;ZY85330-16;USZCZELNIACZ;;ø12/ø24/4,55 Simmering;ø2,4x0,4;YT-85330;YATO;Czesci_zamienne_YT-85330.pdf;matched_manifest;https://drive.google.com/file/d/1nGQ829jI31V9u4p4umXp_mMIKJqhdmJJ/preview;32586
ZUN-000227;ZY85330-19;USZCZELKA SILNIKA;;ø95/ø100/ø5mm;ø10x0,5;YT-85330;YATO;Czesci_zamienne_YT-85330.pdf;matched_manifest;https://drive.google.com/file/d/1nGQ829jI31V9u4p4umXp_mMIKJqhdmJJ/preview;32588
ZUN-000228;ZY85330-22;OBUDOWA POMPY;;;14,2x16,7x20,5;YT-85330;YATO;Czesci_zamienne_YT-85330.pdf;matched_manifest;https://drive.google.com/file/d/1nGQ829jI31V9u4p4umXp_mMIKJqhdmJJ/preview;32589
ZUN-000229;ZY85330-23;USZCZELKA PODSTAWY;;ø140/ø146/ø2,8mm;ø14,6x2,8;YT-85330;YATO;Czesci_zamienne_YT-85330.pdf;matched_manifest;https://drive.google.com/file/d/1nGQ829jI31V9u4p4umXp_mMIKJqhdmJJ/preview;32590
ZUN-000230;ZY85330-24;OSŁONA PODSTAWY;;;3,5x16,8x17,5;YT-85330;YATO;Czesci_zamienne_YT-85330.pdf;matched_manifest;https://drive.google.com/file/d/1nGQ829jI31V9u4p4umXp_mMIKJqhdmJJ/preview;32591
ZUN-000231;ZY85330-26;PODSTAWA DO WODY CZYSTEJ;;;3,2x16,8x17,5;YT-85330;YATO;Czesci_zamienne_YT-85330.pdf;matched_manifest;https://drive.google.com/file/d/1nGQ829jI31V9u4p4umXp_mMIKJqhdmJJ/preview;32592
ZUN-000232;ZY85330-27;PODSTAWA DO WODY BRUDNEJ;;;4,6x16,8x17,5;YT-85330;YATO;Czesci_zamienne_YT-85330.pdf;matched_manifest;https://drive.google.com/file/d/1nGQ829jI31V9u4p4umXp_mMIKJqhdmJJ/preview;32593
ZUN-000233;ZY85330-29;PRZYŁĄCZE;;;ø5x10,2;YT-85330;YATO;Czesci_zamienne_YT-85330.pdf;matched_manifest;https://drive.google.com/file/d/1nGQ829jI31V9u4p4umXp_mMIKJqhdmJJ/preview;32594
ZUN-000234;ZY85330-30;USZCZELKA;;;ø4,2x0,3;YT-85330;YATO;Czesci_zamienne_YT-85330.pdf;matched_manifest;https://drive.google.com/file/d/1nGQ829jI31V9u4p4umXp_mMIKJqhdmJJ/preview;32595
ZUN-000235;ZY85330-31;KOLANKO;;;4,7x8x8;YT-85330;YATO;Czesci_zamienne_YT-85330.pdf;matched_manifest;https://drive.google.com/file/d/1nGQ829jI31V9u4p4umXp_mMIKJqhdmJJ/preview;32596
ZUN-000218;ZY85333-01;KABEL ZASILAJĄCY Z WTYCZKĄ;;3x0,75mm/10m guma;4x10x34;YT-85333;YATO;Czesci_zamienne_YT-85333.pdf;matched_manifest;https://drive.google.com/file/d/18sHS7hKFcdRJPL-3I6S6QJYDyqKJGGB9/preview;32597
ZUN-000219;ZY85333-02;ODGIĘTKA KABLA;;;ø2x7;YT-85333;YATO;Czesci_zamienne_YT-85333.pdf;matched_manifest;https://drive.google.com/file/d/18sHS7hKFcdRJPL-3I6S6QJYDyqKJGGB9/preview;32598
ZUN-000220;ZY85333-03;WŁĄCZNIK PŁYWAKOWY;;;4,5x8,1x49;YT-85333;YATO;Czesci_zamienne_YT-85333.pdf;matched_manifest;https://drive.google.com/file/d/18sHS7hKFcdRJPL-3I6S6QJYDyqKJGGB9/preview;32599
ZUN-000221;ZY85333-04;ZACISK WŁĄCZNIKA PŁYWAKOWEGO;;;2,9x2,9x2,9;YT-85333;YATO;Czesci_zamienne_YT-85333.pdf;matched_manifest;https://drive.google.com/file/d/18sHS7hKFcdRJPL-3I6S6QJYDyqKJGGB9/preview;32600
ZUN-000222;ZY85333-06;RĄCZKA OKRĄGŁA;;;ø15,8x4,8;YT-85333;YATO;Czesci_zamienne_YT-85333.pdf;matched_manifest;https://drive.google.com/file/d/18sHS7hKFcdRJPL-3I6S6QJYDyqKJGGB9/preview;32601
ZUN-000223;ZY85333-10;OBUDOWA GÓRNA;;;13,5x14,7x16,2;YT-85333;YATO;Czesci_zamienne_YT-85333.pdf;matched_manifest;https://drive.google.com/file/d/18sHS7hKFcdRJPL-3I6S6QJYDyqKJGGB9/preview;32602
ZUN-000224;ZY85333-12;ZACISK KABLA;;;ø1,9x1;YT-85333;YATO;Czesci_zamienne_YT-85333.pdf;matched_manifest;https://drive.google.com/file/d/18sHS7hKFcdRJPL-3I6S6QJYDyqKJGGB9/preview;32603
ZUN-000225;ZY85333-13;UCHWYT KONDENSATORA;;;2,6x6,2x6,5;YT-85333;YATO;Czesci_zamienne_YT-85333.pdf;matched_manifest;https://drive.google.com/file/d/18sHS7hKFcdRJPL-3I6S6QJYDyqKJGGB9/preview;32604
ZUN-000226;ZY85333-16;USZCZELNIACZ;;ø12/ø24/4,55 Simmering;ø2,4x0,4;YT-85333;YATO;Czesci_zamienne_YT-85333.pdf;matched_manifest;https://drive.google.com/file/d/18sHS7hKFcdRJPL-3I6S6QJYDyqKJGGB9/preview;32606
ZUN-000227;ZY85333-19;USZCZELKA SILNIKA;;ø95/ø100/ø5mm;ø10x0,5;YT-85333;YATO;Czesci_zamienne_YT-85333.pdf;matched_manifest;https://drive.google.com/file/d/18sHS7hKFcdRJPL-3I6S6QJYDyqKJGGB9/preview;32608
ZUN-000228;ZY85333-22;OBUDOWA POMPY;;;14,2x16,7x20,5;YT-85333;YATO;Czesci_zamienne_YT-85333.pdf;matched_manifest;https://drive.google.com/file/d/18sHS7hKFcdRJPL-3I6S6QJYDyqKJGGB9/preview;32609
ZUN-000229;ZY85333-23;USZCZELKA PODSTAWY;;ø140/ø146/ø2,8mm;ø14,6x2,8;YT-85333;YATO;Czesci_zamienne_YT-85333.pdf;matched_manifest;https://drive.google.com/file/d/18sHS7hKFcdRJPL-3I6S6QJYDyqKJGGB9/preview;32610
ZUN-000230;ZY85333-24;OSŁONA PODSTAWY;;;3,5x16,8x17,5;YT-85333;YATO;Czesci_zamienne_YT-85333.pdf;matched_manifest;https://drive.google.com/file/d/18sHS7hKFcdRJPL-3I6S6QJYDyqKJGGB9/preview;32611
ZUN-000231;ZY85333-26;PODSTAWA DO WODY CZYSTEJ;;;3,2x16,8x17,5;YT-85333;YATO;Czesci_zamienne_YT-85333.pdf;matched_manifest;https://drive.google.com/file/d/18sHS7hKFcdRJPL-3I6S6QJYDyqKJGGB9/preview;32612
ZUN-000232;ZY85333-27;PODSTAWA DO WODY BRUDNEJ;;;4,6x16,8x17,5;YT-85333;YATO;Czesci_zamienne_YT-85333.pdf;matched_manifest;https://drive.google.com/file/d/18sHS7hKFcdRJPL-3I6S6QJYDyqKJGGB9/preview;32613
ZUN-000233;ZY85333-29;PRZYŁĄCZE;;;ø5x10,2;YT-85333;YATO;Czesci_zamienne_YT-85333.pdf;matched_manifest;https://drive.google.com/file/d/18sHS7hKFcdRJPL-3I6S6QJYDyqKJGGB9/preview;32614
ZUN-000234;ZY85333-30;USZCZELKA;;;ø4,2x0,3;YT-85333;YATO;Czesci_zamienne_YT-85333.pdf;matched_manifest;https://drive.google.com/file/d/18sHS7hKFcdRJPL-3I6S6QJYDyqKJGGB9/preview;32615
ZUN-000235;ZY85333-31;KOLANKO;;;4,7x8x8;YT-85333;YATO;Czesci_zamienne_YT-85333.pdf;matched_manifest;https://drive.google.com/file/d/18sHS7hKFcdRJPL-3I6S6QJYDyqKJGGB9/preview;32616
ZUN-000227;ZY85341-22;USZCZELKA;;ø95/ø100/ø5mm;ø10x0,5;YT-85341;YATO;Czesci_zamienne_YT-85341.pdf;matched_manifest;https://drive.google.com/file/d/1_iS7D352bBcDiv6sswmSPjKPTrSJt8Wt/preview;32627
ZUN-000225;ZY85343-04;UCHWYT KONDENSATORA;;;2,6x6,2x6,5;YT-85343;YATO;Czesci_zamienne_YT-85343.pdf;matched_manifest;https://drive.google.com/file/d/13vB46TzZ9ykLXHhjFzoEsDxzZTkVvVsN/preview;32632
ZUN-000227;ZY85343-07;USZCZELKA;;ø95/ø100/ø5mm;ø10x0,5;YT-85343;YATO;Czesci_zamienne_YT-85343.pdf;matched_manifest;https://drive.google.com/file/d/13vB46TzZ9ykLXHhjFzoEsDxzZTkVvVsN/preview;32634
ZUN-000404;ZY85343-13;USZCZELKA;;ø100/ø110/ø5;ø11x0,5;YT-85343;YATO;Czesci_zamienne_YT-85343.pdf;matched_manifest;https://drive.google.com/file/d/13vB46TzZ9ykLXHhjFzoEsDxzZTkVvVsN/preview;32636
ZUN-000638;ZY85349-03;USZCZELKA OLEJOWA simmering;tworzywo/stal;ø14/ø28/6mm;ø2,8x0,6;YT-85349;YATO;Czesci_zamienne_YT-85349.pdf;matched_manifest;https://drive.google.com/file/d/1hwSsol6w4NThzcaWJBgjSuC8K-J2jTse/preview;32648
ZUN-000289;ZY8535006;KABEL ZASILAJĄCY Z WTYCZKĄ;;3x1,0mm/0,5m guma;3,6x5,3x50;YT-85350;YATO;Czesci_zamienne_YT-85350.pdf;matched_manifest;https://drive.google.com/file/d/1QO6DXJKM0muuyX-HD30_25sN423EXaGr/preview;32666
ZUN-000045;ZY8535016;ŁOŻYSKO KULKOWE 6203 2RS;;6203 2RS;ø4x1,2;YT-85350;YATO;Czesci_zamienne_YT-85350.pdf;matched_manifest;https://drive.google.com/file/d/1QO6DXJKM0muuyX-HD30_25sN423EXaGr/preview;32675
ZUN-000040;ZY85363-39;ŁOŻYSKO KULKOWE 6201 2Z;;6201 2Z;ø3,2x1;YT-85363;YATO;Czesci_zamienne_YT-85363.pdf;matched_manifest;https://drive.google.com/file/d/1Fpbw-0qYy1VK4a7xr9Afc4SioCJyQgce/preview;32739
ZUN-000042/ ZUN-000043;ZY85364-42;ŁOŻYSKO KULKOWE 6202;;;;YT-85364;YATO;Czesci_zamienne_YT-85364.pdf;matched_manifest;https://drive.google.com/file/d/1L55eyBX3WQEqRz9Fuy5JgIbe2kHRyKY6/preview;32779
ZUN-000040;ZY85370-10;ŁOŻYSKO KULKOWE 6201 2Z;;6201 2Z;ø3,2x1;YT-85370;YATO;Czesci_zamienne_YT-85370.pdf;matched_manifest;https://drive.google.com/file/d/1jYP9XGaH8ey8i9Q29ikp6rdCAKpl2qQo/preview;32791
ZUN-000042;ZY85370-12;ŁOŻYSKO KULKOWE 6202 2Z;;6202 2Z;ø3,5x1,1;YT-85370;YATO;Czesci_zamienne_YT-85370.pdf;matched_manifest;https://drive.google.com/file/d/1jYP9XGaH8ey8i9Q29ikp6rdCAKpl2qQo/preview;32792
ZUN-000431;ZY85370-23;WŁĄCZNIK;;RS-2 12(6)A 250V DONGHAI;2,96x3,68x4,0;YT-85370;YATO;Czesci_zamienne_YT-85370.pdf;matched_manifest;https://drive.google.com/file/d/1jYP9XGaH8ey8i9Q29ikp6rdCAKpl2qQo/preview;32793
ZUN-000040;ZY85371-41;ŁOŻYSKO KULKOWE 6201 2Z;;6201 2Z;ø3,2x1;YT-85371;YATO;Czesci_zamienne_YT-85371.pdf;matched_manifest;https://drive.google.com/file/d/1KiyAvrp0IpQ0X9dhYzuFDFr7ezvkU7Ap/preview;32834
ZUN-000042/ ZUN-000043;ZY85372-49;ŁOŻYSKO KULKOWE 6202;;;;YT-85372;YATO;Czesci_zamienne_YT-85372.pdf;matched_manifest;https://drive.google.com/file/d/1ejdukK6egG5BwOQqNJ95JNH3sW8UV4w7/preview;32880
ZUN-000086;ZY85401005V2;ŁOŻYSKO KULKOWE 6205 bez osłon;;6205 bez osłon;ø5,2x1,5;YT-85401;YATO;Czesci_zamienne_YT-85401.pdf;matched_manifest;https://drive.google.com/file/d/1LMsLLd2IKAMvCtseOo8J03e3eGnbx-c2/preview;32894
ZUN-000645;ZY85401010V2;USZCZELKA OLEJOWA simmering;tworzywo/stal;ø25/ø41,25/6mm;ø4,125x0,6;YT-85401;YATO;Czesci_zamienne_YT-85401.pdf;matched_manifest;https://drive.google.com/file/d/1LMsLLd2IKAMvCtseOo8J03e3eGnbx-c2/preview;32896
ZUN-000611;ZY85401013V2;PIERŚCIEŃ USTALAJĄCY;stal;a-18/b-20/c-1mm;ø2x0,1;YT-85401;YATO;Czesci_zamienne_YT-85401.pdf;matched_manifest;https://drive.google.com/file/d/1LMsLLd2IKAMvCtseOo8J03e3eGnbx-c2/preview;32898
ZUN-000660;ZY85401015V2;TRZPIEŃ TŁOKA sworzeń;stal;ø13,8/ø18/53,8mm;ø1,8x5,38;YT-85401;YATO;Czesci_zamienne_YT-85401.pdf;matched_manifest;https://drive.google.com/file/d/1LMsLLd2IKAMvCtseOo8J03e3eGnbx-c2/preview;32900
ZUN-000086;ZY85401020V2;ŁOŻYSKO KULKOWE 6205 bez osłon;;6205 bez osłon;ø5,2x1,5;YT-85401;YATO;Czesci_zamienne_YT-85401.pdf;matched_manifest;https://drive.google.com/file/d/1LMsLLd2IKAMvCtseOo8J03e3eGnbx-c2/preview;32904
ZUN-000645;ZY85401021V2;USZCZELKA OLEJOWA simmering;tworzywo/stal;ø25/ø41,25/6mm;ø4,125x0,6;YT-85401;YATO;Czesci_zamienne_YT-85401.pdf;matched_manifest;https://drive.google.com/file/d/1LMsLLd2IKAMvCtseOo8J03e3eGnbx-c2/preview;32905
ZUN-000714;ZY85401048V2;USZCZELKA TŁUMIKA;papier grafit;;0,15x4,6x7,3;YT-85401;YATO;Czesci_zamienne_YT-85401.pdf;matched_manifest;https://drive.google.com/file/d/1LMsLLd2IKAMvCtseOo8J03e3eGnbx-c2/preview;32917
ZUN-000693;ZY85401056V2;USZCZELKA GŁOWICY CYLINDRA;stal/tworzywo/stal;;0,07x9,8x11,2//0,15x9,8x11,2;YT-85401;YATO;Czesci_zamienne_YT-85401.pdf;matched_manifest;https://drive.google.com/file/d/1LMsLLd2IKAMvCtseOo8J03e3eGnbx-c2/preview;32919
ZUN-000592;ZY85401059V2;ŚWIECA ZAPŁONOWA;stal/porcelana;F6TC LG// F7TC BODE;2x2,3x8,1;YT-85401;YATO;Czesci_zamienne_YT-85401.pdf;matched_manifest;https://drive.google.com/file/d/1LMsLLd2IKAMvCtseOo8J03e3eGnbx-c2/preview;32922
ZUN-000707;ZY85401079V2;USZCZELKA WLOTU POWIETRZA;papier;;0,06x3,37x5,65;YT-85401;YATO;Czesci_zamienne_YT-85401.pdf;matched_manifest;https://drive.google.com/file/d/1LMsLLd2IKAMvCtseOo8J03e3eGnbx-c2/preview;32928
ZUN-000708;ZY85401081V2;USZCZELKA GAŹNIK FILTR;papier;;0,05x3,74x5,78;YT-85401;YATO;Czesci_zamienne_YT-85401.pdf;matched_manifest;https://drive.google.com/file/d/1LMsLLd2IKAMvCtseOo8J03e3eGnbx-c2/preview;32929
ZUN-000710;ZY85401082V2;USZCZELKA GAŹNIK CYLINDER;papier;;0,05x3,5x5,6;YT-85401;YATO;Czesci_zamienne_YT-85401.pdf;matched_manifest;https://drive.google.com/file/d/1LMsLLd2IKAMvCtseOo8J03e3eGnbx-c2/preview;32930
ZUN-000698;ZY85401083V2;GAŹNIK;aluminium/stal;;5,4x10,2x10,6;YT-85401;YATO;Czesci_zamienne_YT-85401.pdf;matched_manifest;https://drive.google.com/file/d/1LMsLLd2IKAMvCtseOo8J03e3eGnbx-c2/preview;32931
ZUN-000633;ZY85401085V2;WENTYLATOR KOŁA ZAMACHOWEGO;tworzywo;;ø16,7x3;YT-85401;YATO;Czesci_zamienne_YT-85401.pdf;matched_manifest;https://drive.google.com/file/d/1LMsLLd2IKAMvCtseOo8J03e3eGnbx-c2/preview;32933
ZUN-000696;ZY85401092V2;ZABEZPIECZENIE POZIOMU OLEJU;;;1,5x2,3x12,5;YT-85401;YATO;Czesci_zamienne_YT-85401.pdf;matched_manifest;https://drive.google.com/file/d/1LMsLLd2IKAMvCtseOo8J03e3eGnbx-c2/preview;32935
ZUN-000697;ZY85401093V2;WŁĄCZNIK ZAPŁONU;tworzywo;;2,3x3,5x13;YT-85401;YATO;Czesci_zamienne_YT-85401.pdf;matched_manifest;https://drive.google.com/file/d/1LMsLLd2IKAMvCtseOo8J03e3eGnbx-c2/preview;32936
ZUN-000533;ZY85401119V2;O-RING;;ø24,8/ø33,2/ø4,2mm;ø3,32x0,42;YT-85401;YATO;Czesci_zamienne_YT-85401.pdf;matched_manifest;https://drive.google.com/file/d/1LMsLLd2IKAMvCtseOo8J03e3eGnbx-c2/preview;32948
ZUN-000592;ZY85401A08;ŚWIECA ZAPŁONOWA;stal/porcelana;F6TC LG// F7TC BODE;2x2,3x8,1;YT-85401;YATO;Czesci_zamienne_YT-85401.pdf;matched_manifest;https://drive.google.com/file/d/1LMsLLd2IKAMvCtseOo8J03e3eGnbx-c2/preview;32963
ZUN-000693;ZY85401A09;USZCZELKA GŁOWICY CYLINDRA;stal/tworzywo/stal;;0,07x9,8x11,2//0,15x9,8x11,2;YT-85401;YATO;Czesci_zamienne_YT-85401.pdf;matched_manifest;https://drive.google.com/file/d/1LMsLLd2IKAMvCtseOo8J03e3eGnbx-c2/preview;32964
ZUN-000714;ZY85401A10;USZCZELKA TŁUMIKA;papier grafit;;0,15x4,6x7,3;YT-85401;YATO;Czesci_zamienne_YT-85401.pdf;matched_manifest;https://drive.google.com/file/d/1LMsLLd2IKAMvCtseOo8J03e3eGnbx-c2/preview;32965
ZUN-000645;ZY85401B14;USZCZELKA OLEJOWA simmering;tworzywo/stal;ø25/ø41,25/6mm;ø4,125x0,6;YT-85401;YATO;Czesci_zamienne_YT-85401.pdf;matched_manifest;https://drive.google.com/file/d/1LMsLLd2IKAMvCtseOo8J03e3eGnbx-c2/preview;32969
ZUN-000696;ZY85401B22;ZABEZPIECZENIE POZIOMU OLEJU;;;1,5x2,3x12,5;YT-85401;YATO;Czesci_zamienne_YT-85401.pdf;matched_manifest;https://drive.google.com/file/d/1LMsLLd2IKAMvCtseOo8J03e3eGnbx-c2/preview;32971
ZUN-000645;ZY85401C05;USZCZELKA OLEJOWA simmering;tworzywo/stal;ø25/ø41,25/6mm;ø4,125x0,6;YT-85401;YATO;Czesci_zamienne_YT-85401.pdf;matched_manifest;https://drive.google.com/file/d/1LMsLLd2IKAMvCtseOo8J03e3eGnbx-c2/preview;32972
ZUN-000611;ZY85401D07;PIERŚCIEŃ USTALAJĄCY;stal;a-18/b-20/c-1mm;ø2x0,1;YT-85401;YATO;Czesci_zamienne_YT-85401.pdf;matched_manifest;https://drive.google.com/file/d/1LMsLLd2IKAMvCtseOo8J03e3eGnbx-c2/preview;32980
ZUN-000697;ZY85401F15;WŁĄCZNIK ZAPŁONU;tworzywo;;2,3x3,5x13;YT-85401;YATO;Czesci_zamienne_YT-85401.pdf;matched_manifest;https://drive.google.com/file/d/1LMsLLd2IKAMvCtseOo8J03e3eGnbx-c2/preview;32996
ZUN-000698;ZY85401H01;GAŹNIK;aluminium/stal;;5,4x10,2x10,6;YT-85401;YATO;Czesci_zamienne_YT-85401.pdf;matched_manifest;https://drive.google.com/file/d/1LMsLLd2IKAMvCtseOo8J03e3eGnbx-c2/preview;32998
ZUN-000707;ZY85401H34;USZCZELKA WLOTU POWIETRZA;papier;;0,06x3,37x5,65;YT-85401;YATO;Czesci_zamienne_YT-85401.pdf;matched_manifest;https://drive.google.com/file/d/1LMsLLd2IKAMvCtseOo8J03e3eGnbx-c2/preview;33000
ZUN-000633;ZY85401I08;WENTYLATOR KOŁA ZAMACHOWEGO;tworzywo;;ø16,7x3;YT-85401;YATO;Czesci_zamienne_YT-85401.pdf;matched_manifest;https://drive.google.com/file/d/1LMsLLd2IKAMvCtseOo8J03e3eGnbx-c2/preview;33003
ZUN-000532;ZY85401N12;O-RING;;ø24,7/ø32,5/ø3,9mm;ø20,5x0,37;YT-85401;YATO;Czesci_zamienne_YT-85401.pdf;matched_manifest;https://drive.google.com/file/d/1LMsLLd2IKAMvCtseOo8J03e3eGnbx-c2/preview;33019
ZUN-000086;ZY85402005V2;ŁOŻYSKO KULKOWE 6205 bez osłon;;6205 bez osłon;ø5,2x1,5;YT-85402;YATO;Czesci_zamienne_YT-85402.pdf;matched_manifest;https://drive.google.com/file/d/1JyGK9tm7IUdsilARaL33d8H98-eqvNrt/preview;33028
ZUN-000645;ZY85402010V2;USZCZELKA OLEJOWA simmering;tworzywo/stal;ø25/ø41,25/6mm;ø4,125x0,6;YT-85402;YATO;Czesci_zamienne_YT-85402.pdf;matched_manifest;https://drive.google.com/file/d/1JyGK9tm7IUdsilARaL33d8H98-eqvNrt/preview;33030
ZUN-000611;ZY85402013V2;PIERŚCIEŃ USTALAJĄCY;stal;a-18/b-20/c-1mm;ø2x0,1;YT-85402;YATO;Czesci_zamienne_YT-85402.pdf;matched_manifest;https://drive.google.com/file/d/1JyGK9tm7IUdsilARaL33d8H98-eqvNrt/preview;33032
ZUN-000660;ZY85402015V2;TRZPIEŃ TŁOKA sworzeń;stal;ø13,8/ø18/53,8mm;ø1,8x5,38;YT-85402;YATO;Czesci_zamienne_YT-85402.pdf;matched_manifest;https://drive.google.com/file/d/1JyGK9tm7IUdsilARaL33d8H98-eqvNrt/preview;33034
ZUN-000086;ZY85402020V2;ŁOŻYSKO KULKOWE 6205 bez osłon;;6205 bez osłon;ø5,2x1,5;YT-85402;YATO;Czesci_zamienne_YT-85402.pdf;matched_manifest;https://drive.google.com/file/d/1JyGK9tm7IUdsilARaL33d8H98-eqvNrt/preview;33038
ZUN-000645;ZY85402021V2;USZCZELKA OLEJOWA simmering;tworzywo/stal;ø25/ø41,25/6mm;ø4,125x0,6;YT-85402;YATO;Czesci_zamienne_YT-85402.pdf;matched_manifest;https://drive.google.com/file/d/1JyGK9tm7IUdsilARaL33d8H98-eqvNrt/preview;33039
ZUN-000714;ZY85402048V2;USZCZELKA TŁUMIKA;papier grafit;;0,15x4,6x7,3;YT-85402;YATO;Czesci_zamienne_YT-85402.pdf;matched_manifest;https://drive.google.com/file/d/1JyGK9tm7IUdsilARaL33d8H98-eqvNrt/preview;33051
ZUN-000693;ZY85402056V2;USZCZELKA GŁOWICY CYLINDRA;stal/tworzywo/stal;;0,07x9,8x11,2//0,15x9,8x11,2;YT-85402;YATO;Czesci_zamienne_YT-85402.pdf;matched_manifest;https://drive.google.com/file/d/1JyGK9tm7IUdsilARaL33d8H98-eqvNrt/preview;33053
ZUN-000592;ZY85402059V2;ŚWIECA ZAPŁONOWA;stal/porcelana;F6TC LG// F7TC BODE;2x2,3x8,1;YT-85402;YATO;Czesci_zamienne_YT-85402.pdf;matched_manifest;https://drive.google.com/file/d/1JyGK9tm7IUdsilARaL33d8H98-eqvNrt/preview;33056
ZUN-000707;ZY85402079V2;USZCZELKA WLOTU POWIETRZA;papier;;0,06x3,37x5,65;YT-85402;YATO;Czesci_zamienne_YT-85402.pdf;matched_manifest;https://drive.google.com/file/d/1JyGK9tm7IUdsilARaL33d8H98-eqvNrt/preview;33062
ZUN-000708;ZY85402081V2;USZCZELKA GAŹNIK FILTR;papier;;0,05x3,74x5,78;YT-85402;YATO;Czesci_zamienne_YT-85402.pdf;matched_manifest;https://drive.google.com/file/d/1JyGK9tm7IUdsilARaL33d8H98-eqvNrt/preview;33063
ZUN-000710;ZY85402082V2;USZCZELKA GAŹNIK CYLINDER;papier;;0,05x3,5x5,6;YT-85402;YATO;Czesci_zamienne_YT-85402.pdf;matched_manifest;https://drive.google.com/file/d/1JyGK9tm7IUdsilARaL33d8H98-eqvNrt/preview;33064
ZUN-000698;ZY85402083V2;GAŹNIK;aluminium/stal;;5,4x10,2x10,6;YT-85402;YATO;Czesci_zamienne_YT-85402.pdf;matched_manifest;https://drive.google.com/file/d/1JyGK9tm7IUdsilARaL33d8H98-eqvNrt/preview;33065
ZUN-000633;ZY85402085V2;WENTYLATOR KOŁA ZAMACHOWEGO;tworzywo;;ø16,7x3;YT-85402;YATO;Czesci_zamienne_YT-85402.pdf;matched_manifest;https://drive.google.com/file/d/1JyGK9tm7IUdsilARaL33d8H98-eqvNrt/preview;33067
ZUN-000696;ZY85402092V2;ZABEZPIECZENIE POZIOMU OLEJU;;;1,5x2,3x12,5;YT-85402;YATO;Czesci_zamienne_YT-85402.pdf;matched_manifest;https://drive.google.com/file/d/1JyGK9tm7IUdsilARaL33d8H98-eqvNrt/preview;33069
ZUN-000697;ZY85402093V2;WŁĄCZNIK ZAPŁONU;tworzywo;;2,3x3,5x13;YT-85402;YATO;Czesci_zamienne_YT-85402.pdf;matched_manifest;https://drive.google.com/file/d/1JyGK9tm7IUdsilARaL33d8H98-eqvNrt/preview;33070
ZUN-000533;ZY85402119V2;O-RING;;ø24,8/ø33,2/ø4,2mm;ø3,32x0,42;YT-85402;YATO;Czesci_zamienne_YT-85402.pdf;matched_manifest;https://drive.google.com/file/d/1JyGK9tm7IUdsilARaL33d8H98-eqvNrt/preview;33082
ZUN-000592;ZY85402A08;ŚWIECA ZAPŁONOWA;stal/porcelana;F6TC LG// F7TC BODE;2x2,3x8,1;YT-85402;YATO;Czesci_zamienne_YT-85402.pdf;matched_manifest;https://drive.google.com/file/d/1JyGK9tm7IUdsilARaL33d8H98-eqvNrt/preview;33096
ZUN-000693;ZY85402A09;USZCZELKA GŁOWICY CYLINDRA;stal/tworzywo/stal;;0,07x9,8x11,2//0,15x9,8x11,2;YT-85402;YATO;Czesci_zamienne_YT-85402.pdf;matched_manifest;https://drive.google.com/file/d/1JyGK9tm7IUdsilARaL33d8H98-eqvNrt/preview;33097
ZUN-000714;ZY85402A10;USZCZELKA TŁUMIKA;papier grafit;;0,15x4,6x7,3;YT-85402;YATO;Czesci_zamienne_YT-85402.pdf;matched_manifest;https://drive.google.com/file/d/1JyGK9tm7IUdsilARaL33d8H98-eqvNrt/preview;33098
ZUN-000645;ZY85402B14;USZCZELKA OLEJOWA simmering;tworzywo/stal;ø25/ø41,25/6mm;ø4,125x0,6;YT-85402;YATO;Czesci_zamienne_YT-85402.pdf;matched_manifest;https://drive.google.com/file/d/1JyGK9tm7IUdsilARaL33d8H98-eqvNrt/preview;33102
ZUN-000696;ZY85402B22;ZABEZPIECZENIE POZIOMU OLEJU;;;1,5x2,3x12,5;YT-85402;YATO;Czesci_zamienne_YT-85402.pdf;matched_manifest;https://drive.google.com/file/d/1JyGK9tm7IUdsilARaL33d8H98-eqvNrt/preview;33104
ZUN-000645;ZY85402C05;USZCZELKA OLEJOWA simmering;tworzywo/stal;ø25/ø41,25/6mm;ø4,125x0,6;YT-85402;YATO;Czesci_zamienne_YT-85402.pdf;matched_manifest;https://drive.google.com/file/d/1JyGK9tm7IUdsilARaL33d8H98-eqvNrt/preview;33105
ZUN-000660;ZY85402D03;TRZPIEŃ TŁOKA sworzeń;stal;ø13,8/ø18/53,8mm;ø1,8x5,38;YT-85402;YATO;Czesci_zamienne_YT-85402.pdf;matched_manifest;https://drive.google.com/file/d/1JyGK9tm7IUdsilARaL33d8H98-eqvNrt/preview;33110
ZUN-000611;ZY85402D07;PIERŚCIEŃ USTALAJĄCY;stal;a-18/b-20/c-1mm;ø2x0,1;YT-85402;YATO;Czesci_zamienne_YT-85402.pdf;matched_manifest;https://drive.google.com/file/d/1JyGK9tm7IUdsilARaL33d8H98-eqvNrt/preview;33113
ZUN-000697;ZY85402F15;WŁĄCZNIK ZAPŁONU;tworzywo;;2,3x3,5x13;YT-85402;YATO;Czesci_zamienne_YT-85402.pdf;matched_manifest;https://drive.google.com/file/d/1JyGK9tm7IUdsilARaL33d8H98-eqvNrt/preview;33129
ZUN-000698;ZY85402H01;GAŹNIK;aluminium/stal;;5,4x10,2x10,6;YT-85402;YATO;Czesci_zamienne_YT-85402.pdf;matched_manifest;https://drive.google.com/file/d/1JyGK9tm7IUdsilARaL33d8H98-eqvNrt/preview;33131
ZUN-000707;ZY85402H34;USZCZELKA WLOTU POWIETRZA;papier;;0,06x3,37x5,65;YT-85402;YATO;Czesci_zamienne_YT-85402.pdf;matched_manifest;https://drive.google.com/file/d/1JyGK9tm7IUdsilARaL33d8H98-eqvNrt/preview;33133
ZUN-000633;ZY85402I08;WENTYLATOR KOŁA ZAMACHOWEGO;tworzywo;;ø16,7x3;YT-85402;YATO;Czesci_zamienne_YT-85402.pdf;matched_manifest;https://drive.google.com/file/d/1JyGK9tm7IUdsilARaL33d8H98-eqvNrt/preview;33136
ZUN-000532;ZY85402N12;O-RING;;ø24,7/ø32,5/ø3,9mm;ø3,25x0,39;YT-85402;YATO;Czesci_zamienne_YT-85402.pdf;matched_manifest;https://drive.google.com/file/d/1JyGK9tm7IUdsilARaL33d8H98-eqvNrt/preview;33150
ZUN-000086;ZY85403005V2;ŁOŻYSKO KULKOWE 6205 bez osłon;;6205 bez osłon;ø5,2x1,5;YT-85403;YATO;Czesci_zamienne_YT-85403.pdf;matched_manifest;https://drive.google.com/file/d/1KaVW_wBg-NytHgqVswuu1Qb2egHq-7i3/preview;33158
ZUN-000645;ZY85403010V2;USZCZELKA OLEJOWA simmering;tworzywo/stal;ø25/ø41,25/6mm;ø4,125x0,6;YT-85403;YATO;Czesci_zamienne_YT-85403.pdf;matched_manifest;https://drive.google.com/file/d/1KaVW_wBg-NytHgqVswuu1Qb2egHq-7i3/preview;33160
ZUN-000611;ZY85403013V2;PIERŚCIEŃ USTALAJĄCY;stal;a-18/b-20/c-1mm;ø2x0,1;YT-85403;YATO;Czesci_zamienne_YT-85403.pdf;matched_manifest;https://drive.google.com/file/d/1KaVW_wBg-NytHgqVswuu1Qb2egHq-7i3/preview;33162
ZUN-000660;ZY85403015V2;TRZPIEŃ TŁOKA sworzeń;stal;ø13,8/ø18/53,8mm;ø1,8x5,38;YT-85403;YATO;Czesci_zamienne_YT-85403.pdf;matched_manifest;https://drive.google.com/file/d/1KaVW_wBg-NytHgqVswuu1Qb2egHq-7i3/preview;33164
ZUN-000086;ZY85403020V2;ŁOŻYSKO KULKOWE 6205 bez osłon;;6205 bez osłon;ø5,2x1,5;YT-85403;YATO;Czesci_zamienne_YT-85403.pdf;matched_manifest;https://drive.google.com/file/d/1KaVW_wBg-NytHgqVswuu1Qb2egHq-7i3/preview;33168
ZUN-000645;ZY85403021V2;USZCZELKA OLEJOWA simmering;tworzywo/stal;ø25/ø41,25/6mm;ø4,125x0,6;YT-85403;YATO;Czesci_zamienne_YT-85403.pdf;matched_manifest;https://drive.google.com/file/d/1KaVW_wBg-NytHgqVswuu1Qb2egHq-7i3/preview;33169
ZUN-000714;ZY85403048V2;USZCZELKA TŁUMIKA;papier grafit;;0,15x4,6x7,3;YT-85403;YATO;Czesci_zamienne_YT-85403.pdf;matched_manifest;https://drive.google.com/file/d/1KaVW_wBg-NytHgqVswuu1Qb2egHq-7i3/preview;33181
ZUN-000693;ZY85403056V2;USZCZELKA GŁOWICY CYLINDRA;stal/tworzywo/stal;;0,07x9,8x11,2//0,15x9,8x11,2;YT-85403;YATO;Czesci_zamienne_YT-85403.pdf;matched_manifest;https://drive.google.com/file/d/1KaVW_wBg-NytHgqVswuu1Qb2egHq-7i3/preview;33183
ZUN-000592;ZY85403059V2;ŚWIECA ZAPŁONOWA;stal/porcelana;F6TC LG// F7TC BODE;2x2,3x8,1;YT-85403;YATO;Czesci_zamienne_YT-85403.pdf;matched_manifest;https://drive.google.com/file/d/1KaVW_wBg-NytHgqVswuu1Qb2egHq-7i3/preview;33186
ZUN-000707;ZY85403079V2;USZCZELKA WLOTU POWIETRZA;papier;;0,06x3,37x5,65;YT-85403;YATO;Czesci_zamienne_YT-85403.pdf;matched_manifest;https://drive.google.com/file/d/1KaVW_wBg-NytHgqVswuu1Qb2egHq-7i3/preview;33192
ZUN-000708;ZY85403081V2;USZCZELKA GAŹNIK FILTR;papier;;0,05x3,74x5,78;YT-85403;YATO;Czesci_zamienne_YT-85403.pdf;matched_manifest;https://drive.google.com/file/d/1KaVW_wBg-NytHgqVswuu1Qb2egHq-7i3/preview;33193
ZUN-000710;ZY85403082V2;USZCZELKA GAŹNIK CYLINDER;papier;;0,05x3,5x5,6;YT-85403;YATO;Czesci_zamienne_YT-85403.pdf;matched_manifest;https://drive.google.com/file/d/1KaVW_wBg-NytHgqVswuu1Qb2egHq-7i3/preview;33194
ZUN-000698;ZY85403083V2;GAŹNIK;aluminium/stal;;5,4x10,2x10,6;YT-85403;YATO;Czesci_zamienne_YT-85403.pdf;matched_manifest;https://drive.google.com/file/d/1KaVW_wBg-NytHgqVswuu1Qb2egHq-7i3/preview;33195
ZUN-000633;ZY85403085V2;WENTYLATOR KOŁA ZAMACHOWEGO;tworzywo;;ø16,7x3;YT-85403;YATO;Czesci_zamienne_YT-85403.pdf;matched_manifest;https://drive.google.com/file/d/1KaVW_wBg-NytHgqVswuu1Qb2egHq-7i3/preview;33197
ZUN-000696;ZY85403092V2;ZABEZPIECZENIE POZIOMU OLEJU;;;1,5x2,3x12,5;YT-85403;YATO;Czesci_zamienne_YT-85403.pdf;matched_manifest;https://drive.google.com/file/d/1KaVW_wBg-NytHgqVswuu1Qb2egHq-7i3/preview;33199
ZUN-000697;ZY85403093V2;WŁĄCZNIK ZAPŁONU;tworzywo;;2,3x3,5x13;YT-85403;YATO;Czesci_zamienne_YT-85403.pdf;matched_manifest;https://drive.google.com/file/d/1KaVW_wBg-NytHgqVswuu1Qb2egHq-7i3/preview;33200
ZUN-000533;ZY85403119V2;O-RING;;ø24,8/ø33,2/ø4,2mm;ø3,32x0,42;YT-85403;YATO;Czesci_zamienne_YT-85403.pdf;matched_manifest;https://drive.google.com/file/d/1KaVW_wBg-NytHgqVswuu1Qb2egHq-7i3/preview;33212
ZUN-000592;ZY85403A08;ŚWIECA ZAPŁONOWA;stal/porcelana;F6TC LG// F7TC BODE;2x2,3x8,1;YT-85403;YATO;Czesci_zamienne_YT-85403.pdf;matched_manifest;https://drive.google.com/file/d/1KaVW_wBg-NytHgqVswuu1Qb2egHq-7i3/preview;33225
ZUN-000693;ZY85403A09;USZCZELKA GŁOWICY CYLINDRA;stal/tworzywo/stal;;0,07x9,8x11,2//0,15x9,8x11,2;YT-85403;YATO;Czesci_zamienne_YT-85403.pdf;matched_manifest;https://drive.google.com/file/d/1KaVW_wBg-NytHgqVswuu1Qb2egHq-7i3/preview;33226
ZUN-000714;ZY85403A10;USZCZELKA TŁUMIKA;papier grafit;;0,15x4,6x7,3;YT-85403;YATO;Czesci_zamienne_YT-85403.pdf;matched_manifest;https://drive.google.com/file/d/1KaVW_wBg-NytHgqVswuu1Qb2egHq-7i3/preview;33227
ZUN-000086;ZY85403B13;ŁOŻYSKO KULKOWE 6205 bez osłon;;6205 bez osłon;ø5,2x1,5;YT-85403;YATO;Czesci_zamienne_YT-85403.pdf;matched_manifest;https://drive.google.com/file/d/1KaVW_wBg-NytHgqVswuu1Qb2egHq-7i3/preview;33230
ZUN-000645;ZY85403B14;USZCZELKA OLEJOWA simmering;tworzywo/stal;ø25/ø41,25/6mm;ø4,125x0,6;YT-85403;YATO;Czesci_zamienne_YT-85403.pdf;matched_manifest;https://drive.google.com/file/d/1KaVW_wBg-NytHgqVswuu1Qb2egHq-7i3/preview;33231
ZUN-000696;ZY85403B22;ZABEZPIECZENIE POZIOMU OLEJU;;;1,5x2,3x12,5;YT-85403;YATO;Czesci_zamienne_YT-85403.pdf;matched_manifest;https://drive.google.com/file/d/1KaVW_wBg-NytHgqVswuu1Qb2egHq-7i3/preview;33233
ZUN-000645;ZY85403C05;USZCZELKA OLEJOWA simmering;tworzywo/stal;ø25/ø41,25/6mm;ø4,125x0,6;YT-85403;YATO;Czesci_zamienne_YT-85403.pdf;matched_manifest;https://drive.google.com/file/d/1KaVW_wBg-NytHgqVswuu1Qb2egHq-7i3/preview;33234
ZUN-000086;ZY85403C06;ŁOŻYSKO KULKOWE 6205 bez osłon;;6205 bez osłon;ø5,2x1,5;YT-85403;YATO;Czesci_zamienne_YT-85403.pdf;matched_manifest;https://drive.google.com/file/d/1KaVW_wBg-NytHgqVswuu1Qb2egHq-7i3/preview;33235
ZUN-000660;ZY85403D03;TRZPIEŃ TŁOKA sworzeń;stal;ø13,8/ø18/53,8mm;ø1,8x5,38;YT-85403;YATO;Czesci_zamienne_YT-85403.pdf;matched_manifest;https://drive.google.com/file/d/1KaVW_wBg-NytHgqVswuu1Qb2egHq-7i3/preview;33239
ZUN-000611;ZY85403D07;PIERŚCIEŃ USTALAJĄCY;stal;a-18/b-20/c-1mm;ø2x0,1;YT-85403;YATO;Czesci_zamienne_YT-85403.pdf;matched_manifest;https://drive.google.com/file/d/1KaVW_wBg-NytHgqVswuu1Qb2egHq-7i3/preview;33242
ZUN-000697;ZY85403F15;WŁĄCZNIK ZAPŁONU;tworzywo;;2,3x3,5x13;YT-85403;YATO;Czesci_zamienne_YT-85403.pdf;matched_manifest;https://drive.google.com/file/d/1KaVW_wBg-NytHgqVswuu1Qb2egHq-7i3/preview;33258
ZUN-000698;ZY85403H01;GAŹNIK;aluminium/stal;;5,4x10,2x10,6;YT-85403;YATO;Czesci_zamienne_YT-85403.pdf;matched_manifest;https://drive.google.com/file/d/1KaVW_wBg-NytHgqVswuu1Qb2egHq-7i3/preview;33260
ZUN-000707;ZY85403H34;USZCZELKA WLOTU POWIETRZA;papier;;0,06x3,37x5,65;YT-85403;YATO;Czesci_zamienne_YT-85403.pdf;matched_manifest;https://drive.google.com/file/d/1KaVW_wBg-NytHgqVswuu1Qb2egHq-7i3/preview;33262
ZUN-000633;ZY85403I08;WENTYLATOR KOŁA ZAMACHOWEGO;tworzywo;;ø16,7x3;YT-85403;YATO;Czesci_zamienne_YT-85403.pdf;matched_manifest;https://drive.google.com/file/d/1KaVW_wBg-NytHgqVswuu1Qb2egHq-7i3/preview;33265
ZUN-000532;ZY85403N12;O-RING;;ø24,7/ø32,5/ø3,9mm;ø3,25x0,39;YT-85403;YATO;Czesci_zamienne_YT-85403.pdf;matched_manifest;https://drive.google.com/file/d/1KaVW_wBg-NytHgqVswuu1Qb2egHq-7i3/preview;33280
ZUN-000548;ZY85421063;WŁĄCZNIK 0 zwarty;tworzywo/stal/?;KCD3 6(3)A 250V T85;1,5x2,13x2,67;YT-85421;YATO;Czesci_zamienne_YT-85421.pdf;matched_manifest;https://drive.google.com/file/d/1ZAH4gzJ5PUaxA0FxVFCxUH_nXSXaDk56/preview;33307
ZUN-000605;ZY85421094;PIERŚCIEŃ trzpienia tłoka;stal;b-11,5mm/ c-1mm;0,1x1x1,15;YT-85421;YATO;Czesci_zamienne_YT-85421.pdf;matched_manifest;https://drive.google.com/file/d/1ZAH4gzJ5PUaxA0FxVFCxUH_nXSXaDk56/preview;33333
ZUN-000661;ZY85421095;TRZPIEŃ TŁOKA sworzeń;stal;ø5,6/ø10/32,5mm;ø1x3,2;YT-85421;YATO;Czesci_zamienne_YT-85421.pdf;matched_manifest;https://drive.google.com/file/d/1ZAH4gzJ5PUaxA0FxVFCxUH_nXSXaDk56/preview;33334
ZUN-000084;ZY85421098;ŁOŻYSKO KULKOWE 6203 bez osłon;;6203 bez osłon;ø4x1,2;YT-85421;YATO;Czesci_zamienne_YT-85421.pdf;matched_manifest;https://drive.google.com/file/d/1ZAH4gzJ5PUaxA0FxVFCxUH_nXSXaDk56/preview;33337
ZUN-000162;ZY85421099;KLIN CZÓŁENKOWY;;3/5/12mm;0,3x0,5x1,2;YT-85421;YATO;Czesci_zamienne_YT-85421.pdf;matched_manifest;https://drive.google.com/file/d/1ZAH4gzJ5PUaxA0FxVFCxUH_nXSXaDk56/preview;33338
ZUN-000548;ZY85422070;WŁĄCZNIK 0 zwarty;tworzywo/stal/?;KCD3 6(3)A 250V T85;1,5x2,13x2,67;YT-85422;YATO;Czesci_zamienne_YT-85422.pdf;matched_manifest;https://drive.google.com/file/d/1hgAz_RLG0FiMzR54SXeGAbrh5wtyVkrU/preview;33407
ZUN-000500;ZY85422093;O-RING;;ø6,2/ø10/ø1,9mm;ø1,0x0,19;YT-85422;YATO;Czesci_zamienne_YT-85422.pdf;matched_manifest;https://drive.google.com/file/d/1hgAz_RLG0FiMzR54SXeGAbrh5wtyVkrU/preview;33424
ZUN-000046;ZY85422108;ŁOŻYSKO KULKOWE 6204 bez osłon;;6204 bez osłon;ø4,7x1,4;YT-85422;YATO;Czesci_zamienne_YT-85422.pdf;matched_manifest;https://drive.google.com/file/d/1hgAz_RLG0FiMzR54SXeGAbrh5wtyVkrU/preview;33438
ZUN-000215;ZY85422111;PIERŚCIEŃ USTALAJĄCY;stal;a-5,9mm/ b-11,9mm/ c-0,9mm;ø1,19x0,1;YT-85422;YATO;Czesci_zamienne_YT-85422.pdf;matched_manifest;https://drive.google.com/file/d/1hgAz_RLG0FiMzR54SXeGAbrh5wtyVkrU/preview;33441
ZUN-000162;ZY85422114;KLIN CZÓŁENKOWY;;3/5/12mm;0,3x0,5x1,2;YT-85422;YATO;Czesci_zamienne_YT-85422.pdf;matched_manifest;https://drive.google.com/file/d/1hgAz_RLG0FiMzR54SXeGAbrh5wtyVkrU/preview;33444
ZUN-000606;ZY85422116;PIERŚCIEŃ ZABEZPIECZAJĄCY;stal;b-15mm/ c-1mm;0,1x1,3x1,5;YT-85422;YATO;Czesci_zamienne_YT-85422.pdf;matched_manifest;https://drive.google.com/file/d/1hgAz_RLG0FiMzR54SXeGAbrh5wtyVkrU/preview;33446
ZUN-000086;ZY85432003;ŁOŻYSKO KULKOWE 6205 bez osłon;;6205 bez osłon;ø5,2x1,5;YT-85432;YATO;Czesci_zamienne_YT-85432.pdf;matched_manifest;https://drive.google.com/file/d/1SWyj4LnzNHp_djUvo2DWFH4wUpD9WKib/preview;33494
ZUN-000645;ZY85432004;USZCZELKA OLEJOWA simmering;tworzywo/stal;ø25/ø41,25/6mm;ø4,125x0,6;YT-85432;YATO;Czesci_zamienne_YT-85432.pdf;matched_manifest;https://drive.google.com/file/d/1SWyj4LnzNHp_djUvo2DWFH4wUpD9WKib/preview;33495
ZUN-000611;ZY85432013;PIERŚCIEŃ USTALAJĄCY trzpienia tłoka;stal;a-18/b-20/c-1mm;ø2x0,1;YT-85432;YATO;Czesci_zamienne_YT-85432.pdf;matched_manifest;https://drive.google.com/file/d/1SWyj4LnzNHp_djUvo2DWFH4wUpD9WKib/preview;33503
ZUN-000660;ZY85432014;TRZPIEŃ TŁOKA sworzeń;stal;ø13,8/ø18/53,8mm;ø1,8x5,38;YT-85432;YATO;Czesci_zamienne_YT-85432.pdf;matched_manifest;https://drive.google.com/file/d/1SWyj4LnzNHp_djUvo2DWFH4wUpD9WKib/preview;33504
ZUN-000693;ZY85432034;USZCZELKA GŁOWICY CYLINDRA;stal/tworzywo/stal;;0,07x9,8x11,2//0,15x9,8x11,2;YT-85432;YATO;Czesci_zamienne_YT-85432.pdf;matched_manifest;https://drive.google.com/file/d/1SWyj4LnzNHp_djUvo2DWFH4wUpD9WKib/preview;33521
ZUN-000592;ZY85432037;ŚWIECA ZAPŁONOWA;stal/porcelana;F6TC LG// F7TC BODE;2x2,3x8,1;YT-85432;YATO;Czesci_zamienne_YT-85432.pdf;matched_manifest;https://drive.google.com/file/d/1SWyj4LnzNHp_djUvo2DWFH4wUpD9WKib/preview;33524
ZUN-000086;ZY85432043;ŁOŻYSKO KULKOWE 6205 bez osłon;;6205 bez osłon;ø5,2x1,5;YT-85432;YATO;Czesci_zamienne_YT-85432.pdf;matched_manifest;https://drive.google.com/file/d/1SWyj4LnzNHp_djUvo2DWFH4wUpD9WKib/preview;33529
ZUN-000645;ZY85432044;USZCZELKA OLEJOWA simmering;tworzywo/stal;ø25/ø41,25/6mm;ø4,125x0,6;YT-85432;YATO;Czesci_zamienne_YT-85432.pdf;matched_manifest;https://drive.google.com/file/d/1SWyj4LnzNHp_djUvo2DWFH4wUpD9WKib/preview;33530
ZUN-000707;ZY85432062;USZCZELKA WLOTU POWIETRZA;papier;;0,06x3,37x5,65;YT-85432;YATO;Czesci_zamienne_YT-85432.pdf;matched_manifest;https://drive.google.com/file/d/1SWyj4LnzNHp_djUvo2DWFH4wUpD9WKib/preview;33536
ZUN-000708;ZY85432064;USZCZELKA GAŹNIK FILTR;papier;;0,05x3,74x5,78;YT-85432;YATO;Czesci_zamienne_YT-85432.pdf;matched_manifest;https://drive.google.com/file/d/1SWyj4LnzNHp_djUvo2DWFH4wUpD9WKib/preview;33537
ZUN-000633;ZY85432070;WENTYLATOR KOŁA ZAMACHOWEGO;tworzywo;;ø16,7x3;YT-85432;YATO;Czesci_zamienne_YT-85432.pdf;matched_manifest;https://drive.google.com/file/d/1SWyj4LnzNHp_djUvo2DWFH4wUpD9WKib/preview;33542
ZUN-000696;ZY85432073;ZABEZPIECZENIE POZIOMU OLEJU;;;1,5x2,3x12,5;YT-85432;YATO;Czesci_zamienne_YT-85432.pdf;matched_manifest;https://drive.google.com/file/d/1SWyj4LnzNHp_djUvo2DWFH4wUpD9WKib/preview;33545
ZUN-000714;ZY85432091;USZCZELKA TŁUMIKA;papier grafit;;0,15x4,6x7,3;YT-85432;YATO;Czesci_zamienne_YT-85432.pdf;matched_manifest;https://drive.google.com/file/d/1SWyj4LnzNHp_djUvo2DWFH4wUpD9WKib/preview;33551
ZUN-000078;ZY85432116;ŁOŻYSKO KULKOWE 6202 bez osłon;;6202 bez osłon;ø3,5x1,1;YT-85432;YATO;Czesci_zamienne_YT-85432.pdf;matched_manifest;https://drive.google.com/file/d/1SWyj4LnzNHp_djUvo2DWFH4wUpD9WKib/preview;33563
ZUN-000695;ZY85432138;KÓŁKO;tworzywo/stal;2,50-4 2PR;ø21x5,5;YT-85432;YATO;Czesci_zamienne_YT-85432.pdf;matched_manifest;https://drive.google.com/file/d/1SWyj4LnzNHp_djUvo2DWFH4wUpD9WKib/preview;33574
ZUN-000455;ZY85432141;NAKRĘTKA SAMOKONTRUJĄCA z kołnierzem;;M8;ø1,7x1,1;YT-85432;YATO;Czesci_zamienne_YT-85432.pdf;matched_manifest;https://drive.google.com/file/d/1SWyj4LnzNHp_djUvo2DWFH4wUpD9WKib/preview;33577
ZUN-000696;ZY85434004;ZABEZPIECZENIE POZIOMU OLEJU;;;1,5x2,3x12,5;YT-85434;YATO;Czesci_zamienne_YT-85434.pdf;matched_manifest;https://drive.google.com/file/d/185-R-KLouCmBhpSYEe1URl-ntVeAsEnH/preview;33581
ZUN-000636;ZY85434007;USZCZELKA OLEJOWA simmering;tworzywo/stal;ø7,6/ø14,2/3,8mm;ø1,4x0,4;YT-85434;YATO;Czesci_zamienne_YT-85434.pdf;matched_manifest;https://drive.google.com/file/d/185-R-KLouCmBhpSYEe1URl-ntVeAsEnH/preview;33582
ZUN-000051;ZY85434013;ŁOŻYSKO KULKOWE 6206;;6206 bez osłon;ø6,2x1,6;YT-85434;YATO;Czesci_zamienne_YT-85434.pdf;matched_manifest;https://drive.google.com/file/d/185-R-KLouCmBhpSYEe1URl-ntVeAsEnH/preview;33586
ZUN-000078;ZY85434015;ŁOŻYSKO KULKOWE 6202 bez osłon;;6202 bez osłon;ø3,5x1,1;YT-85434;YATO;Czesci_zamienne_YT-85434.pdf;matched_manifest;https://drive.google.com/file/d/185-R-KLouCmBhpSYEe1URl-ntVeAsEnH/preview;33588
ZUN-000051;ZY85434019;ŁOŻYSKO KULKOWE 6206;;6206 bez osłon;ø6,2x1,6;YT-85434;YATO;Czesci_zamienne_YT-85434.pdf;matched_manifest;https://drive.google.com/file/d/185-R-KLouCmBhpSYEe1URl-ntVeAsEnH/preview;33591
ZUN-000611;ZY85434043;PIERŚCIEŃ USTALAJĄCY trzpienia tłoka;stal;a-18/b-20/c-1mm;ø2x0,1;YT-85434;YATO;Czesci_zamienne_YT-85434.pdf;matched_manifest;https://drive.google.com/file/d/185-R-KLouCmBhpSYEe1URl-ntVeAsEnH/preview;33613
ZUN-000592;ZY85434050;ŚWIECA ZAPŁONOWA;stal/porcelana;F6TC LG// F7TC BODE;2x2,3x8,1;YT-85434;YATO;Czesci_zamienne_YT-85434.pdf;matched_manifest;https://drive.google.com/file/d/185-R-KLouCmBhpSYEe1URl-ntVeAsEnH/preview;33620
ZUN-000709;ZY85434065;USZCZELKA GAŹNIK FILTR;papier;;0,05x3,74x6,3;YT-85434;YATO;Czesci_zamienne_YT-85434.pdf;matched_manifest;https://drive.google.com/file/d/185-R-KLouCmBhpSYEe1URl-ntVeAsEnH/preview;33632
ZUN-000711;ZY85434067;USZCZELKA FILTRU POWIETRZA;;;0,05x3,6x6,84;YT-85434;YATO;Czesci_zamienne_YT-85434.pdf;matched_manifest;https://drive.google.com/file/d/185-R-KLouCmBhpSYEe1URl-ntVeAsEnH/preview;33633
ZUN-000692;ZY85434075;CEWKA ŁADUJĄCA;stal/miedź/tworzywo;SC 1308;2,2x2,8x11;YT-85434;YATO;Czesci_zamienne_YT-85434.pdf;matched_manifest;https://drive.google.com/file/d/185-R-KLouCmBhpSYEe1URl-ntVeAsEnH/preview;33640
ZUN-000712;ZY85434097;USZCZELKA TŁUMIKA;papier grafit;;0,15x4,6x7,3;YT-85434;YATO;Czesci_zamienne_YT-85434.pdf;matched_manifest;https://drive.google.com/file/d/185-R-KLouCmBhpSYEe1URl-ntVeAsEnH/preview;33656
ZUN-000713;ZY85434100;USZCZELKA TŁUMIKA;papier grafit;;0,15x4,6x7,3;YT-85434;YATO;Czesci_zamienne_YT-85434.pdf;matched_manifest;https://drive.google.com/file/d/185-R-KLouCmBhpSYEe1URl-ntVeAsEnH/preview;33659
ZUN-000046;ZY85434127;ŁOŻYSKO KULKOWE 6204 bez osłon;;6204 bez osłon;ø4,7x1,4;YT-85434;YATO;Czesci_zamienne_YT-85434.pdf;matched_manifest;https://drive.google.com/file/d/185-R-KLouCmBhpSYEe1URl-ntVeAsEnH/preview;33674
ZUN-000691;ZY85434139;AKUMULATOR ŻELOWY;;6DM9 12V 9Ah;7,6x13x13,6;YT-85434;YATO;Czesci_zamienne_YT-85434.pdf;matched_manifest;https://drive.google.com/file/d/185-R-KLouCmBhpSYEe1URl-ntVeAsEnH/preview;33684
ZUN-000695;ZY85434146;KÓŁKO;tworzywo/stal;2,50-4 2PR;ø21x5,5;YT-85434;YATO;Czesci_zamienne_YT-85434.pdf;matched_manifest;https://drive.google.com/file/d/185-R-KLouCmBhpSYEe1URl-ntVeAsEnH/preview;33688
ZUN-000455;ZY85434149;NAKRĘTKA SAMOKONTRUJĄCA z kołnierzem;;M8;ø1,7x1,1;YT-85434;YATO;Czesci_zamienne_YT-85434.pdf;matched_manifest;https://drive.google.com/file/d/185-R-KLouCmBhpSYEe1URl-ntVeAsEnH/preview;33691
ZUN-000696;ZY85437004;ZABEZPIECZENIE POZIOMU OLEJU;;;1,5x2,3x12,5;YT-85437;YATO;Czesci_zamienne_YT-85437.pdf;matched_manifest;https://drive.google.com/file/d/1ZE2hekusOzLQj0hWcVBqAGe1YsFzTBtF/preview;33700
ZUN-000636;ZY85437007;USZCZELKA OLEJOWA simmering;tworzywo/stal;ø7,6/ø14,2/3,8mm;ø1,4x0,4;YT-85437;YATO;Czesci_zamienne_YT-85437.pdf;matched_manifest;https://drive.google.com/file/d/1ZE2hekusOzLQj0hWcVBqAGe1YsFzTBtF/preview;33701
ZUN-000053;ZY85437013;ŁOŻYSKO KULKOWE 6207 bez osłon;;6207 bez osłon;ø7,2x1,7;YT-85437;YATO;Czesci_zamienne_YT-85437.pdf;matched_manifest;https://drive.google.com/file/d/1ZE2hekusOzLQj0hWcVBqAGe1YsFzTBtF/preview;33705
ZUN-000078;ZY85437015;ŁOŻYSKO KULKOWE 6202 bez osłon;;6202 bez osłon;ø3,5x1,1;YT-85437;YATO;Czesci_zamienne_YT-85437.pdf;matched_manifest;https://drive.google.com/file/d/1ZE2hekusOzLQj0hWcVBqAGe1YsFzTBtF/preview;33707
ZUN-000053;ZY85437019;ŁOŻYSKO KULKOWE 6207 bez osłon;;6207 bez osłon;ø7,2x1,7;YT-85437;YATO;Czesci_zamienne_YT-85437.pdf;matched_manifest;https://drive.google.com/file/d/1ZE2hekusOzLQj0hWcVBqAGe1YsFzTBtF/preview;33710
ZUN-000663;ZY85437044;TRZPIEŃ TŁOKA sworzeń;stal;ø14,9/ø20/62mm;ø2x6,2;YT-85437;YATO;Czesci_zamienne_YT-85437.pdf;matched_manifest;https://drive.google.com/file/d/1ZE2hekusOzLQj0hWcVBqAGe1YsFzTBtF/preview;33733
ZUN-000694;ZY85437047;USZCZELKA GŁOWICY CYLINDRA;tworzywo/stal;;0,15x12,5x13,5;YT-85437;YATO;Czesci_zamienne_YT-85437.pdf;matched_manifest;https://drive.google.com/file/d/1ZE2hekusOzLQj0hWcVBqAGe1YsFzTBtF/preview;33736
ZUN-000592;ZY85437050;ŚWIECA ZAPŁONOWA;stal/porcelana;F6TC LG// F7TC BODE;2x2,3x8,1;YT-85437;YATO;Czesci_zamienne_YT-85437.pdf;matched_manifest;https://drive.google.com/file/d/1ZE2hekusOzLQj0hWcVBqAGe1YsFzTBtF/preview;33739
ZUN-000709;ZY85437065;USZCZELKA GAŹNIK FILTR;papier;;0,05x3,74x6,3;YT-85437;YATO;Czesci_zamienne_YT-85437.pdf;matched_manifest;https://drive.google.com/file/d/1ZE2hekusOzLQj0hWcVBqAGe1YsFzTBtF/preview;33752
ZUN-000711;ZY85437067;USZCZELKA FILTRU POWIETRZA;;;0,05x3,6x6,84;YT-85437;YATO;Czesci_zamienne_YT-85437.pdf;matched_manifest;https://drive.google.com/file/d/1ZE2hekusOzLQj0hWcVBqAGe1YsFzTBtF/preview;33753
ZUN-000692;ZY85437075;CEWKA ŁADUJĄCA;stal/miedź/tworzywo;SC 1308;2,2x2,8x11;YT-85437;YATO;Czesci_zamienne_YT-85437.pdf;matched_manifest;https://drive.google.com/file/d/1ZE2hekusOzLQj0hWcVBqAGe1YsFzTBtF/preview;33760
ZUN-000712;ZY85437097;USZCZELKA TŁUMIKA;papier grafit;;0,15x4,6x7,3;YT-85437;YATO;Czesci_zamienne_YT-85437.pdf;matched_manifest;https://drive.google.com/file/d/1ZE2hekusOzLQj0hWcVBqAGe1YsFzTBtF/preview;33777
ZUN-000713;ZY85437100;USZCZELKA TŁUMIKA;papier grafit;;0,15x4,6x7,3;YT-85437;YATO;Czesci_zamienne_YT-85437.pdf;matched_manifest;https://drive.google.com/file/d/1ZE2hekusOzLQj0hWcVBqAGe1YsFzTBtF/preview;33779
ZUN-000046;ZY85437127;ŁOŻYSKO KULKOWE 6204 bez osłon;;6204 bez osłon;ø4,7x1,4;YT-85437;YATO;Czesci_zamienne_YT-85437.pdf;matched_manifest;https://drive.google.com/file/d/1ZE2hekusOzLQj0hWcVBqAGe1YsFzTBtF/preview;33794
ZUN-000691;ZY85437139;AKUMULATOR ŻELOWY;;6DM9 12V 9Ah;7,6x13x13,6;YT-85437;YATO;Czesci_zamienne_YT-85437.pdf;matched_manifest;https://drive.google.com/file/d/1ZE2hekusOzLQj0hWcVBqAGe1YsFzTBtF/preview;33805
ZUN-000695;ZY85437146;KÓŁKO;tworzywo/stal;2,50-4 2PR;ø21x5,5;YT-85437;YATO;Czesci_zamienne_YT-85437.pdf;matched_manifest;https://drive.google.com/file/d/1ZE2hekusOzLQj0hWcVBqAGe1YsFzTBtF/preview;33809
ZUN-000455;ZY85437149;NAKRĘTKA SAMOKONTRUJĄCA z kołnierzem;;M8;ø1,7x1,1;YT-85437;YATO;Czesci_zamienne_YT-85437.pdf;matched_manifest;https://drive.google.com/file/d/1ZE2hekusOzLQj0hWcVBqAGe1YsFzTBtF/preview;33812
ZUN-000696;ZY85440004;ZABEZPIECZENIE POZIOMU OLEJU;;;1,5x2,3x12,5;YT-85440;YATO;Czesci_zamienne_YT-85440.pdf;matched_manifest;https://drive.google.com/file/d/1i1ItLf9iro3wn2Bnis5HsnM3zNNFgiYm/preview;33821
ZUN-000636;ZY85440007;USZCZELKA OLEJOWA simmering;tworzywo/stal;ø7,6/ø14,2/3,8mm;ø1,4x0,4;YT-85440;YATO;Czesci_zamienne_YT-85440.pdf;matched_manifest;https://drive.google.com/file/d/1i1ItLf9iro3wn2Bnis5HsnM3zNNFgiYm/preview;33822
ZUN-000053;ZY85440013;ŁOŻYSKO KULKOWE 6207 bez osłon;;6207 bez osłon;ø7,2x1,7;YT-85440;YATO;Czesci_zamienne_YT-85440.pdf;matched_manifest;https://drive.google.com/file/d/1i1ItLf9iro3wn2Bnis5HsnM3zNNFgiYm/preview;33826
ZUN-000078;ZY85440015;ŁOŻYSKO KULKOWE 6202 bez osłon;;6202 bez osłon;ø3,5x1,1;YT-85440;YATO;Czesci_zamienne_YT-85440.pdf;matched_manifest;https://drive.google.com/file/d/1i1ItLf9iro3wn2Bnis5HsnM3zNNFgiYm/preview;33828
ZUN-000053;ZY85440019;ŁOŻYSKO KULKOWE 6207 bez osłon;;6207 bez osłon;ø7,2x1,7;YT-85440;YATO;Czesci_zamienne_YT-85440.pdf;matched_manifest;https://drive.google.com/file/d/1i1ItLf9iro3wn2Bnis5HsnM3zNNFgiYm/preview;33831
ZUN-000663;ZY85440044;TRZPIEŃ TŁOKA sworzeń;stal;ø14,9/ø20/62mm;ø2x6,2;YT-85440;YATO;Czesci_zamienne_YT-85440.pdf;matched_manifest;https://drive.google.com/file/d/1i1ItLf9iro3wn2Bnis5HsnM3zNNFgiYm/preview;33854
ZUN-000694;ZY85440047;USZCZELKA GŁOWICY CYLINDRA;tworzywo/stal;;0,15x12,5x13,5;YT-85440;YATO;Czesci_zamienne_YT-85440.pdf;matched_manifest;https://drive.google.com/file/d/1i1ItLf9iro3wn2Bnis5HsnM3zNNFgiYm/preview;33857
ZUN-000592;ZY85440050;ŚWIECA ZAPŁONOWA;stal/porcelana;F6TC LG// F7TC BODE;2x2,3x8,1;YT-85440;YATO;Czesci_zamienne_YT-85440.pdf;matched_manifest;https://drive.google.com/file/d/1i1ItLf9iro3wn2Bnis5HsnM3zNNFgiYm/preview;33860
ZUN-000709;ZY85440065;USZCZELKA GAŹNIK FILTR;papier;;0,05x3,74x6,3;YT-85440;YATO;Czesci_zamienne_YT-85440.pdf;matched_manifest;https://drive.google.com/file/d/1i1ItLf9iro3wn2Bnis5HsnM3zNNFgiYm/preview;33872
ZUN-000711;ZY85440067;USZCZELKA FILTRU POWIETRZA;;;0,05x3,6x6,84;YT-85440;YATO;Czesci_zamienne_YT-85440.pdf;matched_manifest;https://drive.google.com/file/d/1i1ItLf9iro3wn2Bnis5HsnM3zNNFgiYm/preview;33873
ZUN-000692;ZY85440075;CEWKA ŁADUJĄCA;stal/miedź/tworzywo;SC 1308;2,2x2,8x11;YT-85440;YATO;Czesci_zamienne_YT-85440.pdf;matched_manifest;https://drive.google.com/file/d/1i1ItLf9iro3wn2Bnis5HsnM3zNNFgiYm/preview;33880
ZUN-000712;ZY85440097;USZCZELKA TŁUMIKA;papier grafit;;0,15x4,6x7,3;YT-85440;YATO;Czesci_zamienne_YT-85440.pdf;matched_manifest;https://drive.google.com/file/d/1i1ItLf9iro3wn2Bnis5HsnM3zNNFgiYm/preview;33897
ZUN-000713;ZY85440100;USZCZELKA TŁUMIKA;papier grafit;;0,15x4,6x7,3;YT-85440;YATO;Czesci_zamienne_YT-85440.pdf;matched_manifest;https://drive.google.com/file/d/1i1ItLf9iro3wn2Bnis5HsnM3zNNFgiYm/preview;33899
ZUN-000086;ZY85440127;ŁOŻYSKO KULKOWE 6205 bez osłon;;6205 bez osłon;ø5,2x1,5;YT-85440;YATO;Czesci_zamienne_YT-85440.pdf;matched_manifest;https://drive.google.com/file/d/1i1ItLf9iro3wn2Bnis5HsnM3zNNFgiYm/preview;33914
ZUN-000691;ZY85440139;AKUMULATOR ŻELOWY;;6DM9 12V 9Ah;7,6x13x13,6;YT-85440;YATO;Czesci_zamienne_YT-85440.pdf;matched_manifest;https://drive.google.com/file/d/1i1ItLf9iro3wn2Bnis5HsnM3zNNFgiYm/preview;33924
ZUN-000695;ZY85440146;KÓŁKO;tworzywo/stal;2,50-4 2PR;ø21x5,5;YT-85440;YATO;Czesci_zamienne_YT-85440.pdf;matched_manifest;https://drive.google.com/file/d/1i1ItLf9iro3wn2Bnis5HsnM3zNNFgiYm/preview;33928
ZUN-000455;ZY85440149;NAKRĘTKA SAMOKONTRUJĄCA z kołnierzem;;M8;ø1,7x1,1;YT-85440;YATO;Czesci_zamienne_YT-85440.pdf;matched_manifest;https://drive.google.com/file/d/1i1ItLf9iro3wn2Bnis5HsnM3zNNFgiYm/preview;33931
ZUN-000591;ZY85451-037;ŚWIECA;stal/porcelana;F6RTC;2x2,3x8;YT-85451;YATO;Czesci_zamienne_YT-85451.pdf;matched_manifest;https://drive.google.com/file/d/1yOKvrhCkamy_9abFW1MZxuela2XjhEd1/preview;33938
ZUN-000710;ZY85451-064;USZCZELKA GAŹNIK CYLINDER;papier;;0,05x3,5x5,6;YT-85451;YATO;Czesci_zamienne_YT-85451.pdf;matched_manifest;https://drive.google.com/file/d/1yOKvrhCkamy_9abFW1MZxuela2XjhEd1/preview;33939
ZUN-000698;ZY85451-065;GAŹNIK;aluminium/stal;;5,4x10,2x10,6;YT-85451;YATO;Czesci_zamienne_YT-85451.pdf;matched_manifest;https://drive.google.com/file/d/1yOKvrhCkamy_9abFW1MZxuela2XjhEd1/preview;33940
ZUN-000611;ZY85453-013;PIERŚCIEŃ ZABEZPIECZAJĄCY drut;stal;a-18/b-20/c-1mm;ø2x0,1;YT-85453;YATO;Czesci_zamienne_YT-85453.pdf;matched_manifest;https://drive.google.com/file/d/1AqMdOYgknJZwNLcnuDMbAgtAJl1EVwcc/preview;33950
ZUN-000660;ZY85453-014;TRZPIEŃ TŁOKA sworzeń;stal;ø13,8/ø18/53,8mm;ø1,8x5,38;YT-85453;YATO;Czesci_zamienne_YT-85453.pdf;matched_manifest;https://drive.google.com/file/d/1AqMdOYgknJZwNLcnuDMbAgtAJl1EVwcc/preview;33951
ZUN-000693;ZY85453-034;USZCZELKA GŁOWICY CYLINDRA;stal/tworzywo/stal;;0,07x9,8x11,2//0,15x9,8x11,2;YT-85453;YATO;Czesci_zamienne_YT-85453.pdf;matched_manifest;https://drive.google.com/file/d/1AqMdOYgknJZwNLcnuDMbAgtAJl1EVwcc/preview;33955
ZUN-000591;ZY85453-037;ŚWIECA ZAPŁONOWA;stal/porcelana;F6RTC;2x2,3x8;YT-85453;YATO;Czesci_zamienne_YT-85453.pdf;matched_manifest;https://drive.google.com/file/d/1AqMdOYgknJZwNLcnuDMbAgtAJl1EVwcc/preview;33956
ZUN-000645;ZY85453-044;USZCZELKA OLEJOWA simmering;tworzywo/stal;ø25/ø41,25/6mm;ø4,125x0,6;YT-85453;YATO;Czesci_zamienne_YT-85453.pdf;matched_manifest;https://drive.google.com/file/d/1AqMdOYgknJZwNLcnuDMbAgtAJl1EVwcc/preview;33958
ZUN-000707;ZY85453-062;USZCZELKA WLOTU POWIETRZA;papier;;0,06x3,37x5,65;YT-85453;YATO;Czesci_zamienne_YT-85453.pdf;matched_manifest;https://drive.google.com/file/d/1AqMdOYgknJZwNLcnuDMbAgtAJl1EVwcc/preview;33961
ZUN-000710;ZY85453-064;USZCZELKA GAŹNIK CYLINDER;papier;;0,05x3,5x5,6;YT-85453;YATO;Czesci_zamienne_YT-85453.pdf;matched_manifest;https://drive.google.com/file/d/1AqMdOYgknJZwNLcnuDMbAgtAJl1EVwcc/preview;33962
ZUN-000698;ZY85453-065;GAŹNIK;aluminium/stal;P19-E70 2212190421-15;5,4x10,2x10,6;YT-85453;YATO;Czesci_zamienne_YT-85453.pdf;matched_manifest;https://drive.google.com/file/d/1AqMdOYgknJZwNLcnuDMbAgtAJl1EVwcc/preview;33963
ZUN-000696;ZY85453-073;ZABEZPIECZENIE POZIOMU OLEJU;;;1,5x2,3x12,5;YT-85453;YATO;Czesci_zamienne_YT-85453.pdf;matched_manifest;https://drive.google.com/file/d/1AqMdOYgknJZwNLcnuDMbAgtAJl1EVwcc/preview;33967
ZUN-000043;ZY85453-116;ŁOŻYSKO KULKOWE 6202 2RS;;6202 2RS;ø3,5x1,1;YT-85453;YATO;Czesci_zamienne_YT-85453.pdf;matched_manifest;https://drive.google.com/file/d/1AqMdOYgknJZwNLcnuDMbAgtAJl1EVwcc/preview;33974
ZUN-000697;ZY85453-138;WŁĄCZNIK ZAPŁONU;;;;YT-85453;YATO;Czesci_zamienne_YT-85453.pdf;matched_manifest;https://drive.google.com/file/d/1AqMdOYgknJZwNLcnuDMbAgtAJl1EVwcc/preview;33976
ZUN-000663;ZY85460-044;TRZPIEŃ TŁOKA sworzeń;stal;ø14,9/ø20/62mm;ø2x6,2;YT-85460;YATO;Czesci_zamienne_YT-85460.pdf;matched_manifest;https://drive.google.com/file/d/15xlcSQpRFlrrZkE3GnjX2f2qp4eZtZyn/preview;33985
ZUN-000694;ZY85460-048;USZCZELKA GŁOWICY CYLINDRA;tworzywo/stal;;0,15x12,5x13,5;YT-85460;YATO;Czesci_zamienne_YT-85460.pdf;matched_manifest;https://drive.google.com/file/d/15xlcSQpRFlrrZkE3GnjX2f2qp4eZtZyn/preview;33988
ZUN-000593;ZY85460-050;ŚWIECA ZAPŁONOWA;stal/porcelana;F7RTC;2x2,3x8;YT-85460;YATO;Czesci_zamienne_YT-85460.pdf;matched_manifest;https://drive.google.com/file/d/15xlcSQpRFlrrZkE3GnjX2f2qp4eZtZyn/preview;33989
ZUN-000709;ZY85460-065;USZCZELKA GAŹNIK FILTR;papier;;0,05x3,74x6,3;YT-85460;YATO;Czesci_zamienne_YT-85460.pdf;matched_manifest;https://drive.google.com/file/d/15xlcSQpRFlrrZkE3GnjX2f2qp4eZtZyn/preview;33992
ZUN-000692;ZY85460-075;CEWKA ŁADUJĄCA;stal/miedź/tworzywo;SC 1308;2,2x2,8x11;YT-85460;YATO;Czesci_zamienne_YT-85460.pdf;matched_manifest;https://drive.google.com/file/d/15xlcSQpRFlrrZkE3GnjX2f2qp4eZtZyn/preview;34000
ZUN-000712;ZY85460-097;USZCZELKA TŁUMIKA;papier grafit;;0,15x4,6x7,3;YT-85460;YATO;Czesci_zamienne_YT-85460.pdf;matched_manifest;https://drive.google.com/file/d/15xlcSQpRFlrrZkE3GnjX2f2qp4eZtZyn/preview;34004
ZUN-000713;ZY85460-100;USZCZELKA TŁUMIKA;papier grafit;;0,15x4,6x7,3;YT-85460;YATO;Czesci_zamienne_YT-85460.pdf;matched_manifest;https://drive.google.com/file/d/15xlcSQpRFlrrZkE3GnjX2f2qp4eZtZyn/preview;34005
ZUN-000691;ZY85460-139;AKUMULATOR ŻELOWY;;6DM9 12V 9Ah;7,6x13x13,6;YT-85460;YATO;Czesci_zamienne_YT-85460.pdf;matched_manifest;https://drive.google.com/file/d/15xlcSQpRFlrrZkE3GnjX2f2qp4eZtZyn/preview;34015
ZUN-000695;ZY85460-146;KÓŁKO;tworzywo/stal;2,50-4 2PR;ø21x5,5;YT-85460;YATO;Czesci_zamienne_YT-85460.pdf;matched_manifest;https://drive.google.com/file/d/15xlcSQpRFlrrZkE3GnjX2f2qp4eZtZyn/preview;34016
ZUN-000157;ZY85481-25;USZCZELKA OLEJOWA simmering;stal/tworzywo;ø12/ø22/7mm;ø2,2x0,7;YT-85481;YATO;Czesci_zamienne_YT-85481.pdf;matched_manifest;https://drive.google.com/file/d/1Bt2fdH3mjE-8LD9A6fSvPvH0FdzQGZGP/preview;34028
ZUN-000163;ZY85481-44;ŚWIECA ZAPŁONOWA;stal/porcelana;L8RTF LD NHSP;1,9x2,1x5,35;YT-85481;YATO;Czesci_zamienne_YT-85481.pdf;matched_manifest;https://drive.google.com/file/d/1Bt2fdH3mjE-8LD9A6fSvPvH0FdzQGZGP/preview;34032
ZUN-000619;ZY85481-54;PIERŚCIEŃ TŁOKA;stal;a-38,3mm/b-41,5mm/1,5mm;ø4,1x0,15;YT-85481;YATO;Czesci_zamienne_YT-85481.pdf;matched_manifest;https://drive.google.com/file/d/1Bt2fdH3mjE-8LD9A6fSvPvH0FdzQGZGP/preview;34038
ZUN-000661;ZY85481-56;TRZPIEŃ TŁOKA sworzeń;stal;ø5,7/ø10/33mm;ø1x3,3;YT-85481;YATO;Czesci_zamienne_YT-85481.pdf;matched_manifest;https://drive.google.com/file/d/1Bt2fdH3mjE-8LD9A6fSvPvH0FdzQGZGP/preview;34040
ZUN-000605;ZY85481-57;PIERŚCIEŃ ZABEZPIECZAJĄCY;stal;b-11,5mm/ c-1mm;0,1x1x1,15;YT-85481;YATO;Czesci_zamienne_YT-85481.pdf;matched_manifest;https://drive.google.com/file/d/1Bt2fdH3mjE-8LD9A6fSvPvH0FdzQGZGP/preview;34041
ZUN-000605;ZY85481-58;PIERŚCIEŃ ZABEZPIECZAJĄCY;stal;b-11,5mm/ c-1mm;0,1x1x1,15;YT-85481;YATO;Czesci_zamienne_YT-85481.pdf;matched_manifest;https://drive.google.com/file/d/1Bt2fdH3mjE-8LD9A6fSvPvH0FdzQGZGP/preview;34042
ZUN-000162;ZY85481-59;KLIN CZÓŁENKOWY;;3/5/12mm;0,3x0,5x1,2;YT-85481;YATO;Czesci_zamienne_YT-85481.pdf;matched_manifest;https://drive.google.com/file/d/1Bt2fdH3mjE-8LD9A6fSvPvH0FdzQGZGP/preview;34043
ZUN-000156;ZY85481-63;USZCZELKA OLEJOWA simmering;tworzywo/stal;ø15/ø30/7mm;ø3x0,7;YT-85481;YATO;Czesci_zamienne_YT-85481.pdf;matched_manifest;https://drive.google.com/file/d/1Bt2fdH3mjE-8LD9A6fSvPvH0FdzQGZGP/preview;34045
ZUN-000593;ZY85486-A018;ŚWIECA ZAPŁONOWA;;F7RTC LG;2,1x2,3x8;YT-85486;YATO;Czesci_zamienne_YT-85486.pdf;matched_manifest;https://drive.google.com/file/d/1N2MBJ0v6N-5LTusoQDDbqKm7y8EsMmvC/preview;34199
ZUN-000246;ZY85600-H13;KLIN;;;0,4x0,4x1,2;YT-85600;YATO;Czesci_zamienne_YT-85600.pdf;matched_manifest;https://drive.google.com/file/d/1RPCpOYcuIz4uRvW3NaiSZ23wKKWei4fu/preview;34470
ZUN-000720;ZY85700-06;GNIAZDO WTYKOWE;;;5x5,2x6,2;YT-85700;YATO;Czesci_zamienne_YT-85700.pdf;matched_manifest;https://drive.google.com/file/d/1dRYTf9YwuUK6pfbrPJKghYO461PThLsM/preview;34489
ZUN-000288;ZY85700-11;KABEL ZASILAJĄCY Z WTYCZKĄ;;3x1,5mm/4,7m H05VV-F;3,6x9x34;YT-85700;YATO;Czesci_zamienne_YT-85700.pdf;matched_manifest;https://drive.google.com/file/d/1dRYTf9YwuUK6pfbrPJKghYO461PThLsM/preview;34491
ZUN-000721;ZY85700-16;GÓRNA USZCZELKA SILNIKA;;;ø15x0,9;YT-85700;YATO;Czesci_zamienne_YT-85700.pdf;matched_manifest;https://drive.google.com/file/d/1dRYTf9YwuUK6pfbrPJKghYO461PThLsM/preview;34494
ZUN-000719;ZY85700-18;DOLNA USZCZELKA SILNIKA;;;ø15x1,2;YT-85700;YATO;Czesci_zamienne_YT-85700.pdf;matched_manifest;https://drive.google.com/file/d/1dRYTf9YwuUK6pfbrPJKghYO461PThLsM/preview;34496
ZUN-000722;ZY85700-41;KOŁO MAŁE;;;3,9x4,8x6,7;YT-85700;YATO;Czesci_zamienne_YT-85700.pdf;matched_manifest;https://drive.google.com/file/d/1dRYTf9YwuUK6pfbrPJKghYO461PThLsM/preview;34513
ZUN-000723;ZY85700-48;SSAWKA MAŁA;;;3,6x9x12;YT-85700;YATO;Czesci_zamienne_YT-85700.pdf;matched_manifest;https://drive.google.com/file/d/1dRYTf9YwuUK6pfbrPJKghYO461PThLsM/preview;34518
ZUN-000720;ZY85701-06;GNIAZDO WTYKOWE;;;5x5,2x6,2;YT-85701;YATO;Czesci_zamienne_YT-85701.pdf;matched_manifest;https://drive.google.com/file/d/1zN2vFOBftpvTNkV4hWnCRhaSsXHH9eG6/preview;34521
ZUN-000288;ZY85701-11;KABEL ZASILAJĄCY Z WTYCZKĄ;;3x1,5mm/4,7m;3,6x9x34;YT-85701;YATO;Czesci_zamienne_YT-85701.pdf;matched_manifest;https://drive.google.com/file/d/1zN2vFOBftpvTNkV4hWnCRhaSsXHH9eG6/preview;34523
ZUN-000721;ZY85701-16;USZCZELKA SILNIKA GÓRNA;;;ø15x0,9;YT-85701;YATO;Czesci_zamienne_YT-85701.pdf;matched_manifest;https://drive.google.com/file/d/1zN2vFOBftpvTNkV4hWnCRhaSsXHH9eG6/preview;34526
ZUN-000719;ZY85701-18;USZCZELKA SILNIKA DOLNA;;;ø15x1,2;YT-85701;YATO;Czesci_zamienne_YT-85701.pdf;matched_manifest;https://drive.google.com/file/d/1zN2vFOBftpvTNkV4hWnCRhaSsXHH9eG6/preview;34528
ZUN-000722;ZY85701-41;KOŁO MAŁE;;;3,9x4,8x6,7;YT-85701;YATO;Czesci_zamienne_YT-85701.pdf;matched_manifest;https://drive.google.com/file/d/1zN2vFOBftpvTNkV4hWnCRhaSsXHH9eG6/preview;34540
ZUN-000723;ZY85701-45;SSAWKA SZCZELINOWA MAŁA;;;ø3,6x20,5;YT-85701;YATO;Czesci_zamienne_YT-85701.pdf;matched_manifest;https://drive.google.com/file/d/1zN2vFOBftpvTNkV4hWnCRhaSsXHH9eG6/preview;34542
ZUN-000724;ZY85701-48;SSAWKA MAŁA;;;3,6x9x12;YT-85701;YATO;Czesci_zamienne_YT-85701.pdf;matched_manifest;https://drive.google.com/file/d/1zN2vFOBftpvTNkV4hWnCRhaSsXHH9eG6/preview;34545
ZUN-000577;ZY85710-03;WŁĄCZNIK;;KR-06 250V 16(12)A T85 1E4 GAOTIAN;3,18x4,56x5,54;YT-85710;YATO;Czesci_zamienne_YT-85710.pdf;matched_manifest;https://drive.google.com/file/d/1yW5T5Q15jzwW1HCztfKnRLs1JSTsw8Um/preview;34547
ZUN-000720;ZY85710-07;GNIAZDO WTYKOWE;;;5x5,2x6,2;YT-85710;YATO;Czesci_zamienne_YT-85710.pdf;matched_manifest;https://drive.google.com/file/d/1yW5T5Q15jzwW1HCztfKnRLs1JSTsw8Um/preview;34548
ZUN-000276;ZY85710-11;KABEL ZASILAJĄCY Z WTYCZKĄ;;2x0,75mm/4,7m;3,5x8,5x28;YT-85710;YATO;Czesci_zamienne_YT-85710.pdf;matched_manifest;https://drive.google.com/file/d/1yW5T5Q15jzwW1HCztfKnRLs1JSTsw8Um/preview;34551
ZUN-000721;ZY85710-14;USZCZELKA SILNIKA GÓRNA;;;ø15x0,9;YT-85710;YATO;Czesci_zamienne_YT-85710.pdf;matched_manifest;https://drive.google.com/file/d/1yW5T5Q15jzwW1HCztfKnRLs1JSTsw8Um/preview;34552
ZUN-000719;ZY85710-18;USZCZELKA SILNIKA DOLNA;;;ø15x1,2;YT-85710;YATO;Czesci_zamienne_YT-85710.pdf;matched_manifest;https://drive.google.com/file/d/1yW5T5Q15jzwW1HCztfKnRLs1JSTsw8Um/preview;34556
ZUN-000720;ZY85715-22;GNIAZDO WTYKOWE;;YGB-038 16A/250V tablicowe;5x5,3x6,1;YT-85715;YATO;Czesci_zamienne_YT-85715.pdf;matched_manifest;https://drive.google.com/file/d/1zs4MevReKjPKZ81rusd0q6mNIEmNBn3A/preview;34590
ZUN-000288;ZY85715-50;KABEL ZASILAJĄCY Z WTYCZKĄ;;3x1,5mm/4,3m;3,6x9x34;YT-85715;YATO;Czesci_zamienne_YT-85715.pdf;matched_manifest;https://drive.google.com/file/d/1zs4MevReKjPKZ81rusd0q6mNIEmNBn3A/preview;34610
ZUN-000724;ZY85715-51;SSAWKA SZCZOTKA MAŁA;;;3,6x9x12;YT-85715;YATO;Czesci_zamienne_YT-85715.pdf;matched_manifest;https://drive.google.com/file/d/1zs4MevReKjPKZ81rusd0q6mNIEmNBn3A/preview;34611
ZUN-000723;ZY85715-52;SSAWKA SZCZELINOWA MAŁA;;;ø3,6x20,5;YT-85715;YATO;Czesci_zamienne_YT-85715.pdf;matched_manifest;https://drive.google.com/file/d/1zs4MevReKjPKZ81rusd0q6mNIEmNBn3A/preview;34612
ZUN-000723;ZY85716-68;SSAWKA MAŁA;;;ø3,6x20,5;YT-85716;YATO;Czesci_zamienne_YT-85716.pdf;matched_manifest;https://drive.google.com/file/d/1CiiqOTcdEF_lDldabuPbq4DUsoMYzg2C/preview;34653
ZUN-000722;ZY85720-32;KOŁO;;;3,8x4,9x6,8;YT-85720;YATO;Czesci_zamienne_YT-85720.pdf;matched_manifest;https://drive.google.com/file/d/1WEbgA7eZw6vZgwyvLaaPoKlQF9zXGlm9/preview;34666
ZUN-000254;ZY85800-03;KULKA STALOWA ø4mm;;ø4mm;;YT-85800;YATO;Czesci_zamienne_YT-85800.pdf;matched_manifest;https://drive.google.com/file/d/1EUvPh5KIZMI2bej4Xn5oJBmFFzjF1dFX/preview;34675
ZUN-000094;ZY85800-11;ŁOŻYSKO KULKOWE 6902 2Z;;6902 2Z ø15/ø28/7mm;ø2,8x0,7;YT-85800;YATO;Czesci_zamienne_YT-85800.pdf;matched_manifest;https://drive.google.com/file/d/1EUvPh5KIZMI2bej4Xn5oJBmFFzjF1dFX/preview;34680
ZUN-000048;ZY86158-061;ŁOŻYSKO 6205 2Z;;6205 2Z;;YT-86158;YATO;Czesci_zamienne_YT-86158.pdf;matched_manifest;https://drive.google.com/file/d/1kkvSxe4wXJGxqw-S7bXLFO7iVRWKFqQb/preview;35097
ZUN-000657;ZY86240-11;TRZPIEŃ TŁOKA sworzeń;stal;ø7,5/ø11/33,3mm / tłok ø4x4;ø1,1x3,3;YT-86240;YATO;Czesci_zamienne_YT-86240.pdf;matched_manifest;https://drive.google.com/file/d/1C2ocXWkiaYVFXupTCgygRqDMpAvXgKXb/preview;35185
ZUN-000129;ZY86240-12;PIERŚCIEŃ ZABEZPIECZAJĄCY;stal;b-12,3mm/ c-1,2mm;0,1x1,1x1,3;YT-86240;YATO;Czesci_zamienne_YT-86240.pdf;matched_manifest;https://drive.google.com/file/d/1C2ocXWkiaYVFXupTCgygRqDMpAvXgKXb/preview;35186
ZUN-000619;ZY86240-13;PIERŚCIEŃ TŁOKA;stal;a-38,3mm/b-41,5mm/1,5mm;ø4,1x0,15;YT-86240;YATO;Czesci_zamienne_YT-86240.pdf;matched_manifest;https://drive.google.com/file/d/1C2ocXWkiaYVFXupTCgygRqDMpAvXgKXb/preview;35187
ZUN-000589;ZY86240-22;ŚWIECA ZAPŁONOWA;stal/porcelana;4106J TORCH//4106J CDK//4106J Vicita;2x2,3x6,8;YT-86240;YATO;Czesci_zamienne_YT-86240.pdf;matched_manifest;https://drive.google.com/file/d/1C2ocXWkiaYVFXupTCgygRqDMpAvXgKXb/preview;35191
ZUN-000549;ZY99500-07;PRZEŁĄCZNIK WODOODPORNY z podświetleniem;;KCD1 16A 250V;1,8x3,55x4,15;YT-99500;YATO;Czesci_zamienne_YT-99500.pdf;matched_manifest;https://drive.google.com/file/d/1VjCsYWYcOYu0HfCUCadnU2K32khErwqP/preview;35224
ZUN-000549;ZY99501-09;PRZEŁĄCZNIK WODOODPORNY z podświetleniem;;KCD1 16A 250V;1,8x3,55x4,15;YT-99501;YATO;Czesci_zamienne_YT-99501.pdf;matched_manifest;https://drive.google.com/file/d/1O3lm44Yuxva9KBlPcEvYpobiaLMy_bT_/preview;35229
ZUN-000549;ZY99531-08;PRZEŁĄCZNIK WODOODPORNY z podświetleniem;;KCD1 16A 250V;1,8x3,55x4,15;YT-99531;YATO;Czesci_zamienne_YT-99531.pdf;matched_manifest;https://drive.google.com/file/d/1nN53C1z4gsNi6egaJa18MXwzSucUCxRC/preview;35237
ZUN-000549;ZY99536-16;PRZEŁĄCZNIK WODOODPORNY z podświetleniem;;KCD1 16A 250V;1,8x3,55x4,15;YT-99536;YATO;Czesci_zamienne_YT-99536.pdf;matched_manifest;https://drive.google.com/file/d/1bzSdk-vOa-CYO93O0_qHf_f22UJUHnAH/preview;35244
ZUN-000567;ZY99730-20;WŁĄCZNIK;;RK1-01 16(6)A T100/55 SOKEN;3x3,6x3,7;YT-99730;YATO;Czesci_zamienne_YT-99730.pdf;matched_manifest;https://drive.google.com/file/d/1fJ3xNKhf0i14p9Fm4uS469JiP9HONWqt/preview;35331
ZUN-000567;ZY99733-22;WŁĄCZNIK;;RK1-01 16(6)A T100/55 SOKEN;;YT-99733;YATO;Czesci_zamienne_YT-99733.pdf;matched_manifest;https://drive.google.com/file/d/1jV05HrUj4XmoREnY30wHNp9y2vqpsMqr/preview;35341
